"ID","Gemeinde_color","Ja_Stimmen_In_Prozent","Nein_Stimmen_In_Prozent","Gemeinde_de","Text_de","link_wappen"
301,27.9,27.9,72.1,"Aarberg BE","72,1 Prozent der Stimmbürgerinnen und Stimmbürger von Aarberg haben die Neutralitätsinitiative abgelehnt. Sowohl Aarberg als auch der Kanton Bern verwerfen die Neutralitätsinitiative.","https://thumb.wikimedia.org/wikipedia/commons/thumb/b/be/CHE_Aarberg_BE_COA.svg/500px-CHE_Aarberg_BE_COA.svg.png"
302,31.5,31.5,68.5,"Bargen BE","68,5 Prozent der Stimmbürgerinnen und Stimmbürger von Bargen BE sprechen sich gegen die Neutralitätsinitiative aus. Sowohl Bargen BE als auch der Kanton Bern verwerfen die Neutralitätsinitiative.","https://thumb.wikimedia.org/wikipedia/commons/thumb/7/77/CHE_Bargen_BE_COA.svg/500px-CHE_Bargen_BE_COA.svg.png"
303,26,26,74,"Grossaffoltern BE","Mit 74 Prozent wird die Neutralitätsinitiative in Grossaffoltern verworfen. Sowohl Grossaffoltern als auch der Kanton Bern verwerfen die Neutralitätsinitiative.","https://thumb.wikimedia.org/wikipedia/commons/thumb/2/23/CHE_Grossaffoltern_BE_COA.svg/500px-CHE_Grossaffoltern_BE_COA.svg.png"
304,27,27,73,"Kallnach BE","Nein zur Neutralitätsinitiative in Kallnach: 73 Prozent. Sowohl Kallnach als auch der Kanton Bern verwerfen die Neutralitätsinitiative.","https://thumb.wikimedia.org/wikipedia/commons/thumb/1/17/CHE_Kallnach_COA.svg/500px-CHE_Kallnach_COA.svg.png"
305,31.8,31.8,68.2,"Kappelen BE","68,2 Prozent der Stimmbürgerinnen und Stimmbürger von Kappelen sprechen sich gegen die Neutralitätsinitiative aus. Sowohl Kappelen als auch der Kanton Bern verwerfen die Neutralitätsinitiative.","https://thumb.wikimedia.org/wikipedia/commons/thumb/7/72/CHE_Kappelen_BE_COA.svg/500px-CHE_Kappelen_BE_COA.svg.png"
306,22.9,22.9,77.1,"Lyss BE","77,1 Prozent der Stimmbürgerinnen und Stimmbürger von Lyss haben die Neutralitätsinitiative abgelehnt. Sowohl Lyss als auch der Kanton Bern verwerfen die Neutralitätsinitiative.","https://thumb.wikimedia.org/wikipedia/commons/thumb/8/88/CHE_Lyss_COA.svg/500px-CHE_Lyss_COA.svg.png"
307,22.4,22.4,77.6,"Meikirch BE","In Meikirch ist die Neutralitätsinitiative mit 77,6 Prozent der Stimmen gescheitert. Sowohl Meikirch als auch der Kanton Bern verwerfen die Neutralitätsinitiative.","https://thumb.wikimedia.org/wikipedia/commons/thumb/f/f0/CHE_Meikirch_COA.svg/500px-CHE_Meikirch_COA.svg.png"
309,30.4,30.4,69.6,"Radelfingen BE","69,6 Prozent der Stimmbürgerinnen und Stimmbürger von Radelfingen haben die Neutralitätsinitiative abgelehnt. Sowohl Radelfingen als auch der Kanton Bern verwerfen die Neutralitätsinitiative.","https://thumb.wikimedia.org/wikipedia/commons/thumb/0/05/CHE_Radelfingen_BE_COA.svg/500px-CHE_Radelfingen_BE_COA.svg.png"
310,28.4,28.4,71.6,"Rapperswil BE","71,6 Prozent der Stimmbürgerinnen und Stimmbürger von Rapperswil BE haben die Neutralitätsinitiative abgelehnt. Sowohl Rapperswil BE als auch der Kanton Bern verwerfen die Neutralitätsinitiative.","https://thumb.wikimedia.org/wikipedia/commons/thumb/8/8f/CHE_Rapperswil_BE_official_COA.svg/500px-CHE_Rapperswil_BE_official_COA.svg.png"
311,24.8,24.8,75.2,"Schüpfen BE","Mit 75,2 Prozent wird die Neutralitätsinitiative in Schüpfen verworfen. Sowohl Schüpfen als auch der Kanton Bern verwerfen die Neutralitätsinitiative.","https://thumb.wikimedia.org/wikipedia/commons/thumb/8/8e/CHE_Sch%C3%BCpfen_BE_COA.svg/500px-CHE_Sch%C3%BCpfen_BE_COA.svg.png"
312,34.3,34.3,65.7,"Seedorf BE","In Seedorf BE ist die Neutralitätsinitiative mit 65,7 Prozent der Stimmen gescheitert. Sowohl Seedorf BE als auch der Kanton Bern verwerfen die Neutralitätsinitiative.","https://thumb.wikimedia.org/wikipedia/commons/thumb/7/7a/CHE_Seedorf_BE_COA.svg/960px-CHE_Seedorf_BE_COA.svg.png"
321,29.2,29.2,70.8,"Aarwangen BE","In Aarwangen ist die Neutralitätsinitiative mit 70,8 Prozent der Stimmen gescheitert. Sowohl Aarwangen als auch der Kanton Bern verwerfen die Neutralitätsinitiative.","https://thumb.wikimedia.org/wikipedia/commons/thumb/d/dd/CHE_Aarwangen_COA.svg/960px-CHE_Aarwangen_COA.svg.png"
322,44.6,44.6,55.4,"Auswil BE","Nein zur Neutralitätsinitiative in Auswil: 55,4 Prozent. Sowohl Auswil als auch der Kanton Bern verwerfen die Neutralitätsinitiative.","https://thumb.wikimedia.org/wikipedia/commons/thumb/0/07/CHE_Auswil_COA.svg/960px-CHE_Auswil_COA.svg.png"
323,43.9,43.9,56.1,"Bannwil BE","56,1 Prozent der Stimmbürgerinnen und Stimmbürger von Bannwil haben die Neutralitätsinitiative abgelehnt. Sowohl Bannwil als auch der Kanton Bern verwerfen die Neutralitätsinitiative.","https://thumb.wikimedia.org/wikipedia/commons/thumb/b/b3/CHE_Bannwil_COA.svg/500px-CHE_Bannwil_COA.svg.png"
324,35.6,35.6,64.4,"Bleienbach BE","In Bleienbach ist die Neutralitätsinitiative mit 64,4 Prozent der Stimmen gescheitert. Sowohl Bleienbach als auch der Kanton Bern verwerfen die Neutralitätsinitiative.","https://thumb.wikimedia.org/wikipedia/commons/thumb/c/ce/CHE_Bleienbach_COA.svg/960px-CHE_Bleienbach_COA.svg.png"
325,31.8,31.8,68.2,"Busswil bei Melchnau BE","Mit 58 Nein- zu 27 Ja-Stimmen lehnt Busswil bei Melchnau die Neutralitätsinitiative ab. Sowohl Busswil bei Melchnau als auch der Kanton Bern verwerfen die Neutralitätsinitiative.","https://thumb.wikimedia.org/wikipedia/commons/thumb/f/f7/CHE_Busswil_bei_Melchnau_COA.svg/500px-CHE_Busswil_bei_Melchnau_COA.svg.png"
326,46.7,46.7,53.3,"Gondiswil BE","Nein zur Neutralitätsinitiative in Gondiswil: 53,3 Prozent. Sowohl Gondiswil als auch der Kanton Bern verwerfen die Neutralitätsinitiative.","https://thumb.wikimedia.org/wikipedia/commons/thumb/f/f4/CHE_Gondiswil_COA.svg/960px-CHE_Gondiswil_COA.svg.png"
329,23.5,23.5,76.5,"Langenthal BE","76,5 Prozent der Stimmbürgerinnen und Stimmbürger von Langenthal sprechen sich gegen die Neutralitätsinitiative aus. Sowohl Langenthal als auch der Kanton Bern verwerfen die Neutralitätsinitiative.","https://thumb.wikimedia.org/wikipedia/commons/thumb/f/f2/CHE_Langenthal_COA.svg/960px-CHE_Langenthal_COA.svg.png"
331,31.6,31.6,68.4,"Lotzwil BE","In Lotzwil ist die Neutralitätsinitiative mit 68,4 Prozent der Stimmen gescheitert. Sowohl Lotzwil als auch der Kanton Bern verwerfen die Neutralitätsinitiative.","https://thumb.wikimedia.org/wikipedia/commons/thumb/6/64/CHE_Lotzwil_COA.svg/500px-CHE_Lotzwil_COA.svg.png"
332,35.4,35.4,64.6,"Madiswil BE","Mit 64,6 Prozent wird die Neutralitätsinitiative in Madiswil verworfen. Sowohl Madiswil als auch der Kanton Bern verwerfen die Neutralitätsinitiative.","https://thumb.wikimedia.org/wikipedia/commons/thumb/4/45/CHE_Madiswil_COA.svg/500px-CHE_Madiswil_COA.svg.png"
333,36.6,36.6,63.4,"Melchnau BE","In Melchnau ist die Neutralitätsinitiative mit 63,4 Prozent der Stimmen gescheitert. Sowohl Melchnau als auch der Kanton Bern verwerfen die Neutralitätsinitiative.","https://thumb.wikimedia.org/wikipedia/commons/thumb/e/e7/CHE_Melchnau_COA.svg/500px-CHE_Melchnau_COA.svg.png"
335,46.8,46.8,53.2,"Oeschenbach BE","Oeschenbach verwirft die Neutralitätsinitiative mit 42 zu 37 Stimmen. Sowohl Oeschenbach als auch der Kanton Bern verwerfen die Neutralitätsinitiative.","https://thumb.wikimedia.org/wikipedia/commons/thumb/a/a7/CHE_Oeschenbach_COA.svg/500px-CHE_Oeschenbach_COA.svg.png"
336,53,53,47,"Reisiswil BE","Mit 35 Ja- zu 31 Nein-Stimmen nimmt Reisiswil die Neutralitätsinitiative an. Reisiswil sagt Ja zur Neutralitätsinitiative, im Kanton Bern überwiegt das Nein.","https://thumb.wikimedia.org/wikipedia/commons/thumb/5/5b/CHE_Reisiswil_COA.svg/500px-CHE_Reisiswil_COA.svg.png"
337,30.5,30.5,69.5,"Roggwil BE","69,5 Prozent der Stimmbürgerinnen und Stimmbürger von Roggwil BE sprechen sich gegen die Neutralitätsinitiative aus. Sowohl Roggwil BE als auch der Kanton Bern verwerfen die Neutralitätsinitiative.","https://thumb.wikimedia.org/wikipedia/commons/thumb/e/e0/CHE_Roggwil_BE_COA.svg/500px-CHE_Roggwil_BE_COA.svg.png"
338,34.9,34.9,65.1,"Rohrbach BE","In Rohrbach ist die Neutralitätsinitiative mit 65,1 Prozent der Stimmen gescheitert. Sowohl Rohrbach als auch der Kanton Bern verwerfen die Neutralitätsinitiative.","https://thumb.wikimedia.org/wikipedia/commons/thumb/8/81/CHE_Rohrbach_COA.svg/960px-CHE_Rohrbach_COA.svg.png"
339,58.5,58.5,41.5,"Rohrbachgraben BE","Rohrbachgraben stimmt der Neutralitätsinitiative mit 58,5 Prozent zu. Rohrbachgraben sagt Ja zur Neutralitätsinitiative, im Kanton Bern überwiegt das Nein.","https://thumb.wikimedia.org/wikipedia/commons/thumb/8/86/CHE_Rohrbachgraben_COA.svg/500px-CHE_Rohrbachgraben_COA.svg.png"
340,36.4,36.4,63.6,"Rütschelen BE","63,6 Prozent der Stimmbürgerinnen und Stimmbürger von Rütschelen sprechen sich gegen die Neutralitätsinitiative aus. Sowohl Rütschelen als auch der Kanton Bern verwerfen die Neutralitätsinitiative.","https://thumb.wikimedia.org/wikipedia/commons/thumb/c/c1/CHE_R%C3%BCtschelen_COA.svg/960px-CHE_R%C3%BCtschelen_COA.svg.png"
341,43.4,43.4,56.6,"Schwarzhäusern BE","56,6 Prozent der Stimmbürgerinnen und Stimmbürger von Schwarzhäusern haben die Neutralitätsinitiative abgelehnt. Sowohl Schwarzhäusern als auch der Kanton Bern verwerfen die Neutralitätsinitiative.","https://thumb.wikimedia.org/wikipedia/commons/thumb/5/5b/CHE_Schwarzh%C3%A4usern_COA.svg/500px-CHE_Schwarzh%C3%A4usern_COA.svg.png"
342,30.7,30.7,69.3,"Thunstetten BE","In Thunstetten ist die Neutralitätsinitiative mit 69,3 Prozent der Stimmen gescheitert. Sowohl Thunstetten als auch der Kanton Bern verwerfen die Neutralitätsinitiative.","https://thumb.wikimedia.org/wikipedia/commons/thumb/e/e5/CHE_Thunstetten_COA.svg/500px-CHE_Thunstetten_COA.svg.png"
344,41.6,41.6,58.4,"Ursenbach BE","Mit 58,4 Prozent wird die Neutralitätsinitiative in Ursenbach verworfen. Sowohl Ursenbach als auch der Kanton Bern verwerfen die Neutralitätsinitiative.","https://thumb.wikimedia.org/wikipedia/commons/thumb/0/08/CHE_Ursenbach_COA.svg/500px-CHE_Ursenbach_COA.svg.png"
345,26.7,26.7,73.3,"Wynau BE","Nein zur Neutralitätsinitiative in Wynau: 73,3 Prozent. Sowohl Wynau als auch der Kanton Bern verwerfen die Neutralitätsinitiative.","https://thumb.wikimedia.org/wikipedia/commons/thumb/a/ab/CHE_Wynau_COA.svg/500px-CHE_Wynau_COA.svg.png"
351,11.1,11.1,88.9,"Bern BE","Nirgendwo in der Schweiz ist der Nein-Anteil zur Neutralitätsinitiative höher als in Bern, 88,9 Prozent lehnen ab. Bern verzeichnet im Kanton Bern den höchsten Nein-Anteil zur Neutralitätsinitiative.","https://thumb.wikimedia.org/wikipedia/commons/thumb/9/91/CHE_Bern_BE_COA.svg/960px-CHE_Bern_BE_COA.svg.png"
352,15.6,15.6,84.4,"Bolligen BE","84,4 Prozent der Stimmbürgerinnen und Stimmbürger von Bolligen haben die Neutralitätsinitiative abgelehnt. Sowohl Bolligen als auch der Kanton Bern verwerfen die Neutralitätsinitiative.","https://thumb.wikimedia.org/wikipedia/commons/thumb/b/ba/CHE_Bolligen_COA.svg/500px-CHE_Bolligen_COA.svg.png"
353,14.7,14.7,85.3,"Bremgarten bei Bern BE","In Bremgarten bei Bern ist die Neutralitätsinitiative mit 85,3 Prozent der Stimmen gescheitert. Sowohl Bremgarten bei Bern als auch der Kanton Bern verwerfen die Neutralitätsinitiative.","https://thumb.wikimedia.org/wikipedia/commons/thumb/1/1f/CHE_Bremgarten_bei_Bern_COA.svg/500px-CHE_Bremgarten_bei_Bern_COA.svg.png"
354,18.4,18.4,81.6,"Kirchlindach BE","In Kirchlindach ist die Neutralitätsinitiative mit 81,6 Prozent der Stimmen gescheitert. Sowohl Kirchlindach als auch der Kanton Bern verwerfen die Neutralitätsinitiative.","https://thumb.wikimedia.org/wikipedia/commons/thumb/0/0f/CHE_Kirchlindach_COA.svg/500px-CHE_Kirchlindach_COA.svg.png"
355,16.4,16.4,83.6,"Köniz BE","Nein zur Neutralitätsinitiative in Köniz: 83,6 Prozent. Sowohl Köniz als auch der Kanton Bern verwerfen die Neutralitätsinitiative.","https://thumb.wikimedia.org/wikipedia/commons/thumb/e/e3/CHE_K%C3%B6niz_COA.svg/960px-CHE_K%C3%B6niz_COA.svg.png"
356,16.6,16.6,83.4,"Muri bei Bern BE","In Muri bei Bern ist die Neutralitätsinitiative mit 83,4 Prozent der Stimmen gescheitert. Sowohl Muri bei Bern als auch der Kanton Bern verwerfen die Neutralitätsinitiative.","https://thumb.wikimedia.org/wikipedia/commons/thumb/8/85/CHE_Muri_bei_Bern_COA.svg/500px-CHE_Muri_bei_Bern_COA.svg.png"
357,42.8,42.8,57.2,"Oberbalm BE","57,2 Prozent der Stimmbürgerinnen und Stimmbürger von Oberbalm sprechen sich gegen die Neutralitätsinitiative aus. Sowohl Oberbalm als auch der Kanton Bern verwerfen die Neutralitätsinitiative.","https://thumb.wikimedia.org/wikipedia/commons/thumb/5/5b/CHE_Oberbalm_COA.svg/500px-CHE_Oberbalm_COA.svg.png"
358,19.1,19.1,80.9,"Stettlen BE","In Stettlen ist die Neutralitätsinitiative mit 80,9 Prozent der Stimmen gescheitert. Sowohl Stettlen als auch der Kanton Bern verwerfen die Neutralitätsinitiative.","https://thumb.wikimedia.org/wikipedia/commons/thumb/9/9d/CHE_Stettlen_COA.svg/500px-CHE_Stettlen_COA.svg.png"
359,23.8,23.8,76.2,"Vechigen BE","76,2 Prozent der Stimmbürgerinnen und Stimmbürger von Vechigen haben die Neutralitätsinitiative abgelehnt. Sowohl Vechigen als auch der Kanton Bern verwerfen die Neutralitätsinitiative.","https://thumb.wikimedia.org/wikipedia/commons/thumb/d/df/CHE_Vechigen_COA.svg/500px-CHE_Vechigen_COA.svg.png"
360,18.3,18.3,81.7,"Wohlen bei Bern BE","In Wohlen bei Bern ist die Neutralitätsinitiative mit 81,7 Prozent der Stimmen gescheitert. Sowohl Wohlen bei Bern als auch der Kanton Bern verwerfen die Neutralitätsinitiative.","https://thumb.wikimedia.org/wikipedia/commons/thumb/d/de/CHE_Wohlen_bei_Bern_COA.svg/500px-CHE_Wohlen_bei_Bern_COA.svg.png"
361,19.3,19.3,80.7,"Zollikofen BE","80,7 Prozent der Stimmbürgerinnen und Stimmbürger von Zollikofen haben die Neutralitätsinitiative abgelehnt. Sowohl Zollikofen als auch der Kanton Bern verwerfen die Neutralitätsinitiative.","https://thumb.wikimedia.org/wikipedia/commons/thumb/7/72/CHE_Zollikofen_COA.svg/500px-CHE_Zollikofen_COA.svg.png"
362,20.5,20.5,79.5,"Ittigen BE","79,5 Prozent der Stimmbürgerinnen und Stimmbürger von Ittigen haben die Neutralitätsinitiative abgelehnt. Sowohl Ittigen als auch der Kanton Bern verwerfen die Neutralitätsinitiative.","https://thumb.wikimedia.org/wikipedia/commons/thumb/2/21/CHE_Ittigen_COA.svg/960px-CHE_Ittigen_COA.svg.png"
363,20.3,20.3,79.7,"Ostermundigen BE","79,7 Prozent der Stimmbürgerinnen und Stimmbürger von Ostermundigen haben die Neutralitätsinitiative abgelehnt. Sowohl Ostermundigen als auch der Kanton Bern verwerfen die Neutralitätsinitiative.","https://thumb.wikimedia.org/wikipedia/commons/thumb/0/08/CHE_Ostermundigen_COA.svg/500px-CHE_Ostermundigen_COA.svg.png"
371,21.2,21.2,78.8,"Biel BE","In Biel BE ist die Neutralitätsinitiative mit 78,8 Prozent der Stimmen gescheitert. Sowohl Biel BE als auch der Kanton Bern verwerfen die Neutralitätsinitiative.","https://thumb.wikimedia.org/wikipedia/commons/thumb/3/39/CHE_Biel_COA.svg/960px-CHE_Biel_COA.svg.png"
372,21.1,21.1,78.9,"Leubringen BE","Nein zur Neutralitätsinitiative in Leubringen: 78,9 Prozent. Sowohl Leubringen als auch der Kanton Bern verwerfen die Neutralitätsinitiative.","https://thumb.wikimedia.org/wikipedia/commons/thumb/5/5b/CHE_Evilard_COA.svg/500px-CHE_Evilard_COA.svg.png"
381,40.3,40.3,59.7,"Arch BE","In Arch ist die Neutralitätsinitiative mit 59,7 Prozent der Stimmen gescheitert. Sowohl Arch als auch der Kanton Bern verwerfen die Neutralitätsinitiative.","https://thumb.wikimedia.org/wikipedia/commons/thumb/4/48/CHE_Arch_COA.svg/500px-CHE_Arch_COA.svg.png"
382,37.6,37.6,62.4,"Büetigen BE","Mit 62,4 Prozent wird die Neutralitätsinitiative in Büetigen verworfen. Sowohl Büetigen als auch der Kanton Bern verwerfen die Neutralitätsinitiative.","https://thumb.wikimedia.org/wikipedia/commons/thumb/e/e0/CHE_B%C3%BCetigen_COA.svg/500px-CHE_B%C3%BCetigen_COA.svg.png"
383,28.9,28.9,71.1,"Büren an der Aare BE","Nein zur Neutralitätsinitiative in Büren an der Aare: 71,1 Prozent. Sowohl Büren an der Aare als auch der Kanton Bern verwerfen die Neutralitätsinitiative.","https://thumb.wikimedia.org/wikipedia/commons/thumb/5/55/CHE_B%C3%BCren_an_der_Aare_COA.svg/500px-CHE_B%C3%BCren_an_der_Aare_COA.svg.png"
385,31,31,69,"Diessbach bei Büren BE","In Diessbach bei Büren ist die Neutralitätsinitiative mit 69 Prozent der Stimmen gescheitert. Sowohl Diessbach bei Büren als auch der Kanton Bern verwerfen die Neutralitätsinitiative.","https://thumb.wikimedia.org/wikipedia/commons/thumb/1/1b/CHE_Diessbach_bei_B%C3%BCren_COA.svg/500px-CHE_Diessbach_bei_B%C3%BCren_COA.svg.png"
386,32.6,32.6,67.4,"Dotzigen BE","67,4 Prozent der Stimmbürgerinnen und Stimmbürger von Dotzigen sprechen sich gegen die Neutralitätsinitiative aus. Sowohl Dotzigen als auch der Kanton Bern verwerfen die Neutralitätsinitiative.","https://thumb.wikimedia.org/wikipedia/commons/thumb/a/aa/CHE_Dotzigen_BE_COA.svg/500px-CHE_Dotzigen_BE_COA.svg.png"
387,31.6,31.6,68.4,"Lengnau BE","In Lengnau BE ist die Neutralitätsinitiative mit 68,4 Prozent der Stimmen gescheitert. Sowohl Lengnau BE als auch der Kanton Bern verwerfen die Neutralitätsinitiative.","https://thumb.wikimedia.org/wikipedia/commons/thumb/d/dd/CHE_Lengnau_BE_COA.svg/500px-CHE_Lengnau_BE_COA.svg.png"
388,35.2,35.2,64.8,"Leuzigen BE","64,8 Prozent der Stimmbürgerinnen und Stimmbürger von Leuzigen haben die Neutralitätsinitiative abgelehnt. Sowohl Leuzigen als auch der Kanton Bern verwerfen die Neutralitätsinitiative.","https://thumb.wikimedia.org/wikipedia/commons/thumb/b/ba/CHE_Leuzigen_COA.svg/500px-CHE_Leuzigen_COA.svg.png"
390,37,37,63,"Meinisberg BE","Nein zur Neutralitätsinitiative in Meinisberg: 63 Prozent. Sowohl Meinisberg als auch der Kanton Bern verwerfen die Neutralitätsinitiative.","https://thumb.wikimedia.org/wikipedia/commons/thumb/9/99/CHE_Meinisberg_COA.svg/500px-CHE_Meinisberg_COA.svg.png"
391,36.4,36.4,63.6,"Oberwil bei Büren BE","63,6 Prozent der Stimmbürgerinnen und Stimmbürger von Oberwil bei Büren haben die Neutralitätsinitiative abgelehnt. Sowohl Oberwil bei Büren als auch der Kanton Bern verwerfen die Neutralitätsinitiative.","https://thumb.wikimedia.org/wikipedia/commons/thumb/0/08/CHE_Oberwil_bei_B%C3%BCren_COA.svg/960px-CHE_Oberwil_bei_B%C3%BCren_COA.svg.png"
392,30.5,30.5,69.5,"Pieterlen BE","69,5 Prozent der Stimmbürgerinnen und Stimmbürger von Pieterlen haben die Neutralitätsinitiative abgelehnt. Sowohl Pieterlen als auch der Kanton Bern verwerfen die Neutralitätsinitiative.","https://thumb.wikimedia.org/wikipedia/commons/thumb/b/bc/CHE_Pieterlen_COA.svg/500px-CHE_Pieterlen_COA.svg.png"
393,35.2,35.2,64.8,"Rüti bei Büren BE","In Rüti bei Büren ist die Neutralitätsinitiative mit 64,8 Prozent der Stimmen gescheitert. Sowohl Rüti bei Büren als auch der Kanton Bern verwerfen die Neutralitätsinitiative.","https://thumb.wikimedia.org/wikipedia/commons/thumb/1/18/CHE_R%C3%BCti_bei_B%C3%BCren_COA.svg/500px-CHE_R%C3%BCti_bei_B%C3%BCren_COA.svg.png"
394,38.9,38.9,61.1,"Wengi BE","61,1 Prozent der Stimmbürgerinnen und Stimmbürger von Wengi haben die Neutralitätsinitiative abgelehnt. Sowohl Wengi als auch der Kanton Bern verwerfen die Neutralitätsinitiative.","https://thumb.wikimedia.org/wikipedia/commons/thumb/6/66/CHE_Wengi_COA.svg/500px-CHE_Wengi_COA.svg.png"
401,29.8,29.8,70.2,"Aefligen BE","70,2 Prozent der Stimmbürgerinnen und Stimmbürger von Aefligen sprechen sich gegen die Neutralitätsinitiative aus. Sowohl Aefligen als auch der Kanton Bern verwerfen die Neutralitätsinitiative.","https://thumb.wikimedia.org/wikipedia/commons/thumb/5/57/CHE_Aefligen_COA.svg/500px-CHE_Aefligen_COA.svg.png"
402,30,30,70,"Alchenstorf BE","70 Prozent der Stimmbürgerinnen und Stimmbürger von Alchenstorf haben die Neutralitätsinitiative abgelehnt. Sowohl Alchenstorf als auch der Kanton Bern verwerfen die Neutralitätsinitiative.","https://thumb.wikimedia.org/wikipedia/commons/thumb/6/65/CHE_Alchenstorf_COA.svg/500px-CHE_Alchenstorf_COA.svg.png"
403,27.6,27.6,72.4,"Bäriswil BE","In Bäriswil ist die Neutralitätsinitiative mit 72,4 Prozent der Stimmen gescheitert. Sowohl Bäriswil als auch der Kanton Bern verwerfen die Neutralitätsinitiative.","https://thumb.wikimedia.org/wikipedia/commons/thumb/b/b6/CHE_B%C3%A4riswil_COA.svg/500px-CHE_B%C3%A4riswil_COA.svg.png"
404,19.1,19.1,80.9,"Burgdorf BE","Mit 80,9 Prozent wird die Neutralitätsinitiative in Burgdorf verworfen. Sowohl Burgdorf als auch der Kanton Bern verwerfen die Neutralitätsinitiative.","https://thumb.wikimedia.org/wikipedia/commons/thumb/8/80/CHE_Burgdorf_BE_COA.svg/500px-CHE_Burgdorf_BE_COA.svg.png"
405,30.9,30.9,69.1,"Ersigen BE","69,1 Prozent der Stimmbürgerinnen und Stimmbürger von Ersigen haben die Neutralitätsinitiative abgelehnt. Sowohl Ersigen als auch der Kanton Bern verwerfen die Neutralitätsinitiative.","https://thumb.wikimedia.org/wikipedia/commons/thumb/0/0c/CHE_Ersigen_COA.svg/500px-CHE_Ersigen_COA.svg.png"
406,34.9,34.9,65.1,"Hasle bei Burgdorf BE","65,1 Prozent der Stimmbürgerinnen und Stimmbürger von Hasle bei Burgdorf haben die Neutralitätsinitiative abgelehnt. Sowohl Hasle bei Burgdorf als auch der Kanton Bern verwerfen die Neutralitätsinitiative.","https://thumb.wikimedia.org/wikipedia/commons/thumb/5/5e/CHE_Hasle_bei_Burgdorf_COA.svg/500px-CHE_Hasle_bei_Burgdorf_COA.svg.png"
407,36.8,36.8,63.2,"Heimiswil BE","Mit 63,2 Prozent wird die Neutralitätsinitiative in Heimiswil verworfen. Sowohl Heimiswil als auch der Kanton Bern verwerfen die Neutralitätsinitiative.","https://thumb.wikimedia.org/wikipedia/commons/thumb/c/ca/CHE_Heimiswil_COA.svg/500px-CHE_Heimiswil_COA.svg.png"
409,25.8,25.8,74.2,"Hindelbank BE","74,2 Prozent der Stimmbürgerinnen und Stimmbürger von Hindelbank sprechen sich gegen die Neutralitätsinitiative aus. Sowohl Hindelbank als auch der Kanton Bern verwerfen die Neutralitätsinitiative.","https://thumb.wikimedia.org/wikipedia/commons/thumb/0/0d/CHE_Hindelbank_COA.svg/500px-CHE_Hindelbank_COA.svg.png"
410,47.2,47.2,52.8,"Höchstetten BE","In Höchstetten ist die Neutralitätsinitiative mit 52,8 Prozent der Stimmen gescheitert. Sowohl Höchstetten als auch der Kanton Bern verwerfen die Neutralitätsinitiative.","https://thumb.wikimedia.org/wikipedia/commons/thumb/8/8c/CHE_H%C3%B6chstetten_COA.svg/500px-CHE_H%C3%B6chstetten_COA.svg.png"
411,35.7,35.7,64.3,"Kernenried BE","In Kernenried ist die Neutralitätsinitiative mit 64,3 Prozent der Stimmen gescheitert. Sowohl Kernenried als auch der Kanton Bern verwerfen die Neutralitätsinitiative.","https://thumb.wikimedia.org/wikipedia/commons/thumb/e/ec/CHE_Kernenried_COA.svg/500px-CHE_Kernenried_COA.svg.png"
412,23.1,23.1,76.9,"Kirchberg BE","Nein zur Neutralitätsinitiative in Kirchberg BE: 76,9 Prozent. Sowohl Kirchberg BE als auch der Kanton Bern verwerfen die Neutralitätsinitiative.","https://thumb.wikimedia.org/wikipedia/commons/thumb/1/1d/CHE_Kirchberg_BE_COA.svg/960px-CHE_Kirchberg_BE_COA.svg.png"
413,26.2,26.2,73.8,"Koppigen BE","73,8 Prozent der Stimmbürgerinnen und Stimmbürger von Koppigen haben die Neutralitätsinitiative abgelehnt. Sowohl Koppigen als auch der Kanton Bern verwerfen die Neutralitätsinitiative.","https://thumb.wikimedia.org/wikipedia/commons/thumb/0/02/CHE_Koppigen_COA.svg/500px-CHE_Koppigen_COA.svg.png"
414,30.8,30.8,69.2,"Krauchthal BE","Mit 69,2 Prozent wird die Neutralitätsinitiative in Krauchthal verworfen. Sowohl Krauchthal als auch der Kanton Bern verwerfen die Neutralitätsinitiative.","https://thumb.wikimedia.org/wikipedia/commons/thumb/f/f0/CHE_Krauchthal_COA.svg/500px-CHE_Krauchthal_COA.svg.png"
415,26.7,26.7,73.3,"Lyssach BE","In Lyssach ist die Neutralitätsinitiative mit 73,3 Prozent der Stimmen gescheitert. Sowohl Lyssach als auch der Kanton Bern verwerfen die Neutralitätsinitiative.","https://thumb.wikimedia.org/wikipedia/commons/thumb/3/3a/CHE_Lyssach_COA.svg/500px-CHE_Lyssach_COA.svg.png"
418,33.2,33.2,66.8,"Oberburg BE","In Oberburg ist die Neutralitätsinitiative mit 66,8 Prozent der Stimmen gescheitert. Sowohl Oberburg als auch der Kanton Bern verwerfen die Neutralitätsinitiative.","https://thumb.wikimedia.org/wikipedia/commons/thumb/e/e3/CHE_Oberburg_COA.svg/960px-CHE_Oberburg_COA.svg.png"
420,26.8,26.8,73.2,"Rüdtligen-Alchenflüh BE","Nein zur Neutralitätsinitiative in Rüdtligen-Alchenflüh: 73,2 Prozent. Sowohl Rüdtligen-Alchenflüh als auch der Kanton Bern verwerfen die Neutralitätsinitiative.","https://thumb.wikimedia.org/wikipedia/commons/thumb/a/af/CHE_R%C3%BCdtligen-Alchenfl%C3%BCh_COA.svg/500px-CHE_R%C3%BCdtligen-Alchenfl%C3%BCh_COA.svg.png"
421,28.6,28.6,71.4,"Rumendingen BE","Rumendingen verwirft die Neutralitätsinitiative mit 35 zu 14 Stimmen. Sowohl Rumendingen als auch der Kanton Bern verwerfen die Neutralitätsinitiative.","https://thumb.wikimedia.org/wikipedia/commons/thumb/a/a0/CHE_Rumendingen_COA.svg/500px-CHE_Rumendingen_COA.svg.png"
422,38.6,38.6,61.4,"Rüti bei Lyssach BE","Mit 43 Nein- zu 27 Ja-Stimmen lehnt Rüti bei Lyssach die Neutralitätsinitiative ab. Sowohl Rüti bei Lyssach als auch der Kanton Bern verwerfen die Neutralitätsinitiative.","https://thumb.wikimedia.org/wikipedia/commons/thumb/d/d8/CHE_R%C3%BCti_bei_Lyssach_COA.svg/500px-CHE_R%C3%BCti_bei_Lyssach_COA.svg.png"
423,32.7,32.7,67.3,"Willadingen BE","In Willadingen ist die Neutralitätsinitiative mit 67,3 Prozent der Stimmen gescheitert. Sowohl Willadingen als auch der Kanton Bern verwerfen die Neutralitätsinitiative.","https://thumb.wikimedia.org/wikipedia/commons/thumb/a/a7/CHE_Willadingen_COA.svg/500px-CHE_Willadingen_COA.svg.png"
424,35.8,35.8,64.2,"Wynigen BE","Mit 64,2 Prozent wird die Neutralitätsinitiative in Wynigen verworfen. Sowohl Wynigen als auch der Kanton Bern verwerfen die Neutralitätsinitiative.","https://thumb.wikimedia.org/wikipedia/commons/thumb/1/17/CHE_Wynigen_COA.svg/960px-CHE_Wynigen_COA.svg.png"
431,39.1,39.1,60.9,"Corgémont BE","Mit 60,9 Prozent wird die Neutralitätsinitiative in Corgémont verworfen. Sowohl Corgémont als auch der Kanton Bern verwerfen die Neutralitätsinitiative.","https://thumb.wikimedia.org/wikipedia/commons/thumb/b/b3/CHE_Corg%C3%A9mont_COA.svg/500px-CHE_Corg%C3%A9mont_COA.svg.png"
432,30.6,30.6,69.4,"Cormoret BE","Mit 69,4 Prozent wird die Neutralitätsinitiative in Cormoret verworfen. Sowohl Cormoret als auch der Kanton Bern verwerfen die Neutralitätsinitiative.","https://thumb.wikimedia.org/wikipedia/commons/thumb/d/d6/CHE_Cormoret_COA.svg/500px-CHE_Cormoret_COA.svg.png"
433,36.4,36.4,63.6,"Cortébert BE","In Cortébert ist die Neutralitätsinitiative mit 63,6 Prozent der Stimmen gescheitert. Sowohl Cortébert als auch der Kanton Bern verwerfen die Neutralitätsinitiative.","https://thumb.wikimedia.org/wikipedia/commons/thumb/7/73/CHE_Cort%C3%A9bert_COA.svg/500px-CHE_Cort%C3%A9bert_COA.svg.png"
434,31.3,31.3,68.7,"Courtelary BE","Mit 68,7 Prozent wird die Neutralitätsinitiative in Courtelary verworfen. Sowohl Courtelary als auch der Kanton Bern verwerfen die Neutralitätsinitiative.","https://thumb.wikimedia.org/wikipedia/commons/thumb/6/6b/CHE_Courtelary_COA.svg/500px-CHE_Courtelary_COA.svg.png"
435,38.1,38.1,61.9,"La Ferrière BE","61,9 Prozent der Stimmbürgerinnen und Stimmbürger von La Ferrière haben die Neutralitätsinitiative abgelehnt. Sowohl La Ferrière als auch der Kanton Bern verwerfen die Neutralitätsinitiative.","https://thumb.wikimedia.org/wikipedia/commons/thumb/2/24/CHE_La_Ferri%C3%A8re_COA.svg/500px-CHE_La_Ferri%C3%A8re_COA.svg.png"
437,44.2,44.2,55.8,"Mont-Tramelan BE","Mont-Tramelan verwirft die Neutralitätsinitiative mit 24 zu 19 Stimmen. Sowohl Mont-Tramelan als auch der Kanton Bern verwerfen die Neutralitätsinitiative.","https://thumb.wikimedia.org/wikipedia/commons/thumb/4/4c/CHE_Mont-Tramelan_COA.svg/500px-CHE_Mont-Tramelan_COA.svg.png"
438,38.2,38.2,61.8,"Orvin BE","In Orvin ist die Neutralitätsinitiative mit 61,8 Prozent der Stimmen gescheitert. Sowohl Orvin als auch der Kanton Bern verwerfen die Neutralitätsinitiative.","https://thumb.wikimedia.org/wikipedia/commons/thumb/c/cf/CHE_Orvin_COA.svg/500px-CHE_Orvin_COA.svg.png"
441,35.5,35.5,64.5,"Renan BE","64,5 Prozent der Stimmbürgerinnen und Stimmbürger von Renan BE sprechen sich gegen die Neutralitätsinitiative aus. Sowohl Renan BE als auch der Kanton Bern verwerfen die Neutralitätsinitiative.","https://thumb.wikimedia.org/wikipedia/commons/thumb/0/08/CHE_Renan_COA.svg/500px-CHE_Renan_COA.svg.png"
442,32.5,32.5,67.5,"Romont BE","Romont BE verwirft die Neutralitätsinitiative mit 54 zu 26 Stimmen. Sowohl Romont BE als auch der Kanton Bern verwerfen die Neutralitätsinitiative.","https://thumb.wikimedia.org/wikipedia/commons/thumb/4/4c/CHE_Romont_BE_COA.svg/500px-CHE_Romont_BE_COA.svg.png"
443,30.7,30.7,69.3,"St. Immer BE","Mit 69,3 Prozent wird die Neutralitätsinitiative in St. Immer verworfen. Sowohl St. Immer als auch der Kanton Bern verwerfen die Neutralitätsinitiative.","https://thumb.wikimedia.org/wikipedia/commons/thumb/4/4a/CHE_Saint-Imier_COA.svg/500px-CHE_Saint-Imier_COA.svg.png"
444,42.4,42.4,57.6,"Sonceboz-Sombeval BE","In Sonceboz-Sombeval ist die Neutralitätsinitiative mit 57,6 Prozent der Stimmen gescheitert. Sowohl Sonceboz-Sombeval als auch der Kanton Bern verwerfen die Neutralitätsinitiative.","https://thumb.wikimedia.org/wikipedia/commons/thumb/9/9d/CHE_Sonceboz-Sombeval_COA.svg/500px-CHE_Sonceboz-Sombeval_COA.svg.png"
445,37,37,63,"Sonvilier BE","In Sonvilier ist die Neutralitätsinitiative mit 63 Prozent der Stimmen gescheitert. Sowohl Sonvilier als auch der Kanton Bern verwerfen die Neutralitätsinitiative.","https://thumb.wikimedia.org/wikipedia/commons/thumb/b/bd/CHE_Sonvilier_COA.svg/500px-CHE_Sonvilier_COA.svg.png"
446,30.1,30.1,69.9,"Tramelan BE","In Tramelan ist die Neutralitätsinitiative mit 69,9 Prozent der Stimmen gescheitert. Sowohl Tramelan als auch der Kanton Bern verwerfen die Neutralitätsinitiative.","https://thumb.wikimedia.org/wikipedia/commons/thumb/4/49/CHE_Tramelan_COA.svg/500px-CHE_Tramelan_COA.svg.png"
448,36.7,36.7,63.3,"Villeret BE","63,3 Prozent der Stimmbürgerinnen und Stimmbürger von Villeret haben die Neutralitätsinitiative abgelehnt. Sowohl Villeret als auch der Kanton Bern verwerfen die Neutralitätsinitiative.","https://thumb.wikimedia.org/wikipedia/commons/thumb/8/8a/CHE_Villeret_COA.svg/500px-CHE_Villeret_COA.svg.png"
449,35.7,35.7,64.3,"Sauge BE","64,3 Prozent der Stimmbürgerinnen und Stimmbürger von Sauge sprechen sich gegen die Neutralitätsinitiative aus. Sowohl Sauge als auch der Kanton Bern verwerfen die Neutralitätsinitiative.","https://thumb.wikimedia.org/wikipedia/commons/thumb/f/fd/CHE_Sauge_COA.svg/500px-CHE_Sauge_COA.svg.png"
450,32.2,32.2,67.8,"Péry-La Heutte BE","67,8 Prozent der Stimmbürgerinnen und Stimmbürger von Péry-La Heutte haben die Neutralitätsinitiative abgelehnt. Sowohl Péry-La Heutte als auch der Kanton Bern verwerfen die Neutralitätsinitiative.","https://thumb.wikimedia.org/wikipedia/commons/thumb/0/02/CHE_P%C3%A9ry-La_Heutte_COA.svg/500px-CHE_P%C3%A9ry-La_Heutte_COA.svg.png"
491,32.3,32.3,67.7,"Brüttelen BE","In Brüttelen ist die Neutralitätsinitiative mit 67,7 Prozent der Stimmen gescheitert. Sowohl Brüttelen als auch der Kanton Bern verwerfen die Neutralitätsinitiative.","https://thumb.wikimedia.org/wikipedia/commons/thumb/f/f8/CHE_Br%C3%BCttelen_COA.svg/500px-CHE_Br%C3%BCttelen_COA.svg.png"
492,28.9,28.9,71.1,"Erlach BE","In Erlach ist die Neutralitätsinitiative mit 71,1 Prozent der Stimmen gescheitert. Sowohl Erlach als auch der Kanton Bern verwerfen die Neutralitätsinitiative.","https://thumb.wikimedia.org/wikipedia/commons/thumb/b/b4/CHE_Erlach_COA.svg/500px-CHE_Erlach_COA.svg.png"
493,41.5,41.5,58.5,"Finsterhennen BE","58,5 Prozent der Stimmbürgerinnen und Stimmbürger von Finsterhennen haben die Neutralitätsinitiative abgelehnt. Sowohl Finsterhennen als auch der Kanton Bern verwerfen die Neutralitätsinitiative.","https://thumb.wikimedia.org/wikipedia/commons/thumb/c/c5/CHE_Finsterhennen_BE_COA.svg/500px-CHE_Finsterhennen_BE_COA.svg.png"
494,30,30,70,"Gals BE","In Gals ist die Neutralitätsinitiative mit 70 Prozent der Stimmen gescheitert. Sowohl Gals als auch der Kanton Bern verwerfen die Neutralitätsinitiative.","https://thumb.wikimedia.org/wikipedia/commons/thumb/2/29/CHE_Gals_COA.svg/500px-CHE_Gals_COA.svg.png"
495,33,33,67,"Gampelen BE","67 Prozent der Stimmbürgerinnen und Stimmbürger von Gampelen haben die Neutralitätsinitiative abgelehnt. Sowohl Gampelen als auch der Kanton Bern verwerfen die Neutralitätsinitiative.","https://thumb.wikimedia.org/wikipedia/commons/thumb/5/50/CHE_Gampelen_COA.svg/500px-CHE_Gampelen_COA.svg.png"
496,26.6,26.6,73.4,"Ins BE","Nein zur Neutralitätsinitiative in Ins: 73,4 Prozent. Sowohl Ins als auch der Kanton Bern verwerfen die Neutralitätsinitiative.","https://thumb.wikimedia.org/wikipedia/commons/thumb/6/6b/CHE_Ins_COA.svg/500px-CHE_Ins_COA.svg.png"
497,33.7,33.7,66.3,"Lüscherz BE","Mit 66,3 Prozent wird die Neutralitätsinitiative in Lüscherz verworfen. Sowohl Lüscherz als auch der Kanton Bern verwerfen die Neutralitätsinitiative.","https://thumb.wikimedia.org/wikipedia/commons/thumb/8/8b/CHE_L%C3%BCscherz_COA.svg/500px-CHE_L%C3%BCscherz_COA.svg.png"
498,31.8,31.8,68.2,"Müntschemier BE","68,2 Prozent der Stimmbürgerinnen und Stimmbürger von Müntschemier haben die Neutralitätsinitiative abgelehnt. Sowohl Müntschemier als auch der Kanton Bern verwerfen die Neutralitätsinitiative.","https://thumb.wikimedia.org/wikipedia/commons/thumb/a/a8/CHE_M%C3%BCntschemier_COA.svg/500px-CHE_M%C3%BCntschemier_COA.svg.png"
499,39.4,39.4,60.6,"Siselen BE","60,6 Prozent der Stimmbürgerinnen und Stimmbürger von Siselen sprechen sich gegen die Neutralitätsinitiative aus. Sowohl Siselen als auch der Kanton Bern verwerfen die Neutralitätsinitiative.","https://thumb.wikimedia.org/wikipedia/commons/thumb/9/97/CHE_Siselen_COA.svg/500px-CHE_Siselen_COA.svg.png"
500,37.6,37.6,62.4,"Treiten BE","62,4 Prozent der Stimmbürgerinnen und Stimmbürger von Treiten sprechen sich gegen die Neutralitätsinitiative aus. Sowohl Treiten als auch der Kanton Bern verwerfen die Neutralitätsinitiative.","https://thumb.wikimedia.org/wikipedia/commons/thumb/8/81/CHE_Treiten_COA.svg/500px-CHE_Treiten_COA.svg.png"
501,23.7,23.7,76.3,"Tschugg BE","In Tschugg ist die Neutralitätsinitiative mit 76,3 Prozent der Stimmen gescheitert. Sowohl Tschugg als auch der Kanton Bern verwerfen die Neutralitätsinitiative.","https://thumb.wikimedia.org/wikipedia/commons/thumb/b/b8/CHE_Tschugg_COA.svg/500px-CHE_Tschugg_COA.svg.png"
502,28.3,28.3,71.7,"Vinelz BE","In Vinelz ist die Neutralitätsinitiative mit 71,7 Prozent der Stimmen gescheitert. Sowohl Vinelz als auch der Kanton Bern verwerfen die Neutralitätsinitiative.","https://thumb.wikimedia.org/wikipedia/commons/thumb/d/d3/CHE_Vinelz_COA.svg/500px-CHE_Vinelz_COA.svg.png"
533,23.1,23.1,76.9,"Bätterkinden BE","Nein zur Neutralitätsinitiative in Bätterkinden: 76,9 Prozent. Sowohl Bätterkinden als auch der Kanton Bern verwerfen die Neutralitätsinitiative.","https://thumb.wikimedia.org/wikipedia/commons/thumb/7/7b/CHE_B%C3%A4tterkinden_COA.svg/500px-CHE_B%C3%A4tterkinden_COA.svg.png"
538,25.2,25.2,74.8,"Fraubrunnen BE","Nein zur Neutralitätsinitiative in Fraubrunnen: 74,8 Prozent. Sowohl Fraubrunnen als auch der Kanton Bern verwerfen die Neutralitätsinitiative.","https://thumb.wikimedia.org/wikipedia/commons/thumb/2/2e/CHE_Fraubrunnen_COA.svg/500px-CHE_Fraubrunnen_COA.svg.png"
540,18.2,18.2,81.8,"Jegenstorf BE","81,8 Prozent der Stimmbürgerinnen und Stimmbürger von Jegenstorf sprechen sich gegen die Neutralitätsinitiative aus. Sowohl Jegenstorf als auch der Kanton Bern verwerfen die Neutralitätsinitiative.","https://thumb.wikimedia.org/wikipedia/commons/thumb/1/10/CHE_Jegenstorf_COA.svg/500px-CHE_Jegenstorf_COA.svg.png"
541,29.2,29.2,70.8,"Iffwil BE","70,8 Prozent der Stimmbürgerinnen und Stimmbürger von Iffwil haben die Neutralitätsinitiative abgelehnt. Sowohl Iffwil als auch der Kanton Bern verwerfen die Neutralitätsinitiative.","https://thumb.wikimedia.org/wikipedia/commons/thumb/3/36/CHE_Iffwil_COA.svg/500px-CHE_Iffwil_COA.svg.png"
543,29.2,29.2,70.8,"Mattstetten BE","70,8 Prozent der Stimmbürgerinnen und Stimmbürger von Mattstetten sprechen sich gegen die Neutralitätsinitiative aus. Sowohl Mattstetten als auch der Kanton Bern verwerfen die Neutralitätsinitiative.","https://thumb.wikimedia.org/wikipedia/commons/thumb/f/f5/CHE_Mattstetten_COA.svg/500px-CHE_Mattstetten_COA.svg.png"
544,24.6,24.6,75.4,"Moosseedorf BE","75,4 Prozent der Stimmbürgerinnen und Stimmbürger von Moosseedorf haben die Neutralitätsinitiative abgelehnt. Sowohl Moosseedorf als auch der Kanton Bern verwerfen die Neutralitätsinitiative.","https://thumb.wikimedia.org/wikipedia/commons/thumb/6/6f/CHE_Moosseedorf_COA.svg/500px-CHE_Moosseedorf_COA.svg.png"
546,20.8,20.8,79.2,"Münchenbuchsee BE","Nein zur Neutralitätsinitiative in Münchenbuchsee: 79,2 Prozent. Sowohl Münchenbuchsee als auch der Kanton Bern verwerfen die Neutralitätsinitiative.","https://thumb.wikimedia.org/wikipedia/commons/thumb/a/a9/CHE_M%C3%BCnchenbuchsee_COA.svg/500px-CHE_M%C3%BCnchenbuchsee_COA.svg.png"
551,25.2,25.2,74.8,"Urtenen-Schönbühl BE","In Urtenen-Schönbühl ist die Neutralitätsinitiative mit 74,8 Prozent der Stimmen gescheitert. Sowohl Urtenen-Schönbühl als auch der Kanton Bern verwerfen die Neutralitätsinitiative.","https://thumb.wikimedia.org/wikipedia/commons/thumb/a/a2/CHE_Urtenen-Sch%C3%B6nb%C3%BChl_COA.svg/500px-CHE_Urtenen-Sch%C3%B6nb%C3%BChl_COA.svg.png"
552,26.2,26.2,73.8,"Utzenstorf BE","In Utzenstorf ist die Neutralitätsinitiative mit 73,8 Prozent der Stimmen gescheitert. Sowohl Utzenstorf als auch der Kanton Bern verwerfen die Neutralitätsinitiative.","https://thumb.wikimedia.org/wikipedia/commons/thumb/f/f7/CHE_Utzenstorf_COA.svg/500px-CHE_Utzenstorf_COA.svg.png"
553,38.3,38.3,61.7,"Wiggiswil BE","Mit 58 Nein- zu 36 Ja-Stimmen lehnt Wiggiswil die Neutralitätsinitiative ab. Sowohl Wiggiswil als auch der Kanton Bern verwerfen die Neutralitätsinitiative.","https://thumb.wikimedia.org/wikipedia/commons/thumb/5/55/CHE_Wiggiswil_COA.svg/500px-CHE_Wiggiswil_COA.svg.png"
554,29.7,29.7,70.3,"Wiler bei Utzenstorf BE","Nein zur Neutralitätsinitiative in Wiler bei Utzenstorf: 70,3 Prozent. Sowohl Wiler bei Utzenstorf als auch der Kanton Bern verwerfen die Neutralitätsinitiative.","https://thumb.wikimedia.org/wikipedia/commons/thumb/3/35/CHE_Wiler_bei_Utzenstorf_COA.svg/500px-CHE_Wiler_bei_Utzenstorf_COA.svg.png"
556,50,50,50,"Zielebach BE","Unentschieden in Zielebach: Genau 53 Stimmberechtigte stimmen für und gegen die Neutralitätsinitiative.","https://thumb.wikimedia.org/wikipedia/commons/thumb/8/8e/CHE_Zielebach_COA.svg/500px-CHE_Zielebach_COA.svg.png"
557,23.8,23.8,76.2,"Zuzwil BE","Nein zur Neutralitätsinitiative in Zuzwil BE: 76,2 Prozent. Sowohl Zuzwil BE als auch der Kanton Bern verwerfen die Neutralitätsinitiative.","https://thumb.wikimedia.org/wikipedia/commons/thumb/1/1e/CHE_Zuzwil_BE_COA.svg/500px-CHE_Zuzwil_BE_COA.svg.png"
561,57.6,57.6,42.4,"Adelboden BE","Adelboden hat die Neutralitätsinitiative angenommen; der Ja-Stimmen-Anteil liegt bei 57,6 Prozent. Adelboden sagt Ja zur Neutralitätsinitiative, im Kanton Bern überwiegt das Nein.","https://thumb.wikimedia.org/wikipedia/commons/thumb/2/21/CHE_Adelboden_COA.svg/500px-CHE_Adelboden_COA.svg.png"
562,43.4,43.4,56.6,"Aeschi bei Spiez BE","56,6 Prozent der Stimmbürgerinnen und Stimmbürger von Aeschi bei Spiez haben die Neutralitätsinitiative abgelehnt. Sowohl Aeschi bei Spiez als auch der Kanton Bern verwerfen die Neutralitätsinitiative.","https://thumb.wikimedia.org/wikipedia/commons/thumb/9/93/CHE_Aeschi_bei_Spiez_COA.svg/500px-CHE_Aeschi_bei_Spiez_COA.svg.png"
563,47.9,47.9,52.1,"Frutigen BE","52,1 Prozent der Stimmbürgerinnen und Stimmbürger von Frutigen haben die Neutralitätsinitiative abgelehnt. Sowohl Frutigen als auch der Kanton Bern verwerfen die Neutralitätsinitiative.","https://thumb.wikimedia.org/wikipedia/commons/thumb/e/e5/CHE_Frutigen_COA.svg/500px-CHE_Frutigen_COA.svg.png"
564,54.8,54.8,45.2,"Kandergrund BE","Die Neutralitätsinitiative erreicht in Kandergrund 54,8 Prozent Ja-Stimmen. Kandergrund sagt Ja zur Neutralitätsinitiative, im Kanton Bern überwiegt das Nein.","https://thumb.wikimedia.org/wikipedia/commons/thumb/3/36/CHE_Kandergrund_COA.svg/500px-CHE_Kandergrund_COA.svg.png"
565,32.2,32.2,67.8,"Kandersteg BE","Nein zur Neutralitätsinitiative in Kandersteg: 67,8 Prozent. Sowohl Kandersteg als auch der Kanton Bern verwerfen die Neutralitätsinitiative.","https://thumb.wikimedia.org/wikipedia/commons/thumb/b/b1/CHE_Kandersteg_COA.svg/500px-CHE_Kandersteg_COA.svg.png"
566,34.8,34.8,65.2,"Krattigen BE","65,2 Prozent der Stimmbürgerinnen und Stimmbürger von Krattigen sprechen sich gegen die Neutralitätsinitiative aus. Sowohl Krattigen als auch der Kanton Bern verwerfen die Neutralitätsinitiative.","https://thumb.wikimedia.org/wikipedia/commons/thumb/8/80/CHE_Krattigen_COA.svg/960px-CHE_Krattigen_COA.svg.png"
567,47.5,47.5,52.5,"Reichenbach im Kandertal BE","Nein zur Neutralitätsinitiative in Reichenbach im Kandertal: 52,5 Prozent. Sowohl Reichenbach im Kandertal als auch der Kanton Bern verwerfen die Neutralitätsinitiative.","https://thumb.wikimedia.org/wikipedia/commons/thumb/e/ea/CHE_Reichenbach_im_Kandertal_COA.svg/500px-CHE_Reichenbach_im_Kandertal_COA.svg.png"
571,50.6,50.6,49.4,"Beatenberg BE","In Beatenberg wird die Neutralitätsinitiative mit 50,6 Prozent angenommen. Beatenberg sagt Ja zur Neutralitätsinitiative, im Kanton Bern überwiegt das Nein.","https://thumb.wikimedia.org/wikipedia/commons/thumb/a/a9/CHE_Beatenberg_COA.svg/500px-CHE_Beatenberg_COA.svg.png"
572,30.2,30.2,69.8,"Bönigen BE","69,8 Prozent der Stimmbürgerinnen und Stimmbürger von Bönigen haben die Neutralitätsinitiative abgelehnt. Sowohl Bönigen als auch der Kanton Bern verwerfen die Neutralitätsinitiative.","https://thumb.wikimedia.org/wikipedia/commons/thumb/3/39/CHE_B%C3%B6nigen_BE_COA.svg/500px-CHE_B%C3%B6nigen_BE_COA.svg.png"
573,36.2,36.2,63.8,"Brienz BE","In Brienz BE ist die Neutralitätsinitiative mit 63,8 Prozent der Stimmen gescheitert. Sowohl Brienz BE als auch der Kanton Bern verwerfen die Neutralitätsinitiative.","https://thumb.wikimedia.org/wikipedia/commons/thumb/2/25/CHE_Brienz_COA.svg/960px-CHE_Brienz_COA.svg.png"
574,46.9,46.9,53.1,"Brienzwiler BE","53,1 Prozent der Stimmbürgerinnen und Stimmbürger von Brienzwiler haben die Neutralitätsinitiative abgelehnt. Sowohl Brienzwiler als auch der Kanton Bern verwerfen die Neutralitätsinitiative.","https://thumb.wikimedia.org/wikipedia/commons/thumb/e/ef/CHE_Brienzwiler_COA.svg/500px-CHE_Brienzwiler_COA.svg.png"
575,33.3,33.3,66.7,"Därligen BE","In Därligen ist die Neutralitätsinitiative mit 66,7 Prozent der Stimmen gescheitert. Sowohl Därligen als auch der Kanton Bern verwerfen die Neutralitätsinitiative.","https://thumb.wikimedia.org/wikipedia/commons/thumb/c/cf/CHE_D%C3%A4rligen_COA.svg/500px-CHE_D%C3%A4rligen_COA.svg.png"
576,50,50,50,"Grindelwald BE","Unentschieden in Grindelwald: Genau 617 Stimmberechtigte stimmen für und gegen die Neutralitätsinitiative.","https://thumb.wikimedia.org/wikipedia/commons/thumb/2/28/CHE_Grindelwald_COA.svg/500px-CHE_Grindelwald_COA.svg.png"
577,42,42,58,"Gsteigwiler BE","Nein zur Neutralitätsinitiative in Gsteigwiler: 58 Prozent. Sowohl Gsteigwiler als auch der Kanton Bern verwerfen die Neutralitätsinitiative.","https://thumb.wikimedia.org/wikipedia/commons/thumb/5/5c/CHE_Gsteigwiler_COA.svg/500px-CHE_Gsteigwiler_COA.svg.png"
578,56.8,56.8,43.2,"Gündlischwand BE","Gündlischwand stimmt der Neutralitätsinitiative mit 56,8 Prozent zu. Gündlischwand sagt Ja zur Neutralitätsinitiative, im Kanton Bern überwiegt das Nein.","https://thumb.wikimedia.org/wikipedia/commons/thumb/c/c6/CHE_G%C3%BCndlischwand_COA.svg/500px-CHE_G%C3%BCndlischwand_COA.svg.png"
579,59.8,59.8,40.2,"Habkern BE","Habkern hat die Neutralitätsinitiative angenommen; der Ja-Stimmen-Anteil liegt bei 59,8 Prozent. Habkern sagt Ja zur Neutralitätsinitiative, im Kanton Bern überwiegt das Nein.","https://thumb.wikimedia.org/wikipedia/commons/thumb/5/5b/CHE_Habkern_COA.svg/960px-CHE_Habkern_COA.svg.png"
580,45.9,45.9,54.1,"Hofstetten bei Brienz BE","In Hofstetten bei Brienz ist die Neutralitätsinitiative mit 54,1 Prozent der Stimmen gescheitert. Sowohl Hofstetten bei Brienz als auch der Kanton Bern verwerfen die Neutralitätsinitiative.","https://thumb.wikimedia.org/wikipedia/commons/thumb/6/62/CHE_Hofstetten_bei_Brienz_COA.svg/500px-CHE_Hofstetten_bei_Brienz_COA.svg.png"
581,28.7,28.7,71.3,"Interlaken BE","Nein zur Neutralitätsinitiative in Interlaken: 71,3 Prozent. Sowohl Interlaken als auch der Kanton Bern verwerfen die Neutralitätsinitiative.","https://thumb.wikimedia.org/wikipedia/commons/thumb/9/96/CHE_Interlaken_COA.svg/500px-CHE_Interlaken_COA.svg.png"
582,40,40,60,"Iseltwald BE","Mit 60 Prozent wird die Neutralitätsinitiative in Iseltwald verworfen. Sowohl Iseltwald als auch der Kanton Bern verwerfen die Neutralitätsinitiative.","https://thumb.wikimedia.org/wikipedia/commons/thumb/b/b8/CHE_Iseltwald_COA.svg/500px-CHE_Iseltwald_COA.svg.png"
584,33.5,33.5,66.5,"Lauterbrunnen BE","66,5 Prozent der Stimmbürgerinnen und Stimmbürger von Lauterbrunnen sprechen sich gegen die Neutralitätsinitiative aus. Sowohl Lauterbrunnen als auch der Kanton Bern verwerfen die Neutralitätsinitiative.","https://thumb.wikimedia.org/wikipedia/commons/thumb/0/0b/CHE_Lauterbrunnen_COA.svg/500px-CHE_Lauterbrunnen_COA.svg.png"
585,37.5,37.5,62.5,"Leissigen BE","62,5 Prozent der Stimmbürgerinnen und Stimmbürger von Leissigen haben die Neutralitätsinitiative abgelehnt. Sowohl Leissigen als auch der Kanton Bern verwerfen die Neutralitätsinitiative.","https://thumb.wikimedia.org/wikipedia/commons/thumb/2/24/CHE_Leissigen_COA.svg/500px-CHE_Leissigen_COA.svg.png"
586,54.9,54.9,45.1,"Lütschental BE","Die Neutralitätsinitiative wird in Lütschental mit 39 zu 32 Stimmen angenommen. Lütschental sagt Ja zur Neutralitätsinitiative, im Kanton Bern überwiegt das Nein.","https://thumb.wikimedia.org/wikipedia/commons/thumb/c/c1/CHE_L%C3%BCtschental_COA.svg/500px-CHE_L%C3%BCtschental_COA.svg.png"
587,27.7,27.7,72.3,"Matten bei Interlaken BE","72,3 Prozent der Stimmbürgerinnen und Stimmbürger von Matten bei Interlaken haben die Neutralitätsinitiative abgelehnt. Sowohl Matten bei Interlaken als auch der Kanton Bern verwerfen die Neutralitätsinitiative.","https://thumb.wikimedia.org/wikipedia/commons/thumb/2/22/CHE_Matten_bei_Interlaken_COA.svg/500px-CHE_Matten_bei_Interlaken_COA.svg.png"
588,33.1,33.1,66.9,"Niederried bei Interlaken BE","66,9 Prozent der Stimmbürgerinnen und Stimmbürger von Niederried bei Interlaken sprechen sich gegen die Neutralitätsinitiative aus. Sowohl Niederried bei Interlaken als auch der Kanton Bern verwerfen die Neutralitätsinitiative.","https://thumb.wikimedia.org/wikipedia/commons/thumb/3/39/CHE_Niederried_bei_Interlaken_COA.svg/500px-CHE_Niederried_bei_Interlaken_COA.svg.png"
589,32.4,32.4,67.6,"Oberried am Brienzersee BE","67,6 Prozent der Stimmbürgerinnen und Stimmbürger von Oberried am Brienzersee haben die Neutralitätsinitiative abgelehnt. Sowohl Oberried am Brienzersee als auch der Kanton Bern verwerfen die Neutralitätsinitiative.","https://thumb.wikimedia.org/wikipedia/commons/thumb/b/b5/CHE_Oberried_am_Brienzersee_COA.svg/500px-CHE_Oberried_am_Brienzersee_COA.svg.png"
590,34.5,34.5,65.5,"Ringgenberg BE","65,5 Prozent der Stimmbürgerinnen und Stimmbürger von Ringgenberg BE sprechen sich gegen die Neutralitätsinitiative aus. Sowohl Ringgenberg BE als auch der Kanton Bern verwerfen die Neutralitätsinitiative.","https://thumb.wikimedia.org/wikipedia/commons/thumb/9/95/CHE_Ringgenberg_COA.svg/500px-CHE_Ringgenberg_COA.svg.png"
591,53.7,53.7,46.3,"Saxeten BE","Die Neutralitätsinitiative wird in Saxeten mit 22 zu 19 Stimmen angenommen. Saxeten sagt Ja zur Neutralitätsinitiative, im Kanton Bern überwiegt das Nein.","https://thumb.wikimedia.org/wikipedia/commons/thumb/5/5b/CHE_Saxeten_COA.svg/500px-CHE_Saxeten_COA.svg.png"
592,21.7,21.7,78.3,"Schwanden bei Brienz BE","78,3 Prozent der Stimmbürgerinnen und Stimmbürger von Schwanden bei Brienz haben die Neutralitätsinitiative abgelehnt. Sowohl Schwanden bei Brienz als auch der Kanton Bern verwerfen die Neutralitätsinitiative.","https://upload.wikimedia.org/wikipedia/commons/4/4f/Wappen-gross.gif"
593,30.1,30.1,69.9,"Unterseen BE","In Unterseen ist die Neutralitätsinitiative mit 69,9 Prozent der Stimmen gescheitert. Sowohl Unterseen als auch der Kanton Bern verwerfen die Neutralitätsinitiative.","https://thumb.wikimedia.org/wikipedia/commons/thumb/b/b9/CHE_Unterseen_COA.svg/500px-CHE_Unterseen_COA.svg.png"
594,40.2,40.2,59.8,"Wilderswil BE","In Wilderswil ist die Neutralitätsinitiative mit 59,8 Prozent der Stimmen gescheitert. Sowohl Wilderswil als auch der Kanton Bern verwerfen die Neutralitätsinitiative.","https://thumb.wikimedia.org/wikipedia/commons/thumb/7/79/CHE_Wilderswil_COA.svg/500px-CHE_Wilderswil_COA.svg.png"
602,44.9,44.9,55.1,"Arni BE","Nein zur Neutralitätsinitiative in Arni BE: 55,1 Prozent. Sowohl Arni BE als auch der Kanton Bern verwerfen die Neutralitätsinitiative.","https://thumb.wikimedia.org/wikipedia/commons/thumb/a/a7/CHE_Arni_BE_COA.svg/960px-CHE_Arni_BE_COA.svg.png"
603,27.9,27.9,72.1,"Biglen BE","Nein zur Neutralitätsinitiative in Biglen: 72,1 Prozent. Sowohl Biglen als auch der Kanton Bern verwerfen die Neutralitätsinitiative.","https://thumb.wikimedia.org/wikipedia/commons/thumb/9/9d/CHE_Biglen_COA.svg/500px-CHE_Biglen_COA.svg.png"
605,28.9,28.9,71.1,"Bowil BE","In Bowil ist die Neutralitätsinitiative mit 71,1 Prozent der Stimmen gescheitert. Sowohl Bowil als auch der Kanton Bern verwerfen die Neutralitätsinitiative.","https://thumb.wikimedia.org/wikipedia/commons/thumb/4/4a/CHE_Bowil_COA.svg/960px-CHE_Bowil_COA.svg.png"
606,40.9,40.9,59.1,"Brenzikofen BE","In Brenzikofen ist die Neutralitätsinitiative mit 59,1 Prozent der Stimmen gescheitert. Sowohl Brenzikofen als auch der Kanton Bern verwerfen die Neutralitätsinitiative.","https://thumb.wikimedia.org/wikipedia/commons/thumb/2/24/CHE_Brenzikofen_COA.svg/500px-CHE_Brenzikofen_COA.svg.png"
607,35.9,35.9,64.1,"Freimettigen BE","64,1 Prozent der Stimmbürgerinnen und Stimmbürger von Freimettigen sprechen sich gegen die Neutralitätsinitiative aus. Sowohl Freimettigen als auch der Kanton Bern verwerfen die Neutralitätsinitiative.","https://thumb.wikimedia.org/wikipedia/commons/thumb/3/38/CHE_Freimettigen_COA.svg/500px-CHE_Freimettigen_COA.svg.png"
608,23.5,23.5,76.5,"Grosshöchstetten BE","In Grosshöchstetten ist die Neutralitätsinitiative mit 76,5 Prozent der Stimmen gescheitert. Sowohl Grosshöchstetten als auch der Kanton Bern verwerfen die Neutralitätsinitiative.","https://thumb.wikimedia.org/wikipedia/commons/thumb/0/01/CHE_Grossh%C3%B6chstetten_COA.svg/500px-CHE_Grossh%C3%B6chstetten_COA.svg.png"
609,50.4,50.4,49.6,"Häutligen BE","Ja zur Neutralitätsinitiative in Häutligen: 50,4 Prozent. Häutligen sagt Ja zur Neutralitätsinitiative, im Kanton Bern überwiegt das Nein.","https://thumb.wikimedia.org/wikipedia/commons/thumb/f/fe/CHE_H%C3%A4utligen_COA.svg/500px-CHE_H%C3%A4utligen_COA.svg.png"
610,42,42,58,"Herbligen BE","Mit 58 Prozent wird die Neutralitätsinitiative in Herbligen verworfen. Sowohl Herbligen als auch der Kanton Bern verwerfen die Neutralitätsinitiative.","https://thumb.wikimedia.org/wikipedia/commons/thumb/6/6e/CHE_Herbligen_COA.svg/500px-CHE_Herbligen_COA.svg.png"
611,27.5,27.5,72.5,"Kiesen BE","Mit 72,5 Prozent wird die Neutralitätsinitiative in Kiesen verworfen. Sowohl Kiesen als auch der Kanton Bern verwerfen die Neutralitätsinitiative.","https://thumb.wikimedia.org/wikipedia/commons/thumb/6/6b/CHE_Kiesen_COA.svg/960px-CHE_Kiesen_COA.svg.png"
612,26.4,26.4,73.6,"Konolfingen BE","73,6 Prozent der Stimmbürgerinnen und Stimmbürger von Konolfingen haben die Neutralitätsinitiative abgelehnt. Sowohl Konolfingen als auch der Kanton Bern verwerfen die Neutralitätsinitiative.","https://thumb.wikimedia.org/wikipedia/commons/thumb/d/d8/CHE_Konolfingen_COA.svg/960px-CHE_Konolfingen_COA.svg.png"
613,52.6,52.6,47.4,"Landiswil BE","Die Neutralitätsinitiative erreicht in Landiswil 52,6 Prozent Ja-Stimmen. Landiswil sagt Ja zur Neutralitätsinitiative, im Kanton Bern überwiegt das Nein.","https://thumb.wikimedia.org/wikipedia/commons/thumb/8/8c/CHE_Landiswil_COA.svg/500px-CHE_Landiswil_COA.svg.png"
614,53.7,53.7,46.3,"Linden BE","Die Neutralitätsinitiative erreicht in Linden 53,7 Prozent Ja-Stimmen. Linden sagt Ja zur Neutralitätsinitiative, im Kanton Bern überwiegt das Nein.","https://thumb.wikimedia.org/wikipedia/commons/thumb/e/ea/CHE_Linden_COA.svg/500px-CHE_Linden_COA.svg.png"
615,33.3,33.3,66.7,"Mirchel BE","In Mirchel ist die Neutralitätsinitiative mit 66,7 Prozent der Stimmen gescheitert. Sowohl Mirchel als auch der Kanton Bern verwerfen die Neutralitätsinitiative.","https://thumb.wikimedia.org/wikipedia/commons/thumb/1/1b/CHE_Mirchel_COA.svg/500px-CHE_Mirchel_COA.svg.png"
616,19,19,81,"Münsingen BE","In Münsingen ist die Neutralitätsinitiative mit 81 Prozent der Stimmen gescheitert. Sowohl Münsingen als auch der Kanton Bern verwerfen die Neutralitätsinitiative.","https://thumb.wikimedia.org/wikipedia/commons/thumb/c/c0/CHE_M%C3%BCnsingen_COA.svg/500px-CHE_M%C3%BCnsingen_COA.svg.png"
617,29.2,29.2,70.8,"Niederhünigen BE","70,8 Prozent der Stimmbürgerinnen und Stimmbürger von Niederhünigen haben die Neutralitätsinitiative abgelehnt. Sowohl Niederhünigen als auch der Kanton Bern verwerfen die Neutralitätsinitiative.","https://thumb.wikimedia.org/wikipedia/commons/thumb/d/d4/CHE_Niederh%C3%BCnigen_COA.svg/500px-CHE_Niederh%C3%BCnigen_COA.svg.png"
619,36.5,36.5,63.5,"Oberdiessbach BE","Nein zur Neutralitätsinitiative in Oberdiessbach: 63,5 Prozent. Sowohl Oberdiessbach als auch der Kanton Bern verwerfen die Neutralitätsinitiative.","https://thumb.wikimedia.org/wikipedia/commons/thumb/8/84/CHE_Oberdiessbach_COA.svg/500px-CHE_Oberdiessbach_COA.svg.png"
620,38.7,38.7,61.3,"Oberthal BE","61,3 Prozent der Stimmbürgerinnen und Stimmbürger von Oberthal haben die Neutralitätsinitiative abgelehnt. Sowohl Oberthal als auch der Kanton Bern verwerfen die Neutralitätsinitiative.","https://thumb.wikimedia.org/wikipedia/commons/thumb/d/d5/CHE_Oberthal_COA.svg/500px-CHE_Oberthal_COA.svg.png"
622,35.7,35.7,64.3,"Oppligen BE","64,3 Prozent der Stimmbürgerinnen und Stimmbürger von Oppligen haben die Neutralitätsinitiative abgelehnt. Sowohl Oppligen als auch der Kanton Bern verwerfen die Neutralitätsinitiative.","https://thumb.wikimedia.org/wikipedia/commons/thumb/f/f1/CHE_Oppligen_COA.svg/500px-CHE_Oppligen_COA.svg.png"
623,19.6,19.6,80.4,"Rubigen BE","80,4 Prozent der Stimmbürgerinnen und Stimmbürger von Rubigen sprechen sich gegen die Neutralitätsinitiative aus. Sowohl Rubigen als auch der Kanton Bern verwerfen die Neutralitätsinitiative.","https://thumb.wikimedia.org/wikipedia/commons/thumb/5/5f/CHE_Rubigen_COA.svg/500px-CHE_Rubigen_COA.svg.png"
626,38.7,38.7,61.3,"Walkringen BE","Mit 61,3 Prozent wird die Neutralitätsinitiative in Walkringen verworfen. Sowohl Walkringen als auch der Kanton Bern verwerfen die Neutralitätsinitiative.","https://thumb.wikimedia.org/wikipedia/commons/thumb/a/a8/CHE_Walkringen_COA.svg/960px-CHE_Walkringen_COA.svg.png"
627,24.8,24.8,75.2,"Worb BE","75,2 Prozent der Stimmbürgerinnen und Stimmbürger von Worb haben die Neutralitätsinitiative abgelehnt. Sowohl Worb als auch der Kanton Bern verwerfen die Neutralitätsinitiative.","https://thumb.wikimedia.org/wikipedia/commons/thumb/8/8d/CHE_Worb_COA.svg/960px-CHE_Worb_COA.svg.png"
628,34.4,34.4,65.6,"Zäziwil BE","In Zäziwil ist die Neutralitätsinitiative mit 65,6 Prozent der Stimmen gescheitert. Sowohl Zäziwil als auch der Kanton Bern verwerfen die Neutralitätsinitiative.","https://thumb.wikimedia.org/wikipedia/commons/thumb/1/1a/CHE_Z%C3%A4ziwil_COA.svg/960px-CHE_Z%C3%A4ziwil_COA.svg.png"
630,31.1,31.1,68.9,"Allmendingen BE","In Allmendingen ist die Neutralitätsinitiative mit 68,9 Prozent der Stimmen gescheitert. Sowohl Allmendingen als auch der Kanton Bern verwerfen die Neutralitätsinitiative.","https://thumb.wikimedia.org/wikipedia/commons/thumb/e/e2/CHE_Allmendingen_bei_Bern_COA.svg/500px-CHE_Allmendingen_bei_Bern_COA.svg.png"
632,26.9,26.9,73.1,"Wichtrach BE","In Wichtrach ist die Neutralitätsinitiative mit 73,1 Prozent der Stimmen gescheitert. Sowohl Wichtrach als auch der Kanton Bern verwerfen die Neutralitätsinitiative.","https://thumb.wikimedia.org/wikipedia/commons/thumb/7/71/CHE_Wichtrach_COA.svg/500px-CHE_Wichtrach_COA.svg.png"
662,38.2,38.2,61.8,"Ferenbalm BE","61,8 Prozent der Stimmbürgerinnen und Stimmbürger von Ferenbalm haben die Neutralitätsinitiative abgelehnt. Sowohl Ferenbalm als auch der Kanton Bern verwerfen die Neutralitätsinitiative.","https://thumb.wikimedia.org/wikipedia/commons/thumb/6/64/CHE_Ferenbalm_COA.svg/500px-CHE_Ferenbalm_COA.svg.png"
663,22.8,22.8,77.2,"Frauenkappelen BE","In Frauenkappelen ist die Neutralitätsinitiative mit 77,2 Prozent der Stimmen gescheitert. Sowohl Frauenkappelen als auch der Kanton Bern verwerfen die Neutralitätsinitiative.","https://thumb.wikimedia.org/wikipedia/commons/thumb/e/e0/CHE_Frauenkappelen_COA.svg/500px-CHE_Frauenkappelen_COA.svg.png"
665,37.9,37.9,62.1,"Gurbrü BE","Gurbrü verwirft die Neutralitätsinitiative mit 54 zu 33 Stimmen. Sowohl Gurbrü als auch der Kanton Bern verwerfen die Neutralitätsinitiative.","https://thumb.wikimedia.org/wikipedia/commons/thumb/e/e1/CHE_Gurbr%C3%BC_BE_COA.svg/500px-CHE_Gurbr%C3%BC_BE_COA.svg.png"
666,35.4,35.4,64.6,"Kriechenwil BE","In Kriechenwil ist die Neutralitätsinitiative mit 64,6 Prozent der Stimmen gescheitert. Sowohl Kriechenwil als auch der Kanton Bern verwerfen die Neutralitätsinitiative.","https://thumb.wikimedia.org/wikipedia/commons/thumb/8/86/CHE_Kriechenwil_COA.svg/960px-CHE_Kriechenwil_COA.svg.png"
667,19.2,19.2,80.8,"Laupen BE","Nein zur Neutralitätsinitiative in Laupen: 80,8 Prozent. Sowohl Laupen als auch der Kanton Bern verwerfen die Neutralitätsinitiative.","https://thumb.wikimedia.org/wikipedia/commons/thumb/4/46/CHE_Laupen_BE_COA.svg/500px-CHE_Laupen_BE_COA.svg.png"
668,28.3,28.3,71.7,"Mühleberg BE","Mit 71,7 Prozent wird die Neutralitätsinitiative in Mühleberg verworfen. Sowohl Mühleberg als auch der Kanton Bern verwerfen die Neutralitätsinitiative.","https://thumb.wikimedia.org/wikipedia/commons/thumb/6/6c/CHE_M%C3%BChleberg_COA.svg/500px-CHE_M%C3%BChleberg_COA.svg.png"
669,27.8,27.8,72.2,"Münchenwiler BE","72,2 Prozent der Stimmbürgerinnen und Stimmbürger von Münchenwiler haben die Neutralitätsinitiative abgelehnt. Sowohl Münchenwiler als auch der Kanton Bern verwerfen die Neutralitätsinitiative.","https://thumb.wikimedia.org/wikipedia/commons/thumb/b/b5/CHE_M%C3%BCnchenwiler_COA.svg/500px-CHE_M%C3%BCnchenwiler_COA.svg.png"
670,27.4,27.4,72.6,"Neuenegg BE","72,6 Prozent der Stimmbürgerinnen und Stimmbürger von Neuenegg haben die Neutralitätsinitiative abgelehnt. Sowohl Neuenegg als auch der Kanton Bern verwerfen die Neutralitätsinitiative.","https://thumb.wikimedia.org/wikipedia/commons/thumb/7/7d/CHE_Neuenegg_COA.svg/500px-CHE_Neuenegg_COA.svg.png"
671,43.1,43.1,56.9,"Wileroltigen BE","56,9 Prozent der Stimmbürgerinnen und Stimmbürger von Wileroltigen haben die Neutralitätsinitiative abgelehnt. Sowohl Wileroltigen als auch der Kanton Bern verwerfen die Neutralitätsinitiative.","https://thumb.wikimedia.org/wikipedia/commons/thumb/b/b4/CHE_Wileroltigen_COA.svg/500px-CHE_Wileroltigen_COA.svg.png"
681,31.9,31.9,68.1,"Belprahon BE","Belprahon verwirft die Neutralitätsinitiative mit 62 zu 29 Stimmen. Sowohl Belprahon als auch der Kanton Bern verwerfen die Neutralitätsinitiative.","https://thumb.wikimedia.org/wikipedia/commons/thumb/d/df/CHE_Belprahon_COA.svg/500px-CHE_Belprahon_COA.svg.png"
683,59.3,59.3,40.7,"Champoz BE","Die Neutralitätsinitiative wird in Champoz mit 51 zu 35 Stimmen angenommen. Champoz sagt Ja zur Neutralitätsinitiative, im Kanton Bern überwiegt das Nein.","https://thumb.wikimedia.org/wikipedia/commons/thumb/8/89/CHE_Champoz_COA.svg/500px-CHE_Champoz_COA.svg.png"
687,49.4,49.4,50.6,"Corcelles BE","Corcelles BE verwirft die Neutralitätsinitiative mit 41 zu 40 Stimmen. Sowohl Corcelles BE als auch der Kanton Bern verwerfen die Neutralitätsinitiative.","https://thumb.wikimedia.org/wikipedia/commons/thumb/f/f4/CHE_Corcelles_COA.svg/500px-CHE_Corcelles_COA.svg.png"
690,39.1,39.1,60.9,"Court BE","60,9 Prozent der Stimmbürgerinnen und Stimmbürger von Court haben die Neutralitätsinitiative abgelehnt. Sowohl Court als auch der Kanton Bern verwerfen die Neutralitätsinitiative.","https://thumb.wikimedia.org/wikipedia/commons/thumb/2/2e/CHE_Court_COA.svg/500px-CHE_Court_COA.svg.png"
691,47.3,47.3,52.7,"Crémines BE","52,7 Prozent der Stimmbürgerinnen und Stimmbürger von Crémines haben die Neutralitätsinitiative abgelehnt. Sowohl Crémines als auch der Kanton Bern verwerfen die Neutralitätsinitiative.","https://thumb.wikimedia.org/wikipedia/commons/thumb/4/43/CHE_Cr%C3%A9mines_COA.svg/500px-CHE_Cr%C3%A9mines_COA.svg.png"
692,52.7,52.7,47.3,"Eschert BE","Eschert stimmt der Neutralitätsinitiative mit 52,7 Prozent zu. Eschert sagt Ja zur Neutralitätsinitiative, im Kanton Bern überwiegt das Nein.","https://thumb.wikimedia.org/wikipedia/commons/thumb/7/7d/CHE_Eschert_COA.svg/500px-CHE_Eschert_COA.svg.png"
694,52.2,52.2,47.8,"Grandval BE","Grandval stimmt der Neutralitätsinitiative mit 52,2 Prozent zu. Grandval sagt Ja zur Neutralitätsinitiative, im Kanton Bern überwiegt das Nein.","https://thumb.wikimedia.org/wikipedia/commons/thumb/b/be/CHE_Grandval_COA.svg/500px-CHE_Grandval_COA.svg.png"
696,51.2,51.2,48.8,"Loveresse BE","In Loveresse wird die Neutralitätsinitiative mit 51,2 Prozent angenommen. Loveresse sagt Ja zur Neutralitätsinitiative, im Kanton Bern überwiegt das Nein.","https://thumb.wikimedia.org/wikipedia/commons/thumb/2/20/CHE_Loveresse_COA.svg/500px-CHE_Loveresse_COA.svg.png"
701,46.5,46.5,53.5,"Perrefitte BE","53,5 Prozent der Stimmbürgerinnen und Stimmbürger von Perrefitte haben die Neutralitätsinitiative abgelehnt. Sowohl Perrefitte als auch der Kanton Bern verwerfen die Neutralitätsinitiative.","https://thumb.wikimedia.org/wikipedia/commons/thumb/5/58/CHE_Perrefitte_COA.svg/500px-CHE_Perrefitte_COA.svg.png"
703,37.3,37.3,62.7,"Reconvilier BE","Mit 62,7 Prozent wird die Neutralitätsinitiative in Reconvilier verworfen. Sowohl Reconvilier als auch der Kanton Bern verwerfen die Neutralitätsinitiative.","https://thumb.wikimedia.org/wikipedia/commons/thumb/a/a3/CHE_Reconvilier_COA.svg/500px-CHE_Reconvilier_COA.svg.png"
704,61.4,61.4,38.6,"Roches BE","Die Neutralitätsinitiative wird in Roches BE mit 43 zu 27 Stimmen angenommen. Roches BE sagt Ja zur Neutralitätsinitiative, im Kanton Bern überwiegt das Nein.","https://thumb.wikimedia.org/wikipedia/commons/thumb/9/90/CHE_Roches_COA.svg/500px-CHE_Roches_COA.svg.png"
706,36.8,36.8,63.2,"Saicourt BE","Mit 63,2 Prozent wird die Neutralitätsinitiative in Saicourt verworfen. Sowohl Saicourt als auch der Kanton Bern verwerfen die Neutralitätsinitiative.","https://thumb.wikimedia.org/wikipedia/commons/thumb/6/69/CHE_Saicourt_COA.svg/500px-CHE_Saicourt_COA.svg.png"
707,50,50,50,"Saules BE","Unentschieden in Saules BE: Genau 30 Stimmberechtigte stimmen für und gegen die Neutralitätsinitiative.","https://thumb.wikimedia.org/wikipedia/commons/thumb/8/84/CHE_Saules_COA.svg/500px-CHE_Saules_COA.svg.png"
708,38.1,38.1,61.9,"Schelten BE","Schelten verwirft die Neutralitätsinitiative mit 13 zu 8 Stimmen. Sowohl Schelten als auch der Kanton Bern verwerfen die Neutralitätsinitiative.","https://thumb.wikimedia.org/wikipedia/commons/thumb/e/e5/CHE_Schelten_COA.svg/500px-CHE_Schelten_COA.svg.png"
709,61.1,61.1,38.9,"Seehof BE","Die Neutralitätsinitiative wird in Seehof mit 11 zu 7 Stimmen angenommen. Seehof sagt Ja zur Neutralitätsinitiative, im Kanton Bern überwiegt das Nein.","https://thumb.wikimedia.org/wikipedia/commons/thumb/1/1b/CHE_Seehof_COA.svg/500px-CHE_Seehof_COA.svg.png"
711,38.4,38.4,61.6,"Sorvilier BE","In Sorvilier ist die Neutralitätsinitiative mit 61,6 Prozent der Stimmen gescheitert. Sowohl Sorvilier als auch der Kanton Bern verwerfen die Neutralitätsinitiative.","https://thumb.wikimedia.org/wikipedia/commons/thumb/b/b4/CHE_Sorvilier_COA.svg/500px-CHE_Sorvilier_COA.svg.png"
713,35,35,65,"Tavannes BE","In Tavannes ist die Neutralitätsinitiative mit 65 Prozent der Stimmen gescheitert. Sowohl Tavannes als auch der Kanton Bern verwerfen die Neutralitätsinitiative.","https://thumb.wikimedia.org/wikipedia/commons/thumb/2/29/CHE_Tavannes_COA.svg/500px-CHE_Tavannes_COA.svg.png"
715,45,45,55,"Rebévelier BE","Rebévelier verwirft die Neutralitätsinitiative mit 11 zu 9 Stimmen. Sowohl Rebévelier als auch der Kanton Bern verwerfen die Neutralitätsinitiative.","https://thumb.wikimedia.org/wikipedia/commons/thumb/4/4d/CHE_Reb%C3%A9velier_COA.svg/500px-CHE_Reb%C3%A9velier_COA.svg.png"
716,42.7,42.7,57.3,"Petit-Val BE","57,3 Prozent der Stimmbürgerinnen und Stimmbürger von Petit-Val sprechen sich gegen die Neutralitätsinitiative aus. Sowohl Petit-Val als auch der Kanton Bern verwerfen die Neutralitätsinitiative.","https://thumb.wikimedia.org/wikipedia/commons/thumb/4/40/CHE_Petit-Val_COA.svg/500px-CHE_Petit-Val_COA.svg.png"
717,37.3,37.3,62.7,"Valbirse BE","Mit 62,7 Prozent wird die Neutralitätsinitiative in Valbirse verworfen. Sowohl Valbirse als auch der Kanton Bern verwerfen die Neutralitätsinitiative.","https://thumb.wikimedia.org/wikipedia/commons/thumb/a/a9/CHE_Valbirse_COA.svg/960px-CHE_Valbirse_COA.svg.png"
723,21.6,21.6,78.4,"Neuenstadt BE","In Neuenstadt ist die Neutralitätsinitiative mit 78,4 Prozent der Stimmen gescheitert. Sowohl Neuenstadt als auch der Kanton Bern verwerfen die Neutralitätsinitiative.","https://thumb.wikimedia.org/wikipedia/commons/thumb/b/b7/CHE_La_Neuveville_COA.svg/960px-CHE_La_Neuveville_COA.svg.png"
724,33.3,33.3,66.7,"Nods BE","Nein zur Neutralitätsinitiative in Nods: 66,7 Prozent. Sowohl Nods als auch der Kanton Bern verwerfen die Neutralitätsinitiative.","https://thumb.wikimedia.org/wikipedia/commons/thumb/0/0a/CHE_Nods_COA.svg/500px-CHE_Nods_COA.svg.png"
726,26.7,26.7,73.3,"Plateau de Diesse BE","In Plateau de Diesse ist die Neutralitätsinitiative mit 73,3 Prozent der Stimmen gescheitert. Sowohl Plateau de Diesse als auch der Kanton Bern verwerfen die Neutralitätsinitiative.","https://upload.wikimedia.org/wikipedia/de/0/02/GW-BE-Plateau-de-Diesse.png"
731,29.9,29.9,70.1,"Aegerten BE","In Aegerten ist die Neutralitätsinitiative mit 70,1 Prozent der Stimmen gescheitert. Sowohl Aegerten als auch der Kanton Bern verwerfen die Neutralitätsinitiative.","https://thumb.wikimedia.org/wikipedia/commons/thumb/b/b0/CHE_Aegerten_COA.svg/960px-CHE_Aegerten_COA.svg.png"
732,23.7,23.7,76.3,"Bellmund BE","76,3 Prozent der Stimmbürgerinnen und Stimmbürger von Bellmund haben die Neutralitätsinitiative abgelehnt. Sowohl Bellmund als auch der Kanton Bern verwerfen die Neutralitätsinitiative.","https://thumb.wikimedia.org/wikipedia/commons/thumb/6/62/CHE_Bellmund_COA.svg/960px-CHE_Bellmund_COA.svg.png"
733,24.1,24.1,75.9,"Brügg BE","Mit 75,9 Prozent wird die Neutralitätsinitiative in Brügg verworfen. Sowohl Brügg als auch der Kanton Bern verwerfen die Neutralitätsinitiative.","https://thumb.wikimedia.org/wikipedia/commons/thumb/a/a0/CHE_Br%C3%BCgg_COA.svg/500px-CHE_Br%C3%BCgg_COA.svg.png"
734,26.3,26.3,73.7,"Bühl BE","In Bühl ist die Neutralitätsinitiative mit 73,7 Prozent der Stimmen gescheitert. Sowohl Bühl als auch der Kanton Bern verwerfen die Neutralitätsinitiative.","https://thumb.wikimedia.org/wikipedia/commons/thumb/c/cd/CHE_B%C3%BChl_COA.svg/500px-CHE_B%C3%BChl_COA.svg.png"
735,35.9,35.9,64.1,"Epsach BE","64,1 Prozent der Stimmbürgerinnen und Stimmbürger von Epsach haben die Neutralitätsinitiative abgelehnt. Sowohl Epsach als auch der Kanton Bern verwerfen die Neutralitätsinitiative.","https://thumb.wikimedia.org/wikipedia/commons/thumb/a/ad/CHE_Epsach_COA.svg/500px-CHE_Epsach_COA.svg.png"
736,28.5,28.5,71.5,"Hagneck BE","In Hagneck ist die Neutralitätsinitiative mit 71,5 Prozent der Stimmen gescheitert. Sowohl Hagneck als auch der Kanton Bern verwerfen die Neutralitätsinitiative.","https://thumb.wikimedia.org/wikipedia/commons/thumb/9/92/CHE_Hagneck_COA.svg/500px-CHE_Hagneck_COA.svg.png"
737,32,32,68,"Hermrigen BE","Hermrigen verwirft die Neutralitätsinitiative mit 66 zu 31 Stimmen. Sowohl Hermrigen als auch der Kanton Bern verwerfen die Neutralitätsinitiative.","https://thumb.wikimedia.org/wikipedia/commons/thumb/3/33/CHE_Hermrigen_COA.svg/500px-CHE_Hermrigen_COA.svg.png"
738,25.7,25.7,74.3,"Jens BE","In Jens ist die Neutralitätsinitiative mit 74,3 Prozent der Stimmen gescheitert. Sowohl Jens als auch der Kanton Bern verwerfen die Neutralitätsinitiative.","https://thumb.wikimedia.org/wikipedia/commons/thumb/5/53/CHE_Jens_COA.svg/500px-CHE_Jens_COA.svg.png"
739,23.3,23.3,76.7,"Ipsach BE","76,7 Prozent der Stimmbürgerinnen und Stimmbürger von Ipsach haben die Neutralitätsinitiative abgelehnt. Sowohl Ipsach als auch der Kanton Bern verwerfen die Neutralitätsinitiative.","https://thumb.wikimedia.org/wikipedia/commons/thumb/7/75/CHE_Ipsach_COA.svg/960px-CHE_Ipsach_COA.svg.png"
740,17,17,83,"Ligerz BE","Nein zur Neutralitätsinitiative in Ligerz: 83 Prozent. Sowohl Ligerz als auch der Kanton Bern verwerfen die Neutralitätsinitiative.","https://thumb.wikimedia.org/wikipedia/commons/thumb/e/e9/CHE_Ligerz_COA.svg/500px-CHE_Ligerz_COA.svg.png"
741,30.8,30.8,69.2,"Merzligen BE","69,2 Prozent der Stimmbürgerinnen und Stimmbürger von Merzligen sprechen sich gegen die Neutralitätsinitiative aus. Sowohl Merzligen als auch der Kanton Bern verwerfen die Neutralitätsinitiative.","https://thumb.wikimedia.org/wikipedia/commons/thumb/2/2d/CHE_Merzligen_COA.svg/500px-CHE_Merzligen_COA.svg.png"
742,25.8,25.8,74.2,"Mörigen BE","74,2 Prozent der Stimmbürgerinnen und Stimmbürger von Mörigen haben die Neutralitätsinitiative abgelehnt. Sowohl Mörigen als auch der Kanton Bern verwerfen die Neutralitätsinitiative.","https://thumb.wikimedia.org/wikipedia/commons/thumb/b/b5/CHE_M%C3%B6rigen_COA.svg/500px-CHE_M%C3%B6rigen_COA.svg.png"
743,21.6,21.6,78.4,"Nidau BE","Nein zur Neutralitätsinitiative in Nidau: 78,4 Prozent. Sowohl Nidau als auch der Kanton Bern verwerfen die Neutralitätsinitiative.","https://thumb.wikimedia.org/wikipedia/commons/thumb/3/39/CHE_Nidau_COA.svg/960px-CHE_Nidau_COA.svg.png"
744,33.6,33.6,66.4,"Orpund BE","66,4 Prozent der Stimmbürgerinnen und Stimmbürger von Orpund haben die Neutralitätsinitiative abgelehnt. Sowohl Orpund als auch der Kanton Bern verwerfen die Neutralitätsinitiative.","https://thumb.wikimedia.org/wikipedia/commons/thumb/7/76/CHE_Orpund_COA.svg/500px-CHE_Orpund_COA.svg.png"
745,20.6,20.6,79.4,"Port BE","Mit 79,4 Prozent wird die Neutralitätsinitiative in Port verworfen. Sowohl Port als auch der Kanton Bern verwerfen die Neutralitätsinitiative.","https://thumb.wikimedia.org/wikipedia/commons/thumb/4/44/CHE_Port_BE_COA.svg/500px-CHE_Port_BE_COA.svg.png"
746,31.8,31.8,68.2,"Safnern BE","68,2 Prozent der Stimmbürgerinnen und Stimmbürger von Safnern haben die Neutralitätsinitiative abgelehnt. Sowohl Safnern als auch der Kanton Bern verwerfen die Neutralitätsinitiative.","https://thumb.wikimedia.org/wikipedia/commons/thumb/9/90/CHE_Safnern_COA.svg/500px-CHE_Safnern_COA.svg.png"
747,39,39,61,"Scheuren BE","In Scheuren ist die Neutralitätsinitiative mit 61 Prozent der Stimmen gescheitert. Sowohl Scheuren als auch der Kanton Bern verwerfen die Neutralitätsinitiative.","https://thumb.wikimedia.org/wikipedia/commons/thumb/e/eb/CHE_Scheuren_COA.svg/500px-CHE_Scheuren_COA.svg.png"
748,41.7,41.7,58.3,"Schwadernau BE","58,3 Prozent der Stimmbürgerinnen und Stimmbürger von Schwadernau haben die Neutralitätsinitiative abgelehnt. Sowohl Schwadernau als auch der Kanton Bern verwerfen die Neutralitätsinitiative.","https://thumb.wikimedia.org/wikipedia/commons/thumb/a/af/CHE_Schwadernau_COA.svg/500px-CHE_Schwadernau_COA.svg.png"
749,28.4,28.4,71.6,"Studen BE","71,6 Prozent der Stimmbürgerinnen und Stimmbürger von Studen BE sprechen sich gegen die Neutralitätsinitiative aus. Sowohl Studen BE als auch der Kanton Bern verwerfen die Neutralitätsinitiative.","https://thumb.wikimedia.org/wikipedia/commons/thumb/c/c8/CHE_Studen_COA.svg/500px-CHE_Studen_COA.svg.png"
750,26.1,26.1,73.9,"Sutz-Lattrigen BE","Nein zur Neutralitätsinitiative in Sutz-Lattrigen: 73,9 Prozent. Sowohl Sutz-Lattrigen als auch der Kanton Bern verwerfen die Neutralitätsinitiative.","https://thumb.wikimedia.org/wikipedia/commons/thumb/4/4e/CHE_Sutz-Lattrigen_COA.svg/500px-CHE_Sutz-Lattrigen_COA.svg.png"
751,24.9,24.9,75.1,"Täuffelen BE","In Täuffelen ist die Neutralitätsinitiative mit 75,1 Prozent der Stimmen gescheitert. Sowohl Täuffelen als auch der Kanton Bern verwerfen die Neutralitätsinitiative.","https://thumb.wikimedia.org/wikipedia/commons/thumb/1/19/CHE_T%C3%A4uffelen_COA.svg/500px-CHE_T%C3%A4uffelen_COA.svg.png"
754,28.5,28.5,71.5,"Walperswil BE","71,5 Prozent der Stimmbürgerinnen und Stimmbürger von Walperswil haben die Neutralitätsinitiative abgelehnt. Sowohl Walperswil als auch der Kanton Bern verwerfen die Neutralitätsinitiative.","https://thumb.wikimedia.org/wikipedia/commons/thumb/c/c3/CHE_Walperswil_COA.svg/960px-CHE_Walperswil_COA.svg.png"
755,31.7,31.7,68.3,"Worben BE","68,3 Prozent der Stimmbürgerinnen und Stimmbürger von Worben sprechen sich gegen die Neutralitätsinitiative aus. Sowohl Worben als auch der Kanton Bern verwerfen die Neutralitätsinitiative.","https://thumb.wikimedia.org/wikipedia/commons/thumb/1/11/CHE_Worben_COA.svg/500px-CHE_Worben_COA.svg.png"
756,20.8,20.8,79.2,"Twann-Tüscherz BE","In Twann-Tüscherz ist die Neutralitätsinitiative mit 79,2 Prozent der Stimmen gescheitert. Sowohl Twann-Tüscherz als auch der Kanton Bern verwerfen die Neutralitätsinitiative.","https://thumb.wikimedia.org/wikipedia/commons/thumb/2/2a/CHE_Twann-T%C3%BCscherz_COA.svg/500px-CHE_Twann-T%C3%BCscherz_COA.svg.png"
761,58.9,58.9,41.1,"Därstetten BE","In Därstetten wird die Neutralitätsinitiative mit 58,9 Prozent angenommen. Därstetten sagt Ja zur Neutralitätsinitiative, im Kanton Bern überwiegt das Nein.","https://thumb.wikimedia.org/wikipedia/commons/thumb/2/2e/CHE_D%C3%A4rstetten_COA.svg/960px-CHE_D%C3%A4rstetten_COA.svg.png"
762,56.2,56.2,43.8,"Diemtigen BE","Die Neutralitätsinitiative erreicht in Diemtigen 56,2 Prozent Ja-Stimmen. Diemtigen sagt Ja zur Neutralitätsinitiative, im Kanton Bern überwiegt das Nein.","https://thumb.wikimedia.org/wikipedia/commons/thumb/4/45/CHE_Diemtigen_COA.svg/500px-CHE_Diemtigen_COA.svg.png"
763,54.1,54.1,45.9,"Erlenbach im Simmental BE","Die Neutralitätsinitiative erreicht in Erlenbach im Simmental 54,1 Prozent Ja-Stimmen. Erlenbach im Simmental sagt Ja zur Neutralitätsinitiative, im Kanton Bern überwiegt das Nein.","https://thumb.wikimedia.org/wikipedia/commons/thumb/0/01/CHE_Erlenbach_im_Simmental_COA.svg/500px-CHE_Erlenbach_im_Simmental_COA.svg.png"
766,67.4,67.4,32.6,"Oberwil im Simmental BE","Oberwil im Simmental hat die Neutralitätsinitiative angenommen; der Ja-Stimmen-Anteil liegt bei 67,4 Prozent. Oberwil im Simmental sagt Ja zur Neutralitätsinitiative, im Kanton Bern überwiegt das Nein.","https://thumb.wikimedia.org/wikipedia/commons/thumb/b/b8/CHE_Oberwil_im_Simmental_COA.svg/500px-CHE_Oberwil_im_Simmental_COA.svg.png"
767,45,45,55,"Reutigen BE","55 Prozent der Stimmbürgerinnen und Stimmbürger von Reutigen sprechen sich gegen die Neutralitätsinitiative aus. Sowohl Reutigen als auch der Kanton Bern verwerfen die Neutralitätsinitiative.","https://thumb.wikimedia.org/wikipedia/commons/thumb/d/d3/CHE_Reutigen_COA.svg/960px-CHE_Reutigen_COA.svg.png"
768,27.1,27.1,72.9,"Spiez BE","72,9 Prozent der Stimmbürgerinnen und Stimmbürger von Spiez haben die Neutralitätsinitiative abgelehnt. Sowohl Spiez als auch der Kanton Bern verwerfen die Neutralitätsinitiative.","https://thumb.wikimedia.org/wikipedia/commons/thumb/4/4b/CHE_Spiez_COA.svg/500px-CHE_Spiez_COA.svg.png"
769,42.9,42.9,57.1,"Wimmis BE","Mit 57,1 Prozent wird die Neutralitätsinitiative in Wimmis verworfen. Sowohl Wimmis als auch der Kanton Bern verwerfen die Neutralitätsinitiative.","https://thumb.wikimedia.org/wikipedia/commons/thumb/a/a4/CHE_Wimmis_COA.svg/500px-CHE_Wimmis_COA.svg.png"
770,45.2,45.2,54.8,"Stocken-Höfen BE","In Stocken-Höfen ist die Neutralitätsinitiative mit 54,8 Prozent der Stimmen gescheitert. Sowohl Stocken-Höfen als auch der Kanton Bern verwerfen die Neutralitätsinitiative.","https://thumb.wikimedia.org/wikipedia/commons/thumb/3/34/CHE_Stocken-H%C3%B6fen_COA.svg/960px-CHE_Stocken-H%C3%B6fen_COA.svg.png"
782,28.6,28.6,71.4,"Guttannen BE","Mit 70 Nein- zu 28 Ja-Stimmen lehnt Guttannen die Neutralitätsinitiative ab. Sowohl Guttannen als auch der Kanton Bern verwerfen die Neutralitätsinitiative.","https://thumb.wikimedia.org/wikipedia/commons/thumb/1/13/CHE_Guttannen_COA.svg/500px-CHE_Guttannen_COA.svg.png"
783,42.9,42.9,57.1,"Hasliberg BE","57,1 Prozent der Stimmbürgerinnen und Stimmbürger von Hasliberg haben die Neutralitätsinitiative abgelehnt. Sowohl Hasliberg als auch der Kanton Bern verwerfen die Neutralitätsinitiative.","https://thumb.wikimedia.org/wikipedia/commons/thumb/8/83/CHE_Hasliberg_COA.svg/500px-CHE_Hasliberg_COA.svg.png"
784,42.9,42.9,57.1,"Innertkirchen BE","In Innertkirchen ist die Neutralitätsinitiative mit 57,1 Prozent der Stimmen gescheitert. Sowohl Innertkirchen als auch der Kanton Bern verwerfen die Neutralitätsinitiative.","https://thumb.wikimedia.org/wikipedia/commons/thumb/4/42/CHE_Innertkirchen_COA.svg/500px-CHE_Innertkirchen_COA.svg.png"
785,32.3,32.3,67.7,"Meiringen BE","Mit 67,7 Prozent wird die Neutralitätsinitiative in Meiringen verworfen. Sowohl Meiringen als auch der Kanton Bern verwerfen die Neutralitätsinitiative.","https://thumb.wikimedia.org/wikipedia/commons/thumb/8/8b/CHE_Meiringen_COA.svg/500px-CHE_Meiringen_COA.svg.png"
786,45.2,45.2,54.8,"Schattenhalb BE","54,8 Prozent der Stimmbürgerinnen und Stimmbürger von Schattenhalb haben die Neutralitätsinitiative abgelehnt. Sowohl Schattenhalb als auch der Kanton Bern verwerfen die Neutralitätsinitiative.","https://thumb.wikimedia.org/wikipedia/commons/thumb/0/0b/CHE_Schattenhalb_COA.svg/500px-CHE_Schattenhalb_COA.svg.png"
791,59.3,59.3,40.7,"Boltigen BE","Ja zur Neutralitätsinitiative in Boltigen: 59,3 Prozent. Boltigen sagt Ja zur Neutralitätsinitiative, im Kanton Bern überwiegt das Nein.","https://thumb.wikimedia.org/wikipedia/commons/thumb/9/95/CHE_Boltigen_COA.svg/500px-CHE_Boltigen_COA.svg.png"
792,43.2,43.2,56.8,"Lenk BE","Nein zur Neutralitätsinitiative in Lenk: 56,8 Prozent. Sowohl Lenk als auch der Kanton Bern verwerfen die Neutralitätsinitiative.","https://thumb.wikimedia.org/wikipedia/commons/thumb/1/13/CHE_Lenk_COA.svg/500px-CHE_Lenk_COA.svg.png"
793,62.7,62.7,37.3,"St. Stephan BE","Ja zur Neutralitätsinitiative in St. Stephan: 62,7 Prozent. St. Stephan sagt Ja zur Neutralitätsinitiative, im Kanton Bern überwiegt das Nein.","https://thumb.wikimedia.org/wikipedia/commons/thumb/f/f9/CHE_St_Stephan_COA.svg/500px-CHE_St_Stephan_COA.svg.png"
794,38.6,38.6,61.4,"Zweisimmen BE","Mit 61,4 Prozent wird die Neutralitätsinitiative in Zweisimmen verworfen. Sowohl Zweisimmen als auch der Kanton Bern verwerfen die Neutralitätsinitiative.","https://thumb.wikimedia.org/wikipedia/commons/thumb/e/ec/CHE_Zweisimmen_COA.svg/960px-CHE_Zweisimmen_COA.svg.png"
841,46.6,46.6,53.4,"Gsteig BE","53,4 Prozent der Stimmbürgerinnen und Stimmbürger von Gsteig sprechen sich gegen die Neutralitätsinitiative aus. Sowohl Gsteig als auch der Kanton Bern verwerfen die Neutralitätsinitiative.","https://thumb.wikimedia.org/wikipedia/commons/thumb/8/85/CHE_Gsteig_bei_Gstaad_COA.svg/500px-CHE_Gsteig_bei_Gstaad_COA.svg.png"
842,58.3,58.3,41.7,"Lauenen BE","Die Neutralitätsinitiative erreicht in Lauenen 58,3 Prozent Ja-Stimmen. Lauenen sagt Ja zur Neutralitätsinitiative, im Kanton Bern überwiegt das Nein.","https://thumb.wikimedia.org/wikipedia/commons/thumb/c/c8/CHE_Lauenen_COA.svg/500px-CHE_Lauenen_COA.svg.png"
843,41.7,41.7,58.3,"Saanen BE","In Saanen ist die Neutralitätsinitiative mit 58,3 Prozent der Stimmen gescheitert. Sowohl Saanen als auch der Kanton Bern verwerfen die Neutralitätsinitiative.","https://thumb.wikimedia.org/wikipedia/commons/thumb/a/a7/CHE_Saanen_COA.svg/500px-CHE_Saanen_COA.svg.png"
852,46,46,54,"Guggisberg BE","In Guggisberg ist die Neutralitätsinitiative mit 54 Prozent der Stimmen gescheitert. Sowohl Guggisberg als auch der Kanton Bern verwerfen die Neutralitätsinitiative.","https://thumb.wikimedia.org/wikipedia/commons/thumb/d/d1/CHE_Guggisberg_COA.svg/500px-CHE_Guggisberg_COA.svg.png"
853,47.2,47.2,52.8,"Rüschegg BE","52,8 Prozent der Stimmbürgerinnen und Stimmbürger von Rüschegg haben die Neutralitätsinitiative abgelehnt. Sowohl Rüschegg als auch der Kanton Bern verwerfen die Neutralitätsinitiative.","https://thumb.wikimedia.org/wikipedia/commons/thumb/c/c8/CHE_R%C3%BCschegg_COA.svg/500px-CHE_R%C3%BCschegg_COA.svg.png"
855,30.2,30.2,69.8,"Schwarzenburg BE","In Schwarzenburg ist die Neutralitätsinitiative mit 69,8 Prozent der Stimmen gescheitert. Sowohl Schwarzenburg als auch der Kanton Bern verwerfen die Neutralitätsinitiative.","https://thumb.wikimedia.org/wikipedia/commons/thumb/5/50/CHE_Schwarzenburg_COA.svg/960px-CHE_Schwarzenburg_COA.svg.png"
861,25.5,25.5,74.5,"Belp BE","74,5 Prozent der Stimmbürgerinnen und Stimmbürger von Belp haben die Neutralitätsinitiative abgelehnt. Sowohl Belp als auch der Kanton Bern verwerfen die Neutralitätsinitiative.","https://thumb.wikimedia.org/wikipedia/commons/thumb/4/44/CHE_Belp_BE_COA.svg/500px-CHE_Belp_BE_COA.svg.png"
863,37.5,37.5,62.5,"Burgistein BE","Nein zur Neutralitätsinitiative in Burgistein: 62,5 Prozent. Sowohl Burgistein als auch der Kanton Bern verwerfen die Neutralitätsinitiative.","https://thumb.wikimedia.org/wikipedia/commons/thumb/a/ad/CHE_Burgistein_COA.svg/500px-CHE_Burgistein_COA.svg.png"
866,35.9,35.9,64.1,"Gerzensee BE","64,1 Prozent der Stimmbürgerinnen und Stimmbürger von Gerzensee haben die Neutralitätsinitiative abgelehnt. Sowohl Gerzensee als auch der Kanton Bern verwerfen die Neutralitätsinitiative.","https://thumb.wikimedia.org/wikipedia/commons/thumb/1/10/CHE_Gerzensee_COA.svg/500px-CHE_Gerzensee_COA.svg.png"
867,37.6,37.6,62.4,"Gurzelen BE","62,4 Prozent der Stimmbürgerinnen und Stimmbürger von Gurzelen haben die Neutralitätsinitiative abgelehnt. Sowohl Gurzelen als auch der Kanton Bern verwerfen die Neutralitätsinitiative.","https://thumb.wikimedia.org/wikipedia/commons/thumb/9/99/CHE_Gurzelen_COA.svg/960px-CHE_Gurzelen_COA.svg.png"
868,24.2,24.2,75.8,"Jaberg BE","In Jaberg ist die Neutralitätsinitiative mit 75,8 Prozent der Stimmen gescheitert. Sowohl Jaberg als auch der Kanton Bern verwerfen die Neutralitätsinitiative.","https://thumb.wikimedia.org/wikipedia/commons/thumb/5/52/CHE_Jaberg_COA.svg/500px-CHE_Jaberg_COA.svg.png"
869,23.5,23.5,76.5,"Kaufdorf BE","Nein zur Neutralitätsinitiative in Kaufdorf: 76,5 Prozent. Sowohl Kaufdorf als auch der Kanton Bern verwerfen die Neutralitätsinitiative.","https://thumb.wikimedia.org/wikipedia/commons/thumb/3/3b/CHE_Kaufdorf_COA.svg/500px-CHE_Kaufdorf_COA.svg.png"
870,17.1,17.1,82.9,"Kehrsatz BE","Mit 82,9 Prozent wird die Neutralitätsinitiative in Kehrsatz verworfen. Sowohl Kehrsatz als auch der Kanton Bern verwerfen die Neutralitätsinitiative.","https://thumb.wikimedia.org/wikipedia/commons/thumb/b/b7/CHE_Kehrsatz_COA.svg/960px-CHE_Kehrsatz_COA.svg.png"
872,34.6,34.6,65.4,"Kirchdorf BE","In Kirchdorf BE ist die Neutralitätsinitiative mit 65,4 Prozent der Stimmen gescheitert. Sowohl Kirchdorf BE als auch der Kanton Bern verwerfen die Neutralitätsinitiative.","https://thumb.wikimedia.org/wikipedia/commons/thumb/5/5c/CHE_Kirchdorf_COA.svg/500px-CHE_Kirchdorf_COA.svg.png"
879,37.7,37.7,62.3,"Riggisberg BE","In Riggisberg ist die Neutralitätsinitiative mit 62,3 Prozent der Stimmen gescheitert. Sowohl Riggisberg als auch der Kanton Bern verwerfen die Neutralitätsinitiative.","https://thumb.wikimedia.org/wikipedia/commons/thumb/f/f4/CHE_Riggisberg_COA.svg/960px-CHE_Riggisberg_COA.svg.png"
880,40.1,40.1,59.9,"Rüeggisberg BE","Nein zur Neutralitätsinitiative in Rüeggisberg: 59,9 Prozent. Sowohl Rüeggisberg als auch der Kanton Bern verwerfen die Neutralitätsinitiative.","https://thumb.wikimedia.org/wikipedia/commons/thumb/3/3c/CHE_R%C3%BCeggisberg_COA.svg/500px-CHE_R%C3%BCeggisberg_COA.svg.png"
883,34.8,34.8,65.2,"Seftigen BE","In Seftigen ist die Neutralitätsinitiative mit 65,2 Prozent der Stimmen gescheitert. Sowohl Seftigen als auch der Kanton Bern verwerfen die Neutralitätsinitiative.","https://thumb.wikimedia.org/wikipedia/commons/thumb/2/2b/CHE_Seftigen_COA.svg/500px-CHE_Seftigen_COA.svg.png"
884,26.6,26.6,73.4,"Toffen BE","Nein zur Neutralitätsinitiative in Toffen: 73,4 Prozent. Sowohl Toffen als auch der Kanton Bern verwerfen die Neutralitätsinitiative.","https://thumb.wikimedia.org/wikipedia/commons/thumb/7/71/CHE_Toffen_COA.svg/500px-CHE_Toffen_COA.svg.png"
885,31.8,31.8,68.2,"Uttigen BE","68,2 Prozent der Stimmbürgerinnen und Stimmbürger von Uttigen haben die Neutralitätsinitiative abgelehnt. Sowohl Uttigen als auch der Kanton Bern verwerfen die Neutralitätsinitiative.","https://thumb.wikimedia.org/wikipedia/commons/thumb/b/bc/CHE_Uttigen_COA.svg/500px-CHE_Uttigen_COA.svg.png"
886,37.8,37.8,62.2,"Wattenwil BE","Nein zur Neutralitätsinitiative in Wattenwil: 62,2 Prozent. Sowohl Wattenwil als auch der Kanton Bern verwerfen die Neutralitätsinitiative.","https://thumb.wikimedia.org/wikipedia/commons/thumb/3/34/CHE_Wattenwil_COA.svg/500px-CHE_Wattenwil_COA.svg.png"
888,34.1,34.1,65.9,"Wald BE","65,9 Prozent der Stimmbürgerinnen und Stimmbürger von Wald BE haben die Neutralitätsinitiative abgelehnt. Sowohl Wald BE als auch der Kanton Bern verwerfen die Neutralitätsinitiative.","https://thumb.wikimedia.org/wikipedia/commons/thumb/0/01/CHE_Wald_BE_COA.svg/960px-CHE_Wald_BE_COA.svg.png"
889,27.3,27.3,72.7,"Thurnen BE","Nein zur Neutralitätsinitiative in Thurnen: 72,7 Prozent. Sowohl Thurnen als auch der Kanton Bern verwerfen die Neutralitätsinitiative.","https://thumb.wikimedia.org/wikipedia/commons/thumb/f/f1/CHE_Thurnen_COA.svg/500px-CHE_Thurnen_COA.svg.png"
901,50.5,50.5,49.5,"Eggiwil BE","Ja zur Neutralitätsinitiative in Eggiwil: 50,5 Prozent. Eggiwil sagt Ja zur Neutralitätsinitiative, im Kanton Bern überwiegt das Nein.","https://thumb.wikimedia.org/wikipedia/commons/thumb/a/a0/CHE_Eggiwil_COA.svg/500px-CHE_Eggiwil_COA.svg.png"
902,29.5,29.5,70.5,"Langnau im Emmental BE","In Langnau im Emmental ist die Neutralitätsinitiative mit 70,5 Prozent der Stimmen gescheitert. Sowohl Langnau im Emmental als auch der Kanton Bern verwerfen die Neutralitätsinitiative.","https://thumb.wikimedia.org/wikipedia/commons/thumb/3/32/CHE_Langnau_im_Emmental_COA.svg/500px-CHE_Langnau_im_Emmental_COA.svg.png"
903,41,41,59,"Lauperswil BE","Nein zur Neutralitätsinitiative in Lauperswil: 59 Prozent. Sowohl Lauperswil als auch der Kanton Bern verwerfen die Neutralitätsinitiative.","https://thumb.wikimedia.org/wikipedia/commons/thumb/3/38/CHE_Lauperswil_COA.svg/500px-CHE_Lauperswil_COA.svg.png"
904,55.9,55.9,44.1,"Röthenbach im Emmental BE","Röthenbach im Emmental hat die Neutralitätsinitiative angenommen; der Ja-Stimmen-Anteil liegt bei 55,9 Prozent. Röthenbach im Emmental sagt Ja zur Neutralitätsinitiative, im Kanton Bern überwiegt das Nein.","https://thumb.wikimedia.org/wikipedia/commons/thumb/2/2a/CHE_R%C3%B6thenbach_im_Emmental_COA.svg/500px-CHE_R%C3%B6thenbach_im_Emmental_COA.svg.png"
905,39.7,39.7,60.3,"Rüderswil BE","In Rüderswil ist die Neutralitätsinitiative mit 60,3 Prozent der Stimmen gescheitert. Sowohl Rüderswil als auch der Kanton Bern verwerfen die Neutralitätsinitiative.","https://thumb.wikimedia.org/wikipedia/commons/thumb/d/d8/CHE_R%C3%BCderswil_COA.svg/500px-CHE_R%C3%BCderswil_COA.svg.png"
906,63.4,63.4,36.6,"Schangnau BE","In Schangnau ist die Neutralitätsinitiative mit 63,4 Prozent der Stimmen angenommen worden. Schangnau sagt Ja zur Neutralitätsinitiative, im Kanton Bern überwiegt das Nein.","https://thumb.wikimedia.org/wikipedia/commons/thumb/4/45/CHE_Schangnau_COA.svg/960px-CHE_Schangnau_COA.svg.png"
907,38.5,38.5,61.5,"Signau BE","61,5 Prozent der Stimmbürgerinnen und Stimmbürger von Signau haben die Neutralitätsinitiative abgelehnt. Sowohl Signau als auch der Kanton Bern verwerfen die Neutralitätsinitiative.","https://thumb.wikimedia.org/wikipedia/commons/thumb/a/a2/CHE_Signau_COA.svg/960px-CHE_Signau_COA.svg.png"
908,45.8,45.8,54.2,"Trub BE","In Trub ist die Neutralitätsinitiative mit 54,2 Prozent der Stimmen gescheitert. Sowohl Trub als auch der Kanton Bern verwerfen die Neutralitätsinitiative.","https://thumb.wikimedia.org/wikipedia/commons/thumb/4/47/CHE_Trub_COA.svg/500px-CHE_Trub_COA.svg.png"
909,36.2,36.2,63.8,"Trubschachen BE","In Trubschachen ist die Neutralitätsinitiative mit 63,8 Prozent der Stimmen gescheitert. Sowohl Trubschachen als auch der Kanton Bern verwerfen die Neutralitätsinitiative.","https://thumb.wikimedia.org/wikipedia/commons/thumb/f/ff/CHE_Trubschachen_COA.svg/500px-CHE_Trubschachen_COA.svg.png"
921,30.7,30.7,69.3,"Amsoldingen BE","69,3 Prozent der Stimmbürgerinnen und Stimmbürger von Amsoldingen haben die Neutralitätsinitiative abgelehnt. Sowohl Amsoldingen als auch der Kanton Bern verwerfen die Neutralitätsinitiative.","https://thumb.wikimedia.org/wikipedia/commons/thumb/2/27/CHE_Amsoldingen_COA.svg/960px-CHE_Amsoldingen_COA.svg.png"
922,42.2,42.2,57.8,"Blumenstein BE","57,8 Prozent der Stimmbürgerinnen und Stimmbürger von Blumenstein haben die Neutralitätsinitiative abgelehnt. Sowohl Blumenstein als auch der Kanton Bern verwerfen die Neutralitätsinitiative.","https://thumb.wikimedia.org/wikipedia/commons/thumb/7/73/CHE_Blumenstein_COA.svg/500px-CHE_Blumenstein_COA.svg.png"
923,59.1,59.1,40.9,"Buchholterberg BE","In Buchholterberg ist die Neutralitätsinitiative mit 59,1 Prozent der Stimmen angenommen worden. Buchholterberg sagt Ja zur Neutralitätsinitiative, im Kanton Bern überwiegt das Nein.","https://thumb.wikimedia.org/wikipedia/commons/thumb/e/e4/CHE_Buchholterberg_COA.svg/500px-CHE_Buchholterberg_COA.svg.png"
924,64.7,64.7,35.3,"Eriz BE","Ja zur Neutralitätsinitiative in Eriz: 64,7 Prozent. Eriz sagt Ja zur Neutralitätsinitiative, im Kanton Bern überwiegt das Nein.","https://thumb.wikimedia.org/wikipedia/commons/thumb/b/b9/CHE_Eriz_COA.svg/500px-CHE_Eriz_COA.svg.png"
925,40.7,40.7,59.3,"Fahrni BE","In Fahrni ist die Neutralitätsinitiative mit 59,3 Prozent der Stimmen gescheitert. Sowohl Fahrni als auch der Kanton Bern verwerfen die Neutralitätsinitiative.","https://thumb.wikimedia.org/wikipedia/commons/thumb/1/1f/CHE_Fahrni_COA.svg/960px-CHE_Fahrni_COA.svg.png"
927,42.5,42.5,57.5,"Heiligenschwendi BE","57,5 Prozent der Stimmbürgerinnen und Stimmbürger von Heiligenschwendi sprechen sich gegen die Neutralitätsinitiative aus. Sowohl Heiligenschwendi als auch der Kanton Bern verwerfen die Neutralitätsinitiative.","https://thumb.wikimedia.org/wikipedia/commons/thumb/c/c7/CHE_Heiligenschwendi_COA.svg/500px-CHE_Heiligenschwendi_COA.svg.png"
928,33.5,33.5,66.5,"Heimberg BE","Mit 66,5 Prozent wird die Neutralitätsinitiative in Heimberg verworfen. Sowohl Heimberg als auch der Kanton Bern verwerfen die Neutralitätsinitiative.","https://thumb.wikimedia.org/wikipedia/commons/thumb/f/f7/CHE_Heimberg_COA.svg/500px-CHE_Heimberg_COA.svg.png"
929,22.8,22.8,77.2,"Hilterfingen BE","In Hilterfingen ist die Neutralitätsinitiative mit 77,2 Prozent der Stimmen gescheitert. Sowohl Hilterfingen als auch der Kanton Bern verwerfen die Neutralitätsinitiative.","https://thumb.wikimedia.org/wikipedia/commons/thumb/0/09/CHE_Hilterfingen_COA.svg/500px-CHE_Hilterfingen_COA.svg.png"
931,63.6,63.6,36.4,"Homberg BE","Ja zur Neutralitätsinitiative in Homberg: 63,6 Prozent. Homberg sagt Ja zur Neutralitätsinitiative, im Kanton Bern überwiegt das Nein.","https://thumb.wikimedia.org/wikipedia/commons/thumb/4/4c/CHE_Homberg_COA.svg/500px-CHE_Homberg_COA.svg.png"
932,73.1,73.1,26.9,"Horrenbach-Buchen BE","Die Neutralitätsinitiative wird in Horrenbach-Buchen mit 57 zu 21 Stimmen angenommen. Horrenbach-Buchen erzielt im Kanton Bern den höchsten Ja-Anteil zur Neutralitätsinitiative.","https://thumb.wikimedia.org/wikipedia/commons/thumb/d/d9/CHE_Horrenbach-Buchen_COA.svg/500px-CHE_Horrenbach-Buchen_COA.svg.png"
934,26.5,26.5,73.5,"Oberhofen am Thunersee BE","73,5 Prozent der Stimmbürgerinnen und Stimmbürger von Oberhofen am Thunersee haben die Neutralitätsinitiative abgelehnt. Sowohl Oberhofen am Thunersee als auch der Kanton Bern verwerfen die Neutralitätsinitiative.","https://thumb.wikimedia.org/wikipedia/commons/thumb/0/01/CHE_Oberhofen_am_Thunersee_COA.svg/500px-CHE_Oberhofen_am_Thunersee_COA.svg.png"
935,57.1,57.1,42.9,"Oberlangenegg BE","Mit 57,1 Prozent befürworten die Stimmberechtigten von Oberlangenegg die Neutralitätsinitiative. Oberlangenegg sagt Ja zur Neutralitätsinitiative, im Kanton Bern überwiegt das Nein.","https://thumb.wikimedia.org/wikipedia/commons/thumb/6/63/CHE_Oberlangenegg_COA.svg/500px-CHE_Oberlangenegg_COA.svg.png"
936,55.1,55.1,44.9,"Pohlern BE","Die Neutralitätsinitiative wird in Pohlern mit 49 zu 40 Stimmen angenommen. Pohlern sagt Ja zur Neutralitätsinitiative, im Kanton Bern überwiegt das Nein.","https://thumb.wikimedia.org/wikipedia/commons/thumb/b/b9/CHE_Pohlern_COA.svg/500px-CHE_Pohlern_COA.svg.png"
938,45.3,45.3,54.7,"Sigriswil BE","Nein zur Neutralitätsinitiative in Sigriswil: 54,7 Prozent. Sowohl Sigriswil als auch der Kanton Bern verwerfen die Neutralitätsinitiative.","https://thumb.wikimedia.org/wikipedia/commons/thumb/2/2e/CHE_Sigriswil_COA.svg/500px-CHE_Sigriswil_COA.svg.png"
939,28,28,72,"Steffisburg BE","In Steffisburg ist die Neutralitätsinitiative mit 72 Prozent der Stimmen gescheitert. Sowohl Steffisburg als auch der Kanton Bern verwerfen die Neutralitätsinitiative.","https://thumb.wikimedia.org/wikipedia/commons/thumb/8/87/CHE_Steffisburg_COA.svg/500px-CHE_Steffisburg_COA.svg.png"
940,58.7,58.7,41.3,"Teuffenthal BE","Die Neutralitätsinitiative wird in Teuffenthal BE mit 44 zu 31 Stimmen angenommen. Teuffenthal BE sagt Ja zur Neutralitätsinitiative, im Kanton Bern überwiegt das Nein.","https://thumb.wikimedia.org/wikipedia/commons/thumb/a/a3/CHE_Teuffenthal_COA.svg/500px-CHE_Teuffenthal_COA.svg.png"
941,33.4,33.4,66.6,"Thierachern BE","Nein zur Neutralitätsinitiative in Thierachern: 66,6 Prozent. Sowohl Thierachern als auch der Kanton Bern verwerfen die Neutralitätsinitiative.","https://thumb.wikimedia.org/wikipedia/commons/thumb/1/1f/CHE_Thierachern_COA.svg/500px-CHE_Thierachern_COA.svg.png"
942,24.3,24.3,75.7,"Thun BE","75,7 Prozent der Stimmbürgerinnen und Stimmbürger von Thun sprechen sich gegen die Neutralitätsinitiative aus. Sowohl Thun als auch der Kanton Bern verwerfen die Neutralitätsinitiative.","https://thumb.wikimedia.org/wikipedia/commons/thumb/c/cf/CHE_Thun_BE_COA.svg/960px-CHE_Thun_BE_COA.svg.png"
943,44.9,44.9,55.1,"Uebeschi BE","Mit 55,1 Prozent wird die Neutralitätsinitiative in Uebeschi verworfen. Sowohl Uebeschi als auch der Kanton Bern verwerfen die Neutralitätsinitiative.","https://thumb.wikimedia.org/wikipedia/commons/thumb/9/91/CHE_Uebeschi_BE_COA.svg/500px-CHE_Uebeschi_BE_COA.svg.png"
944,31.4,31.4,68.6,"Uetendorf BE","In Uetendorf ist die Neutralitätsinitiative mit 68,6 Prozent der Stimmen gescheitert. Sowohl Uetendorf als auch der Kanton Bern verwerfen die Neutralitätsinitiative.","https://thumb.wikimedia.org/wikipedia/commons/thumb/4/4f/CHE_Uetendorf_COA.svg/500px-CHE_Uetendorf_COA.svg.png"
945,53.2,53.2,46.8,"Unterlangenegg BE","Ja zur Neutralitätsinitiative in Unterlangenegg: 53,2 Prozent. Unterlangenegg sagt Ja zur Neutralitätsinitiative, im Kanton Bern überwiegt das Nein.","https://thumb.wikimedia.org/wikipedia/commons/thumb/a/aa/CHE_Unterlangenegg_COA.svg/500px-CHE_Unterlangenegg_COA.svg.png"
946,56.1,56.1,43.9,"Wachseldorn BE","Mit 56,1 Prozent befürworten die Stimmberechtigten von Wachseldorn die Neutralitätsinitiative. Wachseldorn sagt Ja zur Neutralitätsinitiative, im Kanton Bern überwiegt das Nein.","https://thumb.wikimedia.org/wikipedia/commons/thumb/8/86/CHE_Wachseldorn_COA.svg/500px-CHE_Wachseldorn_COA.svg.png"
948,36.9,36.9,63.1,"Forst-Längenbühl BE","63,1 Prozent der Stimmbürgerinnen und Stimmbürger von Forst-Längenbühl haben die Neutralitätsinitiative abgelehnt. Sowohl Forst-Längenbühl als auch der Kanton Bern verwerfen die Neutralitätsinitiative.","https://thumb.wikimedia.org/wikipedia/commons/thumb/a/af/CHE_Forst-L%C3%A4ngenb%C3%BChl_COA.svg/500px-CHE_Forst-L%C3%A4ngenb%C3%BChl_COA.svg.png"
951,50.1,50.1,49.9,"Affoltern im Emmental BE","Die Neutralitätsinitiative erreicht in Affoltern im Emmental 50,1 Prozent Ja-Stimmen. Affoltern im Emmental sagt Ja zur Neutralitätsinitiative, im Kanton Bern überwiegt das Nein.","https://thumb.wikimedia.org/wikipedia/commons/thumb/5/5d/CHE_Affoltern_im_Emmental_COA.svg/500px-CHE_Affoltern_im_Emmental_COA.svg.png"
952,44.6,44.6,55.4,"Dürrenroth BE","55,4 Prozent der Stimmbürgerinnen und Stimmbürger von Dürrenroth haben die Neutralitätsinitiative abgelehnt. Sowohl Dürrenroth als auch der Kanton Bern verwerfen die Neutralitätsinitiative.","https://thumb.wikimedia.org/wikipedia/commons/thumb/5/5d/CHE_D%C3%BCrrenroth_COA.svg/960px-CHE_D%C3%BCrrenroth_COA.svg.png"
953,47.8,47.8,52.2,"Eriswil BE","52,2 Prozent der Stimmbürgerinnen und Stimmbürger von Eriswil haben die Neutralitätsinitiative abgelehnt. Sowohl Eriswil als auch der Kanton Bern verwerfen die Neutralitätsinitiative.","https://thumb.wikimedia.org/wikipedia/commons/thumb/1/15/CHE_Eriswil_COA.svg/500px-CHE_Eriswil_COA.svg.png"
954,35.1,35.1,64.9,"Huttwil BE","Mit 64,9 Prozent wird die Neutralitätsinitiative in Huttwil verworfen. Sowohl Huttwil als auch der Kanton Bern verwerfen die Neutralitätsinitiative.","https://thumb.wikimedia.org/wikipedia/commons/thumb/0/06/CHE_Huttwil_COA.svg/500px-CHE_Huttwil_COA.svg.png"
955,36.2,36.2,63.8,"Lützelflüh BE","Nein zur Neutralitätsinitiative in Lützelflüh: 63,8 Prozent. Sowohl Lützelflüh als auch der Kanton Bern verwerfen die Neutralitätsinitiative.","https://thumb.wikimedia.org/wikipedia/commons/thumb/3/3c/CHE_L%C3%BCtzelfl%C3%BCh_COA.svg/500px-CHE_L%C3%BCtzelfl%C3%BCh_COA.svg.png"
956,37.9,37.9,62.1,"Rüegsau BE","In Rüegsau ist die Neutralitätsinitiative mit 62,1 Prozent der Stimmen gescheitert. Sowohl Rüegsau als auch der Kanton Bern verwerfen die Neutralitätsinitiative.","https://thumb.wikimedia.org/wikipedia/commons/thumb/1/1d/CHE_R%C3%BCegsau_COA.svg/500px-CHE_R%C3%BCegsau_COA.svg.png"
957,39.1,39.1,60.9,"Sumiswald BE","60,9 Prozent der Stimmbürgerinnen und Stimmbürger von Sumiswald sprechen sich gegen die Neutralitätsinitiative aus. Sowohl Sumiswald als auch der Kanton Bern verwerfen die Neutralitätsinitiative.","https://thumb.wikimedia.org/wikipedia/commons/thumb/1/19/CHE_Sumiswald_COA.svg/960px-CHE_Sumiswald_COA.svg.png"
958,41.9,41.9,58.1,"Trachselwald BE","In Trachselwald ist die Neutralitätsinitiative mit 58,1 Prozent der Stimmen gescheitert. Sowohl Trachselwald als auch der Kanton Bern verwerfen die Neutralitätsinitiative.","https://thumb.wikimedia.org/wikipedia/commons/thumb/9/93/CHE_Trachselwald_COA.svg/500px-CHE_Trachselwald_COA.svg.png"
959,46.7,46.7,53.3,"Walterswil BE","In Walterswil BE ist die Neutralitätsinitiative mit 53,3 Prozent der Stimmen gescheitert. Sowohl Walterswil BE als auch der Kanton Bern verwerfen die Neutralitätsinitiative.","https://thumb.wikimedia.org/wikipedia/commons/thumb/d/de/CHE_Walterswil_BE_COA.svg/500px-CHE_Walterswil_BE_COA.svg.png"
960,42.1,42.1,57.9,"Wyssachen BE","Mit 57,9 Prozent wird die Neutralitätsinitiative in Wyssachen verworfen. Sowohl Wyssachen als auch der Kanton Bern verwerfen die Neutralitätsinitiative.","https://thumb.wikimedia.org/wikipedia/commons/thumb/e/e9/CHE_Wyssachen_COA.svg/500px-CHE_Wyssachen_COA.svg.png"
971,31.3,31.3,68.7,"Attiswil BE","In Attiswil ist die Neutralitätsinitiative mit 68,7 Prozent der Stimmen gescheitert. Sowohl Attiswil als auch der Kanton Bern verwerfen die Neutralitätsinitiative.","https://thumb.wikimedia.org/wikipedia/commons/thumb/1/15/CHE_Attiswil_COA.svg/500px-CHE_Attiswil_COA.svg.png"
972,48.1,48.1,51.9,"Berken BE","Berken verwirft die Neutralitätsinitiative mit 14 zu 13 Stimmen. Sowohl Berken als auch der Kanton Bern verwerfen die Neutralitätsinitiative.","https://thumb.wikimedia.org/wikipedia/commons/thumb/7/77/CHE_Berken_COA.svg/500px-CHE_Berken_COA.svg.png"
973,29.8,29.8,70.2,"Bettenhausen BE","Mit 70,2 Prozent wird die Neutralitätsinitiative in Bettenhausen verworfen. Sowohl Bettenhausen als auch der Kanton Bern verwerfen die Neutralitätsinitiative.","https://thumb.wikimedia.org/wikipedia/commons/thumb/0/01/CHE_Bettenhausen_COA.svg/500px-CHE_Bettenhausen_COA.svg.png"
975,41,41,59,"Farnern BE","In Farnern ist die Neutralitätsinitiative mit 59 Prozent der Stimmen gescheitert. Sowohl Farnern als auch der Kanton Bern verwerfen die Neutralitätsinitiative.","https://thumb.wikimedia.org/wikipedia/commons/thumb/3/32/CHE_Farnern_COA.svg/500px-CHE_Farnern_COA.svg.png"
976,40,40,60,"Graben BE","Nein zur Neutralitätsinitiative in Graben: 60 Prozent. Sowohl Graben als auch der Kanton Bern verwerfen die Neutralitätsinitiative.","https://thumb.wikimedia.org/wikipedia/commons/thumb/6/6c/CHE_Graben_BE_COA.svg/960px-CHE_Graben_BE_COA.svg.png"
977,27.1,27.1,72.9,"Heimenhausen BE","In Heimenhausen ist die Neutralitätsinitiative mit 72,9 Prozent der Stimmen gescheitert. Sowohl Heimenhausen als auch der Kanton Bern verwerfen die Neutralitätsinitiative.","https://thumb.wikimedia.org/wikipedia/commons/thumb/f/f5/CHE_Heimenhausen_COA.svg/500px-CHE_Heimenhausen_COA.svg.png"
979,23.5,23.5,76.5,"Herzogenbuchsee BE","In Herzogenbuchsee ist die Neutralitätsinitiative mit 76,5 Prozent der Stimmen gescheitert. Sowohl Herzogenbuchsee als auch der Kanton Bern verwerfen die Neutralitätsinitiative.","https://thumb.wikimedia.org/wikipedia/commons/thumb/1/14/CHE_Herzogenbuchsee_COA.svg/500px-CHE_Herzogenbuchsee_COA.svg.png"
980,32.1,32.1,67.9,"Inkwil BE","67,9 Prozent der Stimmbürgerinnen und Stimmbürger von Inkwil haben die Neutralitätsinitiative abgelehnt. Sowohl Inkwil als auch der Kanton Bern verwerfen die Neutralitätsinitiative.","https://thumb.wikimedia.org/wikipedia/commons/thumb/8/85/CHE_Inkwil_COA.svg/500px-CHE_Inkwil_COA.svg.png"
981,37.1,37.1,62.9,"Niederbipp BE","62,9 Prozent der Stimmbürgerinnen und Stimmbürger von Niederbipp haben die Neutralitätsinitiative abgelehnt. Sowohl Niederbipp als auch der Kanton Bern verwerfen die Neutralitätsinitiative.","https://thumb.wikimedia.org/wikipedia/commons/thumb/1/16/CHE_Niederbipp_COA.svg/500px-CHE_Niederbipp_COA.svg.png"
982,29.3,29.3,70.7,"Niederönz BE","In Niederönz ist die Neutralitätsinitiative mit 70,7 Prozent der Stimmen gescheitert. Sowohl Niederönz als auch der Kanton Bern verwerfen die Neutralitätsinitiative.","https://thumb.wikimedia.org/wikipedia/commons/thumb/1/18/CHE_Nieder%C3%B6nz_COA.svg/500px-CHE_Nieder%C3%B6nz_COA.svg.png"
983,32,32,68,"Oberbipp BE","68 Prozent der Stimmbürgerinnen und Stimmbürger von Oberbipp haben die Neutralitätsinitiative abgelehnt. Sowohl Oberbipp als auch der Kanton Bern verwerfen die Neutralitätsinitiative.","https://thumb.wikimedia.org/wikipedia/commons/thumb/b/bd/CHE_Oberbipp_COA.svg/500px-CHE_Oberbipp_COA.svg.png"
985,44.2,44.2,55.8,"Ochlenberg BE","55,8 Prozent der Stimmbürgerinnen und Stimmbürger von Ochlenberg haben die Neutralitätsinitiative abgelehnt. Sowohl Ochlenberg als auch der Kanton Bern verwerfen die Neutralitätsinitiative.","https://thumb.wikimedia.org/wikipedia/commons/thumb/4/4d/CHE_Ochlenberg_COA.svg/500px-CHE_Ochlenberg_COA.svg.png"
987,44.3,44.3,55.7,"Rumisberg BE","55,7 Prozent der Stimmbürgerinnen und Stimmbürger von Rumisberg sprechen sich gegen die Neutralitätsinitiative aus. Sowohl Rumisberg als auch der Kanton Bern verwerfen die Neutralitätsinitiative.","https://thumb.wikimedia.org/wikipedia/commons/thumb/9/91/CHE_Rumisberg_COA.svg/500px-CHE_Rumisberg_COA.svg.png"
988,39.7,39.7,60.3,"Seeberg BE","60,3 Prozent der Stimmbürgerinnen und Stimmbürger von Seeberg haben die Neutralitätsinitiative abgelehnt. Sowohl Seeberg als auch der Kanton Bern verwerfen die Neutralitätsinitiative.","https://thumb.wikimedia.org/wikipedia/commons/thumb/0/0d/CHE_Seeberg_COA.svg/960px-CHE_Seeberg_COA.svg.png"
989,38.8,38.8,61.2,"Thörigen BE","In Thörigen ist die Neutralitätsinitiative mit 61,2 Prozent der Stimmen gescheitert. Sowohl Thörigen als auch der Kanton Bern verwerfen die Neutralitätsinitiative.","https://thumb.wikimedia.org/wikipedia/commons/thumb/7/7c/CHE_Th%C3%B6rigen_COA.svg/500px-CHE_Th%C3%B6rigen_COA.svg.png"
990,37.3,37.3,62.7,"Walliswil bei Niederbipp BE","Mit 52 Nein- zu 31 Ja-Stimmen lehnt Walliswil bei Niederbipp die Neutralitätsinitiative ab. Sowohl Walliswil bei Niederbipp als auch der Kanton Bern verwerfen die Neutralitätsinitiative.","https://thumb.wikimedia.org/wikipedia/commons/thumb/e/e0/CHE_Walliswil_bei_Niederbipp_COA.svg/500px-CHE_Walliswil_bei_Niederbipp_COA.svg.png"
991,37.5,37.5,62.5,"Walliswil bei Wangen BE","62,5 Prozent der Stimmbürgerinnen und Stimmbürger von Walliswil bei Wangen sprechen sich gegen die Neutralitätsinitiative aus. Sowohl Walliswil bei Wangen als auch der Kanton Bern verwerfen die Neutralitätsinitiative.","https://thumb.wikimedia.org/wikipedia/commons/thumb/3/39/CHE_Walliswil_bei_Wangen_COA.svg/960px-CHE_Walliswil_bei_Wangen_COA.svg.png"
992,31,31,69,"Wangen an der Aare BE","69 Prozent der Stimmbürgerinnen und Stimmbürger von Wangen an der Aare sprechen sich gegen die Neutralitätsinitiative aus. Sowohl Wangen an der Aare als auch der Kanton Bern verwerfen die Neutralitätsinitiative.","https://thumb.wikimedia.org/wikipedia/commons/thumb/d/d4/CHE_Wangen_an_der_Aare_COA.svg/500px-CHE_Wangen_an_der_Aare_COA.svg.png"
995,36.4,36.4,63.6,"Wiedlisbach BE","63,6 Prozent der Stimmbürgerinnen und Stimmbürger von Wiedlisbach sprechen sich gegen die Neutralitätsinitiative aus. Sowohl Wiedlisbach als auch der Kanton Bern verwerfen die Neutralitätsinitiative.","https://thumb.wikimedia.org/wikipedia/commons/thumb/b/bc/CHE_Wiedlisbach_COA.svg/500px-CHE_Wiedlisbach_COA.svg.png"
