"Kantons_Nr","Gemeinde_Nr","Ja_Stimmen_In_Prozent","Ja_Stimmen_Absolut","Nein_Stimmen_Absolut","Stimmbeteiligung_In_Prozent","Eingelegte_Stimmzettel","Anzahl_Stimmberechtigte","Gueltige_Stimmen","Gebiet_Ausgezaehlt","Kanton_Short","Gemeinde_d","Gemeinde_f","Gemeinde_i","Gemeinde_KT_d","Gemeinde_KT_f","Gemeinde_KT_i","Kanton_d","Kanton_f","Kanton_i","link_wappen","Ja_Stimmen_In_Prozent_Kanton","Highest_Yes_Kant","Highest_No_Kant"
1,1,26.170468187,218,615,59.629101284,836,1402,833,TRUE,"ZH","Aeugst am Albis","Aeugst am Albis","Aeugst am Albis","Aeugst am Albis ZH","Aeugst am Albis (ZH)","Aeugst am Albis (ZH)","Zürich","Zurich","Zurigo","https://thumb.wikimedia.org/wikipedia/commons/thumb/5/58/CHE_Aeugst_am_Albis_COA.svg/250px-CHE_Aeugst_am_Albis_COA.svg.png",24.37962354,FALSE,FALSE
1,2,25.229222124,853,2528,46.731533507,3410,7297,3381,TRUE,"ZH","Affoltern am Albis","Affoltern am Albis","Affoltern am Albis","Affoltern am Albis ZH","Affoltern am Albis (ZH)","Affoltern am Albis (ZH)","Zürich","Zurich","Zurigo","https://thumb.wikimedia.org/wikipedia/commons/thumb/6/6c/CHE_Affoltern_am_Albis_COA.svg/250px-CHE_Affoltern_am_Albis_COA.svg.png",24.37962354,FALSE,FALSE
1,3,24.944419742,561,1688,61.15902965,2269,3710,2249,TRUE,"ZH","Bonstetten","Bonstetten","Bonstetten","Bonstetten ZH","Bonstetten (ZH)","Bonstetten (ZH)","Zürich","Zurich","Zurigo","https://thumb.wikimedia.org/wikipedia/commons/thumb/1/12/CHE_Bonstetten_COA.svg/330px-CHE_Bonstetten_COA.svg.png",24.37962354,FALSE,FALSE
1,4,30.398457584,473,1083,58.75748503,1570,2672,1556,TRUE,"ZH","Hausen am Albis","Hausen am Albis","Hausen am Albis","Hausen am Albis ZH","Hausen am Albis (ZH)","Hausen am Albis (ZH)","Zürich","Zurich","Zurigo","https://thumb.wikimedia.org/wikipedia/commons/thumb/a/a3/CHE_Hausen_am_Albis_COA.svg/250px-CHE_Hausen_am_Albis_COA.svg.png",24.37962354,FALSE,FALSE
1,5,28.253305498,406,1031,55.924353531,1449,2591,1437,TRUE,"ZH","Hedingen","Hedingen","Hedingen","Hedingen ZH","Hedingen (ZH)","Hedingen (ZH)","Zürich","Zurich","Zurigo","https://thumb.wikimedia.org/wikipedia/commons/thumb/c/cf/CHE_Hedingen_COA.svg/250px-CHE_Hedingen_COA.svg.png",24.37962354,FALSE,FALSE
1,6,27.573529412,150,394,60.913140312,547,898,544,TRUE,"ZH","Kappel am Albis","Kappel am Albis","Kappel am Albis","Kappel am Albis ZH","Kappel am Albis (ZH)","Kappel am Albis (ZH)","Zürich","Zurich","Zurigo","https://thumb.wikimedia.org/wikipedia/commons/thumb/6/62/CHE_Kappel_am_Albis_COA.svg/250px-CHE_Kappel_am_Albis_COA.svg.png",24.37962354,FALSE,FALSE
1,7,26.215895611,221,622,55.194805195,850,1540,843,TRUE,"ZH","Knonau","Knonau","Knonau","Knonau ZH","Knonau (ZH)","Knonau (ZH)","Zürich","Zurich","Zurigo","https://thumb.wikimedia.org/wikipedia/commons/thumb/7/70/CHE_Knonau_COA.svg/250px-CHE_Knonau_COA.svg.png",24.37962354,FALSE,FALSE
1,8,20.948616601,53,200,56.762749446,256,451,253,TRUE,"ZH","Maschwanden","Maschwanden","Maschwanden","Maschwanden ZH","Maschwanden (ZH)","Maschwanden (ZH)","Zürich","Zurich","Zurigo","https://thumb.wikimedia.org/wikipedia/commons/thumb/c/c8/CHE_Maschwanden_COA.svg/250px-CHE_Maschwanden_COA.svg.png",24.37962354,FALSE,FALSE
1,9,23.765144455,510,1636,55.895309666,2157,3859,2146,TRUE,"ZH","Mettmenstetten","Mettmenstetten","Mettmenstetten","Mettmenstetten ZH","Mettmenstetten (ZH)","Mettmenstetten (ZH)","Zürich","Zurich","Zurigo","https://thumb.wikimedia.org/wikipedia/commons/thumb/d/d8/CHE_Mettmenstetten_COA.svg/250px-CHE_Mettmenstetten_COA.svg.png",24.37962354,FALSE,FALSE
1,10,21.474172954,370,1353,47.143243975,1741,3693,1723,TRUE,"ZH","Obfelden","Obfelden","Obfelden","Obfelden ZH","Obfelden (ZH)","Obfelden (ZH)","Zürich","Zurich","Zurigo","https://thumb.wikimedia.org/wikipedia/commons/thumb/3/37/CHE_Obfelden_COA.svg/250px-CHE_Obfelden_COA.svg.png",24.37962354,FALSE,FALSE
1,11,23.76146789,259,831,53.245485603,1091,2049,1090,TRUE,"ZH","Ottenbach","Ottenbach","Ottenbach","Ottenbach ZH","Ottenbach (ZH)","Ottenbach (ZH)","Zürich","Zurich","Zurigo","https://thumb.wikimedia.org/wikipedia/commons/thumb/2/28/CHE_Ottenbach_COA.svg/250px-CHE_Ottenbach_COA.svg.png",24.37962354,FALSE,FALSE
1,12,,,,,,,,FALSE,"ZH","Rifferswil","Rifferswil","Rifferswil","Rifferswil ZH","Rifferswil (ZH)","Rifferswil (ZH)","Zürich","Zurich","Zurigo","https://thumb.wikimedia.org/wikipedia/commons/thumb/f/fa/CHE_Rifferswil_COA.svg/250px-CHE_Rifferswil_COA.svg.png",24.37962354,FALSE,FALSE
1,13,25.086147484,364,1087,60.355518809,1460,2419,1451,TRUE,"ZH","Stallikon","Stallikon","Stallikon","Stallikon ZH","Stallikon (ZH)","Stallikon (ZH)","Zürich","Zurich","Zurigo","https://thumb.wikimedia.org/wikipedia/commons/thumb/2/22/CHE_Stallikon_COA.svg/250px-CHE_Stallikon_COA.svg.png",24.37962354,FALSE,FALSE
1,14,22.468513854,446,1539,56.051670879,1996,3561,1985,TRUE,"ZH","Wettswil am Albis","Wettswil am Albis","Wettswil am Albis","Wettswil am Albis ZH","Wettswil am Albis (ZH)","Wettswil am Albis (ZH)","Zürich","Zurich","Zurigo","https://thumb.wikimedia.org/wikipedia/commons/thumb/c/c6/CHE_Wettswil_am_Albis_COA.svg/250px-CHE_Wettswil_am_Albis_COA.svg.png",24.37962354,FALSE,FALSE
1,22,17.699115044,60,279,55.665024631,339,609,339,TRUE,"ZH","Benken ZH","Benken (ZH)","Benken ZH","Benken ZH","Benken (ZH)","Benken (ZH)","Zürich","Zurich","Zurigo","https://thumb.wikimedia.org/wikipedia/commons/thumb/2/2c/CHE_Benken_COA.svg/250px-CHE_Benken_COA.svg.png",24.37962354,FALSE,FALSE
1,23,24.414715719,73,226,64.025695931,299,467,299,TRUE,"ZH","Berg am Irchel","Berg am Irchel","Berg am Irchel","Berg am Irchel ZH","Berg am Irchel (ZH)","Berg am Irchel (ZH)","Zürich","Zurich","Zurigo","https://thumb.wikimedia.org/wikipedia/commons/thumb/b/b6/CHE_Berg_am_Irchel_COA.svg/250px-CHE_Berg_am_Irchel_COA.svg.png",24.37962354,FALSE,FALSE
1,24,14.988290398,64,363,57.831325301,432,747,427,TRUE,"ZH","Buch am Irchel","Buch am Irchel","Buch am Irchel","Buch am Irchel ZH","Buch am Irchel (ZH)","Buch am Irchel (ZH)","Zürich","Zurich","Zurigo","https://thumb.wikimedia.org/wikipedia/commons/thumb/a/ae/CHE_Buch_am_Irchel_COA.svg/250px-CHE_Buch_am_Irchel_COA.svg.png",24.37962354,FALSE,FALSE
1,25,28.65248227,202,503,52.475979305,710,1353,705,TRUE,"ZH","Dachsen","Dachsen","Dachsen","Dachsen ZH","Dachsen (ZH)","Dachsen (ZH)","Zürich","Zurich","Zurigo","https://thumb.wikimedia.org/wikipedia/commons/thumb/c/c5/CHE_Dachsen_COA.svg/330px-CHE_Dachsen_COA.svg.png",24.37962354,FALSE,FALSE
1,26,23.225806452,72,238,55.555555556,310,558,310,TRUE,"ZH","Dorf","Dorf","Dorf","Dorf ZH","Dorf (ZH)","Dorf (ZH)","Zürich","Zurich","Zurigo","https://thumb.wikimedia.org/wikipedia/commons/thumb/1/14/CHE_Dorf_COA.svg/250px-CHE_Dorf_COA.svg.png",24.37962354,FALSE,FALSE
1,27,24.934152766,284,855,48.751586966,1152,2363,1139,TRUE,"ZH","Feuerthalen","Feuerthalen","Feuerthalen","Feuerthalen ZH","Feuerthalen (ZH)","Feuerthalen (ZH)","Zürich","Zurich","Zurigo","https://thumb.wikimedia.org/wikipedia/commons/thumb/5/50/CHE_Feuerthalen_COA.svg/250px-CHE_Feuerthalen_COA.svg.png",24.37962354,FALSE,FALSE
1,28,18.3639399,110,489,56.436567164,605,1072,599,TRUE,"ZH","Flaach","Flaach","Flaach","Flaach ZH","Flaach (ZH)","Flaach (ZH)","Zürich","Zurich","Zurigo","https://thumb.wikimedia.org/wikipedia/commons/thumb/2/29/CHE_Flaach_COA.svg/250px-CHE_Flaach_COA.svg.png",24.37962354,FALSE,FALSE
1,29,29.081632653,171,417,59.328726555,601,1013,588,TRUE,"ZH","Flurlingen","Flurlingen","Flurlingen","Flurlingen ZH","Flurlingen (ZH)","Flurlingen (ZH)","Zürich","Zurich","Zurigo","https://thumb.wikimedia.org/wikipedia/commons/thumb/c/cc/CHE_Flurlingen_COA.svg/250px-CHE_Flurlingen_COA.svg.png",24.37962354,FALSE,FALSE
1,31,22.577092511,205,703,54.949010198,916,1667,908,TRUE,"ZH","Henggart","Henggart","Henggart","Henggart ZH","Henggart (ZH)","Henggart (ZH)","Zürich","Zurich","Zurigo","https://thumb.wikimedia.org/wikipedia/commons/thumb/7/78/CHE_Henggart_COA.svg/250px-CHE_Henggart_COA.svg.png",24.37962354,FALSE,FALSE
1,33,22.235576923,185,647,52.926368785,841,1589,832,TRUE,"ZH","Kleinandelfingen","Kleinandelfingen","Kleinandelfingen","Kleinandelfingen ZH","Kleinandelfingen (ZH)","Kleinandelfingen (ZH)","Zürich","Zurich","Zurigo","https://thumb.wikimedia.org/wikipedia/commons/thumb/6/6f/CHE_Kleinandelfingen_COA.svg/250px-CHE_Kleinandelfingen_COA.svg.png",24.37962354,FALSE,FALSE
1,34,25.490196078,182,532,54.270597128,718,1323,714,TRUE,"ZH","Laufen-Uhwiesen","Laufen-Uhwiesen","Laufen-Uhwiesen","Laufen-Uhwiesen ZH","Laufen-Uhwiesen (ZH)","Laufen-Uhwiesen (ZH)","Zürich","Zurich","Zurigo","https://thumb.wikimedia.org/wikipedia/commons/thumb/5/5d/CHE_Laufen-Uhwiesen_COA.svg/250px-CHE_Laufen-Uhwiesen_COA.svg.png",24.37962354,FALSE,FALSE
1,35,21.700507614,171,617,54.138398915,798,1474,788,TRUE,"ZH","Marthalen","Marthalen","Marthalen","Marthalen ZH","Marthalen (ZH)","Marthalen (ZH)","Zürich","Zurich","Zurigo","https://thumb.wikimedia.org/wikipedia/commons/thumb/a/a7/CHE_Marthalen_COA.svg/250px-CHE_Marthalen_COA.svg.png",24.37962354,FALSE,FALSE
1,37,27.038626609,189,510,54.083204931,702,1298,699,TRUE,"ZH","Ossingen","Ossingen","Ossingen","Ossingen ZH","Ossingen (ZH)","Ossingen (ZH)","Zürich","Zurich","Zurigo","https://thumb.wikimedia.org/wikipedia/commons/thumb/0/08/CHE_Ossingen_COA.svg/250px-CHE_Ossingen_COA.svg.png",24.37962354,FALSE,FALSE
1,38,29.338842975,142,342,56.416184971,488,865,484,TRUE,"ZH","Rheinau","Rheinau","Rheinau","Rheinau ZH","Rheinau (ZH)","Rheinau (ZH)","Zürich","Zurich","Zurigo","https://thumb.wikimedia.org/wikipedia/commons/thumb/8/8b/CHE_Rheinau_COA.svg/250px-CHE_Rheinau_COA.svg.png",24.37962354,FALSE,FALSE
1,39,,,,,,,,FALSE,"ZH","Thalheim an der Thur","Thalheim an der Thur","Thalheim an der Thur","Thalheim an der Thur ZH","Thalheim an der Thur (ZH)","Thalheim an der Thur (ZH)","Zürich","Zurich","Zurigo","https://thumb.wikimedia.org/wikipedia/commons/thumb/e/e3/CHE_Thalheim_COA.svg/250px-CHE_Thalheim_COA.svg.png",24.37962354,FALSE,FALSE
1,40,20.924574209,86,325,50.121065375,414,826,411,TRUE,"ZH","Trüllikon","Trüllikon","Trüllikon","Trüllikon ZH","Trüllikon (ZH)","Trüllikon (ZH)","Zürich","Zurich","Zurigo","https://thumb.wikimedia.org/wikipedia/commons/thumb/c/c8/CHE_Tr%C3%BCllikon_COA.svg/250px-CHE_Tr%C3%BCllikon_COA.svg.png",24.37962354,FALSE,FALSE
1,41,20.622568093,53,204,73.789173789,259,351,257,TRUE,"ZH","Truttikon","Truttikon","Truttikon","Truttikon ZH","Truttikon (ZH)","Truttikon (ZH)","Zürich","Zurich","Zurigo","https://thumb.wikimedia.org/wikipedia/commons/thumb/e/e1/CHE_Truttikon_COA.svg/250px-CHE_Truttikon_COA.svg.png",24.37962354,FALSE,FALSE
1,43,16.551724138,24,121,54.275092937,146,269,145,TRUE,"ZH","Volken","Volken","Volken","Volken ZH","Volken (ZH)","Volken (ZH)","Zürich","Zurich","Zurigo","https://thumb.wikimedia.org/wikipedia/commons/thumb/a/a9/CHE_Volken_COA.svg/250px-CHE_Volken_COA.svg.png",24.37962354,FALSE,FALSE
1,51,24.259259259,262,818,40.827067669,1086,2660,1080,TRUE,"ZH","Bachenbülach","Bachenbülach","Bachenbülach","Bachenbülach ZH","Bachenbülach (ZH)","Bachenbülach (ZH)","Zürich","Zurich","Zurigo","https://thumb.wikimedia.org/wikipedia/commons/thumb/a/a8/CHE_Bachenb%C3%BClach_COA.svg/250px-CHE_Bachenb%C3%BClach_COA.svg.png",24.37962354,FALSE,FALSE
1,52,22.263797942,714,2493,45.199161426,3234,7155,3207,TRUE,"ZH","Bassersdorf","Bassersdorf","Bassersdorf","Bassersdorf ZH","Bassersdorf (ZH)","Bassersdorf (ZH)","Zürich","Zurich","Zurigo","https://thumb.wikimedia.org/wikipedia/commons/thumb/c/c7/CHE_Bassersdorf_COA.svg/250px-CHE_Bassersdorf_COA.svg.png",24.37962354,FALSE,FALSE
1,53,25.672504062,1422,4117,40.583400015,5579,13747,5539,TRUE,"ZH","Bülach","Bülach","Bülach","Bülach ZH","Bülach (ZH)","Bülach (ZH)","Zürich","Zurich","Zurigo","https://thumb.wikimedia.org/wikipedia/commons/thumb/f/fb/CHE_B%C3%BClach_COA.svg/250px-CHE_B%C3%BClach_COA.svg.png",24.37962354,FALSE,FALSE
1,54,22.927050295,506,1701,46.253122398,2222,4804,2207,TRUE,"ZH","Dietlikon","Dietlikon","Dietlikon","Dietlikon ZH","Dietlikon (ZH)","Dietlikon (ZH)","Zürich","Zurich","Zurigo","https://thumb.wikimedia.org/wikipedia/commons/thumb/4/42/CHE_Dietlikon_COA.svg/250px-CHE_Dietlikon_COA.svg.png",24.37962354,FALSE,FALSE
1,55,27.107438017,492,1323,52.006831768,1827,3513,1815,TRUE,"ZH","Eglisau","Eglisau","Eglisau","Eglisau ZH","Eglisau (ZH)","Eglisau (ZH)","Zürich","Zurich","Zurigo","https://thumb.wikimedia.org/wikipedia/commons/thumb/0/0c/CHE_Eglisau_COA.svg/250px-CHE_Eglisau_COA.svg.png",24.37962354,FALSE,FALSE
1,56,21.200175208,484,1799,39.378860673,2295,5828,2283,TRUE,"ZH","Embrach","Embrach","Embrach","Embrach ZH","Embrach (ZH)","Embrach (ZH)","Zürich","Zurich","Zurigo","https://thumb.wikimedia.org/wikipedia/commons/thumb/e/e2/CHE_Embrach_COA.svg/250px-CHE_Embrach_COA.svg.png",24.37962354,FALSE,FALSE
1,57,25.641025641,220,638,52.915899325,862,1629,858,TRUE,"ZH","Freienstein-Teufen","Freienstein-Teufen","Freienstein-Teufen","Freienstein-Teufen ZH","Freienstein-Teufen (ZH)","Freienstein-Teufen (ZH)","Zürich","Zurich","Zurigo","https://thumb.wikimedia.org/wikipedia/commons/thumb/0/06/CHE_Freienstein-Teufen_COA.svg/250px-CHE_Freienstein-Teufen_COA.svg.png",24.37962354,FALSE,FALSE
1,58,,,,,,,,FALSE,"ZH","Glattfelden","Glattfelden","Glattfelden","Glattfelden ZH","Glattfelden (ZH)","Glattfelden (ZH)","Zürich","Zurich","Zurigo","https://thumb.wikimedia.org/wikipedia/commons/thumb/6/69/CHE_Glattfelden_COA.svg/250px-CHE_Glattfelden_COA.svg.png",24.37962354,FALSE,FALSE
1,59,22.54601227,147,505,48.628613788,656,1349,652,TRUE,"ZH","Hochfelden","Hochfelden","Hochfelden","Hochfelden ZH","Hochfelden (ZH)","Hochfelden (ZH)","Zürich","Zurich","Zurigo","https://thumb.wikimedia.org/wikipedia/commons/thumb/d/d0/CHE_Hochfelden_COA.svg/250px-CHE_Hochfelden_COA.svg.png",24.37962354,FALSE,FALSE
1,60,16.234887737,94,485,33.087400681,583,1762,579,TRUE,"ZH","Höri","Höri","Höri","Höri ZH","Höri (ZH)","Höri (ZH)","Zürich","Zurich","Zurigo","https://thumb.wikimedia.org/wikipedia/commons/thumb/c/c5/CHE_H%C3%B6ri_COA.svg/250px-CHE_H%C3%B6ri_COA.svg.png",24.37962354,FALSE,FALSE
1,61,23.188405797,96,318,53.12899106,416,783,414,TRUE,"ZH","Hüntwangen","Hüntwangen","Hüntwangen","Hüntwangen ZH","Hüntwangen (ZH)","Hüntwangen (ZH)","Zürich","Zurich","Zurigo","https://thumb.wikimedia.org/wikipedia/commons/thumb/3/31/CHE_H%C3%BCntwangen_COA.svg/250px-CHE_H%C3%BCntwangen_COA.svg.png",24.37962354,FALSE,FALSE
1,62,24.511819116,954,2938,35.060757684,3924,11192,3892,TRUE,"ZH","Kloten","Kloten","Kloten","Kloten ZH","Kloten (ZH)","Kloten (ZH)","Zürich","Zurich","Zurigo","https://thumb.wikimedia.org/wikipedia/commons/thumb/0/0b/CHE_Kloten_Brand_Mark.svg/500px-CHE_Kloten_Brand_Mark.svg.png",24.37962354,FALSE,FALSE
1,63,20.497630332,173,671,47.961494904,847,1766,844,TRUE,"ZH","Lufingen","Lufingen","Lufingen","Lufingen ZH","Lufingen (ZH)","Lufingen (ZH)","Zürich","Zurich","Zurigo","https://thumb.wikimedia.org/wikipedia/commons/thumb/3/39/CHE_Lufingen_COA.svg/250px-CHE_Lufingen_COA.svg.png",24.37962354,FALSE,FALSE
1,64,19.124877089,389,1645,50.833955688,2042,4017,2034,TRUE,"ZH","Nürensdorf","Nürensdorf","Nürensdorf","Nürensdorf ZH","Nürensdorf (ZH)","Nürensdorf (ZH)","Zürich","Zurich","Zurigo","https://thumb.wikimedia.org/wikipedia/commons/thumb/e/e2/CHE_N%C3%BCrensdorf_COA.svg/250px-CHE_N%C3%BCrensdorf_COA.svg.png",24.37962354,FALSE,FALSE
1,65,20.394736842,93,363,56.489493201,457,809,456,TRUE,"ZH","Oberembrach","Oberembrach","Oberembrach","Oberembrach ZH","Oberembrach (ZH)","Oberembrach (ZH)","Zürich","Zurich","Zurigo","https://thumb.wikimedia.org/wikipedia/commons/thumb/4/44/CHE_Oberembrach_COA.svg/250px-CHE_Oberembrach_COA.svg.png",24.37962354,FALSE,FALSE
1,66,24.880546075,729,2201,32.413188739,2959,9129,2930,TRUE,"ZH","Opfikon","Opfikon","Opfikon","Opfikon ZH","Opfikon (ZH)","Opfikon (ZH)","Zürich","Zurich","Zurigo","https://thumb.wikimedia.org/wikipedia/commons/thumb/0/0b/CHE_Opfikon_COA.svg/250px-CHE_Opfikon_COA.svg.png",24.37962354,FALSE,FALSE
1,67,23.703217334,361,1162,50.892857143,1539,3024,1523,TRUE,"ZH","Rafz","Rafz","Rafz","Rafz ZH","Rafz (ZH)","Rafz (ZH)","Zürich","Zurich","Zurigo","https://thumb.wikimedia.org/wikipedia/commons/thumb/c/cc/CHE_Rafz_COA.svg/250px-CHE_Rafz_COA.svg.png",24.37962354,FALSE,FALSE
1,68,23.279648609,159,524,39.291833238,688,1751,683,TRUE,"ZH","Rorbas","Rorbas","Rorbas","Rorbas ZH","Rorbas (ZH)","Rorbas (ZH)","Zürich","Zurich","Zurigo","https://thumb.wikimedia.org/wikipedia/commons/thumb/d/d6/CHE_Rorbas_COA.svg/250px-CHE_Rorbas_COA.svg.png",24.37962354,FALSE,FALSE
1,69,25.451180009,1100,3222,44.688494304,4354,9743,4322,TRUE,"ZH","Wallisellen","Wallisellen","Wallisellen","Wallisellen ZH","Wallisellen (ZH)","Wallisellen (ZH)","Zürich","Zurich","Zurigo","https://thumb.wikimedia.org/wikipedia/commons/thumb/3/3b/CHE_Wallisellen_COA.svg/250px-CHE_Wallisellen_COA.svg.png",24.37962354,FALSE,FALSE
1,70,21.428571429,45,165,49.764150943,211,424,210,TRUE,"ZH","Wasterkingen","Wasterkingen","Wasterkingen","Wasterkingen ZH","Wasterkingen (ZH)","Wasterkingen (ZH)","Zürich","Zurich","Zurigo","https://thumb.wikimedia.org/wikipedia/commons/thumb/4/47/CHE_Wasterkingen_COA.svg/250px-CHE_Wasterkingen_COA.svg.png",24.37962354,FALSE,FALSE
1,71,22.895622896,136,458,54.812098992,598,1091,594,TRUE,"ZH","Wil ZH","Wil (ZH)","Wil ZH","Wil ZH","Wil (ZH)","Wil (ZH)","Zürich","Zurich","Zurigo","https://thumb.wikimedia.org/wikipedia/commons/thumb/d/de/CHE_Wil_ZH_COA.svg/250px-CHE_Wil_ZH_COA.svg.png",24.37962354,FALSE,FALSE
1,72,19.257142857,337,1413,51.002033111,1756,3443,1750,TRUE,"ZH","Winkel","Winkel","Winkel","Winkel ZH","Winkel (ZH)","Winkel (ZH)","Zürich","Zurich","Zurigo","https://thumb.wikimedia.org/wikipedia/commons/thumb/6/63/CHE_Winkel_COA.svg/330px-CHE_Winkel_COA.svg.png",24.37962354,FALSE,FALSE
1,81,22.65625,58,198,55.268817204,257,465,256,TRUE,"ZH","Bachs","Bachs","Bachs","Bachs ZH","Bachs (ZH)","Bachs (ZH)","Zürich","Zurich","Zurigo","https://thumb.wikimedia.org/wikipedia/commons/thumb/0/0b/CHE_Bachs_COA.svg/250px-CHE_Bachs_COA.svg.png",24.37962354,FALSE,FALSE
1,82,19.929453263,113,454,56.003937008,569,1016,567,TRUE,"ZH","Boppelsen","Boppelsen","Boppelsen","Boppelsen ZH","Boppelsen (ZH)","Boppelsen (ZH)","Zürich","Zurich","Zurigo","https://thumb.wikimedia.org/wikipedia/commons/thumb/5/50/CHE_Boppelsen_COA.svg/330px-CHE_Boppelsen_COA.svg.png",24.37962354,FALSE,FALSE
1,83,18.316831683,296,1320,41.388109212,1622,3919,1616,TRUE,"ZH","Buchs ZH","Buchs (ZH)","Buchs ZH","Buchs ZH","Buchs (ZH)","Buchs (ZH)","Zürich","Zurich","Zurigo","https://thumb.wikimedia.org/wikipedia/commons/thumb/0/0c/CHE_Buchs_COA.svg/250px-CHE_Buchs_COA.svg.png",24.37962354,FALSE,FALSE
1,84,20.651068159,203,780,40.342997142,988,2449,983,TRUE,"ZH","Dällikon","Dällikon","Dällikon","Dällikon ZH","Dällikon (ZH)","Dällikon (ZH)","Zürich","Zurich","Zurigo","https://thumb.wikimedia.org/wikipedia/commons/thumb/e/ef/CHE_D%C3%A4llikon_COA.svg/250px-CHE_D%C3%A4llikon_COA.svg.png",24.37962354,FALSE,FALSE
1,85,20.380952381,107,418,49.85862394,529,1061,525,TRUE,"ZH","Dänikon","Dänikon","Dänikon","Dänikon ZH","Dänikon (ZH)","Dänikon (ZH)","Zürich","Zurich","Zurigo","https://thumb.wikimedia.org/wikipedia/commons/thumb/5/58/CHE_D%C3%A4nikon_COA.svg/250px-CHE_D%C3%A4nikon_COA.svg.png",24.37962354,FALSE,FALSE
1,86,22.602280349,337,1154,41.576763485,1503,3615,1491,TRUE,"ZH","Dielsdorf","Dielsdorf","Dielsdorf","Dielsdorf ZH","Dielsdorf (ZH)","Dielsdorf (ZH)","Zürich","Zurich","Zurigo","https://thumb.wikimedia.org/wikipedia/commons/thumb/e/e1/CHE_Dielsdorf_COA.svg/250px-CHE_Dielsdorf_COA.svg.png",24.37962354,FALSE,FALSE
1,87,15.68627451,48,258,51.939291737,308,593,306,TRUE,"ZH","Hüttikon","Hüttikon","Hüttikon","Hüttikon ZH","Hüttikon (ZH)","Hüttikon (ZH)","Zürich","Zurich","Zurigo","https://thumb.wikimedia.org/wikipedia/commons/thumb/5/5e/CHE_H%C3%BCttikon_COA.svg/250px-CHE_H%C3%BCttikon_COA.svg.png",24.37962354,FALSE,FALSE
1,88,16.56,207,1043,52.266112266,1257,2405,1250,TRUE,"ZH","Neerach","Neerach","Neerach","Neerach ZH","Neerach (ZH)","Neerach (ZH)","Zürich","Zurich","Zurigo","https://thumb.wikimedia.org/wikipedia/commons/thumb/c/c8/CHE_Neerach_COA.svg/250px-CHE_Neerach_COA.svg.png",24.37962354,FALSE,FALSE
1,89,20.097357441,289,1149,44.618696187,1451,3252,1438,TRUE,"ZH","Niederglatt","Niederglatt","Niederglatt","Niederglatt ZH","Niederglatt (ZH)","Niederglatt (ZH)","Zürich","Zurich","Zurigo","https://thumb.wikimedia.org/wikipedia/commons/thumb/b/be/CHE_Niederglatt_COA.svg/250px-CHE_Niederglatt_COA.svg.png",24.37962354,FALSE,FALSE
1,90,22.292191436,531,1851,42.269678786,2395,5666,2382,TRUE,"ZH","Niederhasli","Niederhasli","Niederhasli","Niederhasli ZH","Niederhasli (ZH)","Niederhasli (ZH)","Zürich","Zurich","Zurigo","https://thumb.wikimedia.org/wikipedia/commons/thumb/e/e6/CHE_Niederhasli_COA_%28side%29.svg/250px-CHE_Niederhasli_COA_%28side%29.svg.png",24.37962354,FALSE,FALSE
1,91,26.078971534,284,805,51.579443659,1094,2121,1089,TRUE,"ZH","Niederweningen","Niederweningen","Niederweningen","Niederweningen ZH","Niederweningen (ZH)","Niederweningen (ZH)","Zürich","Zurich","Zurigo","https://thumb.wikimedia.org/wikipedia/commons/thumb/2/2a/CHE_Niederweningen_COA.svg/250px-CHE_Niederweningen_COA.svg.png",24.37962354,FALSE,FALSE
1,92,26.429101707,356,991,36.035078395,1356,3763,1347,TRUE,"ZH","Oberglatt","Oberglatt","Oberglatt","Oberglatt ZH","Oberglatt (ZH)","Oberglatt (ZH)","Zürich","Zurich","Zurigo","https://thumb.wikimedia.org/wikipedia/commons/thumb/7/7c/CHE_Oberglatt_COA.svg/250px-CHE_Oberglatt_COA.svg.png",24.37962354,FALSE,FALSE
1,93,20.541401274,129,499,52.013147083,633,1217,628,TRUE,"ZH","Oberweningen","Oberweningen","Oberweningen","Oberweningen ZH","Oberweningen (ZH)","Oberweningen (ZH)","Zürich","Zurich","Zurigo","https://thumb.wikimedia.org/wikipedia/commons/thumb/b/b9/CHE_Oberweningen_COA.svg/250px-CHE_Oberweningen_COA.svg.png",24.37962354,FALSE,FALSE
1,94,24.579124579,219,672,50.308123249,898,1785,891,TRUE,"ZH","Otelfingen","Otelfingen","Otelfingen","Otelfingen ZH","Otelfingen (ZH)","Otelfingen (ZH)","Zürich","Zurich","Zurigo","https://thumb.wikimedia.org/wikipedia/commons/thumb/8/8a/CHE_Otelfingen_COA.svg/250px-CHE_Otelfingen_COA.svg.png",24.37962354,FALSE,FALSE
1,95,29.743589744,58,137,63.225806452,196,310,195,TRUE,"ZH","Regensberg","Regensberg","Regensberg","Regensberg ZH","Regensberg (ZH)","Regensberg (ZH)","Zürich","Zurich","Zurigo","https://thumb.wikimedia.org/wikipedia/commons/thumb/1/15/CHE_Regensberg_COA.svg/250px-CHE_Regensberg_COA.svg.png",24.37962354,FALSE,FALSE
1,96,23.823601872,967,3092,39.035916824,4130,10580,4059,TRUE,"ZH","Regensdorf","Regensdorf","Regensdorf","Regensdorf ZH","Regensdorf (ZH)","Regensdorf (ZH)","Zürich","Zurich","Zurigo","https://thumb.wikimedia.org/wikipedia/commons/thumb/d/dc/Wappen_Regensberg.svg/500px-Wappen_Regensberg.svg.png",24.37962354,FALSE,FALSE
1,97,23.469387755,414,1350,39.189784236,1780,4542,1764,TRUE,"ZH","Rümlang","Rümlang","Rümlang","Rümlang ZH","Rümlang (ZH)","Rümlang (ZH)","Zürich","Zurich","Zurigo","https://thumb.wikimedia.org/wikipedia/commons/thumb/1/1e/CHE_R%C3%BCmlang_COA.svg/250px-CHE_R%C3%BCmlang_COA.svg.png",24.37962354,FALSE,FALSE
1,98,23.333333333,70,230,48.325358852,303,627,300,TRUE,"ZH","Schleinikon","Schleinikon","Schleinikon","Schleinikon ZH","Schleinikon (ZH)","Schleinikon (ZH)","Zürich","Zurich","Zurigo","https://thumb.wikimedia.org/wikipedia/commons/thumb/c/ca/CHE_Schleinikon_COA.svg/250px-CHE_Schleinikon_COA.svg.png",24.37962354,FALSE,FALSE
1,99,26.204238921,136,383,54.612159329,521,954,519,TRUE,"ZH","Schöfflisdorf","Schöfflisdorf","Schöfflisdorf","Schöfflisdorf ZH","Schöfflisdorf (ZH)","Schöfflisdorf (ZH)","Zürich","Zurich","Zurigo","https://thumb.wikimedia.org/wikipedia/commons/thumb/3/3b/CHE_Sch%C3%B6fflisdorf_COA.svg/250px-CHE_Sch%C3%B6fflisdorf_COA.svg.png",24.37962354,FALSE,FALSE
1,100,21.208053691,158,587,44.819419775,757,1689,745,TRUE,"ZH","Stadel","Stadel","Stadel","Stadel ZH","Stadel (ZH)","Stadel (ZH)","Zürich","Zurich","Zurigo","https://thumb.wikimedia.org/wikipedia/commons/thumb/2/25/CHE_Stadel_COA.svg/250px-CHE_Stadel_COA.svg.png",24.37962354,FALSE,FALSE
1,101,21.755368814,233,838,49.290617849,1077,2185,1071,TRUE,"ZH","Steinmaur","Steinmaur","Steinmaur","Steinmaur ZH","Steinmaur (ZH)","Steinmaur (ZH)","Zürich","Zurich","Zurigo","https://thumb.wikimedia.org/wikipedia/commons/thumb/f/f3/CHE_Steinmaur_COA.svg/250px-CHE_Steinmaur_COA.svg.png",24.37962354,FALSE,FALSE
1,102,19.256017505,88,369,37.105901374,459,1237,457,TRUE,"ZH","Weiach","Weiach","Weiach","Weiach ZH","Weiach (ZH)","Weiach (ZH)","Zürich","Zurich","Zurigo","https://thumb.wikimedia.org/wikipedia/commons/thumb/8/8f/CHE_Weiach_COA.svg/250px-CHE_Weiach_COA.svg.png",24.37962354,FALSE,FALSE
1,111,21.447162936,412,1509,52.78536319,1933,3662,1921,TRUE,"ZH","Bäretswil","Bäretswil","Bäretswil","Bäretswil ZH","Bäretswil (ZH)","Bäretswil (ZH)","Zürich","Zurich","Zurigo","https://thumb.wikimedia.org/wikipedia/commons/thumb/a/a2/CHE_B%C3%A4retswil_COA.svg/960px-CHE_B%C3%A4retswil_COA.svg.png",24.37962354,FALSE,FALSE
1,112,26.752221125,813,2226,56.129741616,3063,5457,3039,TRUE,"ZH","Bubikon","Bubikon","Bubikon","Bubikon ZH","Bubikon (ZH)","Bubikon (ZH)","Zürich","Zurich","Zurigo","https://thumb.wikimedia.org/wikipedia/commons/thumb/0/0e/CHE_Bubikon_COA.svg/250px-CHE_Bubikon_COA.svg.png",24.37962354,FALSE,FALSE
1,113,26.307808946,694,1944,50.717154332,2652,5229,2638,TRUE,"ZH","Dürnten","Dürnten","Dürnten","Dürnten ZH","Dürnten (ZH)","Dürnten (ZH)","Zürich","Zurich","Zurigo","https://thumb.wikimedia.org/wikipedia/commons/thumb/6/63/CHE_D%C3%BCrnten_COA.svg/250px-CHE_D%C3%BCrnten_COA.svg.png",24.37962354,FALSE,FALSE
1,114,16.997792494,154,752,50.806003335,914,1799,906,TRUE,"ZH","Fischenthal","Fischenthal","Fischenthal","Fischenthal ZH","Fischenthal (ZH)","Fischenthal (ZH)","Zürich","Zurich","Zurigo","https://thumb.wikimedia.org/wikipedia/commons/thumb/1/1f/CHE_Fischenthal_COA.svg/250px-CHE_Fischenthal_COA.svg.png",24.37962354,FALSE,FALSE
1,115,23.079268293,757,2523,45.444536196,3302,7266,3280,TRUE,"ZH","Gossau ZH","Gossau (ZH)","Gossau ZH","Gossau ZH","Gossau (ZH)","Gossau (ZH)","Zürich","Zurich","Zurigo","https://thumb.wikimedia.org/wikipedia/commons/thumb/3/33/CHE_Gossau_ZH_COA.svg/250px-CHE_Gossau_ZH_COA.svg.png",24.37962354,FALSE,FALSE
1,116,22.348484848,295,1025,50.207625519,1330,2649,1320,TRUE,"ZH","Grüningen","Grüningen","Grüningen","Grüningen ZH","Grüningen (ZH)","Grüningen (ZH)","Zürich","Zurich","Zurigo","https://thumb.wikimedia.org/wikipedia/commons/thumb/f/fc/CHE_Gr%C3%BCningen_COA.svg/250px-CHE_Gr%C3%BCningen_COA.svg.png",24.37962354,FALSE,FALSE
1,117,22.644927536,875,2989,49.541167474,3887,7846,3864,TRUE,"ZH","Hinwil","Hinwil","Hinwil","Hinwil ZH","Hinwil (ZH)","Hinwil (ZH)","Zürich","Zurich","Zurigo","https://thumb.wikimedia.org/wikipedia/commons/thumb/0/00/CHE_Hinwil_COA.svg/250px-CHE_Hinwil_COA.svg.png",24.37962354,FALSE,FALSE
1,118,27.698986975,957,2498,44.760190305,3481,7777,3455,TRUE,"ZH","Rüti ZH","Rüti (ZH)","Rüti ZH","Rüti ZH","Rüti (ZH)","Rüti (ZH)","Zürich","Zurich","Zurigo","https://thumb.wikimedia.org/wikipedia/commons/thumb/e/e7/CHE_R%C3%BCti_ZH_COA.svg/250px-CHE_R%C3%BCti_ZH_COA.svg.png",24.37962354,FALSE,FALSE
1,119,28.545780969,159,398,56.852791878,560,985,557,TRUE,"ZH","Seegräben","Seegräben","Seegräben","Seegräben ZH","Seegräben (ZH)","Seegräben (ZH)","Zürich","Zurich","Zurigo","https://thumb.wikimedia.org/wikipedia/commons/thumb/2/29/CHE_Seegr%C3%A4ben_COA.svg/250px-CHE_Seegr%C3%A4ben_COA.svg.png",24.37962354,FALSE,FALSE
1,120,30.48696845,889,2027,46.278776411,2935,6342,2916,TRUE,"ZH","Wald ZH","Wald (ZH)","Wald ZH","Wald ZH","Wald (ZH)","Wald (ZH)","Zürich","Zurich","Zurigo","https://thumb.wikimedia.org/wikipedia/commons/thumb/4/45/Wald-blazon-modern.svg/250px-Wald-blazon-modern.svg.png",24.37962354,FALSE,FALSE
1,121,,,,,,,,FALSE,"ZH","Wetzikon ZH","Wetzikon (ZH)","Wetzikon ZH","Wetzikon ZH","Wetzikon (ZH)","Wetzikon (ZH)","Zürich","Zurich","Zurigo","https://thumb.wikimedia.org/wikipedia/commons/thumb/0/0b/CHE_Wetzikon_COA.svg/250px-CHE_Wetzikon_COA.svg.png",24.37962354,FALSE,FALSE
1,131,27.829865081,1217,3156,45.280311571,4418,9757,4373,TRUE,"ZH","Adliswil","Adliswil","Adliswil","Adliswil ZH","Adliswil (ZH)","Adliswil (ZH)","Zürich","Zurich","Zurigo","https://thumb.wikimedia.org/wikipedia/commons/thumb/0/0e/CHE_Adliswil_COA.svg/250px-CHE_Adliswil_COA.svg.png",24.37962354,FALSE,FALSE
1,135,24.420677362,685,2120,56.269904459,2827,5024,2805,TRUE,"ZH","Kilchberg ZH","Kilchberg (ZH)","Kilchberg ZH","Kilchberg ZH","Kilchberg (ZH)","Kilchberg (ZH)","Zürich","Zurich","Zurigo","https://thumb.wikimedia.org/wikipedia/commons/thumb/f/fd/CHE_Kilchberg_COA.svg/250px-CHE_Kilchberg_COA.svg.png",24.37962354,FALSE,FALSE
1,136,,,,,,,,FALSE,"ZH","Langnau am Albis","Langnau am Albis","Langnau am Albis","Langnau am Albis ZH","Langnau am Albis (ZH)","Langnau am Albis (ZH)","Zürich","Zurich","Zurigo","https://thumb.wikimedia.org/wikipedia/commons/thumb/a/a5/CHE_Langnau_am_Albis_COA.svg/250px-CHE_Langnau_am_Albis_COA.svg.png",24.37962354,FALSE,FALSE
1,137,27.416073245,539,1427,59.128878282,1982,3352,1966,TRUE,"ZH","Oberrieden","Oberrieden","Oberrieden","Oberrieden ZH","Oberrieden (ZH)","Oberrieden (ZH)","Zürich","Zurich","Zurigo","https://thumb.wikimedia.org/wikipedia/commons/thumb/7/73/CHE_Oberrieden_COA.svg/250px-CHE_Oberrieden_COA.svg.png",24.37962354,FALSE,FALSE
1,138,,,,,,,,FALSE,"ZH","Richterswil","Richterswil","Richterswil","Richterswil ZH","Richterswil (ZH)","Richterswil (ZH)","Zürich","Zurich","Zurigo","https://thumb.wikimedia.org/wikipedia/commons/thumb/b/b0/CHE_Richterswil_COA.svg/960px-CHE_Richterswil_COA.svg.png",24.37962354,FALSE,FALSE
1,139,,,,,,,,FALSE,"ZH","Rüschlikon","Rüschlikon","Rüschlikon","Rüschlikon ZH","Rüschlikon (ZH)","Rüschlikon (ZH)","Zürich","Zurich","Zurigo","https://thumb.wikimedia.org/wikipedia/commons/thumb/b/bb/CHE_R%C3%BCschlikon_COA.svg/250px-CHE_R%C3%BCschlikon_COA.svg.png",24.37962354,FALSE,FALSE
1,141,,,,,,,,FALSE,"ZH","Thalwil","Thalwil","Thalwil","Thalwil ZH","Thalwil (ZH)","Thalwil (ZH)","Zürich","Zurich","Zurigo","https://thumb.wikimedia.org/wikipedia/commons/thumb/3/33/CHE_Thalwil_COA.svg/250px-CHE_Thalwil_COA.svg.png",24.37962354,FALSE,FALSE
1,151,,,,,,,,FALSE,"ZH","Erlenbach ZH","Erlenbach (ZH)","Erlenbach ZH","Erlenbach ZH","Erlenbach (ZH)","Erlenbach (ZH)","Zürich","Zurich","Zurigo","https://thumb.wikimedia.org/wikipedia/commons/thumb/d/d8/CHE_Erlenbach_COA.svg/250px-CHE_Erlenbach_COA.svg.png",24.37962354,FALSE,FALSE
1,152,21.288515406,532,1967,60.085939365,2517,4189,2499,TRUE,"ZH","Herrliberg","Herrliberg","Herrliberg","Herrliberg ZH","Herrliberg (ZH)","Herrliberg (ZH)","Zürich","Zurich","Zurigo","https://thumb.wikimedia.org/wikipedia/commons/thumb/b/b2/CHE_Herrliberg_COA.svg/250px-CHE_Herrliberg_COA.svg.png",24.37962354,FALSE,FALSE
1,153,27.454299255,811,2143,50.12649688,2972,5929,2954,TRUE,"ZH","Hombrechtikon","Hombrechtikon","Hombrechtikon","Hombrechtikon ZH","Hombrechtikon (ZH)","Hombrechtikon (ZH)","Zürich","Zurich","Zurigo","https://thumb.wikimedia.org/wikipedia/commons/thumb/1/18/CHE_Hombrechtikon_COA.svg/250px-CHE_Hombrechtikon_COA.svg.png",24.37962354,FALSE,FALSE
1,154,23.575638507,1200,3890,57.685433423,5164,8952,5090,TRUE,"ZH","Küsnacht ZH","Küsnacht (ZH)","Küsnacht ZH","Küsnacht ZH","Küsnacht (ZH)","Küsnacht (ZH)","Zürich","Zurich","Zurigo","https://thumb.wikimedia.org/wikipedia/commons/thumb/4/49/CHE_K%C3%BCsnacht_COA.svg/250px-CHE_K%C3%BCsnacht_COA.svg.png",24.37962354,FALSE,FALSE
1,155,27.751196172,1160,3020,55.882741318,4232,7573,4180,TRUE,"ZH","Männedorf","Männedorf","Männedorf","Männedorf ZH","Männedorf (ZH)","Männedorf (ZH)","Zürich","Zurich","Zurigo","https://thumb.wikimedia.org/wikipedia/commons/thumb/9/9a/CHE_M%C3%A4nnedorf_COA.svg/250px-CHE_M%C3%A4nnedorf_COA.svg.png",24.37962354,FALSE,FALSE
1,156,24.168351406,1315,4126,58.491566776,5514,9427,5441,TRUE,"ZH","Meilen","Meilen","Meilen","Meilen ZH","Meilen (ZH)","Meilen (ZH)","Zürich","Zurich","Zurigo","https://thumb.wikimedia.org/wikipedia/commons/thumb/b/bc/CHE_Meilen_COA.svg/250px-CHE_Meilen_COA.svg.png",24.37962354,FALSE,FALSE
1,157,23.247863248,272,898,41.447137338,1180,2847,1170,TRUE,"ZH","Oetwil am See","Oetwil am See","Oetwil am See","Oetwil am See ZH","Oetwil am See (ZH)","Oetwil am See (ZH)","Zürich","Zurich","Zurigo","https://thumb.wikimedia.org/wikipedia/commons/thumb/d/db/CHE_Oetwil_am_See_COA.svg/250px-CHE_Oetwil_am_See_COA.svg.png",24.37962354,FALSE,FALSE
1,158,28.544552762,1669,4178,58.287922322,5883,10093,5847,TRUE,"ZH","Stäfa","Stäfa","Stäfa","Stäfa ZH","Stäfa (ZH)","Stäfa (ZH)","Zürich","Zurich","Zurigo","https://thumb.wikimedia.org/wikipedia/commons/thumb/5/5e/CHE_St%C3%A4fa_COA.svg/250px-CHE_St%C3%A4fa_COA.svg.png",24.37962354,FALSE,FALSE
1,159,,,,,,,,FALSE,"ZH","Uetikon am See","Uetikon am See","Uetikon am See","Uetikon am See ZH","Uetikon am See (ZH)","Uetikon am See (ZH)","Zürich","Zurich","Zurigo","https://thumb.wikimedia.org/wikipedia/commons/thumb/4/42/CHE_Uetikon_COA.svg/250px-CHE_Uetikon_COA.svg.png",24.37962354,FALSE,FALSE
1,160,20.183908046,439,1736,60.692520776,2191,3610,2175,TRUE,"ZH","Zumikon","Zumikon","Zumikon","Zumikon ZH","Zumikon (ZH)","Zumikon (ZH)","Zürich","Zurich","Zurigo","https://thumb.wikimedia.org/wikipedia/commons/thumb/1/13/CHE_Zumikon_COA.svg/250px-CHE_Zumikon_COA.svg.png",24.37962354,FALSE,FALSE
1,161,,,,,,,,FALSE,"ZH","Zollikon","Zollikon","Zollikon","Zollikon ZH","Zollikon (ZH)","Zollikon (ZH)","Zürich","Zurich","Zurigo","https://thumb.wikimedia.org/wikipedia/commons/thumb/2/2a/CHE_Zollikon_COA.svg/250px-CHE_Zollikon_COA.svg.png",24.37962354,FALSE,FALSE
1,172,22.949308756,498,1672,49.626274066,2191,4415,2170,TRUE,"ZH","Fehraltorf","Fehraltorf","Fehraltorf","Fehraltorf ZH","Fehraltorf (ZH)","Fehraltorf (ZH)","Zürich","Zurich","Zurigo","https://thumb.wikimedia.org/wikipedia/commons/thumb/a/ad/CHE_Fehraltorf_COA.svg/330px-CHE_Fehraltorf_COA.svg.png",24.37962354,FALSE,FALSE
1,173,25.445605409,414,1213,57.626527051,1651,2865,1627,TRUE,"ZH","Hittnau","Hittnau","Hittnau","Hittnau ZH","Hittnau (ZH)","Hittnau (ZH)","Zürich","Zurich","Zurigo","https://thumb.wikimedia.org/wikipedia/commons/thumb/d/d5/CHE_Hittnau_COA.svg/250px-CHE_Hittnau_COA.svg.png",24.37962354,FALSE,FALSE
1,176,21.637426901,407,1474,50.615631692,1891,3736,1881,TRUE,"ZH","Lindau","Lindau","Lindau","Lindau ZH","Lindau (ZH)","Lindau (ZH)","Zürich","Zurich","Zurigo","https://thumb.wikimedia.org/wikipedia/commons/thumb/8/86/CHE_Lindau_COA.svg/250px-CHE_Lindau_COA.svg.png",24.37962354,FALSE,FALSE
1,177,27.25631769,1208,3224,52.729851099,4462,8462,4432,TRUE,"ZH","Pfäffikon","Pfäffikon","Pfäffikon","Pfäffikon ZH","Pfäffikon (ZH)","Pfäffikon (ZH)","Zürich","Zurich","Zurigo","https://thumb.wikimedia.org/wikipedia/commons/thumb/6/61/CHE_Pf%C3%A4ffikon_ZH_COA.svg/960px-CHE_Pf%C3%A4ffikon_ZH_COA.svg.png",24.37962354,FALSE,FALSE
1,178,22.015765766,391,1385,54.623392529,1784,3266,1776,TRUE,"ZH","Russikon","Russikon","Russikon","Russikon ZH","Russikon (ZH)","Russikon (ZH)","Zürich","Zurich","Zurigo","https://thumb.wikimedia.org/wikipedia/commons/thumb/2/2f/CHE_Russikon_COA.svg/250px-CHE_Russikon_COA.svg.png",24.37962354,FALSE,FALSE
1,180,22.509803922,287,988,52.371218316,1281,2446,1275,TRUE,"ZH","Weisslingen","Weisslingen","Weisslingen","Weisslingen ZH","Weisslingen (ZH)","Weisslingen (ZH)","Zürich","Zurich","Zurigo","https://thumb.wikimedia.org/wikipedia/commons/thumb/3/39/CHE_Weisslingen_COA.svg/250px-CHE_Weisslingen_COA.svg.png",24.37962354,FALSE,FALSE
1,181,21.639784946,161,583,50.710900474,749,1477,744,TRUE,"ZH","Wila","Wila","Wila","Wila ZH","Wila (ZH)","Wila (ZH)","Zürich","Zurich","Zurigo","https://thumb.wikimedia.org/wikipedia/commons/thumb/1/16/CHE_Wila_COA.svg/250px-CHE_Wila_COA.svg.png",24.37962354,FALSE,FALSE
1,182,19.285714286,81,339,57.945205479,423,730,420,TRUE,"ZH","Wildberg","Wildberg","Wildberg","Wildberg ZH","Wildberg (ZH)","Wildberg (ZH)","Zürich","Zurich","Zurigo","https://thumb.wikimedia.org/wikipedia/commons/thumb/0/0b/CHE_Wildberg_COA.svg/250px-CHE_Wildberg_COA.svg.png",24.37962354,FALSE,FALSE
1,191,,,,,,,,FALSE,"ZH","Dübendorf","Dübendorf","Dübendorf","Dübendorf ZH","Dübendorf (ZH)","Dübendorf (ZH)","Zürich","Zurich","Zurigo","https://thumb.wikimedia.org/wikipedia/commons/thumb/f/f7/CHE_D%C3%BCbendorf_COA.svg/250px-CHE_D%C3%BCbendorf_COA.svg.png",24.37962354,FALSE,FALSE
1,192,27.929824561,796,2054,51.328696273,2878,5607,2850,TRUE,"ZH","Egg","Egg","Egg","Egg ZH","Egg (ZH)","Egg (ZH)","Zürich","Zurich","Zurigo","https://thumb.wikimedia.org/wikipedia/commons/thumb/6/6a/CHE_Egg_COA_%28variant%29.svg/250px-CHE_Egg_COA_%28variant%29.svg.png",24.37962354,FALSE,FALSE
1,193,,,,,,,,FALSE,"ZH","Fällanden","Fällanden","Fällanden","Fällanden ZH","Fällanden (ZH)","Fällanden (ZH)","Zürich","Zurich","Zurigo","https://thumb.wikimedia.org/wikipedia/commons/thumb/c/c4/CHE_F%C3%A4llanden_COA.svg/250px-CHE_F%C3%A4llanden_COA.svg.png",24.37962354,FALSE,FALSE
1,194,26.303317536,444,1244,50.790337012,1703,3353,1688,TRUE,"ZH","Greifensee","Greifensee","Greifensee","Greifensee ZH","Greifensee (ZH)","Greifensee (ZH)","Zürich","Zurich","Zurigo","https://thumb.wikimedia.org/wikipedia/commons/thumb/7/76/CHE_Greifensee_COA.svg/250px-CHE_Greifensee_COA.svg.png",24.37962354,FALSE,FALSE
1,195,,,,,,,,FALSE,"ZH","Maur","Maur","Maur","Maur ZH","Maur (ZH)","Maur (ZH)","Zürich","Zurich","Zurigo","https://thumb.wikimedia.org/wikipedia/commons/thumb/c/cf/CHE_Maur_COA.svg/250px-CHE_Maur_COA.svg.png",24.37962354,FALSE,FALSE
1,196,25.170998632,368,1094,51.201671891,1470,2871,1462,TRUE,"ZH","Mönchaltorf","Mönchaltorf","Mönchaltorf","Mönchaltorf ZH","Mönchaltorf (ZH)","Mönchaltorf (ZH)","Zürich","Zurich","Zurigo","https://thumb.wikimedia.org/wikipedia/commons/thumb/d/d1/CHE_M%C3%B6nchaltorf_COA.svg/250px-CHE_M%C3%B6nchaltorf_COA.svg.png",24.37962354,FALSE,FALSE
1,197,,,,,,,,FALSE,"ZH","Schwerzenbach","Schwerzenbach","Schwerzenbach","Schwerzenbach ZH","Schwerzenbach (ZH)","Schwerzenbach (ZH)","Zürich","Zurich","Zurigo","https://thumb.wikimedia.org/wikipedia/commons/thumb/d/da/CHE_Schwerzenbach_COA.svg/250px-CHE_Schwerzenbach_COA.svg.png",24.37962354,FALSE,FALSE
1,198,,,,,,,,FALSE,"ZH","Uster","Uster","Uster","Uster ZH","Uster (ZH)","Uster (ZH)","Zürich","Zurich","Zurigo","https://thumb.wikimedia.org/wikipedia/commons/thumb/2/2d/CHE_Uster_COA.svg/250px-CHE_Uster_COA.svg.png",24.37962354,FALSE,FALSE
1,199,23.46106808,1151,3755,42.115614845,4925,11694,4906,TRUE,"ZH","Volketswil","Volketswil","Volketswil","Volketswil ZH","Volketswil (ZH)","Volketswil (ZH)","Zürich","Zurich","Zurigo","https://thumb.wikimedia.org/wikipedia/commons/thumb/9/94/CHE_Volketswil_COA.svg/250px-CHE_Volketswil_COA.svg.png",24.37962354,FALSE,FALSE
1,200,23.4375,480,1568,43.175136497,2056,4762,2048,TRUE,"ZH","Wangen-Brüttisellen","Wangen-Brüttisellen","Wangen-Brüttisellen","Wangen-Brüttisellen ZH","Wangen-Brüttisellen (ZH)","Wangen-Brüttisellen (ZH)","Zürich","Zurich","Zurigo","https://thumb.wikimedia.org/wikipedia/commons/thumb/5/5b/CHE_Wangen-Br%C3%BCttisellen_COA.svg/250px-CHE_Wangen-Br%C3%BCttisellen_COA.svg.png",24.37962354,FALSE,FALSE
1,211,18.618618619,62,271,60,333,555,333,TRUE,"ZH","Altikon","Altikon","Altikon","Altikon ZH","Altikon (ZH)","Altikon (ZH)","Zürich","Zurich","Zurigo","https://thumb.wikimedia.org/wikipedia/commons/thumb/a/ab/CHE_Altikon_COA.svg/250px-CHE_Altikon_COA.svg.png",24.37962354,FALSE,FALSE
1,213,20.438683948,205,798,60.553217078,1007,1663,1003,TRUE,"ZH","Brütten","Brütten","Brütten","Brütten ZH","Brütten (ZH)","Brütten (ZH)","Zürich","Zurich","Zurigo","https://thumb.wikimedia.org/wikipedia/commons/thumb/4/40/CHE_Br%C3%BCtten_COA.svg/250px-CHE_Br%C3%BCtten_COA.svg.png",24.37962354,FALSE,FALSE
1,214,21.789883268,112,402,56.907894737,519,912,514,TRUE,"ZH","Dägerlen","Dägerlen","Dägerlen","Dägerlen ZH","Dägerlen (ZH)","Dägerlen (ZH)","Zürich","Zurich","Zurigo","https://thumb.wikimedia.org/wikipedia/commons/thumb/e/eb/CHE_D%C3%A4gerlen_COA.svg/250px-CHE_D%C3%A4gerlen_COA.svg.png",24.37962354,FALSE,FALSE
1,215,24.25,97,303,64.217252396,402,626,400,TRUE,"ZH","Dättlikon","Dättlikon","Dättlikon","Dättlikon ZH","Dättlikon (ZH)","Dättlikon (ZH)","Zürich","Zurich","Zurigo","https://thumb.wikimedia.org/wikipedia/commons/thumb/a/a7/CHE_D%C3%A4ttlikon_COA.svg/250px-CHE_D%C3%A4ttlikon_COA.svg.png",24.37962354,FALSE,FALSE
1,216,23.75,171,549,57.436708861,726,1264,720,TRUE,"ZH","Dinhard","Dinhard","Dinhard","Dinhard ZH","Dinhard (ZH)","Dinhard (ZH)","Zürich","Zurich","Zurigo","https://thumb.wikimedia.org/wikipedia/commons/thumb/2/2d/CHE_Dinhard_COA.svg/250px-CHE_Dinhard_COA.svg.png",24.37962354,FALSE,FALSE
1,218,22.163588391,84,295,52.120383037,381,731,379,TRUE,"ZH","Ellikon an der Thur","Ellikon an der Thur","Ellikon an der Thur","Ellikon an der Thur ZH","Ellikon an der Thur (ZH)","Ellikon an der Thur (ZH)","Zürich","Zurich","Zurigo","https://thumb.wikimedia.org/wikipedia/commons/thumb/a/a5/CHE_Ellikon_an_der_Thur_COA.svg/250px-CHE_Ellikon_an_der_Thur_COA.svg.png",24.37962354,FALSE,FALSE
1,219,26.675786594,390,1072,56.501726122,1473,2607,1462,TRUE,"ZH","Elsau","Elsau","Elsau","Elsau ZH","Elsau (ZH)","Elsau (ZH)","Zürich","Zurich","Zurigo","https://thumb.wikimedia.org/wikipedia/commons/thumb/4/4c/CHE_Elsau_COA.svg/330px-CHE_Elsau_COA.svg.png",24.37962354,FALSE,FALSE
1,220,19.621749409,83,340,53.64321608,427,796,423,TRUE,"ZH","Hagenbuch","Hagenbuch","Hagenbuch","Hagenbuch ZH","Hagenbuch (ZH)","Hagenbuch (ZH)","Zürich","Zurich","Zurigo","https://thumb.wikimedia.org/wikipedia/commons/thumb/6/6c/CHE_Hagenbuch_COA.svg/250px-CHE_Hagenbuch_COA.svg.png",24.37962354,FALSE,FALSE
1,221,26.917510854,372,1010,59.854014599,1394,2329,1382,TRUE,"ZH","Hettlingen","Hettlingen","Hettlingen","Hettlingen ZH","Hettlingen (ZH)","Hettlingen (ZH)","Zürich","Zurich","Zurigo","https://thumb.wikimedia.org/wikipedia/commons/thumb/8/80/CHE_Hettlingen_COA.svg/250px-CHE_Hettlingen_COA.svg.png",24.37962354,FALSE,FALSE
1,223,23.761904762,499,1601,52.589641434,2112,4016,2100,TRUE,"ZH","Neftenbach","Neftenbach","Neftenbach","Neftenbach ZH","Neftenbach (ZH)","Neftenbach (ZH)","Zürich","Zurich","Zurigo","https://thumb.wikimedia.org/wikipedia/commons/thumb/d/d2/CHE_Neftenbach_COA.svg/250px-CHE_Neftenbach_COA.svg.png",24.37962354,FALSE,FALSE
1,224,24.597918638,260,797,43.145976547,1067,2473,1057,TRUE,"ZH","Pfungen","Pfungen","Pfungen","Pfungen ZH","Pfungen (ZH)","Pfungen (ZH)","Zürich","Zurich","Zurigo","https://thumb.wikimedia.org/wikipedia/commons/thumb/e/e8/CHE_Pfungen_COA.svg/250px-CHE_Pfungen_COA.svg.png",24.37962354,FALSE,FALSE
1,225,23.002887392,239,800,52.96803653,1044,1971,1039,TRUE,"ZH","Rickenbach ZH","Rickenbach (ZH)","Rickenbach ZH","Rickenbach ZH","Rickenbach (ZH)","Rickenbach (ZH)","Zürich","Zurich","Zurigo","https://thumb.wikimedia.org/wikipedia/commons/thumb/0/05/CHE_Rickenbach_COA.svg/250px-CHE_Rickenbach_COA.svg.png",24.37962354,FALSE,FALSE
1,226,26.543209877,86,238,59.165154265,326,551,324,TRUE,"ZH","Schlatt ZH","Schlatt (ZH)","Schlatt ZH","Schlatt ZH","Schlatt (ZH)","Schlatt (ZH)","Zürich","Zurich","Zurigo","https://thumb.wikimedia.org/wikipedia/commons/thumb/b/bb/CHE_Schlatt_COA.svg/250px-CHE_Schlatt_COA.svg.png",24.37962354,FALSE,FALSE
1,227,21.92109777,639,2276,52.720785013,2955,5605,2915,TRUE,"ZH","Seuzach","Seuzach","Seuzach","Seuzach ZH","Seuzach (ZH)","Seuzach (ZH)","Zürich","Zurich","Zurigo","https://thumb.wikimedia.org/wikipedia/commons/thumb/9/98/CHE_Seuzach_COA.svg/250px-CHE_Seuzach_COA.svg.png",24.37962354,FALSE,FALSE
1,228,,,,,,,,FALSE,"ZH","Turbenthal","Turbenthal","Turbenthal","Turbenthal ZH","Turbenthal (ZH)","Turbenthal (ZH)","Zürich","Zurich","Zurigo","https://thumb.wikimedia.org/wikipedia/commons/thumb/a/ae/CHE_Turbenthal_COA.svg/250px-CHE_Turbenthal_COA.svg.png",24.37962354,FALSE,FALSE
1,230,,,,,,,,FALSE,"ZH","Winterthur","Winterthour","Winterthour","Winterthur ZH","Winterthour (ZH)","Winterthour (ZH)","Zürich","Zurich","Zurigo","https://thumb.wikimedia.org/wikipedia/commons/thumb/b/b8/Wappen_Winterthur.svg/960px-Wappen_Winterthur.svg.png",24.37962354,FALSE,FALSE
1,231,28.201058201,533,1357,44.930604564,1910,4251,1890,TRUE,"ZH","Zell ZH","Zell (ZH)","Zell ZH","Zell ZH","Zell (ZH)","Zell (ZH)","Zürich","Zurich","Zurigo","https://thumb.wikimedia.org/wikipedia/commons/thumb/1/13/CHE_Zell_COA.svg/250px-CHE_Zell_COA.svg.png",24.37962354,FALSE,FALSE
1,241,22.65625,145,495,59.283088235,645,1088,640,TRUE,"ZH","Aesch ZH","Aesch (ZH)","Aesch ZH","Aesch ZH","Aesch (ZH)","Aesch (ZH)","Zürich","Zurich","Zurigo","https://thumb.wikimedia.org/wikipedia/commons/thumb/1/19/CHE_Aesch_COA.svg/250px-CHE_Aesch_COA.svg.png",24.37962354,FALSE,FALSE
1,242,26.124945391,598,1691,51.054852321,2299,4503,2289,TRUE,"ZH","Birmensdorf ZH","Birmensdorf (ZH)","Birmensdorf ZH","Birmensdorf ZH","Birmensdorf (ZH)","Birmensdorf (ZH)","Zürich","Zurich","Zurigo","https://thumb.wikimedia.org/wikipedia/commons/thumb/2/23/CHE_Birmensdorf_COA.svg/250px-CHE_Birmensdorf_COA.svg.png",24.37962354,FALSE,FALSE
1,243,,,,,,,,FALSE,"ZH","Dietikon","Dietikon","Dietikon","Dietikon ZH","Dietikon (ZH)","Dietikon (ZH)","Zürich","Zurich","Zurigo","https://thumb.wikimedia.org/wikipedia/commons/thumb/a/a0/CHE_Dietikon_COA.svg/250px-CHE_Dietikon_COA.svg.png",24.37962354,FALSE,FALSE
1,244,,,,,,,,FALSE,"ZH","Geroldswil","Geroldswil","Geroldswil","Geroldswil ZH","Geroldswil (ZH)","Geroldswil (ZH)","Zürich","Zurich","Zurigo","https://thumb.wikimedia.org/wikipedia/commons/thumb/a/ae/CHE_Geroldswil_COA.svg/250px-CHE_Geroldswil_COA.svg.png",24.37962354,FALSE,FALSE
1,245,24.242424242,368,1150,41.096256684,1537,3740,1518,TRUE,"ZH","Oberengstringen","Oberengstringen","Oberengstringen","Oberengstringen ZH","Oberengstringen (ZH)","Oberengstringen (ZH)","Zürich","Zurich","Zurigo","https://thumb.wikimedia.org/wikipedia/commons/thumb/a/ac/CHE_Oberengstringen_COA.svg/250px-CHE_Oberengstringen_COA.svg.png",24.37962354,FALSE,FALSE
1,246,16.807738815,139,688,48.315911731,832,1722,827,TRUE,"ZH","Oetwil an der Limmat","Oetwil an der Limmat","Oetwil an der Limmat","Oetwil an der Limmat ZH","Oetwil an der Limmat (ZH)","Oetwil an der Limmat (ZH)","Zürich","Zurich","Zurigo","https://thumb.wikimedia.org/wikipedia/commons/thumb/8/87/CHE_Oetwil_an_der_Limmat_COA.svg/960px-CHE_Oetwil_an_der_Limmat_COA.svg.png",24.37962354,FALSE,FALSE
1,247,29.068988614,868,2118,33.850826865,3009,8889,2986,TRUE,"ZH","Schlieren","Schlieren","Schlieren","Schlieren ZH","Schlieren (ZH)","Schlieren (ZH)","Zürich","Zurich","Zurigo","https://thumb.wikimedia.org/wikipedia/commons/thumb/3/38/CHE_Schlieren_COA.svg/250px-CHE_Schlieren_COA.svg.png",24.37962354,FALSE,FALSE
1,248,19.212295869,400,1682,58.138888889,2093,3600,2082,TRUE,"ZH","Uitikon","Uitikon","Uitikon","Uitikon ZH","Uitikon (ZH)","Uitikon (ZH)","Zürich","Zurich","Zurigo","https://thumb.wikimedia.org/wikipedia/commons/thumb/6/69/CHE_Uitikon_COA.svg/250px-CHE_Uitikon_COA.svg.png",24.37962354,FALSE,FALSE
1,249,22.366288493,276,958,47.851112817,1247,2606,1234,TRUE,"ZH","Unterengstringen","Unterengstringen","Unterengstringen","Unterengstringen ZH","Unterengstringen (ZH)","Unterengstringen (ZH)","Zürich","Zurich","Zurigo","https://thumb.wikimedia.org/wikipedia/commons/thumb/6/61/CHE_Unterengstringen_COA.svg/250px-CHE_Unterengstringen_COA.svg.png",24.37962354,FALSE,FALSE
1,250,26.332853026,731,2045,45.552297165,2796,6138,2776,TRUE,"ZH","Urdorf","Urdorf","Urdorf","Urdorf ZH","Urdorf (ZH)","Urdorf (ZH)","Zürich","Zurich","Zurigo","https://thumb.wikimedia.org/wikipedia/commons/thumb/c/ce/CHE_Urdorf_COA.svg/250px-CHE_Urdorf_COA.svg.png",24.37962354,FALSE,FALSE
1,251,23.022709475,294,983,44.060253338,1287,2921,1277,TRUE,"ZH","Weiningen ZH","Weiningen (ZH)","Weiningen ZH","Weiningen ZH","Weiningen (ZH)","Weiningen (ZH)","Zürich","Zurich","Zurigo","https://thumb.wikimedia.org/wikipedia/commons/thumb/7/77/CHE_Weiningen_COA.svg/250px-CHE_Weiningen_COA.svg.png",24.37962354,FALSE,FALSE
1,261,,,,,,,,FALSE,"ZH","Zürich","Zurich","Zurigo","Zürich ZH","Zurich (ZH)","Zurigo (ZH)","Zürich","Zurich","Zurigo","https://thumb.wikimedia.org/wikipedia/commons/thumb/4/4a/CHE_Z%C3%BCrich_COA.svg/250px-CHE_Z%C3%BCrich_COA.svg.png",24.37962354,FALSE,FALSE
1,291,23.700202566,351,1130,57.931570762,1490,2572,1481,TRUE,"ZH","Andelfingen","Andelfingen","Andelfingen","Andelfingen ZH","Andelfingen (ZH)","Andelfingen (ZH)","Zürich","Zurich","Zurigo","https://thumb.wikimedia.org/wikipedia/commons/thumb/7/7d/CHE_Andelfingen_COA.svg/250px-CHE_Andelfingen_COA.svg.png",24.37962354,FALSE,FALSE
1,292,24.464579901,297,917,57.003257329,1225,2149,1214,TRUE,"ZH","Stammheim","Stammheim","Stammheim","Stammheim ZH","Stammheim (ZH)","Stammheim (ZH)","Zürich","Zurich","Zurigo","https://thumb.wikimedia.org/wikipedia/commons/thumb/d/de/CHE_Stammheim_COA.svg/250px-CHE_Stammheim_COA.svg.png",24.37962354,FALSE,FALSE
1,293,,,,,,,,FALSE,"ZH","Wädenswil","Wädenswil","Wädenswil","Wädenswil ZH","Wädenswil (ZH)","Wädenswil (ZH)","Zürich","Zurich","Zurigo","https://thumb.wikimedia.org/wikipedia/commons/thumb/b/b0/CHE_W%C3%A4denswil_COA.svg/250px-CHE_W%C3%A4denswil_COA.svg.png",24.37962354,FALSE,FALSE
1,294,25.811688312,477,1371,53.56117174,1865,3482,1848,TRUE,"ZH","Elgg","Elgg","Elgg","Elgg ZH","Elgg (ZH)","Elgg (ZH)","Zürich","Zurich","Zurigo","https://thumb.wikimedia.org/wikipedia/commons/thumb/5/56/CHE_Elgg_COA.svg/250px-CHE_Elgg_COA.svg.png",24.37962354,FALSE,FALSE
1,295,26.405009163,1729,4819,48.173849525,6595,13690,6548,TRUE,"ZH","Horgen","Horgen","Horgen","Horgen ZH","Horgen (ZH)","Horgen (ZH)","Zürich","Zurich","Zurigo","https://thumb.wikimedia.org/wikipedia/commons/thumb/1/1a/CHE_Horgen_COA.svg/250px-CHE_Horgen_COA.svg.png",24.37962354,FALSE,FALSE
1,296,26.352892391,1271,3552,46.835564974,4862,10381,4823,TRUE,"ZH","Illnau-Effretikon","Illnau-Effretikon","Illnau-Effretikon","Illnau-Effretikon ZH","Illnau-Effretikon (ZH)","Illnau-Effretikon (ZH)","Zürich","Zurich","Zurigo","https://upload.wikimedia.org/wikipedia/commons/7/7e/Wappen-Illnau-Effretikon.jpg",24.37962354,FALSE,FALSE
1,297,22.155688623,407,1430,51.907968575,1850,3564,1837,TRUE,"ZH","Bauma","Bauma","Bauma","Bauma ZH","Bauma (ZH)","Bauma (ZH)","Zürich","Zurich","Zurigo","https://thumb.wikimedia.org/wikipedia/commons/thumb/b/b3/CHE_Bauma_COA.svg/250px-CHE_Bauma_COA.svg.png",24.37962354,FALSE,FALSE
1,298,22.943095324,633,2126,56.633380884,2779,4907,2759,TRUE,"ZH","Wiesendangen","Wiesendangen","Wiesendangen","Wiesendangen ZH","Wiesendangen (ZH)","Wiesendangen (ZH)","Zürich","Zurich","Zurigo","https://thumb.wikimedia.org/wikipedia/commons/thumb/4/42/CHE_Wiesendangen_COA.svg/250px-CHE_Wiesendangen_COA.svg.png",24.37962354,FALSE,FALSE
2,301,,,,,,,,FALSE,"BE","Aarberg","Aarberg","Aarberg","Aarberg BE","Aarberg (BE)","Aarberg (BE)","Bern","Berne","Berna","https://thumb.wikimedia.org/wikipedia/commons/thumb/b/be/CHE_Aarberg_BE_COA.svg/500px-CHE_Aarberg_BE_COA.svg.png",23.170175324,FALSE,FALSE
2,302,,,,,,,,FALSE,"BE","Bargen BE","Bargen (BE)","Bargen BE","Bargen BE","Bargen (BE)","Bargen (BE)","Bern","Berne","Berna","https://thumb.wikimedia.org/wikipedia/commons/thumb/7/77/CHE_Bargen_BE_COA.svg/500px-CHE_Bargen_BE_COA.svg.png",23.170175324,FALSE,FALSE
2,303,,,,,,,,FALSE,"BE","Grossaffoltern","Grossaffoltern","Grossaffoltern","Grossaffoltern BE","Grossaffoltern (BE)","Grossaffoltern (BE)","Bern","Berne","Berna","https://thumb.wikimedia.org/wikipedia/commons/thumb/2/23/CHE_Grossaffoltern_BE_COA.svg/500px-CHE_Grossaffoltern_BE_COA.svg.png",23.170175324,FALSE,FALSE
2,304,,,,,,,,FALSE,"BE","Kallnach","Kallnach","Kallnach","Kallnach BE","Kallnach (BE)","Kallnach (BE)","Bern","Berne","Berna","https://thumb.wikimedia.org/wikipedia/commons/thumb/1/17/CHE_Kallnach_COA.svg/500px-CHE_Kallnach_COA.svg.png",23.170175324,FALSE,FALSE
2,305,,,,,,,,FALSE,"BE","Kappelen","Kappelen","Kappelen","Kappelen BE","Kappelen (BE)","Kappelen (BE)","Bern","Berne","Berna","https://thumb.wikimedia.org/wikipedia/commons/thumb/7/72/CHE_Kappelen_BE_COA.svg/500px-CHE_Kappelen_BE_COA.svg.png",23.170175324,FALSE,FALSE
2,306,,,,,,,,FALSE,"BE","Lyss","Lyss","Lyss","Lyss BE","Lyss (BE)","Lyss (BE)","Bern","Berne","Berna","https://thumb.wikimedia.org/wikipedia/commons/thumb/8/88/CHE_Lyss_COA.svg/500px-CHE_Lyss_COA.svg.png",23.170175324,FALSE,FALSE
2,307,,,,,,,,FALSE,"BE","Meikirch","Meikirch","Meikirch","Meikirch BE","Meikirch (BE)","Meikirch (BE)","Bern","Berne","Berna","https://thumb.wikimedia.org/wikipedia/commons/thumb/f/f0/CHE_Meikirch_COA.svg/500px-CHE_Meikirch_COA.svg.png",23.170175324,FALSE,FALSE
2,309,,,,,,,,FALSE,"BE","Radelfingen","Radelfingen","Radelfingen","Radelfingen BE","Radelfingen (BE)","Radelfingen (BE)","Bern","Berne","Berna","https://thumb.wikimedia.org/wikipedia/commons/thumb/0/05/CHE_Radelfingen_BE_COA.svg/500px-CHE_Radelfingen_BE_COA.svg.png",23.170175324,FALSE,FALSE
2,310,,,,,,,,FALSE,"BE","Rapperswil BE","Rapperswil (BE)","Rapperswil BE","Rapperswil BE","Rapperswil (BE)","Rapperswil (BE)","Bern","Berne","Berna","https://thumb.wikimedia.org/wikipedia/commons/thumb/8/8f/CHE_Rapperswil_BE_official_COA.svg/500px-CHE_Rapperswil_BE_official_COA.svg.png",23.170175324,FALSE,FALSE
2,311,,,,,,,,FALSE,"BE","Schüpfen","Schüpfen","Schüpfen","Schüpfen BE","Schüpfen (BE)","Schüpfen (BE)","Bern","Berne","Berna","https://thumb.wikimedia.org/wikipedia/commons/thumb/8/8e/CHE_Sch%C3%BCpfen_BE_COA.svg/500px-CHE_Sch%C3%BCpfen_BE_COA.svg.png",23.170175324,FALSE,FALSE
2,312,,,,,,,,FALSE,"BE","Seedorf BE","Seedorf (BE)","Seedorf BE","Seedorf BE","Seedorf (BE)","Seedorf (BE)","Bern","Berne","Berna","https://thumb.wikimedia.org/wikipedia/commons/thumb/7/7a/CHE_Seedorf_BE_COA.svg/960px-CHE_Seedorf_BE_COA.svg.png",23.170175324,FALSE,FALSE
2,321,,,,,,,,FALSE,"BE","Aarwangen","Aarwangen","Aarwangen","Aarwangen BE","Aarwangen (BE)","Aarwangen (BE)","Bern","Berne","Berna","https://thumb.wikimedia.org/wikipedia/commons/thumb/d/dd/CHE_Aarwangen_COA.svg/960px-CHE_Aarwangen_COA.svg.png",23.170175324,FALSE,FALSE
2,322,,,,,,,,FALSE,"BE","Auswil","Auswil","Auswil","Auswil BE","Auswil (BE)","Auswil (BE)","Bern","Berne","Berna","https://thumb.wikimedia.org/wikipedia/commons/thumb/0/07/CHE_Auswil_COA.svg/960px-CHE_Auswil_COA.svg.png",23.170175324,FALSE,FALSE
2,323,,,,,,,,FALSE,"BE","Bannwil","Bannwil","Bannwil","Bannwil BE","Bannwil (BE)","Bannwil (BE)","Bern","Berne","Berna","https://thumb.wikimedia.org/wikipedia/commons/thumb/b/b3/CHE_Bannwil_COA.svg/500px-CHE_Bannwil_COA.svg.png",23.170175324,FALSE,FALSE
2,324,,,,,,,,FALSE,"BE","Bleienbach","Bleienbach","Bleienbach","Bleienbach BE","Bleienbach (BE)","Bleienbach (BE)","Bern","Berne","Berna","https://thumb.wikimedia.org/wikipedia/commons/thumb/c/ce/CHE_Bleienbach_COA.svg/960px-CHE_Bleienbach_COA.svg.png",23.170175324,FALSE,FALSE
2,325,,,,,,,,FALSE,"BE","Busswil bei Melchnau","Busswil bei Melchnau","Busswil bei Melchnau","Busswil bei Melchnau BE","Busswil bei Melchnau (BE)","Busswil bei Melchnau (BE)","Bern","Berne","Berna","https://thumb.wikimedia.org/wikipedia/commons/thumb/f/f7/CHE_Busswil_bei_Melchnau_COA.svg/500px-CHE_Busswil_bei_Melchnau_COA.svg.png",23.170175324,FALSE,FALSE
2,326,,,,,,,,FALSE,"BE","Gondiswil","Gondiswil","Gondiswil","Gondiswil BE","Gondiswil (BE)","Gondiswil (BE)","Bern","Berne","Berna","https://thumb.wikimedia.org/wikipedia/commons/thumb/f/f4/CHE_Gondiswil_COA.svg/960px-CHE_Gondiswil_COA.svg.png",23.170175324,FALSE,FALSE
2,329,,,,,,,,FALSE,"BE","Langenthal","Langenthal","Langenthal","Langenthal BE","Langenthal (BE)","Langenthal (BE)","Bern","Berne","Berna","https://thumb.wikimedia.org/wikipedia/commons/thumb/f/f2/CHE_Langenthal_COA.svg/960px-CHE_Langenthal_COA.svg.png",23.170175324,FALSE,FALSE
2,331,,,,,,,,FALSE,"BE","Lotzwil","Lotzwil","Lotzwil","Lotzwil BE","Lotzwil (BE)","Lotzwil (BE)","Bern","Berne","Berna","https://thumb.wikimedia.org/wikipedia/commons/thumb/6/64/CHE_Lotzwil_COA.svg/500px-CHE_Lotzwil_COA.svg.png",23.170175324,FALSE,FALSE
2,332,,,,,,,,FALSE,"BE","Madiswil","Madiswil","Madiswil","Madiswil BE","Madiswil (BE)","Madiswil (BE)","Bern","Berne","Berna","https://thumb.wikimedia.org/wikipedia/commons/thumb/4/45/CHE_Madiswil_COA.svg/500px-CHE_Madiswil_COA.svg.png",23.170175324,FALSE,FALSE
2,333,,,,,,,,FALSE,"BE","Melchnau","Melchnau","Melchnau","Melchnau BE","Melchnau (BE)","Melchnau (BE)","Bern","Berne","Berna","https://thumb.wikimedia.org/wikipedia/commons/thumb/e/e7/CHE_Melchnau_COA.svg/500px-CHE_Melchnau_COA.svg.png",23.170175324,FALSE,FALSE
2,335,,,,,,,,FALSE,"BE","Oeschenbach","Oeschenbach","Oeschenbach","Oeschenbach BE","Oeschenbach (BE)","Oeschenbach (BE)","Bern","Berne","Berna","https://thumb.wikimedia.org/wikipedia/commons/thumb/a/a7/CHE_Oeschenbach_COA.svg/500px-CHE_Oeschenbach_COA.svg.png",23.170175324,FALSE,FALSE
2,336,,,,,,,,FALSE,"BE","Reisiswil","Reisiswil","Reisiswil","Reisiswil BE","Reisiswil (BE)","Reisiswil (BE)","Bern","Berne","Berna","https://thumb.wikimedia.org/wikipedia/commons/thumb/5/5b/CHE_Reisiswil_COA.svg/500px-CHE_Reisiswil_COA.svg.png",23.170175324,FALSE,FALSE
2,337,,,,,,,,FALSE,"BE","Roggwil BE","Roggwil (BE)","Roggwil BE","Roggwil BE","Roggwil (BE)","Roggwil (BE)","Bern","Berne","Berna","https://thumb.wikimedia.org/wikipedia/commons/thumb/e/e0/CHE_Roggwil_BE_COA.svg/500px-CHE_Roggwil_BE_COA.svg.png",23.170175324,FALSE,FALSE
2,338,,,,,,,,FALSE,"BE","Rohrbach","Rohrbach","Rohrbach","Rohrbach BE","Rohrbach (BE)","Rohrbach (BE)","Bern","Berne","Berna","https://thumb.wikimedia.org/wikipedia/commons/thumb/8/81/CHE_Rohrbach_COA.svg/960px-CHE_Rohrbach_COA.svg.png",23.170175324,FALSE,FALSE
2,339,,,,,,,,FALSE,"BE","Rohrbachgraben","Rohrbachgraben","Rohrbachgraben","Rohrbachgraben BE","Rohrbachgraben (BE)","Rohrbachgraben (BE)","Bern","Berne","Berna","https://thumb.wikimedia.org/wikipedia/commons/thumb/8/86/CHE_Rohrbachgraben_COA.svg/500px-CHE_Rohrbachgraben_COA.svg.png",23.170175324,FALSE,FALSE
2,340,,,,,,,,FALSE,"BE","Rütschelen","Rütschelen","Rütschelen","Rütschelen BE","Rütschelen (BE)","Rütschelen (BE)","Bern","Berne","Berna","https://thumb.wikimedia.org/wikipedia/commons/thumb/c/c1/CHE_R%C3%BCtschelen_COA.svg/960px-CHE_R%C3%BCtschelen_COA.svg.png",23.170175324,FALSE,FALSE
2,341,,,,,,,,FALSE,"BE","Schwarzhäusern","Schwarzhäusern","Schwarzhäusern","Schwarzhäusern BE","Schwarzhäusern (BE)","Schwarzhäusern (BE)","Bern","Berne","Berna","https://thumb.wikimedia.org/wikipedia/commons/thumb/5/5b/CHE_Schwarzh%C3%A4usern_COA.svg/500px-CHE_Schwarzh%C3%A4usern_COA.svg.png",23.170175324,FALSE,FALSE
2,342,,,,,,,,FALSE,"BE","Thunstetten","Thunstetten","Thunstetten","Thunstetten BE","Thunstetten (BE)","Thunstetten (BE)","Bern","Berne","Berna","https://thumb.wikimedia.org/wikipedia/commons/thumb/e/e5/CHE_Thunstetten_COA.svg/500px-CHE_Thunstetten_COA.svg.png",23.170175324,FALSE,FALSE
2,344,,,,,,,,FALSE,"BE","Ursenbach","Ursenbach","Ursenbach","Ursenbach BE","Ursenbach (BE)","Ursenbach (BE)","Bern","Berne","Berna","https://thumb.wikimedia.org/wikipedia/commons/thumb/0/08/CHE_Ursenbach_COA.svg/500px-CHE_Ursenbach_COA.svg.png",23.170175324,FALSE,FALSE
2,345,,,,,,,,FALSE,"BE","Wynau","Wynau","Wynau","Wynau BE","Wynau (BE)","Wynau (BE)","Bern","Berne","Berna","https://thumb.wikimedia.org/wikipedia/commons/thumb/a/ab/CHE_Wynau_COA.svg/500px-CHE_Wynau_COA.svg.png",23.170175324,FALSE,FALSE
2,351,,,,,,,,FALSE,"BE","Bern","Berne","Berna","Bern BE","Berne (BE)","Berna (BE)","Bern","Berne","Berna","https://thumb.wikimedia.org/wikipedia/commons/thumb/9/91/CHE_Bern_BE_COA.svg/960px-CHE_Bern_BE_COA.svg.png",23.170175324,FALSE,FALSE
2,352,,,,,,,,FALSE,"BE","Bolligen","Bolligen","Bolligen","Bolligen BE","Bolligen (BE)","Bolligen (BE)","Bern","Berne","Berna","https://thumb.wikimedia.org/wikipedia/commons/thumb/b/ba/CHE_Bolligen_COA.svg/500px-CHE_Bolligen_COA.svg.png",23.170175324,FALSE,FALSE
2,353,,,,,,,,FALSE,"BE","Bremgarten bei Bern","Bremgarten bei Bern","Bremgarten bei Bern","Bremgarten bei Bern BE","Bremgarten bei Bern (BE)","Bremgarten bei Bern (BE)","Bern","Berne","Berna","https://thumb.wikimedia.org/wikipedia/commons/thumb/1/1f/CHE_Bremgarten_bei_Bern_COA.svg/500px-CHE_Bremgarten_bei_Bern_COA.svg.png",23.170175324,FALSE,FALSE
2,354,,,,,,,,FALSE,"BE","Kirchlindach","Kirchlindach","Kirchlindach","Kirchlindach BE","Kirchlindach (BE)","Kirchlindach (BE)","Bern","Berne","Berna","https://thumb.wikimedia.org/wikipedia/commons/thumb/0/0f/CHE_Kirchlindach_COA.svg/500px-CHE_Kirchlindach_COA.svg.png",23.170175324,FALSE,FALSE
2,355,,,,,,,,FALSE,"BE","Köniz","Köniz","Köniz","Köniz BE","Köniz (BE)","Köniz (BE)","Bern","Berne","Berna","https://thumb.wikimedia.org/wikipedia/commons/thumb/e/e3/CHE_K%C3%B6niz_COA.svg/960px-CHE_K%C3%B6niz_COA.svg.png",23.170175324,FALSE,FALSE
2,356,,,,,,,,FALSE,"BE","Muri bei Bern","Muri bei Bern","Muri bei Bern","Muri bei Bern BE","Muri bei Bern (BE)","Muri bei Bern (BE)","Bern","Berne","Berna","https://thumb.wikimedia.org/wikipedia/commons/thumb/8/85/CHE_Muri_bei_Bern_COA.svg/500px-CHE_Muri_bei_Bern_COA.svg.png",23.170175324,FALSE,FALSE
2,357,,,,,,,,FALSE,"BE","Oberbalm","Oberbalm","Oberbalm","Oberbalm BE","Oberbalm (BE)","Oberbalm (BE)","Bern","Berne","Berna","https://thumb.wikimedia.org/wikipedia/commons/thumb/5/5b/CHE_Oberbalm_COA.svg/500px-CHE_Oberbalm_COA.svg.png",23.170175324,FALSE,FALSE
2,358,,,,,,,,FALSE,"BE","Stettlen","Stettlen","Stettlen","Stettlen BE","Stettlen (BE)","Stettlen (BE)","Bern","Berne","Berna","https://thumb.wikimedia.org/wikipedia/commons/thumb/9/9d/CHE_Stettlen_COA.svg/500px-CHE_Stettlen_COA.svg.png",23.170175324,FALSE,FALSE
2,359,,,,,,,,FALSE,"BE","Vechigen","Vechigen","Vechigen","Vechigen BE","Vechigen (BE)","Vechigen (BE)","Bern","Berne","Berna","https://thumb.wikimedia.org/wikipedia/commons/thumb/d/df/CHE_Vechigen_COA.svg/500px-CHE_Vechigen_COA.svg.png",23.170175324,FALSE,FALSE
2,360,,,,,,,,FALSE,"BE","Wohlen bei Bern","Wohlen bei Bern","Wohlen bei Bern","Wohlen bei Bern BE","Wohlen bei Bern (BE)","Wohlen bei Bern (BE)","Bern","Berne","Berna","https://thumb.wikimedia.org/wikipedia/commons/thumb/d/de/CHE_Wohlen_bei_Bern_COA.svg/500px-CHE_Wohlen_bei_Bern_COA.svg.png",23.170175324,FALSE,FALSE
2,361,,,,,,,,FALSE,"BE","Zollikofen","Zollikofen","Zollikofen","Zollikofen BE","Zollikofen (BE)","Zollikofen (BE)","Bern","Berne","Berna","https://thumb.wikimedia.org/wikipedia/commons/thumb/7/72/CHE_Zollikofen_COA.svg/500px-CHE_Zollikofen_COA.svg.png",23.170175324,FALSE,FALSE
2,362,,,,,,,,FALSE,"BE","Ittigen","Ittigen","Ittigen","Ittigen BE","Ittigen (BE)","Ittigen (BE)","Bern","Berne","Berna","https://thumb.wikimedia.org/wikipedia/commons/thumb/2/21/CHE_Ittigen_COA.svg/960px-CHE_Ittigen_COA.svg.png",23.170175324,FALSE,FALSE
2,363,,,,,,,,FALSE,"BE","Ostermundigen","Ostermundigen","Ostermundigen","Ostermundigen BE","Ostermundigen (BE)","Ostermundigen (BE)","Bern","Berne","Berna","https://thumb.wikimedia.org/wikipedia/commons/thumb/0/08/CHE_Ostermundigen_COA.svg/500px-CHE_Ostermundigen_COA.svg.png",23.170175324,FALSE,FALSE
2,371,,,,,,,,FALSE,"BE","Biel BE","Bienne","Bienne","Biel BE","Bienne (BE)","Bienne (BE)","Bern","Berne","Berna","https://thumb.wikimedia.org/wikipedia/commons/thumb/3/39/CHE_Biel_COA.svg/960px-CHE_Biel_COA.svg.png",23.170175324,FALSE,FALSE
2,372,,,,,,,,FALSE,"BE","Leubringen","Evilard","Evilard","Leubringen BE","Evilard (BE)","Evilard (BE)","Bern","Berne","Berna","https://thumb.wikimedia.org/wikipedia/commons/thumb/5/5b/CHE_Evilard_COA.svg/500px-CHE_Evilard_COA.svg.png",23.170175324,FALSE,FALSE
2,381,,,,,,,,FALSE,"BE","Arch","Arch","Arch","Arch BE","Arch (BE)","Arch (BE)","Bern","Berne","Berna","https://thumb.wikimedia.org/wikipedia/commons/thumb/4/48/CHE_Arch_COA.svg/500px-CHE_Arch_COA.svg.png",23.170175324,FALSE,FALSE
2,382,,,,,,,,FALSE,"BE","Büetigen","Büetigen","Büetigen","Büetigen BE","Büetigen (BE)","Büetigen (BE)","Bern","Berne","Berna","https://thumb.wikimedia.org/wikipedia/commons/thumb/e/e0/CHE_B%C3%BCetigen_COA.svg/500px-CHE_B%C3%BCetigen_COA.svg.png",23.170175324,FALSE,FALSE
2,383,,,,,,,,FALSE,"BE","Büren an der Aare","Büren an der Aare","Büren an der Aare","Büren an der Aare BE","Büren an der Aare (BE)","Büren an der Aare (BE)","Bern","Berne","Berna","https://thumb.wikimedia.org/wikipedia/commons/thumb/5/55/CHE_B%C3%BCren_an_der_Aare_COA.svg/500px-CHE_B%C3%BCren_an_der_Aare_COA.svg.png",23.170175324,FALSE,FALSE
2,385,,,,,,,,FALSE,"BE","Diessbach bei Büren","Diessbach bei Büren","Diessbach bei Büren","Diessbach bei Büren BE","Diessbach bei Büren (BE)","Diessbach bei Büren (BE)","Bern","Berne","Berna","https://thumb.wikimedia.org/wikipedia/commons/thumb/1/1b/CHE_Diessbach_bei_B%C3%BCren_COA.svg/500px-CHE_Diessbach_bei_B%C3%BCren_COA.svg.png",23.170175324,FALSE,FALSE
2,386,,,,,,,,FALSE,"BE","Dotzigen","Dotzigen","Dotzigen","Dotzigen BE","Dotzigen (BE)","Dotzigen (BE)","Bern","Berne","Berna","https://thumb.wikimedia.org/wikipedia/commons/thumb/a/aa/CHE_Dotzigen_BE_COA.svg/500px-CHE_Dotzigen_BE_COA.svg.png",23.170175324,FALSE,FALSE
2,387,,,,,,,,FALSE,"BE","Lengnau BE","Longeau","Longeau","Lengnau BE","Longeau (BE)","Longeau (BE)","Bern","Berne","Berna","https://thumb.wikimedia.org/wikipedia/commons/thumb/d/dd/CHE_Lengnau_BE_COA.svg/500px-CHE_Lengnau_BE_COA.svg.png",23.170175324,FALSE,FALSE
2,388,,,,,,,,FALSE,"BE","Leuzigen","Leuzigen","Leuzigen","Leuzigen BE","Leuzigen (BE)","Leuzigen (BE)","Bern","Berne","Berna","https://thumb.wikimedia.org/wikipedia/commons/thumb/b/ba/CHE_Leuzigen_COA.svg/500px-CHE_Leuzigen_COA.svg.png",23.170175324,FALSE,FALSE
2,390,,,,,,,,FALSE,"BE","Meinisberg","Meinisberg","Meinisberg","Meinisberg BE","Meinisberg (BE)","Meinisberg (BE)","Bern","Berne","Berna","https://thumb.wikimedia.org/wikipedia/commons/thumb/9/99/CHE_Meinisberg_COA.svg/500px-CHE_Meinisberg_COA.svg.png",23.170175324,FALSE,FALSE
2,391,,,,,,,,FALSE,"BE","Oberwil bei Büren","Oberwil bei Büren","Oberwil bei Büren","Oberwil bei Büren BE","Oberwil bei Büren (BE)","Oberwil bei Büren (BE)","Bern","Berne","Berna","https://thumb.wikimedia.org/wikipedia/commons/thumb/0/08/CHE_Oberwil_bei_B%C3%BCren_COA.svg/960px-CHE_Oberwil_bei_B%C3%BCren_COA.svg.png",23.170175324,FALSE,FALSE
2,392,,,,,,,,FALSE,"BE","Pieterlen","Perles","Perles","Pieterlen BE","Perles (BE)","Perles (BE)","Bern","Berne","Berna","https://thumb.wikimedia.org/wikipedia/commons/thumb/b/bc/CHE_Pieterlen_COA.svg/500px-CHE_Pieterlen_COA.svg.png",23.170175324,FALSE,FALSE
2,393,,,,,,,,FALSE,"BE","Rüti bei Büren","Rüti bei Büren","Rüti bei Büren","Rüti bei Büren BE","Rüti bei Büren (BE)","Rüti bei Büren (BE)","Bern","Berne","Berna","https://thumb.wikimedia.org/wikipedia/commons/thumb/1/18/CHE_R%C3%BCti_bei_B%C3%BCren_COA.svg/500px-CHE_R%C3%BCti_bei_B%C3%BCren_COA.svg.png",23.170175324,FALSE,FALSE
2,394,,,,,,,,FALSE,"BE","Wengi","Wengi","Wengi","Wengi BE","Wengi (BE)","Wengi (BE)","Bern","Berne","Berna","https://thumb.wikimedia.org/wikipedia/commons/thumb/6/66/CHE_Wengi_COA.svg/500px-CHE_Wengi_COA.svg.png",23.170175324,FALSE,FALSE
2,401,,,,,,,,FALSE,"BE","Aefligen","Aefligen","Aefligen","Aefligen BE","Aefligen (BE)","Aefligen (BE)","Bern","Berne","Berna","https://thumb.wikimedia.org/wikipedia/commons/thumb/5/57/CHE_Aefligen_COA.svg/500px-CHE_Aefligen_COA.svg.png",23.170175324,FALSE,FALSE
2,402,,,,,,,,FALSE,"BE","Alchenstorf","Alchenstorf","Alchenstorf","Alchenstorf BE","Alchenstorf (BE)","Alchenstorf (BE)","Bern","Berne","Berna","https://thumb.wikimedia.org/wikipedia/commons/thumb/6/65/CHE_Alchenstorf_COA.svg/500px-CHE_Alchenstorf_COA.svg.png",23.170175324,FALSE,FALSE
2,403,,,,,,,,FALSE,"BE","Bäriswil","Bäriswil","Bäriswil","Bäriswil BE","Bäriswil (BE)","Bäriswil (BE)","Bern","Berne","Berna","https://thumb.wikimedia.org/wikipedia/commons/thumb/b/b6/CHE_B%C3%A4riswil_COA.svg/500px-CHE_B%C3%A4riswil_COA.svg.png",23.170175324,FALSE,FALSE
2,404,,,,,,,,FALSE,"BE","Burgdorf","Berthoud","Berthoud","Burgdorf BE","Berthoud (BE)","Berthoud (BE)","Bern","Berne","Berna","https://thumb.wikimedia.org/wikipedia/commons/thumb/8/80/CHE_Burgdorf_BE_COA.svg/500px-CHE_Burgdorf_BE_COA.svg.png",23.170175324,FALSE,FALSE
2,405,,,,,,,,FALSE,"BE","Ersigen","Ersigen","Ersigen","Ersigen BE","Ersigen (BE)","Ersigen (BE)","Bern","Berne","Berna","https://thumb.wikimedia.org/wikipedia/commons/thumb/0/0c/CHE_Ersigen_COA.svg/500px-CHE_Ersigen_COA.svg.png",23.170175324,FALSE,FALSE
2,406,,,,,,,,FALSE,"BE","Hasle bei Burgdorf","Hasle bei Burgdorf","Hasle bei Burgdorf","Hasle bei Burgdorf BE","Hasle bei Burgdorf (BE)","Hasle bei Burgdorf (BE)","Bern","Berne","Berna","https://thumb.wikimedia.org/wikipedia/commons/thumb/5/5e/CHE_Hasle_bei_Burgdorf_COA.svg/500px-CHE_Hasle_bei_Burgdorf_COA.svg.png",23.170175324,FALSE,FALSE
2,407,,,,,,,,FALSE,"BE","Heimiswil","Heimiswil","Heimiswil","Heimiswil BE","Heimiswil (BE)","Heimiswil (BE)","Bern","Berne","Berna","https://thumb.wikimedia.org/wikipedia/commons/thumb/c/ca/CHE_Heimiswil_COA.svg/500px-CHE_Heimiswil_COA.svg.png",23.170175324,FALSE,FALSE
2,409,,,,,,,,FALSE,"BE","Hindelbank","Hindelbank","Hindelbank","Hindelbank BE","Hindelbank (BE)","Hindelbank (BE)","Bern","Berne","Berna","https://thumb.wikimedia.org/wikipedia/commons/thumb/0/0d/CHE_Hindelbank_COA.svg/500px-CHE_Hindelbank_COA.svg.png",23.170175324,FALSE,FALSE
2,410,,,,,,,,FALSE,"BE","Höchstetten","Höchstetten","Höchstetten","Höchstetten BE","Höchstetten (BE)","Höchstetten (BE)","Bern","Berne","Berna","https://thumb.wikimedia.org/wikipedia/commons/thumb/8/8c/CHE_H%C3%B6chstetten_COA.svg/500px-CHE_H%C3%B6chstetten_COA.svg.png",23.170175324,FALSE,FALSE
2,411,,,,,,,,FALSE,"BE","Kernenried","Kernenried","Kernenried","Kernenried BE","Kernenried (BE)","Kernenried (BE)","Bern","Berne","Berna","https://thumb.wikimedia.org/wikipedia/commons/thumb/e/ec/CHE_Kernenried_COA.svg/500px-CHE_Kernenried_COA.svg.png",23.170175324,FALSE,FALSE
2,412,,,,,,,,FALSE,"BE","Kirchberg BE","Kirchberg (BE)","Kirchberg BE","Kirchberg BE","Kirchberg (BE)","Kirchberg (BE)","Bern","Berne","Berna","https://thumb.wikimedia.org/wikipedia/commons/thumb/1/1d/CHE_Kirchberg_BE_COA.svg/960px-CHE_Kirchberg_BE_COA.svg.png",23.170175324,FALSE,FALSE
2,413,,,,,,,,FALSE,"BE","Koppigen","Koppigen","Koppigen","Koppigen BE","Koppigen (BE)","Koppigen (BE)","Bern","Berne","Berna","https://thumb.wikimedia.org/wikipedia/commons/thumb/0/02/CHE_Koppigen_COA.svg/500px-CHE_Koppigen_COA.svg.png",23.170175324,FALSE,FALSE
2,414,,,,,,,,FALSE,"BE","Krauchthal","Krauchthal","Krauchthal","Krauchthal BE","Krauchthal (BE)","Krauchthal (BE)","Bern","Berne","Berna","https://thumb.wikimedia.org/wikipedia/commons/thumb/f/f0/CHE_Krauchthal_COA.svg/500px-CHE_Krauchthal_COA.svg.png",23.170175324,FALSE,FALSE
2,415,,,,,,,,FALSE,"BE","Lyssach","Lyssach","Lyssach","Lyssach BE","Lyssach (BE)","Lyssach (BE)","Bern","Berne","Berna","https://thumb.wikimedia.org/wikipedia/commons/thumb/3/3a/CHE_Lyssach_COA.svg/500px-CHE_Lyssach_COA.svg.png",23.170175324,FALSE,FALSE
2,418,,,,,,,,FALSE,"BE","Oberburg","Oberburg","Oberburg","Oberburg BE","Oberburg (BE)","Oberburg (BE)","Bern","Berne","Berna","https://thumb.wikimedia.org/wikipedia/commons/thumb/e/e3/CHE_Oberburg_COA.svg/960px-CHE_Oberburg_COA.svg.png",23.170175324,FALSE,FALSE
2,420,,,,,,,,FALSE,"BE","Rüdtligen-Alchenflüh","Rüdtligen-Alchenflüh","Rüdtligen-Alchenflüh","Rüdtligen-Alchenflüh BE","Rüdtligen-Alchenflüh (BE)","Rüdtligen-Alchenflüh (BE)","Bern","Berne","Berna","https://thumb.wikimedia.org/wikipedia/commons/thumb/a/af/CHE_R%C3%BCdtligen-Alchenfl%C3%BCh_COA.svg/500px-CHE_R%C3%BCdtligen-Alchenfl%C3%BCh_COA.svg.png",23.170175324,FALSE,FALSE
2,421,,,,,,,,FALSE,"BE","Rumendingen","Rumendingen","Rumendingen","Rumendingen BE","Rumendingen (BE)","Rumendingen (BE)","Bern","Berne","Berna","https://thumb.wikimedia.org/wikipedia/commons/thumb/a/a0/CHE_Rumendingen_COA.svg/500px-CHE_Rumendingen_COA.svg.png",23.170175324,FALSE,FALSE
2,422,,,,,,,,FALSE,"BE","Rüti bei Lyssach","Rüti bei Lyssach","Rüti bei Lyssach","Rüti bei Lyssach BE","Rüti bei Lyssach (BE)","Rüti bei Lyssach (BE)","Bern","Berne","Berna","https://thumb.wikimedia.org/wikipedia/commons/thumb/d/d8/CHE_R%C3%BCti_bei_Lyssach_COA.svg/500px-CHE_R%C3%BCti_bei_Lyssach_COA.svg.png",23.170175324,FALSE,FALSE
2,423,,,,,,,,FALSE,"BE","Willadingen","Willadingen","Willadingen","Willadingen BE","Willadingen (BE)","Willadingen (BE)","Bern","Berne","Berna","https://thumb.wikimedia.org/wikipedia/commons/thumb/a/a7/CHE_Willadingen_COA.svg/500px-CHE_Willadingen_COA.svg.png",23.170175324,FALSE,FALSE
2,424,,,,,,,,FALSE,"BE","Wynigen","Wynigen","Wynigen","Wynigen BE","Wynigen (BE)","Wynigen (BE)","Bern","Berne","Berna","https://thumb.wikimedia.org/wikipedia/commons/thumb/1/17/CHE_Wynigen_COA.svg/960px-CHE_Wynigen_COA.svg.png",23.170175324,FALSE,FALSE
2,431,,,,,,,,FALSE,"BE","Corgémont","Corgémont","Corgémont","Corgémont BE","Corgémont (BE)","Corgémont (BE)","Bern","Berne","Berna","https://thumb.wikimedia.org/wikipedia/commons/thumb/b/b3/CHE_Corg%C3%A9mont_COA.svg/500px-CHE_Corg%C3%A9mont_COA.svg.png",23.170175324,FALSE,FALSE
2,432,,,,,,,,FALSE,"BE","Cormoret","Cormoret","Cormoret","Cormoret BE","Cormoret (BE)","Cormoret (BE)","Bern","Berne","Berna","https://thumb.wikimedia.org/wikipedia/commons/thumb/d/d6/CHE_Cormoret_COA.svg/500px-CHE_Cormoret_COA.svg.png",23.170175324,FALSE,FALSE
2,433,,,,,,,,FALSE,"BE","Cortébert","Cortébert","Cortébert","Cortébert BE","Cortébert (BE)","Cortébert (BE)","Bern","Berne","Berna","https://thumb.wikimedia.org/wikipedia/commons/thumb/7/73/CHE_Cort%C3%A9bert_COA.svg/500px-CHE_Cort%C3%A9bert_COA.svg.png",23.170175324,FALSE,FALSE
2,434,,,,,,,,FALSE,"BE","Courtelary","Courtelary","Courtelary","Courtelary BE","Courtelary (BE)","Courtelary (BE)","Bern","Berne","Berna","https://thumb.wikimedia.org/wikipedia/commons/thumb/6/6b/CHE_Courtelary_COA.svg/500px-CHE_Courtelary_COA.svg.png",23.170175324,FALSE,FALSE
2,435,,,,,,,,FALSE,"BE","La Ferrière","La Ferrière","La Ferrière","La Ferrière BE","La Ferrière (BE)","La Ferrière (BE)","Bern","Berne","Berna","https://thumb.wikimedia.org/wikipedia/commons/thumb/2/24/CHE_La_Ferri%C3%A8re_COA.svg/500px-CHE_La_Ferri%C3%A8re_COA.svg.png",23.170175324,FALSE,FALSE
2,437,,,,,,,,FALSE,"BE","Mont-Tramelan","Mont-Tramelan","Mont-Tramelan","Mont-Tramelan BE","Mont-Tramelan (BE)","Mont-Tramelan (BE)","Bern","Berne","Berna","https://thumb.wikimedia.org/wikipedia/commons/thumb/4/4c/CHE_Mont-Tramelan_COA.svg/500px-CHE_Mont-Tramelan_COA.svg.png",23.170175324,FALSE,FALSE
2,438,,,,,,,,FALSE,"BE","Orvin","Orvin","Orvin","Orvin BE","Orvin (BE)","Orvin (BE)","Bern","Berne","Berna","https://thumb.wikimedia.org/wikipedia/commons/thumb/c/cf/CHE_Orvin_COA.svg/500px-CHE_Orvin_COA.svg.png",23.170175324,FALSE,FALSE
2,441,,,,,,,,FALSE,"BE","Renan BE","Renan (BE)","Renan BE","Renan BE","Renan (BE)","Renan (BE)","Bern","Berne","Berna","https://thumb.wikimedia.org/wikipedia/commons/thumb/0/08/CHE_Renan_COA.svg/500px-CHE_Renan_COA.svg.png",23.170175324,FALSE,FALSE
2,442,,,,,,,,FALSE,"BE","Romont BE","Romont (BE)","Romont BE","Romont BE","Romont (BE)","Romont (BE)","Bern","Berne","Berna","https://thumb.wikimedia.org/wikipedia/commons/thumb/4/4c/CHE_Romont_BE_COA.svg/500px-CHE_Romont_BE_COA.svg.png",23.170175324,FALSE,FALSE
2,443,,,,,,,,FALSE,"BE","St. Immer","Saint-Imier","Saint-Imier","St. Immer BE","Saint-Imier (BE)","Saint-Imier (BE)","Bern","Berne","Berna","https://thumb.wikimedia.org/wikipedia/commons/thumb/4/4a/CHE_Saint-Imier_COA.svg/500px-CHE_Saint-Imier_COA.svg.png",23.170175324,FALSE,FALSE
2,444,,,,,,,,FALSE,"BE","Sonceboz-Sombeval","Sonceboz-Sombeval","Sonceboz-Sombeval","Sonceboz-Sombeval BE","Sonceboz-Sombeval (BE)","Sonceboz-Sombeval (BE)","Bern","Berne","Berna","https://thumb.wikimedia.org/wikipedia/commons/thumb/9/9d/CHE_Sonceboz-Sombeval_COA.svg/500px-CHE_Sonceboz-Sombeval_COA.svg.png",23.170175324,FALSE,FALSE
2,445,,,,,,,,FALSE,"BE","Sonvilier","Sonvilier","Sonvilier","Sonvilier BE","Sonvilier (BE)","Sonvilier (BE)","Bern","Berne","Berna","https://thumb.wikimedia.org/wikipedia/commons/thumb/b/bd/CHE_Sonvilier_COA.svg/500px-CHE_Sonvilier_COA.svg.png",23.170175324,FALSE,FALSE
2,446,,,,,,,,FALSE,"BE","Tramelan","Tramelan","Tramelan","Tramelan BE","Tramelan (BE)","Tramelan (BE)","Bern","Berne","Berna","https://thumb.wikimedia.org/wikipedia/commons/thumb/4/49/CHE_Tramelan_COA.svg/500px-CHE_Tramelan_COA.svg.png",23.170175324,FALSE,FALSE
2,448,,,,,,,,FALSE,"BE","Villeret","Villeret","Villeret","Villeret BE","Villeret (BE)","Villeret (BE)","Bern","Berne","Berna","https://thumb.wikimedia.org/wikipedia/commons/thumb/8/8a/CHE_Villeret_COA.svg/500px-CHE_Villeret_COA.svg.png",23.170175324,FALSE,FALSE
2,449,,,,,,,,FALSE,"BE","Sauge","Sauge","Sauge","Sauge BE","Sauge (BE)","Sauge (BE)","Bern","Berne","Berna","https://thumb.wikimedia.org/wikipedia/commons/thumb/f/fd/CHE_Sauge_COA.svg/500px-CHE_Sauge_COA.svg.png",23.170175324,FALSE,FALSE
2,450,,,,,,,,FALSE,"BE","Péry-La Heutte","Péry-La Heutte","Péry-La Heutte","Péry-La Heutte BE","Péry-La Heutte (BE)","Péry-La Heutte (BE)","Bern","Berne","Berna","https://thumb.wikimedia.org/wikipedia/commons/thumb/0/02/CHE_P%C3%A9ry-La_Heutte_COA.svg/500px-CHE_P%C3%A9ry-La_Heutte_COA.svg.png",23.170175324,FALSE,FALSE
2,491,,,,,,,,FALSE,"BE","Brüttelen","Brüttelen","Brüttelen","Brüttelen BE","Brüttelen (BE)","Brüttelen (BE)","Bern","Berne","Berna","https://thumb.wikimedia.org/wikipedia/commons/thumb/f/f8/CHE_Br%C3%BCttelen_COA.svg/500px-CHE_Br%C3%BCttelen_COA.svg.png",23.170175324,FALSE,FALSE
2,492,,,,,,,,FALSE,"BE","Erlach","Cerlier","Erlach","Erlach BE","Cerlier (BE)","Cerlier (BE)","Bern","Berne","Berna","https://thumb.wikimedia.org/wikipedia/commons/thumb/b/b4/CHE_Erlach_COA.svg/500px-CHE_Erlach_COA.svg.png",23.170175324,FALSE,FALSE
2,493,,,,,,,,FALSE,"BE","Finsterhennen","Finsterhennen","Finsterhennen","Finsterhennen BE","Finsterhennen (BE)","Finsterhennen (BE)","Bern","Berne","Berna","https://thumb.wikimedia.org/wikipedia/commons/thumb/c/c5/CHE_Finsterhennen_BE_COA.svg/500px-CHE_Finsterhennen_BE_COA.svg.png",23.170175324,FALSE,FALSE
2,494,,,,,,,,FALSE,"BE","Gals","Gals","Gals","Gals BE","Gals (BE)","Gals (BE)","Bern","Berne","Berna","https://thumb.wikimedia.org/wikipedia/commons/thumb/2/29/CHE_Gals_COA.svg/500px-CHE_Gals_COA.svg.png",23.170175324,FALSE,FALSE
2,495,,,,,,,,FALSE,"BE","Gampelen","Champion (Gampelen)","Gampelen","Gampelen BE","Champion (Gampelen) (BE)","Gampelen (BE)","Bern","Berne","Berna","https://thumb.wikimedia.org/wikipedia/commons/thumb/5/50/CHE_Gampelen_COA.svg/500px-CHE_Gampelen_COA.svg.png",23.170175324,FALSE,FALSE
2,496,,,,,,,,FALSE,"BE","Ins","Anet","Anet","Ins BE","Anet (BE)","Anet (BE)","Bern","Berne","Berna","https://thumb.wikimedia.org/wikipedia/commons/thumb/6/6b/CHE_Ins_COA.svg/500px-CHE_Ins_COA.svg.png",23.170175324,FALSE,FALSE
2,497,,,,,,,,FALSE,"BE","Lüscherz","Lüscherz","Lüscherz","Lüscherz BE","Lüscherz (BE)","Lüscherz (BE)","Bern","Berne","Berna","https://thumb.wikimedia.org/wikipedia/commons/thumb/8/8b/CHE_L%C3%BCscherz_COA.svg/500px-CHE_L%C3%BCscherz_COA.svg.png",23.170175324,FALSE,FALSE
2,498,,,,,,,,FALSE,"BE","Müntschemier","Müntschemier","Müntschemier","Müntschemier BE","Müntschemier (BE)","Müntschemier (BE)","Bern","Berne","Berna","https://thumb.wikimedia.org/wikipedia/commons/thumb/a/a8/CHE_M%C3%BCntschemier_COA.svg/500px-CHE_M%C3%BCntschemier_COA.svg.png",23.170175324,FALSE,FALSE
2,499,,,,,,,,FALSE,"BE","Siselen","Siselen","Siselen","Siselen BE","Siselen (BE)","Siselen (BE)","Bern","Berne","Berna","https://thumb.wikimedia.org/wikipedia/commons/thumb/9/97/CHE_Siselen_COA.svg/500px-CHE_Siselen_COA.svg.png",23.170175324,FALSE,FALSE
2,500,,,,,,,,FALSE,"BE","Treiten","Treiten","Treiten","Treiten BE","Treiten (BE)","Treiten (BE)","Bern","Berne","Berna","https://thumb.wikimedia.org/wikipedia/commons/thumb/8/81/CHE_Treiten_COA.svg/500px-CHE_Treiten_COA.svg.png",23.170175324,FALSE,FALSE
2,501,,,,,,,,FALSE,"BE","Tschugg","Tschugg","Tschugg","Tschugg BE","Tschugg (BE)","Tschugg (BE)","Bern","Berne","Berna","https://thumb.wikimedia.org/wikipedia/commons/thumb/b/b8/CHE_Tschugg_COA.svg/500px-CHE_Tschugg_COA.svg.png",23.170175324,FALSE,FALSE
2,502,,,,,,,,FALSE,"BE","Vinelz","Vinelz","Vinelz","Vinelz BE","Vinelz (BE)","Vinelz (BE)","Bern","Berne","Berna","https://thumb.wikimedia.org/wikipedia/commons/thumb/d/d3/CHE_Vinelz_COA.svg/500px-CHE_Vinelz_COA.svg.png",23.170175324,FALSE,FALSE
2,533,,,,,,,,FALSE,"BE","Bätterkinden","Bätterkinden","Bätterkinden","Bätterkinden BE","Bätterkinden (BE)","Bätterkinden (BE)","Bern","Berne","Berna","https://thumb.wikimedia.org/wikipedia/commons/thumb/7/7b/CHE_B%C3%A4tterkinden_COA.svg/500px-CHE_B%C3%A4tterkinden_COA.svg.png",23.170175324,FALSE,FALSE
2,538,,,,,,,,FALSE,"BE","Fraubrunnen","Fraubrunnen","Fraubrunnen","Fraubrunnen BE","Fraubrunnen (BE)","Fraubrunnen (BE)","Bern","Berne","Berna","https://thumb.wikimedia.org/wikipedia/commons/thumb/2/2e/CHE_Fraubrunnen_COA.svg/500px-CHE_Fraubrunnen_COA.svg.png",23.170175324,FALSE,FALSE
2,540,,,,,,,,FALSE,"BE","Jegenstorf","Jegenstorf","Jegenstorf","Jegenstorf BE","Jegenstorf (BE)","Jegenstorf (BE)","Bern","Berne","Berna","https://thumb.wikimedia.org/wikipedia/commons/thumb/1/10/CHE_Jegenstorf_COA.svg/500px-CHE_Jegenstorf_COA.svg.png",23.170175324,FALSE,FALSE
2,541,,,,,,,,FALSE,"BE","Iffwil","Iffwil","Iffwil","Iffwil BE","Iffwil (BE)","Iffwil (BE)","Bern","Berne","Berna","https://thumb.wikimedia.org/wikipedia/commons/thumb/3/36/CHE_Iffwil_COA.svg/500px-CHE_Iffwil_COA.svg.png",23.170175324,FALSE,FALSE
2,543,,,,,,,,FALSE,"BE","Mattstetten","Mattstetten","Mattstetten","Mattstetten BE","Mattstetten (BE)","Mattstetten (BE)","Bern","Berne","Berna","https://thumb.wikimedia.org/wikipedia/commons/thumb/f/f5/CHE_Mattstetten_COA.svg/500px-CHE_Mattstetten_COA.svg.png",23.170175324,FALSE,FALSE
2,544,,,,,,,,FALSE,"BE","Moosseedorf","Moosseedorf","Moosseedorf","Moosseedorf BE","Moosseedorf (BE)","Moosseedorf (BE)","Bern","Berne","Berna","https://thumb.wikimedia.org/wikipedia/commons/thumb/6/6f/CHE_Moosseedorf_COA.svg/500px-CHE_Moosseedorf_COA.svg.png",23.170175324,FALSE,FALSE
2,546,,,,,,,,FALSE,"BE","Münchenbuchsee","Münchenbuchsee","Münchenbuchsee","Münchenbuchsee BE","Münchenbuchsee (BE)","Münchenbuchsee (BE)","Bern","Berne","Berna","https://thumb.wikimedia.org/wikipedia/commons/thumb/a/a9/CHE_M%C3%BCnchenbuchsee_COA.svg/500px-CHE_M%C3%BCnchenbuchsee_COA.svg.png",23.170175324,FALSE,FALSE
2,551,,,,,,,,FALSE,"BE","Urtenen-Schönbühl","Urtenen-Schönbühl","Urtenen-Schönbühl","Urtenen-Schönbühl BE","Urtenen-Schönbühl (BE)","Urtenen-Schönbühl (BE)","Bern","Berne","Berna","https://thumb.wikimedia.org/wikipedia/commons/thumb/a/a2/CHE_Urtenen-Sch%C3%B6nb%C3%BChl_COA.svg/500px-CHE_Urtenen-Sch%C3%B6nb%C3%BChl_COA.svg.png",23.170175324,FALSE,FALSE
2,552,,,,,,,,FALSE,"BE","Utzenstorf","Utzenstorf","Utzenstorf","Utzenstorf BE","Utzenstorf (BE)","Utzenstorf (BE)","Bern","Berne","Berna","https://thumb.wikimedia.org/wikipedia/commons/thumb/f/f7/CHE_Utzenstorf_COA.svg/500px-CHE_Utzenstorf_COA.svg.png",23.170175324,FALSE,FALSE
2,553,,,,,,,,FALSE,"BE","Wiggiswil","Wiggiswil","Wiggiswil","Wiggiswil BE","Wiggiswil (BE)","Wiggiswil (BE)","Bern","Berne","Berna","https://thumb.wikimedia.org/wikipedia/commons/thumb/5/55/CHE_Wiggiswil_COA.svg/500px-CHE_Wiggiswil_COA.svg.png",23.170175324,FALSE,FALSE
2,554,,,,,,,,FALSE,"BE","Wiler bei Utzenstorf","Wiler bei Utzenstorf","Wiler bei Utzenstorf","Wiler bei Utzenstorf BE","Wiler bei Utzenstorf (BE)","Wiler bei Utzenstorf (BE)","Bern","Berne","Berna","https://thumb.wikimedia.org/wikipedia/commons/thumb/3/35/CHE_Wiler_bei_Utzenstorf_COA.svg/500px-CHE_Wiler_bei_Utzenstorf_COA.svg.png",23.170175324,FALSE,FALSE
2,556,,,,,,,,FALSE,"BE","Zielebach","Zielebach","Zielebach","Zielebach BE","Zielebach (BE)","Zielebach (BE)","Bern","Berne","Berna","https://thumb.wikimedia.org/wikipedia/commons/thumb/8/8e/CHE_Zielebach_COA.svg/500px-CHE_Zielebach_COA.svg.png",23.170175324,FALSE,FALSE
2,557,,,,,,,,FALSE,"BE","Zuzwil BE","Zuzwil (BE)","Zuzwil BE","Zuzwil BE","Zuzwil (BE)","Zuzwil (BE)","Bern","Berne","Berna","https://thumb.wikimedia.org/wikipedia/commons/thumb/1/1e/CHE_Zuzwil_BE_COA.svg/500px-CHE_Zuzwil_BE_COA.svg.png",23.170175324,FALSE,FALSE
2,561,,,,,,,,FALSE,"BE","Adelboden","Adelboden","Adelboden","Adelboden BE","Adelboden (BE)","Adelboden (BE)","Bern","Berne","Berna","https://thumb.wikimedia.org/wikipedia/commons/thumb/2/21/CHE_Adelboden_COA.svg/500px-CHE_Adelboden_COA.svg.png",23.170175324,FALSE,FALSE
2,562,,,,,,,,FALSE,"BE","Aeschi bei Spiez","Aeschi bei Spiez","Aeschi bei Spiez","Aeschi bei Spiez BE","Aeschi bei Spiez (BE)","Aeschi bei Spiez (BE)","Bern","Berne","Berna","https://thumb.wikimedia.org/wikipedia/commons/thumb/9/93/CHE_Aeschi_bei_Spiez_COA.svg/500px-CHE_Aeschi_bei_Spiez_COA.svg.png",23.170175324,FALSE,FALSE
2,563,,,,,,,,FALSE,"BE","Frutigen","Frutigen","Frutigen","Frutigen BE","Frutigen (BE)","Frutigen (BE)","Bern","Berne","Berna","https://thumb.wikimedia.org/wikipedia/commons/thumb/e/e5/CHE_Frutigen_COA.svg/500px-CHE_Frutigen_COA.svg.png",23.170175324,FALSE,FALSE
2,564,,,,,,,,FALSE,"BE","Kandergrund","Kandergrund","Kandergrund","Kandergrund BE","Kandergrund (BE)","Kandergrund (BE)","Bern","Berne","Berna","https://thumb.wikimedia.org/wikipedia/commons/thumb/3/36/CHE_Kandergrund_COA.svg/500px-CHE_Kandergrund_COA.svg.png",23.170175324,FALSE,FALSE
2,565,,,,,,,,FALSE,"BE","Kandersteg","Kandersteg","Kandersteg","Kandersteg BE","Kandersteg (BE)","Kandersteg (BE)","Bern","Berne","Berna","https://thumb.wikimedia.org/wikipedia/commons/thumb/b/b1/CHE_Kandersteg_COA.svg/500px-CHE_Kandersteg_COA.svg.png",23.170175324,FALSE,FALSE
2,566,,,,,,,,FALSE,"BE","Krattigen","Krattigen","Krattigen","Krattigen BE","Krattigen (BE)","Krattigen (BE)","Bern","Berne","Berna","https://thumb.wikimedia.org/wikipedia/commons/thumb/8/80/CHE_Krattigen_COA.svg/960px-CHE_Krattigen_COA.svg.png",23.170175324,FALSE,FALSE
2,567,,,,,,,,FALSE,"BE","Reichenbach im Kandertal","Reichenbach im Kandertal","Reichenbach im Kandertal","Reichenbach im Kandertal BE","Reichenbach im Kandertal (BE)","Reichenbach im Kandertal (BE)","Bern","Berne","Berna","https://thumb.wikimedia.org/wikipedia/commons/thumb/e/ea/CHE_Reichenbach_im_Kandertal_COA.svg/500px-CHE_Reichenbach_im_Kandertal_COA.svg.png",23.170175324,FALSE,FALSE
2,571,29.844097996,134,315,51.255707763,449,876,449,TRUE,"BE","Beatenberg","Beatenberg","Beatenberg","Beatenberg BE","Beatenberg (BE)","Beatenberg (BE)","Bern","Berne","Berna","https://thumb.wikimedia.org/wikipedia/commons/thumb/a/a9/CHE_Beatenberg_COA.svg/500px-CHE_Beatenberg_COA.svg.png",23.170175324,FALSE,FALSE
2,572,24.720357942,221,673,44.340088977,897,2023,894,TRUE,"BE","Bönigen","Bönigen","Bönigen","Bönigen BE","Bönigen (BE)","Bönigen (BE)","Bern","Berne","Berna","https://thumb.wikimedia.org/wikipedia/commons/thumb/3/39/CHE_B%C3%B6nigen_BE_COA.svg/500px-CHE_B%C3%B6nigen_BE_COA.svg.png",23.170175324,FALSE,FALSE
2,573,23.891402715,264,841,45.682565789,1111,2432,1105,TRUE,"BE","Brienz BE","Brienz (BE)","Brienz BE","Brienz BE","Brienz (BE)","Brienz (BE)","Bern","Berne","Berna","https://thumb.wikimedia.org/wikipedia/commons/thumb/2/25/CHE_Brienz_COA.svg/960px-CHE_Brienz_COA.svg.png",23.170175324,FALSE,FALSE
2,574,8.762886598,17,177,48.743718593,194,398,194,TRUE,"BE","Brienzwiler","Brienzwiler","Brienzwiler","Brienzwiler BE","Brienzwiler (BE)","Brienzwiler (BE)","Bern","Berne","Berna","https://thumb.wikimedia.org/wikipedia/commons/thumb/e/ef/CHE_Brienzwiler_COA.svg/500px-CHE_Brienzwiler_COA.svg.png",23.170175324,FALSE,FALSE
2,575,28.070175439,32,82,36.507936508,115,315,114,TRUE,"BE","Därligen","Därligen","Därligen","Därligen BE","Därligen (BE)","Därligen (BE)","Bern","Berne","Berna","https://thumb.wikimedia.org/wikipedia/commons/thumb/c/cf/CHE_D%C3%A4rligen_COA.svg/500px-CHE_D%C3%A4rligen_COA.svg.png",23.170175324,FALSE,FALSE
2,576,10.696920583,132,1102,50.141185962,1243,2479,1234,TRUE,"BE","Grindelwald","Grindelwald","Grindelwald","Grindelwald BE","Grindelwald (BE)","Grindelwald (BE)","Bern","Berne","Berna","https://thumb.wikimedia.org/wikipedia/commons/thumb/2/28/CHE_Grindelwald_COA.svg/500px-CHE_Grindelwald_COA.svg.png",23.170175324,FALSE,FALSE
2,577,31.847133758,50,107,48.757763975,157,322,157,TRUE,"BE","Gsteigwiler","Gsteigwiler","Gsteigwiler","Gsteigwiler BE","Gsteigwiler (BE)","Gsteigwiler (BE)","Bern","Berne","Berna","https://thumb.wikimedia.org/wikipedia/commons/thumb/5/5c/CHE_Gsteigwiler_COA.svg/500px-CHE_Gsteigwiler_COA.svg.png",23.170175324,FALSE,FALSE
2,578,18.75,21,91,49.777777778,112,225,112,TRUE,"BE","Gündlischwand","Gündlischwand","Gündlischwand","Gündlischwand BE","Gündlischwand (BE)","Gündlischwand (BE)","Bern","Berne","Berna","https://thumb.wikimedia.org/wikipedia/commons/thumb/c/c6/CHE_G%C3%BCndlischwand_COA.svg/500px-CHE_G%C3%BCndlischwand_COA.svg.png",23.170175324,FALSE,FALSE
2,579,11.814345992,28,209,46.6796875,239,512,237,TRUE,"BE","Habkern","Habkern","Habkern","Habkern BE","Habkern (BE)","Habkern (BE)","Bern","Berne","Berna","https://thumb.wikimedia.org/wikipedia/commons/thumb/5/5b/CHE_Habkern_COA.svg/960px-CHE_Habkern_COA.svg.png",23.170175324,FALSE,FALSE
2,580,22.966507177,48,161,45.733041575,209,457,209,TRUE,"BE","Hofstetten bei Brienz","Hofstetten bei Brienz","Hofstetten bei Brienz","Hofstetten bei Brienz BE","Hofstetten bei Brienz (BE)","Hofstetten bei Brienz (BE)","Bern","Berne","Berna","https://thumb.wikimedia.org/wikipedia/commons/thumb/6/62/CHE_Hofstetten_bei_Brienz_COA.svg/500px-CHE_Hofstetten_bei_Brienz_COA.svg.png",23.170175324,FALSE,FALSE
2,581,29.706275033,445,1053,44.871415903,1518,3383,1498,TRUE,"BE","Interlaken","Interlaken","Interlaken","Interlaken BE","Interlaken (BE)","Interlaken (BE)","Bern","Berne","Berna","https://thumb.wikimedia.org/wikipedia/commons/thumb/9/96/CHE_Interlaken_COA.svg/500px-CHE_Interlaken_COA.svg.png",23.170175324,FALSE,FALSE
2,582,16.312056738,23,118,43.827160494,142,324,141,TRUE,"BE","Iseltwald","Iseltwald","Iseltwald","Iseltwald BE","Iseltwald (BE)","Iseltwald (BE)","Bern","Berne","Berna","https://thumb.wikimedia.org/wikipedia/commons/thumb/b/b8/CHE_Iseltwald_COA.svg/500px-CHE_Iseltwald_COA.svg.png",23.170175324,FALSE,FALSE
2,584,17.378497791,118,561,46.138211382,681,1476,679,TRUE,"BE","Lauterbrunnen","Lauterbrunnen","Lauterbrunnen","Lauterbrunnen BE","Lauterbrunnen (BE)","Lauterbrunnen (BE)","Bern","Berne","Berna","https://thumb.wikimedia.org/wikipedia/commons/thumb/0/0b/CHE_Lauterbrunnen_COA.svg/500px-CHE_Lauterbrunnen_COA.svg.png",23.170175324,FALSE,FALSE
2,585,26.410835214,117,326,51.146788991,446,872,443,TRUE,"BE","Leissigen","Leissigen","Leissigen","Leissigen BE","Leissigen (BE)","Leissigen (BE)","Bern","Berne","Berna","https://thumb.wikimedia.org/wikipedia/commons/thumb/2/24/CHE_Leissigen_COA.svg/500px-CHE_Leissigen_COA.svg.png",23.170175324,FALSE,FALSE
2,586,8.571428571,6,64,41.279069767,71,172,70,TRUE,"BE","Lütschental","Lütschental","Lütschental","Lütschental BE","Lütschental (BE)","Lütschental (BE)","Bern","Berne","Berna","https://thumb.wikimedia.org/wikipedia/commons/thumb/c/c1/CHE_L%C3%BCtschental_COA.svg/500px-CHE_L%C3%BCtschental_COA.svg.png",23.170175324,FALSE,FALSE
2,587,25.753660637,299,862,43.019005848,1177,2736,1161,TRUE,"BE","Matten bei Interlaken","Matten bei Interlaken","Matten bei Interlaken","Matten bei Interlaken BE","Matten bei Interlaken (BE)","Matten bei Interlaken (BE)","Bern","Berne","Berna","https://thumb.wikimedia.org/wikipedia/commons/thumb/2/22/CHE_Matten_bei_Interlaken_COA.svg/500px-CHE_Matten_bei_Interlaken_COA.svg.png",23.170175324,FALSE,FALSE
2,588,25.185185185,34,101,50,136,272,135,TRUE,"BE","Niederried bei Interlaken","Niederried bei Interlaken","Niederried bei Interlaken","Niederried bei Interlaken BE","Niederried bei Interlaken (BE)","Niederried bei Interlaken (BE)","Bern","Berne","Berna","https://thumb.wikimedia.org/wikipedia/commons/thumb/3/39/CHE_Niederried_bei_Interlaken_COA.svg/500px-CHE_Niederried_bei_Interlaken_COA.svg.png",23.170175324,FALSE,FALSE
2,589,26.666666667,40,110,40.591397849,151,372,150,TRUE,"BE","Oberried am Brienzersee","Oberried am Brienzersee","Oberried am Brienzersee","Oberried am Brienzersee BE","Oberried am Brienzersee (BE)","Oberried am Brienzersee (BE)","Bern","Berne","Berna","https://thumb.wikimedia.org/wikipedia/commons/thumb/b/b5/CHE_Oberried_am_Brienzersee_COA.svg/500px-CHE_Oberried_am_Brienzersee_COA.svg.png",23.170175324,FALSE,FALSE
2,590,25.378787879,201,591,41.705668227,802,1923,792,TRUE,"BE","Ringgenberg BE","Ringgenberg (BE)","Ringgenberg BE","Ringgenberg BE","Ringgenberg (BE)","Ringgenberg (BE)","Bern","Berne","Berna","https://thumb.wikimedia.org/wikipedia/commons/thumb/9/95/CHE_Ringgenberg_COA.svg/500px-CHE_Ringgenberg_COA.svg.png",23.170175324,FALSE,FALSE
2,591,24.390243902,10,31,47.674418605,41,86,41,TRUE,"BE","Saxeten","Saxeten","Saxeten","Saxeten BE","Saxeten (BE)","Saxeten (BE)","Bern","Berne","Berna","https://thumb.wikimedia.org/wikipedia/commons/thumb/5/5b/CHE_Saxeten_COA.svg/500px-CHE_Saxeten_COA.svg.png",23.170175324,FALSE,FALSE
2,592,27.66798419,70,183,49.609375,254,512,253,TRUE,"BE","Schwanden bei Brienz","Schwanden bei Brienz","Schwanden bei Brienz","Schwanden bei Brienz BE","Schwanden bei Brienz (BE)","Schwanden bei Brienz (BE)","Bern","Berne","Berna","https://upload.wikimedia.org/wikipedia/commons/4/4f/Wappen-gross.gif",23.170175324,FALSE,FALSE
2,593,26.432627775,512,1425,49.77110885,1957,3932,1937,TRUE,"BE","Unterseen","Unterseen","Unterseen","Unterseen BE","Unterseen (BE)","Unterseen (BE)","Bern","Berne","Berna","https://thumb.wikimedia.org/wikipedia/commons/thumb/b/b9/CHE_Unterseen_COA.svg/500px-CHE_Unterseen_COA.svg.png",23.170175324,FALSE,FALSE
2,594,24.125874126,207,651,45.806794055,863,1884,858,TRUE,"BE","Wilderswil","Wilderswil","Wilderswil","Wilderswil BE","Wilderswil (BE)","Wilderswil (BE)","Bern","Berne","Berna","https://thumb.wikimedia.org/wikipedia/commons/thumb/7/79/CHE_Wilderswil_COA.svg/500px-CHE_Wilderswil_COA.svg.png",23.170175324,FALSE,FALSE
2,602,,,,,,,,FALSE,"BE","Arni BE","Arni (BE)","Arni BE","Arni BE","Arni (BE)","Arni (BE)","Bern","Berne","Berna","https://thumb.wikimedia.org/wikipedia/commons/thumb/a/a7/CHE_Arni_BE_COA.svg/960px-CHE_Arni_BE_COA.svg.png",23.170175324,FALSE,FALSE
2,603,,,,,,,,FALSE,"BE","Biglen","Biglen","Biglen","Biglen BE","Biglen (BE)","Biglen (BE)","Bern","Berne","Berna","https://thumb.wikimedia.org/wikipedia/commons/thumb/9/9d/CHE_Biglen_COA.svg/500px-CHE_Biglen_COA.svg.png",23.170175324,FALSE,FALSE
2,605,,,,,,,,FALSE,"BE","Bowil","Bowil","Bowil","Bowil BE","Bowil (BE)","Bowil (BE)","Bern","Berne","Berna","https://thumb.wikimedia.org/wikipedia/commons/thumb/4/4a/CHE_Bowil_COA.svg/960px-CHE_Bowil_COA.svg.png",23.170175324,FALSE,FALSE
2,606,,,,,,,,FALSE,"BE","Brenzikofen","Brenzikofen","Brenzikofen","Brenzikofen BE","Brenzikofen (BE)","Brenzikofen (BE)","Bern","Berne","Berna","https://thumb.wikimedia.org/wikipedia/commons/thumb/2/24/CHE_Brenzikofen_COA.svg/500px-CHE_Brenzikofen_COA.svg.png",23.170175324,FALSE,FALSE
2,607,,,,,,,,FALSE,"BE","Freimettigen","Freimettigen","Freimettigen","Freimettigen BE","Freimettigen (BE)","Freimettigen (BE)","Bern","Berne","Berna","https://thumb.wikimedia.org/wikipedia/commons/thumb/3/38/CHE_Freimettigen_COA.svg/500px-CHE_Freimettigen_COA.svg.png",23.170175324,FALSE,FALSE
2,608,,,,,,,,FALSE,"BE","Grosshöchstetten","Grosshöchstetten","Grosshöchstetten","Grosshöchstetten BE","Grosshöchstetten (BE)","Grosshöchstetten (BE)","Bern","Berne","Berna","https://thumb.wikimedia.org/wikipedia/commons/thumb/0/01/CHE_Grossh%C3%B6chstetten_COA.svg/500px-CHE_Grossh%C3%B6chstetten_COA.svg.png",23.170175324,FALSE,FALSE
2,609,,,,,,,,FALSE,"BE","Häutligen","Häutligen","Häutligen","Häutligen BE","Häutligen (BE)","Häutligen (BE)","Bern","Berne","Berna","https://thumb.wikimedia.org/wikipedia/commons/thumb/f/fe/CHE_H%C3%A4utligen_COA.svg/500px-CHE_H%C3%A4utligen_COA.svg.png",23.170175324,FALSE,FALSE
2,610,,,,,,,,FALSE,"BE","Herbligen","Herbligen","Herbligen","Herbligen BE","Herbligen (BE)","Herbligen (BE)","Bern","Berne","Berna","https://thumb.wikimedia.org/wikipedia/commons/thumb/6/6e/CHE_Herbligen_COA.svg/500px-CHE_Herbligen_COA.svg.png",23.170175324,FALSE,FALSE
2,611,,,,,,,,FALSE,"BE","Kiesen","Kiesen","Kiesen","Kiesen BE","Kiesen (BE)","Kiesen (BE)","Bern","Berne","Berna","https://thumb.wikimedia.org/wikipedia/commons/thumb/6/6b/CHE_Kiesen_COA.svg/960px-CHE_Kiesen_COA.svg.png",23.170175324,FALSE,FALSE
2,612,,,,,,,,FALSE,"BE","Konolfingen","Konolfingen","Konolfingen","Konolfingen BE","Konolfingen (BE)","Konolfingen (BE)","Bern","Berne","Berna","https://thumb.wikimedia.org/wikipedia/commons/thumb/d/d8/CHE_Konolfingen_COA.svg/960px-CHE_Konolfingen_COA.svg.png",23.170175324,FALSE,FALSE
2,613,,,,,,,,FALSE,"BE","Landiswil","Landiswil","Landiswil","Landiswil BE","Landiswil (BE)","Landiswil (BE)","Bern","Berne","Berna","https://thumb.wikimedia.org/wikipedia/commons/thumb/8/8c/CHE_Landiswil_COA.svg/500px-CHE_Landiswil_COA.svg.png",23.170175324,FALSE,FALSE
2,614,,,,,,,,FALSE,"BE","Linden","Linden","Linden","Linden BE","Linden (BE)","Linden (BE)","Bern","Berne","Berna","https://thumb.wikimedia.org/wikipedia/commons/thumb/e/ea/CHE_Linden_COA.svg/500px-CHE_Linden_COA.svg.png",23.170175324,FALSE,FALSE
2,615,,,,,,,,FALSE,"BE","Mirchel","Mirchel","Mirchel","Mirchel BE","Mirchel (BE)","Mirchel (BE)","Bern","Berne","Berna","https://thumb.wikimedia.org/wikipedia/commons/thumb/1/1b/CHE_Mirchel_COA.svg/500px-CHE_Mirchel_COA.svg.png",23.170175324,FALSE,FALSE
2,616,,,,,,,,FALSE,"BE","Münsingen","Münsingen","Münsingen","Münsingen BE","Münsingen (BE)","Münsingen (BE)","Bern","Berne","Berna","https://thumb.wikimedia.org/wikipedia/commons/thumb/c/c0/CHE_M%C3%BCnsingen_COA.svg/500px-CHE_M%C3%BCnsingen_COA.svg.png",23.170175324,FALSE,FALSE
2,617,,,,,,,,FALSE,"BE","Niederhünigen","Niederhünigen","Niederhünigen","Niederhünigen BE","Niederhünigen (BE)","Niederhünigen (BE)","Bern","Berne","Berna","https://thumb.wikimedia.org/wikipedia/commons/thumb/d/d4/CHE_Niederh%C3%BCnigen_COA.svg/500px-CHE_Niederh%C3%BCnigen_COA.svg.png",23.170175324,FALSE,FALSE
2,619,,,,,,,,FALSE,"BE","Oberdiessbach","Oberdiessbach","Oberdiessbach","Oberdiessbach BE","Oberdiessbach (BE)","Oberdiessbach (BE)","Bern","Berne","Berna","https://thumb.wikimedia.org/wikipedia/commons/thumb/8/84/CHE_Oberdiessbach_COA.svg/500px-CHE_Oberdiessbach_COA.svg.png",23.170175324,FALSE,FALSE
2,620,,,,,,,,FALSE,"BE","Oberthal","Oberthal","Oberthal","Oberthal BE","Oberthal (BE)","Oberthal (BE)","Bern","Berne","Berna","https://thumb.wikimedia.org/wikipedia/commons/thumb/d/d5/CHE_Oberthal_COA.svg/500px-CHE_Oberthal_COA.svg.png",23.170175324,FALSE,FALSE
2,622,,,,,,,,FALSE,"BE","Oppligen","Oppligen","Oppligen","Oppligen BE","Oppligen (BE)","Oppligen (BE)","Bern","Berne","Berna","https://thumb.wikimedia.org/wikipedia/commons/thumb/f/f1/CHE_Oppligen_COA.svg/500px-CHE_Oppligen_COA.svg.png",23.170175324,FALSE,FALSE
2,623,,,,,,,,FALSE,"BE","Rubigen","Rubigen","Rubigen","Rubigen BE","Rubigen (BE)","Rubigen (BE)","Bern","Berne","Berna","https://thumb.wikimedia.org/wikipedia/commons/thumb/5/5f/CHE_Rubigen_COA.svg/500px-CHE_Rubigen_COA.svg.png",23.170175324,FALSE,FALSE
2,626,,,,,,,,FALSE,"BE","Walkringen","Walkringen","Walkringen","Walkringen BE","Walkringen (BE)","Walkringen (BE)","Bern","Berne","Berna","https://thumb.wikimedia.org/wikipedia/commons/thumb/a/a8/CHE_Walkringen_COA.svg/960px-CHE_Walkringen_COA.svg.png",23.170175324,FALSE,FALSE
2,627,,,,,,,,FALSE,"BE","Worb","Worb","Worb","Worb BE","Worb (BE)","Worb (BE)","Bern","Berne","Berna","https://thumb.wikimedia.org/wikipedia/commons/thumb/8/8d/CHE_Worb_COA.svg/960px-CHE_Worb_COA.svg.png",23.170175324,FALSE,FALSE
2,628,,,,,,,,FALSE,"BE","Zäziwil","Zäziwil","Zäziwil","Zäziwil BE","Zäziwil (BE)","Zäziwil (BE)","Bern","Berne","Berna","https://thumb.wikimedia.org/wikipedia/commons/thumb/1/1a/CHE_Z%C3%A4ziwil_COA.svg/960px-CHE_Z%C3%A4ziwil_COA.svg.png",23.170175324,FALSE,FALSE
2,630,,,,,,,,FALSE,"BE","Allmendingen","Allmendingen","Allmendingen","Allmendingen BE","Allmendingen (BE)","Allmendingen (BE)","Bern","Berne","Berna","https://thumb.wikimedia.org/wikipedia/commons/thumb/e/e2/CHE_Allmendingen_bei_Bern_COA.svg/500px-CHE_Allmendingen_bei_Bern_COA.svg.png",23.170175324,FALSE,FALSE
2,632,,,,,,,,FALSE,"BE","Wichtrach","Wichtrach","Wichtrach","Wichtrach BE","Wichtrach (BE)","Wichtrach (BE)","Bern","Berne","Berna","https://thumb.wikimedia.org/wikipedia/commons/thumb/7/71/CHE_Wichtrach_COA.svg/500px-CHE_Wichtrach_COA.svg.png",23.170175324,FALSE,FALSE
2,662,,,,,,,,FALSE,"BE","Ferenbalm","Ferenbalm","Ferenbalm","Ferenbalm BE","Ferenbalm (BE)","Ferenbalm (BE)","Bern","Berne","Berna","https://thumb.wikimedia.org/wikipedia/commons/thumb/6/64/CHE_Ferenbalm_COA.svg/500px-CHE_Ferenbalm_COA.svg.png",23.170175324,FALSE,FALSE
2,663,,,,,,,,FALSE,"BE","Frauenkappelen","Frauenkappelen","Frauenkappelen","Frauenkappelen BE","Frauenkappelen (BE)","Frauenkappelen (BE)","Bern","Berne","Berna","https://thumb.wikimedia.org/wikipedia/commons/thumb/e/e0/CHE_Frauenkappelen_COA.svg/500px-CHE_Frauenkappelen_COA.svg.png",23.170175324,FALSE,FALSE
2,665,,,,,,,,FALSE,"BE","Gurbrü","Gurbrü","Gurbrü","Gurbrü BE","Gurbrü (BE)","Gurbrü (BE)","Bern","Berne","Berna","https://thumb.wikimedia.org/wikipedia/commons/thumb/e/e1/CHE_Gurbr%C3%BC_BE_COA.svg/500px-CHE_Gurbr%C3%BC_BE_COA.svg.png",23.170175324,FALSE,FALSE
2,666,,,,,,,,FALSE,"BE","Kriechenwil","Kriechenwil","Kriechenwil","Kriechenwil BE","Kriechenwil (BE)","Kriechenwil (BE)","Bern","Berne","Berna","https://thumb.wikimedia.org/wikipedia/commons/thumb/8/86/CHE_Kriechenwil_COA.svg/960px-CHE_Kriechenwil_COA.svg.png",23.170175324,FALSE,FALSE
2,667,,,,,,,,FALSE,"BE","Laupen","Laupen","Laupen","Laupen BE","Laupen (BE)","Laupen (BE)","Bern","Berne","Berna","https://thumb.wikimedia.org/wikipedia/commons/thumb/4/46/CHE_Laupen_BE_COA.svg/500px-CHE_Laupen_BE_COA.svg.png",23.170175324,FALSE,FALSE
2,668,,,,,,,,FALSE,"BE","Mühleberg","Mühleberg","Mühleberg","Mühleberg BE","Mühleberg (BE)","Mühleberg (BE)","Bern","Berne","Berna","https://thumb.wikimedia.org/wikipedia/commons/thumb/6/6c/CHE_M%C3%BChleberg_COA.svg/500px-CHE_M%C3%BChleberg_COA.svg.png",23.170175324,FALSE,FALSE
2,669,,,,,,,,FALSE,"BE","Münchenwiler","Villars-les-Moines","Villars-les-Moines","Münchenwiler BE","Villars-les-Moines (BE)","Villars-les-Moines (BE)","Bern","Berne","Berna","https://thumb.wikimedia.org/wikipedia/commons/thumb/b/b5/CHE_M%C3%BCnchenwiler_COA.svg/500px-CHE_M%C3%BCnchenwiler_COA.svg.png",23.170175324,FALSE,FALSE
2,670,,,,,,,,FALSE,"BE","Neuenegg","Neuenegg","Neuenegg","Neuenegg BE","Neuenegg (BE)","Neuenegg (BE)","Bern","Berne","Berna","https://thumb.wikimedia.org/wikipedia/commons/thumb/7/7d/CHE_Neuenegg_COA.svg/500px-CHE_Neuenegg_COA.svg.png",23.170175324,FALSE,FALSE
2,671,,,,,,,,FALSE,"BE","Wileroltigen","Wileroltigen","Wileroltigen","Wileroltigen BE","Wileroltigen (BE)","Wileroltigen (BE)","Bern","Berne","Berna","https://thumb.wikimedia.org/wikipedia/commons/thumb/b/b4/CHE_Wileroltigen_COA.svg/500px-CHE_Wileroltigen_COA.svg.png",23.170175324,FALSE,FALSE
2,681,,,,,,,,FALSE,"BE","Belprahon","Belprahon","Belprahon","Belprahon BE","Belprahon (BE)","Belprahon (BE)","Bern","Berne","Berna","https://thumb.wikimedia.org/wikipedia/commons/thumb/d/df/CHE_Belprahon_COA.svg/500px-CHE_Belprahon_COA.svg.png",23.170175324,FALSE,FALSE
2,683,,,,,,,,FALSE,"BE","Champoz","Champoz","Champoz","Champoz BE","Champoz (BE)","Champoz (BE)","Bern","Berne","Berna","https://thumb.wikimedia.org/wikipedia/commons/thumb/8/89/CHE_Champoz_COA.svg/500px-CHE_Champoz_COA.svg.png",23.170175324,FALSE,FALSE
2,687,,,,,,,,FALSE,"BE","Corcelles BE","Corcelles (BE)","Corcelles BE","Corcelles BE","Corcelles (BE)","Corcelles (BE)","Bern","Berne","Berna","https://thumb.wikimedia.org/wikipedia/commons/thumb/f/f4/CHE_Corcelles_COA.svg/500px-CHE_Corcelles_COA.svg.png",23.170175324,FALSE,FALSE
2,690,,,,,,,,FALSE,"BE","Court","Court","Court","Court BE","Court (BE)","Court (BE)","Bern","Berne","Berna","https://thumb.wikimedia.org/wikipedia/commons/thumb/2/2e/CHE_Court_COA.svg/500px-CHE_Court_COA.svg.png",23.170175324,FALSE,FALSE
2,691,,,,,,,,FALSE,"BE","Crémines","Crémines","Crémines","Crémines BE","Crémines (BE)","Crémines (BE)","Bern","Berne","Berna","https://thumb.wikimedia.org/wikipedia/commons/thumb/4/43/CHE_Cr%C3%A9mines_COA.svg/500px-CHE_Cr%C3%A9mines_COA.svg.png",23.170175324,FALSE,FALSE
2,692,,,,,,,,FALSE,"BE","Eschert","Eschert","Eschert","Eschert BE","Eschert (BE)","Eschert (BE)","Bern","Berne","Berna","https://thumb.wikimedia.org/wikipedia/commons/thumb/7/7d/CHE_Eschert_COA.svg/500px-CHE_Eschert_COA.svg.png",23.170175324,FALSE,FALSE
2,694,,,,,,,,FALSE,"BE","Grandval","Grandval","Grandval","Grandval BE","Grandval (BE)","Grandval (BE)","Bern","Berne","Berna","https://thumb.wikimedia.org/wikipedia/commons/thumb/b/be/CHE_Grandval_COA.svg/500px-CHE_Grandval_COA.svg.png",23.170175324,FALSE,FALSE
2,696,,,,,,,,FALSE,"BE","Loveresse","Loveresse","Loveresse","Loveresse BE","Loveresse (BE)","Loveresse (BE)","Bern","Berne","Berna","https://thumb.wikimedia.org/wikipedia/commons/thumb/2/20/CHE_Loveresse_COA.svg/500px-CHE_Loveresse_COA.svg.png",23.170175324,FALSE,FALSE
2,701,,,,,,,,FALSE,"BE","Perrefitte","Perrefitte","Perrefitte","Perrefitte BE","Perrefitte (BE)","Perrefitte (BE)","Bern","Berne","Berna","https://thumb.wikimedia.org/wikipedia/commons/thumb/5/58/CHE_Perrefitte_COA.svg/500px-CHE_Perrefitte_COA.svg.png",23.170175324,FALSE,FALSE
2,703,,,,,,,,FALSE,"BE","Reconvilier","Reconvilier","Reconvilier","Reconvilier BE","Reconvilier (BE)","Reconvilier (BE)","Bern","Berne","Berna","https://thumb.wikimedia.org/wikipedia/commons/thumb/a/a3/CHE_Reconvilier_COA.svg/500px-CHE_Reconvilier_COA.svg.png",23.170175324,FALSE,FALSE
2,704,,,,,,,,FALSE,"BE","Roches BE","Roches (BE)","Roches BE","Roches BE","Roches (BE)","Roches (BE)","Bern","Berne","Berna","https://thumb.wikimedia.org/wikipedia/commons/thumb/9/90/CHE_Roches_COA.svg/500px-CHE_Roches_COA.svg.png",23.170175324,FALSE,FALSE
2,706,,,,,,,,FALSE,"BE","Saicourt","Saicourt","Saicourt","Saicourt BE","Saicourt (BE)","Saicourt (BE)","Bern","Berne","Berna","https://thumb.wikimedia.org/wikipedia/commons/thumb/6/69/CHE_Saicourt_COA.svg/500px-CHE_Saicourt_COA.svg.png",23.170175324,FALSE,FALSE
2,707,,,,,,,,FALSE,"BE","Saules BE","Saules (BE)","Saules BE","Saules BE","Saules (BE)","Saules (BE)","Bern","Berne","Berna","https://thumb.wikimedia.org/wikipedia/commons/thumb/8/84/CHE_Saules_COA.svg/500px-CHE_Saules_COA.svg.png",23.170175324,FALSE,FALSE
2,708,,,,,,,,FALSE,"BE","Schelten","La Scheulte","La Scheulte","Schelten BE","La Scheulte (BE)","La Scheulte (BE)","Bern","Berne","Berna","https://thumb.wikimedia.org/wikipedia/commons/thumb/e/e5/CHE_Schelten_COA.svg/500px-CHE_Schelten_COA.svg.png",23.170175324,FALSE,FALSE
2,709,,,,,,,,FALSE,"BE","Seehof","Seehof","Seehof","Seehof BE","Seehof (BE)","Seehof (BE)","Bern","Berne","Berna","https://thumb.wikimedia.org/wikipedia/commons/thumb/1/1b/CHE_Seehof_COA.svg/500px-CHE_Seehof_COA.svg.png",23.170175324,FALSE,FALSE
2,711,,,,,,,,FALSE,"BE","Sorvilier","Sorvilier","Sorvilier","Sorvilier BE","Sorvilier (BE)","Sorvilier (BE)","Bern","Berne","Berna","https://thumb.wikimedia.org/wikipedia/commons/thumb/b/b4/CHE_Sorvilier_COA.svg/500px-CHE_Sorvilier_COA.svg.png",23.170175324,FALSE,FALSE
2,713,,,,,,,,FALSE,"BE","Tavannes","Tavannes","Tavannes","Tavannes BE","Tavannes (BE)","Tavannes (BE)","Bern","Berne","Berna","https://thumb.wikimedia.org/wikipedia/commons/thumb/2/29/CHE_Tavannes_COA.svg/500px-CHE_Tavannes_COA.svg.png",23.170175324,FALSE,FALSE
2,715,,,,,,,,FALSE,"BE","Rebévelier","Rebévelier","Rebévelier","Rebévelier BE","Rebévelier (BE)","Rebévelier (BE)","Bern","Berne","Berna","https://thumb.wikimedia.org/wikipedia/commons/thumb/4/4d/CHE_Reb%C3%A9velier_COA.svg/500px-CHE_Reb%C3%A9velier_COA.svg.png",23.170175324,FALSE,FALSE
2,716,,,,,,,,FALSE,"BE","Petit-Val","Petit-Val","Petit-Val","Petit-Val BE","Petit-Val (BE)","Petit-Val (BE)","Bern","Berne","Berna","https://thumb.wikimedia.org/wikipedia/commons/thumb/4/40/CHE_Petit-Val_COA.svg/500px-CHE_Petit-Val_COA.svg.png",23.170175324,FALSE,FALSE
2,717,,,,,,,,FALSE,"BE","Valbirse","Valbirse","Valbirse","Valbirse BE","Valbirse (BE)","Valbirse (BE)","Bern","Berne","Berna","https://thumb.wikimedia.org/wikipedia/commons/thumb/a/a9/CHE_Valbirse_COA.svg/960px-CHE_Valbirse_COA.svg.png",23.170175324,FALSE,FALSE
2,723,,,,,,,,FALSE,"BE","Neuenstadt","La Neuveville","La Neuveville","Neuenstadt BE","La Neuveville (BE)","La Neuveville (BE)","Bern","Berne","Berna","https://thumb.wikimedia.org/wikipedia/commons/thumb/b/b7/CHE_La_Neuveville_COA.svg/960px-CHE_La_Neuveville_COA.svg.png",23.170175324,FALSE,FALSE
2,724,,,,,,,,FALSE,"BE","Nods","Nods","Nods","Nods BE","Nods (BE)","Nods (BE)","Bern","Berne","Berna","https://thumb.wikimedia.org/wikipedia/commons/thumb/0/0a/CHE_Nods_COA.svg/500px-CHE_Nods_COA.svg.png",23.170175324,FALSE,FALSE
2,726,,,,,,,,FALSE,"BE","Plateau de Diesse","Plateau de Diesse","Plateau de Diesse","Plateau de Diesse BE","Plateau de Diesse (BE)","Plateau de Diesse (BE)","Bern","Berne","Berna","https://upload.wikimedia.org/wikipedia/de/0/02/GW-BE-Plateau-de-Diesse.png",23.170175324,FALSE,FALSE
2,731,,,,,,,,FALSE,"BE","Aegerten","Aegerten","Aegerten","Aegerten BE","Aegerten (BE)","Aegerten (BE)","Bern","Berne","Berna","https://thumb.wikimedia.org/wikipedia/commons/thumb/b/b0/CHE_Aegerten_COA.svg/960px-CHE_Aegerten_COA.svg.png",23.170175324,FALSE,FALSE
2,732,,,,,,,,FALSE,"BE","Bellmund","Bellmund","Bellmund","Bellmund BE","Bellmund (BE)","Bellmund (BE)","Bern","Berne","Berna","https://thumb.wikimedia.org/wikipedia/commons/thumb/6/62/CHE_Bellmund_COA.svg/960px-CHE_Bellmund_COA.svg.png",23.170175324,FALSE,FALSE
2,733,,,,,,,,FALSE,"BE","Brügg","Brügg","Brügg","Brügg BE","Brügg (BE)","Brügg (BE)","Bern","Berne","Berna","https://thumb.wikimedia.org/wikipedia/commons/thumb/a/a0/CHE_Br%C3%BCgg_COA.svg/500px-CHE_Br%C3%BCgg_COA.svg.png",23.170175324,FALSE,FALSE
2,734,,,,,,,,FALSE,"BE","Bühl","Bühl","Bühl","Bühl BE","Bühl (BE)","Bühl (BE)","Bern","Berne","Berna","https://thumb.wikimedia.org/wikipedia/commons/thumb/c/cd/CHE_B%C3%BChl_COA.svg/500px-CHE_B%C3%BChl_COA.svg.png",23.170175324,FALSE,FALSE
2,735,,,,,,,,FALSE,"BE","Epsach","Epsach","Epsach","Epsach BE","Epsach (BE)","Epsach (BE)","Bern","Berne","Berna","https://thumb.wikimedia.org/wikipedia/commons/thumb/a/ad/CHE_Epsach_COA.svg/500px-CHE_Epsach_COA.svg.png",23.170175324,FALSE,FALSE
2,736,,,,,,,,FALSE,"BE","Hagneck","Hagneck","Hagneck","Hagneck BE","Hagneck (BE)","Hagneck (BE)","Bern","Berne","Berna","https://thumb.wikimedia.org/wikipedia/commons/thumb/9/92/CHE_Hagneck_COA.svg/500px-CHE_Hagneck_COA.svg.png",23.170175324,FALSE,FALSE
2,737,,,,,,,,FALSE,"BE","Hermrigen","Hermrigen","Hermrigen","Hermrigen BE","Hermrigen (BE)","Hermrigen (BE)","Bern","Berne","Berna","https://thumb.wikimedia.org/wikipedia/commons/thumb/3/33/CHE_Hermrigen_COA.svg/500px-CHE_Hermrigen_COA.svg.png",23.170175324,FALSE,FALSE
2,738,,,,,,,,FALSE,"BE","Jens","Jens","Jens","Jens BE","Jens (BE)","Jens (BE)","Bern","Berne","Berna","https://thumb.wikimedia.org/wikipedia/commons/thumb/5/53/CHE_Jens_COA.svg/500px-CHE_Jens_COA.svg.png",23.170175324,FALSE,FALSE
2,739,,,,,,,,FALSE,"BE","Ipsach","Ipsach","Ipsach","Ipsach BE","Ipsach (BE)","Ipsach (BE)","Bern","Berne","Berna","https://thumb.wikimedia.org/wikipedia/commons/thumb/7/75/CHE_Ipsach_COA.svg/960px-CHE_Ipsach_COA.svg.png",23.170175324,FALSE,FALSE
2,740,,,,,,,,FALSE,"BE","Ligerz","Gléresse","Gléresse","Ligerz BE","Gléresse (BE)","Gléresse (BE)","Bern","Berne","Berna","https://thumb.wikimedia.org/wikipedia/commons/thumb/e/e9/CHE_Ligerz_COA.svg/500px-CHE_Ligerz_COA.svg.png",23.170175324,FALSE,FALSE
2,741,,,,,,,,FALSE,"BE","Merzligen","Merzligen","Merzligen","Merzligen BE","Merzligen (BE)","Merzligen (BE)","Bern","Berne","Berna","https://thumb.wikimedia.org/wikipedia/commons/thumb/2/2d/CHE_Merzligen_COA.svg/500px-CHE_Merzligen_COA.svg.png",23.170175324,FALSE,FALSE
2,742,,,,,,,,FALSE,"BE","Mörigen","Mörigen","Mörigen","Mörigen BE","Mörigen (BE)","Mörigen (BE)","Bern","Berne","Berna","https://thumb.wikimedia.org/wikipedia/commons/thumb/b/b5/CHE_M%C3%B6rigen_COA.svg/500px-CHE_M%C3%B6rigen_COA.svg.png",23.170175324,FALSE,FALSE
2,743,,,,,,,,FALSE,"BE","Nidau","Nidau","Nidau","Nidau BE","Nidau (BE)","Nidau (BE)","Bern","Berne","Berna","https://thumb.wikimedia.org/wikipedia/commons/thumb/3/39/CHE_Nidau_COA.svg/960px-CHE_Nidau_COA.svg.png",23.170175324,FALSE,FALSE
2,744,,,,,,,,FALSE,"BE","Orpund","Orpund","Orpund","Orpund BE","Orpund (BE)","Orpund (BE)","Bern","Berne","Berna","https://thumb.wikimedia.org/wikipedia/commons/thumb/7/76/CHE_Orpund_COA.svg/500px-CHE_Orpund_COA.svg.png",23.170175324,FALSE,FALSE
2,745,,,,,,,,FALSE,"BE","Port","Port","Port","Port BE","Port (BE)","Port (BE)","Bern","Berne","Berna","https://thumb.wikimedia.org/wikipedia/commons/thumb/4/44/CHE_Port_BE_COA.svg/500px-CHE_Port_BE_COA.svg.png",23.170175324,FALSE,FALSE
2,746,,,,,,,,FALSE,"BE","Safnern","Safnern","Safnern","Safnern BE","Safnern (BE)","Safnern (BE)","Bern","Berne","Berna","https://thumb.wikimedia.org/wikipedia/commons/thumb/9/90/CHE_Safnern_COA.svg/500px-CHE_Safnern_COA.svg.png",23.170175324,FALSE,FALSE
2,747,,,,,,,,FALSE,"BE","Scheuren","Scheuren","Scheuren","Scheuren BE","Scheuren (BE)","Scheuren (BE)","Bern","Berne","Berna","https://thumb.wikimedia.org/wikipedia/commons/thumb/e/eb/CHE_Scheuren_COA.svg/500px-CHE_Scheuren_COA.svg.png",23.170175324,FALSE,FALSE
2,748,,,,,,,,FALSE,"BE","Schwadernau","Schwadernau","Schwadernau","Schwadernau BE","Schwadernau (BE)","Schwadernau (BE)","Bern","Berne","Berna","https://thumb.wikimedia.org/wikipedia/commons/thumb/a/af/CHE_Schwadernau_COA.svg/500px-CHE_Schwadernau_COA.svg.png",23.170175324,FALSE,FALSE
2,749,,,,,,,,FALSE,"BE","Studen BE","Studen (BE)","Studen BE","Studen BE","Studen (BE)","Studen (BE)","Bern","Berne","Berna","https://thumb.wikimedia.org/wikipedia/commons/thumb/c/c8/CHE_Studen_COA.svg/500px-CHE_Studen_COA.svg.png",23.170175324,FALSE,FALSE
2,750,,,,,,,,FALSE,"BE","Sutz-Lattrigen","Sutz-Lattrigen","Sutz-Lattrigen","Sutz-Lattrigen BE","Sutz-Lattrigen (BE)","Sutz-Lattrigen (BE)","Bern","Berne","Berna","https://thumb.wikimedia.org/wikipedia/commons/thumb/4/4e/CHE_Sutz-Lattrigen_COA.svg/500px-CHE_Sutz-Lattrigen_COA.svg.png",23.170175324,FALSE,FALSE
2,751,,,,,,,,FALSE,"BE","Täuffelen","Täuffelen","Täuffelen","Täuffelen BE","Täuffelen (BE)","Täuffelen (BE)","Bern","Berne","Berna","https://thumb.wikimedia.org/wikipedia/commons/thumb/1/19/CHE_T%C3%A4uffelen_COA.svg/500px-CHE_T%C3%A4uffelen_COA.svg.png",23.170175324,FALSE,FALSE
2,754,,,,,,,,FALSE,"BE","Walperswil","Walperswil","Walperswil","Walperswil BE","Walperswil (BE)","Walperswil (BE)","Bern","Berne","Berna","https://thumb.wikimedia.org/wikipedia/commons/thumb/c/c3/CHE_Walperswil_COA.svg/960px-CHE_Walperswil_COA.svg.png",23.170175324,FALSE,FALSE
2,755,,,,,,,,FALSE,"BE","Worben","Worben","Worben","Worben BE","Worben (BE)","Worben (BE)","Bern","Berne","Berna","https://thumb.wikimedia.org/wikipedia/commons/thumb/1/11/CHE_Worben_COA.svg/500px-CHE_Worben_COA.svg.png",23.170175324,FALSE,FALSE
2,756,,,,,,,,FALSE,"BE","Twann-Tüscherz","Douanne-Daucher","Douanne-Daucher","Twann-Tüscherz BE","Douanne-Daucher (BE)","Douanne-Daucher (BE)","Bern","Berne","Berna","https://thumb.wikimedia.org/wikipedia/commons/thumb/2/2a/CHE_Twann-T%C3%BCscherz_COA.svg/500px-CHE_Twann-T%C3%BCscherz_COA.svg.png",23.170175324,FALSE,FALSE
2,761,,,,,,,,FALSE,"BE","Därstetten","Därstetten","Därstetten","Därstetten BE","Därstetten (BE)","Därstetten (BE)","Bern","Berne","Berna","https://thumb.wikimedia.org/wikipedia/commons/thumb/2/2e/CHE_D%C3%A4rstetten_COA.svg/960px-CHE_D%C3%A4rstetten_COA.svg.png",23.170175324,FALSE,FALSE
2,762,,,,,,,,FALSE,"BE","Diemtigen","Diemtigen","Diemtigen","Diemtigen BE","Diemtigen (BE)","Diemtigen (BE)","Bern","Berne","Berna","https://thumb.wikimedia.org/wikipedia/commons/thumb/4/45/CHE_Diemtigen_COA.svg/500px-CHE_Diemtigen_COA.svg.png",23.170175324,FALSE,FALSE
2,763,,,,,,,,FALSE,"BE","Erlenbach im Simmental","Erlenbach im Simmental","Erlenbach im Simmental","Erlenbach im Simmental BE","Erlenbach im Simmental (BE)","Erlenbach im Simmental (BE)","Bern","Berne","Berna","https://thumb.wikimedia.org/wikipedia/commons/thumb/0/01/CHE_Erlenbach_im_Simmental_COA.svg/500px-CHE_Erlenbach_im_Simmental_COA.svg.png",23.170175324,FALSE,FALSE
2,766,,,,,,,,FALSE,"BE","Oberwil im Simmental","Oberwil im Simmental","Oberwil im Simmental","Oberwil im Simmental BE","Oberwil im Simmental (BE)","Oberwil im Simmental (BE)","Bern","Berne","Berna","https://thumb.wikimedia.org/wikipedia/commons/thumb/b/b8/CHE_Oberwil_im_Simmental_COA.svg/500px-CHE_Oberwil_im_Simmental_COA.svg.png",23.170175324,FALSE,FALSE
2,767,,,,,,,,FALSE,"BE","Reutigen","Reutigen","Reutigen","Reutigen BE","Reutigen (BE)","Reutigen (BE)","Bern","Berne","Berna","https://thumb.wikimedia.org/wikipedia/commons/thumb/d/d3/CHE_Reutigen_COA.svg/960px-CHE_Reutigen_COA.svg.png",23.170175324,FALSE,FALSE
2,768,,,,,,,,FALSE,"BE","Spiez","Spiez","Spiez","Spiez BE","Spiez (BE)","Spiez (BE)","Bern","Berne","Berna","https://thumb.wikimedia.org/wikipedia/commons/thumb/4/4b/CHE_Spiez_COA.svg/500px-CHE_Spiez_COA.svg.png",23.170175324,FALSE,FALSE
2,769,,,,,,,,FALSE,"BE","Wimmis","Wimmis","Wimmis","Wimmis BE","Wimmis (BE)","Wimmis (BE)","Bern","Berne","Berna","https://thumb.wikimedia.org/wikipedia/commons/thumb/a/a4/CHE_Wimmis_COA.svg/500px-CHE_Wimmis_COA.svg.png",23.170175324,FALSE,FALSE
2,770,,,,,,,,FALSE,"BE","Stocken-Höfen","Stocken-Höfen","Stocken-Höfen","Stocken-Höfen BE","Stocken-Höfen (BE)","Stocken-Höfen (BE)","Bern","Berne","Berna","https://thumb.wikimedia.org/wikipedia/commons/thumb/3/34/CHE_Stocken-H%C3%B6fen_COA.svg/960px-CHE_Stocken-H%C3%B6fen_COA.svg.png",23.170175324,FALSE,FALSE
2,782,23.255813953,20,66,44.559585492,86,193,86,TRUE,"BE","Guttannen","Guttannen","Guttannen","Guttannen BE","Guttannen (BE)","Guttannen (BE)","Bern","Berne","Berna","https://thumb.wikimedia.org/wikipedia/commons/thumb/1/13/CHE_Guttannen_COA.svg/500px-CHE_Guttannen_COA.svg.png",23.170175324,FALSE,FALSE
2,783,16.494845361,64,324,49.125,393,800,388,TRUE,"BE","Hasliberg","Hasliberg","Hasliberg","Hasliberg BE","Hasliberg (BE)","Hasliberg (BE)","Bern","Berne","Berna","https://thumb.wikimedia.org/wikipedia/commons/thumb/8/83/CHE_Hasliberg_COA.svg/500px-CHE_Hasliberg_COA.svg.png",23.170175324,FALSE,FALSE
2,784,19.783197832,73,296,41.789354473,369,883,369,TRUE,"BE","Innertkirchen","Innertkirchen","Innertkirchen","Innertkirchen BE","Innertkirchen (BE)","Innertkirchen (BE)","Bern","Berne","Berna","https://thumb.wikimedia.org/wikipedia/commons/thumb/4/42/CHE_Innertkirchen_COA.svg/500px-CHE_Innertkirchen_COA.svg.png",23.170175324,FALSE,FALSE
2,785,23.772791024,339,1087,45.012547051,1435,3188,1426,TRUE,"BE","Meiringen","Meiringen","Meiringen","Meiringen BE","Meiringen (BE)","Meiringen (BE)","Bern","Berne","Berna","https://thumb.wikimedia.org/wikipedia/commons/thumb/8/8b/CHE_Meiringen_COA.svg/500px-CHE_Meiringen_COA.svg.png",23.170175324,FALSE,FALSE
2,786,14.218009479,30,181,46.578366446,211,453,211,TRUE,"BE","Schattenhalb","Schattenhalb","Schattenhalb","Schattenhalb BE","Schattenhalb (BE)","Schattenhalb (BE)","Bern","Berne","Berna","https://thumb.wikimedia.org/wikipedia/commons/thumb/0/0b/CHE_Schattenhalb_COA.svg/500px-CHE_Schattenhalb_COA.svg.png",23.170175324,FALSE,FALSE
2,791,,,,,,,,FALSE,"BE","Boltigen","Boltigen","Boltigen","Boltigen BE","Boltigen (BE)","Boltigen (BE)","Bern","Berne","Berna","https://thumb.wikimedia.org/wikipedia/commons/thumb/9/95/CHE_Boltigen_COA.svg/500px-CHE_Boltigen_COA.svg.png",23.170175324,FALSE,FALSE
2,792,,,,,,,,FALSE,"BE","Lenk","Lenk","Lenk","Lenk BE","Lenk (BE)","Lenk (BE)","Bern","Berne","Berna","https://thumb.wikimedia.org/wikipedia/commons/thumb/1/13/CHE_Lenk_COA.svg/500px-CHE_Lenk_COA.svg.png",23.170175324,FALSE,FALSE
2,793,,,,,,,,FALSE,"BE","St. Stephan","Saint-Etienne","Saint-Etienne","St. Stephan BE","Saint-Etienne (BE)","Saint-Etienne (BE)","Bern","Berne","Berna","https://thumb.wikimedia.org/wikipedia/commons/thumb/f/f9/CHE_St_Stephan_COA.svg/500px-CHE_St_Stephan_COA.svg.png",23.170175324,FALSE,FALSE
2,794,,,,,,,,FALSE,"BE","Zweisimmen","Zweisimmen","Zweisimmen","Zweisimmen BE","Zweisimmen (BE)","Zweisimmen (BE)","Bern","Berne","Berna","https://thumb.wikimedia.org/wikipedia/commons/thumb/e/ec/CHE_Zweisimmen_COA.svg/960px-CHE_Zweisimmen_COA.svg.png",23.170175324,FALSE,FALSE
2,841,,,,,,,,FALSE,"BE","Gsteig","Gsteig","Gsteig","Gsteig BE","Gsteig (BE)","Gsteig (BE)","Bern","Berne","Berna","https://thumb.wikimedia.org/wikipedia/commons/thumb/8/85/CHE_Gsteig_bei_Gstaad_COA.svg/500px-CHE_Gsteig_bei_Gstaad_COA.svg.png",23.170175324,FALSE,FALSE
2,842,,,,,,,,FALSE,"BE","Lauenen","Lauenen","Lauenen","Lauenen BE","Lauenen (BE)","Lauenen (BE)","Bern","Berne","Berna","https://thumb.wikimedia.org/wikipedia/commons/thumb/c/c8/CHE_Lauenen_COA.svg/500px-CHE_Lauenen_COA.svg.png",23.170175324,FALSE,FALSE
2,843,,,,,,,,FALSE,"BE","Saanen","Gessenay","Gessenay","Saanen BE","Gessenay (BE)","Gessenay (BE)","Bern","Berne","Berna","https://thumb.wikimedia.org/wikipedia/commons/thumb/a/a7/CHE_Saanen_COA.svg/500px-CHE_Saanen_COA.svg.png",23.170175324,FALSE,FALSE
2,852,,,,,,,,FALSE,"BE","Guggisberg","Guggisberg","Guggisberg","Guggisberg BE","Guggisberg (BE)","Guggisberg (BE)","Bern","Berne","Berna","https://thumb.wikimedia.org/wikipedia/commons/thumb/d/d1/CHE_Guggisberg_COA.svg/500px-CHE_Guggisberg_COA.svg.png",23.170175324,FALSE,FALSE
2,853,,,,,,,,FALSE,"BE","Rüschegg","Rüschegg","Rüschegg","Rüschegg BE","Rüschegg (BE)","Rüschegg (BE)","Bern","Berne","Berna","https://thumb.wikimedia.org/wikipedia/commons/thumb/c/c8/CHE_R%C3%BCschegg_COA.svg/500px-CHE_R%C3%BCschegg_COA.svg.png",23.170175324,FALSE,FALSE
2,855,,,,,,,,FALSE,"BE","Schwarzenburg","Schwarzenburg","Schwarzenburg","Schwarzenburg BE","Schwarzenburg (BE)","Schwarzenburg (BE)","Bern","Berne","Berna","https://thumb.wikimedia.org/wikipedia/commons/thumb/5/50/CHE_Schwarzenburg_COA.svg/960px-CHE_Schwarzenburg_COA.svg.png",23.170175324,FALSE,FALSE
2,861,,,,,,,,FALSE,"BE","Belp","Belp","Belp","Belp BE","Belp (BE)","Belp (BE)","Bern","Berne","Berna","https://thumb.wikimedia.org/wikipedia/commons/thumb/4/44/CHE_Belp_BE_COA.svg/500px-CHE_Belp_BE_COA.svg.png",23.170175324,FALSE,FALSE
2,863,,,,,,,,FALSE,"BE","Burgistein","Burgistein","Burgistein","Burgistein BE","Burgistein (BE)","Burgistein (BE)","Bern","Berne","Berna","https://thumb.wikimedia.org/wikipedia/commons/thumb/a/ad/CHE_Burgistein_COA.svg/500px-CHE_Burgistein_COA.svg.png",23.170175324,FALSE,FALSE
2,866,,,,,,,,FALSE,"BE","Gerzensee","Gerzensee","Gerzensee","Gerzensee BE","Gerzensee (BE)","Gerzensee (BE)","Bern","Berne","Berna","https://thumb.wikimedia.org/wikipedia/commons/thumb/1/10/CHE_Gerzensee_COA.svg/500px-CHE_Gerzensee_COA.svg.png",23.170175324,FALSE,FALSE
2,867,,,,,,,,FALSE,"BE","Gurzelen","Gurzelen","Gurzelen","Gurzelen BE","Gurzelen (BE)","Gurzelen (BE)","Bern","Berne","Berna","https://thumb.wikimedia.org/wikipedia/commons/thumb/9/99/CHE_Gurzelen_COA.svg/960px-CHE_Gurzelen_COA.svg.png",23.170175324,FALSE,FALSE
2,868,,,,,,,,FALSE,"BE","Jaberg","Jaberg","Jaberg","Jaberg BE","Jaberg (BE)","Jaberg (BE)","Bern","Berne","Berna","https://thumb.wikimedia.org/wikipedia/commons/thumb/5/52/CHE_Jaberg_COA.svg/500px-CHE_Jaberg_COA.svg.png",23.170175324,FALSE,FALSE
2,869,,,,,,,,FALSE,"BE","Kaufdorf","Kaufdorf","Kaufdorf","Kaufdorf BE","Kaufdorf (BE)","Kaufdorf (BE)","Bern","Berne","Berna","https://thumb.wikimedia.org/wikipedia/commons/thumb/3/3b/CHE_Kaufdorf_COA.svg/500px-CHE_Kaufdorf_COA.svg.png",23.170175324,FALSE,FALSE
2,870,,,,,,,,FALSE,"BE","Kehrsatz","Kehrsatz","Kehrsatz","Kehrsatz BE","Kehrsatz (BE)","Kehrsatz (BE)","Bern","Berne","Berna","https://thumb.wikimedia.org/wikipedia/commons/thumb/b/b7/CHE_Kehrsatz_COA.svg/960px-CHE_Kehrsatz_COA.svg.png",23.170175324,FALSE,FALSE
2,872,,,,,,,,FALSE,"BE","Kirchdorf BE","Kirchdorf (BE)","Kirchdorf BE","Kirchdorf BE","Kirchdorf (BE)","Kirchdorf (BE)","Bern","Berne","Berna","https://thumb.wikimedia.org/wikipedia/commons/thumb/5/5c/CHE_Kirchdorf_COA.svg/500px-CHE_Kirchdorf_COA.svg.png",23.170175324,FALSE,FALSE
2,879,,,,,,,,FALSE,"BE","Riggisberg","Riggisberg","Riggisberg","Riggisberg BE","Riggisberg (BE)","Riggisberg (BE)","Bern","Berne","Berna","https://thumb.wikimedia.org/wikipedia/commons/thumb/f/f4/CHE_Riggisberg_COA.svg/960px-CHE_Riggisberg_COA.svg.png",23.170175324,FALSE,FALSE
2,880,,,,,,,,FALSE,"BE","Rüeggisberg","Rüeggisberg","Rüeggisberg","Rüeggisberg BE","Rüeggisberg (BE)","Rüeggisberg (BE)","Bern","Berne","Berna","https://thumb.wikimedia.org/wikipedia/commons/thumb/3/3c/CHE_R%C3%BCeggisberg_COA.svg/500px-CHE_R%C3%BCeggisberg_COA.svg.png",23.170175324,FALSE,FALSE
2,883,,,,,,,,FALSE,"BE","Seftigen","Seftigen","Seftigen","Seftigen BE","Seftigen (BE)","Seftigen (BE)","Bern","Berne","Berna","https://thumb.wikimedia.org/wikipedia/commons/thumb/2/2b/CHE_Seftigen_COA.svg/500px-CHE_Seftigen_COA.svg.png",23.170175324,FALSE,FALSE
2,884,,,,,,,,FALSE,"BE","Toffen","Toffen","Toffen","Toffen BE","Toffen (BE)","Toffen (BE)","Bern","Berne","Berna","https://thumb.wikimedia.org/wikipedia/commons/thumb/7/71/CHE_Toffen_COA.svg/500px-CHE_Toffen_COA.svg.png",23.170175324,FALSE,FALSE
2,885,,,,,,,,FALSE,"BE","Uttigen","Uttigen","Uttigen","Uttigen BE","Uttigen (BE)","Uttigen (BE)","Bern","Berne","Berna","https://thumb.wikimedia.org/wikipedia/commons/thumb/b/bc/CHE_Uttigen_COA.svg/500px-CHE_Uttigen_COA.svg.png",23.170175324,FALSE,FALSE
2,886,,,,,,,,FALSE,"BE","Wattenwil","Wattenwil","Wattenwil","Wattenwil BE","Wattenwil (BE)","Wattenwil (BE)","Bern","Berne","Berna","https://thumb.wikimedia.org/wikipedia/commons/thumb/3/34/CHE_Wattenwil_COA.svg/500px-CHE_Wattenwil_COA.svg.png",23.170175324,FALSE,FALSE
2,888,,,,,,,,FALSE,"BE","Wald BE","Wald (BE)","Wald BE","Wald BE","Wald (BE)","Wald (BE)","Bern","Berne","Berna","https://thumb.wikimedia.org/wikipedia/commons/thumb/0/01/CHE_Wald_BE_COA.svg/960px-CHE_Wald_BE_COA.svg.png",23.170175324,FALSE,FALSE
2,889,,,,,,,,FALSE,"BE","Thurnen","Thurnen","Thurnen","Thurnen BE","Thurnen (BE)","Thurnen (BE)","Bern","Berne","Berna","https://thumb.wikimedia.org/wikipedia/commons/thumb/f/f1/CHE_Thurnen_COA.svg/500px-CHE_Thurnen_COA.svg.png",23.170175324,FALSE,FALSE
2,901,,,,,,,,FALSE,"BE","Eggiwil","Eggiwil","Eggiwil","Eggiwil BE","Eggiwil (BE)","Eggiwil (BE)","Bern","Berne","Berna","https://thumb.wikimedia.org/wikipedia/commons/thumb/a/a0/CHE_Eggiwil_COA.svg/500px-CHE_Eggiwil_COA.svg.png",23.170175324,FALSE,FALSE
2,902,,,,,,,,FALSE,"BE","Langnau im Emmental","Langnau im Emmental","Langnau im Emmental","Langnau im Emmental BE","Langnau im Emmental (BE)","Langnau im Emmental (BE)","Bern","Berne","Berna","https://thumb.wikimedia.org/wikipedia/commons/thumb/3/32/CHE_Langnau_im_Emmental_COA.svg/500px-CHE_Langnau_im_Emmental_COA.svg.png",23.170175324,FALSE,FALSE
2,903,,,,,,,,FALSE,"BE","Lauperswil","Lauperswil","Lauperswil","Lauperswil BE","Lauperswil (BE)","Lauperswil (BE)","Bern","Berne","Berna","https://thumb.wikimedia.org/wikipedia/commons/thumb/3/38/CHE_Lauperswil_COA.svg/500px-CHE_Lauperswil_COA.svg.png",23.170175324,FALSE,FALSE
2,904,,,,,,,,FALSE,"BE","Röthenbach im Emmental","Röthenbach im Emmental","Röthenbach im Emmental","Röthenbach im Emmental BE","Röthenbach im Emmental (BE)","Röthenbach im Emmental (BE)","Bern","Berne","Berna","https://thumb.wikimedia.org/wikipedia/commons/thumb/2/2a/CHE_R%C3%B6thenbach_im_Emmental_COA.svg/500px-CHE_R%C3%B6thenbach_im_Emmental_COA.svg.png",23.170175324,FALSE,FALSE
2,905,,,,,,,,FALSE,"BE","Rüderswil","Rüderswil","Rüderswil","Rüderswil BE","Rüderswil (BE)","Rüderswil (BE)","Bern","Berne","Berna","https://thumb.wikimedia.org/wikipedia/commons/thumb/d/d8/CHE_R%C3%BCderswil_COA.svg/500px-CHE_R%C3%BCderswil_COA.svg.png",23.170175324,FALSE,FALSE
2,906,,,,,,,,FALSE,"BE","Schangnau","Schangnau","Schangnau","Schangnau BE","Schangnau (BE)","Schangnau (BE)","Bern","Berne","Berna","https://thumb.wikimedia.org/wikipedia/commons/thumb/4/45/CHE_Schangnau_COA.svg/960px-CHE_Schangnau_COA.svg.png",23.170175324,FALSE,FALSE
2,907,,,,,,,,FALSE,"BE","Signau","Signau","Signau","Signau BE","Signau (BE)","Signau (BE)","Bern","Berne","Berna","https://thumb.wikimedia.org/wikipedia/commons/thumb/a/a2/CHE_Signau_COA.svg/960px-CHE_Signau_COA.svg.png",23.170175324,FALSE,FALSE
2,908,,,,,,,,FALSE,"BE","Trub","Trub","Trub","Trub BE","Trub (BE)","Trub (BE)","Bern","Berne","Berna","https://thumb.wikimedia.org/wikipedia/commons/thumb/4/47/CHE_Trub_COA.svg/500px-CHE_Trub_COA.svg.png",23.170175324,FALSE,FALSE
2,909,,,,,,,,FALSE,"BE","Trubschachen","Trubschachen","Trubschachen","Trubschachen BE","Trubschachen (BE)","Trubschachen (BE)","Bern","Berne","Berna","https://thumb.wikimedia.org/wikipedia/commons/thumb/f/ff/CHE_Trubschachen_COA.svg/500px-CHE_Trubschachen_COA.svg.png",23.170175324,FALSE,FALSE
2,921,,,,,,,,FALSE,"BE","Amsoldingen","Amsoldingen","Amsoldingen","Amsoldingen BE","Amsoldingen (BE)","Amsoldingen (BE)","Bern","Berne","Berna","https://thumb.wikimedia.org/wikipedia/commons/thumb/2/27/CHE_Amsoldingen_COA.svg/960px-CHE_Amsoldingen_COA.svg.png",23.170175324,FALSE,FALSE
2,922,,,,,,,,FALSE,"BE","Blumenstein","Blumenstein","Blumenstein","Blumenstein BE","Blumenstein (BE)","Blumenstein (BE)","Bern","Berne","Berna","https://thumb.wikimedia.org/wikipedia/commons/thumb/7/73/CHE_Blumenstein_COA.svg/500px-CHE_Blumenstein_COA.svg.png",23.170175324,FALSE,FALSE
2,923,,,,,,,,FALSE,"BE","Buchholterberg","Buchholterberg","Buchholterberg","Buchholterberg BE","Buchholterberg (BE)","Buchholterberg (BE)","Bern","Berne","Berna","https://thumb.wikimedia.org/wikipedia/commons/thumb/e/e4/CHE_Buchholterberg_COA.svg/500px-CHE_Buchholterberg_COA.svg.png",23.170175324,FALSE,FALSE
2,924,,,,,,,,FALSE,"BE","Eriz","Eriz","Eriz","Eriz BE","Eriz (BE)","Eriz (BE)","Bern","Berne","Berna","https://thumb.wikimedia.org/wikipedia/commons/thumb/b/b9/CHE_Eriz_COA.svg/500px-CHE_Eriz_COA.svg.png",23.170175324,FALSE,FALSE
2,925,,,,,,,,FALSE,"BE","Fahrni","Fahrni","Fahrni","Fahrni BE","Fahrni (BE)","Fahrni (BE)","Bern","Berne","Berna","https://thumb.wikimedia.org/wikipedia/commons/thumb/1/1f/CHE_Fahrni_COA.svg/960px-CHE_Fahrni_COA.svg.png",23.170175324,FALSE,FALSE
2,927,,,,,,,,FALSE,"BE","Heiligenschwendi","Heiligenschwendi","Heiligenschwendi","Heiligenschwendi BE","Heiligenschwendi (BE)","Heiligenschwendi (BE)","Bern","Berne","Berna","https://thumb.wikimedia.org/wikipedia/commons/thumb/c/c7/CHE_Heiligenschwendi_COA.svg/500px-CHE_Heiligenschwendi_COA.svg.png",23.170175324,FALSE,FALSE
2,928,,,,,,,,FALSE,"BE","Heimberg","Heimberg","Heimberg","Heimberg BE","Heimberg (BE)","Heimberg (BE)","Bern","Berne","Berna","https://thumb.wikimedia.org/wikipedia/commons/thumb/f/f7/CHE_Heimberg_COA.svg/500px-CHE_Heimberg_COA.svg.png",23.170175324,FALSE,FALSE
2,929,,,,,,,,FALSE,"BE","Hilterfingen","Hilterfingen","Hilterfingen","Hilterfingen BE","Hilterfingen (BE)","Hilterfingen (BE)","Bern","Berne","Berna","https://thumb.wikimedia.org/wikipedia/commons/thumb/0/09/CHE_Hilterfingen_COA.svg/500px-CHE_Hilterfingen_COA.svg.png",23.170175324,FALSE,FALSE
2,931,,,,,,,,FALSE,"BE","Homberg","Homberg","Homberg","Homberg BE","Homberg (BE)","Homberg (BE)","Bern","Berne","Berna","https://thumb.wikimedia.org/wikipedia/commons/thumb/4/4c/CHE_Homberg_COA.svg/500px-CHE_Homberg_COA.svg.png",23.170175324,FALSE,FALSE
2,932,,,,,,,,FALSE,"BE","Horrenbach-Buchen","Horrenbach-Buchen","Horrenbach-Buchen","Horrenbach-Buchen BE","Horrenbach-Buchen (BE)","Horrenbach-Buchen (BE)","Bern","Berne","Berna","https://thumb.wikimedia.org/wikipedia/commons/thumb/d/d9/CHE_Horrenbach-Buchen_COA.svg/500px-CHE_Horrenbach-Buchen_COA.svg.png",23.170175324,FALSE,FALSE
2,934,,,,,,,,FALSE,"BE","Oberhofen am Thunersee","Oberhofen am Thunersee","Oberhofen am Thunersee","Oberhofen am Thunersee BE","Oberhofen am Thunersee (BE)","Oberhofen am Thunersee (BE)","Bern","Berne","Berna","https://thumb.wikimedia.org/wikipedia/commons/thumb/0/01/CHE_Oberhofen_am_Thunersee_COA.svg/500px-CHE_Oberhofen_am_Thunersee_COA.svg.png",23.170175324,FALSE,FALSE
2,935,,,,,,,,FALSE,"BE","Oberlangenegg","Oberlangenegg","Oberlangenegg","Oberlangenegg BE","Oberlangenegg (BE)","Oberlangenegg (BE)","Bern","Berne","Berna","https://thumb.wikimedia.org/wikipedia/commons/thumb/6/63/CHE_Oberlangenegg_COA.svg/500px-CHE_Oberlangenegg_COA.svg.png",23.170175324,FALSE,FALSE
2,936,,,,,,,,FALSE,"BE","Pohlern","Pohlern","Pohlern","Pohlern BE","Pohlern (BE)","Pohlern (BE)","Bern","Berne","Berna","https://thumb.wikimedia.org/wikipedia/commons/thumb/b/b9/CHE_Pohlern_COA.svg/500px-CHE_Pohlern_COA.svg.png",23.170175324,FALSE,FALSE
2,938,,,,,,,,FALSE,"BE","Sigriswil","Sigriswil","Sigriswil","Sigriswil BE","Sigriswil (BE)","Sigriswil (BE)","Bern","Berne","Berna","https://thumb.wikimedia.org/wikipedia/commons/thumb/2/2e/CHE_Sigriswil_COA.svg/500px-CHE_Sigriswil_COA.svg.png",23.170175324,FALSE,FALSE
2,939,,,,,,,,FALSE,"BE","Steffisburg","Steffisburg","Steffisburg","Steffisburg BE","Steffisburg (BE)","Steffisburg (BE)","Bern","Berne","Berna","https://thumb.wikimedia.org/wikipedia/commons/thumb/8/87/CHE_Steffisburg_COA.svg/500px-CHE_Steffisburg_COA.svg.png",23.170175324,FALSE,FALSE
2,940,,,,,,,,FALSE,"BE","Teuffenthal BE","Teuffenthal (BE)","Teuffenthal BE","Teuffenthal BE","Teuffenthal (BE)","Teuffenthal (BE)","Bern","Berne","Berna","https://thumb.wikimedia.org/wikipedia/commons/thumb/a/a3/CHE_Teuffenthal_COA.svg/500px-CHE_Teuffenthal_COA.svg.png",23.170175324,FALSE,FALSE
2,941,,,,,,,,FALSE,"BE","Thierachern","Thierachern","Thierachern","Thierachern BE","Thierachern (BE)","Thierachern (BE)","Bern","Berne","Berna","https://thumb.wikimedia.org/wikipedia/commons/thumb/1/1f/CHE_Thierachern_COA.svg/500px-CHE_Thierachern_COA.svg.png",23.170175324,FALSE,FALSE
2,942,,,,,,,,FALSE,"BE","Thun","Thoune","Thoune","Thun BE","Thoune (BE)","Thoune (BE)","Bern","Berne","Berna","https://thumb.wikimedia.org/wikipedia/commons/thumb/c/cf/CHE_Thun_BE_COA.svg/960px-CHE_Thun_BE_COA.svg.png",23.170175324,FALSE,FALSE
2,943,,,,,,,,FALSE,"BE","Uebeschi","Uebeschi","Uebeschi","Uebeschi BE","Uebeschi (BE)","Uebeschi (BE)","Bern","Berne","Berna","https://thumb.wikimedia.org/wikipedia/commons/thumb/9/91/CHE_Uebeschi_BE_COA.svg/500px-CHE_Uebeschi_BE_COA.svg.png",23.170175324,FALSE,FALSE
2,944,,,,,,,,FALSE,"BE","Uetendorf","Uetendorf","Uetendorf","Uetendorf BE","Uetendorf (BE)","Uetendorf (BE)","Bern","Berne","Berna","https://thumb.wikimedia.org/wikipedia/commons/thumb/4/4f/CHE_Uetendorf_COA.svg/500px-CHE_Uetendorf_COA.svg.png",23.170175324,FALSE,FALSE
2,945,,,,,,,,FALSE,"BE","Unterlangenegg","Unterlangenegg","Unterlangenegg","Unterlangenegg BE","Unterlangenegg (BE)","Unterlangenegg (BE)","Bern","Berne","Berna","https://thumb.wikimedia.org/wikipedia/commons/thumb/a/aa/CHE_Unterlangenegg_COA.svg/500px-CHE_Unterlangenegg_COA.svg.png",23.170175324,FALSE,FALSE
2,946,,,,,,,,FALSE,"BE","Wachseldorn","Wachseldorn","Wachseldorn","Wachseldorn BE","Wachseldorn (BE)","Wachseldorn (BE)","Bern","Berne","Berna","https://thumb.wikimedia.org/wikipedia/commons/thumb/8/86/CHE_Wachseldorn_COA.svg/500px-CHE_Wachseldorn_COA.svg.png",23.170175324,FALSE,FALSE
2,948,,,,,,,,FALSE,"BE","Forst-Längenbühl","Forst-Längenbühl","Forst-Längenbühl","Forst-Längenbühl BE","Forst-Längenbühl (BE)","Forst-Längenbühl (BE)","Bern","Berne","Berna","https://thumb.wikimedia.org/wikipedia/commons/thumb/a/af/CHE_Forst-L%C3%A4ngenb%C3%BChl_COA.svg/500px-CHE_Forst-L%C3%A4ngenb%C3%BChl_COA.svg.png",23.170175324,FALSE,FALSE
2,951,,,,,,,,FALSE,"BE","Affoltern im Emmental","Affoltern im Emmental","Affoltern im Emmental","Affoltern im Emmental BE","Affoltern im Emmental (BE)","Affoltern im Emmental (BE)","Bern","Berne","Berna","https://thumb.wikimedia.org/wikipedia/commons/thumb/5/5d/CHE_Affoltern_im_Emmental_COA.svg/500px-CHE_Affoltern_im_Emmental_COA.svg.png",23.170175324,FALSE,FALSE
2,952,,,,,,,,FALSE,"BE","Dürrenroth","Dürrenroth","Dürrenroth","Dürrenroth BE","Dürrenroth (BE)","Dürrenroth (BE)","Bern","Berne","Berna","https://thumb.wikimedia.org/wikipedia/commons/thumb/5/5d/CHE_D%C3%BCrrenroth_COA.svg/960px-CHE_D%C3%BCrrenroth_COA.svg.png",23.170175324,FALSE,FALSE
2,953,,,,,,,,FALSE,"BE","Eriswil","Eriswil","Eriswil","Eriswil BE","Eriswil (BE)","Eriswil (BE)","Bern","Berne","Berna","https://thumb.wikimedia.org/wikipedia/commons/thumb/1/15/CHE_Eriswil_COA.svg/500px-CHE_Eriswil_COA.svg.png",23.170175324,FALSE,FALSE
2,954,,,,,,,,FALSE,"BE","Huttwil","Huttwil","Huttwil","Huttwil BE","Huttwil (BE)","Huttwil (BE)","Bern","Berne","Berna","https://thumb.wikimedia.org/wikipedia/commons/thumb/0/06/CHE_Huttwil_COA.svg/500px-CHE_Huttwil_COA.svg.png",23.170175324,FALSE,FALSE
2,955,,,,,,,,FALSE,"BE","Lützelflüh","Lützelflüh","Lützelflüh","Lützelflüh BE","Lützelflüh (BE)","Lützelflüh (BE)","Bern","Berne","Berna","https://thumb.wikimedia.org/wikipedia/commons/thumb/3/3c/CHE_L%C3%BCtzelfl%C3%BCh_COA.svg/500px-CHE_L%C3%BCtzelfl%C3%BCh_COA.svg.png",23.170175324,FALSE,FALSE
2,956,,,,,,,,FALSE,"BE","Rüegsau","Rüegsau","Rüegsau","Rüegsau BE","Rüegsau (BE)","Rüegsau (BE)","Bern","Berne","Berna","https://thumb.wikimedia.org/wikipedia/commons/thumb/1/1d/CHE_R%C3%BCegsau_COA.svg/500px-CHE_R%C3%BCegsau_COA.svg.png",23.170175324,FALSE,FALSE
2,957,,,,,,,,FALSE,"BE","Sumiswald","Sumiswald","Sumiswald","Sumiswald BE","Sumiswald (BE)","Sumiswald (BE)","Bern","Berne","Berna","https://thumb.wikimedia.org/wikipedia/commons/thumb/1/19/CHE_Sumiswald_COA.svg/960px-CHE_Sumiswald_COA.svg.png",23.170175324,FALSE,FALSE
2,958,,,,,,,,FALSE,"BE","Trachselwald","Trachselwald","Trachselwald","Trachselwald BE","Trachselwald (BE)","Trachselwald (BE)","Bern","Berne","Berna","https://thumb.wikimedia.org/wikipedia/commons/thumb/9/93/CHE_Trachselwald_COA.svg/500px-CHE_Trachselwald_COA.svg.png",23.170175324,FALSE,FALSE
2,959,,,,,,,,FALSE,"BE","Walterswil BE","Walterswil (BE)","Walterswil BE","Walterswil BE","Walterswil (BE)","Walterswil (BE)","Bern","Berne","Berna","https://thumb.wikimedia.org/wikipedia/commons/thumb/d/de/CHE_Walterswil_BE_COA.svg/500px-CHE_Walterswil_BE_COA.svg.png",23.170175324,FALSE,FALSE
2,960,,,,,,,,FALSE,"BE","Wyssachen","Wyssachen","Wyssachen","Wyssachen BE","Wyssachen (BE)","Wyssachen (BE)","Bern","Berne","Berna","https://thumb.wikimedia.org/wikipedia/commons/thumb/e/e9/CHE_Wyssachen_COA.svg/500px-CHE_Wyssachen_COA.svg.png",23.170175324,FALSE,FALSE
2,971,,,,,,,,FALSE,"BE","Attiswil","Attiswil","Attiswil","Attiswil BE","Attiswil (BE)","Attiswil (BE)","Bern","Berne","Berna","https://thumb.wikimedia.org/wikipedia/commons/thumb/1/15/CHE_Attiswil_COA.svg/500px-CHE_Attiswil_COA.svg.png",23.170175324,FALSE,FALSE
2,972,,,,,,,,FALSE,"BE","Berken","Berken","Berken","Berken BE","Berken (BE)","Berken (BE)","Bern","Berne","Berna","https://thumb.wikimedia.org/wikipedia/commons/thumb/7/77/CHE_Berken_COA.svg/500px-CHE_Berken_COA.svg.png",23.170175324,FALSE,FALSE
2,973,,,,,,,,FALSE,"BE","Bettenhausen","Bettenhausen","Bettenhausen","Bettenhausen BE","Bettenhausen (BE)","Bettenhausen (BE)","Bern","Berne","Berna","https://thumb.wikimedia.org/wikipedia/commons/thumb/0/01/CHE_Bettenhausen_COA.svg/500px-CHE_Bettenhausen_COA.svg.png",23.170175324,FALSE,FALSE
2,975,,,,,,,,FALSE,"BE","Farnern","Farnern","Farnern","Farnern BE","Farnern (BE)","Farnern (BE)","Bern","Berne","Berna","https://thumb.wikimedia.org/wikipedia/commons/thumb/3/32/CHE_Farnern_COA.svg/500px-CHE_Farnern_COA.svg.png",23.170175324,FALSE,FALSE
2,976,,,,,,,,FALSE,"BE","Graben","Graben","Graben","Graben BE","Graben (BE)","Graben (BE)","Bern","Berne","Berna","https://thumb.wikimedia.org/wikipedia/commons/thumb/6/6c/CHE_Graben_BE_COA.svg/960px-CHE_Graben_BE_COA.svg.png",23.170175324,FALSE,FALSE
2,977,,,,,,,,FALSE,"BE","Heimenhausen","Heimenhausen","Heimenhausen","Heimenhausen BE","Heimenhausen (BE)","Heimenhausen (BE)","Bern","Berne","Berna","https://thumb.wikimedia.org/wikipedia/commons/thumb/f/f5/CHE_Heimenhausen_COA.svg/500px-CHE_Heimenhausen_COA.svg.png",23.170175324,FALSE,FALSE
2,979,,,,,,,,FALSE,"BE","Herzogenbuchsee","Herzogenbuchsee","Herzogenbuchsee","Herzogenbuchsee BE","Herzogenbuchsee (BE)","Herzogenbuchsee (BE)","Bern","Berne","Berna","https://thumb.wikimedia.org/wikipedia/commons/thumb/1/14/CHE_Herzogenbuchsee_COA.svg/500px-CHE_Herzogenbuchsee_COA.svg.png",23.170175324,FALSE,FALSE
2,980,,,,,,,,FALSE,"BE","Inkwil","Inkwil","Inkwil","Inkwil BE","Inkwil (BE)","Inkwil (BE)","Bern","Berne","Berna","https://thumb.wikimedia.org/wikipedia/commons/thumb/8/85/CHE_Inkwil_COA.svg/500px-CHE_Inkwil_COA.svg.png",23.170175324,FALSE,FALSE
2,981,,,,,,,,FALSE,"BE","Niederbipp","Niederbipp","Niederbipp","Niederbipp BE","Niederbipp (BE)","Niederbipp (BE)","Bern","Berne","Berna","https://thumb.wikimedia.org/wikipedia/commons/thumb/1/16/CHE_Niederbipp_COA.svg/500px-CHE_Niederbipp_COA.svg.png",23.170175324,FALSE,FALSE
2,982,,,,,,,,FALSE,"BE","Niederönz","Niederönz","Niederönz","Niederönz BE","Niederönz (BE)","Niederönz (BE)","Bern","Berne","Berna","https://thumb.wikimedia.org/wikipedia/commons/thumb/1/18/CHE_Nieder%C3%B6nz_COA.svg/500px-CHE_Nieder%C3%B6nz_COA.svg.png",23.170175324,FALSE,FALSE
2,983,,,,,,,,FALSE,"BE","Oberbipp","Oberbipp","Oberbipp","Oberbipp BE","Oberbipp (BE)","Oberbipp (BE)","Bern","Berne","Berna","https://thumb.wikimedia.org/wikipedia/commons/thumb/b/bd/CHE_Oberbipp_COA.svg/500px-CHE_Oberbipp_COA.svg.png",23.170175324,FALSE,FALSE
2,985,,,,,,,,FALSE,"BE","Ochlenberg","Ochlenberg","Ochlenberg","Ochlenberg BE","Ochlenberg (BE)","Ochlenberg (BE)","Bern","Berne","Berna","https://thumb.wikimedia.org/wikipedia/commons/thumb/4/4d/CHE_Ochlenberg_COA.svg/500px-CHE_Ochlenberg_COA.svg.png",23.170175324,FALSE,FALSE
2,987,,,,,,,,FALSE,"BE","Rumisberg","Rumisberg","Rumisberg","Rumisberg BE","Rumisberg (BE)","Rumisberg (BE)","Bern","Berne","Berna","https://thumb.wikimedia.org/wikipedia/commons/thumb/9/91/CHE_Rumisberg_COA.svg/500px-CHE_Rumisberg_COA.svg.png",23.170175324,FALSE,FALSE
2,988,,,,,,,,FALSE,"BE","Seeberg","Seeberg","Seeberg","Seeberg BE","Seeberg (BE)","Seeberg (BE)","Bern","Berne","Berna","https://thumb.wikimedia.org/wikipedia/commons/thumb/0/0d/CHE_Seeberg_COA.svg/960px-CHE_Seeberg_COA.svg.png",23.170175324,FALSE,FALSE
2,989,,,,,,,,FALSE,"BE","Thörigen","Thörigen","Thörigen","Thörigen BE","Thörigen (BE)","Thörigen (BE)","Bern","Berne","Berna","https://thumb.wikimedia.org/wikipedia/commons/thumb/7/7c/CHE_Th%C3%B6rigen_COA.svg/500px-CHE_Th%C3%B6rigen_COA.svg.png",23.170175324,FALSE,FALSE
2,990,,,,,,,,FALSE,"BE","Walliswil bei Niederbipp","Walliswil bei Niederbipp","Walliswil bei Niederbipp","Walliswil bei Niederbipp BE","Walliswil bei Niederbipp (BE)","Walliswil bei Niederbipp (BE)","Bern","Berne","Berna","https://thumb.wikimedia.org/wikipedia/commons/thumb/e/e0/CHE_Walliswil_bei_Niederbipp_COA.svg/500px-CHE_Walliswil_bei_Niederbipp_COA.svg.png",23.170175324,FALSE,FALSE
2,991,,,,,,,,FALSE,"BE","Walliswil bei Wangen","Walliswil bei Wangen","Walliswil bei Wangen","Walliswil bei Wangen BE","Walliswil bei Wangen (BE)","Walliswil bei Wangen (BE)","Bern","Berne","Berna","https://thumb.wikimedia.org/wikipedia/commons/thumb/3/39/CHE_Walliswil_bei_Wangen_COA.svg/960px-CHE_Walliswil_bei_Wangen_COA.svg.png",23.170175324,FALSE,FALSE
2,992,,,,,,,,FALSE,"BE","Wangen an der Aare","Wangen an der Aare","Wangen an der Aare","Wangen an der Aare BE","Wangen an der Aare (BE)","Wangen an der Aare (BE)","Bern","Berne","Berna","https://thumb.wikimedia.org/wikipedia/commons/thumb/d/d4/CHE_Wangen_an_der_Aare_COA.svg/500px-CHE_Wangen_an_der_Aare_COA.svg.png",23.170175324,FALSE,FALSE
2,995,,,,,,,,FALSE,"BE","Wiedlisbach","Wiedlisbach","Wiedlisbach","Wiedlisbach BE","Wiedlisbach (BE)","Wiedlisbach (BE)","Bern","Berne","Berna","https://thumb.wikimedia.org/wikipedia/commons/thumb/b/bc/CHE_Wiedlisbach_COA.svg/500px-CHE_Wiedlisbach_COA.svg.png",23.170175324,FALSE,FALSE
3,1001,7.901907357,29,338,59.394904459,373,628,367,TRUE,"LU","Doppleschwand","Doppleschwand","Doppleschwand","Doppleschwand LU","Doppleschwand (LU)","Doppleschwand (LU)","Luzern","Lucerne","Lucerna","https://thumb.wikimedia.org/wikipedia/commons/thumb/1/14/CHE_Doppleschwand_COA.svg/960px-CHE_Doppleschwand_COA.svg.png",25.728820042,FALSE,FALSE
3,1002,12.132921175,157,1137,52.667744543,1303,2474,1294,TRUE,"LU","Entlebuch","Entlebuch","Entlebuch","Entlebuch LU","Entlebuch (LU)","Entlebuch (LU)","Luzern","Lucerne","Lucerna","https://thumb.wikimedia.org/wikipedia/commons/thumb/8/85/CHE_Entlebuch_COA.svg/960px-CHE_Entlebuch_COA.svg.png",25.728820042,FALSE,FALSE
3,1004,11.06442577,79,635,55.281418658,717,1297,714,TRUE,"LU","Flühli","Flühli","Flühli","Flühli LU","Flühli (LU)","Flühli (LU)","Luzern","Lucerne","Lucerna","https://thumb.wikimedia.org/wikipedia/commons/thumb/6/65/CHE_Fluehli_COA.svg/960px-CHE_Fluehli_COA.svg.png",25.728820042,FALSE,FALSE
3,1005,10.068027211,74,661,54.379562044,745,1370,735,TRUE,"LU","Hasle LU","Hasle (LU)","Hasle LU","Hasle LU","Hasle (LU)","Hasle (LU)","Luzern","Lucerne","Lucerna","https://thumb.wikimedia.org/wikipedia/commons/thumb/a/ac/CHE_Hasle_LU_COA.svg/960px-CHE_Hasle_LU_COA.svg.png",25.728820042,FALSE,FALSE
3,1007,8.727272727,24,251,59.830866808,283,473,275,TRUE,"LU","Romoos","Romoos","Romoos","Romoos LU","Romoos (LU)","Romoos (LU)","Luzern","Lucerne","Lucerna","https://thumb.wikimedia.org/wikipedia/commons/thumb/9/96/CHE_Romoos_COA.svg/960px-CHE_Romoos_COA.svg.png",25.728820042,FALSE,FALSE
3,1008,15.660490137,262,1411,53.985969388,1693,3136,1673,TRUE,"LU","Schüpfheim","Schüpfheim","Schüpfheim","Schüpfheim LU","Schüpfheim (LU)","Schüpfheim (LU)","Luzern","Lucerne","Lucerna","https://upload.wikimedia.org/wikipedia/commons/7/75/CHE_Schuepfheim_COA.png",25.728820042,FALSE,FALSE
3,1009,18.075801749,124,562,49.534717251,692,1397,686,TRUE,"LU","Werthenstein","Werthenstein","Werthenstein","Werthenstein LU","Werthenstein (LU)","Werthenstein (LU)","Luzern","Lucerne","Lucerna","https://thumb.wikimedia.org/wikipedia/commons/thumb/e/ec/CHE_Werthenstein_COA.svg/960px-CHE_Werthenstein_COA.svg.png",25.728820042,FALSE,FALSE
3,1010,11.087533156,209,1676,55.629909805,1912,3437,1885,TRUE,"LU","Escholzmatt-Marbach","Escholzmatt-Marbach","Escholzmatt-Marbach","Escholzmatt-Marbach LU","Escholzmatt-Marbach (LU)","Escholzmatt-Marbach (LU)","Luzern","Lucerne","Lucerna","https://thumb.wikimedia.org/wikipedia/commons/thumb/2/25/CHE_Escholzmatt-Marbach_COA.svg/960px-CHE_Escholzmatt-Marbach_COA.svg.png",25.728820042,FALSE,FALSE
3,1021,16.895874263,86,423,49.951597289,516,1033,509,TRUE,"LU","Aesch LU","Aesch (LU)","Aesch LU","Aesch LU","Aesch (LU)","Aesch (LU)","Luzern","Lucerne","Lucerna","https://thumb.wikimedia.org/wikipedia/commons/thumb/2/29/CHE_Aesch_LU_COA.svg/960px-CHE_Aesch_LU_COA.svg.png",25.728820042,FALSE,FALSE
3,1023,21.623931624,253,917,55.775577558,1183,2121,1170,TRUE,"LU","Ballwil","Ballwil","Ballwil","Ballwil LU","Ballwil (LU)","Ballwil (LU)","Luzern","Lucerne","Lucerna","https://thumb.wikimedia.org/wikipedia/commons/thumb/d/de/CHE_Ballwil_COA.svg/960px-CHE_Ballwil_COA.svg.png",25.728820042,FALSE,FALSE
3,1024,27.329091206,1675,4454,37.919833292,6187,16316,6129,TRUE,"LU","Emmen","Emmen","Emmen","Emmen LU","Emmen (LU)","Emmen (LU)","Luzern","Lucerne","Lucerna","https://thumb.wikimedia.org/wikipedia/commons/thumb/7/7c/CHE_Emmen_COA.svg/960px-CHE_Emmen_COA.svg.png",25.728820042,FALSE,FALSE
3,1025,23.129251701,102,339,58.71559633,448,763,441,TRUE,"LU","Ermensee","Ermensee","Ermensee","Ermensee LU","Ermensee (LU)","Ermensee (LU)","Luzern","Lucerne","Lucerna","https://thumb.wikimedia.org/wikipedia/commons/thumb/2/2d/CHE_Ermensee_COA.svg/960px-CHE_Ermensee_COA.svg.png",25.728820042,FALSE,FALSE
3,1026,24.435028249,346,1070,54.328018223,1431,2634,1416,TRUE,"LU","Eschenbach LU","Eschenbach (LU)","Eschenbach LU","Eschenbach LU","Eschenbach (LU)","Eschenbach (LU)","Luzern","Lucerne","Lucerna","https://thumb.wikimedia.org/wikipedia/commons/thumb/4/4a/CHE_Eschenbach_LU_COA.svg/960px-CHE_Eschenbach_LU_COA.svg.png",25.728820042,FALSE,FALSE
3,1030,22.519083969,472,1624,52.11750306,2129,4085,2096,TRUE,"LU","Hitzkirch","Hitzkirch","Hitzkirch","Hitzkirch LU","Hitzkirch (LU)","Hitzkirch (LU)","Luzern","Lucerne","Lucerna","https://thumb.wikimedia.org/wikipedia/commons/thumb/1/1f/Coat_of_arms_of_Hitzkirch.svg/960px-Coat_of_arms_of_Hitzkirch.svg.png",25.728820042,FALSE,FALSE
3,1031,,,,,,,,FALSE,"LU","Hochdorf","Hochdorf","Hochdorf","Hochdorf LU","Hochdorf (LU)","Hochdorf (LU)","Luzern","Lucerne","Lucerna","https://thumb.wikimedia.org/wikipedia/commons/thumb/3/37/CHE_Hochdorf_COA.svg/960px-CHE_Hochdorf_COA.svg.png",25.728820042,FALSE,FALSE
3,1032,21.694214876,210,758,55.0871276,980,1779,968,TRUE,"LU","Hohenrain","Hohenrain","Hohenrain","Hohenrain LU","Hohenrain (LU)","Hohenrain (LU)","Luzern","Lucerne","Lucerna","https://thumb.wikimedia.org/wikipedia/commons/thumb/6/62/CHE_Hohenrain_COA.svg/960px-CHE_Hohenrain_COA.svg.png",25.728820042,FALSE,FALSE
3,1033,17.337164751,181,863,52.876438219,1057,1999,1044,TRUE,"LU","Inwil","Inwil","Inwil","Inwil LU","Inwil (LU)","Inwil (LU)","Luzern","Lucerne","Lucerna","https://thumb.wikimedia.org/wikipedia/commons/thumb/1/14/Coat_of_arms_of_Inwil_LU.svg/960px-Coat_of_arms_of_Inwil_LU.svg.png",25.728820042,FALSE,FALSE
3,1037,17.480314961,222,1048,53.830054416,1286,2389,1270,TRUE,"LU","Rain","Rain","Rain","Rain LU","Rain (LU)","Rain (LU)","Luzern","Lucerne","Lucerna","https://thumb.wikimedia.org/wikipedia/commons/thumb/f/fd/Coat_of_arms_of_Rain_LU.svg/960px-Coat_of_arms_of_Rain_LU.svg.png",25.728820042,FALSE,FALSE
3,1039,18.467852257,135,596,58.359621451,740,1268,731,TRUE,"LU","Römerswil","Römerswil","Römerswil","Römerswil LU","Römerswil (LU)","Römerswil (LU)","Luzern","Lucerne","Lucerna","https://thumb.wikimedia.org/wikipedia/commons/thumb/6/68/CHE_R%C3%B6merswil_COA.svg/960px-CHE_R%C3%B6merswil_COA.svg.png",25.728820042,FALSE,FALSE
3,1040,,,,,,,,FALSE,"LU","Rothenburg","Rothenburg","Rothenburg","Rothenburg LU","Rothenburg (LU)","Rothenburg (LU)","Luzern","Lucerne","Lucerna","https://thumb.wikimedia.org/wikipedia/commons/thumb/e/ee/CHE_Rothenburg_COA.svg/960px-CHE_Rothenburg_COA.svg.png",25.728820042,FALSE,FALSE
3,1041,20.631067961,85,327,53.826199741,415,771,412,TRUE,"LU","Schongau","Schongau","Schongau","Schongau LU","Schongau (LU)","Schongau (LU)","Luzern","Lucerne","Lucerna","https://thumb.wikimedia.org/wikipedia/commons/thumb/5/5d/CHE_Schongau_COA.svg/960px-CHE_Schongau_COA.svg.png",25.728820042,FALSE,FALSE
3,1051,31.312690798,718,1575,57.664596273,2321,4025,2293,TRUE,"LU","Adligenswil","Adligenswil","Adligenswil","Adligenswil LU","Adligenswil (LU)","Adligenswil (LU)","Luzern","Lucerne","Lucerna","https://upload.wikimedia.org/wikipedia/commons/b/bc/CHE_Adligenswil_COA.png",25.728820042,FALSE,FALSE
3,1052,25.049701789,504,1508,46.954314721,2035,4334,2012,TRUE,"LU","Buchrain","Buchrain","Buchrain","Buchrain LU","Buchrain (LU)","Buchrain (LU)","Luzern","Lucerne","Lucerna","https://thumb.wikimedia.org/wikipedia/commons/thumb/d/d1/CHE_Buchrain_COA.svg/960px-CHE_Buchrain_COA.svg.png",25.728820042,FALSE,FALSE
3,1053,24.064171123,90,284,36.997055937,377,1019,374,TRUE,"LU","Dierikon","Dierikon","Dierikon","Dierikon LU","Dierikon (LU)","Dierikon (LU)","Luzern","Lucerne","Lucerna","https://thumb.wikimedia.org/wikipedia/commons/thumb/0/0b/CHE_Dierikon_COA.svg/960px-CHE_Dierikon_COA.svg.png",25.728820042,FALSE,FALSE
3,1054,,,,,,,,FALSE,"LU","Ebikon","Ebikon","Ebikon","Ebikon LU","Ebikon (LU)","Ebikon (LU)","Luzern","Lucerne","Lucerna","https://thumb.wikimedia.org/wikipedia/commons/thumb/d/d9/CHE_Ebikon_COA.svg/960px-CHE_Ebikon_COA.svg.png",25.728820042,FALSE,FALSE
3,1055,24.622030238,114,349,50.590762621,471,931,463,TRUE,"LU","Gisikon","Gisikon","Gisikon","Gisikon LU","Gisikon (LU)","Gisikon (LU)","Luzern","Lucerne","Lucerna","https://thumb.wikimedia.org/wikipedia/commons/thumb/f/fb/CHE_Gisikon_COA.svg/960px-CHE_Gisikon_COA.svg.png",25.728820042,FALSE,FALSE
3,1056,20.128479657,94,373,60.379746835,477,790,467,TRUE,"LU","Greppen","Greppen","Greppen","Greppen LU","Greppen (LU)","Greppen (LU)","Luzern","Lucerne","Lucerna","https://thumb.wikimedia.org/wikipedia/commons/thumb/9/9d/Coat_of_arms_of_Greppen.svg/960px-Coat_of_arms_of_Greppen.svg.png",25.728820042,FALSE,FALSE
3,1058,29.228301551,1640,3971,53.517942922,5682,10617,5611,TRUE,"LU","Horw","Horw","Horw","Horw LU","Horw (LU)","Horw (LU)","Luzern","Lucerne","Lucerna","https://thumb.wikimedia.org/wikipedia/commons/thumb/6/64/CHE_Horw_COA_2025.svg/960px-CHE_Horw_COA_2025.svg.png",25.728820042,FALSE,FALSE
3,1059,30.513825386,2803,6383,47.79916061,9339,19538,9186,TRUE,"LU","Kriens","Kriens","Kriens","Kriens LU","Kriens (LU)","Kriens (LU)","Luzern","Lucerne","Lucerna","https://thumb.wikimedia.org/wikipedia/commons/thumb/3/30/CHE_Kriens_COA.svg/960px-CHE_Kriens_COA.svg.png",25.728820042,FALSE,FALSE
3,1061,38.095414065,10309,16752,51.570925704,27543,53408,27061,TRUE,"LU","Luzern","Lucerne","Lucerna","Luzern LU","Lucerne (LU)","Lucerna (LU)","Luzern","Lucerne","Lucerna","https://thumb.wikimedia.org/wikipedia/commons/thumb/d/da/CHE_Stadt_Luzern_COA.gif/960px-CHE_Stadt_Luzern_COA.gif",25.728820042,FALSE,FALSE
3,1062,21.152416357,569,2121,50.474595198,2712,5373,2690,TRUE,"LU","Malters","Malters","Malters","Malters LU","Malters (LU)","Malters (LU)","Luzern","Lucerne","Lucerna","https://thumb.wikimedia.org/wikipedia/commons/thumb/d/d1/Coat_of_arms_of_Malters.svg/960px-Coat_of_arms_of_Malters.svg.png",25.728820042,FALSE,FALSE
3,1063,23.574730354,765,2480,61.723748589,3280,5314,3245,TRUE,"LU","Meggen","Meggen","Meggen","Meggen LU","Meggen (LU)","Meggen (LU)","Luzern","Lucerne","Lucerna","https://thumb.wikimedia.org/wikipedia/commons/thumb/0/04/CHE_Meggen_COA.svg/960px-CHE_Meggen_COA.svg.png",25.728820042,FALSE,FALSE
3,1064,20.216606498,112,442,56.48241206,562,995,554,TRUE,"LU","Meierskappel","Meierskappel","Meierskappel","Meierskappel LU","Meierskappel (LU)","Meierskappel (LU)","Luzern","Lucerne","Lucerna","https://thumb.wikimedia.org/wikipedia/commons/thumb/2/2f/CHE_Meierskappel_COA.svg/960px-CHE_Meierskappel_COA.svg.png",25.728820042,FALSE,FALSE
3,1065,25.732484076,404,1166,40.768437339,1581,3878,1570,TRUE,"LU","Root","Root","Root","Root LU","Root (LU)","Root (LU)","Luzern","Lucerne","Lucerna","https://thumb.wikimedia.org/wikipedia/commons/thumb/d/df/CHE_Root_COA2.svg/500px-CHE_Root_COA2.svg.png",25.728820042,FALSE,FALSE
3,1066,18.361581921,130,578,55,715,1300,708,TRUE,"LU","Schwarzenberg","Schwarzenberg","Schwarzenberg","Schwarzenberg LU","Schwarzenberg (LU)","Schwarzenberg (LU)","Luzern","Lucerne","Lucerna","https://thumb.wikimedia.org/wikipedia/commons/thumb/c/cb/Coat_of_arms_of_Schwarzenberg_LU.svg/960px-Coat_of_arms_of_Schwarzenberg_LU.svg.png",25.728820042,FALSE,FALSE
3,1067,25.78125,264,760,60.374050263,1033,1711,1024,TRUE,"LU","Udligenswil","Udligenswil","Udligenswil","Udligenswil LU","Udligenswil (LU)","Udligenswil (LU)","Luzern","Lucerne","Lucerna","https://thumb.wikimedia.org/wikipedia/commons/thumb/a/a0/CHE_Udligenswil_COA.svg/960px-CHE_Udligenswil_COA.svg.png",25.728820042,FALSE,FALSE
3,1068,26.153846154,136,384,58.601553829,528,901,520,TRUE,"LU","Vitznau","Vitznau","Vitznau","Vitznau LU","Vitznau (LU)","Vitznau (LU)","Luzern","Lucerne","Lucerna","https://thumb.wikimedia.org/wikipedia/commons/thumb/8/86/CHE_Vitznau_COA.svg/960px-CHE_Vitznau_COA.svg.png",25.728820042,FALSE,FALSE
3,1069,24.399563319,447,1385,62.352544658,1850,2967,1832,TRUE,"LU","Weggis","Weggis","Weggis","Weggis LU","Weggis (LU)","Weggis (LU)","Luzern","Lucerne","Lucerna","https://thumb.wikimedia.org/wikipedia/commons/thumb/c/cf/CHE_Weggis_COA.svg/960px-CHE_Weggis_COA.svg.png",25.728820042,FALSE,FALSE
3,1081,20.381110191,492,1922,51.450189155,2448,4758,2414,TRUE,"LU","Beromünster","Beromünster","Beromünster","Beromünster LU","Beromünster (LU)","Beromünster (LU)","Luzern","Lucerne","Lucerna","https://thumb.wikimedia.org/wikipedia/commons/thumb/4/45/CHE_Berom%C3%BCnster_COA.svg/960px-CHE_Berom%C3%BCnster_COA.svg.png",25.728820042,FALSE,FALSE
3,1082,22.352941176,171,594,46.590223295,772,1657,765,TRUE,"LU","Büron","Büron","Büron","Büron LU","Büron (LU)","Büron (LU)","Luzern","Lucerne","Lucerna","https://thumb.wikimedia.org/wikipedia/commons/thumb/3/3d/CHE_B%C3%BCron_COA.svg/960px-CHE_B%C3%BCron_COA.svg.png",25.728820042,FALSE,FALSE
3,1083,17.419354839,216,1024,52.161263508,1255,2406,1240,TRUE,"LU","Buttisholz","Buttisholz","Buttisholz","Buttisholz LU","Buttisholz (LU)","Buttisholz (LU)","Luzern","Lucerne","Lucerna","https://thumb.wikimedia.org/wikipedia/commons/thumb/d/dc/Coat_of_arms_of_Buttisholz.svg/500px-Coat_of_arms_of_Buttisholz.svg.png",25.728820042,FALSE,FALSE
3,1084,15.963060686,121,637,56.634544107,764,1349,758,TRUE,"LU","Eich","Eich","Eich","Eich LU","Eich (LU)","Eich (LU)","Luzern","Lucerne","Lucerna","https://thumb.wikimedia.org/wikipedia/commons/thumb/d/d8/CHE_Eich_COA.svg/960px-CHE_Eich_COA.svg.png",25.728820042,FALSE,FALSE
3,1085,23.20376914,197,652,45.996775927,856,1861,849,TRUE,"LU","Geuensee","Geuensee","Geuensee","Geuensee LU","Geuensee (LU)","Geuensee (LU)","Luzern","Lucerne","Lucerna","https://thumb.wikimedia.org/wikipedia/commons/thumb/7/73/CHE_Geuensee_COA.svg/250px-CHE_Geuensee_COA.svg.png",25.728820042,FALSE,FALSE
3,1086,14.135206321,161,978,49.145299145,1150,2340,1139,TRUE,"LU","Grosswangen","Grosswangen","Grosswangen","Grosswangen LU","Grosswangen (LU)","Grosswangen (LU)","Luzern","Lucerne","Lucerna","https://thumb.wikimedia.org/wikipedia/commons/thumb/d/d3/CHE_Grosswangen_COA.svg/960px-CHE_Grosswangen_COA.svg.png",25.728820042,FALSE,FALSE
3,1088,22.515856237,213,733,54.535017222,950,1742,946,TRUE,"LU","Hildisrieden","Hildisrieden","Hildisrieden","Hildisrieden LU","Hildisrieden (LU)","Hildisrieden (LU)","Luzern","Lucerne","Lucerna","https://upload.wikimedia.org/wikipedia/commons/f/fd/Pic_Hildisrieden.png",25.728820042,FALSE,FALSE
3,1089,22.580645161,182,624,46.281464531,809,1748,806,TRUE,"LU","Knutwil","Knutwil","Knutwil","Knutwil LU","Knutwil (LU)","Knutwil (LU)","Luzern","Lucerne","Lucerna","https://thumb.wikimedia.org/wikipedia/commons/thumb/3/33/Coat_of_arms_of_Knutwil.svg/960px-Coat_of_arms_of_Knutwil.svg.png",25.728820042,FALSE,FALSE
3,1091,29.577464789,168,400,51.228070175,584,1140,568,TRUE,"LU","Mauensee","Mauensee","Mauensee","Mauensee LU","Mauensee (LU)","Mauensee (LU)","Luzern","Lucerne","Lucerna","https://thumb.wikimedia.org/wikipedia/commons/thumb/7/71/CHE_Mauensee_COA.svg/960px-CHE_Mauensee_COA.svg.png",25.728820042,FALSE,FALSE
3,1093,21.570881226,563,2047,51.417954234,2629,5113,2610,TRUE,"LU","Neuenkirch","Neuenkirch","Neuenkirch","Neuenkirch LU","Neuenkirch (LU)","Neuenkirch (LU)","Luzern","Lucerne","Lucerna","https://thumb.wikimedia.org/wikipedia/commons/thumb/d/d1/CHE_Neuenkirch_COA.svg/960px-CHE_Neuenkirch_COA.svg.png",25.728820042,FALSE,FALSE
3,1094,,,,,,,,FALSE,"LU","Nottwil","Nottwil","Nottwil","Nottwil LU","Nottwil (LU)","Nottwil (LU)","Luzern","Lucerne","Lucerna","https://thumb.wikimedia.org/wikipedia/commons/thumb/4/44/Coat_of_arms_of_Nottwil.svg/960px-Coat_of_arms_of_Nottwil.svg.png",25.728820042,FALSE,FALSE
3,1095,26.962809917,522,1414,54.755927476,1963,3585,1936,TRUE,"LU","Oberkirch","Oberkirch","Oberkirch","Oberkirch LU","Oberkirch (LU)","Oberkirch (LU)","Luzern","Lucerne","Lucerna","https://thumb.wikimedia.org/wikipedia/commons/thumb/0/02/CHE_Oberkirch_COA.svg/960px-CHE_Oberkirch_COA.svg.png",25.728820042,FALSE,FALSE
3,1097,18.970189702,210,897,46.669424907,1128,2417,1107,TRUE,"LU","Rickenbach LU","Rickenbach (LU)","Rickenbach LU","Rickenbach LU","Rickenbach (LU)","Rickenbach (LU)","Luzern","Lucerne","Lucerna","https://thumb.wikimedia.org/wikipedia/commons/thumb/0/0f/CHE_Rickenbach_LU_COA.svg/500px-CHE_Rickenbach_LU_COA.svg.png",25.728820042,FALSE,FALSE
3,1098,18.359233827,508,2259,51.686635945,2804,5425,2767,TRUE,"LU","Ruswil","Ruswil","Ruswil","Ruswil LU","Ruswil (LU)","Ruswil (LU)","Luzern","Lucerne","Lucerna","https://upload.wikimedia.org/wikipedia/commons/5/5b/CHE_Ruswil_COA.png",25.728820042,FALSE,FALSE
3,1099,19.122257053,244,1032,54.912803063,1291,2351,1276,TRUE,"LU","Schenkon","Schenkon","Schenkon","Schenkon LU","Schenkon (LU)","Schenkon (LU)","Luzern","Lucerne","Lucerna","https://thumb.wikimedia.org/wikipedia/commons/thumb/f/f8/Coat_of_arms_of_Schenkon.svg/960px-Coat_of_arms_of_Schenkon.svg.png",25.728820042,FALSE,FALSE
3,1100,19.5599022,80,329,59.598853868,416,698,409,TRUE,"LU","Schlierbach","Schlierbach","Schlierbach","Schlierbach LU","Schlierbach (LU)","Schlierbach (LU)","Luzern","Lucerne","Lucerna","https://thumb.wikimedia.org/wikipedia/commons/thumb/8/8b/Coat_of_arms_of_Schlierbach_LU.svg/960px-Coat_of_arms_of_Schlierbach_LU.svg.png",25.728820042,FALSE,FALSE
3,1102,24.723451327,447,1361,57.147325618,1827,3197,1808,TRUE,"LU","Sempach","Sempach","Sempach","Sempach LU","Sempach (LU)","Sempach (LU)","Luzern","Lucerne","Lucerna","https://upload.wikimedia.org/wikipedia/commons/a/a6/CHE_Sempach_COA.png",25.728820042,FALSE,FALSE
3,1103,29.577464789,1071,2550,49.104756815,3675,7484,3621,TRUE,"LU","Sursee","Sursee","Sursee","Sursee LU","Sursee (LU)","Sursee (LU)","Luzern","Lucerne","Lucerna","https://thumb.wikimedia.org/wikipedia/commons/thumb/e/e6/Coat_of_arms_of_Sursee.svg/960px-Coat_of_arms_of_Sursee.svg.png",25.728820042,FALSE,FALSE
3,1104,17.766853933,253,1171,48.37846874,1447,2991,1424,TRUE,"LU","Triengen","Triengen","Triengen","Triengen LU","Triengen (LU)","Triengen (LU)","Luzern","Lucerne","Lucerna","https://thumb.wikimedia.org/wikipedia/commons/thumb/e/ea/CHE_Triengen_COA.svg/960px-CHE_Triengen_COA.svg.png",25.728820042,FALSE,FALSE
3,1107,18.658892128,256,1116,49.101796407,1394,2839,1372,TRUE,"LU","Wolhusen","Wolhusen","Wolhusen","Wolhusen LU","Wolhusen (LU)","Wolhusen (LU)","Luzern","Lucerne","Lucerna","https://thumb.wikimedia.org/wikipedia/commons/thumb/c/c1/CHE_Wolhusen_COA_03.svg/960px-CHE_Wolhusen_COA_03.svg.png",25.728820042,FALSE,FALSE
3,1121,17.18061674,39,188,45.983935743,229,498,227,TRUE,"LU","Alberswil","Alberswil","Alberswil","Alberswil LU","Alberswil (LU)","Alberswil (LU)","Luzern","Lucerne","Lucerna","https://thumb.wikimedia.org/wikipedia/commons/thumb/8/8b/Coat_of_arms_of_Alberswil.svg/960px-Coat_of_arms_of_Alberswil.svg.png",25.728820042,FALSE,FALSE
3,1122,15.363128492,55,303,50.760719225,367,723,358,TRUE,"LU","Altbüron","Altbüron","Altbüron","Altbüron LU","Altbüron (LU)","Altbüron (LU)","Luzern","Lucerne","Lucerna","https://thumb.wikimedia.org/wikipedia/commons/thumb/7/76/CHE_Altb%C3%BCron_COA.svg/960px-CHE_Altb%C3%BCron_COA.svg.png",25.728820042,FALSE,FALSE
3,1123,13.101160862,79,524,47.611589663,608,1277,603,TRUE,"LU","Altishofen","Altishofen","Altishofen","Altishofen LU","Altishofen (LU)","Altishofen (LU)","Luzern","Lucerne","Lucerna","https://thumb.wikimedia.org/wikipedia/commons/thumb/f/f0/CHE_Altishofen_COA.svg/960px-CHE_Altishofen_COA.svg.png",25.728820042,FALSE,FALSE
3,1125,17.605633803,300,1404,43.742034158,1716,3923,1704,TRUE,"LU","Dagmersellen","Dagmersellen","Dagmersellen","Dagmersellen LU","Dagmersellen (LU)","Dagmersellen (LU)","Luzern","Lucerne","Lucerna","https://thumb.wikimedia.org/wikipedia/commons/thumb/4/44/CHE_Dagmersellen_COA.svg/960px-CHE_Dagmersellen_COA.svg.png",25.728820042,FALSE,FALSE
3,1127,17.721518987,98,455,48.302872063,555,1149,553,TRUE,"LU","Egolzwil","Egolzwil","Egolzwil","Egolzwil LU","Egolzwil (LU)","Egolzwil (LU)","Luzern","Lucerne","Lucerna","https://thumb.wikimedia.org/wikipedia/commons/thumb/e/e8/CHE_Egolzwil_COA.svg/960px-CHE_Egolzwil_COA.svg.png",25.728820042,FALSE,FALSE
3,1128,15.891891892,147,778,48.289943849,946,1959,925,TRUE,"LU","Ettiswil","Ettiswil","Ettiswil","Ettiswil LU","Ettiswil (LU)","Ettiswil (LU)","Luzern","Lucerne","Lucerna","https://thumb.wikimedia.org/wikipedia/commons/thumb/f/fc/CHE_Ettiswil_COA.svg/250px-CHE_Ettiswil_COA.svg.png",25.728820042,FALSE,FALSE
3,1129,14.015151515,37,227,51.055662188,266,521,264,TRUE,"LU","Fischbach","Fischbach","Fischbach","Fischbach LU","Fischbach (LU)","Fischbach (LU)","Luzern","Lucerne","Lucerna","https://thumb.wikimedia.org/wikipedia/commons/thumb/8/8e/CHE_Fischbach_LU_COA.svg/960px-CHE_Fischbach_LU_COA.svg.png",25.728820042,FALSE,FALSE
3,1131,19.277108434,64,268,51.420029895,344,669,332,TRUE,"LU","Grossdietwil","Grossdietwil","Grossdietwil","Grossdietwil LU","Grossdietwil (LU)","Grossdietwil (LU)","Luzern","Lucerne","Lucerna","https://thumb.wikimedia.org/wikipedia/commons/thumb/e/e1/CHE_Grossdietwil_COA.svg/960px-CHE_Grossdietwil_COA.svg.png",25.728820042,FALSE,FALSE
3,1132,8.205841446,59,660,51.426533524,721,1402,719,TRUE,"LU","Hergiswil bei Willisau","Hergiswil bei Willisau","Hergiswil bei Willisau","Hergiswil bei Willisau LU","Hergiswil bei Willisau (LU)","Hergiswil bei Willisau (LU)","Luzern","Lucerne","Lucerna","https://thumb.wikimedia.org/wikipedia/commons/thumb/b/b6/CHE_Hergiswil_bei_Willisau_COA.svg/960px-CHE_Hergiswil_bei_Willisau_COA.svg.png",25.728820042,FALSE,FALSE
3,1135,8,36,414,48.933901919,459,938,450,TRUE,"LU","Luthern","Luthern","Luthern","Luthern LU","Luthern (LU)","Luthern (LU)","Luzern","Lucerne","Lucerna","https://thumb.wikimedia.org/wikipedia/commons/thumb/6/6f/CHE_Luthern_COA.svg/960px-CHE_Luthern_COA.svg.png",25.728820042,FALSE,FALSE
3,1136,16.011505273,167,876,48.589921405,1051,2163,1043,TRUE,"LU","Menznau","Menznau","Menznau","Menznau LU","Menznau (LU)","Menznau (LU)","Luzern","Lucerne","Lucerna","https://thumb.wikimedia.org/wikipedia/commons/thumb/a/aa/Coat_of_arms_of_Menznau.svg/960px-Coat_of_arms_of_Menznau.svg.png",25.728820042,FALSE,FALSE
3,1137,18.982118294,138,589,47.432605905,739,1558,727,TRUE,"LU","Nebikon","Nebikon","Nebikon","Nebikon LU","Nebikon (LU)","Nebikon (LU)","Luzern","Lucerne","Lucerna","https://upload.wikimedia.org/wikipedia/commons/6/6d/CHE_Nebikon_COA.png",25.728820042,FALSE,FALSE
3,1139,18.518518519,155,682,46.762589928,845,1807,837,TRUE,"LU","Pfaffnau","Pfaffnau","Pfaffnau","Pfaffnau LU","Pfaffnau (LU)","Pfaffnau (LU)","Luzern","Lucerne","Lucerna","https://thumb.wikimedia.org/wikipedia/commons/thumb/0/09/CHE_Pfaffnau_COA.svg/960px-CHE_Pfaffnau_COA.svg.png",25.728820042,FALSE,FALSE
3,1140,20.831024931,376,1429,40.171503958,1827,4548,1805,TRUE,"LU","Reiden","Reiden","Reiden","Reiden LU","Reiden (LU)","Reiden (LU)","Luzern","Lucerne","Lucerna","https://thumb.wikimedia.org/wikipedia/commons/thumb/7/7c/Wappen_Reiden.svg/960px-Wappen_Reiden.svg.png",25.728820042,FALSE,FALSE
3,1142,15.635179153,48,259,52.542372881,310,590,307,TRUE,"LU","Roggliswil","Roggliswil","Roggliswil","Roggliswil LU","Roggliswil (LU)","Roggliswil (LU)","Luzern","Lucerne","Lucerna","https://thumb.wikimedia.org/wikipedia/commons/thumb/6/68/Coat_of_arms_of_Roggliswil.svg/960px-Coat_of_arms_of_Roggliswil.svg.png",25.728820042,FALSE,FALSE
3,1143,18.279569892,221,988,40.554821664,1228,3028,1209,TRUE,"LU","Schötz","Schötz","Schötz","Schötz LU","Schötz (LU)","Schötz (LU)","Luzern","Lucerne","Lucerna","https://thumb.wikimedia.org/wikipedia/commons/thumb/9/95/Coat_of_arms_of_Sch%C3%B6tz.svg/960px-Coat_of_arms_of_Sch%C3%B6tz.svg.png",25.728820042,FALSE,FALSE
3,1145,12.285714286,43,307,50.641940086,355,701,350,TRUE,"LU","Ufhusen","Ufhusen","Ufhusen","Ufhusen LU","Ufhusen (LU)","Ufhusen (LU)","Luzern","Lucerne","Lucerna","https://thumb.wikimedia.org/wikipedia/commons/thumb/c/cd/Coat_of_arms_of_Ufhusen.svg/960px-Coat_of_arms_of_Ufhusen.svg.png",25.728820042,FALSE,FALSE
3,1146,22.509225092,183,630,49.427365883,820,1659,813,TRUE,"LU","Wauwil","Wauwil","Wauwil","Wauwil LU","Wauwil (LU)","Wauwil (LU)","Luzern","Lucerne","Lucerna","https://thumb.wikimedia.org/wikipedia/commons/thumb/4/46/CHE_Wauwil_COA.svg/960px-CHE_Wauwil_COA.svg.png",25.728820042,FALSE,FALSE
3,1147,30.804597701,134,301,45.18134715,436,965,435,TRUE,"LU","Wikon","Wikon","Wikon","Wikon LU","Wikon (LU)","Wikon (LU)","Luzern","Lucerne","Lucerna","https://thumb.wikimedia.org/wikipedia/commons/thumb/f/fe/CHE_Wikon_COA.svg/960px-CHE_Wikon_COA.svg.png",25.728820042,FALSE,FALSE
3,1150,14.0472879,101,618,45.930599369,728,1585,719,TRUE,"LU","Zell LU","Zell (LU)","Zell LU","Zell LU","Zell (LU)","Zell (LU) (LU)","Luzern","Lucerne","Lucerna","https://thumb.wikimedia.org/wikipedia/commons/thumb/7/75/CHE_Zell_LU_COA.svg/960px-CHE_Zell_LU_COA.svg.png",25.728820042,FALSE,FALSE
3,1151,19.095477387,608,2576,50.163781001,3216,6411,3184,TRUE,"LU","Willisau","Willisau","Willisau","Willisau LU","Willisau (LU)","Willisau (LU)","Luzern","Lucerne","Lucerna","https://upload.wikimedia.org/wikipedia/commons/3/33/CHE_Willisau_COA.png",25.728820042,FALSE,FALSE
4,1201,25.986738238,823,2344,44.692425722,3204,7169,3167,TRUE,"UR","Altdorf UR","Altdorf (UR)","Altdorf UR","Altdorf UR","Altdorf (UR)","Altdorf (UR)","Uri","Uri","Uri","https://thumb.wikimedia.org/wikipedia/commons/thumb/a/af/CHE_Altdorf_COA.svg/960px-CHE_Altdorf_COA.svg.png",19.178900649,FALSE,FALSE
4,1202,19.362186788,85,354,47.021276596,442,940,439,TRUE,"UR","Andermatt","Andermatt","Andermatt","Andermatt UR","Andermatt (UR)","Andermatt (UR)","Uri","Uri","Uri","https://thumb.wikimedia.org/wikipedia/commons/thumb/f/fe/Andermatt-coat_of_arms.svg/500px-Andermatt-coat_of_arms.svg.png",19.178900649,FALSE,FALSE
4,1203,14.233576642,78,470,41.811320755,554,1325,548,TRUE,"UR","Attinghausen","Attinghausen","Attinghausen","Attinghausen UR","Attinghausen (UR)","Attinghausen (UR)","Uri","Uri","Uri","https://thumb.wikimedia.org/wikipedia/commons/thumb/d/d1/CHE_Attinghausen_COA.svg/500px-CHE_Attinghausen_COA.svg.png",19.178900649,FALSE,FALSE
4,1205,17.109144543,232,1124,46.034946237,1370,2976,1356,TRUE,"UR","Bürglen UR","Bürglen (UR)","Bürglen UR","Bürglen UR","Bürglen (UR)","Bürglen (UR) (UR)","Uri","Uri","Uri","https://thumb.wikimedia.org/wikipedia/commons/thumb/b/b9/Wappen_B%C3%BCrglen_UR.svg/500px-Wappen_B%C3%BCrglen_UR.svg.png",19.178900649,FALSE,FALSE
4,1206,19.829222011,209,845,43.191919192,1069,2475,1054,TRUE,"UR","Erstfeld","Erstfeld","Erstfeld","Erstfeld UR","Erstfeld (UR)","Erstfeld (UR)","Uri","Uri","Uri","https://thumb.wikimedia.org/wikipedia/commons/thumb/2/27/CHE_Erstfeld_COA.svg/960px-CHE_Erstfeld_COA.svg.png",19.178900649,FALSE,FALSE
4,1207,21.096345515,127,475,42.262317835,609,1441,602,TRUE,"UR","Flüelen","Flüelen","Flüelen","Flüelen UR","Flüelen (UR)","Flüelen (UR)","Uri","Uri","Uri","https://thumb.wikimedia.org/wikipedia/commons/thumb/2/2e/Fl%C3%BCelen-coat_of_arms.svg/960px-Fl%C3%BCelen-coat_of_arms.svg.png",19.178900649,FALSE,FALSE
4,1208,17.931034483,26,119,51.388888889,148,288,145,TRUE,"UR","Göschenen","Göschenen","Göschenen","Göschenen UR","Göschenen (UR)","Göschenen (UR)","Uri","Uri","Uri","https://thumb.wikimedia.org/wikipedia/commons/thumb/6/6f/G%C3%B6schenen-coat_of_arms.svg/500px-G%C3%B6schenen-coat_of_arms.svg.png",19.178900649,FALSE,FALSE
4,1209,10.49382716,17,145,40.294840295,164,407,162,TRUE,"UR","Gurtnellen","Gurtnellen","Gurtnellen","Gurtnellen UR","Gurtnellen (UR)","Gurtnellen (UR)","Uri","Uri","Uri","https://thumb.wikimedia.org/wikipedia/commons/thumb/c/c5/Gurtnellen_Wappen.svg/960px-Gurtnellen_Wappen.svg.png",19.178900649,FALSE,FALSE
4,1210,15.384615385,10,55,60.17699115,68,113,65,TRUE,"UR","Hospental","Hospental","Hospental","Hospental UR","Hospental (UR)","Hospental (UR)","Uri","Uri","Uri","https://thumb.wikimedia.org/wikipedia/commons/thumb/2/21/Wappen_Hospental.svg/500px-Wappen_Hospental.svg.png",19.178900649,FALSE,FALSE
4,1211,9.027777778,13,131,41.786743516,145,347,144,TRUE,"UR","Isenthal","Isenthal","Isenthal","Isenthal UR","Isenthal (UR)","Isenthal (UR)","Uri","Uri","Uri","https://thumb.wikimedia.org/wikipedia/commons/thumb/5/5c/Isenthal-coat_of_arms.svg/500px-Isenthal-coat_of_arms.svg.png",19.178900649,FALSE,FALSE
4,1212,18.867924528,10,43,55.445544554,56,101,53,TRUE,"UR","Realp","Realp","Realp","Realp UR","Realp (UR)","Realp (UR)","Uri","Uri","Uri","https://thumb.wikimedia.org/wikipedia/commons/thumb/6/66/Realp-coat_of_arms.svg/500px-Realp-coat_of_arms.svg.png",19.178900649,FALSE,FALSE
4,1213,16.390532544,277,1413,42.636045931,1708,4006,1690,TRUE,"UR","Schattdorf","Schattdorf","Schattdorf","Schattdorf UR","Schattdorf (UR)","Schattdorf (UR)","Uri","Uri","Uri","https://thumb.wikimedia.org/wikipedia/commons/thumb/b/bb/Wappen_Schattdorf.svg/500px-Wappen_Schattdorf.svg.png",19.178900649,FALSE,FALSE
4,1214,16.830065359,103,509,41.855807744,627,1498,612,TRUE,"UR","Seedorf UR","Seedorf (UR)","Seedorf UR","Seedorf UR","Seedorf (UR)","Seedorf (UR)","Uri","Uri","Uri","https://thumb.wikimedia.org/wikipedia/commons/thumb/7/7e/CHE_Seedorf_UR_COA.svg/960px-CHE_Seedorf_UR_COA.svg.png",19.178900649,FALSE,FALSE
4,1215,25.196850394,64,190,49.142857143,258,525,254,TRUE,"UR","Seelisberg","Seelisberg","Seelisberg","Seelisberg UR","Seelisberg (UR)","Seelisberg (UR)","Uri","Uri","Uri","https://thumb.wikimedia.org/wikipedia/commons/thumb/9/90/Wappen_Seelisberg_UR.svg/500px-Wappen_Seelisberg_UR.svg.png",19.178900649,FALSE,FALSE
4,1216,14.936247723,82,467,35.256816741,556,1577,549,TRUE,"UR","Silenen","Silenen","Silenen","Silenen UR","Silenen (UR)","Silenen (UR)","Uri","Uri","Uri","https://thumb.wikimedia.org/wikipedia/commons/thumb/a/a3/Wappen_Silenen.svg/500px-Wappen_Silenen.svg.png",19.178900649,FALSE,FALSE
4,1217,20.175438596,23,91,50.218340611,115,229,114,TRUE,"UR","Sisikon","Sisikon","Sisikon","Sisikon UR","Sisikon (UR)","Sisikon (UR)","Uri","Uri","Uri","https://thumb.wikimedia.org/wikipedia/commons/thumb/4/46/Sisikon-coat_of_arms.svg/500px-Sisikon-coat_of_arms.svg.png",19.178900649,FALSE,FALSE
4,1218,5.685618729,17,282,43.352601156,300,692,299,TRUE,"UR","Spiringen","Spiringen","Spiringen","Spiringen UR","Spiringen (UR)","Spiringen (UR)","Uri","Uri","Uri","https://thumb.wikimedia.org/wikipedia/commons/thumb/a/a0/CHE_Spiringen_COA.svg/960px-CHE_Spiringen_COA.svg.png",19.178900649,FALSE,FALSE
4,1219,5.429864253,12,209,39.964157706,223,558,221,TRUE,"UR","Unterschächen","Unterschächen","Unterschächen","Unterschächen UR","Unterschächen (UR)","Unterschächen (UR)","Uri","Uri","Uri","https://thumb.wikimedia.org/wikipedia/commons/thumb/5/53/CHE_Unterschaechen_COA.svg/500px-CHE_Unterschaechen_COA.svg.png",19.178900649,FALSE,FALSE
4,1220,4.545454545,5,105,44.715447154,110,246,110,TRUE,"UR","Wassen","Wassen","Wassen","Wassen UR","Wassen (UR)","Wassen (UR)","Uri","Uri","Uri","https://thumb.wikimedia.org/wikipedia/commons/thumb/e/e9/Wappen_Wassen.svg/500px-Wappen_Wassen.svg.png",19.178900649,FALSE,FALSE
5,1301,18.790012804,1174,5074,54.032605883,6264,11593,6248,TRUE,"SZ","Einsiedeln","Einsiedeln","Einsiedeln","Einsiedeln SZ","Einsiedeln (SZ)","Einsiedeln (SZ)","Schwyz","Schwyz","Svitto","https://thumb.wikimedia.org/wikipedia/commons/thumb/5/56/Einsiedeln-coat_of_arms.svg/500px-Einsiedeln-coat_of_arms.svg.png",18.980268296,FALSE,FALSE
5,1311,21.893491124,185,660,53.719008264,845,1573,845,TRUE,"SZ","Gersau","Gersau","Gersau","Gersau SZ","Gersau (SZ)","Gersau (SZ)","Schwyz","Schwyz","Svitto","https://thumb.wikimedia.org/wikipedia/commons/thumb/1/11/Wappen_Gersau.svg/250px-Wappen_Gersau.svg.png",18.980268296,FALSE,FALSE
5,1321,15.538461538,303,1647,54.973231896,1951,3549,1950,TRUE,"SZ","Feusisberg","Feusisberg","Feusisberg","Feusisberg SZ","Feusisberg (SZ)","Feusisberg (SZ)","Schwyz","Schwyz","Svitto","https://thumb.wikimedia.org/wikipedia/commons/thumb/d/d2/Feusisberg-blazon.svg/250px-Feusisberg-blazon.svg.png",18.980268296,FALSE,FALSE
5,1322,20.472440945,1144,4444,54.2254883,5608,10342,5588,TRUE,"SZ","Freienbach","Freienbach","Freienbach","Freienbach SZ","Freienbach (SZ)","Freienbach (SZ)","Schwyz","Schwyz","Svitto","https://thumb.wikimedia.org/wikipedia/commons/thumb/3/34/CHE_Freienbach_SZ_COA.svg/960px-CHE_Freienbach_SZ_COA.svg.png",18.980268296,FALSE,FALSE
5,1323,17.097488922,463,2245,55.430788077,2715,4898,2708,TRUE,"SZ","Wollerau","Wollerau","Wollerau","Wollerau SZ","Wollerau (SZ)","Wollerau (SZ)","Schwyz","Schwyz","Svitto","https://thumb.wikimedia.org/wikipedia/commons/thumb/9/90/CHE_Wollerau_COA.svg/250px-CHE_Wollerau_COA.svg.png",18.980268296,FALSE,FALSE
5,1331,20.511221945,987,3825,54.221872895,4829,8906,4812,TRUE,"SZ","Küssnacht SZ","Küssnacht (SZ)","Küssnacht SZ","Küssnacht SZ","Küssnacht (SZ)","Küssnacht (SZ)","Schwyz","Schwyz","Svitto","https://thumb.wikimedia.org/wikipedia/commons/thumb/e/ea/CHE_K%C3%BCssnacht_COA.svg/500px-CHE_K%C3%BCssnacht_COA.svg.png",18.980268296,FALSE,FALSE
5,1341,17.522412388,430,2024,50.585335798,2463,4869,2454,TRUE,"SZ","Altendorf","Altendorf","Altendorf","Altendorf SZ","Altendorf (SZ)","Altendorf (SZ)","Schwyz","Schwyz","Svitto","https://thumb.wikimedia.org/wikipedia/de/thumb/e/e3/Wappen_Altendorf_SZ.svg/960px-Wappen_Altendorf_SZ.svg.png",18.980268296,FALSE,FALSE
5,1342,20.108695652,370,1470,50.995024876,1845,3618,1840,TRUE,"SZ","Galgenen","Galgenen","Galgenen","Galgenen SZ","Galgenen (SZ)","Galgenen (SZ)","Schwyz","Schwyz","Svitto","https://thumb.wikimedia.org/wikipedia/commons/thumb/9/99/CHE_Galgenen_COA.svg/500px-CHE_Galgenen_COA.svg.png",18.980268296,FALSE,FALSE
5,1343,14.141414141,14,85,61.349693252,100,163,99,TRUE,"SZ","Innerthal","Innerthal","Innerthal","Innerthal SZ","Innerthal (SZ)","Innerthal (SZ)","Schwyz","Schwyz","Svitto","https://thumb.wikimedia.org/wikipedia/commons/thumb/1/1b/Innerthal-blazon.svg/250px-Innerthal-blazon.svg.png",18.980268296,FALSE,FALSE
5,1344,22.620845921,599,2049,48.680351906,2656,5456,2648,TRUE,"SZ","Lachen","Lachen","Lachen","Lachen SZ","Lachen (SZ)","Lachen (SZ)","Schwyz","Schwyz","Svitto","https://thumb.wikimedia.org/wikipedia/de/thumb/5/55/Wappen_Lachen_SZ.svg/500px-Wappen_Lachen_SZ.svg.png",18.980268296,FALSE,FALSE
5,1345,17.557932264,197,925,45.311871227,1126,2485,1122,TRUE,"SZ","Reichenburg","Reichenburg","Reichenburg","Reichenburg SZ","Reichenburg (SZ)","Reichenburg (SZ)","Schwyz","Schwyz","Svitto","https://thumb.wikimedia.org/wikipedia/de/thumb/0/02/Wappen_Reichenburg.svg/960px-Wappen_Reichenburg.svg.png",18.980268296,FALSE,FALSE
5,1346,17.467248908,440,2079,45.430010795,2525,5558,2519,TRUE,"SZ","Schübelbach","Schübelbach","Schübelbach","Schübelbach SZ","Schübelbach (SZ)","Schübelbach (SZ)","Schwyz","Schwyz","Svitto","https://thumb.wikimedia.org/wikipedia/de/thumb/b/bf/Wappen_Sch%C3%BCbelbach.svg/960px-Wappen_Sch%C3%BCbelbach.svg.png",18.980268296,FALSE,FALSE
5,1347,18.869644485,207,890,45.753538718,1099,2402,1097,TRUE,"SZ","Tuggen","Tuggen","Tuggen","Tuggen SZ","Tuggen (SZ)","Tuggen (SZ)","Schwyz","Schwyz","Svitto","https://upload.wikimedia.org/wikipedia/commons/c/cc/Wappen_tuggen.png",18.980268296,FALSE,FALSE
5,1348,8.638743455,33,349,48.415716096,382,789,382,TRUE,"SZ","Vorderthal","Vorderthal","Vorderthal","Vorderthal SZ","Vorderthal (SZ)","Vorderthal (SZ)","Schwyz","Schwyz","Svitto","https://thumb.wikimedia.org/wikipedia/commons/thumb/8/8a/CHE_Vorderthal_COA.svg/500px-CHE_Vorderthal_COA.svg.png",18.980268296,FALSE,FALSE
5,1349,21.143473571,392,1462,48.906455863,1856,3795,1854,TRUE,"SZ","Wangen SZ","Wangen (SZ)","Wangen SZ","Wangen SZ","Wangen (SZ)","Wangen (SZ)","Schwyz","Schwyz","Svitto","https://thumb.wikimedia.org/wikipedia/commons/thumb/7/78/Wangen_SZ-blazon.svg/250px-Wangen_SZ-blazon.svg.png",18.980268296,FALSE,FALSE
5,1361,9.278350515,27,264,58.2,291,500,291,TRUE,"SZ","Alpthal","Alpthal","Alpthal","Alpthal SZ","Alpthal (SZ)","Alpthal (SZ)","Schwyz","Schwyz","Svitto","https://thumb.wikimedia.org/wikipedia/commons/thumb/3/3b/CHE_Alpthal_COA.svg/250px-CHE_Alpthal_COA.svg.png",18.980268296,FALSE,FALSE
5,1362,20.281069165,736,2893,49.835571389,3637,7298,3629,TRUE,"SZ","Arth","Arth","Arth","Arth SZ","Arth (SZ)","Arth (SZ)","Schwyz","Schwyz","Svitto","https://thumb.wikimedia.org/wikipedia/commons/thumb/e/e8/CHE_Arth_COA.svg/500px-CHE_Arth_COA.svg.png",18.980268296,FALSE,FALSE
5,1363,12.064343164,45,328,58.00933126,373,643,373,TRUE,"SZ","Illgau","Illgau","Illgau","Illgau SZ","Illgau (SZ)","Illgau (SZ)","Schwyz","Schwyz","Svitto","https://thumb.wikimedia.org/wikipedia/commons/thumb/6/6d/Illgau-blazon.svg/250px-Illgau-blazon.svg.png",18.980268296,FALSE,FALSE
5,1364,22.173144876,753,2643,53.802461344,3410,6338,3396,TRUE,"SZ","Ingenbohl","Ingenbohl","Ingenbohl","Ingenbohl SZ","Ingenbohl (SZ)","Ingenbohl (SZ)","Schwyz","Schwyz","Svitto","https://thumb.wikimedia.org/wikipedia/commons/thumb/9/92/Ingenbohl-blazon.svg/250px-Ingenbohl-blazon.svg.png",18.980268296,FALSE,FALSE
5,1365,17.473684211,83,392,57.53920386,477,829,475,TRUE,"SZ","Lauerz","Lauerz","Lauerz","Lauerz SZ","Lauerz (SZ)","Lauerz (SZ)","Schwyz","Schwyz","Svitto","https://thumb.wikimedia.org/wikipedia/commons/thumb/a/aa/Lauerz-blazon.svg/250px-Lauerz-blazon.svg.png",18.980268296,FALSE,FALSE
5,1366,18.762886598,91,394,55.416191562,486,877,485,TRUE,"SZ","Morschach","Morschach","Morschach","Morschach SZ","Morschach (SZ)","Morschach (SZ)","Schwyz","Schwyz","Svitto","https://thumb.wikimedia.org/wikipedia/commons/thumb/d/d5/Morschach-blazon.svg/250px-Morschach-blazon.svg.png",18.980268296,FALSE,FALSE
5,1367,8.428860418,125,1358,54.242867593,1483,2734,1483,TRUE,"SZ","Muotathal","Muotathal","Muotathal","Muotathal SZ","Muotathal (SZ)","Muotathal (SZ)","Schwyz","Schwyz","Svitto","https://thumb.wikimedia.org/wikipedia/commons/thumb/3/35/Muotathal-blazon.svg/250px-Muotathal-blazon.svg.png",18.980268296,FALSE,FALSE
5,1368,14.52991453,68,400,62.56684492,468,748,468,TRUE,"SZ","Oberiberg","Oberiberg","Oberiberg","Oberiberg SZ","Oberiberg (SZ)","Oberiberg (SZ)","Schwyz","Schwyz","Svitto","https://thumb.wikimedia.org/wikipedia/commons/thumb/e/e9/Oberiberg-blazon.svg/250px-Oberiberg-blazon.svg.png",18.980268296,FALSE,FALSE
5,1369,4.87804878,2,39,63.076923077,41,65,41,TRUE,"SZ","Riemenstalden","Riemenstalden","Riemenstalden","Riemenstalden SZ","Riemenstalden (SZ)","Riemenstalden (SZ)","Schwyz","Schwyz","Svitto","https://thumb.wikimedia.org/wikipedia/commons/thumb/e/eb/Riemenstalden-blazon.svg/250px-Riemenstalden-blazon.svg.png",18.980268296,FALSE,FALSE
5,1370,8.369098712,78,854,52.801358234,933,1767,932,TRUE,"SZ","Rothenthurm","Rothenthurm","Rothenthurm","Rothenthurm SZ","Rothenthurm (SZ)","Rothenthurm (SZ)","Schwyz","Schwyz","Svitto","https://thumb.wikimedia.org/wikipedia/commons/thumb/d/d3/CHE_Rothenthurm_COA.svg/500px-CHE_Rothenthurm_COA.svg.png",18.980268296,FALSE,FALSE
5,1371,15.560916767,129,700,55.149501661,830,1505,829,TRUE,"SZ","Sattel","Sattel","Sattel","Sattel SZ","Sattel (SZ)","Sattel (SZ)","Schwyz","Schwyz","Svitto","https://thumb.wikimedia.org/wikipedia/commons/thumb/8/8e/Sattel-blazon.svg/250px-Sattel-blazon.svg.png",18.980268296,FALSE,FALSE
5,1372,23.534255599,1429,4643,54.674322627,6094,11146,6072,TRUE,"SZ","Schwyz","Schwyz","Svitto","Schwyz SZ","Schwyz (SZ)","Svitto (SZ)","Schwyz","Schwyz","Svitto","https://thumb.wikimedia.org/wikipedia/commons/thumb/1/12/CHE_Schwyz_SZ_COA.svg/500px-CHE_Schwyz_SZ_COA.svg.png",18.980268296,FALSE,FALSE
5,1373,18.2,273,1227,54.581673307,1507,2761,1500,TRUE,"SZ","Steinen","Steinen","Steinen","Steinen SZ","Steinen (SZ)","Steinen (SZ)","Schwyz","Schwyz","Svitto","https://thumb.wikimedia.org/wikipedia/commons/thumb/6/6f/Steinen_SZ-blazon.svg/250px-Steinen_SZ-blazon.svg.png",18.980268296,FALSE,FALSE
5,1374,13.953488372,54,333,54.507042254,387,710,387,TRUE,"SZ","Steinerberg","Steinerberg","Steinerberg","Steinerberg SZ","Steinerberg (SZ)","Steinerberg (SZ)","Schwyz","Schwyz","Svitto","https://thumb.wikimedia.org/wikipedia/commons/thumb/2/25/Steinerberg-blazon.svg/250px-Steinerberg-blazon.svg.png",18.980268296,FALSE,FALSE
5,1375,9.671532847,106,990,58.779443255,1098,1868,1096,TRUE,"SZ","Unteriberg","Unteriberg","Unteriberg","Unteriberg SZ","Unteriberg (SZ)","Unteriberg (SZ)","Schwyz","Schwyz","Svitto","https://thumb.wikimedia.org/wikipedia/commons/thumb/1/16/Unteriberg-blazon.svg/250px-Unteriberg-blazon.svg.png",18.980268296,FALSE,FALSE
6,1401,19.010175763,411,1751,49.068880413,2187,4457,2162,TRUE,"OW","Alpnach","Alpnach","Alpnach","Alpnach OW","Alpnach (OW)","Alpnach (OW)","Obwalden","Obwald","Obvaldo","https://thumb.wikimedia.org/wikipedia/commons/thumb/a/ab/CHE_Alpnach_COA.svg/960px-CHE_Alpnach_COA.svg.png",19.741953385,FALSE,FALSE
6,1402,18.817204301,280,1208,56.032269894,1528,2727,1488,TRUE,"OW","Engelberg","Engelberg","Engelberg","Engelberg OW","Engelberg (OW)","Engelberg (OW)","Obwalden","Obwald","Obvaldo","https://thumb.wikimedia.org/wikipedia/commons/thumb/b/bb/CHE_Engelberg_COA.svg/960px-CHE_Engelberg_COA.svg.png",19.741953385,FALSE,FALSE
6,1403,18.626155878,282,1232,53.018282166,1537,2899,1514,TRUE,"OW","Giswil","Giswil","Giswil","Giswil OW","Giswil (OW)","Giswil (OW)","Obwalden","Obwald","Obvaldo","https://thumb.wikimedia.org/wikipedia/commons/thumb/1/1d/CHE_Giswil_COA.svg/960px-CHE_Giswil_COA.svg.png",19.741953385,FALSE,FALSE
6,1404,14.859271523,359,2057,50.861889927,2449,4815,2416,TRUE,"OW","Kerns","Kerns","Kerns","Kerns OW","Kerns (OW)","Kerns (OW)","Obwalden","Obwald","Obvaldo","https://thumb.wikimedia.org/wikipedia/commons/thumb/6/63/CHE_Kerns_COA.svg/500px-CHE_Kerns_COA.svg.png",19.741953385,FALSE,FALSE
6,1405,14.352392065,123,734,52.884031573,871,1647,857,TRUE,"OW","Lungern","Lungern","Lungern","Lungern OW","Lungern (OW)","Lungern (OW)","Obwalden","Obwald","Obvaldo","https://thumb.wikimedia.org/wikipedia/commons/thumb/3/32/CHE_Lungern_COA.svg/500px-CHE_Lungern_COA.svg.png",19.741953385,FALSE,FALSE
6,1406,24.751491054,498,1514,52.676273803,2047,3886,2012,TRUE,"OW","Sachseln","Sachseln","Sachseln","Sachseln OW","Sachseln (OW)","Sachseln (OW)","Obwalden","Obwald","Obvaldo","https://thumb.wikimedia.org/wikipedia/commons/thumb/0/02/CHE_Sachseln_COA.svg/960px-CHE_Sachseln_COA.svg.png",19.741953385,FALSE,FALSE
6,1407,22.510713385,893,3074,52.716113868,4037,7658,3967,TRUE,"OW","Sarnen","Sarnen","Sarnen","Sarnen OW","Sarnen (OW)","Sarnen (OW)","Obwalden","Obwald","Obvaldo","https://thumb.wikimedia.org/wikipedia/commons/thumb/a/a6/CHE_Sarnen_COA.svg/960px-CHE_Sarnen_COA.svg.png",19.741953385,FALSE,FALSE
7,1501,21.47505423,297,1086,50.341849586,1399,2779,1383,TRUE,"NW","Beckenried","Beckenried","Beckenried","Beckenried NW","Beckenried (NW)","Beckenried (NW)","Nidwalden","Nidwald","Nidvaldo","https://thumb.wikimedia.org/wikipedia/commons/thumb/0/0d/CHE_Beckenried_COA.svg/960px-CHE_Beckenried_COA.svg.png",20.145310436,FALSE,FALSE
7,1502,18.105263158,344,1556,49.077868852,1916,3904,1900,TRUE,"NW","Buochs","Buochs","Buochs","Buochs NW","Buochs (NW)","Buochs (NW)","Nidwalden","Nidwald","Nidvaldo","https://thumb.wikimedia.org/wikipedia/commons/thumb/8/8c/CHE_Buochs_COA.svg/960px-CHE_Buochs_COA.svg.png",20.145310436,FALSE,FALSE
7,1503,15.947712418,122,643,52.985586822,772,1457,765,TRUE,"NW","Dallenwil","Dallenwil","Dallenwil","Dallenwil NW","Dallenwil (NW)","Dallenwil (NW)","Nidwalden","Nidwald","Nidvaldo","https://thumb.wikimedia.org/wikipedia/commons/thumb/c/cc/CHE_Dallenwil_COA.svg/500px-CHE_Dallenwil_COA.svg.png",20.145310436,FALSE,FALSE
7,1504,15.978456014,89,468,48.660328436,563,1157,557,TRUE,"NW","Emmetten","Emmetten","Emmetten","Emmetten NW","Emmetten (NW)","Emmetten (NW)","Nidwalden","Nidwald","Nidvaldo","https://thumb.wikimedia.org/wikipedia/commons/thumb/5/58/CHE_Emmetten_COA.svg/960px-CHE_Emmetten_COA.svg.png",20.145310436,FALSE,FALSE
7,1505,16.991643454,366,1788,58.201766123,2175,3737,2154,TRUE,"NW","Ennetbürgen","Ennetbürgen","Ennetbürgen","Ennetbürgen NW","Ennetbürgen (NW)","Ennetbürgen (NW)","Nidwalden","Nidwald","Nidvaldo","https://thumb.wikimedia.org/wikipedia/commons/thumb/8/8e/CHE_Ennetburgen_COA.svg/960px-CHE_Ennetburgen_COA.svg.png",20.145310436,FALSE,FALSE
7,1506,18.535469108,162,712,52.898983861,885,1673,874,TRUE,"NW","Ennetmoos","Ennetmoos","Ennetmoos","Ennetmoos NW","Ennetmoos (NW)","Ennetmoos (NW)","Nidwalden","Nidwald","Nidvaldo","https://thumb.wikimedia.org/wikipedia/commons/thumb/c/c2/CHE_Ennetmoos_COA.svg/960px-CHE_Ennetmoos_COA.svg.png",20.145310436,FALSE,FALSE
7,1507,16.920877026,355,1743,51.467378123,2122,4123,2098,TRUE,"NW","Hergiswil NW","Hergiswil (NW)","Hergiswil NW","Hergiswil NW","Hergiswil (NW)","Hergiswil (NW)","Nidwalden","Nidwald","Nidvaldo","https://thumb.wikimedia.org/wikipedia/commons/thumb/c/cf/CHE_Hergiswil_COA.svg/960px-CHE_Hergiswil_COA.svg.png",20.145310436,FALSE,FALSE
7,1508,20.788253478,269,1025,55.363904081,1316,2377,1294,TRUE,"NW","Oberdorf NW","Oberdorf (NW)","Oberdorf NW","Oberdorf NW","Oberdorf (NW)","Oberdorf (NW)","Nidwalden","Nidwald","Nidvaldo","https://thumb.wikimedia.org/wikipedia/commons/thumb/8/8c/CHE_Oberdorf_NW_COA.svg/960px-CHE_Oberdorf_NW_COA.svg.png",20.145310436,FALSE,FALSE
7,1509,27.985910983,874,2249,52.621101526,3172,6028,3123,TRUE,"NW","Stans","Stans","Stans","Stans NW","Stans (NW)","Stans (NW)","Nidwalden","Nidwald","Nidvaldo","https://thumb.wikimedia.org/wikipedia/commons/thumb/9/95/CHE_Stans_COA.svg/960px-CHE_Stans_COA.svg.png",20.145310436,FALSE,FALSE
7,1510,20.769230769,351,1339,50.804529201,1705,3356,1690,TRUE,"NW","Stansstad","Stansstad","Stansstad","Stansstad NW","Stansstad (NW)","Stansstad (NW)","Nidwalden","Nidwald","Nidvaldo","https://thumb.wikimedia.org/wikipedia/commons/thumb/4/47/CHE_Stansstad_COA.svg/960px-CHE_Stansstad_COA.svg.png",20.145310436,FALSE,FALSE
7,1511,15.441176471,126,690,49.728096677,823,1655,816,TRUE,"NW","Wolfenschiessen","Wolfenschiessen","Wolfenschiessen","Wolfenschiessen NW","Wolfenschiessen (NW)","Wolfenschiessen (NW)","Nidwalden","Nidwald","Nidvaldo","https://thumb.wikimedia.org/wikipedia/commons/thumb/6/6b/CHE_Wolfenschiessen_COA.svg/960px-CHE_Wolfenschiessen_COA.svg.png",20.145310436,FALSE,FALSE
8,1630,23.232323232,1150,3800,42.0862098,4999,11878,4950,TRUE,"GL","Glarus Nord","Glarus Nord","Glarus Nord","Glarus Nord GL","Glarus Nord (GL)","Glarus Nord (GL)","Glarus","Glaris","Glarona","https://thumb.wikimedia.org/wikipedia/commons/thumb/d/d5/CHE_Glarus_Nord_COA.svg/500px-CHE_Glarus_Nord_COA.svg.png",25.230660043,FALSE,FALSE
8,1631,25.49273021,789,2306,44.879734985,3116,6943,3095,TRUE,"GL","Glarus Süd","Glarus Süd","Glarus Süd","Glarus Süd GL","Glarus Süd (GL)","Glarus Süd (GL)","Glarus","Glaris","Glarona","https://thumb.wikimedia.org/wikipedia/commons/thumb/5/51/CHE_Glarus_S%C3%BCd_COA.svg/960px-CHE_Glarus_S%C3%BCd_COA.svg.png",25.230660043,FALSE,FALSE
8,1632,28.044623489,905,2322,40.903449988,3296,8058,3227,TRUE,"GL","Glarus","Glaris","Glarona","Glarus GL","Glaris (GL)","Glarona (GL)","Glarus","Glaris","Glarona","https://thumb.wikimedia.org/wikipedia/commons/thumb/b/b6/CHE_Glarus_COA.svg/500px-CHE_Glarus_COA.svg.png",25.230660043,FALSE,FALSE
9,1701,23.228247163,1842,6088,53.433116317,7961,14899,7930,TRUE,"ZG","Baar","Baar","Baar","Baar ZG","Baar (ZG)","Baar (ZG)","Zug","Zoug","Zugo","https://thumb.wikimedia.org/wikipedia/commons/thumb/a/a1/CHE_Baar_COA.svg/500px-CHE_Baar_COA.svg.png",23.516017765,FALSE,FALSE
9,1702,24.842713824,1461,4420,53.42676311,5909,11060,5881,TRUE,"ZG","Cham","Cham","Cham","Cham ZG","Cham (ZG)","Cham (ZG)","Zug","Zoug","Zugo","https://thumb.wikimedia.org/wikipedia/commons/thumb/f/f9/CHE_Cham_ZG_COA.svg/500px-CHE_Cham_ZG_COA.svg.png",23.516017765,FALSE,FALSE
9,1703,25.72230014,917,2648,59.195497434,3576,6041,3565,TRUE,"ZG","Hünenberg","Hünenberg","Hünenberg","Hünenberg ZG","Hünenberg (ZG)","Hünenberg (ZG)","Zug","Zoug","Zugo","https://thumb.wikimedia.org/wikipedia/commons/thumb/c/cd/CHE_H%C3%BCnenberg_COA.svg/500px-CHE_H%C3%BCnenberg_COA.svg.png",23.516017765,FALSE,FALSE
9,1704,20.817643895,387,1472,59.054868379,1862,3153,1859,TRUE,"ZG","Menzingen","Menzingen","Menzingen","Menzingen ZG","Menzingen (ZG)","Menzingen (ZG)","Zug","Zoug","Zugo","https://thumb.wikimedia.org/wikipedia/commons/thumb/a/a6/CHE_Menzingen_COA.svg/500px-CHE_Menzingen_COA.svg.png",23.516017765,FALSE,FALSE
9,1705,19.391206313,172,715,57.764782326,889,1539,887,TRUE,"ZG","Neuheim","Neuheim","Neuheim","Neuheim ZG","Neuheim (ZG)","Neuheim (ZG)","Zug","Zoug","Zugo","https://thumb.wikimedia.org/wikipedia/commons/thumb/e/ee/CHE_Neuheim_COA.svg/500px-CHE_Neuheim_COA.svg.png",23.516017765,FALSE,FALSE
9,1706,18.778947368,446,1929,59.322877769,2383,4017,2375,TRUE,"ZG","Oberägeri","Oberägeri","Oberägeri","Oberägeri ZG","Oberägeri (ZG)","Oberägeri (ZG)","Zug","Zoug","Zugo","https://thumb.wikimedia.org/wikipedia/commons/thumb/b/bb/Ober%C3%A4geri_Wappen.svg/330px-Ober%C3%A4geri_Wappen.svg.png",23.516017765,FALSE,FALSE
9,1707,20.198401764,733,2896,50.633969625,3634,7177,3629,TRUE,"ZG","Risch","Risch","Risch","Risch ZG","Risch (ZG)","Risch (ZG)","Zug","Zoug","Zugo","https://thumb.wikimedia.org/wikipedia/commons/thumb/5/56/Wappen_Risch_Rotkreuz.svg/500px-Wappen_Risch_Rotkreuz.svg.png",23.516017765,FALSE,FALSE
9,1708,23.33535109,771,2533,51.031721589,3314,6494,3304,TRUE,"ZG","Steinhausen","Steinhausen","Steinhausen","Steinhausen ZG","Steinhausen (ZG)","Steinhausen (ZG)","Zug","Zoug","Zugo","https://thumb.wikimedia.org/wikipedia/commons/thumb/1/1f/Steinhausen_Wappen.svg/330px-Steinhausen_Wappen.svg.png",23.516017765,FALSE,FALSE
9,1709,22.118742724,760,2676,57.378140077,3449,6011,3436,TRUE,"ZG","Unterägeri","Unterägeri","Unterägeri","Unterägeri ZG","Unterägeri (ZG)","Unterägeri (ZG)","Zug","Zoug","Zugo","https://thumb.wikimedia.org/wikipedia/commons/thumb/3/38/CHE_Unter%C3%A4geri_COA.svg/500px-CHE_Unter%C3%A4geri_COA.svg.png",23.516017765,FALSE,FALSE
9,1710,16.778975741,249,1235,65.67890314,1485,2261,1484,TRUE,"ZG","Walchwil","Walchwil","Walchwil","Walchwil ZG","Walchwil (ZG)","Walchwil (ZG)","Zug","Zoug","Zugo","https://thumb.wikimedia.org/wikipedia/commons/thumb/7/70/CHE_Walchwil_COA.svg/960px-CHE_Walchwil_COA.svg.png",23.516017765,FALSE,FALSE
9,1711,26.911162186,2693,7314,57.207873478,10056,17578,10007,TRUE,"ZG","Zug","Zoug","Zugo","Zug ZG","Zoug (ZG)","Zugo (ZG)","Zug","Zoug","Zugo","https://thumb.wikimedia.org/wikipedia/commons/thumb/6/67/CHE_Zug_ZG_COA.svg/500px-CHE_Zug_ZG_COA.svg.png",23.516017765,FALSE,FALSE
10,2008,25.568181818,45,131,45.501285347,177,389,176,TRUE,"FR","Châtillon FR","Châtillon (FR)","Châtillon FR","Châtillon FR","Châtillon (FR)","Châtillon (FR)","Freiburg","Fribourg","Friburgo","https://upload.wikimedia.org/wikipedia/commons/7/71/Ch%C3%A2tillon.png",28.315863792,FALSE,FALSE
10,2011,19.14893617,108,456,43.701996928,569,1302,564,TRUE,"FR","Cugy FR","Cugy (FR)","Cugy FR","Cugy FR","Cugy (FR)","Cugy (FR)","Freiburg","Fribourg","Friburgo","https://thumb.wikimedia.org/wikipedia/commons/thumb/a/ad/CHE_Cugy_FR_COA.svg/960px-CHE_Cugy_FR_COA.svg.png",28.315863792,FALSE,FALSE
10,2022,26.630434783,98,270,46.526054591,375,806,368,TRUE,"FR","Gletterens","Gletterens","Gletterens","Gletterens FR","Gletterens (FR)","Gletterens (FR)","Freiburg","Fribourg","Friburgo","https://thumb.wikimedia.org/wikipedia/commons/thumb/3/39/CHE_Gletterens_COA.svg/500px-CHE_Gletterens_COA.svg.png",28.315863792,FALSE,FALSE
10,2025,29.652996845,94,223,41.04859335,321,782,317,TRUE,"FR","Lully FR","Lully (FR)","Lully FR","Lully FR","Lully (FR)","Lully (FR)","Freiburg","Fribourg","Friburgo","https://thumb.wikimedia.org/wikipedia/commons/thumb/1/11/CHE_Lully_FR_COA.svg/250px-CHE_Lully_FR_COA.svg.png",28.315863792,FALSE,FALSE
10,2029,23.291925466,150,494,33.749349974,649,1923,644,TRUE,"FR","Montagny FR","Montagny (FR)","Montagny FR","Montagny FR","Montagny (FR)","Montagny (FR)","Freiburg","Fribourg","Friburgo","https://thumb.wikimedia.org/wikipedia/commons/thumb/5/5c/CHE_Montagny_COA.svg/960px-CHE_Montagny_COA.svg.png",28.315863792,FALSE,FALSE
10,2035,28.571428571,34,85,37.777777778,119,315,119,TRUE,"FR","Nuvilly","Nuvilly","Nuvilly","Nuvilly FR","Nuvilly (FR)","Nuvilly (FR)","Freiburg","Fribourg","Friburgo","https://thumb.wikimedia.org/wikipedia/commons/thumb/6/63/CHE_Nuvilly_COA.svg/250px-CHE_Nuvilly_COA.svg.png",28.315863792,FALSE,FALSE
10,2038,10.256410256,4,35,45.882352941,39,85,39,TRUE,"FR","Prévondavaux","Prévondavaux","Prévondavaux","Prévondavaux FR","Prévondavaux (FR)","Prévondavaux (FR)","Freiburg","Fribourg","Friburgo","https://thumb.wikimedia.org/wikipedia/commons/thumb/0/08/Pr%C3%A9vondavaux-coat_of_arms.svg/500px-Pr%C3%A9vondavaux-coat_of_arms.svg.png",28.315863792,FALSE,FALSE
10,2041,22.941176471,117,393,39.616858238,517,1305,510,TRUE,"FR","Saint-Aubin FR","Saint-Aubin (FR)","Saint-Aubin FR","Saint-Aubin FR","Saint-Aubin (FR)","Saint-Aubin (FR)","Freiburg","Fribourg","Friburgo","https://thumb.wikimedia.org/wikipedia/commons/thumb/6/62/Saint-Aubin-coat_of_arms.svg/500px-Saint-Aubin-coat_of_arms.svg.png",28.315863792,FALSE,FALSE
10,2043,28.865979381,28,69,46.44549763,98,211,97,TRUE,"FR","Sévaz","Sévaz","Sévaz","Sévaz FR","Sévaz (FR)","Sévaz (FR)","Freiburg","Fribourg","Friburgo","https://thumb.wikimedia.org/wikipedia/commons/thumb/7/77/CHE_S%C3%A9vaz_COA.svg/960px-CHE_S%C3%A9vaz_COA.svg.png",28.315863792,FALSE,FALSE
10,2044,22.049689441,71,251,38.562874251,322,835,322,TRUE,"FR","Surpierre","Surpierre","Surpierre","Surpierre FR","Surpierre (FR)","Surpierre (FR)","Freiburg","Fribourg","Friburgo","https://thumb.wikimedia.org/wikipedia/commons/thumb/b/b4/CHE_Surpierre_COA.svg/500px-CHE_Surpierre_COA.svg.png",28.315863792,FALSE,FALSE
10,2045,22.916666667,33,111,44.744744745,149,333,144,TRUE,"FR","Vallon","Vallon","Vallon","Vallon FR","Vallon (FR)","Vallon (FR)","Freiburg","Fribourg","Friburgo","https://thumb.wikimedia.org/wikipedia/commons/thumb/8/83/CHE_Vallon_COA.svg/500px-CHE_Vallon_COA.svg.png",28.315863792,FALSE,FALSE
10,2050,20.347394541,82,321,39.512195122,405,1025,403,TRUE,"FR","Les Montets","Les Montets","Les Montets","Les Montets FR","Les Montets (FR)","Les Montets (FR)","Freiburg","Fribourg","Friburgo","https://thumb.wikimedia.org/wikipedia/commons/thumb/3/33/CHE_Les_Montets_COA.svg/250px-CHE_Les_Montets_COA.svg.png",28.315863792,FALSE,FALSE
10,2051,23.947368421,91,289,40.18887723,383,953,380,TRUE,"FR","Delley-Portalban","Delley-Portalban","Delley-Portalban","Delley-Portalban FR","Delley-Portalban (FR)","Delley-Portalban (FR)","Freiburg","Fribourg","Friburgo","https://thumb.wikimedia.org/wikipedia/commons/thumb/6/68/CHE_Delley-Portalban_COA.svg/500px-CHE_Delley-Portalban_COA.svg.png",28.315863792,FALSE,FALSE
10,2053,24.231057764,323,1010,38.101943115,1353,3551,1333,TRUE,"FR","Belmont-Broye","Belmont-Broye","Belmont-Broye","Belmont-Broye FR","Belmont-Broye (FR)","Belmont-Broye (FR)","Freiburg","Fribourg","Friburgo","https://thumb.wikimedia.org/wikipedia/commons/thumb/7/7f/CHE_Belmont-Broye_COA.svg/500px-CHE_Belmont-Broye_COA.svg.png",28.315863792,FALSE,FALSE
10,2054,27.640529896,772,2021,41.766533511,2823,6759,2793,TRUE,"FR","Estavayer","Estavayer","Estavayer","Estavayer FR","Estavayer (FR)","Estavayer (FR)","Freiburg","Fribourg","Friburgo","https://thumb.wikimedia.org/wikipedia/commons/thumb/9/94/CHE_Estavayer_COA.svg/250px-CHE_Estavayer_COA.svg.png",28.315863792,FALSE,FALSE
10,2055,28.06122449,220,564,43.598233996,790,1812,784,TRUE,"FR","Cheyres-Châbles","Cheyres-Châbles","Cheyres-Châbles","Cheyres-Châbles FR","Cheyres-Châbles (FR)","Cheyres-Châbles (FR)","Freiburg","Fribourg","Friburgo","https://thumb.wikimedia.org/wikipedia/commons/thumb/b/bc/CHE_Cheyres-Ch%C3%A2bles_COA.svg/250px-CHE_Cheyres-Ch%C3%A2bles_COA.svg.png",28.315863792,FALSE,FALSE
10,2056,18.803418803,88,380,41.585903084,472,1135,468,TRUE,"FR","Fétigny-Ménières","Fétigny-Ménières","Fétigny-Ménières","Fétigny-Ménières FR","Fétigny-Ménières (FR)","Fétigny-Ménières (FR)","Freiburg","Fribourg","Friburgo","https://thumb.wikimedia.org/wikipedia/commons/thumb/6/67/CHE_F%C3%A9tigny-M%C3%A9ni%C3%A8res_COA.svg/500px-CHE_F%C3%A9tigny-M%C3%A9ni%C3%A8res_COA.svg.png",28.315863792,FALSE,FALSE
10,2063,27.5,77,203,41.617647059,283,680,280,TRUE,"FR","Billens-Hennens","Billens-Hennens","Billens-Hennens","Billens-Hennens FR","Billens-Hennens (FR)","Billens-Hennens (FR)","Freiburg","Fribourg","Friburgo","https://thumb.wikimedia.org/wikipedia/commons/thumb/7/70/CHE_Billens-Hennens_COA.svg/250px-CHE_Billens-Hennens_COA.svg.png",28.315863792,FALSE,FALSE
10,2067,12.5,13,91,40.697674419,105,258,104,TRUE,"FR","Le Châtelard","Le Châtelard","Le Châtelard","Le Châtelard FR","Le Châtelard (FR)","Le Châtelard (FR)","Freiburg","Fribourg","Friburgo","https://thumb.wikimedia.org/wikipedia/commons/thumb/d/de/CHE_Le_Ch%C3%A2telard_FR_COA.svg/500px-CHE_Le_Ch%C3%A2telard_FR_COA.svg.png",28.315863792,FALSE,FALSE
10,2068,20.276497696,44,173,39.609236234,223,563,217,TRUE,"FR","Châtonnaye","Châtonnaye","Châtonnaye","Châtonnaye FR","Châtonnaye (FR)","Châtonnaye (FR)","Freiburg","Fribourg","Friburgo","https://thumb.wikimedia.org/wikipedia/commons/thumb/7/72/Ch%C3%A2tonnaye-coat_of_arms.svg/500px-Ch%C3%A2tonnaye-coat_of_arms.svg.png",28.315863792,FALSE,FALSE
10,2079,15.517241379,9,49,44.055944056,63,143,58,TRUE,"FR","Grangettes","Grangettes","Grangettes","Grangettes FR","Grangettes (FR)","Grangettes (FR)","Freiburg","Fribourg","Friburgo","https://thumb.wikimedia.org/wikipedia/commons/thumb/2/29/Grangettes-coat_of_arms.svg/500px-Grangettes-coat_of_arms.svg.png",28.315863792,FALSE,FALSE
10,2086,28.248587571,50,127,45.547073791,179,393,177,TRUE,"FR","Massonnens","Massonnens","Massonnens","Massonnens FR","Massonnens (FR)","Massonnens (FR)","Freiburg","Fribourg","Friburgo","https://thumb.wikimedia.org/wikipedia/commons/thumb/6/68/CHE_Massonnens_COA.svg/500px-CHE_Massonnens_COA.svg.png",28.315863792,FALSE,FALSE
10,2087,21.135646688,67,250,40.664961637,318,782,317,TRUE,"FR","Mézières FR","Mézières (FR)","Mézières FR","Mézières FR","Mézières (FR)","Mézières (FR)","Freiburg","Fribourg","Friburgo","https://thumb.wikimedia.org/wikipedia/commons/thumb/c/c2/M%C3%A9zi%C3%A8res_FR-2004-coat_of_arms.svg/500px-M%C3%A9zi%C3%A8res_FR-2004-coat_of_arms.svg.png",28.315863792,FALSE,FALSE
10,2096,29.826086957,343,807,40.638148668,1159,2852,1150,TRUE,"FR","Romont FR","Romont (FR)","Romont FR","Romont FR","Romont (FR)","Romont (FR)","Freiburg","Fribourg","Friburgo","https://thumb.wikimedia.org/wikipedia/commons/thumb/0/04/CHE_Romont_FR_COA.svg/500px-CHE_Romont_FR_COA.svg.png",28.315863792,FALSE,FALSE
10,2097,26.984126984,221,598,47.022815804,845,1797,819,TRUE,"FR","Rue","Rue","Rue","Rue FR","Rue (FR)","Rue (FR)","Freiburg","Fribourg","Friburgo","https://thumb.wikimedia.org/wikipedia/commons/thumb/9/90/CHE_Rue_COA.svg/500px-CHE_Rue_COA.svg.png",28.315863792,FALSE,FALSE
10,2099,22.182680902,187,656,51.81598063,856,1652,843,TRUE,"FR","Siviriez","Siviriez","Siviriez","Siviriez FR","Siviriez (FR)","Siviriez (FR)","Freiburg","Fribourg","Friburgo","https://thumb.wikimedia.org/wikipedia/commons/thumb/0/0b/CHE_Siviriez_COA.svg/960px-CHE_Siviriez_COA.svg.png",28.315863792,FALSE,FALSE
10,2102,20.904522613,208,787,39.568627451,1009,2550,995,TRUE,"FR","Ursy","Ursy","Ursy","Ursy FR","Ursy (FR)","Ursy (FR)","Freiburg","Fribourg","Friburgo","https://thumb.wikimedia.org/wikipedia/commons/thumb/b/b0/CHE_Ursy_COA.svg/960px-CHE_Ursy_COA.svg.png",28.315863792,FALSE,FALSE
10,2113,15.892053973,106,561,40.571088638,682,1681,667,TRUE,"FR","Vuisternens-devant-Romont","Vuisternens-devant-Romont","Vuisternens-devant-Romont","Vuisternens-devant-Romont FR","Vuisternens-devant-Romont (FR)","Vuisternens-devant-Romont (FR)","Freiburg","Fribourg","Friburgo","https://thumb.wikimedia.org/wikipedia/commons/thumb/2/22/CHE_Vuisternens-devant-Romont_COA.svg/250px-CHE_Vuisternens-devant-Romont_COA.svg.png",28.315863792,FALSE,FALSE
10,2114,24.276169265,109,340,41.461187215,454,1095,449,TRUE,"FR","Villorsonnens","Villorsonnens","Villorsonnens","Villorsonnens FR","Villorsonnens (FR)","Villorsonnens (FR)","Freiburg","Fribourg","Friburgo","https://thumb.wikimedia.org/wikipedia/commons/thumb/9/92/CHE_Villorsonnens_COA.svg/500px-CHE_Villorsonnens_COA.svg.png",28.315863792,FALSE,FALSE
10,2115,20.634920635,65,250,42.056074766,315,749,315,TRUE,"FR","Torny","Torny","Torny","Torny FR","Torny (FR)","Torny (FR)","Freiburg","Fribourg","Friburgo","https://thumb.wikimedia.org/wikipedia/commons/thumb/c/c6/Torny-coat_of_arms.svg/500px-Torny-coat_of_arms.svg.png",28.315863792,FALSE,FALSE
10,2117,18.879056047,128,550,45.1171875,693,1536,678,TRUE,"FR","Villaz","Villaz","Villaz","Villaz FR","Villaz (FR)","Villaz (FR)","Freiburg","Fribourg","Friburgo","https://thumb.wikimedia.org/wikipedia/commons/thumb/1/11/CHE_Villaz_FR_COA.svg/500px-CHE_Villaz_FR_COA.svg.png",28.315863792,FALSE,FALSE
10,2121,23.943661972,102,324,38.99543379,427,1095,426,TRUE,"FR","Haut-Intyamon","Haut-Intyamon","Haut-Intyamon","Haut-Intyamon FR","Haut-Intyamon (FR)","Haut-Intyamon (FR)","Freiburg","Fribourg","Friburgo","https://thumb.wikimedia.org/wikipedia/commons/thumb/8/8c/Haut-Intyamon-coat_of_arms.svg/500px-Haut-Intyamon-coat_of_arms.svg.png",28.315863792,FALSE,FALSE
10,2122,26.15658363,147,415,41.074020319,566,1378,562,TRUE,"FR","Pont-en-Ogoz","Pont-en-Ogoz","Pont-en-Ogoz","Pont-en-Ogoz FR","Pont-en-Ogoz (FR)","Pont-en-Ogoz (FR)","Freiburg","Fribourg","Friburgo","https://thumb.wikimedia.org/wikipedia/commons/thumb/b/bf/Blason_ville_ch_Pont-en-Ogoz.svg/960px-Blason_ville_ch_Pont-en-Ogoz.svg.png",28.315863792,FALSE,FALSE
10,2123,24.637681159,51,156,44.234800839,211,477,207,TRUE,"FR","Botterens","Botterens","Botterens","Botterens FR","Botterens (FR)","Botterens (FR)","Freiburg","Fribourg","Friburgo","https://thumb.wikimedia.org/wikipedia/commons/thumb/1/17/CHE_Botterens_COA.svg/960px-CHE_Botterens_COA.svg.png",28.315863792,FALSE,FALSE
10,2124,24.038461538,150,474,41.180285344,635,1542,624,TRUE,"FR","Broc","Broc","Broc","Broc FR","Broc (FR)","Broc (FR)","Freiburg","Fribourg","Friburgo","https://thumb.wikimedia.org/wikipedia/commons/thumb/c/c5/CHE_Broc_COA.svg/500px-CHE_Broc_COA.svg.png",28.315863792,FALSE,FALSE
10,2125,31.317728652,1445,3169,36.961001902,4663,12616,4614,TRUE,"FR","Bulle","Bulle","Bulle","Bulle FR","Bulle (FR)","Bulle (FR)","Freiburg","Fribourg","Friburgo","https://thumb.wikimedia.org/wikipedia/commons/thumb/c/c0/CHE_Bulle_COA.svg/500px-CHE_Bulle_COA.svg.png",28.315863792,FALSE,FALSE
10,2128,28.205128205,33,84,53.21888412,124,233,117,TRUE,"FR","Châtel-sur-Montsalvens","Châtel-sur-Montsalvens","Châtel-sur-Montsalvens","Châtel-sur-Montsalvens FR","Châtel-sur-Montsalvens (FR)","Châtel-sur-Montsalvens (FR)","Freiburg","Fribourg","Friburgo","https://thumb.wikimedia.org/wikipedia/commons/thumb/2/2f/CHE_Ch%C3%A2tel-sur-Montsalvens_COA.svg/500px-CHE_Ch%C3%A2tel-sur-Montsalvens_COA.svg.png",28.315863792,FALSE,FALSE
10,2129,30.81570997,102,229,46.976090014,334,711,331,TRUE,"FR","Corbières","Corbières","Corbières","Corbières FR","Corbières (FR)","Corbières (FR)","Freiburg","Fribourg","Friburgo","https://thumb.wikimedia.org/wikipedia/commons/thumb/d/d9/CHE_Corbi%C3%A8res_COA.svg/960px-CHE_Corbi%C3%A8res_COA.svg.png",28.315863792,FALSE,FALSE
10,2130,30.409356725,52,119,52.293577982,171,327,171,TRUE,"FR","Crésuz","Crésuz","Crésuz","Crésuz FR","Crésuz (FR)","Crésuz (FR)","Freiburg","Fribourg","Friburgo","https://thumb.wikimedia.org/wikipedia/commons/thumb/1/12/Cr%C3%A9suz-coat_of_arms.svg/500px-Cr%C3%A9suz-coat_of_arms.svg.png",28.315863792,FALSE,FALSE
10,2131,27.843137255,71,184,44.539249147,261,586,255,TRUE,"FR","Echarlens","Echarlens","Echarlens","Echarlens FR","Echarlens (FR)","Echarlens (FR)","Freiburg","Fribourg","Friburgo","https://thumb.wikimedia.org/wikipedia/commons/thumb/f/f9/CHE_Echarlens_COA.svg/960px-CHE_Echarlens_COA.svg.png",28.315863792,FALSE,FALSE
10,2134,28.148148148,76,194,45.819397993,274,598,270,TRUE,"FR","Grandvillard","Grandvillard","Grandvillard","Grandvillard FR","Grandvillard (FR)","Grandvillard (FR)","Freiburg","Fribourg","Friburgo","https://thumb.wikimedia.org/wikipedia/commons/thumb/4/47/Grandvillard-coat_of_arms.svg/500px-Grandvillard-coat_of_arms.svg.png",28.315863792,FALSE,FALSE
10,2135,27.911275416,151,390,39.145907473,550,1405,541,TRUE,"FR","Greyerz","Gruyères","Gruyères","Greyerz FR","Gruyères (FR)","Gruyères (FR)","Freiburg","Fribourg","Friburgo","https://thumb.wikimedia.org/wikipedia/commons/thumb/5/52/CHE_Gruy%C3%A8res_COA.svg/500px-CHE_Gruy%C3%A8res_COA.svg.png",28.315863792,FALSE,FALSE
10,2137,23.80952381,50,160,43.866943867,211,481,210,TRUE,"FR","Hauteville","Hauteville","Hauteville","Hauteville FR","Hauteville (FR)","Hauteville (FR)","Freiburg","Fribourg","Friburgo","https://thumb.wikimedia.org/wikipedia/commons/thumb/d/d2/Hauteville-coat_of_arms.svg/500px-Hauteville-coat_of_arms.svg.png",28.315863792,FALSE,FALSE
10,2138,9.71659919,24,223,49.6,248,500,247,TRUE,"FR","Jaun","Bellegarde","Bellegarde","Jaun FR","Bellegarde (FR)","Bellegarde (FR)","Freiburg","Fribourg","Friburgo","https://thumb.wikimedia.org/wikipedia/commons/thumb/5/55/Wappen_Jaun.svg/500px-Wappen_Jaun.svg.png",28.315863792,FALSE,FALSE
10,2140,26.666666667,152,418,41.97080292,575,1370,570,TRUE,"FR","Marsens","Marsens","Marsens","Marsens FR","Marsens (FR)","Marsens (FR)","Freiburg","Fribourg","Friburgo","https://thumb.wikimedia.org/wikipedia/commons/thumb/9/94/CHE_Marsens_COA.svg/250px-CHE_Marsens_COA.svg.png",28.315863792,FALSE,FALSE
10,2143,31.060606061,82,182,47.576301616,265,557,264,TRUE,"FR","Morlon","Morlon","Morlon","Morlon FR","Morlon (FR)","Morlon (FR)","Freiburg","Fribourg","Friburgo","https://thumb.wikimedia.org/wikipedia/commons/thumb/0/00/Morlon-coat_of_arms.svg/500px-Morlon-coat_of_arms.svg.png",28.315863792,FALSE,FALSE
10,2145,26.806526807,115,314,48.22616408,435,902,429,TRUE,"FR","Le Pâquier FR","Le Pâquier (FR)","Le Pâquier FR","Le Pâquier FR","Le Pâquier (FR)","Le Pâquier (FR)","Freiburg","Fribourg","Friburgo","https://thumb.wikimedia.org/wikipedia/commons/thumb/c/c7/CHE_Le_P%C3%A2quier_COA.svg/500px-CHE_Le_P%C3%A2quier_COA.svg.png",28.315863792,FALSE,FALSE
10,2147,13.679245283,29,183,45.628997868,214,469,212,TRUE,"FR","Pont-la-Ville","Pont-la-Ville","Pont-la-Ville","Pont-la-Ville FR","Pont-la-Ville (FR)","Pont-la-Ville (FR)","Freiburg","Fribourg","Friburgo","https://thumb.wikimedia.org/wikipedia/commons/thumb/0/01/Wappen_Freiburg_matt.svg/500px-Wappen_Freiburg_matt.svg.png",28.315863792,FALSE,FALSE
10,2148,23.246217331,169,558,39.2,735,1875,727,TRUE,"FR","Riaz","Riaz","Riaz","Riaz FR","Riaz (FR)","Riaz (FR)","Freiburg","Fribourg","Friburgo","https://thumb.wikimedia.org/wikipedia/commons/thumb/f/f6/Riaz-coat_of_arms.svg/500px-Riaz-coat_of_arms.svg.png",28.315863792,FALSE,FALSE
10,2149,18.987341772,105,448,41.747572816,559,1339,553,TRUE,"FR","La Roche","La Roche","La Roche","La Roche FR","La Roche (FR)","La Roche (FR)","Freiburg","Fribourg","Friburgo","https://thumb.wikimedia.org/wikipedia/commons/thumb/e/ef/La_Roche-coat_of_arms.svg/500px-La_Roche-coat_of_arms.svg.png",28.315863792,FALSE,FALSE
10,2152,24.888888889,112,338,44.752475248,452,1010,450,TRUE,"FR","Sâles","Sâles","Sâles","Sâles FR","Sâles (FR)","Sâles (FR)","Freiburg","Fribourg","Friburgo","https://upload.wikimedia.org/wikipedia/commons/3/39/S%C3%A2les_Blason.png",28.315863792,FALSE,FALSE
10,2153,28.828828829,96,237,41.697877653,334,801,333,TRUE,"FR","Sorens","Sorens","Sorens","Sorens FR","Sorens (FR)","Sorens (FR)","Freiburg","Fribourg","Friburgo","https://thumb.wikimedia.org/wikipedia/commons/thumb/8/8e/Sorens-coat_of_arms.svg/500px-Sorens-coat_of_arms.svg.png",28.315863792,FALSE,FALSE
10,2155,22.75862069,66,224,36.975857687,291,787,290,TRUE,"FR","Vaulruz","Vaulruz","Vaulruz","Vaulruz FR","Vaulruz (FR)","Vaulruz (FR)","Freiburg","Fribourg","Friburgo","https://thumb.wikimedia.org/wikipedia/commons/thumb/a/ab/Vaulruz-coat_of_arms.svg/500px-Vaulruz-coat_of_arms.svg.png",28.315863792,FALSE,FALSE
10,2160,23.179791976,156,517,41.529051988,679,1635,673,TRUE,"FR","Vuadens","Vuadens","Vuadens","Vuadens FR","Vuadens (FR)","Vuadens (FR)","Freiburg","Fribourg","Friburgo","https://thumb.wikimedia.org/wikipedia/commons/thumb/0/0a/Vuadens-coat_of_arms.svg/500px-Vuadens-coat_of_arms.svg.png",28.315863792,FALSE,FALSE
10,2162,26.98019802,109,295,37.998146432,410,1079,404,TRUE,"FR","Bas-Intyamon","Bas-Intyamon","Bas-Intyamon","Bas-Intyamon FR","Bas-Intyamon (FR)","Bas-Intyamon (FR)","Freiburg","Fribourg","Friburgo","https://thumb.wikimedia.org/wikipedia/commons/thumb/1/14/CHE_Bas-Intyamon_COA.svg/500px-CHE_Bas-Intyamon_COA.svg.png",28.315863792,FALSE,FALSE
10,2163,23.873325213,196,625,43.888303477,833,1898,821,TRUE,"FR","Val-de-Charmey","Val-de-Charmey","Val-de-Charmey","Val-de-Charmey FR","Val-de-Charmey (FR)","Val-de-Charmey (FR)","Freiburg","Fribourg","Friburgo","https://upload.wikimedia.org/wikipedia/commons/5/52/Val-de-Charmey_Blason.png",28.315863792,FALSE,FALSE
10,2173,24.166666667,58,182,43.738656987,241,551,240,TRUE,"FR","Autigny","Autigny","Autigny","Autigny FR","Autigny (FR)","Autigny (FR)","Freiburg","Fribourg","Friburgo","https://thumb.wikimedia.org/wikipedia/commons/thumb/a/ad/CHE_Autigny_COA.svg/960px-CHE_Autigny_COA.svg.png",28.315863792,FALSE,FALSE
10,2174,28.042328042,159,408,44.247104247,573,1295,567,TRUE,"FR","Avry","Avry","Avry","Avry FR","Avry (FR)","Avry (FR)","Freiburg","Fribourg","Friburgo","https://thumb.wikimedia.org/wikipedia/commons/thumb/1/11/CHE_Avry_COA.svg/500px-CHE_Avry_COA.svg.png",28.315863792,FALSE,FALSE
10,2175,30.188679245,240,555,43.327930848,802,1851,795,TRUE,"FR","Belfaux","Belfaux","Belfaux","Belfaux FR","Belfaux (FR)","Belfaux (FR)","Freiburg","Fribourg","Friburgo","https://thumb.wikimedia.org/wikipedia/commons/thumb/b/b2/CHE_Belfaux_COA.svg/500px-CHE_Belfaux_COA.svg.png",28.315863792,FALSE,FALSE
10,2177,25.229357798,55,163,39.530685921,219,554,218,TRUE,"FR","Chénens","Chénens","Chénens","Chénens FR","Chénens (FR)","Chénens (FR)","Freiburg","Fribourg","Friburgo","https://thumb.wikimedia.org/wikipedia/commons/thumb/e/e2/CHE_Ch%C3%A9nens_COA.svg/960px-CHE_Ch%C3%A9nens_COA.svg.png",28.315863792,FALSE,FALSE
10,2183,28.444444444,256,644,44.873699851,906,2019,900,TRUE,"FR","Corminboeuf","Corminboeuf","Corminboeuf","Corminboeuf FR","Corminboeuf (FR)","Corminboeuf (FR)","Freiburg","Fribourg","Friburgo","https://thumb.wikimedia.org/wikipedia/commons/thumb/0/0f/CHE_Corminboeuf_COA.svg/500px-CHE_Corminboeuf_COA.svg.png",28.315863792,FALSE,FALSE
10,2186,21.232876712,93,345,43.924302789,441,1004,438,TRUE,"FR","Cottens FR","Cottens (FR)","Cottens FR","Cottens FR","Cottens (FR)","Cottens (FR)","Freiburg","Fribourg","Friburgo","https://thumb.wikimedia.org/wikipedia/commons/thumb/f/fd/CHE_Cottens_FR_COA.svg/960px-CHE_Cottens_FR_COA.svg.png",28.315863792,FALSE,FALSE
10,2194,15.492957746,11,60,44.099378882,71,161,71,TRUE,"FR","Ferpicloz","Ferpicloz","Ferpicloz","Ferpicloz FR","Ferpicloz (FR)","Ferpicloz (FR)","Freiburg","Fribourg","Friburgo","https://thumb.wikimedia.org/wikipedia/commons/thumb/1/1b/Ferpicloz-coat_of_arms.svg/500px-Ferpicloz-coat_of_arms.svg.png",28.315863792,FALSE,FALSE
10,2196,44.601262192,3887,4828,44.453920634,8861,19933,8715,TRUE,"FR","Freiburg","Fribourg","Friburgo","Freiburg FR","Fribourg (FR)","Friburgo (FR)","Freiburg","Fribourg","Friburgo","https://thumb.wikimedia.org/wikipedia/commons/thumb/3/34/CHE_District_de_la_Sarine_COA.svg/500px-CHE_District_de_la_Sarine_COA.svg.png",28.315863792,FALSE,FALSE
10,2197,30.243902439,186,429,40.090380891,621,1549,615,TRUE,"FR","Givisiez","Givisiez","Givisiez","Givisiez FR","Givisiez (FR)","Givisiez (FR)","Freiburg","Fribourg","Friburgo","https://thumb.wikimedia.org/wikipedia/commons/thumb/4/47/CHE_Givisiez_COA.svg/500px-CHE_Givisiez_COA.svg.png",28.315863792,FALSE,FALSE
10,2198,30.858806405,212,475,35.911885246,701,1952,687,TRUE,"FR","Granges-Paccot","Granges-Paccot","Granges-Paccot","Granges-Paccot FR","Granges-Paccot (FR)","Granges-Paccot (FR)","Freiburg","Fribourg","Friburgo","https://thumb.wikimedia.org/wikipedia/commons/thumb/0/01/Granges-Paccot-coat_of_arms.svg/500px-Granges-Paccot-coat_of_arms.svg.png",28.315863792,FALSE,FALSE
10,2206,35.900621118,867,1548,44.217564149,2447,5534,2415,TRUE,"FR","Marly","Marly","Marly","Marly FR","Marly (FR)","Marly (FR)","Freiburg","Fribourg","Friburgo","https://thumb.wikimedia.org/wikipedia/commons/thumb/1/14/CHE_Marly_FR_COA.svg/960px-CHE_Marly_FR_COA.svg.png",28.315863792,FALSE,FALSE
10,2208,27.34082397,146,388,41.194486983,538,1306,534,TRUE,"FR","Matran","Matran","Matran","Matran FR","Matran (FR)","Matran (FR)","Freiburg","Fribourg","Friburgo","https://thumb.wikimedia.org/wikipedia/commons/thumb/d/d0/CHE_Matran_COA.svg/500px-CHE_Matran_COA.svg.png",28.315863792,FALSE,FALSE
10,2211,29.032258065,225,550,44.063027575,783,1777,775,TRUE,"FR","Neyruz FR","Neyruz (FR)","Neyruz FR","Neyruz FR","Neyruz (FR)","Neyruz (FR)","Freiburg","Fribourg","Friburgo","https://thumb.wikimedia.org/wikipedia/commons/thumb/9/9a/Neyruz-coat_of_arms.svg/500px-Neyruz-coat_of_arms.svg.png",28.315863792,FALSE,FALSE
10,2216,33.333333333,20,40,58.823529412,60,102,60,TRUE,"FR","Pierrafortscha","Pierrafortscha","Pierrafortscha","Pierrafortscha FR","Pierrafortscha (FR)","Pierrafortscha (FR)","Freiburg","Fribourg","Friburgo","https://thumb.wikimedia.org/wikipedia/commons/thumb/9/9b/Pierrafortscha-coat_of_arms.svg/500px-Pierrafortscha-coat_of_arms.svg.png",28.315863792,FALSE,FALSE
10,2220,26.411290323,262,730,45.610859729,1008,2210,992,TRUE,"FR","Le Mouret","Le Mouret","Le Mouret","Le Mouret FR","Le Mouret (FR)","Le Mouret (FR)","Freiburg","Fribourg","Friburgo","https://upload.wikimedia.org/wikipedia/commons/c/ce/GW-FR-Le-Mouret.png",28.315863792,FALSE,FALSE
10,2226,23.316912972,142,467,53.839364519,610,1133,609,TRUE,"FR","Treyvaux","Treyvaux","Treyvaux","Treyvaux FR","Treyvaux (FR)","Treyvaux (FR)","Freiburg","Fribourg","Friburgo","https://thumb.wikimedia.org/wikipedia/commons/thumb/0/0a/Treyvaux-coat_of_arms.svg/500px-Treyvaux-coat_of_arms.svg.png",28.315863792,FALSE,FALSE
10,2228,36.44039176,1079,1882,44.485786575,2989,6719,2961,TRUE,"FR","Villars-sur-Glâne","Villars-sur-Glâne","Villars-sur-Glâne","Villars-sur-Glâne FR","Villars-sur-Glâne (FR)","Villars-sur-Glâne (FR)","Freiburg","Fribourg","Friburgo","https://thumb.wikimedia.org/wikipedia/commons/thumb/f/f6/CHE_Villars-sur-Gl%C3%A2ne_COA.svg/500px-CHE_Villars-sur-Gl%C3%A2ne_COA.svg.png",28.315863792,FALSE,FALSE
10,2230,16.666666667,5,25,66.666666667,30,45,30,TRUE,"FR","Villarsel-sur-Marly","Villarsel-sur-Marly","Villarsel-sur-Marly","Villarsel-sur-Marly FR","Villarsel-sur-Marly (FR)","Villarsel-sur-Marly (FR)","Freiburg","Fribourg","Friburgo","https://thumb.wikimedia.org/wikipedia/commons/thumb/2/24/Villarsel-sur-Marly-coat_of_arms.svg/500px-Villarsel-sur-Marly-coat_of_arms.svg.png",28.315863792,FALSE,FALSE
10,2233,27.310344828,198,527,41.554054054,738,1776,725,TRUE,"FR","Hauterive FR","Hauterive (FR)","Hauterive FR","Hauterive FR","Hauterive (FR)","Hauterive (FR)","Freiburg","Fribourg","Friburgo","https://thumb.wikimedia.org/wikipedia/commons/thumb/b/b2/Hauterive-FR-coat_of_arms.svg/500px-Hauterive-FR-coat_of_arms.svg.png",28.315863792,FALSE,FALSE
10,2234,22.018348624,144,510,43.223684211,657,1520,654,TRUE,"FR","La Brillaz","La Brillaz","La Brillaz","La Brillaz FR","La Brillaz (FR)","La Brillaz (FR)","Freiburg","Fribourg","Friburgo","https://thumb.wikimedia.org/wikipedia/commons/thumb/3/30/CHE_La_Brillaz_COA.svg/960px-CHE_La_Brillaz_COA.svg.png",28.315863792,FALSE,FALSE
10,2235,31.842105263,121,259,38.422649141,380,989,380,TRUE,"FR","La Sonnaz","La Sonnaz","La Sonnaz","La Sonnaz FR","La Sonnaz (FR)","La Sonnaz (FR)","Freiburg","Fribourg","Friburgo","https://thumb.wikimedia.org/wikipedia/commons/thumb/e/e1/La_Sonnaz-coat_of_arms.svg/500px-La_Sonnaz-coat_of_arms.svg.png",28.315863792,FALSE,FALSE
10,2236,27.748460862,631,1643,41.360129194,2305,5573,2274,TRUE,"FR","Gibloux","Gibloux","Gibloux","Gibloux FR","Gibloux (FR)","Gibloux (FR)","Freiburg","Fribourg","Friburgo","https://thumb.wikimedia.org/wikipedia/commons/thumb/5/56/CHE_Gibloux_COA.svg/500px-CHE_Gibloux_COA.svg.png",28.315863792,FALSE,FALSE
10,2237,24.960505529,158,475,39.540657976,637,1611,633,TRUE,"FR","Prez","Prez","Prez","Prez FR","Prez (FR)","Prez (FR)","Freiburg","Fribourg","Friburgo","https://thumb.wikimedia.org/wikipedia/commons/thumb/a/a1/CHE_Prez_COA.svg/500px-CHE_Prez_COA.svg.png",28.315863792,FALSE,FALSE
10,2238,29.127516779,217,528,47.785402371,766,1603,745,TRUE,"FR","Bois-d'Amont","Bois-d'Amont","Bois-d'Amont","Bois-d'Amont FR","Bois-d'Amont (FR)","Bois-d'Amont (((FR)))","Freiburg","Fribourg","Friburgo","https://thumb.wikimedia.org/wikipedia/commons/thumb/5/55/Bois-d%E2%80%99Amont-blazon.svg/250px-Bois-d%E2%80%99Amont-blazon.svg.png",28.315863792,FALSE,FALSE
10,2239,24.320652174,179,557,41.095890411,750,1825,736,TRUE,"FR","Grolley-Ponthaux","Grolley-Ponthaux","Grolley-Ponthaux","Grolley-Ponthaux FR","Grolley-Ponthaux (FR)","Grolley-Ponthaux (FR)","Freiburg","Fribourg","Friburgo","https://thumb.wikimedia.org/wikipedia/commons/thumb/9/97/CHE_Grolley-Ponthaux_COA.svg/960px-CHE_Grolley-Ponthaux_COA.svg.png",28.315863792,FALSE,FALSE
10,2250,23.404255319,88,288,44.823529412,381,850,376,TRUE,"FR","Gurwolf","Courgevaux","Courgevaux","Gurwolf FR","Courgevaux (FR)","Courgevaux (FR)","Freiburg","Fribourg","Friburgo","https://thumb.wikimedia.org/wikipedia/commons/thumb/e/e5/CHE_Courgevaux_FR_COA.svg/500px-CHE_Courgevaux_FR_COA.svg.png",28.315863792,FALSE,FALSE
10,2254,28.341384863,352,890,44.159042928,1255,2842,1242,TRUE,"FR","Courtepin","Courtepin","Courtepin","Courtepin FR","Courtepin (FR)","Courtepin (FR)","Freiburg","Fribourg","Friburgo","https://thumb.wikimedia.org/wikipedia/commons/thumb/f/f1/Courtepin2-coat_of_arms.svg/960px-Courtepin2-coat_of_arms.svg.png",28.315863792,FALSE,FALSE
10,2257,29.532163743,101,241,52.526799387,343,653,342,TRUE,"FR","Cressier FR","Cressier (FR)","Cressier FR","Cressier FR","Cressier (FR)","Cressier (FR)","Freiburg","Fribourg","Friburgo","https://thumb.wikimedia.org/wikipedia/commons/thumb/1/17/CHE_Cressier_FR_COA.svg/500px-CHE_Cressier_FR_COA.svg.png",28.315863792,FALSE,FALSE
10,2258,25.581395349,44,128,50,175,350,172,TRUE,"FR","Fräschels","Fräschels","Fräschels","Fräschels FR","Fräschels (FR)","Fräschels (FR)","Freiburg","Fribourg","Friburgo","https://thumb.wikimedia.org/wikipedia/commons/thumb/7/74/CHE_Fr%C3%A4schels_COA.svg/500px-CHE_Fr%C3%A4schels_COA.svg.png",28.315863792,FALSE,FALSE
10,2261,20.481927711,17,66,63.846153846,83,130,83,TRUE,"FR","Greng","Greng","Greng","Greng FR","Greng (FR)","Greng (FR)","Freiburg","Fribourg","Friburgo","https://thumb.wikimedia.org/wikipedia/commons/thumb/4/4e/Wappen_Greng.svg/500px-Wappen_Greng.svg.png",28.315863792,FALSE,FALSE
10,2262,20.205920206,314,1240,43.217054264,1561,3612,1554,TRUE,"FR","Gurmels","Cormondes","Cormondes","Gurmels FR","Cormondes (FR)","Cormondes (FR)","Freiburg","Fribourg","Friburgo","https://thumb.wikimedia.org/wikipedia/commons/thumb/1/16/Gurmels-coat_of_arms.svg/500px-Gurmels-coat_of_arms.svg.png",28.315863792,FALSE,FALSE
10,2265,24.517087667,330,1016,43.139127666,1355,3141,1346,TRUE,"FR","Kerzers","Chiètres (FR)","Chiètres","Kerzers FR","Chiètres (FR)","Chiètres (FR)","Freiburg","Fribourg","Friburgo","https://thumb.wikimedia.org/wikipedia/commons/thumb/6/62/CHE_Kerzers_COA.svg/960px-CHE_Kerzers_COA.svg.png",28.315863792,FALSE,FALSE
10,2266,21.960784314,56,199,48.956356736,258,527,255,TRUE,"FR","Kleinbösingen","Kleinbösingen","Kleinbösingen","Kleinbösingen FR","Kleinbösingen (FR)","Kleinbösingen (FR)","Freiburg","Fribourg","Friburgo","https://thumb.wikimedia.org/wikipedia/commons/thumb/1/1f/Kleinb%C3%B6singen-coat_of_arms.svg/500px-Kleinb%C3%B6singen-coat_of_arms.svg.png",28.315863792,FALSE,FALSE
10,2271,25.31120332,61,180,56.018518519,242,432,241,TRUE,"FR","Merlach","Meyriez","Meyriez","Merlach FR","Meyriez (FR)","Meyriez (FR)","Freiburg","Fribourg","Friburgo","https://thumb.wikimedia.org/wikipedia/commons/thumb/4/40/CHE_Meyriez_COA.svg/960px-CHE_Meyriez_COA.svg.png",28.315863792,FALSE,FALSE
10,2272,24.545454545,108,332,35.610932476,443,1244,440,TRUE,"FR","Misery-Courtion","Misery-Courtion","Misery-Courtion","Misery-Courtion FR","Misery-Courtion (FR)","Misery-Courtion (FR)","Freiburg","Fribourg","Friburgo","https://thumb.wikimedia.org/wikipedia/commons/thumb/d/d1/Misery-Courtion-coat_of_arms.svg/500px-Misery-Courtion-coat_of_arms.svg.png",28.315863792,FALSE,FALSE
10,2274,25.393258427,113,332,57.052096569,449,787,445,TRUE,"FR","Muntelier","Montilier","Montilier","Muntelier FR","Montilier (FR)","Montilier (FR)","Freiburg","Fribourg","Friburgo","https://thumb.wikimedia.org/wikipedia/commons/thumb/9/9c/Muntelier-coat_of_arms.svg/500px-Muntelier-coat_of_arms.svg.png",28.315863792,FALSE,FALSE
10,2275,25.316455696,740,2183,46.729120356,2943,6298,2923,TRUE,"FR","Murten","Morat","Morat","Murten FR","Morat (FR)","Morat (FR)","Freiburg","Fribourg","Friburgo","https://thumb.wikimedia.org/wikipedia/commons/thumb/e/e9/CHE_Murten_FR_COA.svg/500px-CHE_Murten_FR_COA.svg.png",28.315863792,FALSE,FALSE
10,2276,20.086393089,93,370,52.673492605,463,879,463,TRUE,"FR","Ried bei Kerzers","Ried bei Kerzers","Ried bei Kerzers","Ried bei Kerzers FR","Ried bei Kerzers (FR)","Ried bei Kerzers (FR)","Freiburg","Fribourg","Friburgo","https://thumb.wikimedia.org/wikipedia/commons/thumb/1/17/CHE_Ried_bei_Kerzers_COA.svg/500px-CHE_Ried_bei_Kerzers_COA.svg.png",28.315863792,FALSE,FALSE
10,2284,27.541456381,382,1005,44.681528662,1403,3140,1387,TRUE,"FR","Mont-Vully","Mont-Vully","Mont-Vully","Mont-Vully FR","Mont-Vully (FR)","Mont-Vully (FR)","Freiburg","Fribourg","Friburgo","https://thumb.wikimedia.org/wikipedia/commons/thumb/f/fd/CHE_Mont-Vully_COA.svg/500px-CHE_Mont-Vully_COA.svg.png",28.315863792,FALSE,FALSE
10,2292,16.444444444,37,188,40.834845735,225,551,225,TRUE,"FR","Brünisried","Brünisried","Brünisried","Brünisried FR","Brünisried (FR)","Brünisried (FR)","Freiburg","Fribourg","Friburgo","https://thumb.wikimedia.org/wikipedia/commons/thumb/5/54/CHE_Br%C3%BCnisried_COA.svg/960px-CHE_Br%C3%BCnisried_COA.svg.png",28.315863792,FALSE,FALSE
10,2293,25.174568173,685,2036,43.554169914,2794,6415,2721,TRUE,"FR","Düdingen","Guin","Guin","Düdingen FR","Guin (FR)","Guin (FR)","Freiburg","Fribourg","Friburgo","https://thumb.wikimedia.org/wikipedia/commons/thumb/8/8f/CHE_D%C3%BCdingen_COA.svg/960px-CHE_D%C3%BCdingen_COA.svg.png",28.315863792,FALSE,FALSE
10,2294,24.945295405,114,343,37.672904801,463,1229,457,TRUE,"FR","Giffers","Chevrilles","Chevrilles","Giffers FR","Chevrilles (FR)","Chevrilles (FR)","Freiburg","Fribourg","Friburgo","https://thumb.wikimedia.org/wikipedia/commons/thumb/c/ca/CHE_Giffers_COA_Var.svg/500px-CHE_Giffers_COA_Var.svg.png",28.315863792,FALSE,FALSE
10,2295,17.838765009,208,958,47.677261614,1170,2454,1166,TRUE,"FR","Bösingen","Bösingen","Bösingen","Bösingen FR","Bösingen (FR)","Bösingen (FR)","Freiburg","Fribourg","Friburgo","https://thumb.wikimedia.org/wikipedia/commons/thumb/f/fc/CHE_B%C3%B6singen_COA.svg/960px-CHE_B%C3%B6singen_COA.svg.png",28.315863792,FALSE,FALSE
10,2296,21.443298969,104,381,45.176252319,487,1078,485,TRUE,"FR","Heitenried","Heitenried","Heitenried","Heitenried FR","Heitenried (FR)","Heitenried (FR)","Freiburg","Fribourg","Friburgo","https://thumb.wikimedia.org/wikipedia/commons/thumb/d/d4/CHE_Heitenried_COA.svg/500px-CHE_Heitenried_COA.svg.png",28.315863792,FALSE,FALSE
10,2299,25.462962963,275,805,38.125440451,1082,2838,1080,TRUE,"FR","Plaffeien","Planfayon","Planfayon","Plaffeien FR","Planfayon (FR)","Planfayon (FR)","Freiburg","Fribourg","Friburgo","https://thumb.wikimedia.org/wikipedia/commons/thumb/5/55/CHE_Plaffeien_COA.svg/250px-CHE_Plaffeien_COA.svg.png",28.315863792,FALSE,FALSE
10,2300,26.785714286,90,246,39.858490566,338,848,336,TRUE,"FR","Plasselb","Plasselb","Plasselb","Plasselb FR","Plasselb (FR)","Plasselb (FR)","Freiburg","Fribourg","Friburgo","https://thumb.wikimedia.org/wikipedia/commons/thumb/a/aa/CHE_Plasselb_COA_02.svg/500px-CHE_Plasselb_COA_02.svg.png",28.315863792,FALSE,FALSE
10,2301,22.631578947,86,294,41.739130435,384,920,380,TRUE,"FR","Rechthalten","Dirlaret","Dirlaret","Rechthalten FR","Dirlaret (FR)","Dirlaret (FR)","Freiburg","Fribourg","Friburgo","https://thumb.wikimedia.org/wikipedia/commons/thumb/b/b4/CHE_Rechthalten_COA.svg/960px-CHE_Rechthalten_COA.svg.png",28.315863792,FALSE,FALSE
10,2303,24.025974026,74,234,38.480697385,309,803,308,TRUE,"FR","St. Silvester","Saint-Silvestre","Saint-Silvestre","St. Silvester FR","Saint-Silvestre (FR)","Saint-Silvestre (FR)","Freiburg","Fribourg","Friburgo","https://thumb.wikimedia.org/wikipedia/commons/thumb/a/a7/St._Silvester-coat_of_arms.svg/500px-St._Silvester-coat_of_arms.svg.png",28.315863792,FALSE,FALSE
10,2304,24.886877828,110,332,44.091360477,444,1007,442,TRUE,"FR","St. Ursen","Saint-Ours","Saint-Ours","St. Ursen FR","Saint-Ours (FR)","Saint-Ours (FR)","Freiburg","Fribourg","Friburgo","https://thumb.wikimedia.org/wikipedia/commons/thumb/9/94/St._Ursen-coat_of_arms.svg/500px-St._Ursen-coat_of_arms.svg.png",28.315863792,FALSE,FALSE
10,2305,25.669957687,364,1054,46.49951156,1428,3071,1418,TRUE,"FR","Schmitten FR","Schmitten (FR)","Schmitten FR","Schmitten FR","Schmitten (FR)","Schmitten (FR)","Freiburg","Fribourg","Friburgo","https://thumb.wikimedia.org/wikipedia/commons/thumb/4/4d/CHE_Schmitten_FR_COA.svg/500px-CHE_Schmitten_FR_COA.svg.png",28.315863792,FALSE,FALSE
10,2306,26.473063973,629,1747,41.970546985,2394,5704,2376,TRUE,"FR","Tafers","Tavel","Tavel","Tafers FR","Tavel (FR)","Tavel (FR)","Freiburg","Fribourg","Friburgo","https://thumb.wikimedia.org/wikipedia/commons/thumb/1/16/CHE_Tafers_COA.svg/500px-CHE_Tafers_COA.svg.png",28.315863792,FALSE,FALSE
10,2307,22.4,84,291,38.522954092,386,1002,375,TRUE,"FR","Tentlingen","Tinterin","Tinterin","Tentlingen FR","Tinterin (FR)","Tinterin (FR)","Freiburg","Fribourg","Friburgo","https://thumb.wikimedia.org/wikipedia/commons/thumb/2/28/Tentlingen-coat_of_arms.svg/500px-Tentlingen-coat_of_arms.svg.png",28.315863792,FALSE,FALSE
10,2308,19.565217391,162,666,44.473409802,853,1918,828,TRUE,"FR","Ueberstorf","Ueberstorf","Ueberstorf","Ueberstorf FR","Ueberstorf (FR)","Ueberstorf (FR)","Freiburg","Fribourg","Friburgo","https://thumb.wikimedia.org/wikipedia/commons/thumb/2/20/Ueberstorf-blason.png/500px-Ueberstorf-blason.png",28.315863792,FALSE,FALSE
10,2309,25.886990802,394,1128,40.649973362,1526,3754,1522,TRUE,"FR","Wünnewil-Flamatt","Wünnewil-Flamatt","Wünnewil-Flamatt","Wünnewil-Flamatt FR","Wünnewil-Flamatt (FR)","Wünnewil-Flamatt (FR)","Freiburg","Fribourg","Friburgo","https://thumb.wikimedia.org/wikipedia/commons/thumb/c/c0/CHE_W%C3%BCnnewil-Flamatt_COA.svg/960px-CHE_W%C3%BCnnewil-Flamatt_COA.svg.png",28.315863792,FALSE,FALSE
10,2321,28.60125261,274,684,42.59805989,1010,2371,958,TRUE,"FR","Attalens","Attalens","Attalens","Attalens FR","Attalens (FR)","Attalens (FR)","Freiburg","Fribourg","Friburgo","https://thumb.wikimedia.org/wikipedia/commons/thumb/f/ff/CHE_Attalens_COA.svg/500px-CHE_Attalens_COA.svg.png",28.315863792,FALSE,FALSE
10,2323,24.92917847,88,265,36.597938144,355,970,353,TRUE,"FR","Bossonnens","Bossonnens","Bossonnens","Bossonnens FR","Bossonnens (FR)","Bossonnens (FR)","Freiburg","Fribourg","Friburgo","https://thumb.wikimedia.org/wikipedia/commons/thumb/9/96/CHE_Bossonnens_COA.svg/250px-CHE_Bossonnens_COA.svg.png",28.315863792,FALSE,FALSE
10,2325,28.442545109,599,1507,43.521326056,2153,4947,2106,TRUE,"FR","Châtel-Saint-Denis","Châtel-Saint-Denis","Châtel-Saint-Denis","Châtel-Saint-Denis FR","Châtel-Saint-Denis (FR)","Châtel-Saint-Denis (FR)","Freiburg","Fribourg","Friburgo","https://thumb.wikimedia.org/wikipedia/commons/thumb/f/fb/CHE_Ch%C3%A2tel-Saint-Denis_COA.svg/500px-CHE_Ch%C3%A2tel-Saint-Denis_COA.svg.png",28.315863792,FALSE,FALSE
10,2328,30.057803468,104,242,50.35971223,350,695,346,TRUE,"FR","Granges (Veveyse)","Granges (Veveyse)","Granges (Veveyse)","Granges (Veveyse) FR","Granges (Veveyse) (FR)","Granges (Veveyse) (FR)","Freiburg","Fribourg","Friburgo","https://thumb.wikimedia.org/wikipedia/commons/thumb/8/8b/Granges-coat_of_arms.svg/500px-Granges-coat_of_arms.svg.png",28.315863792,FALSE,FALSE
10,2333,21.703296703,79,285,43.891402715,388,884,364,TRUE,"FR","Remaufens","Remaufens","Remaufens","Remaufens FR","Remaufens (FR)","Remaufens (FR)","Freiburg","Fribourg","Friburgo","https://thumb.wikimedia.org/wikipedia/commons/thumb/1/15/CHE_Remaufens_COA.svg/500px-CHE_Remaufens_COA.svg.png",28.315863792,FALSE,FALSE
10,2335,23.391812865,80,262,47.129506008,353,749,342,TRUE,"FR","Saint-Martin FR","Saint-Martin (FR)","Saint-Martin FR","Saint-Martin FR","Saint-Martin (FR)","Saint-Martin (FR)","Freiburg","Fribourg","Friburgo","https://upload.wikimedia.org/wikipedia/commons/b/b6/Besencens-Wappen.png",28.315863792,FALSE,FALSE
10,2336,19.642857143,88,360,43.431635389,486,1119,448,TRUE,"FR","Semsales","Semsales","Semsales","Semsales FR","Semsales (FR)","Semsales (FR)","Freiburg","Fribourg","Friburgo","https://thumb.wikimedia.org/wikipedia/commons/thumb/e/e8/CHE_Semsales_COA.svg/960px-CHE_Semsales_COA.svg.png",28.315863792,FALSE,FALSE
10,2337,30.215827338,126,291,48.965517241,426,870,417,TRUE,"FR","Le Flon","Le Flon","Le Flon","Le Flon FR","Le Flon (FR)","Le Flon (FR)","Freiburg","Fribourg","Friburgo","https://thumb.wikimedia.org/wikipedia/commons/thumb/9/9e/Le_Flon-coat_of_arms.svg/500px-Le_Flon-coat_of_arms.svg.png",28.315863792,FALSE,FALSE
10,2338,22.524752475,91,313,45.315904139,416,918,404,TRUE,"FR","La Verrerie","La Verrerie","La Verrerie","La Verrerie FR","La Verrerie (FR)","La Verrerie (FR)","Freiburg","Fribourg","Friburgo","https://thumb.wikimedia.org/wikipedia/commons/thumb/7/71/La_Verrerie-coat_of_arms.svg/500px-La_Verrerie-coat_of_arms.svg.png",28.315863792,FALSE,FALSE
11,2401,18.636363636,164,716,38.103448276,884,2320,880,TRUE,"SO","Egerkingen","Egerkingen","Egerkingen","Egerkingen SO","Egerkingen (SO)","Egerkingen (SO)","Solothurn","Soleure","Soletta","https://thumb.wikimedia.org/wikipedia/commons/thumb/f/f7/Egerkingen-blazon.svg/250px-Egerkingen-blazon.svg.png",25.767649535,FALSE,FALSE
11,2402,18.819188192,102,440,45.637583893,544,1192,542,TRUE,"SO","Härkingen","Härkingen","Härkingen","Härkingen SO","Härkingen (SO)","Härkingen (SO)","Solothurn","Soleure","Soletta","https://thumb.wikimedia.org/wikipedia/commons/thumb/7/7f/CHE_H%C3%A4rkingen_COA.svg/960px-CHE_H%C3%A4rkingen_COA.svg.png",25.767649535,FALSE,FALSE
11,2403,17.817014446,111,512,44.899425287,625,1392,623,TRUE,"SO","Kestenholz","Kestenholz","Kestenholz","Kestenholz SO","Kestenholz (SO)","Kestenholz (SO)","Solothurn","Soleure","Soletta","https://thumb.wikimedia.org/wikipedia/commons/thumb/b/b0/CHE_Kestenholz_COA.svg/960px-CHE_Kestenholz_COA.svg.png",25.767649535,FALSE,FALSE
11,2404,17.887323944,127,583,44.396014944,713,1606,710,TRUE,"SO","Neuendorf","Neuendorf","Neuendorf","Neuendorf SO","Neuendorf (SO)","Neuendorf (SO)","Solothurn","Soleure","Soletta","https://thumb.wikimedia.org/wikipedia/commons/thumb/d/d8/Neuendorf_SO-blazon.svg/250px-Neuendorf_SO-blazon.svg.png",25.767649535,FALSE,FALSE
11,2405,19.75,79,321,43.969298246,401,912,400,TRUE,"SO","Niederbuchsiten","Niederbuchsiten","Niederbuchsiten","Niederbuchsiten SO","Niederbuchsiten (SO)","Niederbuchsiten (SO)","Solothurn","Soleure","Soletta","https://thumb.wikimedia.org/wikipedia/commons/thumb/4/41/Niederbuchsiten-blazon.svg/250px-Niederbuchsiten-blazon.svg.png",25.767649535,FALSE,FALSE
11,2406,18.845500849,111,478,42.992011619,592,1377,589,TRUE,"SO","Oberbuchsiten","Oberbuchsiten","Oberbuchsiten","Oberbuchsiten SO","Oberbuchsiten (SO)","Oberbuchsiten (SO)","Solothurn","Soleure","Soletta","https://thumb.wikimedia.org/wikipedia/commons/thumb/b/b8/Oberbuchsiten-blazon.svg/250px-Oberbuchsiten-blazon.svg.png",25.767649535,FALSE,FALSE
11,2407,23.493044822,304,990,38.810875411,1299,3347,1294,TRUE,"SO","Oensingen","Oensingen","Oensingen","Oensingen SO","Oensingen (SO)","Oensingen (SO)","Solothurn","Soleure","Soletta","https://thumb.wikimedia.org/wikipedia/commons/thumb/f/fc/Oensingen-blazon.svg/250px-Oensingen-blazon.svg.png",25.767649535,FALSE,FALSE
11,2408,16.526610644,118,596,40.721940214,722,1773,714,TRUE,"SO","Wolfwil","Wolfwil","Wolfwil","Wolfwil SO","Wolfwil (SO)","Wolfwil (SO)","Solothurn","Soleure","Soletta","https://thumb.wikimedia.org/wikipedia/commons/thumb/8/8d/Wolfwil-blason.svg/960px-Wolfwil-blason.svg.png",25.767649535,FALSE,FALSE
11,2421,14.682539683,37,215,50.501002004,252,499,252,TRUE,"SO","Aedermannsdorf","Aedermannsdorf","Aedermannsdorf","Aedermannsdorf SO","Aedermannsdorf (SO)","Aedermannsdorf (SO)","Solothurn","Soleure","Soletta","https://thumb.wikimedia.org/wikipedia/commons/thumb/2/28/Aedermannsdorf-blazon.svg/250px-Aedermannsdorf-blazon.svg.png",25.767649535,FALSE,FALSE
11,2422,22.45567958,342,1181,42.733612273,1532,3585,1523,TRUE,"SO","Balsthal","Balsthal","Balsthal","Balsthal SO","Balsthal (SO)","Balsthal (SO)","Solothurn","Soleure","Soletta","https://thumb.wikimedia.org/wikipedia/commons/thumb/c/c7/Balsthal-blazon.svg/250px-Balsthal-blazon.svg.png",25.767649535,FALSE,FALSE
11,2424,13.402061856,26,168,42.24137931,196,464,194,TRUE,"SO","Herbetswil","Herbetswil","Herbetswil","Herbetswil SO","Herbetswil (SO)","Herbetswil (SO)","Solothurn","Soleure","Soletta","https://thumb.wikimedia.org/wikipedia/commons/thumb/e/e8/Herbetswil-blazon.svg/250px-Herbetswil-blazon.svg.png",25.767649535,FALSE,FALSE
11,2425,28.947368421,66,162,40.860215054,228,558,228,TRUE,"SO","Holderbank SO","Holderbank (SO)","Holderbank SO","Holderbank SO","Holderbank (SO)","Holderbank (SO)","Solothurn","Soleure","Soletta","https://thumb.wikimedia.org/wikipedia/commons/thumb/b/b2/CHE_Holderbank_SO_CHE.svg/500px-CHE_Holderbank_SO_CHE.svg.png",25.767649535,FALSE,FALSE
11,2426,18.608414239,115,503,45.394736842,621,1368,618,TRUE,"SO","Laupersdorf","Laupersdorf","Laupersdorf","Laupersdorf SO","Laupersdorf (SO)","Laupersdorf (SO)","Solothurn","Soleure","Soletta","https://thumb.wikimedia.org/wikipedia/commons/thumb/b/b1/Laupersdorf-blazon.svg/250px-Laupersdorf-blazon.svg.png",25.767649535,FALSE,FALSE
11,2427,18.558951965,85,373,43.233082707,460,1064,458,TRUE,"SO","Matzendorf","Matzendorf","Matzendorf","Matzendorf SO","Matzendorf (SO)","Matzendorf (SO)","Solothurn","Soleure","Soletta","https://thumb.wikimedia.org/wikipedia/commons/thumb/4/44/Matzendorf-blazon.svg/250px-Matzendorf-blazon.svg.png",25.767649535,FALSE,FALSE
11,2428,18.973747017,159,679,46.365638767,842,1816,838,TRUE,"SO","Mümliswil-Ramiswil","Mümliswil-Ramiswil","Mümliswil-Ramiswil","Mümliswil-Ramiswil SO","Mümliswil-Ramiswil (SO)","Mümliswil-Ramiswil (SO)","Solothurn","Soleure","Soletta","https://thumb.wikimedia.org/wikipedia/commons/thumb/2/2c/M%C3%BCmliswilRamiswil-blazon.svg/250px-M%C3%BCmliswilRamiswil-blazon.svg.png",25.767649535,FALSE,FALSE
11,2430,18.897637795,72,309,42.02420242,382,909,381,TRUE,"SO","Welschenrohr-Gänsbrunnen","Welschenrohr-Gänsbrunnen","Welschenrohr-Gänsbrunnen","Welschenrohr-Gänsbrunnen SO","Welschenrohr-Gänsbrunnen (SO)","Welschenrohr-Gänsbrunnen (((SO)))","Solothurn","Soleure","Soletta","https://thumb.wikimedia.org/wikipedia/commons/thumb/b/b6/Welschenrohr-blazon.svg/250px-Welschenrohr-blazon.svg.png",25.767649535,FALSE,FALSE
11,2445,15.384615385,24,132,55.281690141,157,284,156,TRUE,"SO","Biezwil","Biezwil","Biezwil","Biezwil SO","Biezwil (SO)","Biezwil (SO)","Solothurn","Soleure","Soletta","https://thumb.wikimedia.org/wikipedia/commons/thumb/a/a6/Biezwil-blazon.svg/250px-Biezwil-blazon.svg.png",25.767649535,FALSE,FALSE
11,2455,20.527859238,70,271,44.129032258,342,775,341,TRUE,"SO","Lüterkofen-Ichertswil","Lüterkofen-Ichertswil","Lüterkofen-Ichertswil","Lüterkofen-Ichertswil SO","Lüterkofen-Ichertswil (SO)","Lüterkofen-Ichertswil (SO)","Solothurn","Soleure","Soletta","https://upload.wikimedia.org/wikipedia/commons/3/3f/Lueterkofen-blason.png",25.767649535,FALSE,FALSE
11,2457,17.028380634,102,497,51.109215017,599,1172,599,TRUE,"SO","Messen","Messen","Messen","Messen SO","Messen (SO)","Messen (SO)","Solothurn","Soleure","Soletta","https://thumb.wikimedia.org/wikipedia/commons/thumb/9/97/Messen-blazon.svg/250px-Messen-blazon.svg.png",25.767649535,FALSE,FALSE
11,2461,18.225419664,76,341,46.271929825,422,912,417,TRUE,"SO","Schnottwil","Schnottwil","Schnottwil","Schnottwil SO","Schnottwil (SO)","Schnottwil (SO)","Solothurn","Soleure","Soletta","https://upload.wikimedia.org/wikipedia/commons/4/46/Schnottwil-blason.png",25.767649535,FALSE,FALSE
11,2463,18.691588785,20,87,56.914893617,107,188,107,TRUE,"SO","Unterramsern","Unterramsern","Unterramsern","Unterramsern SO","Unterramsern (SO)","Unterramsern (SO)","Solothurn","Soleure","Soletta","https://thumb.wikimedia.org/wikipedia/commons/thumb/f/f9/Unterramsern-blazon.svg/250px-Unterramsern-blazon.svg.png",25.767649535,FALSE,FALSE
11,2464,31.546391753,153,332,55.292792793,491,888,485,TRUE,"SO","Lüsslingen-Nennigkofen","Lüsslingen-Nennigkofen","Lüsslingen-Nennigkofen","Lüsslingen-Nennigkofen SO","Lüsslingen-Nennigkofen (SO)","Lüsslingen-Nennigkofen (SO)","Solothurn","Soleure","Soletta","https://upload.wikimedia.org/wikipedia/de/6/63/GW-SO-Luesslingen-Nennigkofen.png",25.767649535,FALSE,FALSE
11,2465,24.324324324,279,868,48.003327787,1154,2404,1147,TRUE,"SO","Buchegg","Buchegg","Buchegg","Buchegg SO","Buchegg (SO)","Buchegg (SO)","Solothurn","Soleure","Soletta","https://thumb.wikimedia.org/wikipedia/commons/thumb/6/65/Buchegg-blazon.svg/250px-Buchegg-blazon.svg.png",25.767649535,FALSE,FALSE
11,2471,27.06185567,105,283,45.667447307,390,854,388,TRUE,"SO","Bättwil","Bättwil","Bättwil","Bättwil SO","Bättwil (SO)","Bättwil (SO)","Solothurn","Soleure","Soletta","https://thumb.wikimedia.org/wikipedia/commons/thumb/d/d1/B%C3%A4ttwil-blazon.svg/250px-B%C3%A4ttwil-blazon.svg.png",25.767649535,FALSE,FALSE
11,2472,24.083769634,92,290,50.998668442,383,751,382,TRUE,"SO","Büren SO","Büren (SO)","Büren SO","Büren SO","Büren (SO)","Büren (SO)","Solothurn","Soleure","Soletta","https://thumb.wikimedia.org/wikipedia/commons/thumb/5/53/B%C3%BCren_SO-blazon.svg/250px-B%C3%BCren_SO-blazon.svg.png",25.767649535,FALSE,FALSE
11,2473,35.981308411,770,1370,51.014150943,2163,4240,2140,TRUE,"SO","Dornach","Dornach","Dornach","Dornach SO","Dornach (SO)","Dornach (SO)","Solothurn","Soleure","Soletta","https://thumb.wikimedia.org/wikipedia/commons/thumb/6/69/CHE_Dornach_SO_COA.svg/250px-CHE_Dornach_SO_COA.svg.png",25.767649535,FALSE,FALSE
11,2474,38.738738739,129,204,51.697530864,335,648,333,TRUE,"SO","Gempen","Gempen","Gempen","Gempen SO","Gempen (SO)","Gempen (SO)","Solothurn","Soleure","Soletta","https://upload.wikimedia.org/wikipedia/commons/6/6b/Gempen-blason.png",25.767649535,FALSE,FALSE
11,2475,28.623188406,158,394,57.949790795,554,956,552,TRUE,"SO","Hochwald","Hochwald","Hochwald","Hochwald SO","Hochwald (SO)","Hochwald (SO)","Solothurn","Soleure","Soletta","https://upload.wikimedia.org/wikipedia/commons/9/90/Hochwald-blason.png",25.767649535,FALSE,FALSE
11,2476,22.070145423,258,911,51.545494123,1184,2297,1169,TRUE,"SO","Hofstetten-Flüh","Hofstetten-Flüh","Hofstetten-Flüh","Hofstetten-Flüh SO","Hofstetten-Flüh (SO)","Hofstetten-Flüh (SO)","Solothurn","Soleure","Soletta","https://thumb.wikimedia.org/wikipedia/commons/thumb/6/6e/HofstettenFl%C3%BCh-blazon.svg/250px-HofstettenFl%C3%BCh-blazon.svg.png",25.767649535,FALSE,FALSE
11,2477,21.882352941,93,332,59.279778393,428,722,425,TRUE,"SO","Metzerlen-Mariastein","Metzerlen-Mariastein","Metzerlen-Mariastein","Metzerlen-Mariastein SO","Metzerlen-Mariastein (SO)","Metzerlen-Mariastein (SO)","Solothurn","Soleure","Soletta","https://thumb.wikimedia.org/wikipedia/commons/thumb/d/de/Coat_of_arms_of_Metzerlen-Mariastein.svg/250px-Coat_of_arms_of_Metzerlen-Mariastein.svg.png",25.767649535,FALSE,FALSE
11,2478,30.387596899,196,449,54.27852349,647,1192,645,TRUE,"SO","Nuglar-St. Pantaleon","Nuglar-St. Pantaleon","Nuglar-St. Pantaleon","Nuglar-St. Pantaleon SO","Nuglar-St. Pantaleon (SO)","Nuglar-St. Pantaleon (SO)","Solothurn","Soleure","Soletta","https://thumb.wikimedia.org/wikipedia/commons/thumb/5/55/CHE_Nuglar-St._Pantaleon_COA.svg/500px-CHE_Nuglar-St._Pantaleon_COA.svg.png",25.767649535,FALSE,FALSE
11,2479,36.734693878,234,403,60.853080569,642,1055,637,TRUE,"SO","Rodersdorf","Rodersdorf","Rodersdorf","Rodersdorf SO","Rodersdorf (SO)","Rodersdorf (SO)","Solothurn","Soleure","Soletta","https://upload.wikimedia.org/wikipedia/commons/0/0d/Rodersdorf-blason.png",25.767649535,FALSE,FALSE
11,2480,19.082125604,79,335,50,416,832,414,TRUE,"SO","Seewen","Seewen","Seewen","Seewen SO","Seewen (SO)","Seewen (SO)","Solothurn","Soleure","Soletta","https://thumb.wikimedia.org/wikipedia/commons/thumb/8/82/CHE_Seewen_SO_COA.svg/960px-CHE_Seewen_SO_COA.svg.png",25.767649535,FALSE,FALSE
11,2481,29.046563193,131,320,47.748691099,456,955,451,TRUE,"SO","Witterswil","Witterswil","Witterswil","Witterswil SO","Witterswil (SO)","Witterswil (SO)","Solothurn","Soleure","Soletta","https://upload.wikimedia.org/wikipedia/commons/5/59/Witterswil-blason.png",25.767649535,FALSE,FALSE
11,2491,27.586206897,40,105,53.903345725,145,269,145,TRUE,"SO","Hauenstein-Ifenthal","Hauenstein-Ifenthal","Hauenstein-Ifenthal","Hauenstein-Ifenthal SO","Hauenstein-Ifenthal (SO)","Hauenstein-Ifenthal (SO)","Solothurn","Soleure","Soletta","https://upload.wikimedia.org/wikipedia/commons/c/c3/Hauenstein-Ifenthal-blason.png",25.767649535,FALSE,FALSE
11,2492,24.607329843,47,144,51.344086022,191,372,191,TRUE,"SO","Kienberg","Kienberg","Kienberg","Kienberg SO","Kienberg (SO)","Kienberg (SO)","Solothurn","Soleure","Soletta","https://thumb.wikimedia.org/wikipedia/commons/thumb/6/61/Coat_of_arms_of_Kienberg_SO.svg/500px-Coat_of_arms_of_Kienberg_SO.svg.png",25.767649535,FALSE,FALSE
11,2493,26.572958501,397,1097,49.966622163,1497,2996,1494,TRUE,"SO","Lostorf","Lostorf","Lostorf","Lostorf SO","Lostorf (SO)","Lostorf (SO)","Solothurn","Soleure","Soletta","https://upload.wikimedia.org/wikipedia/commons/b/bd/Lostorf-blason.png",25.767649535,FALSE,FALSE
11,2495,24.476987448,234,722,39.364303178,966,2454,956,TRUE,"SO","Niedergösgen","Niedergösgen","Niedergösgen","Niedergösgen SO","Niedergösgen (SO)","Niedergösgen (SO)","Solothurn","Soleure","Soletta","https://thumb.wikimedia.org/wikipedia/commons/thumb/c/ce/CHE_Niederg%C3%B6sgen_COA.svg/500px-CHE_Niederg%C3%B6sgen_COA.svg.png",25.767649535,FALSE,FALSE
11,2497,22.966507177,144,483,40.71197411,629,1545,627,TRUE,"SO","Obergösgen","Obergösgen","Obergösgen","Obergösgen SO","Obergösgen (SO)","Obergösgen (SO)","Solothurn","Soleure","Soletta","https://upload.wikimedia.org/wikipedia/commons/1/15/Obergoesgen-blason.png",25.767649535,FALSE,FALSE
11,2499,20.094562648,85,338,44.260599793,428,967,423,TRUE,"SO","Stüsslingen","Stüsslingen","Stüsslingen","Stüsslingen SO","Stüsslingen (SO)","Stüsslingen (SO)","Solothurn","Soleure","Soletta","https://thumb.wikimedia.org/wikipedia/commons/thumb/6/6a/CHE_St%C3%BCsslingen_COA.svg/960px-CHE_St%C3%BCsslingen_COA.svg.png",25.767649535,FALSE,FALSE
11,2500,33.360323887,412,823,37.77576307,1250,3309,1235,TRUE,"SO","Trimbach","Trimbach","Trimbach","Trimbach SO","Trimbach (SO)","Trimbach (SO)","Solothurn","Soleure","Soletta","https://upload.wikimedia.org/wikipedia/commons/a/a4/Trimbach-blason.png",25.767649535,FALSE,FALSE
11,2501,22.932917317,147,494,45.609065156,644,1412,641,TRUE,"SO","Winznau","Winznau","Winznau","Winznau SO","Winznau (SO)","Winznau (SO)","Solothurn","Soleure","Soletta","https://thumb.wikimedia.org/wikipedia/commons/thumb/9/90/Winznau-blazon.svg/250px-Winznau-blazon.svg.png",25.767649535,FALSE,FALSE
11,2502,30.285714286,53,122,49.858356941,176,353,175,TRUE,"SO","Wisen SO","Wisen (SO)","Wisen SO","Wisen SO","Wisen (SO)","Wisen (SO)","Solothurn","Soleure","Soletta","https://upload.wikimedia.org/wikipedia/commons/0/0f/Wisen-blason.png",25.767649535,FALSE,FALSE
11,2503,26.188340807,292,823,44.523809524,1122,2520,1115,TRUE,"SO","Erlinsbach SO","Erlinsbach (SO)","Erlinsbach SO","Erlinsbach SO","Erlinsbach (SO)","Erlinsbach (SO)","Solothurn","Soleure","Soletta","https://thumb.wikimedia.org/wikipedia/commons/thumb/2/28/Erlinsbach_SO-blazon.svg/250px-Erlinsbach_SO-blazon.svg.png",25.767649535,FALSE,FALSE
11,2511,20.380952381,107,418,50.383141762,526,1044,525,TRUE,"SO","Aeschi SO","Aeschi (SO)","Aeschi SO","Aeschi SO","Aeschi (SO)","Aeschi (SO)","Solothurn","Soleure","Soletta","https://thumb.wikimedia.org/wikipedia/commons/thumb/6/6b/Aeschi_SO-blazon.svg/250px-Aeschi_SO-blazon.svg.png",25.767649535,FALSE,FALSE
11,2513,28.594442207,710,1773,42.349957735,2505,5915,2483,TRUE,"SO","Biberist","Biberist","Biberist","Biberist SO","Biberist (SO)","Biberist (SO)","Solothurn","Soleure","Soletta","https://thumb.wikimedia.org/wikipedia/commons/thumb/b/b0/Biberist-blazon.svg/250px-Biberist-blazon.svg.png",25.767649535,FALSE,FALSE
11,2514,22.466960352,51,176,50.444444444,227,450,227,TRUE,"SO","Bolken","Bolken","Bolken","Bolken SO","Bolken (SO)","Bolken (SO)","Solothurn","Soleure","Soletta","https://thumb.wikimedia.org/wikipedia/commons/thumb/4/43/Bolken-blazon.svg/960px-Bolken-blazon.svg.png",25.767649535,FALSE,FALSE
11,2516,19.424460432,162,672,46.939921392,836,1781,834,TRUE,"SO","Deitingen","Deitingen","Deitingen","Deitingen SO","Deitingen (SO)","Deitingen (SO)","Solothurn","Soleure","Soletta","https://upload.wikimedia.org/wikipedia/commons/9/94/Deitingen-blason.png",25.767649535,FALSE,FALSE
11,2517,27.59295499,423,1110,37.448459859,1544,4123,1533,TRUE,"SO","Derendingen","Derendingen","Derendingen","Derendingen SO","Derendingen (SO)","Derendingen (SO)","Solothurn","Soleure","Soletta","https://thumb.wikimedia.org/wikipedia/commons/thumb/3/31/Derendingen-blazon.svg/250px-Derendingen-blazon.svg.png",25.767649535,FALSE,FALSE
11,2518,20.648967552,70,269,44.328552803,340,767,339,TRUE,"SO","Etziken","Etziken","Etziken","Etziken SO","Etziken (SO)","Etziken (SO)","Solothurn","Soleure","Soletta","https://upload.wikimedia.org/wikipedia/commons/f/fe/Etziken-blason.png",25.767649535,FALSE,FALSE
11,2519,31.707317073,286,616,32.404430154,907,2799,902,TRUE,"SO","Gerlafingen","Gerlafingen","Gerlafingen","Gerlafingen SO","Gerlafingen (SO)","Gerlafingen (SO)","Solothurn","Soleure","Soletta","https://thumb.wikimedia.org/wikipedia/commons/thumb/b/b4/CHE_Gerlafingen_COA.svg/500px-CHE_Gerlafingen_COA.svg.png",25.767649535,FALSE,FALSE
11,2523,17.575757576,58,272,47.694524496,331,694,330,TRUE,"SO","Horriwil","Horriwil","Horriwil","Horriwil SO","Horriwil (SO)","Horriwil (SO)","Solothurn","Soleure","Soletta","https://upload.wikimedia.org/wikipedia/commons/1/14/Horriwil-blason.png",25.767649535,FALSE,FALSE
11,2524,25.301204819,21,62,67.479674797,83,123,83,TRUE,"SO","Hüniken","Hüniken","Hüniken","Hüniken SO","Hüniken (SO)","Hüniken (SO)","Solothurn","Soleure","Soletta","https://thumb.wikimedia.org/wikipedia/commons/thumb/f/fd/H%C3%BCniken-blazon.svg/250px-H%C3%BCniken-blazon.svg.png",25.767649535,FALSE,FALSE
11,2525,20,226,904,48.27879303,1136,2353,1130,TRUE,"SO","Kriegstetten","Kriegstetten","Kriegstetten","Kriegstetten SO","Kriegstetten (SO)","Kriegstetten (SO)","Solothurn","Soleure","Soletta","https://thumb.wikimedia.org/wikipedia/commons/thumb/8/8e/CHE_Kriegstetten_SO_COA.svg/500px-CHE_Kriegstetten_SO_COA.svg.png",25.767649535,FALSE,FALSE
11,2526,19.69561325,220,897,49.732858415,1117,2246,1117,TRUE,"SO","Lohn-Ammannsegg","Lohn-Ammannsegg","Lohn-Ammannsegg","Lohn-Ammannsegg SO","Lohn-Ammannsegg (SO)","Lohn-Ammannsegg (SO)","Solothurn","Soleure","Soletta","https://thumb.wikimedia.org/wikipedia/commons/thumb/5/51/CHE_Lohn-Ammannsegg_COA.svg/960px-CHE_Lohn-Ammannsegg_COA.svg.png",25.767649535,FALSE,FALSE
11,2527,20.112254443,215,854,44.426094137,1076,2422,1069,TRUE,"SO","Luterbach","Luterbach","Luterbach","Luterbach SO","Luterbach (SO)","Luterbach (SO)","Solothurn","Soleure","Soletta","https://upload.wikimedia.org/wikipedia/commons/3/36/Luterbach-blason.png",25.767649535,FALSE,FALSE
11,2528,22.826086957,105,355,53.042479908,462,871,460,TRUE,"SO","Obergerlafingen","Obergerlafingen","Obergerlafingen","Obergerlafingen SO","Obergerlafingen (SO)","Obergerlafingen (SO)","Solothurn","Soleure","Soletta","https://thumb.wikimedia.org/wikipedia/commons/thumb/8/8d/CHE_Obergerlafingen_COA.svg/960px-CHE_Obergerlafingen_COA.svg.png",25.767649535,FALSE,FALSE
11,2530,20.588235294,140,540,42.589118199,681,1599,680,TRUE,"SO","Recherswil","Recherswil","Recherswil","Recherswil SO","Recherswil (SO)","Recherswil (SO)","Solothurn","Soleure","Soletta","https://thumb.wikimedia.org/wikipedia/commons/thumb/b/be/CHE_Recherswil_COA.svg/960px-CHE_Recherswil_COA.svg.png",25.767649535,FALSE,FALSE
11,2532,19.312436805,191,798,43.843447669,997,2274,989,TRUE,"SO","Subingen","Subingen","Subingen","Subingen SO","Subingen (SO)","Subingen (SO)","Solothurn","Soleure","Soletta","https://upload.wikimedia.org/wikipedia/commons/8/8c/Subingen-blason.png",25.767649535,FALSE,FALSE
11,2534,30.089988751,535,1243,38.082075271,1791,4703,1778,TRUE,"SO","Zuchwil","Zuchwil","Zuchwil","Zuchwil SO","Zuchwil (SO)","Zuchwil (SO)","Solothurn","Soleure","Soletta","https://thumb.wikimedia.org/wikipedia/commons/thumb/5/55/Zuchwil-blazon.svg/250px-Zuchwil-blazon.svg.png",25.767649535,FALSE,FALSE
11,2535,19.016393443,58,247,53.873239437,306,568,305,TRUE,"SO","Drei Höfe","Drei Höfe","Drei Höfe","Drei Höfe SO","Drei Höfe (SO)","Drei Höfe (SO)","Solothurn","Soleure","Soletta","https://thumb.wikimedia.org/wikipedia/commons/thumb/2/25/DreiH%C3%B6fe-blazon.svg/250px-DreiH%C3%B6fe-blazon.svg.png",25.767649535,FALSE,FALSE
11,2541,30.927835052,30,67,60.625,97,160,97,TRUE,"SO","Balm bei Günsberg","Balm bei Günsberg","Balm bei Günsberg","Balm bei Günsberg SO","Balm bei Günsberg (SO)","Balm bei Günsberg (SO)","Solothurn","Soleure","Soletta","https://thumb.wikimedia.org/wikipedia/commons/thumb/0/09/BalmBeiG%C3%BCnsberg-blazon.svg/250px-BalmBeiG%C3%BCnsberg-blazon.svg.png",25.767649535,FALSE,FALSE
11,2542,24.086021505,336,1059,42.826617827,1403,3276,1395,TRUE,"SO","Bellach","Bellach","Bellach","Bellach SO","Bellach (SO)","Bellach (SO)","Solothurn","Soleure","Soletta","https://upload.wikimedia.org/wikipedia/commons/7/75/Bellach-blason.png",25.767649535,FALSE,FALSE
11,2543,20.884699057,288,1091,41.385488205,1386,3349,1379,TRUE,"SO","Bettlach","Bettlach","Bettlach","Bettlach SO","Bettlach (SO)","Bettlach (SO)","Solothurn","Soleure","Soletta","https://thumb.wikimedia.org/wikipedia/commons/thumb/4/44/Bettlach-blazon.svg/250px-Bettlach-blazon.svg.png",25.767649535,FALSE,FALSE
11,2544,19.832985386,95,384,59.382716049,481,810,479,TRUE,"SO","Feldbrunnen-St. Niklaus","Feldbrunnen-St. Niklaus","Feldbrunnen-St. Niklaus","Feldbrunnen-St. Niklaus SO","Feldbrunnen-St. Niklaus (SO)","Feldbrunnen-St. Niklaus (SO)","Solothurn","Soleure","Soletta","https://upload.wikimedia.org/wikipedia/commons/8/83/Feldbrunnen-StNiklaus-blason.png",25.767649535,FALSE,FALSE
11,2545,24.842767296,79,239,41.428571429,319,770,318,TRUE,"SO","Flumenthal","Flumenthal","Flumenthal","Flumenthal SO","Flumenthal (SO)","Flumenthal (SO)","Solothurn","Soleure","Soletta","https://upload.wikimedia.org/wikipedia/commons/c/cd/Flumenthal-blason.png",25.767649535,FALSE,FALSE
11,2546,24.498834499,1051,3239,43.856103476,4340,9896,4290,TRUE,"SO","Grenchen","Granges (SO)","Granges","Grenchen SO","Granges (SO)","Granges (SO)","Solothurn","Soleure","Soletta","https://thumb.wikimedia.org/wikipedia/commons/thumb/8/80/Grenchen-blazon.svg/250px-Grenchen-blazon.svg.png",25.767649535,FALSE,FALSE
11,2547,21.505376344,100,365,47.995889003,467,973,465,TRUE,"SO","Günsberg","Günsberg","Günsberg","Günsberg SO","Günsberg (SO)","Günsberg (SO)","Solothurn","Soleure","Soletta","https://thumb.wikimedia.org/wikipedia/commons/thumb/c/c0/CHE_G%C3%BCnsberg_COA.svg/500px-CHE_G%C3%BCnsberg_COA.svg.png",25.767649535,FALSE,FALSE
11,2548,21.6,54,196,42.662116041,250,586,250,TRUE,"SO","Hubersdorf","Hubersdorf","Hubersdorf","Hubersdorf SO","Hubersdorf (SO)","Hubersdorf (SO)","Solothurn","Soleure","Soletta","https://upload.wikimedia.org/wikipedia/commons/9/9a/Hubersdorf-blason.png",25.767649535,FALSE,FALSE
11,2549,5.882352941,1,16,56.666666667,17,30,17,TRUE,"SO","Kammersrohr","Kammersrohr","Kammersrohr","Kammersrohr SO","Kammersrohr (SO)","Kammersrohr (SO)","Solothurn","Soleure","Soletta","https://thumb.wikimedia.org/wikipedia/commons/thumb/4/4a/Kammersrohr-blason.svg/500px-Kammersrohr-blason.svg.png",25.767649535,FALSE,FALSE
11,2550,27.377300613,357,947,47.669337218,1309,2746,1304,TRUE,"SO","Langendorf","Langendorf","Langendorf","Langendorf SO","Langendorf (SO)","Langendorf (SO)","Solothurn","Soleure","Soletta","https://upload.wikimedia.org/wikipedia/commons/b/ba/Langendorf-blason.png",25.767649535,FALSE,FALSE
11,2551,21.54340836,134,488,51.261187958,630,1229,622,TRUE,"SO","Lommiswil","Lommiswil","Lommiswil","Lommiswil SO","Lommiswil (SO)","Lommiswil (SO)","Solothurn","Soleure","Soletta","https://thumb.wikimedia.org/wikipedia/commons/thumb/f/f2/Lommiswil-blazon.svg/250px-Lommiswil-blazon.svg.png",25.767649535,FALSE,FALSE
11,2553,28.116710875,212,542,54.801444043,759,1385,754,TRUE,"SO","Oberdorf SO","Oberdorf (SO)","Oberdorf SO","Oberdorf SO","Oberdorf (SO)","Oberdorf (SO)","Solothurn","Soleure","Soletta","https://upload.wikimedia.org/wikipedia/commons/9/97/Oberdorf-blason.png",25.767649535,FALSE,FALSE
11,2554,26.572528883,207,572,46.694460989,784,1679,779,TRUE,"SO","Riedholz","Riedholz","Riedholz","Riedholz SO","Riedholz (SO)","Riedholz (SO)","Solothurn","Soleure","Soletta","https://upload.wikimedia.org/wikipedia/commons/7/7f/Riedholz-blason.png",25.767649535,FALSE,FALSE
11,2555,28.849270665,178,439,53.83290267,625,1161,617,TRUE,"SO","Rüttenen","Rüttenen","Rüttenen","Rüttenen SO","Rüttenen (SO)","Rüttenen (SO)","Solothurn","Soleure","Soletta","https://upload.wikimedia.org/wikipedia/commons/e/ea/Ruettenen-blason.png",25.767649535,FALSE,FALSE
11,2556,21.047227926,205,769,38.037999225,981,2579,974,TRUE,"SO","Selzach","Selzach","Selzach","Selzach SO","Selzach (SO)","Selzach (SO)","Solothurn","Soleure","Soletta","https://thumb.wikimedia.org/wikipedia/commons/thumb/2/2a/CHE_Selzach_COA.svg/960px-CHE_Selzach_COA.svg.png",25.767649535,FALSE,FALSE
11,2571,20.987654321,51,192,45.951035782,244,531,243,TRUE,"SO","Boningen","Boningen","Boningen","Boningen SO","Boningen (SO)","Boningen (SO)","Solothurn","Soleure","Soletta","https://thumb.wikimedia.org/wikipedia/commons/thumb/0/02/Boningen-blazon.svg/250px-Boningen-blazon.svg.png",25.767649535,FALSE,FALSE
11,2572,22.313084112,191,665,44.524793388,862,1936,856,TRUE,"SO","Däniken","Däniken","Däniken","Däniken SO","Däniken (SO)","Däniken (SO)","Solothurn","Soleure","Soletta","https://upload.wikimedia.org/wikipedia/commons/f/f9/Daeniken-blason.png",25.767649535,FALSE,FALSE
11,2573,27.263479145,268,715,39.053254438,990,2535,983,TRUE,"SO","Dulliken","Dulliken","Dulliken","Dulliken SO","Dulliken (SO)","Dulliken (SO)","Solothurn","Soleure","Soletta","https://upload.wikimedia.org/wikipedia/commons/d/da/Dulliken-blason.png",25.767649535,FALSE,FALSE
11,2574,29.113924051,23,56,41.145833333,79,192,79,TRUE,"SO","Eppenberg-Wöschnau","Eppenberg-Wöschnau","Eppenberg-Wöschnau","Eppenberg-Wöschnau SO","Eppenberg-Wöschnau (SO)","Eppenberg-Wöschnau (SO)","Solothurn","Soleure","Soletta","https://thumb.wikimedia.org/wikipedia/commons/thumb/a/a0/EppenbergW%C3%B6schnau-blazon.svg/250px-EppenbergW%C3%B6schnau-blazon.svg.png",25.767649535,FALSE,FALSE
11,2575,20.37037037,110,430,41.266209001,541,1311,540,TRUE,"SO","Fulenbach","Fulenbach","Fulenbach","Fulenbach SO","Fulenbach (SO)","Fulenbach (SO)","Solothurn","Soleure","Soletta","https://upload.wikimedia.org/wikipedia/commons/4/4c/Fulenbach-blason.png",25.767649535,FALSE,FALSE
11,2576,19.921875,153,615,44.785631518,773,1726,768,TRUE,"SO","Gretzenbach","Gretzenbach","Gretzenbach","Gretzenbach SO","Gretzenbach (SO)","Gretzenbach (SO)","Solothurn","Soleure","Soletta","https://upload.wikimedia.org/wikipedia/commons/c/c1/Gretzenbach-blason.png",25.767649535,FALSE,FALSE
11,2578,14.531548757,76,447,39.848484848,526,1320,523,TRUE,"SO","Gunzgen","Gunzgen","Gunzgen","Gunzgen SO","Gunzgen (SO)","Gunzgen (SO)","Solothurn","Soleure","Soletta","https://upload.wikimedia.org/wikipedia/commons/0/01/Gunzgen-blason.png",25.767649535,FALSE,FALSE
11,2579,21.214337966,290,1077,42.596034696,1375,3228,1367,TRUE,"SO","Hägendorf","Hägendorf","Hägendorf","Hägendorf SO","Hägendorf (SO)","Hägendorf (SO)","Solothurn","Soleure","Soletta","https://thumb.wikimedia.org/wikipedia/commons/thumb/5/51/H%C3%A4gendorf-blazon.svg/250px-H%C3%A4gendorf-blazon.svg.png",25.767649535,FALSE,FALSE
11,2580,18.791946309,168,726,40.424570912,895,2214,894,TRUE,"SO","Kappel SO","Kappel (SO)","Kappel SO","Kappel SO","Kappel (SO)","Kappel (SO)","Solothurn","Soleure","Soletta","https://thumb.wikimedia.org/wikipedia/commons/thumb/6/60/CHE_Kappel_SO_COA.svg/500px-CHE_Kappel_SO_COA.svg.png",25.767649535,FALSE,FALSE
11,2581,37.076311305,1958,3323,46.576176803,5353,11493,5281,TRUE,"SO","Olten","Olten","Olten","Olten SO","Olten (SO)","Olten (SO)","Solothurn","Soleure","Soletta","https://thumb.wikimedia.org/wikipedia/commons/thumb/3/3d/Olten-blason.svg/500px-Olten-blason.svg.png",25.767649535,FALSE,FALSE
11,2582,21.00591716,71,267,41.98757764,338,805,338,TRUE,"SO","Rickenbach SO","Rickenbach (SO)","Rickenbach SO","Rickenbach SO","Rickenbach (SO)","Rickenbach (SO)","Solothurn","Soleure","Soletta","https://upload.wikimedia.org/wikipedia/commons/7/79/Rickenbach-blason.png",25.767649535,FALSE,FALSE
11,2583,29.533678756,285,680,35.544155368,970,2729,965,TRUE,"SO","Schönenwerd","Schönenwerd","Schönenwerd","Schönenwerd SO","Schönenwerd (SO)","Schönenwerd (SO)","Solothurn","Soleure","Soletta","https://thumb.wikimedia.org/wikipedia/commons/thumb/1/12/CHE_Sch%C3%B6nenwerd_COA.svg/250px-CHE_Sch%C3%B6nenwerd_COA.svg.png",25.767649535,FALSE,FALSE
11,2584,27.819548872,185,480,49.557522124,672,1356,665,TRUE,"SO","Starrkirch-Wil","Starrkirch-Wil","Starrkirch-Wil","Starrkirch-Wil SO","Starrkirch-Wil (SO)","Starrkirch-Wil (SO)","Solothurn","Soleure","Soletta","https://upload.wikimedia.org/wikipedia/commons/2/28/Starrkirch-Wil-blason.png",25.767649535,FALSE,FALSE
11,2585,23.157894737,44,146,34.219858156,193,564,190,TRUE,"SO","Walterswil SO","Walterswil (SO)","Walterswil SO","Walterswil SO","Walterswil (SO)","Walterswil (SO)","Solothurn","Soleure","Soletta","https://thumb.wikimedia.org/wikipedia/commons/thumb/c/cf/CHE_Walterswil_SO_COA.svg/120px-CHE_Walterswil_SO_COA.svg.png",25.767649535,FALSE,FALSE
11,2586,23.682310469,328,1057,41.456166419,1395,3365,1385,TRUE,"SO","Wangen bei Olten","Wangen bei Olten","Wangen bei Olten","Wangen bei Olten SO","Wangen bei Olten (SO)","Wangen bei Olten (SO)","Solothurn","Soleure","Soletta","https://upload.wikimedia.org/wikipedia/commons/1/13/Wangen_bO-blason.png",25.767649535,FALSE,FALSE
11,2601,34.024972457,1853,3593,47.723542117,5524,11575,5446,TRUE,"SO","Solothurn","Soleure","Soletta","Solothurn SO","Soleure (SO)","Soletta (SO)","Solothurn","Soleure","Soletta","https://thumb.wikimedia.org/wikipedia/commons/thumb/b/b7/Wappen_Solothurn_matt.svg/500px-Wappen_Solothurn_matt.svg.png",25.767649535,FALSE,FALSE
11,2611,27.722772277,84,219,48.330683625,304,629,303,TRUE,"SO","Bärschwil","Bärschwil","Bärschwil","Bärschwil SO","Bärschwil (SO)","Bärschwil (SO)","Solothurn","Soleure","Soletta","https://thumb.wikimedia.org/wikipedia/commons/thumb/f/fd/B%C3%A4rschwil-blazon.svg/250px-B%C3%A4rschwil-blazon.svg.png",25.767649535,FALSE,FALSE
11,2612,14.285714286,14,84,50.769230769,99,195,98,TRUE,"SO","Beinwil SO","Beinwil (SO)","Beinwil SO","Beinwil SO","Beinwil (SO)","Beinwil (SO)","Solothurn","Soleure","Soletta","https://thumb.wikimedia.org/wikipedia/commons/thumb/a/a2/Beinwil_SO-blazon.svg/250px-Beinwil_SO-blazon.svg.png",25.767649535,FALSE,FALSE
11,2613,28.062157221,307,787,40.787518574,1098,2692,1094,TRUE,"SO","Breitenbach","Breitenbach","Breitenbach","Breitenbach SO","Breitenbach (SO)","Breitenbach (SO)","Solothurn","Soleure","Soletta","https://thumb.wikimedia.org/wikipedia/commons/thumb/e/e4/Breitenbach_SO-blazon.svg/250px-Breitenbach_SO-blazon.svg.png",25.767649535,FALSE,FALSE
11,2614,24.544179523,175,538,41.603718768,716,1721,713,TRUE,"SO","Büsserach","Büsserach","Büsserach","Büsserach SO","Büsserach (SO)","Büsserach (SO)","Solothurn","Soleure","Soletta","https://thumb.wikimedia.org/wikipedia/commons/thumb/d/d0/B%C3%BCsserach-blazon.svg/250px-B%C3%BCsserach-blazon.svg.png",25.767649535,FALSE,FALSE
11,2615,26.605504587,87,240,47.743813683,328,687,327,TRUE,"SO","Erschwil","Erschwil","Erschwil","Erschwil SO","Erschwil (SO)","Erschwil (SO)","Solothurn","Soleure","Soletta","https://upload.wikimedia.org/wikipedia/commons/d/d6/Erschwil-blason.png",25.767649535,FALSE,FALSE
11,2616,24.034334764,56,177,47.950819672,234,488,233,TRUE,"SO","Fehren","Fehren","Fehren","Fehren SO","Fehren (SO)","Fehren (SO)","Solothurn","Soleure","Soletta","https://upload.wikimedia.org/wikipedia/commons/1/1e/Fehren-blason.png",25.767649535,FALSE,FALSE
11,2617,27.173913043,50,134,47.193877551,185,392,184,TRUE,"SO","Grindel","Grindel","Grindel","Grindel SO","Grindel (SO)","Grindel (SO)","Solothurn","Soleure","Soletta","https://thumb.wikimedia.org/wikipedia/commons/thumb/5/56/Grindel-blazon.svg/250px-Grindel-blazon.svg.png",25.767649535,FALSE,FALSE
11,2618,35.164835165,128,236,50.484094053,365,723,364,TRUE,"SO","Himmelried","Himmelried","Himmelried","Himmelried SO","Himmelried (SO)","Himmelried (SO)","Solothurn","Soleure","Soletta","https://thumb.wikimedia.org/wikipedia/commons/thumb/0/08/CHE_Himmelried_COA.svg/960px-CHE_Himmelried_COA.svg.png",25.767649535,FALSE,FALSE
11,2619,40.521327014,171,251,46.045503792,425,923,422,TRUE,"SO","Kleinlützel","Kleinlützel","Kleinlützel","Kleinlützel SO","Kleinlützel (SO)","Kleinlützel (SO)","Solothurn","Soleure","Soletta","https://thumb.wikimedia.org/wikipedia/commons/thumb/5/58/CHE_Kleinl%C3%BCtzel_COA.svg/500px-CHE_Kleinl%C3%BCtzel_COA.svg.png",25.767649535,FALSE,FALSE
11,2620,24.686192469,59,180,51.287553648,239,466,239,TRUE,"SO","Meltingen","Meltingen","Meltingen","Meltingen SO","Meltingen (SO)","Meltingen (SO)","Solothurn","Soleure","Soletta","https://upload.wikimedia.org/wikipedia/commons/1/11/Meltingen-blason.png",25.767649535,FALSE,FALSE
11,2621,21.398002853,150,551,45.942408377,702,1528,701,TRUE,"SO","Nunningen","Nunningen","Nunningen","Nunningen SO","Nunningen (SO)","Nunningen (SO)","Solothurn","Soleure","Soletta","https://upload.wikimedia.org/wikipedia/commons/0/0d/Nunningen-blason.png",25.767649535,FALSE,FALSE
11,2622,20.754716981,44,168,44.915254237,212,472,212,TRUE,"SO","Zullwil","Zullwil","Zullwil","Zullwil SO","Zullwil (SO)","Zullwil (SO)","Solothurn","Soleure","Soletta","https://thumb.wikimedia.org/wikipedia/commons/thumb/8/86/Zullwil-blazon.svg/250px-Zullwil-blazon.svg.png",25.767649535,FALSE,FALSE
12,2701,38.03262279,16718,27239,49.41238669,44862,90791,43957,FALSE,"BS","Basel","Bâle","Basilea","Basel BS","Bâle (BS)","Basilea (BS)","Basel-Stadt","Bâle-Ville","Basilea Città","https://thumb.wikimedia.org/wikipedia/commons/thumb/7/7d/Wappen_Basel-Stadt_matt.svg/960px-Wappen_Basel-Stadt_matt.svg.png",36.439015362,FALSE,FALSE
12,2702,21.806167401,99,355,58.92169448,459,779,454,FALSE,"BS","Bettingen","Bettingen","Bettingen","Bettingen BS","Bettingen (BS)","Bettingen (BS)","Basel-Stadt","Bâle-Ville","Basilea Città","https://thumb.wikimedia.org/wikipedia/commons/thumb/b/bb/CHE_Bettingen_BS_COA.svg/500px-CHE_Bettingen_BS_COA.svg.png",36.439015362,FALSE,FALSE
12,2703,27.163005153,2003,5371,56.758195786,7462,13147,7374,FALSE,"BS","Riehen","Riehen","Riehen","Riehen BS","Riehen (BS)","Riehen (BS)","Basel-Stadt","Bâle-Ville","Basilea Città","https://thumb.wikimedia.org/wikipedia/commons/thumb/a/aa/CHE_Riehen_COA.svg/500px-CHE_Riehen_COA.svg.png",36.439015362,FALSE,FALSE
13,2761,23.202023853,642,2125,40.002848191,2809,7022,2767,TRUE,"BL","Aesch BL","Aesch (BL)","Aesch BL","Aesch BL","Aesch (BL)","Aesch (BL)","Basel-Landschaft","Bâle-Campagne","Basilea Campagna","https://thumb.wikimedia.org/wikipedia/commons/thumb/3/32/CHE_Aesch_BL_COA.svg/960px-CHE_Aesch_BL_COA.svg.png",26.631160164,FALSE,FALSE
13,2762,28.231624098,1448,3681,40.563827375,5367,13231,5129,TRUE,"BL","Allschwil","Allschwil","Allschwil","Allschwil BL","Allschwil (BL)","Allschwil (BL)","Basel-Landschaft","Bâle-Campagne","Basilea Campagna","https://thumb.wikimedia.org/wikipedia/commons/thumb/3/3c/CHE_Allschwil_COA.svg/960px-CHE_Allschwil_COA.svg.png",26.631160164,FALSE,FALSE
13,2763,34.981745768,1054,1959,49.363507779,3141,6363,3013,TRUE,"BL","Arlesheim","Arlesheim","Arlesheim","Arlesheim BL","Arlesheim (BL)","Arlesheim (BL)","Basel-Landschaft","Bâle-Campagne","Basilea Campagna","https://thumb.wikimedia.org/wikipedia/commons/thumb/d/db/CHE_Arlesheim_COA.svg/960px-CHE_Arlesheim_COA.svg.png",26.631160164,FALSE,FALSE
13,2764,26.416539051,345,961,50.170519136,1324,2639,1306,TRUE,"BL","Biel-Benken","Biel-Benken","Biel-Benken","Biel-Benken BL","Biel-Benken (BL)","Biel-Benken (BL)","Basel-Landschaft","Bâle-Campagne","Basilea Campagna","https://thumb.wikimedia.org/wikipedia/commons/thumb/d/d0/CHE_Biel-Benken_COA.svg/960px-CHE_Biel-Benken_COA.svg.png",26.631160164,FALSE,FALSE
13,2765,27.420375448,1300,3441,49.68956743,4882,9825,4741,TRUE,"BL","Binningen","Binningen","Binningen","Binningen BL","Binningen (BL)","Binningen (BL)","Basel-Landschaft","Bâle-Campagne","Basilea Campagna","https://thumb.wikimedia.org/wikipedia/commons/thumb/5/56/CHE_Binningen_COA.svg/500px-CHE_Binningen_COA.svg.png",26.631160164,FALSE,FALSE
13,2766,32.670867668,674,1389,36.374347753,2161,5941,2063,TRUE,"BL","Birsfelden","Birsfelden","Birsfelden","Birsfelden BL","Birsfelden (BL)","Birsfelden (BL)","Basel-Landschaft","Bâle-Campagne","Basilea Campagna","https://thumb.wikimedia.org/wikipedia/commons/thumb/8/8d/Coat_of_arms_of_Birsfelden.svg/960px-Coat_of_arms_of_Birsfelden.svg.png",26.631160164,FALSE,FALSE
13,2767,24.51584507,557,1715,53.824820892,2329,4327,2272,TRUE,"BL","Bottmingen","Bottmingen","Bottmingen","Bottmingen BL","Bottmingen (BL)","Bottmingen (BL)","Basel-Landschaft","Bâle-Campagne","Basilea Campagna","https://thumb.wikimedia.org/wikipedia/commons/thumb/b/bd/CHE_Bottmingen_COA.svg/960px-CHE_Bottmingen_COA.svg.png",26.631160164,FALSE,FALSE
13,2768,25.438596491,435,1275,46.077145106,1756,3811,1710,TRUE,"BL","Ettingen","Ettingen","Ettingen","Ettingen BL","Ettingen (BL)","Ettingen (BL)","Basel-Landschaft","Bâle-Campagne","Basilea Campagna","https://thumb.wikimedia.org/wikipedia/commons/thumb/8/87/Coat_of_arms_of_Ettingen.svg/960px-Coat_of_arms_of_Ettingen.svg.png",26.631160164,FALSE,FALSE
13,2769,29.938965628,932,2181,41.360508893,3186,7703,3113,TRUE,"BL","Münchenstein","Münchenstein","Münchenstein","Münchenstein BL","Münchenstein (BL)","Münchenstein (BL)","Basel-Landschaft","Bâle-Campagne","Basilea Campagna","https://thumb.wikimedia.org/wikipedia/commons/thumb/7/7d/CHE_M%C3%BCnchenstein_COA.svg/500px-CHE_M%C3%BCnchenstein_COA.svg.png",26.631160164,FALSE,FALSE
13,2770,26.506024096,1298,3599,41.573127131,5000,12027,4897,TRUE,"BL","Muttenz","Muttenz","Muttenz","Muttenz BL","Muttenz (BL)","Muttenz (BL)","Basel-Landschaft","Bâle-Campagne","Basilea Campagna","https://upload.wikimedia.org/wikipedia/commons/6/67/Wappen_Muttenz.png",26.631160164,FALSE,FALSE
13,2771,24.868804665,853,2577,46.878349411,3499,7464,3430,TRUE,"BL","Oberwil BL","Oberwil (BL)","Oberwil BL","Oberwil BL","Oberwil (BL)","Oberwil (BL)","Basel-Landschaft","Bâle-Campagne","Basilea Campagna","https://thumb.wikimedia.org/wikipedia/commons/thumb/2/2a/CHE_Oberwil_BL_COA.svg/960px-CHE_Oberwil_BL_COA.svg.png",26.631160164,FALSE,FALSE
13,2772,21.728971963,186,670,50.607990735,874,1727,856,TRUE,"BL","Pfeffingen","Pfeffingen","Pfeffingen","Pfeffingen BL","Pfeffingen (BL)","Pfeffingen (BL)","Basel-Landschaft","Bâle-Campagne","Basilea Campagna","https://thumb.wikimedia.org/wikipedia/commons/thumb/0/07/Coat_of_arms_of_Pfeffingen_BL.svg/960px-Coat_of_arms_of_Pfeffingen_BL.svg.png",26.631160164,FALSE,FALSE
13,2773,23.653136531,1282,4138,41.150377052,5566,13526,5420,TRUE,"BL","Reinach BL","Reinach (BL)","Reinach BL","Reinach BL","Reinach (BL)","Reinach (BL)","Basel-Landschaft","Bâle-Campagne","Basilea Campagna","https://thumb.wikimedia.org/wikipedia/commons/thumb/a/af/CHE_Reinach_BL_COA.svg/960px-CHE_Reinach_BL_COA.svg.png",26.631160164,FALSE,FALSE
13,2774,26.989619377,156,422,53.496821072,589,1101,578,TRUE,"BL","Schönenbuch","Schönenbuch","Schönenbuch","Schönenbuch BL","Schönenbuch (BL)","Schönenbuch (BL)","Basel-Landschaft","Bâle-Campagne","Basilea Campagna","https://thumb.wikimedia.org/wikipedia/commons/thumb/6/6b/CHE_Sch%C3%B6nenbuch_COA.svg/500px-CHE_Sch%C3%B6nenbuch_COA.svg.png",26.631160164,FALSE,FALSE
13,2775,,,,,,,,FALSE,"BL","Therwil","Therwil","Therwil","Therwil BL","Therwil (BL)","Therwil (BL)","Basel-Landschaft","Bâle-Campagne","Basilea Campagna","https://thumb.wikimedia.org/wikipedia/commons/thumb/4/4a/Coat_of_arms_of_Therwil.svg/960px-Coat_of_arms_of_Therwil.svg.png",26.631160164,FALSE,FALSE
13,2781,27.6816609,80,209,51.413427562,291,566,289,TRUE,"BL","Blauen","Blauen","Blauen","Blauen BL","Blauen (BL)","Blauen (BL)","Basel-Landschaft","Bâle-Campagne","Basilea Campagna","https://thumb.wikimedia.org/wikipedia/commons/thumb/8/87/Coat_of_arms_of_Blauen_BL.svg/960px-Coat_of_arms_of_Blauen_BL.svg.png",26.631160164,FALSE,FALSE
13,2782,22.222222222,112,392,39.520494973,511,1293,504,TRUE,"BL","Brislach","Brislach","Brislach","Brislach BL","Brislach (BL)","Brislach (BL)","Basel-Landschaft","Bâle-Campagne","Basilea Campagna","https://thumb.wikimedia.org/wikipedia/commons/thumb/0/02/Coat_of_arms_of_Brislach.svg/960px-Coat_of_arms_of_Brislach.svg.png",26.631160164,FALSE,FALSE
13,2783,32.631578947,31,64,47.641509434,101,212,95,TRUE,"BL","Burg im Leimental","Burg im Leimental","Burg im Leimental","Burg im Leimental BL","Burg im Leimental (BL)","Burg im Leimental (BL)","Basel-Landschaft","Bâle-Campagne","Basilea Campagna","https://thumb.wikimedia.org/wikipedia/commons/thumb/4/4e/Coat_of_arms_of_Burg_im_Leimental.svg/960px-Coat_of_arms_of_Burg_im_Leimental.svg.png",26.631160164,FALSE,FALSE
13,2784,31.53526971,76,165,46.139359699,245,531,241,TRUE,"BL","Dittingen","Dittingen","Dittingen","Dittingen BL","Dittingen (BL)","Dittingen (BL)","Basel-Landschaft","Bâle-Campagne","Basilea Campagna","https://upload.wikimedia.org/wikipedia/commons/0/0b/Wappen_Dittingen.png",26.631160164,FALSE,FALSE
13,2785,28.571428571,134,335,44.853635505,475,1059,469,TRUE,"BL","Duggingen","Duggingen","Duggingen","Duggingen BL","Duggingen (BL)","Duggingen (BL)","Basel-Landschaft","Bâle-Campagne","Basilea Campagna","https://upload.wikimedia.org/wikipedia/commons/8/81/Wappen_Duggingen.png",26.631160164,FALSE,FALSE
13,2786,24.41314554,104,322,36.850921273,440,1194,426,TRUE,"BL","Grellingen","Grellingen","Grellingen","Grellingen BL","Grellingen (BL)","Grellingen (BL)","Basel-Landschaft","Bâle-Campagne","Basilea Campagna","https://thumb.wikimedia.org/wikipedia/commons/thumb/a/a4/Grellingen_coat_of_arms.svg/960px-Grellingen_coat_of_arms.svg.png",26.631160164,FALSE,FALSE
13,2787,28.588516746,478,1194,46.749654219,1690,3615,1672,TRUE,"BL","Laufen","Laufon","Laufon","Laufen BL","Laufon (BL)","Laufon (BL)","Basel-Landschaft","Bâle-Campagne","Basilea Campagna","https://thumb.wikimedia.org/wikipedia/commons/thumb/e/e6/CHE_Laufen_BL_official_COA.svg/500px-CHE_Laufen_BL_official_COA.svg.png",26.631160164,FALSE,FALSE
13,2788,22.71468144,82,279,42.772511848,361,844,361,TRUE,"BL","Liesberg","Liesberg","Liesberg","Liesberg BL","Liesberg (BL)","Liesberg (BL)","Basel-Landschaft","Bâle-Campagne","Basilea Campagna","https://upload.wikimedia.org/wikipedia/commons/b/b5/Wappen_Liesberg.png",26.631160164,FALSE,FALSE
13,2789,29.411764706,50,120,51.796407186,173,334,170,TRUE,"BL","Nenzlingen","Nenzlingen","Nenzlingen","Nenzlingen BL","Nenzlingen (BL)","Nenzlingen (BL)","Basel-Landschaft","Bâle-Campagne","Basilea Campagna","https://thumb.wikimedia.org/wikipedia/commons/thumb/d/da/Wappen_Nenzlingen.png/960px-Wappen_Nenzlingen.png",26.631160164,FALSE,FALSE
13,2790,28.409090909,25,63,39.224137931,91,232,88,TRUE,"BL","Roggenburg","Roggenburg","Roggenburg","Roggenburg BL","Roggenburg (BL)","Roggenburg (BL)","Basel-Landschaft","Bâle-Campagne","Basilea Campagna","https://upload.wikimedia.org/wikipedia/commons/a/ad/Wappen_Roggenburg_BL.png",26.631160164,FALSE,FALSE
13,2791,27.272727273,183,488,46.15902965,685,1484,671,TRUE,"BL","Röschenz","Röschenz","Röschenz","Röschenz BL","Röschenz (BL)","Röschenz (BL)","Basel-Landschaft","Bâle-Campagne","Basilea Campagna","https://thumb.wikimedia.org/wikipedia/commons/thumb/4/4a/CHE_R%C3%B6schenz_COA.svg/960px-CHE_R%C3%B6schenz_COA.svg.png",26.631160164,FALSE,FALSE
13,2792,25.446428571,114,334,39.929015084,450,1127,448,TRUE,"BL","Wahlen","Wahlen","Wahlen","Wahlen BL","Wahlen (BL)","Wahlen (BL)","Basel-Landschaft","Bâle-Campagne","Basilea Campagna","https://upload.wikimedia.org/wikipedia/commons/7/7a/Wappen_Wahlen.png",26.631160164,FALSE,FALSE
13,2793,23.297491039,130,428,32.577079697,560,1719,558,TRUE,"BL","Zwingen","Zwingen","Zwingen","Zwingen BL","Zwingen (BL)","Zwingen (BL)","Basel-Landschaft","Bâle-Campagne","Basilea Campagna","https://thumb.wikimedia.org/wikipedia/commons/thumb/f/f5/Coat_of_arms_of_Zwingen.svg/960px-Coat_of_arms_of_Zwingen.svg.png",26.631160164,FALSE,FALSE
13,2821,19.6,98,402,42.522974102,509,1197,500,TRUE,"BL","Arisdorf","Arisdorf","Arisdorf","Arisdorf BL","Arisdorf (BL)","Arisdorf (BL)","Basel-Landschaft","Bâle-Campagne","Basilea Campagna","https://upload.wikimedia.org/wikipedia/commons/3/36/Wappen_Arisdorf.png",26.631160164,FALSE,FALSE
13,2822,23.588039867,71,230,41.746248295,306,733,301,TRUE,"BL","Augst","Augst","Augst","Augst BL","Augst (BL)","Augst (BL)","Basel-Landschaft","Bâle-Campagne","Basilea Campagna","https://upload.wikimedia.org/wikipedia/commons/5/53/Wappen_Augst.png",26.631160164,FALSE,FALSE
13,2823,23.550212164,333,1081,46.784565916,1455,3110,1414,TRUE,"BL","Bubendorf","Bubendorf","Bubendorf","Bubendorf BL","Bubendorf (BL)","Bubendorf (BL)","Basel-Landschaft","Bâle-Campagne","Basilea Campagna","https://thumb.wikimedia.org/wikipedia/commons/thumb/4/41/Coat_of_arms_of_Bubendorf_BL.svg/960px-Coat_of_arms_of_Bubendorf_BL.svg.png",26.631160164,FALSE,FALSE
13,2824,28.560490046,373,933,37.933954276,1344,3543,1306,TRUE,"BL","Frenkendorf","Frenkendorf","Frenkendorf","Frenkendorf BL","Frenkendorf (BL)","Frenkendorf (BL)","Basel-Landschaft","Bâle-Campagne","Basilea Campagna","https://thumb.wikimedia.org/wikipedia/commons/thumb/5/5e/CHE_Frenkendorf_COA.svg/500px-CHE_Frenkendorf_COA.svg.png",26.631160164,FALSE,FALSE
13,2825,22.015915119,249,882,42.477876106,1152,2712,1131,TRUE,"BL","Füllinsdorf","Füllinsdorf","Füllinsdorf","Füllinsdorf BL","Füllinsdorf (BL)","Füllinsdorf (BL)","Basel-Landschaft","Bâle-Campagne","Basilea Campagna","https://upload.wikimedia.org/wikipedia/commons/f/f5/Wappen_Fuellinsdorf.png",26.631160164,FALSE,FALSE
13,2826,26.071428571,73,207,42.136498516,284,674,280,TRUE,"BL","Giebenach","Giebenach","Giebenach","Giebenach BL","Giebenach (BL)","Giebenach (BL)","Basel-Landschaft","Bâle-Campagne","Basilea Campagna","https://thumb.wikimedia.org/wikipedia/commons/thumb/2/20/Coat_of_arms_of_Giebenach.svg/960px-Coat_of_arms_of_Giebenach.svg.png",26.631160164,FALSE,FALSE
13,2827,31.967213115,39,83,41.694915254,123,295,122,TRUE,"BL","Hersberg","Hersberg","Hersberg","Hersberg BL","Hersberg (BL)","Hersberg (BL)","Basel-Landschaft","Bâle-Campagne","Basilea Campagna","https://thumb.wikimedia.org/wikipedia/commons/thumb/1/1a/Coat_of_arms_of_Hersberg.svg/960px-Coat_of_arms_of_Hersberg.svg.png",26.631160164,FALSE,FALSE
13,2828,24.929971989,356,1072,40.933370818,1456,3557,1428,TRUE,"BL","Lausen","Lausen","Lausen","Lausen BL","Lausen (BL)","Lausen (BL)","Basel-Landschaft","Bâle-Campagne","Basilea Campagna","https://thumb.wikimedia.org/wikipedia/commons/thumb/8/89/CHE_Lausen_BL_COA.svg/960px-CHE_Lausen_BL_COA.svg.png",26.631160164,FALSE,FALSE
13,2829,31.936778726,1273,2713,42.4651796,4055,9549,3986,TRUE,"BL","Liestal","Liestal","Liestal","Liestal BL","Liestal (BL)","Liestal (BL)","Basel-Landschaft","Bâle-Campagne","Basilea Campagna","https://thumb.wikimedia.org/wikipedia/commons/thumb/8/82/Coat_of_arms_of_Liestal.svg/960px-Coat_of_arms_of_Liestal.svg.png",26.631160164,FALSE,FALSE
13,2830,28.652751423,151,376,47.733333333,537,1125,527,TRUE,"BL","Lupsingen","Lupsingen","Lupsingen","Lupsingen BL","Lupsingen (BL)","Lupsingen (BL)","Basel-Landschaft","Bâle-Campagne","Basilea Campagna","https://upload.wikimedia.org/wikipedia/commons/5/5f/Wappen_Lupsingen.png",26.631160164,FALSE,FALSE
13,2831,27.473363775,722,1906,33.165705875,2704,8153,2628,TRUE,"BL","Pratteln","Pratteln","Pratteln","Pratteln BL","Pratteln (BL)","Pratteln (BL)","Basel-Landschaft","Bâle-Campagne","Basilea Campagna","https://thumb.wikimedia.org/wikipedia/commons/thumb/4/4a/Pratteln-coat_of_arms.svg/960px-Pratteln-coat_of_arms.svg.png",26.631160164,FALSE,FALSE
13,2832,30.64516129,76,172,46.481481481,251,540,248,TRUE,"BL","Ramlinsburg","Ramlinsburg","Ramlinsburg","Ramlinsburg BL","Ramlinsburg (BL)","Ramlinsburg (BL)","Basel-Landschaft","Bâle-Campagne","Basilea Campagna","https://thumb.wikimedia.org/wikipedia/commons/thumb/1/10/Coat_of_arms_of_Ramlinsburg.svg/960px-Coat_of_arms_of_Ramlinsburg.svg.png",26.631160164,FALSE,FALSE
13,2833,28.125,153,391,53.365384615,555,1040,544,TRUE,"BL","Seltisberg","Seltisberg","Seltisberg","Seltisberg BL","Seltisberg (BL)","Seltisberg (BL)","Basel-Landschaft","Bâle-Campagne","Basilea Campagna","https://thumb.wikimedia.org/wikipedia/commons/thumb/f/f9/Coat_of_arms_of_Seltisberg.svg/960px-Coat_of_arms_of_Seltisberg.svg.png",26.631160164,FALSE,FALSE
13,2834,30.700447094,206,465,52.428681573,680,1297,671,TRUE,"BL","Ziefen","Ziefen","Ziefen","Ziefen BL","Ziefen (BL)","Ziefen (BL)","Basel-Landschaft","Bâle-Campagne","Basilea Campagna","https://thumb.wikimedia.org/wikipedia/commons/thumb/e/e4/CHE_Ziefen_COA.svg/960px-CHE_Ziefen_COA.svg.png",26.631160164,FALSE,FALSE
13,2841,22.5,45,155,48.009367681,205,427,200,TRUE,"BL","Anwil","Anwil","Anwil","Anwil BL","Anwil (BL)","Anwil (BL)","Basel-Landschaft","Bâle-Campagne","Basilea Campagna","https://thumb.wikimedia.org/wikipedia/commons/thumb/2/23/Coat_of_arms_of_Anwil.svg/960px-Coat_of_arms_of_Anwil.svg.png",26.631160164,FALSE,FALSE
13,2842,,,,,,,,FALSE,"BL","Böckten","Böckten","Böckten","Böckten BL","Böckten (BL)","Böckten (BL)","Basel-Landschaft","Bâle-Campagne","Basilea Campagna","https://thumb.wikimedia.org/wikipedia/commons/thumb/7/7f/Coat_of_arms_of_Boeckten.svg/960px-Coat_of_arms_of_Boeckten.svg.png",26.631160164,FALSE,FALSE
13,2843,31.308411215,67,147,42.436149312,216,509,214,TRUE,"BL","Buckten","Buckten","Buckten","Buckten BL","Buckten (BL)","Buckten (BL)","Basel-Landschaft","Bâle-Campagne","Basilea Campagna","https://thumb.wikimedia.org/wikipedia/commons/thumb/3/39/Coat_of_arms_of_Buckten.svg/960px-Coat_of_arms_of_Buckten.svg.png",26.631160164,FALSE,FALSE
13,2844,24.861878453,90,272,44.621026895,365,818,362,TRUE,"BL","Buus","Buus","Buus","Buus BL","Buus (BL)","Buus (BL)","Basel-Landschaft","Bâle-Campagne","Basilea Campagna","https://thumb.wikimedia.org/wikipedia/commons/thumb/5/50/CHE_Buus_COA.svg/960px-CHE_Buus_COA.svg.png",26.631160164,FALSE,FALSE
13,2845,19.339622642,41,171,38.797814208,213,549,212,TRUE,"BL","Diepflingen","Diepflingen","Diepflingen","Diepflingen BL","Diepflingen (BL)","Diepflingen (BL)","Basel-Landschaft","Bâle-Campagne","Basilea Campagna","https://thumb.wikimedia.org/wikipedia/commons/thumb/5/5d/Coat_of_arms_of_Diepflingen.svg/960px-Coat_of_arms_of_Diepflingen.svg.png",26.631160164,FALSE,FALSE
13,2846,27.415966387,522,1382,43.335581029,1928,4449,1904,TRUE,"BL","Gelterkinden","Gelterkinden","Gelterkinden","Gelterkinden BL","Gelterkinden (BL)","Gelterkinden (BL)","Basel-Landschaft","Bâle-Campagne","Basilea Campagna","https://thumb.wikimedia.org/wikipedia/commons/thumb/6/69/CHE_Gelterkinden_COA.svg/960px-CHE_Gelterkinden_COA.svg.png",26.631160164,FALSE,FALSE
13,2847,10.752688172,10,83,45.365853659,93,205,93,TRUE,"BL","Häfelfingen","Häfelfingen","Häfelfingen","Häfelfingen BL","Häfelfingen (BL)","Häfelfingen (BL)","Basel-Landschaft","Bâle-Campagne","Basilea Campagna","https://upload.wikimedia.org/wikipedia/commons/4/45/Haefelfingen-coat_of_arms.png",26.631160164,FALSE,FALSE
13,2848,12.765957447,12,82,45.327102804,97,214,94,TRUE,"BL","Hemmiken","Hemmiken","Hemmiken","Hemmiken BL","Hemmiken (BL)","Hemmiken (BL)","Basel-Landschaft","Bâle-Campagne","Basilea Campagna","https://thumb.wikimedia.org/wikipedia/commons/thumb/b/b8/Coat_of_arms_of_Hemmiken.svg/960px-Coat_of_arms_of_Hemmiken.svg.png",26.631160164,FALSE,FALSE
13,2849,,,,,,,,FALSE,"BL","Itingen","Itingen","Itingen","Itingen BL","Itingen (BL)","Itingen (BL)","Basel-Landschaft","Bâle-Campagne","Basilea Campagna","https://thumb.wikimedia.org/wikipedia/commons/thumb/9/90/Wappen_Itingen.svg/500px-Wappen_Itingen.svg.png",26.631160164,FALSE,FALSE
13,2850,30.898876404,55,123,42.619047619,179,420,178,TRUE,"BL","Känerkinden","Känerkinden","Känerkinden","Känerkinden BL","Känerkinden (BL)","Känerkinden (BL)","Basel-Landschaft","Bâle-Campagne","Basilea Campagna","https://upload.wikimedia.org/wikipedia/commons/f/f5/Wappen_Kaenerkinden.png",26.631160164,FALSE,FALSE
13,2851,27.058823529,23,62,59.440559441,85,143,85,TRUE,"BL","Kilchberg BL","Kilchberg (BL)","Kilchberg BL","Kilchberg BL","Kilchberg (BL)","Kilchberg (BL)","Basel-Landschaft","Bâle-Campagne","Basilea Campagna","https://thumb.wikimedia.org/wikipedia/commons/thumb/7/7e/Coat_of_arms_of_Kilchberg_BL.svg/960px-Coat_of_arms_of_Kilchberg_BL.svg.png",26.631160164,FALSE,FALSE
13,2852,21.503131524,103,376,46.235521236,479,1036,479,TRUE,"BL","Läufelfingen","Läufelfingen","Läufelfingen","Läufelfingen BL","Läufelfingen (BL)","Läufelfingen (BL)","Basel-Landschaft","Bâle-Campagne","Basilea Campagna","https://upload.wikimedia.org/wikipedia/commons/2/2f/Wappen_Laeufelfingen.png",26.631160164,FALSE,FALSE
13,2853,23.033707865,82,274,51.575931232,360,698,356,TRUE,"BL","Maisprach","Maisprach","Maisprach","Maisprach BL","Maisprach (BL)","Maisprach (BL)","Basel-Landschaft","Bâle-Campagne","Basilea Campagna","https://thumb.wikimedia.org/wikipedia/commons/thumb/6/61/Coat_of_arms_of_Maisprach.svg/960px-Coat_of_arms_of_Maisprach.svg.png",26.631160164,FALSE,FALSE
13,2854,32.456140351,37,77,51.111111111,115,225,114,TRUE,"BL","Nusshof","Nusshof","Nusshof","Nusshof BL","Nusshof (BL)","Nusshof (BL)","Basel-Landschaft","Bâle-Campagne","Basilea Campagna","https://thumb.wikimedia.org/wikipedia/commons/thumb/f/fa/Coat_of_arms_of_Nusshof.svg/960px-Coat_of_arms_of_Nusshof.svg.png",26.631160164,FALSE,FALSE
13,2855,30.733944954,67,151,57.033248082,223,391,218,TRUE,"BL","Oltingen","Oltingen","Oltingen","Oltingen BL","Oltingen (BL)","Oltingen (BL)","Basel-Landschaft","Bâle-Campagne","Basilea Campagna","https://thumb.wikimedia.org/wikipedia/commons/thumb/c/ce/Coat_of_arms_of_Oltingen.svg/960px-Coat_of_arms_of_Oltingen.svg.png",26.631160164,FALSE,FALSE
13,2856,22.740524781,156,530,40.494408476,688,1699,686,TRUE,"BL","Ormalingen","Ormalingen","Ormalingen","Ormalingen BL","Ormalingen (BL)","Ormalingen (BL)","Basel-Landschaft","Bâle-Campagne","Basilea Campagna","https://thumb.wikimedia.org/wikipedia/commons/thumb/0/08/Coat_of_arms_of_Ormalingen.svg/960px-Coat_of_arms_of_Ormalingen.svg.png",26.631160164,FALSE,FALSE
13,2857,19.534883721,42,173,48.026315789,219,456,215,TRUE,"BL","Rickenbach BL","Rickenbach (BL)","Rickenbach BL","Rickenbach BL","Rickenbach (BL)","Rickenbach (BL)","Basel-Landschaft","Bâle-Campagne","Basilea Campagna","https://thumb.wikimedia.org/wikipedia/commons/thumb/d/da/Coat_of_arms_of_Rickenbach_BL.svg/960px-Coat_of_arms_of_Rickenbach_BL.svg.png",26.631160164,FALSE,FALSE
13,2858,25.287356322,66,195,42.764227642,263,615,261,TRUE,"BL","Rothenfluh","Rothenfluh","Rothenfluh","Rothenfluh BL","Rothenfluh (BL)","Rothenfluh (BL)","Basel-Landschaft","Bâle-Campagne","Basilea Campagna","https://thumb.wikimedia.org/wikipedia/commons/thumb/4/4b/Coat_of_arms_of_Rothenfluh.svg/960px-Coat_of_arms_of_Rothenfluh.svg.png",26.631160164,FALSE,FALSE
13,2859,17,17,83,34.68013468,103,297,100,TRUE,"BL","Rümlingen","Rümlingen","Rümlingen","Rümlingen BL","Rümlingen (BL)","Rümlingen (BL)","Basel-Landschaft","Bâle-Campagne","Basilea Campagna","https://upload.wikimedia.org/wikipedia/commons/3/3c/Wappen_Ruemlingen.png",26.631160164,FALSE,FALSE
13,2860,28.911564626,85,209,46.624803768,297,637,294,TRUE,"BL","Rünenberg","Rünenberg","Rünenberg","Rünenberg BL","Rünenberg (BL)","Rünenberg (BL)","Basel-Landschaft","Bâle-Campagne","Basilea Campagna","https://thumb.wikimedia.org/wikipedia/commons/thumb/c/ce/Coat_of_arms_of_Ruenenberg.svg/960px-Coat_of_arms_of_Ruenenberg.svg.png",26.631160164,FALSE,FALSE
13,2861,28.280018544,610,1547,45.029719205,2197,4879,2157,TRUE,"BL","Sissach","Sissach","Sissach","Sissach BL","Sissach (BL)","Sissach (BL)","Basel-Landschaft","Bâle-Campagne","Basilea Campagna","https://upload.wikimedia.org/wikipedia/commons/9/95/Wappen_Sissach.png",26.631160164,FALSE,FALSE
13,2862,23.11827957,43,143,38.047808765,191,502,186,TRUE,"BL","Tecknau","Tecknau","Tecknau","Tecknau BL","Tecknau (BL)","Tecknau (BL)","Basel-Landschaft","Bâle-Campagne","Basilea Campagna","https://thumb.wikimedia.org/wikipedia/commons/thumb/9/94/Coat_of_arms_of_Tecknau.svg/960px-Coat_of_arms_of_Tecknau.svg.png",26.631160164,FALSE,FALSE
13,2863,22.695035461,64,218,41.799709724,288,689,282,TRUE,"BL","Tenniken","Tenniken","Tenniken","Tenniken BL","Tenniken (BL)","Tenniken (BL)","Basel-Landschaft","Bâle-Campagne","Basilea Campagna","https://thumb.wikimedia.org/wikipedia/commons/thumb/9/96/Coat_of_arms_of_Tenniken.svg/960px-Coat_of_arms_of_Tenniken.svg.png",26.631160164,FALSE,FALSE
13,2864,18.372703412,70,311,39.068825911,386,988,381,TRUE,"BL","Thürnen","Thürnen","Thürnen","Thürnen BL","Thürnen (BL)","Thürnen (BL)","Basel-Landschaft","Bâle-Campagne","Basilea Campagna","https://thumb.wikimedia.org/wikipedia/commons/thumb/d/d0/CHE_Th%C3%BCrnen_COA.svg/960px-CHE_Th%C3%BCrnen_COA.svg.png",26.631160164,FALSE,FALSE
13,2865,24.429967427,75,232,54.72027972,313,572,307,TRUE,"BL","Wenslingen","Wenslingen","Wenslingen","Wenslingen BL","Wenslingen (BL)","Wenslingen (BL)","Basel-Landschaft","Bâle-Campagne","Basilea Campagna","https://thumb.wikimedia.org/wikipedia/commons/thumb/4/4a/CHE_Wenslingen_COA.svg/960px-CHE_Wenslingen_COA.svg.png",26.631160164,FALSE,FALSE
13,2866,21.951219512,45,160,46.666666667,210,450,205,TRUE,"BL","Wintersingen","Wintersingen","Wintersingen","Wintersingen BL","Wintersingen (BL)","Wintersingen (BL)","Basel-Landschaft","Bâle-Campagne","Basilea Campagna","https://thumb.wikimedia.org/wikipedia/commons/thumb/b/b5/CHE_Wintersingen_COA.svg/960px-CHE_Wintersingen_COA.svg.png",26.631160164,FALSE,FALSE
13,2867,19.718309859,42,171,59.116022099,214,362,213,TRUE,"BL","Wittinsburg","Wittinsburg","Wittinsburg","Wittinsburg BL","Wittinsburg (BL)","Wittinsburg (BL)","Basel-Landschaft","Bâle-Campagne","Basilea Campagna","https://thumb.wikimedia.org/wikipedia/commons/thumb/c/c7/Coat_of_arms_of_Wittinsburg.svg/960px-Coat_of_arms_of_Wittinsburg.svg.png",26.631160164,FALSE,FALSE
13,2868,22.702702703,42,143,48.717948718,190,390,185,TRUE,"BL","Zeglingen","Zeglingen","Zeglingen","Zeglingen BL","Zeglingen (BL)","Zeglingen (BL)","Basel-Landschaft","Bâle-Campagne","Basilea Campagna","https://thumb.wikimedia.org/wikipedia/commons/thumb/d/dc/Coat_of_arms_of_Zeglingen.svg/960px-Coat_of_arms_of_Zeglingen.svg.png",26.631160164,FALSE,FALSE
13,2869,23.803363519,184,589,43.218012081,787,1821,773,TRUE,"BL","Zunzgen","Zunzgen","Zunzgen","Zunzgen BL","Zunzgen (BL)","Zunzgen (BL)","Basel-Landschaft","Bâle-Campagne","Basilea Campagna","https://thumb.wikimedia.org/wikipedia/commons/thumb/d/db/Coat_of_arms_of_Zunzgen.svg/960px-Coat_of_arms_of_Zunzgen.svg.png",26.631160164,FALSE,FALSE
13,2881,20.183486239,44,174,49.336283186,223,452,218,TRUE,"BL","Arboldswil","Arboldswil","Arboldswil","Arboldswil BL","Arboldswil (BL)","Arboldswil (BL)","Basel-Landschaft","Bâle-Campagne","Basilea Campagna","https://thumb.wikimedia.org/wikipedia/commons/thumb/e/e0/CHE_Arboldswil_COA.svg/960px-CHE_Arboldswil_COA.svg.png",26.631160164,FALSE,FALSE
13,2882,18.385650224,41,182,44.378698225,225,507,223,TRUE,"BL","Bennwil","Bennwil","Bennwil","Bennwil BL","Bennwil (BL)","Bennwil (BL)","Basel-Landschaft","Bâle-Campagne","Basilea Campagna","https://thumb.wikimedia.org/wikipedia/commons/thumb/0/0f/CHE_Bennwil_COA.svg/960px-CHE_Bennwil_COA.svg.png",26.631160164,FALSE,FALSE
13,2883,16.52892562,40,202,42.931937173,246,573,242,TRUE,"BL","Bretzwil","Bretzwil","Bretzwil","Bretzwil BL","Bretzwil (BL)","Bretzwil (BL)","Basel-Landschaft","Bâle-Campagne","Basilea Campagna","https://thumb.wikimedia.org/wikipedia/commons/thumb/f/f8/Coat_of_arms_of_Bretzwil.svg/960px-Coat_of_arms_of_Bretzwil.svg.png",26.631160164,FALSE,FALSE
13,2884,14.038461538,73,447,44.644387318,521,1167,520,TRUE,"BL","Diegten","Diegten","Diegten","Diegten BL","Diegten (BL)","Diegten (BL)","Basel-Landschaft","Bâle-Campagne","Basilea Campagna","https://upload.wikimedia.org/wikipedia/commons/7/72/Wappen_Diegten.png",26.631160164,FALSE,FALSE
13,2885,25.906735751,50,143,48.275862069,196,406,193,TRUE,"BL","Eptingen","Eptingen","Eptingen","Eptingen BL","Eptingen (BL)","Eptingen (BL)","Basel-Landschaft","Bâle-Campagne","Basilea Campagna","https://thumb.wikimedia.org/wikipedia/commons/thumb/d/d5/Wappen_Eptingen.svg/960px-Wappen_Eptingen.svg.png",26.631160164,FALSE,FALSE
13,2886,23.152022315,166,551,41.785105173,735,1759,717,TRUE,"BL","Hölstein","Hölstein","Hölstein","Hölstein BL","Hölstein (BL)","Hölstein (BL)","Basel-Landschaft","Bâle-Campagne","Basilea Campagna","https://thumb.wikimedia.org/wikipedia/commons/thumb/e/ee/Wappen_H%C3%B6lstein.svg/960px-Wappen_H%C3%B6lstein.svg.png",26.631160164,FALSE,FALSE
13,2887,26.701570681,51,140,43.820224719,195,445,191,TRUE,"BL","Lampenberg","Lampenberg","Lampenberg","Lampenberg BL","Lampenberg (BL)","Lampenberg (BL)","Basel-Landschaft","Bâle-Campagne","Basilea Campagna","https://thumb.wikimedia.org/wikipedia/commons/thumb/b/bc/Coat_of_arms_of_Lampenberg.svg/960px-Coat_of_arms_of_Lampenberg.svg.png",26.631160164,FALSE,FALSE
13,2888,30.981595092,101,225,46.638655462,333,714,326,TRUE,"BL","Langenbruck","Langenbruck","Langenbruck","Langenbruck BL","Langenbruck (BL)","Langenbruck (BL)","Basel-Landschaft","Bâle-Campagne","Basilea Campagna","https://upload.wikimedia.org/wikipedia/commons/a/a3/Wappen_Langenbruck.png",26.631160164,FALSE,FALSE
13,2889,30.37037037,41,94,49.816849817,136,273,135,TRUE,"BL","Lauwil","Lauwil","Lauwil","Lauwil BL","Lauwil (BL)","Lauwil (BL)","Basel-Landschaft","Bâle-Campagne","Basilea Campagna","https://thumb.wikimedia.org/wikipedia/commons/thumb/2/28/Coat_of_arms_of_Lauwil.svg/960px-Coat_of_arms_of_Lauwil.svg.png",26.631160164,FALSE,FALSE
13,2890,17.647058824,9,42,44.736842105,51,114,51,TRUE,"BL","Liedertswil","Liedertswil","Liedertswil","Liedertswil BL","Liedertswil (BL)","Liedertswil (BL)","Basel-Landschaft","Bâle-Campagne","Basilea Campagna","https://upload.wikimedia.org/wikipedia/commons/4/48/Wappen_Liedertswil.png",26.631160164,FALSE,FALSE
13,2891,21.658986175,94,340,39.000876424,445,1141,434,TRUE,"BL","Niederdorf","Niederdorf","Niederdorf","Niederdorf BL","Niederdorf (BL)","Niederdorf (BL)","Basel-Landschaft","Bâle-Campagne","Basilea Campagna","https://thumb.wikimedia.org/wikipedia/commons/thumb/1/17/Coat_of_arms_of_Niederdorf_BL.svg/960px-Coat_of_arms_of_Niederdorf_BL.svg.png",26.631160164,FALSE,FALSE
13,2892,23.255813953,140,462,38.151364764,615,1612,602,TRUE,"BL","Oberdorf BL","Oberdorf (BL)","Oberdorf BL","Oberdorf BL","Oberdorf (BL)","Oberdorf (BL)","Basel-Landschaft","Bâle-Campagne","Basilea Campagna","https://thumb.wikimedia.org/wikipedia/commons/thumb/b/be/Coat_of_arms_of_Oberdorf_BL.svg/960px-Coat_of_arms_of_Oberdorf_BL.svg.png",26.631160164,FALSE,FALSE
13,2893,26.666666667,136,374,42.079207921,510,1212,510,TRUE,"BL","Reigoldswil","Reigoldswil","Reigoldswil","Reigoldswil BL","Reigoldswil (BL)","Reigoldswil (BL)","Basel-Landschaft","Bâle-Campagne","Basilea Campagna","https://upload.wikimedia.org/wikipedia/commons/c/c0/Wappen_Reigoldswil.png",26.631160164,FALSE,FALSE
13,2894,33.513513514,62,123,53.351955307,191,358,185,TRUE,"BL","Titterten","Titterten","Titterten","Titterten BL","Titterten (BL)","Titterten (BL)","Basel-Landschaft","Bâle-Campagne","Basilea Campagna","https://upload.wikimedia.org/wikipedia/commons/d/d9/Wappen_Titterten.png",26.631160164,FALSE,FALSE
13,2895,30.081300813,74,172,34.599156118,246,711,246,TRUE,"BL","Waldenburg","Waldenburg","Waldenburg","Waldenburg BL","Waldenburg (BL)","Waldenburg (BL)","Basel-Landschaft","Bâle-Campagne","Basilea Campagna","https://thumb.wikimedia.org/wikipedia/commons/thumb/0/09/CHE_Waldenburg_BL_COA.svg/500px-CHE_Waldenburg_BL_COA.svg.png",26.631160164,FALSE,FALSE
14,2901,,,,,,,,FALSE,"SH","Gächlingen","Gächlingen","Gächlingen","Gächlingen SH","Gächlingen (SH)","Gächlingen (SH)","Schaffhausen","Schaffhouse","Sciaffusa","https://thumb.wikimedia.org/wikipedia/commons/thumb/0/01/CHE_G%C3%A4chlingen_COA.svg/250px-CHE_G%C3%A4chlingen_COA.svg.png",,FALSE,FALSE
14,2903,,,,,,,,FALSE,"SH","Löhningen","Löhningen","Löhningen","Löhningen SH","Löhningen (SH)","Löhningen (SH)","Schaffhausen","Schaffhouse","Sciaffusa","https://thumb.wikimedia.org/wikipedia/commons/thumb/1/19/CHE_L%C3%B6hningen_COA.svg/500px-CHE_L%C3%B6hningen_COA.svg.png",,FALSE,FALSE
14,2904,,,,,,,,FALSE,"SH","Neunkirch","Neunkirch","Neunkirch","Neunkirch SH","Neunkirch (SH)","Neunkirch (SH)","Schaffhausen","Schaffhouse","Sciaffusa","https://upload.wikimedia.org/wikipedia/commons/e/e9/Wappen_Neunkirch.png",,FALSE,FALSE
14,2914,,,,,,,,FALSE,"SH","Büttenhardt","Büttenhardt","Büttenhardt","Büttenhardt SH","Büttenhardt (SH)","Büttenhardt (SH)","Schaffhausen","Schaffhouse","Sciaffusa","https://upload.wikimedia.org/wikipedia/commons/8/88/Wappen_B%C3%BCttenhardt.png",,FALSE,FALSE
14,2915,,,,,,,,FALSE,"SH","Dörflingen","Dörflingen","Dörflingen","Dörflingen SH","Dörflingen (SH)","Dörflingen (SH)","Schaffhausen","Schaffhouse","Sciaffusa","https://thumb.wikimedia.org/wikipedia/commons/thumb/8/82/D%C3%B6rflingen-blazon.svg/250px-D%C3%B6rflingen-blazon.svg.png",,FALSE,FALSE
14,2917,,,,,,,,FALSE,"SH","Lohn SH","Lohn (SH)","Lohn SH","Lohn SH","Lohn (SH)","Lohn (SH)","Schaffhausen","Schaffhouse","Sciaffusa","https://upload.wikimedia.org/wikipedia/commons/5/5a/Wappen_Lohn.png",,FALSE,FALSE
14,2919,,,,,,,,FALSE,"SH","Stetten SH","Stetten (SH)","Stetten SH","Stetten SH","Stetten (SH)","Stetten (SH)","Schaffhausen","Schaffhouse","Sciaffusa","https://thumb.wikimedia.org/wikipedia/commons/thumb/a/a8/Stetten_SH-blazon.svg/250px-Stetten_SH-blazon.svg.png",,FALSE,FALSE
14,2920,,,,,,,,FALSE,"SH","Thayngen","Thayngen","Thayngen","Thayngen SH","Thayngen (SH)","Thayngen (SH)","Schaffhausen","Schaffhouse","Sciaffusa","https://thumb.wikimedia.org/wikipedia/commons/thumb/4/40/Thayngen_Wappen.svg/500px-Thayngen_Wappen.svg.png",,FALSE,FALSE
14,2931,,,,,,,,FALSE,"SH","Bargen SH","Bargen (SH)","Bargen SH","Bargen SH","Bargen (SH)","Bargen (SH)","Schaffhausen","Schaffhouse","Sciaffusa","https://thumb.wikimedia.org/wikipedia/commons/thumb/e/e5/CHE_Bargen_SH_COA.svg/500px-CHE_Bargen_SH_COA.svg.png",,FALSE,FALSE
14,2932,,,,,,,,FALSE,"SH","Beringen","Beringen","Beringen","Beringen SH","Beringen (SH)","Beringen (SH)","Schaffhausen","Schaffhouse","Sciaffusa","https://upload.wikimedia.org/wikipedia/commons/f/f2/Wappen_Beringen.png",,FALSE,FALSE
14,2933,,,,,,,,FALSE,"SH","Buchberg","Buchberg","Buchberg","Buchberg SH","Buchberg (SH)","Buchberg (SH)","Schaffhausen","Schaffhouse","Sciaffusa","https://thumb.wikimedia.org/wikipedia/commons/thumb/5/5b/Buchberg-blazon.svg/250px-Buchberg-blazon.svg.png",,FALSE,FALSE
14,2936,,,,,,,,FALSE,"SH","Merishausen","Merishausen","Merishausen","Merishausen SH","Merishausen (SH)","Merishausen (SH)","Schaffhausen","Schaffhouse","Sciaffusa","https://thumb.wikimedia.org/wikipedia/commons/thumb/6/67/Merishausen-blazon.svg/250px-Merishausen-blazon.svg.png",,FALSE,FALSE
14,2937,,,,,,,,FALSE,"SH","Neuhausen am Rheinfall","Neuhausen am Rheinfall","Neuhausen am Rheinfall","Neuhausen am Rheinfall SH","Neuhausen am Rheinfall (SH)","Neuhausen am Rheinfall (SH)","Schaffhausen","Schaffhouse","Sciaffusa","https://thumb.wikimedia.org/wikipedia/commons/thumb/1/18/Neuhausen_am_Rheinfall-coat_of_arms.svg/500px-Neuhausen_am_Rheinfall-coat_of_arms.svg.png",,FALSE,FALSE
14,2938,,,,,,,,FALSE,"SH","Rüdlingen","Rüdlingen","Rüdlingen","Rüdlingen SH","Rüdlingen (SH)","Rüdlingen (SH)","Schaffhausen","Schaffhouse","Sciaffusa","https://thumb.wikimedia.org/wikipedia/commons/thumb/8/80/R%C3%BCdlingen-blazon.svg/250px-R%C3%BCdlingen-blazon.svg.png",,FALSE,FALSE
14,2939,,,,,,,,FALSE,"SH","Schaffhausen","Schaffhouse","Sciaffusa","Schaffhausen SH","Schaffhouse (SH)","Sciaffusa (SH)","Schaffhausen","Schaffhouse","Sciaffusa","https://thumb.wikimedia.org/wikipedia/commons/thumb/e/e6/CHE_Schaffhausen_%28Stadt%29_COA.svg/500px-CHE_Schaffhausen_%28Stadt%29_COA.svg.png",,FALSE,FALSE
14,2951,,,,,,,,FALSE,"SH","Beggingen","Beggingen","Beggingen","Beggingen SH","Beggingen (SH)","Beggingen (SH)","Schaffhausen","Schaffhouse","Sciaffusa","https://thumb.wikimedia.org/wikipedia/commons/thumb/c/cf/Beggingen-blazon.svg/250px-Beggingen-blazon.svg.png",,FALSE,FALSE
14,2952,,,,,,,,FALSE,"SH","Schleitheim","Schleitheim","Schleitheim","Schleitheim SH","Schleitheim (SH)","Schleitheim (SH)","Schaffhausen","Schaffhouse","Sciaffusa","https://thumb.wikimedia.org/wikipedia/commons/thumb/a/aa/CHE_Schleitheim_COA.svg/500px-CHE_Schleitheim_COA.svg.png",,FALSE,FALSE
14,2953,,,,,,,,FALSE,"SH","Siblingen","Siblingen","Siblingen","Siblingen SH","Siblingen (SH)","Siblingen (SH)","Schaffhausen","Schaffhouse","Sciaffusa","https://upload.wikimedia.org/wikipedia/commons/5/51/Wappen_Siblingen.png",,FALSE,FALSE
14,2961,,,,,,,,FALSE,"SH","Buch SH","Buch (SH)","Buch SH","Buch SH","Buch (SH)","Buch (SH)","Schaffhausen","Schaffhouse","Sciaffusa","https://upload.wikimedia.org/wikipedia/commons/5/51/Wappen_Buch.png",,FALSE,FALSE
14,2962,,,,,,,,FALSE,"SH","Hemishofen","Hemishofen","Hemishofen","Hemishofen SH","Hemishofen (SH)","Hemishofen (SH)","Schaffhausen","Schaffhouse","Sciaffusa","https://thumb.wikimedia.org/wikipedia/commons/thumb/3/3c/Hemishofen-blazon.svg/250px-Hemishofen-blazon.svg.png",,FALSE,FALSE
14,2963,,,,,,,,FALSE,"SH","Ramsen","Ramsen","Ramsen","Ramsen SH","Ramsen (SH)","Ramsen (SH)","Schaffhausen","Schaffhouse","Sciaffusa","https://upload.wikimedia.org/wikipedia/commons/c/c3/Wappen_Ramsen.png",,FALSE,FALSE
14,2964,,,,,,,,FALSE,"SH","Stein am Rhein","Stein am Rhein","Stein am Rhein","Stein am Rhein SH","Stein am Rhein (SH)","Stein am Rhein (SH)","Schaffhausen","Schaffhouse","Sciaffusa","https://thumb.wikimedia.org/wikipedia/commons/thumb/8/8a/Stein_am_Rhein-coat_of_arms.svg/500px-Stein_am_Rhein-coat_of_arms.svg.png",,FALSE,FALSE
14,2971,,,,,,,,FALSE,"SH","Hallau","Hallau","Hallau","Hallau SH","Hallau (SH)","Hallau (SH)","Schaffhausen","Schaffhouse","Sciaffusa","https://thumb.wikimedia.org/wikipedia/commons/thumb/8/89/Hallau-blazon.svg/250px-Hallau-blazon.svg.png",,FALSE,FALSE
14,2972,,,,,,,,FALSE,"SH","Oberhallau","Oberhallau","Oberhallau","Oberhallau SH","Oberhallau (SH)","Oberhallau (SH)","Schaffhausen","Schaffhouse","Sciaffusa","https://thumb.wikimedia.org/wikipedia/commons/thumb/c/c8/Oberhallau-blazon.svg/250px-Oberhallau-blazon.svg.png",,FALSE,FALSE
14,2973,,,,,,,,FALSE,"SH","Trasadingen","Trasadingen","Trasadingen","Trasadingen SH","Trasadingen (SH)","Trasadingen (SH)","Schaffhausen","Schaffhouse","Sciaffusa","https://upload.wikimedia.org/wikipedia/commons/0/03/Wappen_Trasadingen.png",,FALSE,FALSE
14,2974,,,,,,,,FALSE,"SH","Wilchingen","Wilchingen","Wilchingen","Wilchingen SH","Wilchingen (SH)","Wilchingen (SH)","Schaffhausen","Schaffhouse","Sciaffusa","https://upload.wikimedia.org/wikipedia/commons/4/41/Wappen_Wilchingen.png",,FALSE,FALSE
15,3001,22.273201251,1068,3727,47.250589159,4812,10184,4795,TRUE,"AR","Herisau","Herisau","Herisau","Herisau AR","Herisau (AR)","Herisau (AR)","Appenzell Ausserrhoden","Appenzell Rhodes-Extérieures","Appenzello Esterno","https://thumb.wikimedia.org/wikipedia/commons/thumb/9/97/CHE_Herisau_COA.svg/250px-CHE_Herisau_COA.svg.png",25.639435007,FALSE,FALSE
15,3002,14.794520548,54,311,49.392712551,366,741,365,TRUE,"AR","Hundwil","Hundwil","Hundwil","Hundwil AR","Hundwil (AR)","Hundwil (AR)","Appenzell Ausserrhoden","Appenzell Rhodes-Extérieures","Appenzello Esterno","https://thumb.wikimedia.org/wikipedia/commons/thumb/2/2e/CHE_Hundwil_COA.svg/960px-CHE_Hundwil_COA.svg.png",25.639435007,FALSE,FALSE
15,3003,20.085470085,47,187,55.172413793,240,435,234,TRUE,"AR","Schönengrund","Schönengrund","Schönengrund","Schönengrund AR","Schönengrund (AR)","Schönengrund (AR)","Appenzell Ausserrhoden","Appenzell Rhodes-Extérieures","Appenzello Esterno","https://thumb.wikimedia.org/wikipedia/commons/thumb/4/4c/CHE_Sch%C3%B6nengrund_COA.svg/500px-CHE_Sch%C3%B6nengrund_COA.svg.png",25.639435007,FALSE,FALSE
15,3004,15.048543689,93,525,53.556126821,625,1167,618,TRUE,"AR","Schwellbrunn","Schwellbrunn","Schwellbrunn","Schwellbrunn AR","Schwellbrunn (AR)","Schwellbrunn (AR)","Appenzell Ausserrhoden","Appenzell Rhodes-Extérieures","Appenzello Esterno","https://thumb.wikimedia.org/wikipedia/commons/thumb/d/d2/Schwellbrunn-blazon.svg/250px-Schwellbrunn-blazon.svg.png",25.639435007,FALSE,FALSE
15,3005,28.797468354,182,450,57.002676182,639,1121,632,TRUE,"AR","Stein AR","Stein (AR)","Stein AR","Stein AR","Stein (AR)","Stein (AR)","Appenzell Ausserrhoden","Appenzell Rhodes-Extérieures","Appenzello Esterno","https://thumb.wikimedia.org/wikipedia/commons/thumb/9/92/CHE_Stein_AR_COA.svg/500px-CHE_Stein_AR_COA.svg.png",25.639435007,FALSE,FALSE
15,3006,12.072434608,120,874,57.232704403,1001,1749,994,TRUE,"AR","Urnäsch","Urnäsch","Urnäsch","Urnäsch AR","Urnäsch (AR)","Urnäsch (AR)","Appenzell Ausserrhoden","Appenzell Rhodes-Extérieures","Appenzello Esterno","https://thumb.wikimedia.org/wikipedia/commons/thumb/a/a1/Urn%C3%A4sch_wappen.svg/250px-Urn%C3%A4sch_wappen.svg.png",25.639435007,FALSE,FALSE
15,3007,16.329479769,113,579,51.029411765,694,1360,692,TRUE,"AR","Waldstatt","Waldstatt","Waldstatt","Waldstatt AR","Waldstatt (AR)","Waldstatt (AR)","Appenzell Ausserrhoden","Appenzell Rhodes-Extérieures","Appenzello Esterno","https://thumb.wikimedia.org/wikipedia/commons/thumb/b/bb/CHE_Waldstatt_COA.svg/960px-CHE_Waldstatt_COA.svg.png",25.639435007,FALSE,FALSE
15,3021,27.926421405,167,431,49.71240756,605,1217,598,TRUE,"AR","Bühler","Bühler","Bühler","Bühler AR","Bühler (AR)","Bühler (AR)","Appenzell Ausserrhoden","Appenzell Rhodes-Extérieures","Appenzello Esterno","https://thumb.wikimedia.org/wikipedia/commons/thumb/c/c2/CHE_B%C3%BChler_COA.svg/500px-CHE_B%C3%BChler_COA.svg.png",25.639435007,FALSE,FALSE
15,3022,28.988458927,427,1046,63.597612958,1492,2346,1473,TRUE,"AR","Gais","Gais","Gais","Gais AR","Gais (AR)","Gais (AR)","Appenzell Ausserrhoden","Appenzell Rhodes-Extérieures","Appenzello Esterno","https://thumb.wikimedia.org/wikipedia/commons/thumb/0/07/CHE_Gais_COA.svg/960px-CHE_Gais_COA.svg.png",25.639435007,FALSE,FALSE
15,3023,30.263866451,562,1295,58.705216845,1868,3182,1857,TRUE,"AR","Speicher","Speicher","Speicher","Speicher AR","Speicher (AR)","Speicher (AR)","Appenzell Ausserrhoden","Appenzell Rhodes-Extérieures","Appenzello Esterno","https://thumb.wikimedia.org/wikipedia/commons/thumb/5/55/CHE_Speicher_COA.svg/960px-CHE_Speicher_COA.svg.png",25.639435007,FALSE,FALSE
15,3024,24.863574352,729,2203,58.535614803,2942,5026,2932,TRUE,"AR","Teufen AR","Teufen (AR)","Teufen AR","Teufen AR","Teufen (AR)","Teufen (AR)","Appenzell Ausserrhoden","Appenzell Rhodes-Extérieures","Appenzello Esterno","https://thumb.wikimedia.org/wikipedia/commons/thumb/4/40/Teufen_wappen.svg/500px-Teufen_wappen.svg.png",25.639435007,FALSE,FALSE
15,3025,39.529120198,319,488,57.02247191,812,1424,807,TRUE,"AR","Trogen","Trogen","Trogen","Trogen AR","Trogen (AR)","Trogen (AR)","Appenzell Ausserrhoden","Appenzell Rhodes-Extérieures","Appenzello Esterno","https://thumb.wikimedia.org/wikipedia/commons/thumb/1/12/Trogen_AR_Wappen.svg/960px-Trogen_AR_Wappen.svg.png",25.639435007,FALSE,FALSE
15,3031,28.491620112,102,256,52.180232558,359,688,358,TRUE,"AR","Grub AR","Grub (AR)","Grub AR","Grub AR","Grub (AR)","Grub (AR)","Appenzell Ausserrhoden","Appenzell Rhodes-Extérieures","Appenzello Esterno","https://thumb.wikimedia.org/wikipedia/commons/thumb/c/ca/CHE_Grub_AR_COA.svg/500px-CHE_Grub_AR_COA.svg.png",25.639435007,FALSE,FALSE
15,3032,30.585683297,423,960,49.700598802,1411,2839,1383,TRUE,"AR","Heiden","Heiden","Heiden","Heiden AR","Heiden (AR)","Heiden (AR)","Appenzell Ausserrhoden","Appenzell Rhodes-Extérieures","Appenzello Esterno","https://thumb.wikimedia.org/wikipedia/commons/thumb/a/a3/CHE_Heiden_COA.svg/500px-CHE_Heiden_COA.svg.png",25.639435007,FALSE,FALSE
15,3033,21.231422505,100,371,54.55568054,485,889,471,TRUE,"AR","Lutzenberg","Lutzenberg","Lutzenberg","Lutzenberg AR","Lutzenberg (AR)","Lutzenberg (AR)","Appenzell Ausserrhoden","Appenzell Rhodes-Extérieures","Appenzello Esterno","https://thumb.wikimedia.org/wikipedia/commons/thumb/1/19/CHE_Lutzenberg_COA.svg/500px-CHE_Lutzenberg_COA.svg.png",25.639435007,FALSE,FALSE
15,3034,38.440111421,276,442,57.120622568,734,1285,718,TRUE,"AR","Rehetobel","Rehetobel","Rehetobel","Rehetobel AR","Rehetobel (AR)","Rehetobel (AR)","Appenzell Ausserrhoden","Appenzell Rhodes-Extérieures","Appenzello Esterno","https://thumb.wikimedia.org/wikipedia/commons/thumb/2/2f/CHE_Rehetobel_COA.svg/960px-CHE_Rehetobel_COA.svg.png",25.639435007,FALSE,FALSE
15,3035,20.879120879,57,216,50.644567219,275,543,273,TRUE,"AR","Reute AR","Reute (AR)","Reute AR","Reute AR","Reute (AR)","Reute (AR)","Appenzell Ausserrhoden","Appenzell Rhodes-Extérieures","Appenzello Esterno","https://thumb.wikimedia.org/wikipedia/commons/thumb/b/b7/CHE_Reute_COA.svg/500px-CHE_Reute_COA.svg.png",25.639435007,FALSE,FALSE
15,3036,29.479768786,102,244,51.46627566,351,682,346,TRUE,"AR","Wald AR","Wald (AR)","Wald AR","Wald AR","Wald (AR)","Wald (AR)","Appenzell Ausserrhoden","Appenzell Rhodes-Extérieures","Appenzello Esterno","https://thumb.wikimedia.org/wikipedia/commons/thumb/e/e0/CHE_Wald_AR_COA.svg/500px-CHE_Wald_AR_COA.svg.png",25.639435007,FALSE,FALSE
15,3037,24.53125,157,483,47.314949202,652,1378,640,TRUE,"AR","Walzenhausen","Walzenhausen","Walzenhausen","Walzenhausen AR","Walzenhausen (AR)","Walzenhausen (AR)","Appenzell Ausserrhoden","Appenzell Rhodes-Extérieures","Appenzello Esterno","https://thumb.wikimedia.org/wikipedia/commons/thumb/8/84/CHE_Walzenhausen_COA.svg/500px-CHE_Walzenhausen_COA.svg.png",25.639435007,FALSE,FALSE
15,3038,35.714285714,275,495,56.691176471,771,1360,770,TRUE,"AR","Wolfhalden","Wolfhalden","Wolfhalden","Wolfhalden AR","Wolfhalden (AR)","Wolfhalden (AR)","Appenzell Ausserrhoden","Appenzell Rhodes-Extérieures","Appenzello Esterno","https://thumb.wikimedia.org/wikipedia/commons/thumb/b/b3/CHE_Wolfhalden_COA.svg/500px-CHE_Wolfhalden_COA.svg.png",25.639435007,FALSE,FALSE
16,3101,20.289855072,378,1485,47.061704212,1922,4084,1863,TRUE,"AI","Appenzell","Appenzell","Appenzello","Appenzell AI","Appenzell (AI)","Appenzello (AI)","Appenzell Innerrhoden","Appenzell Rhodes-Intérieures","Appenzello Interno","https://thumb.wikimedia.org/wikipedia/commons/thumb/0/08/Appenzell-blazon.svg/250px-Appenzell-blazon.svg.png",19.70865467,FALSE,FALSE
16,3102,16.23246493,81,418,47.388059701,508,1072,499,TRUE,"AI","Gonten","Gonten","Gonten","Gonten AI","Gonten (AI)","Gonten (AI)","Appenzell Innerrhoden","Appenzell Rhodes-Intérieures","Appenzello Interno","https://thumb.wikimedia.org/wikipedia/commons/thumb/2/27/Gonten-blazon.svg/250px-Gonten-blazon.svg.png",19.70865467,FALSE,FALSE
16,3104,11.34751773,48,375,51.995163241,430,827,423,TRUE,"AI","Schlatt-Haslen","Schlatt-Haslen","Schlatt-Haslen","Schlatt-Haslen AI","Schlatt-Haslen (AI)","Schlatt-Haslen (AI)","Appenzell Innerrhoden","Appenzell Rhodes-Intérieures","Appenzello Interno","https://thumb.wikimedia.org/wikipedia/commons/thumb/0/03/CHE_Schlatt-Haslen_COA.svg/250px-CHE_Schlatt-Haslen_COA.svg.png",19.70865467,FALSE,FALSE
16,3111,21.38284251,167,614,54.425087108,781,1435,781,TRUE,"AI","Oberegg","Oberegg","Oberegg","Oberegg AI","Oberegg (AI)","Oberegg (AI)","Appenzell Innerrhoden","Appenzell Rhodes-Intérieures","Appenzello Interno","https://thumb.wikimedia.org/wikipedia/commons/thumb/5/5c/CHE_Oberegg_COA.svg/960px-CHE_Oberegg_COA.svg.png",19.70865467,FALSE,FALSE
16,3112,20,428,1712,48.554913295,2184,4498,2140,TRUE,"AI","Schwende-Rüti","Schwende-Rüti","Schwende-Rüti","Schwende-Rüti AI","Schwende-Rüti (AI)","Schwende-Rüti (AI)","Appenzell Innerrhoden","Appenzell Rhodes-Intérieures","Appenzello Interno","https://thumb.wikimedia.org/wikipedia/commons/thumb/0/08/CHE_Schwende-R%C3%BCte_COA.svg/250px-CHE_Schwende-R%C3%BCte_COA.svg.png",19.70865467,FALSE,FALSE
17,3201,17.73255814,122,566,72.037422037,693,962,688,TRUE,"SG","Häggenschwil","Häggenschwil","Häggenschwil","Häggenschwil SG","Häggenschwil (SG)","Häggenschwil (SG)","St. Gallen","Saint-Gall","San Gallo","https://thumb.wikimedia.org/wikipedia/commons/thumb/1/1b/H%C3%A4ggenschwil-blazon.svg/250px-H%C3%A4ggenschwil-blazon.svg.png",24.056931049,FALSE,FALSE
17,3202,14.711729622,74,429,55.739514349,505,906,503,TRUE,"SG","Muolen","Muolen","Muolen","Muolen SG","Muolen (SG)","Muolen (SG)","St. Gallen","Saint-Gall","San Gallo","https://thumb.wikimedia.org/wikipedia/commons/thumb/a/a5/Muolen-coat_of_arms.svg/960px-Muolen-coat_of_arms.svg.png",24.056931049,FALSE,FALSE
17,3203,34.442049574,7031,13383,47.071717241,20616,43797,20414,TRUE,"SG","St. Gallen","Saint-Gall","San Gallo","St. Gallen SG","Saint-Gall (SG)","San Gallo (SG)","St. Gallen","Saint-Gall","San Gallo","https://thumb.wikimedia.org/wikipedia/commons/thumb/9/90/CHE_St._Gallen_COA.svg/960px-CHE_St._Gallen_COA.svg.png",24.056931049,FALSE,FALSE
17,3204,22.692601068,595,2027,44.880546075,2630,5860,2622,TRUE,"SG","Wittenbach","Wittenbach","Wittenbach","Wittenbach SG","Wittenbach (SG)","Wittenbach (SG)","St. Gallen","Saint-Gall","San Gallo","https://thumb.wikimedia.org/wikipedia/commons/thumb/2/21/Wittenbach-blazon.svg/250px-Wittenbach-blazon.svg.png",24.056931049,FALSE,FALSE
17,3211,20.670391061,74,284,51.798561151,360,695,358,TRUE,"SG","Berg SG","Berg (SG)","Berg SG","Berg SG","Berg (SG)","Berg (SG)","St. Gallen","Saint-Gall","San Gallo","https://thumb.wikimedia.org/wikipedia/commons/thumb/5/5e/Berg_SG-blazon.svg/250px-Berg_SG-blazon.svg.png",24.056931049,FALSE,FALSE
17,3212,21.956295525,211,750,56.705882353,964,1700,961,TRUE,"SG","Eggersriet","Eggersriet","Eggersriet","Eggersriet SG","Eggersriet (SG)","Eggersriet (SG)","St. Gallen","Saint-Gall","San Gallo","https://thumb.wikimedia.org/wikipedia/commons/thumb/9/91/Eggersriet-blazon.svg/250px-Eggersriet-blazon.svg.png",24.056931049,FALSE,FALSE
17,3213,21.142857143,555,2070,45.32967033,2640,5824,2625,TRUE,"SG","Goldach","Goldach","Goldach","Goldach SG","Goldach (SG)","Goldach (SG)","St. Gallen","Saint-Gall","San Gallo","https://thumb.wikimedia.org/wikipedia/commons/thumb/c/c3/Goldach-blazon.svg/250px-Goldach-blazon.svg.png",24.056931049,FALSE,FALSE
17,3214,20.012507817,320,1279,59.461453338,1612,2711,1599,TRUE,"SG","Mörschwil","Mörschwil","Mörschwil","Mörschwil SG","Mörschwil (SG)","Mörschwil (SG)","St. Gallen","Saint-Gall","San Gallo","https://thumb.wikimedia.org/wikipedia/commons/thumb/0/0d/M%C3%B6rschwil-blazon.svg/250px-M%C3%B6rschwil-blazon.svg.png",24.056931049,FALSE,FALSE
17,3215,33.618581907,550,1086,39.23627685,1644,4190,1636,TRUE,"SG","Rorschach","Rorschach","Rorschach","Rorschach SG","Rorschach (SG)","Rorschach (SG)","St. Gallen","Saint-Gall","San Gallo","https://thumb.wikimedia.org/wikipedia/commons/thumb/3/3c/CHE_Rorschach_COA.svg/250px-CHE_Rorschach_COA.svg.png",24.056931049,FALSE,FALSE
17,3216,24.088973024,509,1604,48.374630598,2128,4399,2113,TRUE,"SG","Rorschacherberg","Rorschacherberg","Rorschacherberg","Rorschacherberg SG","Rorschacherberg (SG)","Rorschacherberg (SG)","St. Gallen","Saint-Gall","San Gallo","https://thumb.wikimedia.org/wikipedia/commons/thumb/8/8b/Rorschacherberg-blazon.svg/250px-Rorschacherberg-blazon.svg.png",24.056931049,FALSE,FALSE
17,3217,25.100806452,249,743,45.202364711,994,2199,992,TRUE,"SG","Steinach","Steinach","Steinach","Steinach SG","Steinach (SG)","Steinach (SG)","St. Gallen","Saint-Gall","San Gallo","https://thumb.wikimedia.org/wikipedia/commons/thumb/5/54/Steinach-blazon.svg/250px-Steinach-blazon.svg.png",24.056931049,FALSE,FALSE
17,3218,17.315175097,89,425,48.722800378,515,1057,514,TRUE,"SG","Tübach","Tübach","Tübach","Tübach SG","Tübach (SG)","Tübach (SG)","St. Gallen","Saint-Gall","San Gallo","https://thumb.wikimedia.org/wikipedia/commons/thumb/6/6d/T%C3%BCbach-blazon.svg/250px-T%C3%BCbach-blazon.svg.png",24.056931049,FALSE,FALSE
17,3219,21.428571429,87,319,55.540355677,406,731,406,TRUE,"SG","Untereggen","Untereggen","Untereggen","Untereggen SG","Untereggen (SG)","Untereggen (SG)","St. Gallen","Saint-Gall","San Gallo","https://thumb.wikimedia.org/wikipedia/commons/thumb/3/33/Untereggen-blazon.svg/250px-Untereggen-blazon.svg.png",24.056931049,FALSE,FALSE
17,3231,20.905739863,397,1502,43.829004826,1907,4351,1899,TRUE,"SG","Au SG","Au (SG)","Au SG","Au SG","Au (SG)","Au (SG)","St. Gallen","Saint-Gall","San Gallo","https://thumb.wikimedia.org/wikipedia/commons/thumb/b/b6/Wappen_Au_Kanton_St._Gallen.svg/250px-Wappen_Au_Kanton_St._Gallen.svg.png",24.056931049,FALSE,FALSE
17,3232,24.256756757,359,1121,46.930379747,1483,3160,1480,TRUE,"SG","Balgach","Balgach","Balgach","Balgach SG","Balgach (SG)","Balgach (SG)","St. Gallen","Saint-Gall","San Gallo","https://thumb.wikimedia.org/wikipedia/commons/thumb/8/82/Balgach-blazon.svg/250px-Balgach-blazon.svg.png",24.056931049,FALSE,FALSE
17,3233,23.552425665,301,977,50.058616647,1281,2559,1278,TRUE,"SG","Berneck","Berneck","Berneck","Berneck SG","Berneck (SG)","Berneck (SG)","St. Gallen","Saint-Gall","San Gallo","https://thumb.wikimedia.org/wikipedia/commons/thumb/1/1a/Berneck-blazon.svg/250px-Berneck-blazon.svg.png",24.056931049,FALSE,FALSE
17,3234,17.967032967,327,1493,44.648542738,1823,4083,1820,TRUE,"SG","Diepoldsau","Diepoldsau","Diepoldsau","Diepoldsau SG","Diepoldsau (SG)","Diepoldsau (SG)","St. Gallen","Saint-Gall","San Gallo","https://upload.wikimedia.org/wikipedia/commons/f/fe/Coat_Diepoldsau.gif",24.056931049,FALSE,FALSE
17,3235,22.317073171,183,637,43.746673763,822,1879,820,TRUE,"SG","Rheineck","Rheineck","Rheineck","Rheineck SG","Rheineck (SG)","Rheineck (SG)","St. Gallen","Saint-Gall","San Gallo","https://thumb.wikimedia.org/wikipedia/commons/thumb/b/ba/Rheineck-coat_of_arms.svg/500px-Rheineck-coat_of_arms.svg.png",24.056931049,FALSE,FALSE
17,3236,21.068548387,209,783,38.836846214,995,2562,992,TRUE,"SG","St. Margrethen","St. Margrethen","St. Margrethen","St. Margrethen SG","St. Margrethen (SG)","St. Margrethen (SG)","St. Gallen","Saint-Gall","San Gallo","https://thumb.wikimedia.org/wikipedia/commons/thumb/7/75/StMargrethen-blazon.svg/250px-StMargrethen-blazon.svg.png",24.056931049,FALSE,FALSE
17,3237,23.026004728,487,1628,47.201783724,2117,4485,2115,TRUE,"SG","Thal","Thal","Thal","Thal SG","Thal (SG)","Thal (SG)","St. Gallen","Saint-Gall","San Gallo","https://thumb.wikimedia.org/wikipedia/commons/thumb/4/4f/Thal_SG-blazon.svg/250px-Thal_SG-blazon.svg.png",24.056931049,FALSE,FALSE
17,3238,23.842762675,649,2073,44.995877988,2729,6065,2722,TRUE,"SG","Widnau","Widnau","Widnau","Widnau SG","Widnau (SG)","Widnau (SG)","St. Gallen","Saint-Gall","San Gallo","https://thumb.wikimedia.org/wikipedia/commons/thumb/b/b8/Widnau-blazon.svg/250px-Widnau-blazon.svg.png",24.056931049,FALSE,FALSE
17,3251,23.178613396,789,2615,46.70404814,3415,7312,3404,TRUE,"SG","Altstätten","Altstätten","Altstätten","Altstätten SG","Altstätten (SG)","Altstätten (SG)","St. Gallen","Saint-Gall","San Gallo","https://thumb.wikimedia.org/wikipedia/commons/thumb/2/2e/CHE_Altst%C3%A4tten_SG_COA.svg/500px-CHE_Altst%C3%A4tten_SG_COA.svg.png",24.056931049,FALSE,FALSE
17,3252,23.443223443,128,418,51.79245283,549,1060,546,TRUE,"SG","Eichberg","Eichberg","Eichberg","Eichberg SG","Eichberg (SG)","Eichberg (SG)","St. Gallen","Saint-Gall","San Gallo","https://thumb.wikimedia.org/wikipedia/commons/thumb/0/09/CHE_Eichberg_COA.svg/500px-CHE_Eichberg_COA.svg.png",24.056931049,FALSE,FALSE
17,3253,25.181950509,173,514,50.513950073,688,1362,687,TRUE,"SG","Marbach SG","Marbach (SG)","Marbach SG","Marbach SG","Marbach (SG)","Marbach (SG)","St. Gallen","Saint-Gall","San Gallo","https://thumb.wikimedia.org/wikipedia/commons/thumb/1/1e/Marbach-blazon.svg/250px-Marbach-blazon.svg.png",24.056931049,FALSE,FALSE
17,3254,16.728002676,500,2489,48.843648208,2999,6140,2989,TRUE,"SG","Oberriet SG","Oberriet (SG)","Oberriet SG","Oberriet SG","Oberriet (SG)","Oberriet (SG)","St. Gallen","Saint-Gall","San Gallo","https://thumb.wikimedia.org/wikipedia/commons/thumb/2/2d/Oberriet-blazon.svg/250px-Oberriet-blazon.svg.png",24.056931049,FALSE,FALSE
17,3255,22.92358804,276,928,43.827160494,1207,2754,1204,TRUE,"SG","Rebstein","Rebstein","Rebstein","Rebstein SG","Rebstein (SG)","Rebstein (SG)","St. Gallen","Saint-Gall","San Gallo","https://thumb.wikimedia.org/wikipedia/commons/thumb/1/12/Rebstein-blazon.svg/250px-Rebstein-blazon.svg.png",24.056931049,FALSE,FALSE
17,3256,17.46031746,132,624,50.771294433,757,1491,756,TRUE,"SG","Rüthi SG","Rüthi (SG)","Rüthi SG","Rüthi SG","Rüthi (SG)","Rüthi (SG)","St. Gallen","Saint-Gall","San Gallo","https://thumb.wikimedia.org/wikipedia/commons/thumb/7/77/R%C3%BCthi-blazon.svg/250px-R%C3%BCthi-blazon.svg.png",24.056931049,FALSE,FALSE
17,3271,24.282169443,685,2136,44.481132075,2829,6360,2821,TRUE,"SG","Buchs SG","Buchs (SG)","Buchs SG","Buchs SG","Buchs (SG)","Buchs (SG)","St. Gallen","Saint-Gall","San Gallo","https://thumb.wikimedia.org/wikipedia/commons/thumb/e/e8/CHE_Buchs_SG_COA.svg/500px-CHE_Buchs_SG_COA.svg.png",24.056931049,FALSE,FALSE
17,3272,21.614583333,249,903,52.526172053,1154,2197,1152,TRUE,"SG","Gams","Gams","Gams","Gams SG","Gams (SG)","Gams (SG)","St. Gallen","Saint-Gall","San Gallo","https://thumb.wikimedia.org/wikipedia/commons/thumb/c/c1/Gams-blazon.svg/250px-Gams-blazon.svg.png",24.056931049,FALSE,FALSE
17,3273,22.64573991,505,1725,47.942563223,2237,4666,2230,TRUE,"SG","Grabs","Grabs","Grabs","Grabs SG","Grabs (SG)","Grabs (SG)","St. Gallen","Saint-Gall","San Gallo","https://thumb.wikimedia.org/wikipedia/commons/thumb/7/77/Grabs-blazon.svg/250px-Grabs-blazon.svg.png",24.056931049,FALSE,FALSE
17,3274,18.47690387,296,1306,47.460129947,1607,3386,1602,TRUE,"SG","Sennwald","Sennwald","Sennwald","Sennwald SG","Sennwald (SG)","Sennwald (SG)","St. Gallen","Saint-Gall","San Gallo","https://thumb.wikimedia.org/wikipedia/commons/thumb/4/45/CHE_Sennwald_COA.svg/500px-CHE_Sennwald_COA.svg.png",24.056931049,FALSE,FALSE
17,3275,21.749598716,271,975,47.856049005,1250,2612,1246,TRUE,"SG","Sevelen","Sevelen","Sevelen","Sevelen SG","Sevelen (SG)","Sevelen (SG)","St. Gallen","Saint-Gall","San Gallo","https://thumb.wikimedia.org/wikipedia/commons/thumb/2/23/CHE_Sevelen_COA.svg/500px-CHE_Sevelen_COA.svg.png",24.056931049,FALSE,FALSE
17,3276,22.222222222,320,1120,47.931148626,1448,3021,1440,TRUE,"SG","Wartau","Wartau","Wartau","Wartau SG","Wartau (SG)","Wartau (SG)","St. Gallen","Saint-Gall","San Gallo","https://thumb.wikimedia.org/wikipedia/commons/thumb/a/ac/CHE_Wartau_COA.svg/960px-CHE_Wartau_COA.svg.png",24.056931049,FALSE,FALSE
17,3291,23.178458289,439,1455,48.006057547,1902,3962,1894,TRUE,"SG","Bad Ragaz","Bad Ragaz","Bad Ragaz","Bad Ragaz SG","Bad Ragaz (SG)","Bad Ragaz (SG)","St. Gallen","Saint-Gall","San Gallo","https://thumb.wikimedia.org/wikipedia/commons/thumb/8/8b/BadRagaz-blazon.svg/250px-BadRagaz-blazon.svg.png",24.056931049,FALSE,FALSE
17,3292,18.822724162,275,1186,43.344203973,1462,3373,1461,TRUE,"SG","Flums","Flums","Flums","Flums SG","Flums (SG)","Flums (SG)","St. Gallen","Saint-Gall","San Gallo","https://thumb.wikimedia.org/wikipedia/commons/thumb/7/7e/Flums-blazon.svg/250px-Flums-blazon.svg.png",24.056931049,FALSE,FALSE
17,3293,18.343405617,516,2297,45.607506876,2819,6181,2813,TRUE,"SG","Mels","Mels","Mels","Mels SG","Mels (SG)","Mels (SG)","St. Gallen","Saint-Gall","San Gallo","https://thumb.wikimedia.org/wikipedia/commons/thumb/5/5c/CHE_Mels_COA.svg/960px-CHE_Mels_COA.svg.png",24.056931049,FALSE,FALSE
17,3294,14.285714286,87,522,53.744493392,610,1135,609,TRUE,"SG","Pfäfers","Pfäfers","Pfäfers","Pfäfers SG","Pfäfers (SG)","Pfäfers (SG)","St. Gallen","Saint-Gall","San Gallo","https://thumb.wikimedia.org/wikipedia/commons/thumb/4/4f/Pf%C3%A4fers-blazon.svg/250px-Pf%C3%A4fers-blazon.svg.png",24.056931049,FALSE,FALSE
17,3295,20.331186753,221,866,52.70531401,1091,2070,1087,TRUE,"SG","Quarten","Quarten","Quarten","Quarten SG","Quarten (SG)","Quarten (SG)","St. Gallen","Saint-Gall","San Gallo","https://thumb.wikimedia.org/wikipedia/commons/thumb/1/1f/Quarten-blazon.svg/250px-Quarten-blazon.svg.png",24.056931049,FALSE,FALSE
17,3296,27.695934001,470,1227,45.617316943,1707,3742,1697,TRUE,"SG","Sargans","Sargans","Sargans","Sargans SG","Sargans (SG)","Sargans (SG)","St. Gallen","Saint-Gall","San Gallo","https://thumb.wikimedia.org/wikipedia/commons/thumb/a/a1/CHE_Sargans_COA.svg/500px-CHE_Sargans_COA.svg.png",24.056931049,FALSE,FALSE
17,3297,22.261277094,380,1327,49.322571346,1711,3469,1707,TRUE,"SG","Vilters-Wangs","Vilters-Wangs","Vilters-Wangs","Vilters-Wangs SG","Vilters-Wangs (SG)","Vilters-Wangs (SG)","St. Gallen","Saint-Gall","San Gallo","https://thumb.wikimedia.org/wikipedia/commons/thumb/f/fe/ViltersWangs-blazon.svg/250px-ViltersWangs-blazon.svg.png",24.056931049,FALSE,FALSE
17,3298,25.695931478,480,1388,47.405720071,1873,3951,1868,TRUE,"SG","Walenstadt","Walenstadt","Walenstadt","Walenstadt SG","Walenstadt (SG)","Walenstadt (SG)","St. Gallen","Saint-Gall","San Gallo","https://thumb.wikimedia.org/wikipedia/commons/thumb/a/a1/CHE_Walenstadt_COA.svg/960px-CHE_Walenstadt_COA.svg.png",24.056931049,FALSE,FALSE
17,3311,27.037037037,219,591,57.883522727,815,1408,810,TRUE,"SG","Amden","Amden","Amden","Amden SG","Amden (SG)","Amden (SG)","St. Gallen","Saint-Gall","San Gallo","https://thumb.wikimedia.org/wikipedia/commons/thumb/f/f5/Amden-blazon.svg/250px-Amden-blazon.svg.png",24.056931049,FALSE,FALSE
17,3312,17.85046729,191,879,51.023322228,1072,2101,1070,TRUE,"SG","Benken SG","Benken (SG)","Benken SG","Benken SG","Benken (SG)","Benken (SG)","St. Gallen","Saint-Gall","San Gallo","https://thumb.wikimedia.org/wikipedia/commons/thumb/e/e7/Benken_SG-blazon.svg/250px-Benken_SG-blazon.svg.png",24.056931049,FALSE,FALSE
17,3313,20.667926906,328,1259,48.226735374,1591,3299,1587,TRUE,"SG","Kaltbrunn","Kaltbrunn","Kaltbrunn","Kaltbrunn SG","Kaltbrunn (SG)","Kaltbrunn (SG)","St. Gallen","Saint-Gall","San Gallo","https://thumb.wikimedia.org/wikipedia/commons/thumb/1/13/Kaltbrunn-blazon.svg/250px-Kaltbrunn-blazon.svg.png",24.056931049,FALSE,FALSE
17,3315,21.11352133,292,1091,50.473760933,1385,2744,1383,TRUE,"SG","Schänis","Schänis","Schänis","Schänis SG","Schänis (SG)","Schänis (SG)","St. Gallen","Saint-Gall","San Gallo","https://thumb.wikimedia.org/wikipedia/commons/thumb/f/f5/Sch%C3%A4nis-blazon.svg/250px-Sch%C3%A4nis-blazon.svg.png",24.056931049,FALSE,FALSE
17,3316,33.987915408,225,437,50.379362671,664,1318,662,TRUE,"SG","Weesen","Weesen","Weesen","Weesen SG","Weesen (SG)","Weesen (SG)","St. Gallen","Saint-Gall","San Gallo","https://thumb.wikimedia.org/wikipedia/commons/thumb/5/51/Wappen_Weesen.svg/500px-Wappen_Weesen.svg.png",24.056931049,FALSE,FALSE
17,3338,23.017408124,357,1194,62.106102912,1557,2507,1551,TRUE,"SG","Schmerikon","Schmerikon","Schmerikon","Schmerikon SG","Schmerikon (SG)","Schmerikon (SG)","St. Gallen","Saint-Gall","San Gallo","https://thumb.wikimedia.org/wikipedia/commons/thumb/3/31/Wappen_Schmerikon.svg/500px-Wappen_Schmerikon.svg.png",24.056931049,FALSE,FALSE
17,3339,23.112659698,398,1324,43.950177936,1729,3934,1722,TRUE,"SG","Uznach","Uznach","Uznach","Uznach SG","Uznach (SG)","Uznach (SG)","St. Gallen","Saint-Gall","San Gallo","https://thumb.wikimedia.org/wikipedia/commons/thumb/f/f1/CHE_Uznach_COA.svg/960px-CHE_Uznach_COA.svg.png",24.056931049,FALSE,FALSE
17,3340,27.708400043,2596,6773,49.450089033,9442,19094,9369,TRUE,"SG","Rapperswil-Jona","Rapperswil-Jona","Rapperswil-Jona","Rapperswil-Jona SG","Rapperswil-Jona (SG)","Rapperswil-Jona (SG)","St. Gallen","Saint-Gall","San Gallo","https://thumb.wikimedia.org/wikipedia/commons/thumb/e/ee/Rapperswil-Jona_CoA.svg/500px-Rapperswil-Jona_CoA.svg.png",24.056931049,FALSE,FALSE
17,3341,20.384615385,424,1656,52.256770311,2084,3988,2080,TRUE,"SG","Gommiswald","Gommiswald","Gommiswald","Gommiswald SG","Gommiswald (SG)","Gommiswald (SG)","St. Gallen","Saint-Gall","San Gallo","https://thumb.wikimedia.org/wikipedia/commons/thumb/3/3f/CHE_Gommiswald_COA.svg/250px-CHE_Gommiswald_COA.svg.png",24.056931049,FALSE,FALSE
17,3342,19.959325973,687,2755,50.423605025,3452,6846,3442,TRUE,"SG","Eschenbach SG","Eschenbach (SG)","Eschenbach SG","Eschenbach SG","Eschenbach (SG)","Eschenbach (SG)","St. Gallen","Saint-Gall","San Gallo","https://thumb.wikimedia.org/wikipedia/commons/thumb/0/02/CHE_Eschenbach_SG_COA.svg/250px-CHE_Eschenbach_SG_COA.svg.png",24.056931049,FALSE,FALSE
17,3352,23.554603854,440,1428,52.166666667,1878,3600,1868,TRUE,"SG","Ebnat-Kappel","Ebnat-Kappel","Ebnat-Kappel","Ebnat-Kappel SG","Ebnat-Kappel (SG)","Ebnat-Kappel (SG)","St. Gallen","Saint-Gall","San Gallo","https://thumb.wikimedia.org/wikipedia/commons/thumb/2/24/EbnatKappel-blazon.svg/250px-EbnatKappel-blazon.svg.png",24.056931049,FALSE,FALSE
17,3359,19.980694981,207,829,58.870056497,1042,1770,1036,TRUE,"SG","Wildhaus-Alt St. Johann","Wildhaus-Alt St. Johann","Wildhaus-Alt St. Johann","Wildhaus-Alt St. Johann SG","Wildhaus-Alt St. Johann (SG)","Wildhaus-Alt St. Johann (SG)","St. Gallen","Saint-Gall","San Gallo","https://thumb.wikimedia.org/wikipedia/commons/thumb/d/dd/CHE_Wildhaus-Alt_St._Johann_COA.svg/250px-CHE_Wildhaus-Alt_St._Johann_COA.svg.png",24.056931049,FALSE,FALSE
17,3360,18.368617684,295,1311,55.570886513,1611,2899,1606,TRUE,"SG","Nesslau","Nesslau","Nesslau","Nesslau SG","Nesslau (SG)","Nesslau (SG)","St. Gallen","Saint-Gall","San Gallo","https://thumb.wikimedia.org/wikipedia/commons/thumb/4/49/Nesslau-blazon.svg/250px-Nesslau-blazon.svg.png",24.056931049,FALSE,FALSE
17,3374,31.104651163,214,474,49.96384671,691,1383,688,TRUE,"SG","Lichtensteig","Lichtensteig","Lichtensteig","Lichtensteig SG","Lichtensteig (SG)","Lichtensteig (SG)","St. Gallen","Saint-Gall","San Gallo","https://thumb.wikimedia.org/wikipedia/commons/thumb/2/23/Wappen_Lichtensteig.svg/250px-Wappen_Lichtensteig.svg.png",24.056931049,FALSE,FALSE
17,3379,23.655121592,642,2072,48.95029607,2728,5573,2714,TRUE,"SG","Wattwil","Wattwil","Wattwil","Wattwil SG","Wattwil (SG)","Wattwil (SG)","St. Gallen","Saint-Gall","San Gallo","https://thumb.wikimedia.org/wikipedia/commons/thumb/8/8f/CHE_Wattwil_COA.svg/960px-CHE_Wattwil_COA.svg.png",24.056931049,FALSE,FALSE
17,3392,17.771195853,480,2221,50.530429927,2715,5373,2701,TRUE,"SG","Kirchberg SG","Kirchberg (SG)","Kirchberg SG","Kirchberg SG","Kirchberg (SG)","Kirchberg (SG)","St. Gallen","Saint-Gall","San Gallo","https://thumb.wikimedia.org/wikipedia/commons/thumb/0/00/Kirchberg_SG-blazon.svg/250px-Kirchberg_SG-blazon.svg.png",24.056931049,FALSE,FALSE
17,3393,15.498154982,84,458,52.560386473,544,1035,542,TRUE,"SG","Lütisburg","Lütisburg","Lütisburg","Lütisburg SG","Lütisburg (SG)","Lütisburg (SG)","St. Gallen","Saint-Gall","San Gallo","https://thumb.wikimedia.org/wikipedia/commons/thumb/b/bd/Wappen_L%C3%BCtisburg.svg/960px-Wappen_L%C3%BCtisburg.svg.png",24.056931049,FALSE,FALSE
17,3394,13.125512715,160,1059,57.182966776,1222,2137,1219,TRUE,"SG","Mosnang","Mosnang","Mosnang","Mosnang SG","Mosnang (SG)","Mosnang (SG)","St. Gallen","Saint-Gall","San Gallo","https://thumb.wikimedia.org/wikipedia/commons/thumb/4/45/Mosnang-blazon.svg/250px-Mosnang-blazon.svg.png",24.056931049,FALSE,FALSE
17,3395,17.647058824,309,1442,49.257078778,1757,3567,1751,TRUE,"SG","Bütschwil-Ganterschwil","Bütschwil-Ganterschwil","Bütschwil-Ganterschwil","Bütschwil-Ganterschwil SG","Bütschwil-Ganterschwil (SG)","Bütschwil-Ganterschwil (SG)","St. Gallen","Saint-Gall","San Gallo","https://thumb.wikimedia.org/wikipedia/commons/thumb/f/fc/CHE_B%C3%BCtschwil-Ganterschwil_COA.svg/250px-CHE_B%C3%BCtschwil-Ganterschwil_COA.svg.png",24.056931049,FALSE,FALSE
17,3396,23.843988741,593,1894,55.055187638,2494,4530,2487,TRUE,"SG","Neckertal","Neckertal","Neckertal","Neckertal SG","Neckertal (SG)","Neckertal (SG)","St. Gallen","Saint-Gall","San Gallo","https://thumb.wikimedia.org/wikipedia/commons/thumb/4/41/CHE_Neckertal_COA.svg/960px-CHE_Neckertal_COA.svg.png",24.056931049,FALSE,FALSE
17,3401,27.461538462,357,943,48.400297619,1301,2688,1300,TRUE,"SG","Degersheim","Degersheim","Degersheim","Degersheim SG","Degersheim (SG)","Degersheim (SG)","St. Gallen","Saint-Gall","San Gallo","https://thumb.wikimedia.org/wikipedia/commons/thumb/a/a3/CHE_Degersheim_COA.svg/500px-CHE_Degersheim_COA.svg.png",24.056931049,FALSE,FALSE
17,3402,24.168752235,676,2121,46.687697161,2812,6023,2797,TRUE,"SG","Flawil","Flawil","Flawil","Flawil SG","Flawil (SG)","Flawil (SG)","St. Gallen","Saint-Gall","San Gallo","https://thumb.wikimedia.org/wikipedia/commons/thumb/6/61/Wappen_Flawil.svg/960px-Wappen_Flawil.svg.png",24.056931049,FALSE,FALSE
17,3405,21.49122807,294,1074,51.478846874,1375,2671,1368,TRUE,"SG","Jonschwil","Jonschwil","Jonschwil","Jonschwil SG","Jonschwil (SG)","Jonschwil (SG)","St. Gallen","Saint-Gall","San Gallo","https://thumb.wikimedia.org/wikipedia/commons/thumb/c/c7/Jonschwil-blazon.svg/250px-Jonschwil-blazon.svg.png",24.056931049,FALSE,FALSE
17,3407,22.194513716,445,1560,47.821947155,2009,4201,2005,TRUE,"SG","Oberuzwil","Oberuzwil","Oberuzwil","Oberuzwil SG","Oberuzwil (SG)","Oberuzwil (SG)","St. Gallen","Saint-Gall","San Gallo","https://thumb.wikimedia.org/wikipedia/commons/thumb/e/e9/Oberuzwil-coat_of_arms.svg/250px-Oberuzwil-coat_of_arms.svg.png",24.056931049,FALSE,FALSE
17,3408,20.888389092,743,2814,43.623914904,3568,8179,3557,TRUE,"SG","Uzwil","Uzwil","Uzwil","Uzwil SG","Uzwil (SG)","Uzwil (SG)","St. Gallen","Saint-Gall","San Gallo","https://thumb.wikimedia.org/wikipedia/commons/thumb/0/0f/CHE_Uzwil_COA.svg/960px-CHE_Uzwil_COA.svg.png",24.056931049,FALSE,FALSE
17,3422,14.442700157,92,545,58.655616943,637,1086,637,TRUE,"SG","Niederbüren","Niederbüren","Niederbüren","Niederbüren SG","Niederbüren (SG)","Niederbüren (SG)","St. Gallen","Saint-Gall","San Gallo","https://thumb.wikimedia.org/wikipedia/commons/thumb/7/7f/Niederb%C3%BCren-blazon.svg/250px-Niederb%C3%BCren-blazon.svg.png",24.056931049,FALSE,FALSE
17,3423,18.35443038,232,1032,54.623655914,1270,2325,1264,TRUE,"SG","Niederhelfenschwil","Niederhelfenschwil","Niederhelfenschwil","Niederhelfenschwil SG","Niederhelfenschwil (SG)","Niederhelfenschwil (SG)","St. Gallen","Saint-Gall","San Gallo","https://thumb.wikimedia.org/wikipedia/commons/thumb/9/9a/Niederhelfenschwil-blazon.svg/250px-Niederhelfenschwil-blazon.svg.png",24.056931049,FALSE,FALSE
17,3424,15.117014548,239,1342,49.223602484,1585,3220,1581,TRUE,"SG","Oberbüren","Oberbüren","Oberbüren","Oberbüren SG","Oberbüren (SG)","Oberbüren (SG)","St. Gallen","Saint-Gall","San Gallo","https://thumb.wikimedia.org/wikipedia/commons/thumb/6/6d/Oberb%C3%BCren-blazon.svg/250px-Oberb%C3%BCren-blazon.svg.png",24.056931049,FALSE,FALSE
17,3426,19.644723093,376,1538,54.367555303,1917,3526,1914,TRUE,"SG","Zuzwil SG","Zuzwil (SG)","Zuzwil SG","Zuzwil SG","Zuzwil (SG)","Zuzwil (SG)","St. Gallen","Saint-Gall","San Gallo","https://thumb.wikimedia.org/wikipedia/commons/thumb/8/8f/Zuzwil_SG-blazon.svg/250px-Zuzwil_SG-blazon.svg.png",24.056931049,FALSE,FALSE
17,3427,27.763641504,1964,5110,49.685798073,7116,14322,7074,TRUE,"SG","Wil SG","Wil (SG)","Wil SG","Wil SG","Wil (SG)","Wil (SG)","St. Gallen","Saint-Gall","San Gallo","https://thumb.wikimedia.org/wikipedia/commons/thumb/1/17/CHE_Wil_SG_COA.svg/960px-CHE_Wil_SG_COA.svg.png",24.056931049,FALSE,FALSE
17,3441,18.408551069,155,687,55.068672335,842,1529,842,TRUE,"SG","Andwil SG","Andwil (SG)","Andwil SG","Andwil SG","Andwil (SG)","Andwil (SG)","St. Gallen","Saint-Gall","San Gallo","https://thumb.wikimedia.org/wikipedia/commons/thumb/7/70/Andwil_SG-blazon.svg/250px-Andwil_SG-blazon.svg.png",24.056931049,FALSE,FALSE
17,3442,22.16146671,689,2420,52.226314027,3120,5974,3109,TRUE,"SG","Gaiserwald","Gaiserwald","Gaiserwald","Gaiserwald SG","Gaiserwald (SG)","Gaiserwald (SG)","St. Gallen","Saint-Gall","San Gallo","https://thumb.wikimedia.org/wikipedia/commons/thumb/6/6b/Gaiserwald-blazon.svg/250px-Gaiserwald-blazon.svg.png",24.056931049,FALSE,FALSE
17,3443,21.525693096,1219,4444,47.879247829,5678,11859,5663,TRUE,"SG","Gossau SG","Gossau (SG)","Gossau SG","Gossau SG","Gossau (SG)","Gossau (SG)","St. Gallen","Saint-Gall","San Gallo","https://thumb.wikimedia.org/wikipedia/commons/thumb/4/4e/Gossau_SG-blazon.svg/250px-Gossau_SG-blazon.svg.png",24.056931049,FALSE,FALSE
17,3444,15.2,209,1166,54.97005988,1377,2505,1375,TRUE,"SG","Waldkirch","Waldkirch","Waldkirch","Waldkirch SG","Waldkirch (SG)","Waldkirch (SG)","St. Gallen","Saint-Gall","San Gallo","https://thumb.wikimedia.org/wikipedia/commons/thumb/9/9e/Waldkirch-blazon.svg/250px-Waldkirch-blazon.svg.png",24.056931049,FALSE,FALSE
18,3506,22.727272727,220,748,53.121636168,987,1858,968,TRUE,"GR","Vaz/Obervaz","Vaz/Obervaz","Vaz/Obervaz","Vaz/Obervaz GR","Vaz/Obervaz (GR)","Vaz/Obervaz (GR)","Graubünden","Grisons","Grigioni","https://thumb.wikimedia.org/wikipedia/commons/thumb/2/25/CHE_Vaz-Obervaz_COA.svg/250px-CHE_Vaz-Obervaz_COA.svg.png",24.991226598,FALSE,FALSE
18,3513,18.181818182,34,153,47.5,190,400,187,TRUE,"GR","Lantsch/Lenz","Lantsch/Lenz","Lantsch/Lenz","Lantsch/Lenz GR","Lantsch/Lenz (GR)","Lantsch/Lenz (GR)","Graubünden","Grisons","Grigioni","https://thumb.wikimedia.org/wikipedia/commons/thumb/d/d1/CHE_Lantsch-Lenz_COA.svg/250px-CHE_Lantsch-Lenz_COA.svg.png",24.991226598,FALSE,FALSE
18,3514,27.692307692,18,47,42.307692308,66,156,65,TRUE,"GR","Schmitten GR","Schmitten (GR)","Schmitten GR","Schmitten GR","Schmitten (GR)","Schmitten (GR)","Graubünden","Grisons","Grigioni","https://thumb.wikimedia.org/wikipedia/commons/thumb/2/21/CHE_Schmitten_GR_COA.svg/250px-CHE_Schmitten_GR_COA.svg.png",24.991226598,FALSE,FALSE
18,3542,21.063829787,99,371,50.51975052,486,962,470,TRUE,"GR","Albula/Alvra","Albula/Alvra","Albula/Alvra","Albula/Alvra GR","Albula/Alvra (GR)","Albula/Alvra (GR)","Graubünden","Grisons","Grigioni","https://thumb.wikimedia.org/wikipedia/commons/thumb/a/ac/CHE_Albula-Alvra_COA.svg/250px-CHE_Albula-Alvra_COA.svg.png",24.991226598,FALSE,FALSE
18,3543,22.352941176,171,594,42.519251925,773,1818,765,TRUE,"GR","Surses","Surses","Surses","Surses GR","Surses (GR)","Surses (GR)","Graubünden","Grisons","Grigioni","https://thumb.wikimedia.org/wikipedia/commons/thumb/7/7e/CHE_Surses_COA.svg/250px-CHE_Surses_COA.svg.png",24.991226598,FALSE,FALSE
18,3544,24.274406332,92,287,57.831325301,384,664,379,TRUE,"GR","Bergün Filisur","Bergün Filisur","Bergün Filisur","Bergün Filisur GR","Bergün Filisur (GR)","Bergün Filisur (GR)","Graubünden","Grisons","Grigioni","https://thumb.wikimedia.org/wikipedia/commons/thumb/7/77/CHE_Berg%C3%BCn_Filisur_COA.svg/250px-CHE_Berg%C3%BCn_Filisur_COA.svg.png",24.991226598,FALSE,FALSE
18,3551,17.777777778,72,333,46.188340807,412,892,405,TRUE,"GR","Brusio","Brusio","Brusio","Brusio GR","Brusio (GR)","Brusio (GR)","Graubünden","Grisons","Grigioni","https://thumb.wikimedia.org/wikipedia/commons/thumb/d/d9/CHE_Brusio_COA.svg/250px-CHE_Brusio_COA.svg.png",24.991226598,FALSE,FALSE
18,3561,20.108695652,333,1323,59.279972038,1696,2861,1656,TRUE,"GR","Poschiavo","Poschiavo","Poschiavo","Poschiavo GR","Poschiavo (GR)","Poschiavo (GR)","Graubünden","Grisons","Grigioni","https://thumb.wikimedia.org/wikipedia/commons/thumb/1/17/CHE_Poschiavo_COA.svg/250px-CHE_Poschiavo_COA.svg.png",24.991226598,FALSE,FALSE
18,3572,18.75,51,221,54.240631164,275,507,272,TRUE,"GR","Falera","Falera","Falera","Falera GR","Falera (GR)","Falera (GR)","Graubünden","Grisons","Grigioni","https://thumb.wikimedia.org/wikipedia/commons/thumb/c/c0/CHE_Falera_COA.svg/250px-CHE_Falera_COA.svg.png",24.991226598,FALSE,FALSE
18,3575,19.268635724,137,574,49.323410014,729,1478,711,TRUE,"GR","Laax","Laax","Laax","Laax GR","Laax (GR)","Laax (GR)","Graubünden","Grisons","Grigioni","https://thumb.wikimedia.org/wikipedia/commons/thumb/d/d2/CHE_Laax_COA.svg/250px-CHE_Laax_COA.svg.png",24.991226598,FALSE,FALSE
18,3581,30.291970803,83,191,47.018739353,276,587,274,TRUE,"GR","Sagogn","Sagogn","Sagogn","Sagogn GR","Sagogn (GR)","Sagogn (GR)","Graubünden","Grisons","Grigioni","https://thumb.wikimedia.org/wikipedia/commons/thumb/e/e9/CHE_Sagogn_COA.svg/250px-CHE_Sagogn_COA.svg.png",24.991226598,FALSE,FALSE
18,3582,20.27972028,29,114,35.396039604,143,404,143,TRUE,"GR","Schluein","Schluein","Schluein","Schluein GR","Schluein (GR)","Schluein (GR)","Graubünden","Grisons","Grigioni","https://thumb.wikimedia.org/wikipedia/commons/thumb/3/3a/CHE_Schluein_COA.svg/250px-CHE_Schluein_COA.svg.png",24.991226598,FALSE,FALSE
18,3603,14.106583072,45,274,47.2303207,324,686,319,TRUE,"GR","Vals","Vals","Vals","Vals GR","Vals (GR)","Vals (GR)","Graubünden","Grisons","Grigioni","https://thumb.wikimedia.org/wikipedia/commons/thumb/0/07/CHE_Vals_COA.svg/960px-CHE_Vals_COA.svg.png",24.991226598,FALSE,FALSE
18,3618,22.027027027,163,577,43.634259259,754,1728,740,TRUE,"GR","Lumnezia","Lumnezia","Lumnezia","Lumnezia GR","Lumnezia (GR)","Lumnezia (GR)","Graubünden","Grisons","Grigioni","https://thumb.wikimedia.org/wikipedia/commons/thumb/9/9a/CHE_Lumnezia_COA.svg/250px-CHE_Lumnezia_COA.svg.png",24.991226598,FALSE,FALSE
18,3619,25.520523498,429,1252,47.843137255,1708,3570,1681,TRUE,"GR","Ilanz/Glion","Ilanz/Glion","Ilanz/Glion","Ilanz/Glion GR","Ilanz/Glion (GR)","Ilanz/Glion (GR)","Graubünden","Grisons","Grigioni","https://thumb.wikimedia.org/wikipedia/commons/thumb/b/bc/CHE_Ilanz-Glion_COA.svg/250px-CHE_Ilanz-Glion_COA.svg.png",24.991226598,FALSE,FALSE
18,3633,21.96969697,29,103,48.897058824,133,272,132,TRUE,"GR","Fürstenau","Fürstenau","Fürstenau","Fürstenau GR","Fürstenau (GR)","Fürstenau (GR)","Graubünden","Grisons","Grigioni","https://thumb.wikimedia.org/wikipedia/commons/thumb/a/a1/CHE_F%C3%BCrstenau_COA.svg/960px-CHE_F%C3%BCrstenau_COA.svg.png",24.991226598,FALSE,FALSE
18,3637,21.929824561,25,89,48.178137652,119,247,114,TRUE,"GR","Rothenbrunnen","Rothenbrunnen","Rothenbrunnen","Rothenbrunnen GR","Rothenbrunnen (GR)","Rothenbrunnen (GR)","Graubünden","Grisons","Grigioni","https://thumb.wikimedia.org/wikipedia/commons/thumb/3/37/CHE_Rothenbrunnen_COA.svg/250px-CHE_Rothenbrunnen_COA.svg.png",24.991226598,FALSE,FALSE
18,3638,25.974025974,80,228,46.359583952,312,673,308,TRUE,"GR","Scharans","Scharans","Scharans","Scharans GR","Scharans (GR)","Scharans (GR)","Graubünden","Grisons","Grigioni","https://thumb.wikimedia.org/wikipedia/commons/thumb/c/c5/CHE_Scharans_COA.svg/250px-CHE_Scharans_COA.svg.png",24.991226598,FALSE,FALSE
18,3640,18.571428571,52,228,42.55952381,286,672,280,TRUE,"GR","Sils im Domleschg","Sils im Domleschg","Sils im Domleschg","Sils im Domleschg GR","Sils im Domleschg (GR)","Sils im Domleschg (GR)","Graubünden","Grisons","Grigioni","https://thumb.wikimedia.org/wikipedia/commons/thumb/c/cb/CHE_Sils_im_Domleschg_COA.svg/250px-CHE_Sils_im_Domleschg_COA.svg.png",24.991226598,FALSE,FALSE
18,3661,29.295774648,208,502,39.790864062,723,1817,710,TRUE,"GR","Cazis","Cazis","Cazis","Cazis GR","Cazis (GR)","Cazis (GR)","Graubünden","Grisons","Grigioni","https://thumb.wikimedia.org/wikipedia/commons/thumb/a/a9/CHE_Cazis_COA.svg/250px-CHE_Cazis_COA.svg.png",24.991226598,FALSE,FALSE
18,3662,15.833333333,19,101,59.31372549,121,204,120,TRUE,"GR","Flerden","Flerden","Flerden","Flerden GR","Flerden (GR)","Flerden (GR)","Graubünden","Grisons","Grigioni","https://thumb.wikimedia.org/wikipedia/commons/thumb/4/42/CHE_Flerden_COA.svg/250px-CHE_Flerden_COA.svg.png",24.991226598,FALSE,FALSE
18,3663,29.76744186,64,151,52.392344498,219,418,215,TRUE,"GR","Masein","Masein","Masein","Masein GR","Masein (GR)","Masein (GR)","Graubünden","Grisons","Grigioni","https://thumb.wikimedia.org/wikipedia/commons/thumb/c/ce/CHE_Masein_COA.svg/960px-CHE_Masein_COA.svg.png",24.991226598,FALSE,FALSE
18,3668,28.918918919,214,526,37.913741224,756,1994,740,TRUE,"GR","Thusis","Thusis","Thusis","Thusis GR","Thusis (GR)","Thusis (GR)","Graubünden","Grisons","Grigioni","https://thumb.wikimedia.org/wikipedia/commons/thumb/2/2b/CHE_Thusis_COA.svg/250px-CHE_Thusis_COA.svg.png",24.991226598,FALSE,FALSE
18,3669,17.857142857,15,69,67.741935484,84,124,84,TRUE,"GR","Tschappina","Tschappina","Tschappina","Tschappina GR","Tschappina (GR)","Tschappina (GR)","Graubünden","Grisons","Grigioni","https://thumb.wikimedia.org/wikipedia/commons/thumb/f/f4/CHE_Tschappina_COA.svg/250px-CHE_Tschappina_COA.svg.png",24.991226598,FALSE,FALSE
18,3670,15.476190476,13,71,64.122137405,84,131,84,TRUE,"GR","Urmein","Urmein","Urmein","Urmein GR","Urmein (GR)","Urmein (GR)","Graubünden","Grisons","Grigioni","https://thumb.wikimedia.org/wikipedia/commons/thumb/c/c4/CHE_Urmein_COA.svg/250px-CHE_Urmein_COA.svg.png",24.991226598,FALSE,FALSE
18,3672,23.23943662,99,327,53.580246914,434,810,426,TRUE,"GR","Safiental","Safiental","Safiental","Safiental GR","Safiental (GR)","Safiental (GR)","Graubünden","Grisons","Grigioni","https://thumb.wikimedia.org/wikipedia/commons/thumb/4/4b/CHE_Safiental_COA.svg/250px-CHE_Safiental_COA.svg.png",24.991226598,FALSE,FALSE
18,3673,30.139720559,302,700,59.431224608,1024,1723,1002,TRUE,"GR","Domleschg","Domleschg","Domleschg","Domleschg GR","Domleschg (GR)","Domleschg (GR)","Graubünden","Grisons","Grigioni","https://thumb.wikimedia.org/wikipedia/commons/thumb/a/a0/CHE_Domleschg_COA.svg/250px-CHE_Domleschg_COA.svg.png",24.991226598,FALSE,FALSE
18,3681,10.666666667,8,67,58.59375,75,128,75,TRUE,"GR","Avers","Avers","Avers","Avers GR","Avers (GR)","Avers (GR)","Graubünden","Grisons","Grigioni","https://thumb.wikimedia.org/wikipedia/commons/thumb/6/6f/CHE_Avers_COA.svg/960px-CHE_Avers_COA.svg.png",24.991226598,FALSE,FALSE
18,3695,20.895522388,14,53,64.761904762,68,105,67,TRUE,"GR","Sufers","Sufers","Sufers","Sufers GR","Sufers (GR)","Sufers (GR)","Graubünden","Grisons","Grigioni","https://thumb.wikimedia.org/wikipedia/commons/thumb/5/54/CHE_Sufers_COA.svg/250px-CHE_Sufers_COA.svg.png",24.991226598,FALSE,FALSE
18,3701,26.923076923,84,228,47.597597598,317,666,312,TRUE,"GR","Andeer","Andeer","Andeer","Andeer GR","Andeer (GR)","Andeer (GR)","Graubünden","Grisons","Grigioni","https://thumb.wikimedia.org/wikipedia/commons/thumb/b/b2/CHE_Andeer_COA.svg/250px-CHE_Andeer_COA.svg.png",24.991226598,FALSE,FALSE
18,3711,11.538461538,3,23,61.904761905,26,42,26,TRUE,"GR","Rongellen","Rongellen","Rongellen","Rongellen GR","Rongellen (GR)","Rongellen (GR)","Graubünden","Grisons","Grigioni","https://thumb.wikimedia.org/wikipedia/commons/thumb/e/ef/CHE_Rongellen_COA.svg/250px-CHE_Rongellen_COA.svg.png",24.991226598,FALSE,FALSE
18,3712,30.769230769,44,99,48.160535117,144,299,143,TRUE,"GR","Zillis-Reischen","Zillis-Reischen","Zillis-Reischen","Zillis-Reischen GR","Zillis-Reischen (GR)","Zillis-Reischen (GR)","Graubünden","Grisons","Grigioni","https://thumb.wikimedia.org/wikipedia/commons/thumb/b/b5/CHE_Zillis-Reischen_COA.svg/250px-CHE_Zillis-Reischen_COA.svg.png",24.991226598,FALSE,FALSE
18,3713,23.333333333,7,23,57.407407407,31,54,30,TRUE,"GR","Ferrera","Ferrera","Ferrera","Ferrera GR","Ferrera (GR)","Ferrera (GR)","Graubünden","Grisons","Grigioni","https://thumb.wikimedia.org/wikipedia/commons/thumb/3/3d/CHE_Ferrera_COA.svg/250px-CHE_Ferrera_COA.svg.png",24.991226598,FALSE,FALSE
18,3714,12.749003984,32,219,53.276955603,252,473,251,TRUE,"GR","Rheinwald","Rheinwald","Rheinwald","Rheinwald GR","Rheinwald (GR)","Rheinwald (GR)","Graubünden","Grisons","Grigioni","https://thumb.wikimedia.org/wikipedia/commons/thumb/a/ac/CHE_Rheinwald_COA.svg/250px-CHE_Rheinwald_COA.svg.png",24.991226598,FALSE,FALSE
18,3715,22.368421053,34,118,49.677419355,154,310,152,TRUE,"GR","Muntogna da Schons","Muntogna da Schons","Muntogna da Schons","Muntogna da Schons GR","Muntogna da Schons (GR)","Muntogna da Schons (GR)","Graubünden","Grisons","Grigioni","https://thumb.wikimedia.org/wikipedia/commons/thumb/0/0a/CHE_Muntogna_da_Schons_COA.svg/250px-CHE_Muntogna_da_Schons_COA.svg.png",24.991226598,FALSE,FALSE
18,3721,23.796548592,262,839,43.76720409,1113,2543,1101,TRUE,"GR","Bonaduz","Bonaduz","Bonaduz","Bonaduz GR","Bonaduz (GR)","Bonaduz (GR)","Graubünden","Grisons","Grigioni","https://thumb.wikimedia.org/wikipedia/commons/thumb/d/d5/CHE_Bonaduz_COA.svg/250px-CHE_Bonaduz_COA.svg.png",24.991226598,FALSE,FALSE
18,3722,23.600605144,468,1515,37.875070768,2007,5299,1983,TRUE,"GR","Domat/Ems","Domat/Ems","Domat/Ems","Domat/Ems GR","Domat/Ems (GR)","Domat/Ems (GR)","Graubünden","Grisons","Grigioni","https://thumb.wikimedia.org/wikipedia/commons/thumb/1/1f/CHE_Domat-Ems_COA.svg/250px-CHE_Domat-Ems_COA.svg.png",24.991226598,FALSE,FALSE
18,3723,26.754385965,122,334,43.58974359,459,1053,456,TRUE,"GR","Rhäzüns","Rhäzüns","Rhäzüns","Rhäzüns GR","Rhäzüns (GR)","Rhäzüns (GR)","Graubünden","Grisons","Grigioni","https://thumb.wikimedia.org/wikipedia/commons/thumb/6/65/CHE_Rh%C3%A4z%C3%BCns_COA.svg/250px-CHE_Rh%C3%A4z%C3%BCns_COA.svg.png",24.991226598,FALSE,FALSE
18,3731,23.952095808,200,635,42.842639594,844,1970,835,TRUE,"GR","Felsberg","Felsberg","Felsberg","Felsberg GR","Felsberg (GR)","Felsberg (GR)","Graubünden","Grisons","Grigioni","https://thumb.wikimedia.org/wikipedia/commons/thumb/3/3f/CHE_Felsberg_COA.svg/250px-CHE_Felsberg_COA.svg.png",24.991226598,FALSE,FALSE
18,3732,24.224224224,242,757,49.826989619,1008,2023,999,TRUE,"GR","Flims","Flims","Flims","Flims GR","Flims (GR)","Flims (GR)","Graubünden","Grisons","Grigioni","https://thumb.wikimedia.org/wikipedia/commons/thumb/9/92/CHE_Flims_COA.svg/250px-CHE_Flims_COA.svg.png",24.991226598,FALSE,FALSE
18,3733,26.616915423,107,295,46.396396396,412,888,402,TRUE,"GR","Tamins","Tamins","Tamins","Tamins GR","Tamins (GR)","Tamins (GR)","Graubünden","Grisons","Grigioni","https://thumb.wikimedia.org/wikipedia/commons/thumb/e/e5/CHE_Tamins_COA.svg/250px-CHE_Tamins_COA.svg.png",24.991226598,FALSE,FALSE
18,3734,34.895833333,201,375,51.957295374,584,1124,576,TRUE,"GR","Trin","Trin","Trin","Trin GR","Trin (GR)","Trin (GR)","Graubünden","Grisons","Grigioni","https://thumb.wikimedia.org/wikipedia/commons/thumb/5/55/CHE_Trin_COA.svg/250px-CHE_Trin_COA.svg.png",24.991226598,FALSE,FALSE
18,3746,22.56097561,148,508,59.422903517,659,1109,656,TRUE,"GR","Zernez","Zernez","Zernez","Zernez GR","Zernez (GR)","Zernez (GR)","Graubünden","Grisons","Grigioni","https://thumb.wikimedia.org/wikipedia/commons/thumb/e/eb/CHE_Zernez_COA.svg/250px-CHE_Zernez_COA.svg.png",24.991226598,FALSE,FALSE
18,3752,21.890547264,44,157,42.323651452,204,482,201,TRUE,"GR","Samnaun","Samnaun","Samnaun","Samnaun GR","Samnaun (GR)","Samnaun (GR)","Graubünden","Grisons","Grigioni","https://thumb.wikimedia.org/wikipedia/commons/thumb/a/a3/CHE_Samnaun_COA.svg/250px-CHE_Samnaun_COA.svg.png",24.991226598,FALSE,FALSE
18,3762,30.709219858,433,977,45.426162972,1455,3203,1410,TRUE,"GR","Scuol","Scuol","Scuol","Scuol GR","Scuol (GR)","Scuol (GR)","Graubünden","Grisons","Grigioni","https://thumb.wikimedia.org/wikipedia/commons/thumb/1/10/CHE_Scuol_COA.svg/250px-CHE_Scuol_COA.svg.png",24.991226598,FALSE,FALSE
18,3764,24.727272727,68,207,39.745403112,281,707,275,TRUE,"GR","Valsot","Valsot","Valsot","Valsot GR","Valsot (GR)","Valsot (GR)","Graubünden","Grisons","Grigioni","https://thumb.wikimedia.org/wikipedia/commons/thumb/b/b0/CHE_Valsot_COA.svg/250px-CHE_Valsot_COA.svg.png",24.991226598,FALSE,FALSE
18,3781,30.036630037,82,191,58.105263158,276,475,273,TRUE,"GR","Bever","Bever","Bever","Bever GR","Bever (GR)","Bever (GR)","Graubünden","Grisons","Grigioni","https://thumb.wikimedia.org/wikipedia/commons/thumb/5/5b/CHE_Bever_COA.svg/250px-CHE_Bever_COA.svg.png",24.991226598,FALSE,FALSE
18,3782,22.921348315,102,343,48.872180451,455,931,445,TRUE,"GR","Celerina/Schlarigna","Celerina/Schlarigna","Celerina/Schlarigna","Celerina/Schlarigna GR","Celerina/Schlarigna (GR)","Celerina/Schlarigna (GR)","Graubünden","Grisons","Grigioni","https://thumb.wikimedia.org/wikipedia/commons/thumb/0/09/CHE_Celerina-Schlarigna_COA.svg/250px-CHE_Celerina-Schlarigna_COA.svg.png",24.991226598,FALSE,FALSE
18,3783,19.230769231,15,63,51.973684211,79,152,78,TRUE,"GR","Madulain","Madulain","Madulain","Madulain GR","Madulain (GR)","Madulain (GR)","Graubünden","Grisons","Grigioni","https://thumb.wikimedia.org/wikipedia/commons/thumb/5/5e/CHE_Madulain_COA.svg/250px-CHE_Madulain_COA.svg.png",24.991226598,FALSE,FALSE
18,3784,23.892405063,151,481,50.676213206,637,1257,632,TRUE,"GR","Pontresina","Pontresina","Pontresina","Pontresina GR","Pontresina (GR)","Pontresina (GR)","Graubünden","Grisons","Grigioni","https://thumb.wikimedia.org/wikipedia/commons/thumb/3/3f/CHE_Pontresina_COA.svg/250px-CHE_Pontresina_COA.svg.png",24.991226598,FALSE,FALSE
18,3785,20.491803279,50,194,45.981308411,246,535,244,TRUE,"GR","La Punt-Chamues-ch","La Punt-Chamues-ch","La Punt-Chamues-ch","La Punt-Chamues-ch GR","La Punt-Chamues-ch (GR)","La Punt-Chamues-ch (GR)","Graubünden","Grisons","Grigioni","https://thumb.wikimedia.org/wikipedia/commons/thumb/5/55/CHE_La_Punt_Chamues-ch_COA.svg/250px-CHE_La_Punt_Chamues-ch_COA.svg.png",24.991226598,FALSE,FALSE
18,3786,21.729490022,196,706,46.91798268,921,1963,902,TRUE,"GR","Samedan","Samedan","Samedan","Samedan GR","Samedan (GR)","Samedan (GR)","Graubünden","Grisons","Grigioni","https://thumb.wikimedia.org/wikipedia/commons/thumb/0/0e/CHE_Samedan_COA.svg/250px-CHE_Samedan_COA.svg.png",24.991226598,FALSE,FALSE
18,3787,24.605678233,312,956,50.84148728,1299,2555,1268,TRUE,"GR","St. Moritz","St. Moritz","St. Moritz","St. Moritz GR","St. Moritz (GR)","St. Moritz (GR)","Graubünden","Grisons","Grigioni","https://thumb.wikimedia.org/wikipedia/commons/thumb/8/84/CHE_St_Moritz_COA.svg/250px-CHE_St_Moritz_COA.svg.png",24.991226598,FALSE,FALSE
18,3788,30.188679245,64,148,42.829457364,221,516,212,TRUE,"GR","S-chanf","S-chanf","S-chanf","S-chanf GR","S-chanf (GR)","S-chanf (GR)","Graubünden","Grisons","Grigioni","https://thumb.wikimedia.org/wikipedia/commons/thumb/d/d5/CHE_S-chanf_COA.svg/250px-CHE_S-chanf_COA.svg.png",24.991226598,FALSE,FALSE
18,3789,24.365482234,48,149,46.62004662,200,429,197,TRUE,"GR","Sils im Engadin/Segl","Sils im Engadin/Segl","Sils im Engadin/Segl","Sils im Engadin/Segl GR","Sils im Engadin/Segl (GR)","Sils im Engadin/Segl (GR)","Graubünden","Grisons","Grigioni","https://thumb.wikimedia.org/wikipedia/commons/thumb/f/f7/CHE_Sils_im_Engadin_Segl_COA.svg/960px-CHE_Sils_im_Engadin_Segl_COA.svg.png",24.991226598,FALSE,FALSE
18,3790,28.282828283,84,213,44.674556213,302,676,297,TRUE,"GR","Silvaplana","Silvaplana","Silvaplana","Silvaplana GR","Silvaplana (GR)","Silvaplana (GR)","Graubünden","Grisons","Grigioni","https://thumb.wikimedia.org/wikipedia/commons/thumb/e/e4/CHE_Silvaplana_COA.svg/250px-CHE_Silvaplana_COA.svg.png",24.991226598,FALSE,FALSE
18,3791,23.913043478,88,280,50.47879617,369,731,368,TRUE,"GR","Zuoz","Zuoz","Zuoz","Zuoz GR","Zuoz (GR)","Zuoz (GR)","Graubünden","Grisons","Grigioni","https://thumb.wikimedia.org/wikipedia/commons/thumb/9/93/CHE_Zuoz_COA.svg/250px-CHE_Zuoz_COA.svg.png",24.991226598,FALSE,FALSE
18,3792,24.221453287,140,438,46.111547526,587,1273,578,TRUE,"GR","Bregaglia","Bregaglia","Bregaglia","Bregaglia GR","Bregaglia (GR)","Bregaglia (GR)","Graubünden","Grisons","Grigioni","https://thumb.wikimedia.org/wikipedia/commons/thumb/9/96/CHE_Bregaglia_COA.svg/250px-CHE_Bregaglia_COA.svg.png",24.991226598,FALSE,FALSE
18,3804,16.216216216,6,31,40,38,95,37,TRUE,"GR","Buseno","Buseno","Buseno","Buseno GR","Buseno (GR)","Buseno (GR)","Graubünden","Grisons","Grigioni","https://thumb.wikimedia.org/wikipedia/commons/thumb/a/a6/CHE_Buseno_COA.svg/250px-CHE_Buseno_COA.svg.png",24.991226598,FALSE,FALSE
18,3805,44.545454545,49,61,48.717948718,114,234,110,TRUE,"GR","Castaneda","Castaneda","Castaneda","Castaneda GR","Castaneda (GR)","Castaneda (GR)","Graubünden","Grisons","Grigioni","https://thumb.wikimedia.org/wikipedia/commons/thumb/1/13/CHE_Castaneda_COA.svg/250px-CHE_Castaneda_COA.svg.png",24.991226598,FALSE,FALSE
18,3808,29.67032967,27,64,46.078431373,94,204,91,TRUE,"GR","Rossa","Rossa","Rossa","Rossa GR","Rossa (GR)","Rossa (GR)","Graubünden","Grisons","Grigioni","https://thumb.wikimedia.org/wikipedia/commons/thumb/0/0f/CHE_Rossa_COA.svg/250px-CHE_Rossa_COA.svg.png",24.991226598,FALSE,FALSE
18,3810,24,12,38,49.019607843,50,102,50,TRUE,"GR","Santa Maria in Calanca","Santa Maria in Calanca","Santa Maria in Calanca","Santa Maria in Calanca GR","Santa Maria in Calanca (GR)","Santa Maria in Calanca (GR)","Graubünden","Grisons","Grigioni","https://thumb.wikimedia.org/wikipedia/commons/thumb/d/dc/CHE_Santa_Maria_in_Calanca_COA.svg/250px-CHE_Santa_Maria_in_Calanca_COA.svg.png",24.991226598,FALSE,FALSE
18,3821,27.586206897,72,189,44.227642276,272,615,261,TRUE,"GR","Lostallo","Lostallo","Lostallo","Lostallo GR","Lostallo (GR)","Lostallo (GR)","Graubünden","Grisons","Grigioni","https://thumb.wikimedia.org/wikipedia/commons/thumb/9/98/CHE_Lostallo_COA.svg/250px-CHE_Lostallo_COA.svg.png",24.991226598,FALSE,FALSE
18,3822,29.436325678,141,338,46.015180266,485,1054,479,TRUE,"GR","Mesocco","Mesocco","Mesocco","Mesocco GR","Mesocco (GR)","Mesocco (GR)","Graubünden","Grisons","Grigioni","https://thumb.wikimedia.org/wikipedia/commons/thumb/7/72/CHE_Mesocco_COA.svg/250px-CHE_Mesocco_COA.svg.png",24.991226598,FALSE,FALSE
18,3823,27.611940299,37,97,54.150197628,137,253,134,TRUE,"GR","Soazza","Soazza","Soazza","Soazza GR","Soazza (GR)","Soazza (GR)","Graubünden","Grisons","Grigioni","https://thumb.wikimedia.org/wikipedia/commons/thumb/1/13/CHE_Soazza_COA.svg/250px-CHE_Soazza_COA.svg.png",24.991226598,FALSE,FALSE
18,3831,33.098591549,47,95,31.578947368,144,456,142,TRUE,"GR","Cama","Cama","Cama","Cama GR","Cama (GR)","Cama (GR)","Graubünden","Grisons","Grigioni","https://thumb.wikimedia.org/wikipedia/commons/thumb/4/4b/CHE_Cama_COA.svg/250px-CHE_Cama_COA.svg.png",24.991226598,FALSE,FALSE
18,3832,35.849056604,152,272,45.174537988,440,974,424,TRUE,"GR","Grono","Grono","Grono","Grono GR","Grono (GR)","Grono (GR)","Graubünden","Grisons","Grigioni","https://thumb.wikimedia.org/wikipedia/commons/thumb/7/7d/CHE_Grono_COA.svg/250px-CHE_Grono_COA.svg.png",24.991226598,FALSE,FALSE
18,3834,32.628797886,247,510,46.876859012,788,1681,757,TRUE,"GR","Roveredo GR","Roveredo (GR)","Roveredo GR","Roveredo GR","Roveredo (GR)","Roveredo (GR)","Graubünden","Grisons","Grigioni","https://thumb.wikimedia.org/wikipedia/commons/thumb/0/05/CHE_Roveredo_COA.svg/250px-CHE_Roveredo_COA.svg.png",24.991226598,FALSE,FALSE
18,3835,29.537366548,83,198,46.740858506,294,629,281,TRUE,"GR","San Vittore","San Vittore","San Vittore","San Vittore GR","San Vittore (GR)","San Vittore (GR)","Graubünden","Grisons","Grigioni","https://thumb.wikimedia.org/wikipedia/commons/thumb/4/4d/CHE_San_Vittore_COA.svg/250px-CHE_San_Vittore_COA.svg.png",24.991226598,FALSE,FALSE
18,3837,31.395348837,27,59,39.366515837,87,221,86,TRUE,"GR","Calanca","Calanca","Calanca","Calanca GR","Calanca (GR)","Calanca (GR)","Graubünden","Grisons","Grigioni","https://thumb.wikimedia.org/wikipedia/commons/thumb/b/b1/CHE_Calanca_GR_COA.svg/250px-CHE_Calanca_GR_COA.svg.png",24.991226598,FALSE,FALSE
18,3847,27.318718381,162,431,49.307253464,605,1227,593,TRUE,"GR","Val Müstair","Val Müstair","Val Müstair","Val Müstair GR","Val Müstair (GR)","Val Müstair (GR)","Graubünden","Grisons","Grigioni","https://thumb.wikimedia.org/wikipedia/commons/thumb/8/8b/M%C3%BCnstertal_nach_S%C3%BCden.jpg/960px-M%C3%BCnstertal_nach_S%C3%BCden.jpg",24.991226598,FALSE,FALSE
18,3851,22.304065999,757,2637,51.467944877,3436,6676,3394,TRUE,"GR","Davos","Davos","Davos","Davos GR","Davos (GR)","Davos (GR)","Graubünden","Grisons","Grigioni","https://thumb.wikimedia.org/wikipedia/commons/thumb/3/39/CHE_Davos_COA.svg/250px-CHE_Davos_COA.svg.png",24.991226598,FALSE,FALSE
18,3861,21.917808219,48,171,46.137787056,221,479,219,TRUE,"GR","Fideris","Fideris","Fideris","Fideris GR","Fideris (GR)","Fideris (GR)","Graubünden","Grisons","Grigioni","https://thumb.wikimedia.org/wikipedia/commons/thumb/b/b6/CHE_Fideris_COA.svg/250px-CHE_Fideris_COA.svg.png",24.991226598,FALSE,FALSE
18,3862,12.790697674,11,75,54.430379747,86,158,86,TRUE,"GR","Furna","Furna","Furna","Furna GR","Furna (GR)","Furna (GR)","Graubünden","Grisons","Grigioni","https://thumb.wikimedia.org/wikipedia/commons/thumb/0/0c/CHE_Furna_COA.svg/250px-CHE_Furna_COA.svg.png",24.991226598,FALSE,FALSE
18,3863,17.293233083,69,330,44.792833147,400,893,399,TRUE,"GR","Jenaz","Jenaz","Jenaz","Jenaz GR","Jenaz (GR)","Jenaz (GR)","Graubünden","Grisons","Grigioni","https://thumb.wikimedia.org/wikipedia/commons/thumb/9/99/CHE_Jenaz_COA.svg/250px-CHE_Jenaz_COA.svg.png",24.991226598,FALSE,FALSE
18,3871,19.902912621,287,1155,45.270890725,1479,3267,1442,TRUE,"GR","Klosters-Serneus","Klosters-Serneus","Klosters-Serneus","Klosters-Serneus GR","Klosters-Serneus (GR)","Klosters-Serneus (GR)","Graubünden","Grisons","Grigioni","https://thumb.wikimedia.org/wikipedia/commons/thumb/5/56/CHE_Klosters-Serneus_COA.svg/250px-CHE_Klosters-Serneus_COA.svg.png",24.991226598,FALSE,FALSE
18,3881,25,23,69,47.916666667,92,192,92,TRUE,"GR","Conters im Prättigau","Conters im Prättigau","Conters im Prättigau","Conters im Prättigau GR","Conters im Prättigau (GR)","Conters im Prättigau (GR)","Graubünden","Grisons","Grigioni","https://thumb.wikimedia.org/wikipedia/commons/thumb/d/d3/CHE_Conters_im_Pr%C3%A4ttigau_COA.svg/250px-CHE_Conters_im_Pr%C3%A4ttigau_COA.svg.png",24.991226598,FALSE,FALSE
18,3882,22.77992278,59,200,42.810457516,262,612,259,TRUE,"GR","Küblis","Küblis","Küblis","Küblis GR","Küblis (GR)","Küblis (GR)","Graubünden","Grisons","Grigioni","https://thumb.wikimedia.org/wikipedia/commons/thumb/3/3b/CHE_K%C3%BCblis_COA.svg/250px-CHE_K%C3%BCblis_COA.svg.png",24.991226598,FALSE,FALSE
18,3891,22.599704579,153,524,50.780669145,683,1345,677,TRUE,"GR","Luzein","Luzein","Luzein","Luzein GR","Luzein (GR)","Luzein (GR)","Graubünden","Grisons","Grigioni","https://thumb.wikimedia.org/wikipedia/commons/thumb/4/46/CHE_Luzein_COA.svg/250px-CHE_Luzein_COA.svg.png",24.991226598,FALSE,FALSE
18,3901,29.432654829,3398,8147,44.110993817,11700,26524,11545,TRUE,"GR","Chur","Coire","Coira","Chur GR","Coire (GR)","Coira (GR)","Graubünden","Grisons","Grigioni","https://thumb.wikimedia.org/wikipedia/commons/thumb/5/5a/CHE_Chur_COA.svg/250px-CHE_Chur_COA.svg.png",24.991226598,FALSE,FALSE
18,3911,24.776119403,166,504,50.148148148,677,1350,670,TRUE,"GR","Churwalden","Churwalden","Churwalden","Churwalden GR","Churwalden (GR)","Churwalden (GR)","Graubünden","Grisons","Grigioni","https://thumb.wikimedia.org/wikipedia/commons/thumb/0/00/CHE_Churwalden_COA.svg/960px-CHE_Churwalden_COA.svg.png",24.991226598,FALSE,FALSE
18,3921,20.375586854,217,848,50.400376825,1070,2123,1065,TRUE,"GR","Arosa","Arosa","Arosa","Arosa GR","Arosa (GR)","Arosa (GR)","Graubünden","Grisons","Grigioni","https://thumb.wikimedia.org/wikipedia/commons/thumb/8/8c/CHE_Arosa_COA.svg/250px-CHE_Arosa_COA.svg.png",24.991226598,FALSE,FALSE
18,3945,21.353251318,243,895,45.934153114,1158,2521,1138,TRUE,"GR","Trimmis","Trimmis","Trimmis","Trimmis GR","Trimmis (GR)","Trimmis (GR)","Graubünden","Grisons","Grigioni","https://thumb.wikimedia.org/wikipedia/commons/thumb/4/40/CHE_Trimmis_COA.svg/250px-CHE_Trimmis_COA.svg.png",24.991226598,FALSE,FALSE
18,3946,23.728813559,182,585,39.321862348,777,1976,767,TRUE,"GR","Untervaz","Untervaz","Untervaz","Untervaz GR","Untervaz (GR)","Untervaz (GR)","Graubünden","Grisons","Grigioni","https://thumb.wikimedia.org/wikipedia/commons/thumb/b/b3/CHE_Untervaz_COA.svg/250px-CHE_Untervaz_COA.svg.png",24.991226598,FALSE,FALSE
18,3947,23.860589812,267,852,41.336270191,1126,2724,1119,TRUE,"GR","Zizers","Zizers","Zizers","Zizers GR","Zizers (GR)","Zizers (GR)","Graubünden","Grisons","Grigioni","https://thumb.wikimedia.org/wikipedia/commons/thumb/a/a8/CHE_Zizers_COA.svg/250px-CHE_Zizers_COA.svg.png",24.991226598,FALSE,FALSE
18,3951,20.987654321,68,256,49.84984985,332,666,324,TRUE,"GR","Fläsch","Fläsch","Fläsch","Fläsch GR","Fläsch (GR)","Fläsch (GR)","Graubünden","Grisons","Grigioni","https://thumb.wikimedia.org/wikipedia/commons/thumb/6/6a/CHE_Fl%C3%A4sch_COA.svg/250px-CHE_Fl%C3%A4sch_COA.svg.png",24.991226598,FALSE,FALSE
18,3952,23.622047244,90,291,52.091767881,386,741,381,TRUE,"GR","Jenins","Jenins","Jenins","Jenins GR","Jenins (GR)","Jenins (GR)","Graubünden","Grisons","Grigioni","https://thumb.wikimedia.org/wikipedia/commons/thumb/b/b9/CHE_Jenins_COA.svg/250px-CHE_Jenins_COA.svg.png",24.991226598,FALSE,FALSE
18,3953,23.625922888,288,931,47.733436652,1232,2581,1219,TRUE,"GR","Maienfeld","Maienfeld","Maienfeld","Maienfeld GR","Maienfeld (GR)","Maienfeld (GR)","Graubünden","Grisons","Grigioni","https://thumb.wikimedia.org/wikipedia/commons/thumb/e/e9/CHE_Maienfeld_COA.svg/250px-CHE_Maienfeld_COA.svg.png",24.991226598,FALSE,FALSE
18,3954,31.211498973,304,670,51.057246003,990,1939,974,TRUE,"GR","Malans","Malans","Malans","Malans GR","Malans (GR)","Malans (GR)","Graubünden","Grisons","Grigioni","https://thumb.wikimedia.org/wikipedia/commons/thumb/3/3e/CHE_Malans_COA.svg/250px-CHE_Malans_COA.svg.png",24.991226598,FALSE,FALSE
18,3955,24.855012428,600,1814,41.466734729,2437,5877,2414,TRUE,"GR","Landquart","Landquart","Landquart","Landquart GR","Landquart (GR)","Landquart (GR)","Graubünden","Grisons","Grigioni","https://thumb.wikimedia.org/wikipedia/commons/thumb/3/38/CHE_Landquart_COA.svg/250px-CHE_Landquart_COA.svg.png",24.991226598,FALSE,FALSE
18,3961,22.446236559,167,577,43.698949825,749,1714,744,TRUE,"GR","Grüsch","Grüsch","Grüsch","Grüsch GR","Grüsch (GR)","Grüsch (GR)","Graubünden","Grisons","Grigioni","https://thumb.wikimedia.org/wikipedia/commons/thumb/4/48/CHE_Gr%C3%BCsch_COA.svg/250px-CHE_Gr%C3%BCsch_COA.svg.png",24.991226598,FALSE,FALSE
18,3962,24.310776942,194,604,41.191446029,809,1964,798,TRUE,"GR","Schiers","Schiers","Schiers","Schiers GR","Schiers (GR)","Schiers (GR)","Graubünden","Grisons","Grigioni","https://thumb.wikimedia.org/wikipedia/commons/thumb/f/f7/CHE_Schiers_COA.svg/250px-CHE_Schiers_COA.svg.png",24.991226598,FALSE,FALSE
18,3972,26.961770624,134,363,46.118721461,505,1095,497,TRUE,"GR","Seewis im Prättigau","Seewis im Prättigau","Seewis im Prättigau","Seewis im Prättigau GR","Seewis im Prättigau (GR)","Seewis im Prättigau (GR)","Graubünden","Grisons","Grigioni","https://thumb.wikimedia.org/wikipedia/commons/thumb/1/1c/CHE_Seewis_im_Pr%C3%A4ttigau_COA.svg/250px-CHE_Seewis_im_Pr%C3%A4ttigau_COA.svg.png",24.991226598,FALSE,FALSE
18,3981,19.866444073,119,480,43.897216274,615,1401,599,TRUE,"GR","Breil/Brigels","Breil/Brigels","Breil/Brigels","Breil/Brigels GR","Breil/Brigels (GR)","Breil/Brigels (GR)","Graubünden","Grisons","Grigioni","https://thumb.wikimedia.org/wikipedia/commons/thumb/8/84/CHE_Breil_Brigels_COA.svg/250px-CHE_Breil_Brigels_COA.svg.png",24.991226598,FALSE,FALSE
18,3982,21.428571429,159,583,48.242811502,755,1565,742,TRUE,"GR","Disentis/Mustér","Disentis/Mustér","Disentis/Mustér","Disentis/Mustér GR","Disentis/Mustér (GR)","Disentis/Mustér (GR)","Graubünden","Grisons","Grigioni","https://thumb.wikimedia.org/wikipedia/commons/thumb/e/e5/CHE_Disentis_Muster_COA.svg/250px-CHE_Disentis_Muster_COA.svg.png",24.991226598,FALSE,FALSE
18,3983,18.320610687,24,107,44.147157191,132,299,131,TRUE,"GR","Medel (Lucmagn)","Medel (Lucmagn)","Medel (Lucmagn)","Medel (Lucmagn) GR","Medel (Lucmagn) (GR)","Medel (Lucmagn) (GR)","Graubünden","Grisons","Grigioni","https://thumb.wikimedia.org/wikipedia/commons/thumb/a/a5/CHE_Medel_%28Lucmagn%29_COA.svg/250px-CHE_Medel_%28Lucmagn%29_COA.svg.png",24.991226598,FALSE,FALSE
18,3985,22.660098522,92,314,45.185995624,413,914,406,TRUE,"GR","Sumvitg","Sumvitg","Sumvitg","Sumvitg GR","Sumvitg (GR)","Sumvitg (GR)","Graubünden","Grisons","Grigioni","https://thumb.wikimedia.org/wikipedia/commons/thumb/7/7a/CHE_Sumvitg_COA.svg/250px-CHE_Sumvitg_COA.svg.png",24.991226598,FALSE,FALSE
18,3986,19.06779661,90,382,48.377281947,477,986,472,TRUE,"GR","Tujetsch","Tujetsch","Tujetsch","Tujetsch GR","Tujetsch (GR)","Tujetsch (GR)","Graubünden","Grisons","Grigioni","https://thumb.wikimedia.org/wikipedia/commons/thumb/3/38/CHE_Tujetsch_COA.svg/250px-CHE_Tujetsch_COA.svg.png",24.991226598,FALSE,FALSE
18,3987,27.176781003,103,276,43.922018349,383,872,379,TRUE,"GR","Trun","Trun","Trun","Trun GR","Trun (GR)","Trun (GR)","Graubünden","Grisons","Grigioni","https://thumb.wikimedia.org/wikipedia/commons/thumb/8/8a/CHE_Trun_COA.svg/250px-CHE_Trun_COA.svg.png",24.991226598,FALSE,FALSE
18,3988,12.5,56,392,47.23092999,452,957,448,TRUE,"GR","Obersaxen Mundaun","Obersaxen Mundaun","Obersaxen Mundaun","Obersaxen Mundaun GR","Obersaxen Mundaun (GR)","Obersaxen Mundaun (GR)","Graubünden","Grisons","Grigioni","https://thumb.wikimedia.org/wikipedia/commons/thumb/6/64/CHE_Obersaxen_Mundaun_COA.svg/250px-CHE_Obersaxen_Mundaun_COA.svg.png",24.991226598,FALSE,FALSE
19,4001,36.620225799,3049,5277,56.919959473,8427,14805,8326,TRUE,"AG","Aarau","Aarau","Aarau","Aarau AG","Aarau (AG)","Aarau (AG)","Aargau","Argovie","Argovia","https://thumb.wikimedia.org/wikipedia/commons/thumb/e/e9/CHE_Aarau_corporate_design_COA.svg/960px-CHE_Aarau_corporate_design_COA.svg.png",25.172157082,FALSE,FALSE
19,4002,24.861878453,180,544,58.648431215,729,1243,724,TRUE,"AG","Biberstein","Biberstein","Biberstein","Biberstein AG","Biberstein (AG)","Biberstein (AG)","Aargau","Argovie","Argovia","https://thumb.wikimedia.org/wikipedia/commons/thumb/a/a7/CHE_Biberstein_COA.svg/330px-CHE_Biberstein_COA.svg.png",25.172157082,FALSE,FALSE
19,4003,28.897550111,519,1277,42.287857478,1804,4266,1796,TRUE,"AG","Buchs AG","Buchs (AG)","Buchs AG","Buchs AG","Buchs (AG)","Buchs (AG)","Aargau","Argovie","Argovia","https://thumb.wikimedia.org/wikipedia/commons/thumb/1/16/Wappen_Buchs_AG.svg/330px-Wappen_Buchs_AG.svg.png",25.172157082,FALSE,FALSE
19,4004,23.131672598,65,216,50.088495575,283,565,281,TRUE,"AG","Densbüren","Densbüren","Densbüren","Densbüren AG","Densbüren (AG)","Densbüren (AG)","Aargau","Argovie","Argovia","https://thumb.wikimedia.org/wikipedia/commons/thumb/b/b2/Wappen_Densb%C3%BCren.svg/330px-Wappen_Densb%C3%BCren.svg.png",25.172157082,FALSE,FALSE
19,4005,22.796352584,375,1270,52.569422279,1647,3133,1645,TRUE,"AG","Erlinsbach AG","Erlinsbach (AG)","Erlinsbach AG","Erlinsbach AG","Erlinsbach (AG)","Erlinsbach (AG)","Aargau","Argovie","Argovia","https://thumb.wikimedia.org/wikipedia/commons/thumb/d/d2/CHE_Erlinsbach_AG_COA.svg/330px-CHE_Erlinsbach_AG_COA.svg.png",25.172157082,FALSE,FALSE
19,4006,25.978647687,584,1664,42.78946371,2258,5277,2248,TRUE,"AG","Gränichen","Gränichen","Gränichen","Gränichen AG","Gränichen (AG)","Gränichen (AG)","Aargau","Argovie","Argovia","https://thumb.wikimedia.org/wikipedia/commons/thumb/9/93/CHE_Gr%C3%A4nichen_AG_COA.svg/330px-CHE_Gr%C3%A4nichen_AG_COA.svg.png",25.172157082,FALSE,FALSE
19,4007,19.834710744,120,485,46.826625387,605,1292,605,TRUE,"AG","Hirschthal","Hirschthal","Hirschthal","Hirschthal AG","Hirschthal (AG)","Hirschthal (AG)","Aargau","Argovie","Argovia","https://thumb.wikimedia.org/wikipedia/commons/thumb/e/e4/Wappen_Hirschthal_AG.svg/330px-Wappen_Hirschthal_AG.svg.png",25.172157082,FALSE,FALSE
19,4008,30.329754601,791,1817,54.47575632,2629,4826,2608,TRUE,"AG","Küttigen","Küttigen","Küttigen","Küttigen AG","Küttigen (AG)","Küttigen (AG)","Aargau","Argovie","Argovia","https://thumb.wikimedia.org/wikipedia/commons/thumb/c/c8/CHE_K%C3%BCttigen_COA.svg/330px-CHE_K%C3%BCttigen_COA.svg.png",25.172157082,FALSE,FALSE
19,4009,18.859315589,248,1067,47.915911562,1322,2759,1315,TRUE,"AG","Muhen","Muhen","Muhen","Muhen AG","Muhen (AG)","Muhen (AG)","Aargau","Argovie","Argovia","https://thumb.wikimedia.org/wikipedia/commons/thumb/0/06/Wappen_Muhen_AG.svg/330px-Wappen_Muhen_AG.svg.png",25.172157082,FALSE,FALSE
19,4010,22.051009564,415,1467,40.280135823,1898,4712,1882,TRUE,"AG","Oberentfelden","Oberentfelden","Oberentfelden","Oberentfelden AG","Oberentfelden (AG)","Oberentfelden (AG)","Aargau","Argovie","Argovia","https://thumb.wikimedia.org/wikipedia/commons/thumb/0/03/Wappen_Oberentfelden_AG.svg/330px-Wappen_Oberentfelden_AG.svg.png",25.172157082,FALSE,FALSE
19,4012,31.190566755,820,1809,44.526527871,2652,5956,2629,TRUE,"AG","Suhr","Suhr","Suhr","Suhr AG","Suhr (AG)","Suhr (AG)","Aargau","Argovie","Argovia","https://thumb.wikimedia.org/wikipedia/commons/thumb/b/b8/Wappen_Suhr_AG.svg/330px-Wappen_Suhr_AG.svg.png",25.172157082,FALSE,FALSE
19,4013,27.406568516,484,1282,69.479004666,1787,2572,1766,TRUE,"AG","Unterentfelden","Unterentfelden","Unterentfelden","Unterentfelden AG","Unterentfelden (AG)","Unterentfelden (AG)","Aargau","Argovie","Argovia","https://thumb.wikimedia.org/wikipedia/commons/thumb/0/0e/CHE_Unterentfelden_COA.svg/330px-CHE_Unterentfelden_COA.svg.png",25.172157082,FALSE,FALSE
19,4021,33.759662684,2402,4713,50.59654077,7167,14165,7115,TRUE,"AG","Baden","Baden","Baden","Baden AG","Baden (AG)","Baden (AG)","Aargau","Argovie","Argovia","https://thumb.wikimedia.org/wikipedia/commons/thumb/9/91/CHE_Baden_AG_COA.svg/500px-CHE_Baden_AG_COA.svg.png",25.172157082,FALSE,FALSE
19,4022,23.878205128,149,475,54.105445117,626,1157,624,TRUE,"AG","Bellikon","Bellikon","Bellikon","Bellikon AG","Bellikon (AG)","Bellikon (AG)","Aargau","Argovie","Argovia","https://thumb.wikimedia.org/wikipedia/commons/thumb/6/69/CHE_Bellikon_COA.svg/330px-CHE_Bellikon_COA.svg.png",25.172157082,FALSE,FALSE
19,4023,19.782608696,182,738,48.684210526,925,1900,920,TRUE,"AG","Bergdietikon","Bergdietikon","Bergdietikon","Bergdietikon AG","Bergdietikon (AG)","Bergdietikon (AG)","Aargau","Argovie","Argovia","https://thumb.wikimedia.org/wikipedia/commons/thumb/4/45/CHE_Bergdietikon_COA.svg/330px-CHE_Bergdietikon_COA.svg.png",25.172157082,FALSE,FALSE
19,4024,18.69266055,163,709,45.696400626,876,1917,872,TRUE,"AG","Birmenstorf AG","Birmenstorf (AG)","Birmenstorf AG","Birmenstorf AG","Birmenstorf (AG)","Birmenstorf (AG)","Aargau","Argovie","Argovia","https://thumb.wikimedia.org/wikipedia/commons/thumb/b/be/CHE_Birmenstorf_COA.svg/330px-CHE_Birmenstorf_COA.svg.png",25.172157082,FALSE,FALSE
19,4026,32.373113855,472,986,59.967453214,1474,2458,1458,TRUE,"AG","Ennetbaden","Ennetbaden","Ennetbaden","Ennetbaden AG","Ennetbaden (AG)","Ennetbaden (AG)","Aargau","Argovie","Argovia","https://thumb.wikimedia.org/wikipedia/commons/thumb/6/6d/CHE_Ennetbaden_COA.svg/500px-CHE_Ennetbaden_COA.svg.png",25.172157082,FALSE,FALSE
19,4027,26.188966392,413,1164,43.851892788,1587,3619,1577,TRUE,"AG","Fislisbach","Fislisbach","Fislisbach","Fislisbach AG","Fislisbach (AG)","Fislisbach (AG)","Aargau","Argovie","Argovia","https://thumb.wikimedia.org/wikipedia/commons/thumb/c/c3/CHE_Fislisbach_COA.svg/960px-CHE_Fislisbach_COA.svg.png",25.172157082,FALSE,FALSE
19,4028,31.44963145,128,279,51.974522293,408,785,407,TRUE,"AG","Freienwil","Freienwil","Freienwil","Freienwil AG","Freienwil (AG)","Freienwil (AG)","Aargau","Argovie","Argovia","https://thumb.wikimedia.org/wikipedia/commons/thumb/9/95/Wappen_Freienwil.svg/330px-Wappen_Freienwil.svg.png",25.172157082,FALSE,FALSE
19,4029,25.664290343,396,1147,45.668827342,1550,3394,1543,TRUE,"AG","Gebenstorf","Gebenstorf","Gebenstorf","Gebenstorf AG","Gebenstorf (AG)","Gebenstorf (AG)","Aargau","Argovie","Argovia","https://thumb.wikimedia.org/wikipedia/commons/thumb/6/65/Wappen_Gebenstorf_AG.svg/330px-Wappen_Gebenstorf_AG.svg.png",25.172157082,FALSE,FALSE
19,4030,22.016460905,107,379,36.838124054,487,1322,486,TRUE,"AG","Killwangen","Killwangen","Killwangen","Killwangen AG","Killwangen (AG)","Killwangen (AG)","Aargau","Argovie","Argovia","https://thumb.wikimedia.org/wikipedia/commons/thumb/e/e3/CHE_Killwangen_COA.svg/960px-CHE_Killwangen_COA.svg.png",25.172157082,FALSE,FALSE
19,4031,22.770700637,143,485,49.452269171,632,1278,628,TRUE,"AG","Künten","Künten","Künten","Künten AG","Künten (AG)","Künten (AG)","Aargau","Argovie","Argovia","https://thumb.wikimedia.org/wikipedia/commons/thumb/9/9f/Wappen_K%C3%BCnten_AG.svg/330px-Wappen_K%C3%BCnten_AG.svg.png",25.172157082,FALSE,FALSE
19,4032,22.631578947,129,441,43.442001516,573,1319,570,TRUE,"AG","Mägenwil","Mägenwil","Mägenwil","Mägenwil AG","Mägenwil (AG)","Mägenwil (AG)","Aargau","Argovie","Argovia","https://thumb.wikimedia.org/wikipedia/commons/thumb/b/ba/Wappen_M%C3%A4genwil_AG.svg/330px-Wappen_M%C3%A4genwil_AG.svg.png",25.172157082,FALSE,FALSE
19,4033,25.863392172,337,966,39.194029851,1313,3350,1303,TRUE,"AG","Mellingen","Mellingen","Mellingen","Mellingen AG","Mellingen (AG)","Mellingen (AG)","Aargau","Argovie","Argovia","https://thumb.wikimedia.org/wikipedia/commons/thumb/c/cb/Wappen_Mellingen_AG.svg/330px-Wappen_Mellingen_AG.svg.png",25.172157082,FALSE,FALSE
19,4034,24.446267432,298,921,33.143631436,1223,3690,1219,TRUE,"AG","Neuenhof","Neuenhof","Neuenhof","Neuenhof AG","Neuenhof (AG)","Neuenhof (AG)","Aargau","Argovie","Argovia","https://thumb.wikimedia.org/wikipedia/commons/thumb/f/ff/CHE_Neuenhof_COA.svg/330px-CHE_Neuenhof_COA.svg.png",25.172157082,FALSE,FALSE
19,4035,23.882588392,358,1141,48.04737516,1501,3124,1499,TRUE,"AG","Niederrohrdorf","Niederrohrdorf","Niederrohrdorf","Niederrohrdorf AG","Niederrohrdorf (AG)","Niederrohrdorf (AG)","Aargau","Argovie","Argovia","https://thumb.wikimedia.org/wikipedia/commons/thumb/c/c3/Wappen_Niederrohrdorf_AG.svg/330px-Wappen_Niederrohrdorf_AG.svg.png",25.172157082,FALSE,FALSE
19,4037,22.793650794,359,1216,57.163478888,1584,2771,1575,TRUE,"AG","Oberrohrdorf","Oberrohrdorf","Oberrohrdorf","Oberrohrdorf AG","Oberrohrdorf (AG)","Oberrohrdorf (AG)","Aargau","Argovie","Argovia","https://thumb.wikimedia.org/wikipedia/commons/thumb/4/48/Wappen_Oberrohrdorf_AG.svg/330px-Wappen_Oberrohrdorf_AG.svg.png",25.172157082,FALSE,FALSE
19,4038,24.572981366,633,1943,51.631516116,2595,5026,2576,TRUE,"AG","Obersiggenthal","Obersiggenthal","Obersiggenthal","Obersiggenthal AG","Obersiggenthal (AG)","Obersiggenthal (AG)","Aargau","Argovie","Argovia","https://thumb.wikimedia.org/wikipedia/commons/thumb/2/21/Wappen_Obersiggenthal_AG.svg/330px-Wappen_Obersiggenthal_AG.svg.png",25.172157082,FALSE,FALSE
19,4039,20.408163265,150,585,50.7565337,738,1454,735,TRUE,"AG","Remetschwil","Remetschwil","Remetschwil","Remetschwil AG","Remetschwil (AG)","Remetschwil (AG)","Aargau","Argovie","Argovia","https://thumb.wikimedia.org/wikipedia/commons/thumb/8/88/CHE_Remetschwil_COA.svg/330px-CHE_Remetschwil_COA.svg.png",25.172157082,FALSE,FALSE
19,4040,25.330687831,383,1129,29.89205103,1523,5095,1512,TRUE,"AG","Spreitenbach","Spreitenbach","Spreitenbach","Spreitenbach AG","Spreitenbach (AG)","Spreitenbach (AG)","Aargau","Argovie","Argovia","https://thumb.wikimedia.org/wikipedia/commons/thumb/5/56/CHE_Spreitenbach_COA.svg/330px-CHE_Spreitenbach_COA.svg.png",25.172157082,FALSE,FALSE
19,4041,22.519685039,143,492,42.353723404,637,1504,635,TRUE,"AG","Stetten AG","Stetten (AG)","Stetten AG","Stetten AG","Stetten (AG)","Stetten (AG)","Aargau","Argovie","Argovia","https://thumb.wikimedia.org/wikipedia/commons/thumb/e/eb/CHE_Stetten_AG_COA.svg/960px-CHE_Stetten_AG_COA.svg.png",25.172157082,FALSE,FALSE
19,4044,26.647286822,550,1514,47.30743013,2082,4401,2064,TRUE,"AG","Untersiggenthal","Untersiggenthal","Untersiggenthal","Untersiggenthal AG","Untersiggenthal (AG)","Untersiggenthal (AG)","Aargau","Argovie","Argovia","https://thumb.wikimedia.org/wikipedia/commons/thumb/a/a3/Wappen_Untersiggenthal_AG.svg/330px-Wappen_Untersiggenthal_AG.svg.png",25.172157082,FALSE,FALSE
19,4045,28.361138371,1734,4380,48.744554455,6154,12625,6114,TRUE,"AG","Wettingen","Wettingen","Wettingen","Wettingen AG","Wettingen (AG)","Wettingen (AG)","Aargau","Argovie","Argovia","https://thumb.wikimedia.org/wikipedia/commons/thumb/0/00/Wappen_Wettingen_AG.svg/330px-Wappen_Wettingen_AG.svg.png",25.172157082,FALSE,FALSE
19,4046,24.809160305,130,394,46.268656716,527,1139,524,TRUE,"AG","Wohlenschwil","Wohlenschwil","Wohlenschwil","Wohlenschwil AG","Wohlenschwil (AG)","Wohlenschwil (AG)","Aargau","Argovie","Argovia","https://thumb.wikimedia.org/wikipedia/commons/thumb/1/18/CHE_Wohlenschwil_COA.svg/330px-CHE_Wohlenschwil_COA.svg.png",25.172157082,FALSE,FALSE
19,4047,19.955817378,271,1087,44.386592906,1364,3073,1358,TRUE,"AG","Würenlingen","Würenlingen","Würenlingen","Würenlingen AG","Würenlingen (AG)","Würenlingen (AG)","Aargau","Argovie","Argovia","https://thumb.wikimedia.org/wikipedia/commons/thumb/d/d7/CHE_W%C3%BCrenlingen_COA.svg/330px-CHE_W%C3%BCrenlingen_COA.svg.png",25.172157082,FALSE,FALSE
19,4048,20.537802027,527,2039,57.853461797,2582,4463,2566,TRUE,"AG","Würenlos","Würenlos","Würenlos","Würenlos AG","Würenlos (AG)","Würenlos (AG)","Aargau","Argovie","Argovia","https://thumb.wikimedia.org/wikipedia/commons/thumb/8/8d/CHE_W%C3%BCrenlos_COA.svg/330px-CHE_W%C3%BCrenlos_COA.svg.png",25.172157082,FALSE,FALSE
19,4049,26.226158038,385,1083,45.519159456,1473,3236,1468,TRUE,"AG","Ehrendingen","Ehrendingen","Ehrendingen","Ehrendingen AG","Ehrendingen (AG)","Ehrendingen (AG)","Aargau","Argovie","Argovia","https://thumb.wikimedia.org/wikipedia/commons/thumb/a/af/Wappen_Ehrendingen.svg/960px-Wappen_Ehrendingen.svg.png",25.172157082,FALSE,FALSE
19,4061,26.12244898,192,543,54.505169867,738,1354,735,TRUE,"AG","Arni AG","Arni (AG)","Arni AG","Arni AG","Arni (AG)","Arni (AG)","Aargau","Argovie","Argovia","https://thumb.wikimedia.org/wikipedia/commons/thumb/a/a1/CHE_Arni_AG_COA.svg/330px-CHE_Arni_AG_COA.svg.png",25.172157082,FALSE,FALSE
19,4062,21.60872529,317,1150,46.299212598,1470,3175,1467,TRUE,"AG","Berikon","Berikon","Berikon","Berikon AG","Berikon (AG)","Berikon (AG)","Aargau","Argovie","Argovia","https://thumb.wikimedia.org/wikipedia/commons/thumb/0/09/CHE_Berikon_COA.svg/330px-CHE_Berikon_COA.svg.png",25.172157082,FALSE,FALSE
19,4063,28.838659392,740,1826,45.843694494,2581,5630,2566,TRUE,"AG","Bremgarten AG","Bremgarten (AG)","Bremgarten AG","Bremgarten AG","Bremgarten (AG)","Bremgarten (AG)","Aargau","Argovie","Argovia","https://thumb.wikimedia.org/wikipedia/commons/thumb/b/b5/CHE_Bremgarten_AG_COA.svg/330px-CHE_Bremgarten_AG_COA.svg.png",25.172157082,FALSE,FALSE
19,4064,24.397590361,81,251,45.616438356,333,730,332,TRUE,"AG","Büttikon","Büttikon","Büttikon","Büttikon AG","Büttikon (AG)","Büttikon (AG)","Aargau","Argovie","Argovia","https://thumb.wikimedia.org/wikipedia/commons/thumb/7/75/Wappen_B%C3%BCttikon.svg/330px-Wappen_B%C3%BCttikon.svg.png",25.172157082,FALSE,FALSE
19,4065,21.208530806,179,665,42.026825633,846,2013,844,TRUE,"AG","Dottikon","Dottikon","Dottikon","Dottikon AG","Dottikon (AG)","Dottikon (AG)","Aargau","Argovie","Argovia","https://thumb.wikimedia.org/wikipedia/commons/thumb/0/08/Wappen_Dottikon.svg/330px-Wappen_Dottikon.svg.png",25.172157082,FALSE,FALSE
19,4066,26.086956522,84,238,47.084548105,323,686,322,TRUE,"AG","Eggenwil","Eggenwil","Eggenwil","Eggenwil AG","Eggenwil (AG)","Eggenwil (AG)","Aargau","Argovie","Argovia","https://thumb.wikimedia.org/wikipedia/commons/thumb/7/78/Wappen_Eggenwil.svg/330px-Wappen_Eggenwil.svg.png",25.172157082,FALSE,FALSE
19,4067,18.699186992,92,400,41.324392288,493,1193,492,TRUE,"AG","Fischbach-Göslikon","Fischbach-Göslikon","Fischbach-Göslikon","Fischbach-Göslikon AG","Fischbach-Göslikon (AG)","Fischbach-Göslikon (AG)","Aargau","Argovie","Argovia","https://thumb.wikimedia.org/wikipedia/commons/thumb/a/ac/CHE_Fischbach-G%C3%B6slikon_COA.svg/330px-CHE_Fischbach-G%C3%B6slikon_COA.svg.png",25.172157082,FALSE,FALSE
19,4068,20.238095238,170,670,46.454095657,845,1819,840,TRUE,"AG","Hägglingen","Hägglingen","Hägglingen","Hägglingen AG","Hägglingen (AG)","Hägglingen (AG)","Aargau","Argovie","Argovia","https://thumb.wikimedia.org/wikipedia/commons/thumb/7/7c/Wappen_H%C3%A4gglingen.svg/330px-Wappen_H%C3%A4gglingen.svg.png",25.172157082,FALSE,FALSE
19,4071,22.966507177,192,644,53.516624041,837,1564,836,TRUE,"AG","Jonen","Jonen","Jonen","Jonen AG","Jonen (AG)","Jonen (AG)","Aargau","Argovie","Argovia","https://thumb.wikimedia.org/wikipedia/commons/thumb/9/99/Wappen_Jonen_AG.svg/330px-Wappen_Jonen_AG.svg.png",25.172157082,FALSE,FALSE
19,4072,18.977272727,167,713,45.133196721,881,1952,880,TRUE,"AG","Niederwil AG","Niederwil (AG)","Niederwil AG","Niederwil AG","Niederwil (AG)","Niederwil (AG)","Aargau","Argovie","Argovia","https://thumb.wikimedia.org/wikipedia/commons/thumb/8/86/CHE_Niederwil_AG_COA.svg/330px-CHE_Niederwil_AG_COA.svg.png",25.172157082,FALSE,FALSE
19,4073,24.249422633,210,656,54.391468005,867,1594,866,TRUE,"AG","Oberlunkhofen","Oberlunkhofen","Oberlunkhofen","Oberlunkhofen AG","Oberlunkhofen (AG)","Oberlunkhofen (AG)","Aargau","Argovie","Argovia","https://thumb.wikimedia.org/wikipedia/commons/thumb/c/c5/CHE_Oberlunkhofen_COA.svg/330px-CHE_Oberlunkhofen_COA.svg.png",25.172157082,FALSE,FALSE
19,4074,22.53384913,233,801,53.022540984,1035,1952,1034,TRUE,"AG","Oberwil-Lieli","Oberwil-Lieli","Oberwil-Lieli","Oberwil-Lieli AG","Oberwil-Lieli (AG)","Oberwil-Lieli (AG)","Aargau","Argovie","Argovia","https://thumb.wikimedia.org/wikipedia/commons/thumb/7/7c/Wappen_Oberwil-Lieli_AG.svg/330px-Wappen_Oberwil-Lieli_AG.svg.png",25.172157082,FALSE,FALSE
19,4075,24.242424242,240,750,38.254517493,995,2601,990,TRUE,"AG","Rudolfstetten-Friedlisberg","Rudolfstetten-Friedlisberg","Rudolfstetten-Friedlisberg","Rudolfstetten-Friedlisberg AG","Rudolfstetten-Friedlisberg (AG)","Rudolfstetten-Friedlisberg (AG)","Aargau","Argovie","Argovia","https://thumb.wikimedia.org/wikipedia/commons/thumb/6/6b/Wappen_Rudolfstetten_AG.svg/330px-Wappen_Rudolfstetten_AG.svg.png",25.172157082,FALSE,FALSE
19,4076,20.675537359,202,775,45.602605863,980,2149,977,TRUE,"AG","Sarmenstorf","Sarmenstorf","Sarmenstorf","Sarmenstorf AG","Sarmenstorf (AG)","Sarmenstorf (AG)","Aargau","Argovie","Argovia","https://thumb.wikimedia.org/wikipedia/commons/thumb/4/49/Wappen_Sarmenstorf_AG.svg/330px-Wappen_Sarmenstorf_AG.svg.png",25.172157082,FALSE,FALSE
19,4077,22.737306843,103,350,46.052631579,455,988,453,TRUE,"AG","Tägerig","Tägerig","Tägerig","Tägerig AG","Tägerig (AG)","Tägerig (AG)","Aargau","Argovie","Argovia","https://thumb.wikimedia.org/wikipedia/commons/thumb/7/7c/Wappen_T%C3%A4gerig_AG.svg/330px-Wappen_T%C3%A4gerig_AG.svg.png",25.172157082,FALSE,FALSE
19,4078,20.571428571,36,139,46.684350133,176,377,175,TRUE,"AG","Uezwil","Uezwil","Uezwil","Uezwil AG","Uezwil (AG)","Uezwil (AG)","Aargau","Argovie","Argovia","https://thumb.wikimedia.org/wikipedia/commons/thumb/2/28/Wappen_Uezwil_AG.svg/330px-Wappen_Uezwil_AG.svg.png",25.172157082,FALSE,FALSE
19,4079,22.795341098,137,464,51.989619377,601,1156,601,TRUE,"AG","Unterlunkhofen","Unterlunkhofen","Unterlunkhofen","Unterlunkhofen AG","Unterlunkhofen (AG)","Unterlunkhofen (AG)","Aargau","Argovie","Argovia","https://thumb.wikimedia.org/wikipedia/commons/thumb/5/5a/CHE_Unterlunkhofen_COA.svg/330px-CHE_Unterlunkhofen_COA.svg.png",25.172157082,FALSE,FALSE
19,4080,19.836161498,339,1370,39.036582595,1718,4401,1709,TRUE,"AG","Villmergen","Villmergen","Villmergen","Villmergen AG","Villmergen (AG)","Villmergen (AG)","Aargau","Argovie","Argovia","https://thumb.wikimedia.org/wikipedia/commons/thumb/b/bb/CHE_Villmergen_COA.svg/330px-CHE_Villmergen_COA.svg.png",25.172157082,FALSE,FALSE
19,4081,23.430656934,321,1049,51.728024042,1377,2662,1370,TRUE,"AG","Widen","Widen","Widen","Widen AG","Widen (AG)","Widen (AG)","Aargau","Argovie","Argovia","https://thumb.wikimedia.org/wikipedia/commons/thumb/7/7d/Wappen_Widen_AG.svg/330px-Wappen_Widen_AG.svg.png",25.172157082,FALSE,FALSE
19,4082,24.284880327,832,2594,40.683962264,3450,8480,3426,TRUE,"AG","Wohlen AG","Wohlen (AG)","Wohlen AG","Wohlen AG","Wohlen (AG)","Wohlen (AG)","Aargau","Argovie","Argovia","https://thumb.wikimedia.org/wikipedia/commons/thumb/1/1e/CHE_Wohlen_AG_COA.svg/500px-CHE_Wohlen_AG_COA.svg.png",25.172157082,FALSE,FALSE
19,4083,22.144670051,349,1227,50.334288443,1581,3141,1576,TRUE,"AG","Zufikon","Zufikon","Zufikon","Zufikon AG","Zufikon (AG)","Zufikon (AG)","Aargau","Argovie","Argovia","https://thumb.wikimedia.org/wikipedia/commons/thumb/3/39/CHE_Zufikon_COA.svg/330px-CHE_Zufikon_COA.svg.png",25.172157082,FALSE,FALSE
19,4084,25.912408759,71,203,56.964656965,274,481,274,TRUE,"AG","Islisberg","Islisberg","Islisberg","Islisberg AG","Islisberg (AG)","Islisberg (AG)","Aargau","Argovie","Argovia","https://thumb.wikimedia.org/wikipedia/commons/thumb/3/39/Wappen_Islisberg_AG.svg/330px-Wappen_Islisberg_AG.svg.png",25.172157082,FALSE,FALSE
19,4091,21.417322835,136,499,50.515463918,637,1261,635,TRUE,"AG","Auenstein","Auenstein","Auenstein","Auenstein AG","Auenstein (AG)","Auenstein (AG)","Aargau","Argovie","Argovia","https://thumb.wikimedia.org/wikipedia/commons/thumb/d/d4/CHE_Auenstein_COA.svg/330px-CHE_Auenstein_COA.svg.png",25.172157082,FALSE,FALSE
19,4092,20.588235294,147,567,34.390009606,716,2082,714,TRUE,"AG","Birr","Birr","Birr","Birr AG","Birr (AG)","Birr (AG)","Aargau","Argovie","Argovia","https://thumb.wikimedia.org/wikipedia/commons/thumb/d/d4/CHE_Birr_AG_COA.svg/330px-CHE_Birr_AG_COA.svg.png",25.172157082,FALSE,FALSE
19,4093,19.76284585,50,203,42.036124795,256,609,253,TRUE,"AG","Birrhard","Birrhard","Birrhard","Birrhard AG","Birrhard (AG)","Birrhard (AG)","Aargau","Argovie","Argovia","https://thumb.wikimedia.org/wikipedia/commons/thumb/c/c1/Wappen_Birrhard.svg/330px-Wappen_Birrhard.svg.png",25.172157082,FALSE,FALSE
19,4095,29.121653358,1240,3018,49.036697248,4276,8720,4258,TRUE,"AG","Brugg","Brugg","Brugg","Brugg AG","Brugg (AG)","Brugg (AG)","Aargau","Argovie","Argovia","https://thumb.wikimedia.org/wikipedia/commons/thumb/0/0c/CHE_Brugg_COA.svg/330px-CHE_Brugg_COA.svg.png",25.172157082,FALSE,FALSE
19,4099,28.358208955,57,144,63.20754717,201,318,201,TRUE,"AG","Habsburg","Habsburg","Habsburg","Habsburg AG","Habsburg (AG)","Habsburg (AG)","Aargau","Argovie","Argovia","https://thumb.wikimedia.org/wikipedia/commons/thumb/b/b2/Wappen_Habsburg_AG.svg/330px-Wappen_Habsburg_AG.svg.png",25.172157082,FALSE,FALSE
19,4100,22.308438409,230,801,45.128877239,1033,2289,1031,TRUE,"AG","Hausen AG","Hausen (AG)","Hausen AG","Hausen AG","Hausen (AG)","Hausen (AG)","Aargau","Argovie","Argovia","https://thumb.wikimedia.org/wikipedia/commons/thumb/b/b1/CHE_Hausen_AG_COA.svg/500px-CHE_Hausen_AG_COA.svg.png",25.172157082,FALSE,FALSE
19,4104,23.673469388,232,748,43.889384478,984,2242,980,TRUE,"AG","Lupfig","Lupfig","Lupfig","Lupfig AG","Lupfig (AG)","Lupfig (AG)","Aargau","Argovie","Argovia","https://thumb.wikimedia.org/wikipedia/commons/thumb/1/1b/Wappen_Lupfig.svg/330px-Wappen_Lupfig.svg.png",25.172157082,FALSE,FALSE
19,4105,15.972222222,23,121,61.538461538,144,234,144,TRUE,"AG","Mandach","Mandach","Mandach","Mandach AG","Mandach (AG)","Mandach (AG)","Aargau","Argovie","Argovia","https://thumb.wikimedia.org/wikipedia/commons/thumb/e/ef/Wappen_Mandach_AG.svg/330px-Wappen_Mandach_AG.svg.png",25.172157082,FALSE,FALSE
19,4106,15.492957746,22,120,50.175438596,143,285,142,TRUE,"AG","Mönthal","Mönthal","Mönthal","Mönthal AG","Mönthal (AG)","Mönthal (AG)","Aargau","Argovie","Argovia","https://thumb.wikimedia.org/wikipedia/commons/thumb/b/b6/CHE_M%C3%B6nthal_COA.svg/960px-CHE_M%C3%B6nthal_COA.svg.png",25.172157082,FALSE,FALSE
19,4107,28.618421053,87,217,42.323651452,306,723,304,TRUE,"AG","Mülligen","Mülligen","Mülligen","Mülligen AG","Mülligen (AG)","Mülligen (AG)","Aargau","Argovie","Argovia","https://thumb.wikimedia.org/wikipedia/commons/thumb/a/aa/CHE_M%C3%BClligen_COA.svg/330px-CHE_M%C3%BClligen_COA.svg.png",25.172157082,FALSE,FALSE
19,4110,20.3125,91,357,49.888888889,449,900,448,TRUE,"AG","Remigen","Remigen","Remigen","Remigen AG","Remigen (AG)","Remigen (AG)","Aargau","Argovie","Argovia","https://thumb.wikimedia.org/wikipedia/commons/thumb/c/c0/Wappen_Remigen_AG.svg/330px-Wappen_Remigen_AG.svg.png",25.172157082,FALSE,FALSE
19,4111,25.148514851,127,378,51.791197544,506,977,505,TRUE,"AG","Riniken","Riniken","Riniken","Riniken AG","Riniken (AG)","Riniken (AG)","Aargau","Argovie","Argovia","https://thumb.wikimedia.org/wikipedia/commons/thumb/a/ac/Wappen_Riniken_AG.svg/330px-Wappen_Riniken_AG.svg.png",25.172157082,FALSE,FALSE
19,4112,20.382165605,64,250,52.310231023,317,606,314,TRUE,"AG","Rüfenach","Rüfenach","Rüfenach","Rüfenach AG","Rüfenach (AG)","Rüfenach (AG)","Aargau","Argovie","Argovia","https://thumb.wikimedia.org/wikipedia/commons/thumb/e/e7/Wappen_R%C3%BCfenach_AG.svg/330px-Wappen_R%C3%BCfenach_AG.svg.png",25.172157082,FALSE,FALSE
19,4117,19.836956522,73,295,51.904090268,368,709,368,TRUE,"AG","Thalheim AG","Thalheim (AG)","Thalheim AG","Thalheim AG","Thalheim (AG)","Thalheim (AG)","Aargau","Argovie","Argovia","https://thumb.wikimedia.org/wikipedia/commons/thumb/3/3e/Wappen_Thalheim_AG.svg/330px-Wappen_Thalheim_AG.svg.png",25.172157082,FALSE,FALSE
19,4120,22.551252847,99,340,43.706640238,441,1009,439,TRUE,"AG","Veltheim AG","Veltheim (AG)","Veltheim AG","Veltheim AG","Veltheim (AG)","Veltheim (AG)","Aargau","Argovie","Argovia","https://thumb.wikimedia.org/wikipedia/commons/thumb/8/85/Wappen_Veltheim_AG.svg/330px-Wappen_Veltheim_AG.svg.png",25.172157082,FALSE,FALSE
19,4121,21.368715084,153,563,51.033499644,716,1403,716,TRUE,"AG","Villigen","Villigen","Villigen","Villigen AG","Villigen (AG)","Villigen (AG)","Aargau","Argovie","Argovia","https://thumb.wikimedia.org/wikipedia/commons/thumb/6/61/CHE_Villigen_COA.svg/330px-CHE_Villigen_COA.svg.png",25.172157082,FALSE,FALSE
19,4123,34.976958525,759,1411,46.692274861,2188,4686,2170,TRUE,"AG","Windisch","Windisch","Windisch","Windisch AG","Windisch (AG)","Windisch (AG)","Aargau","Argovie","Argovia","https://thumb.wikimedia.org/wikipedia/commons/thumb/7/70/Wappen_Windisch_AG.svg/330px-Wappen_Windisch_AG.svg.png",25.172157082,FALSE,FALSE
19,4124,25.931928687,160,457,50.121261116,620,1237,617,TRUE,"AG","Bözberg","Bözberg","Bözberg","Bözberg AG","Bözberg (AG)","Bözberg (AG)","Aargau","Argovie","Argovia","https://thumb.wikimedia.org/wikipedia/commons/thumb/c/c9/CHE_B%C3%B6zberg_COA.svg/960px-CHE_B%C3%B6zberg_COA.svg.png",25.172157082,FALSE,FALSE
19,4125,25.623582766,226,656,52.107728337,890,1708,882,TRUE,"AG","Schinznach","Schinznach","Schinznach","Schinznach AG","Schinznach (AG)","Schinznach (AG)","Aargau","Argovie","Argovia","https://thumb.wikimedia.org/wikipedia/commons/thumb/e/e6/CHE_Schinznach_COA.svg/960px-CHE_Schinznach_COA.svg.png",25.172157082,FALSE,FALSE
19,4131,27.138157895,330,886,48.415213946,1222,2524,1216,TRUE,"AG","Beinwil am See","Beinwil am See","Beinwil am See","Beinwil am See AG","Beinwil am See (AG)","Beinwil am See (AG)","Aargau","Argovie","Argovia","https://thumb.wikimedia.org/wikipedia/commons/thumb/8/8b/CHE_Beinwil_am_See_COA.svg/500px-CHE_Beinwil_am_See_COA.svg.png",25.172157082,FALSE,FALSE
19,4132,28.244274809,148,376,54.106776181,527,974,524,TRUE,"AG","Birrwil","Birrwil","Birrwil","Birrwil AG","Birrwil (AG)","Birrwil (AG)","Aargau","Argovie","Argovia","https://thumb.wikimedia.org/wikipedia/commons/thumb/1/12/CHE_Birrwil_COA.svg/330px-CHE_Birrwil_COA.svg.png",25.172157082,FALSE,FALSE
19,4134,17.400419287,83,394,50.157397692,478,953,477,TRUE,"AG","Dürrenäsch","Dürrenäsch","Dürrenäsch","Dürrenäsch AG","Dürrenäsch (AG)","Dürrenäsch (AG)","Aargau","Argovie","Argovia","https://thumb.wikimedia.org/wikipedia/commons/thumb/8/8a/Wappen_D%C3%BCrren%C3%A4sch.svg/330px-Wappen_D%C3%BCrren%C3%A4sch.svg.png",25.172157082,FALSE,FALSE
19,4135,21.304347826,147,543,45.791915176,691,1509,690,TRUE,"AG","Gontenschwil","Gontenschwil","Gontenschwil","Gontenschwil AG","Gontenschwil (AG)","Gontenschwil (AG)","Aargau","Argovie","Argovia","https://thumb.wikimedia.org/wikipedia/commons/thumb/4/4c/Wappen_Gontenschwil.svg/330px-Wappen_Gontenschwil.svg.png",25.172157082,FALSE,FALSE
19,4136,16.511627907,71,359,39.024390244,432,1107,430,TRUE,"AG","Holziken","Holziken","Holziken","Holziken AG","Holziken (AG)","Holziken (AG)","Aargau","Argovie","Argovia","https://thumb.wikimedia.org/wikipedia/commons/thumb/9/90/CHE_Holziken_COA.svg/500px-CHE_Holziken_COA.svg.png",25.172157082,FALSE,FALSE
19,4137,21.243523316,41,152,53.168044077,193,363,193,TRUE,"AG","Leimbach AG","Leimbach (AG)","Leimbach AG","Leimbach AG","Leimbach (AG)","Leimbach (AG)","Aargau","Argovie","Argovia","https://thumb.wikimedia.org/wikipedia/commons/thumb/9/91/CHE_Leimbach_AG_COA.svg/960px-CHE_Leimbach_AG_COA.svg.png",25.172157082,FALSE,FALSE
19,4138,24.475524476,70,216,49.140893471,286,582,286,TRUE,"AG","Leutwil","Leutwil","Leutwil","Leutwil AG","Leutwil (AG)","Leutwil (AG)","Aargau","Argovie","Argovia","https://thumb.wikimedia.org/wikipedia/commons/thumb/2/2d/Wappen_Leutwil.svg/330px-Wappen_Leutwil.svg.png",25.172157082,FALSE,FALSE
19,4139,24.737167594,400,1217,38.148931172,1624,4257,1617,TRUE,"AG","Menziken","Menziken","Menziken","Menziken AG","Menziken (AG)","Menziken (AG)","Aargau","Argovie","Argovia","https://thumb.wikimedia.org/wikipedia/commons/thumb/f/f2/CHE_Menziken_COA.svg/500px-CHE_Menziken_COA.svg.png",25.172157082,FALSE,FALSE
19,4140,22.929171669,191,642,46.166574738,837,1813,833,TRUE,"AG","Oberkulm","Oberkulm","Oberkulm","Oberkulm AG","Oberkulm (AG)","Oberkulm (AG)","Aargau","Argovie","Argovia","https://thumb.wikimedia.org/wikipedia/commons/thumb/6/6a/CHE_Oberkulm_COA.svg/500px-CHE_Oberkulm_COA.svg.png",25.172157082,FALSE,FALSE
19,4141,27.62015055,477,1250,37.808878198,1729,4573,1727,TRUE,"AG","Reinach AG","Reinach (AG)","Reinach AG","Reinach AG","Reinach (AG)","Reinach (AG)","Aargau","Argovie","Argovia","https://thumb.wikimedia.org/wikipedia/commons/thumb/3/34/CHE_Reinach_AG_COA.svg/330px-CHE_Reinach_AG_COA.svg.png",25.172157082,FALSE,FALSE
19,4142,14.950166113,45,256,47.196261682,303,642,301,TRUE,"AG","Schlossrued","Schlossrued","Schlossrued","Schlossrued AG","Schlossrued (AG)","Schlossrued (AG)","Aargau","Argovie","Argovia","https://thumb.wikimedia.org/wikipedia/commons/thumb/d/d5/CHE_Schlossrued_COA.svg/960px-CHE_Schlossrued_COA.svg.png",25.172157082,FALSE,FALSE
19,4143,19.444444444,70,290,42.209302326,363,860,360,TRUE,"AG","Schmiedrued","Schmiedrued","Schmiedrued","Schmiedrued AG","Schmiedrued (AG)","Schmiedrued (AG)","Aargau","Argovie","Argovia","https://thumb.wikimedia.org/wikipedia/commons/thumb/b/bb/CHE_Schmiedrued_COA.svg/330px-CHE_Schmiedrued_COA.svg.png",25.172157082,FALSE,FALSE
19,4144,21.501706485,315,1150,46.51236525,1467,3154,1465,TRUE,"AG","Schöftland","Schöftland","Schöftland","Schöftland AG","Schöftland (AG)","Schöftland (AG)","Aargau","Argovie","Argovia","https://thumb.wikimedia.org/wikipedia/commons/thumb/a/a8/CHE_Sch%C3%B6ftland_COA.svg/500px-CHE_Sch%C3%B6ftland_COA.svg.png",25.172157082,FALSE,FALSE
19,4145,20.07797271,103,410,49.854227405,513,1029,513,TRUE,"AG","Teufenthal AG","Teufenthal (AG)","Teufenthal AG","Teufenthal AG","Teufenthal (AG)","Teufenthal (AG)","Aargau","Argovie","Argovia","https://thumb.wikimedia.org/wikipedia/commons/thumb/8/8a/Coat_of_arms_of_Teufenthal.svg/960px-Coat_of_arms_of_Teufenthal.svg.png",25.172157082,FALSE,FALSE
19,4146,22.08380521,195,688,42.399617591,887,2092,883,TRUE,"AG","Unterkulm","Unterkulm","Unterkulm","Unterkulm AG","Unterkulm (AG)","Unterkulm (AG)","Aargau","Argovie","Argovia","https://thumb.wikimedia.org/wikipedia/commons/thumb/a/ad/CHE_Unterkulm_COA.svg/500px-CHE_Unterkulm_COA.svg.png",25.172157082,FALSE,FALSE
19,4147,18.325791855,81,361,46.25,444,960,442,TRUE,"AG","Zetzwil","Zetzwil","Zetzwil","Zetzwil AG","Zetzwil (AG)","Zetzwil (AG)","Aargau","Argovie","Argovia","https://thumb.wikimedia.org/wikipedia/commons/thumb/d/d4/CHE_Zetzwil_COA.svg/330px-CHE_Zetzwil_COA.svg.png",25.172157082,FALSE,FALSE
19,4161,22.628951747,136,465,39.658568615,604,1523,601,TRUE,"AG","Eiken","Eiken","Eiken","Eiken AG","Eiken (AG)","Eiken (AG)","Aargau","Argovie","Argovia","https://thumb.wikimedia.org/wikipedia/commons/thumb/2/26/Wappen_Eiken.svg/330px-Wappen_Eiken.svg.png",25.172157082,FALSE,FALSE
19,4163,23.845667299,377,1204,43.179961884,1586,3673,1581,TRUE,"AG","Frick","Frick","Frick","Frick AG","Frick (AG)","Frick (AG)","Aargau","Argovie","Argovia","https://thumb.wikimedia.org/wikipedia/commons/thumb/6/62/CHE_Frick_COA.svg/330px-CHE_Frick_COA.svg.png",25.172157082,FALSE,FALSE
19,4164,25.706940874,100,289,51.111111111,391,765,389,TRUE,"AG","Gansingen","Gansingen","Gansingen","Gansingen AG","Gansingen (AG)","Gansingen (AG)","Aargau","Argovie","Argovia","https://thumb.wikimedia.org/wikipedia/commons/thumb/a/a3/CHE_Gansingen_COA.svg/330px-CHE_Gansingen_COA.svg.png",25.172157082,FALSE,FALSE
19,4165,25.054466231,345,1032,52.408039439,1382,2637,1377,TRUE,"AG","Gipf-Oberfrick","Gipf-Oberfrick","Gipf-Oberfrick","Gipf-Oberfrick AG","Gipf-Oberfrick (AG)","Gipf-Oberfrick (AG)","Aargau","Argovie","Argovia","https://thumb.wikimedia.org/wikipedia/commons/thumb/d/dc/CHE_Gipf-Oberfrick_COA.svg/330px-CHE_Gipf-Oberfrick_COA.svg.png",25.172157082,FALSE,FALSE
19,4169,23.799359658,223,714,46.282619399,940,2031,937,TRUE,"AG","Kaisten","Kaisten","Kaisten","Kaisten AG","Kaisten (AG)","Kaisten (AG)","Aargau","Argovie","Argovia","https://thumb.wikimedia.org/wikipedia/commons/thumb/d/dd/Wappen_Kaisten_AG.svg/330px-Wappen_Kaisten_AG.svg.png",25.172157082,FALSE,FALSE
19,4170,23.260643821,224,739,47.795938583,965,2019,963,TRUE,"AG","Laufenburg","Laufenburg","Laufenburg","Laufenburg AG","Laufenburg (AG)","Laufenburg (AG)","Aargau","Argovie","Argovia","https://thumb.wikimedia.org/wikipedia/commons/thumb/4/49/Wappen_Laufenburg_AG.svg/330px-Wappen_Laufenburg_AG.svg.png",25.172157082,FALSE,FALSE
19,4172,19.847328244,52,210,43.946932007,265,603,262,TRUE,"AG","Münchwilen AG","Münchwilen (AG)","Münchwilen AG","Münchwilen AG","Münchwilen (AG)","Münchwilen (AG)","Aargau","Argovie","Argovia","https://thumb.wikimedia.org/wikipedia/commons/thumb/8/89/CHE_M%C3%BCnchwilen_COA.svg/330px-CHE_M%C3%BCnchwilen_COA.svg.png",25.172157082,FALSE,FALSE
19,4173,24.89626556,60,181,55.148741419,241,437,241,TRUE,"AG","Oberhof","Oberhof","Oberhof","Oberhof AG","Oberhof (AG)","Oberhof (AG)","Aargau","Argovie","Argovia","https://thumb.wikimedia.org/wikipedia/commons/thumb/8/80/CHE_Oberhof_COA.svg/330px-CHE_Oberhof_COA.svg.png",25.172157082,FALSE,FALSE
19,4175,22.285714286,78,272,42.617046819,355,833,350,TRUE,"AG","Oeschgen","Oeschgen","Oeschgen","Oeschgen AG","Oeschgen (AG)","Oeschgen (AG)","Aargau","Argovie","Argovia","https://thumb.wikimedia.org/wikipedia/commons/thumb/4/46/Coat_of_arms_of_Oeschgen.svg/960px-Coat_of_arms_of_Oeschgen.svg.png",25.172157082,FALSE,FALSE
19,4176,21.264367816,37,137,42.067307692,175,416,174,TRUE,"AG","Schwaderloch","Schwaderloch","Schwaderloch","Schwaderloch AG","Schwaderloch (AG)","Schwaderloch (AG)","Aargau","Argovie","Argovia","https://thumb.wikimedia.org/wikipedia/commons/thumb/9/90/CHE_Schwaderloch_COA.svg/960px-CHE_Schwaderloch_COA.svg.png",25.172157082,FALSE,FALSE
19,4177,21.081081081,78,292,39.236479321,370,943,370,TRUE,"AG","Sisseln","Sisseln","Sisseln","Sisseln AG","Sisseln (AG)","Sisseln (AG)","Aargau","Argovie","Argovia","https://thumb.wikimedia.org/wikipedia/commons/thumb/6/6d/CHE_Sisseln_COA.svg/330px-CHE_Sisseln_COA.svg.png",25.172157082,FALSE,FALSE
19,4181,23.251417769,123,406,51.304347826,531,1035,529,TRUE,"AG","Wittnau","Wittnau","Wittnau","Wittnau AG","Wittnau (AG)","Wittnau (AG)","Aargau","Argovie","Argovia","https://thumb.wikimedia.org/wikipedia/commons/thumb/8/80/CHE_Wittnau_COA.svg/330px-CHE_Wittnau_COA.svg.png",25.172157082,FALSE,FALSE
19,4182,21.336760925,83,306,46.931407942,390,831,389,TRUE,"AG","Wölflinswil","Wölflinswil","Wölflinswil","Wölflinswil AG","Wölflinswil (AG)","Wölflinswil (AG)","Aargau","Argovie","Argovia","https://thumb.wikimedia.org/wikipedia/commons/thumb/2/2a/CHE_W%C3%B6lflinswil_COA.svg/330px-CHE_W%C3%B6lflinswil_COA.svg.png",25.172157082,FALSE,FALSE
19,4183,24.675324675,95,290,46.787878788,386,825,385,TRUE,"AG","Zeihen","Zeihen","Zeihen","Zeihen AG","Zeihen (AG)","Zeihen (AG)","Aargau","Argovie","Argovia","https://thumb.wikimedia.org/wikipedia/commons/thumb/6/60/CHE_Zeihen_COA.svg/330px-CHE_Zeihen_COA.svg.png",25.172157082,FALSE,FALSE
19,4184,22.961956522,169,567,51.60390516,740,1434,736,TRUE,"AG","Mettauertal","Mettauertal","Mettauertal","Mettauertal AG","Mettauertal (AG)","Mettauertal (AG)","Aargau","Argovie","Argovia","https://thumb.wikimedia.org/wikipedia/commons/thumb/7/7b/CHE_Mettauertal_COA.svg/960px-CHE_Mettauertal_COA.svg.png",25.172157082,FALSE,FALSE
19,4185,21.140939597,189,705,47.56097561,897,1886,894,TRUE,"AG","Böztal","Böztal","Böztal","Böztal AG","Böztal (AG)","Böztal (AG)","Aargau","Argovie","Argovia","https://thumb.wikimedia.org/wikipedia/commons/thumb/3/3d/CHE_B%C3%B6ztal_COA.svg/960px-CHE_B%C3%B6ztal_COA.svg.png",25.172157082,FALSE,FALSE
19,4186,21.754385965,186,669,46.873300707,862,1839,855,TRUE,"AG","Herznach-Ueken","Herznach-Ueken","Herznach-Ueken","Herznach-Ueken AG","Herznach-Ueken (AG)","Herznach-Ueken (AG)","Aargau","Argovie","Argovia","https://thumb.wikimedia.org/wikipedia/commons/thumb/6/68/CHE_Herznach-Ueken_COA.svg/960px-CHE_Herznach-Ueken_COA.svg.png",25.172157082,FALSE,FALSE
19,4191,29.182879377,75,182,49.049429658,258,526,257,TRUE,"AG","Ammerswil","Ammerswil","Ammerswil","Ammerswil AG","Ammerswil (AG)","Ammerswil (AG)","Aargau","Argovie","Argovia","https://thumb.wikimedia.org/wikipedia/commons/thumb/6/6e/CHE_Ammerswil_COA.svg/330px-CHE_Ammerswil_COA.svg.png",25.172157082,FALSE,FALSE
19,4192,30.350877193,173,397,47.599337748,575,1208,570,TRUE,"AG","Boniswil","Boniswil","Boniswil","Boniswil AG","Boniswil (AG)","Boniswil (AG)","Aargau","Argovie","Argovia","https://thumb.wikimedia.org/wikipedia/commons/thumb/8/85/Wappen_Boniswil.svg/330px-Wappen_Boniswil.svg.png",25.172157082,FALSE,FALSE
19,4193,17.514124294,31,146,33.39587242,178,533,177,TRUE,"AG","Brunegg","Brunegg","Brunegg","Brunegg AG","Brunegg (AG)","Brunegg (AG)","Aargau","Argovie","Argovia","https://thumb.wikimedia.org/wikipedia/commons/thumb/f/f7/CHE_Brunegg_COA.svg/330px-CHE_Brunegg_COA.svg.png",25.172157082,FALSE,FALSE
19,4194,23.68,148,477,46.176470588,628,1360,625,TRUE,"AG","Dintikon","Dintikon","Dintikon","Dintikon AG","Dintikon (AG)","Dintikon (AG)","Aargau","Argovie","Argovia","https://thumb.wikimedia.org/wikipedia/commons/thumb/7/7d/CHE_Dintikon_COA.svg/330px-CHE_Dintikon_COA.svg.png",25.172157082,FALSE,FALSE
19,4195,26.118067979,146,413,47.426160338,562,1185,559,TRUE,"AG","Egliswil","Egliswil","Egliswil","Egliswil AG","Egliswil (AG)","Egliswil (AG)","Aargau","Argovie","Argovia","https://thumb.wikimedia.org/wikipedia/commons/thumb/4/44/Wappen_Egliswil.svg/330px-Wappen_Egliswil.svg.png",25.172157082,FALSE,FALSE
19,4196,26.175548589,167,471,41.901639344,639,1525,638,TRUE,"AG","Fahrwangen","Fahrwangen","Fahrwangen","Fahrwangen AG","Fahrwangen (AG)","Fahrwangen (AG)","Aargau","Argovie","Argovia","https://thumb.wikimedia.org/wikipedia/commons/thumb/7/7c/CHE_Fahrwangen_COA.svg/330px-CHE_Fahrwangen_COA.svg.png",25.172157082,FALSE,FALSE
19,4197,29.432624113,83,199,42.556390977,283,665,282,TRUE,"AG","Hallwil","Hallwil","Hallwil","Hallwil AG","Hallwil (AG)","Hallwil (AG)","Aargau","Argovie","Argovia","https://thumb.wikimedia.org/wikipedia/commons/thumb/4/4c/Wappen_Hallwil.svg/330px-Wappen_Hallwil.svg.png",25.172157082,FALSE,FALSE
19,4198,22.740524781,78,265,40.806642942,344,843,343,TRUE,"AG","Hendschiken","Hendschiken","Hendschiken","Hendschiken AG","Hendschiken (AG)","Hendschiken (AG)","Aargau","Argovie","Argovia","https://thumb.wikimedia.org/wikipedia/commons/thumb/7/71/CHE_Hendschiken_COA.svg/330px-CHE_Hendschiken_COA.svg.png",25.172157082,FALSE,FALSE
19,4199,21.959459459,65,231,34.530706837,298,863,296,TRUE,"AG","Holderbank AG","Holderbank (AG)","Holderbank AG","Holderbank AG","Holderbank (AG)","Holderbank (AG)","Aargau","Argovie","Argovia","https://thumb.wikimedia.org/wikipedia/commons/thumb/a/a2/CHE_Holderbank_AG_COA.svg/330px-CHE_Holderbank_AG_COA.svg.png",25.172157082,FALSE,FALSE
19,4200,22.967741935,178,597,32.592281879,777,2384,775,TRUE,"AG","Hunzenschwil","Hunzenschwil","Hunzenschwil","Hunzenschwil AG","Hunzenschwil (AG)","Hunzenschwil (AG)","Aargau","Argovie","Argovia","https://thumb.wikimedia.org/wikipedia/commons/thumb/8/85/CHE_Hunzenschwil_COA.svg/330px-CHE_Hunzenschwil_COA.svg.png",25.172157082,FALSE,FALSE
19,4201,31.14379085,953,2107,47.125382263,3082,6540,3060,TRUE,"AG","Lenzburg","Lenzburg","Lenzburg","Lenzburg AG","Lenzburg (AG)","Lenzburg (AG)","Aargau","Argovie","Argovia","https://thumb.wikimedia.org/wikipedia/commons/thumb/7/71/CHE_Lenzburg_COA.svg/500px-CHE_Lenzburg_COA.svg.png",25.172157082,FALSE,FALSE
19,4202,22.332506203,270,939,51.358234295,1210,2356,1209,TRUE,"AG","Meisterschwanden","Meisterschwanden","Meisterschwanden","Meisterschwanden AG","Meisterschwanden (AG)","Meisterschwanden (AG)","Aargau","Argovie","Argovia","https://thumb.wikimedia.org/wikipedia/commons/thumb/5/51/Coat_of_arms_of_Meisterschwanden.svg/960px-Coat_of_arms_of_Meisterschwanden.svg.png",25.172157082,FALSE,FALSE
19,4203,20.696584059,309,1184,48.302618817,1494,3093,1493,TRUE,"AG","Möriken-Wildegg","Möriken-Wildegg","Möriken-Wildegg","Möriken-Wildegg AG","Möriken-Wildegg (AG)","Möriken-Wildegg (AG)","Aargau","Argovie","Argovia","https://thumb.wikimedia.org/wikipedia/commons/thumb/c/c4/CHE_M%C3%B6riken-Wildegg_COA.svg/330px-CHE_M%C3%B6riken-Wildegg_COA.svg.png",25.172157082,FALSE,FALSE
19,4204,29.863481229,350,822,42.480115691,1175,2766,1172,TRUE,"AG","Niederlenz","Niederlenz","Niederlenz","Niederlenz AG","Niederlenz (AG)","Niederlenz (AG)","Aargau","Argovie","Argovia","https://thumb.wikimedia.org/wikipedia/commons/thumb/a/a7/Niederlenz-blason.svg/960px-Niederlenz-blason.svg.png",25.172157082,FALSE,FALSE
19,4205,25.207756233,182,540,36.87150838,726,1969,722,TRUE,"AG","Othmarsingen","Othmarsingen","Othmarsingen","Othmarsingen AG","Othmarsingen (AG)","Othmarsingen (AG)","Aargau","Argovie","Argovia","https://thumb.wikimedia.org/wikipedia/commons/thumb/5/5b/CHE_Othmarsingen_COA.svg/330px-CHE_Othmarsingen_COA.svg.png",25.172157082,FALSE,FALSE
19,4206,21.836065574,333,1192,41.309620049,1533,3711,1525,TRUE,"AG","Rupperswil","Rupperswil","Rupperswil","Rupperswil AG","Rupperswil (AG)","Rupperswil (AG)","Aargau","Argovie","Argovia","https://thumb.wikimedia.org/wikipedia/commons/thumb/0/0d/CHE_Rupperswil_COA.svg/500px-CHE_Rupperswil_COA.svg.png",25.172157082,FALSE,FALSE
19,4207,29.545454545,273,651,46.546546547,930,1998,924,TRUE,"AG","Schafisheim","Schafisheim","Schafisheim","Schafisheim AG","Schafisheim (AG)","Schafisheim (AG)","Aargau","Argovie","Argovia","https://thumb.wikimedia.org/wikipedia/commons/thumb/0/0e/CHE_Schafisheim_COA.svg/330px-CHE_Schafisheim_COA.svg.png",25.172157082,FALSE,FALSE
19,4208,22.323049002,369,1284,51.318647223,1654,3223,1653,TRUE,"AG","Seengen","Seengen","Seengen","Seengen AG","Seengen (AG)","Seengen (AG)","Aargau","Argovie","Argovia","https://thumb.wikimedia.org/wikipedia/commons/thumb/2/20/CHE_Seengen_COA.svg/330px-CHE_Seengen_COA.svg.png",25.172157082,FALSE,FALSE
19,4209,24.380704042,374,1160,44.524913094,1537,3452,1534,TRUE,"AG","Seon","Seon","Seon","Seon AG","Seon (AG)","Seon (AG)","Aargau","Argovie","Argovia","https://thumb.wikimedia.org/wikipedia/commons/thumb/1/1d/CHE_Seon_COA.svg/960px-CHE_Seon_COA.svg.png",25.172157082,FALSE,FALSE
19,4210,26.398852224,368,1026,50.762527233,1398,2754,1394,TRUE,"AG","Staufen","Staufen","Staufen","Staufen AG","Staufen (AG)","Staufen (AG)","Aargau","Argovie","Argovia","https://thumb.wikimedia.org/wikipedia/commons/thumb/e/ef/CHE_Staufen_COA.svg/330px-CHE_Staufen_COA.svg.png",25.172157082,FALSE,FALSE
19,4221,14.745308311,55,318,52.801120448,377,714,373,TRUE,"AG","Abtwil","Abtwil","Abtwil","Abtwil AG","Abtwil (AG)","Abtwil (AG)","Aargau","Argovie","Argovia","https://thumb.wikimedia.org/wikipedia/commons/thumb/a/aa/CHE_Abtwil_AG_COA.svg/330px-CHE_Abtwil_AG_COA.svg.png",25.172157082,FALSE,FALSE
19,4222,20.824742268,101,384,45.590994371,486,1066,485,TRUE,"AG","Aristau","Aristau","Aristau","Aristau AG","Aristau (AG)","Aristau (AG)","Aargau","Argovie","Argovia","https://thumb.wikimedia.org/wikipedia/commons/thumb/3/35/CHE_Aristau_COA.svg/330px-CHE_Aristau_COA.svg.png",25.172157082,FALSE,FALSE
19,4223,15.72519084,103,552,44.801641587,655,1462,655,TRUE,"AG","Auw","Auw","Auw","Auw AG","Auw (AG)","Auw (AG)","Aargau","Argovie","Argovia","https://thumb.wikimedia.org/wikipedia/commons/thumb/6/67/CHE_Auw_AG_COA.svg/330px-CHE_Auw_AG_COA.svg.png",25.172157082,FALSE,FALSE
19,4224,12.449799197,62,436,56.674208145,501,884,498,TRUE,"AG","Beinwil (Freiamt)","Beinwil (Freiamt)","Beinwil (Freiamt)","Beinwil (Freiamt) AG","Beinwil (Freiamt) (AG)","Beinwil (Freiamt) (AG)","Aargau","Argovie","Argovia","https://thumb.wikimedia.org/wikipedia/commons/thumb/2/21/CHE_Beinwil_%28Freiamt%29_COA.svg/330px-CHE_Beinwil_%28Freiamt%29_COA.svg.png",25.172157082,FALSE,FALSE
19,4226,20.704845815,47,180,44.834307992,230,513,227,TRUE,"AG","Besenbüren","Besenbüren","Besenbüren","Besenbüren AG","Besenbüren (AG)","Besenbüren (AG)","Aargau","Argovie","Argovia","https://thumb.wikimedia.org/wikipedia/commons/thumb/9/99/CHE_Besenb%C3%BCren_COA.svg/330px-CHE_Besenb%C3%BCren_COA.svg.png",25.172157082,FALSE,FALSE
19,4227,18.531468531,53,233,53.860640301,286,531,286,TRUE,"AG","Bettwil","Bettwil","Bettwil","Bettwil AG","Bettwil (AG)","Bettwil (AG)","Aargau","Argovie","Argovia","https://thumb.wikimedia.org/wikipedia/commons/thumb/0/03/CHE_Bettwil_COA.svg/330px-CHE_Bettwil_COA.svg.png",25.172157082,FALSE,FALSE
19,4228,19.235225956,166,697,42.112950341,865,2054,863,TRUE,"AG","Boswil","Boswil","Boswil","Boswil AG","Boswil (AG)","Boswil (AG)","Aargau","Argovie","Argovia","https://thumb.wikimedia.org/wikipedia/commons/thumb/1/1b/CHE_Boswil_COA.svg/330px-CHE_Boswil_COA.svg.png",25.172157082,FALSE,FALSE
19,4229,24.938875306,102,307,50.49382716,409,810,409,TRUE,"AG","Bünzen","Bünzen","Bünzen","Bünzen AG","Bünzen (AG)","Bünzen (AG)","Aargau","Argovie","Argovia","https://thumb.wikimedia.org/wikipedia/commons/thumb/6/6f/Wappen_B%C3%BCnzen_AG.svg/330px-Wappen_B%C3%BCnzen_AG.svg.png",25.172157082,FALSE,FALSE
19,4230,25.059101655,106,317,48.574686431,426,877,423,TRUE,"AG","Buttwil","Buttwil","Buttwil","Buttwil AG","Buttwil (AG)","Buttwil (AG)","Aargau","Argovie","Argovia","https://thumb.wikimedia.org/wikipedia/commons/thumb/0/0a/Wappen_Buttwil.svg/330px-Wappen_Buttwil.svg.png",25.172157082,FALSE,FALSE
19,4231,16.363636364,72,368,45.567010309,442,970,440,TRUE,"AG","Dietwil","Dietwil","Dietwil","Dietwil AG","Dietwil (AG)","Dietwil (AG)","Aargau","Argovie","Argovia","https://thumb.wikimedia.org/wikipedia/commons/thumb/3/3a/CHE_Dietwil_COA.svg/330px-CHE_Dietwil_COA.svg.png",25.172157082,FALSE,FALSE
19,4232,18.279569892,17,76,58.125,93,160,93,TRUE,"AG","Geltwil","Geltwil","Geltwil","Geltwil AG","Geltwil (AG)","Geltwil (AG)","Aargau","Argovie","Argovia","https://thumb.wikimedia.org/wikipedia/commons/thumb/a/a7/CHE_Geltwil_COA.svg/330px-CHE_Geltwil_COA.svg.png",25.172157082,FALSE,FALSE
19,4233,9.848484848,13,119,46.808510638,132,282,132,TRUE,"AG","Kallern","Kallern","Kallern","Kallern AG","Kallern (AG)","Kallern (AG)","Aargau","Argovie","Argovia","https://thumb.wikimedia.org/wikipedia/commons/thumb/6/69/CHE_Kallern_COA.svg/330px-CHE_Kallern_COA.svg.png",25.172157082,FALSE,FALSE
19,4234,19.929453263,226,908,46.691327579,1136,2433,1134,TRUE,"AG","Merenschwand","Merenschwand","Merenschwand","Merenschwand AG","Merenschwand (AG)","Merenschwand (AG)","Aargau","Argovie","Argovia","https://thumb.wikimedia.org/wikipedia/commons/thumb/6/6a/CHE_Merenschwand_COA.svg/330px-CHE_Merenschwand_COA.svg.png",25.172157082,FALSE,FALSE
19,4235,19.450800915,85,352,48.881431767,437,894,437,TRUE,"AG","Mühlau","Mühlau","Mühlau","Mühlau AG","Mühlau (AG)","Mühlau (AG)","Aargau","Argovie","Argovia","https://thumb.wikimedia.org/wikipedia/commons/thumb/f/f4/CHE_M%C3%BChlau_AG_COA.svg/330px-CHE_M%C3%BChlau_AG_COA.svg.png",25.172157082,FALSE,FALSE
19,4236,23.176323468,556,1843,43.786337209,2410,5504,2399,TRUE,"AG","Muri AG","Muri (AG)","Muri AG","Muri AG","Muri (AG)","Muri (AG)","Aargau","Argovie","Argovia","https://thumb.wikimedia.org/wikipedia/commons/thumb/2/28/CHE_Muri_COA.svg/330px-CHE_Muri_COA.svg.png",25.172157082,FALSE,FALSE
19,4237,17.748917749,82,380,44.562078922,463,1039,462,TRUE,"AG","Oberrüti","Oberrüti","Oberrüti","Oberrüti AG","Oberrüti (AG)","Oberrüti (AG)","Aargau","Argovie","Argovia","https://thumb.wikimedia.org/wikipedia/commons/thumb/2/21/CHE_Oberr%C3%BCti_COA.svg/330px-CHE_Oberr%C3%BCti_COA.svg.png",25.172157082,FALSE,FALSE
19,4238,21.220930233,73,271,48.324022346,346,716,344,TRUE,"AG","Rottenschwil","Rottenschwil","Rottenschwil","Rottenschwil AG","Rottenschwil (AG)","Rottenschwil (AG)","Aargau","Argovie","Argovia","https://thumb.wikimedia.org/wikipedia/commons/thumb/0/0b/CHE_Rottenschwil_COA.svg/330px-CHE_Rottenschwil_COA.svg.png",25.172157082,FALSE,FALSE
19,4239,18.168168168,242,1090,46.169844021,1332,2885,1332,TRUE,"AG","Sins","Sins","Sins","Sins AG","Sins (AG)","Sins (AG)","Aargau","Argovie","Argovia","https://thumb.wikimedia.org/wikipedia/commons/thumb/d/d3/CHE_Sins_COA.svg/330px-CHE_Sins_COA.svg.png",25.172157082,FALSE,FALSE
19,4240,24.120082816,233,733,44.464859899,968,2177,966,TRUE,"AG","Waltenschwil","Waltenschwil","Waltenschwil","Waltenschwil AG","Waltenschwil (AG)","Waltenschwil (AG)","Aargau","Argovie","Argovia","https://thumb.wikimedia.org/wikipedia/commons/thumb/6/6c/CHE_Waltenschwil_COA.svg/330px-CHE_Waltenschwil_COA.svg.png",25.172157082,FALSE,FALSE
19,4251,21.25,68,252,52.287581699,320,612,320,TRUE,"AG","Hellikon","Hellikon","Hellikon","Hellikon AG","Hellikon (AG)","Hellikon (AG)","Aargau","Argovie","Argovia","https://thumb.wikimedia.org/wikipedia/commons/thumb/5/56/Wappen_Hellikon_AG.svg/330px-Wappen_Hellikon_AG.svg.png",25.172157082,FALSE,FALSE
19,4252,24.390243902,320,992,39.494047619,1327,3360,1312,TRUE,"AG","Kaiseraugst","Kaiseraugst","Kaiseraugst","Kaiseraugst AG","Kaiseraugst (AG)","Kaiseraugst (AG)","Aargau","Argovie","Argovia","https://thumb.wikimedia.org/wikipedia/commons/thumb/3/3c/Wappen_Kaiseraugst_AG.svg/330px-Wappen_Kaiseraugst_AG.svg.png",25.172157082,FALSE,FALSE
19,4253,25.034867503,359,1075,54.445705638,1439,2643,1434,TRUE,"AG","Magden","Magden","Magden","Magden AG","Magden (AG)","Magden (AG)","Aargau","Argovie","Argovia","https://thumb.wikimedia.org/wikipedia/commons/thumb/8/8d/Wappen_Magden_AG.svg/330px-Wappen_Magden_AG.svg.png",25.172157082,FALSE,FALSE
19,4254,22.367465505,616,2138,40.915805022,2770,6770,2754,TRUE,"AG","Möhlin","Möhlin","Möhlin","Möhlin AG","Möhlin (AG)","Möhlin (AG)","Aargau","Argovie","Argovia","https://thumb.wikimedia.org/wikipedia/commons/thumb/4/43/Wappen_M%C3%B6hlin_AG.svg/330px-Wappen_M%C3%B6hlin_AG.svg.png",25.172157082,FALSE,FALSE
19,4255,22.903225806,71,239,37.34939759,310,830,310,TRUE,"AG","Mumpf","Mumpf","Mumpf","Mumpf AG","Mumpf (AG)","Mumpf (AG)","Aargau","Argovie","Argovia","https://thumb.wikimedia.org/wikipedia/commons/thumb/3/33/Wappen_Mumpf_AG.svg/330px-Wappen_Mumpf_AG.svg.png",25.172157082,FALSE,FALSE
19,4256,22.784810127,72,244,44.335664336,317,715,316,TRUE,"AG","Obermumpf","Obermumpf","Obermumpf","Obermumpf AG","Obermumpf (AG)","Obermumpf (AG)","Aargau","Argovie","Argovia","https://thumb.wikimedia.org/wikipedia/commons/thumb/b/ba/Wappen_Obermumpf_AG.svg/330px-Wappen_Obermumpf_AG.svg.png",25.172157082,FALSE,FALSE
19,4257,24.817518248,34,103,55.6,139,250,137,TRUE,"AG","Olsberg","Olsberg","Olsberg","Olsberg AG","Olsberg (AG)","Olsberg (AG)","Aargau","Argovie","Argovia","https://thumb.wikimedia.org/wikipedia/commons/thumb/f/fe/CHE_Olsberg_AG_COA.svg/960px-CHE_Olsberg_AG_COA.svg.png",25.172157082,FALSE,FALSE
19,4258,28.833819242,989,2441,44.648872765,3446,7718,3430,TRUE,"AG","Rheinfelden","Rheinfelden","Rheinfelden","Rheinfelden AG","Rheinfelden (AG)","Rheinfelden (AG)","Aargau","Argovie","Argovia","https://thumb.wikimedia.org/wikipedia/commons/thumb/7/7f/CHE_Rheinfelden_COA.svg/960px-CHE_Rheinfelden_COA.svg.png",25.172157082,FALSE,FALSE
19,4259,14.153846154,46,279,51.261829653,325,634,325,TRUE,"AG","Schupfart","Schupfart","Schupfart","Schupfart AG","Schupfart (AG)","Schupfart (AG)","Aargau","Argovie","Argovia","https://thumb.wikimedia.org/wikipedia/commons/thumb/e/ee/CHE_Schupfart_COA.svg/330px-CHE_Schupfart_COA.svg.png",25.172157082,FALSE,FALSE
19,4260,25.730994152,176,508,41.155449672,691,1679,684,TRUE,"AG","Stein AG","Stein (AG)","Stein AG","Stein AG","Stein (AG)","Stein (AG)","Aargau","Argovie","Argovia","https://thumb.wikimedia.org/wikipedia/commons/thumb/d/d3/CHE_Stein_COA.svg/330px-CHE_Stein_COA.svg.png",25.172157082,FALSE,FALSE
19,4261,21.176470588,144,536,48.612099644,683,1405,680,TRUE,"AG","Wallbach","Wallbach","Wallbach","Wallbach AG","Wallbach (AG)","Wallbach (AG)","Aargau","Argovie","Argovia","https://thumb.wikimedia.org/wikipedia/commons/thumb/a/af/Wappen_Wallbach_AG.svg/330px-Wappen_Wallbach_AG.svg.png",25.172157082,FALSE,FALSE
19,4262,23.142857143,81,269,46.133682831,352,763,350,TRUE,"AG","Wegenstetten","Wegenstetten","Wegenstetten","Wegenstetten AG","Wegenstetten (AG)","Wegenstetten (AG)","Aargau","Argovie","Argovia","https://thumb.wikimedia.org/wikipedia/commons/thumb/4/43/Wappen_Wegenstetten_AG.svg/330px-Wappen_Wegenstetten_AG.svg.png",25.172157082,FALSE,FALSE
19,4263,20.689655172,156,598,45.205479452,759,1679,754,TRUE,"AG","Zeiningen","Zeiningen","Zeiningen","Zeiningen AG","Zeiningen (AG)","Zeiningen (AG)","Aargau","Argovie","Argovia","https://thumb.wikimedia.org/wikipedia/commons/thumb/2/23/CHE_Zeiningen_COA.svg/330px-CHE_Zeiningen_COA.svg.png",25.172157082,FALSE,FALSE
19,4264,22.569444444,65,223,47.861842105,291,608,288,TRUE,"AG","Zuzgen","Zuzgen","Zuzgen","Zuzgen AG","Zuzgen (AG)","Zuzgen (AG)","Aargau","Argovie","Argovia","https://thumb.wikimedia.org/wikipedia/commons/thumb/e/e4/CHE_Zuzgen_COA.svg/330px-CHE_Zuzgen_COA.svg.png",25.172157082,FALSE,FALSE
19,4271,28.093645485,420,1075,36.811168259,1503,4083,1495,TRUE,"AG","Aarburg","Aarburg","Aarburg","Aarburg AG","Aarburg (AG)","Aarburg (AG)","Aargau","Argovie","Argovia","https://thumb.wikimedia.org/wikipedia/commons/thumb/9/97/CHE_Aarburg_COA.svg/330px-CHE_Aarburg_COA.svg.png",25.172157082,FALSE,FALSE
19,4273,20.338983051,60,235,46.67721519,295,632,295,TRUE,"AG","Bottenwil","Bottenwil","Bottenwil","Bottenwil AG","Bottenwil (AG)","Bottenwil (AG)","Aargau","Argovie","Argovia","https://thumb.wikimedia.org/wikipedia/commons/thumb/3/3b/Wappen_Bottenwil.svg/330px-Wappen_Bottenwil.svg.png",25.172157082,FALSE,FALSE
19,4274,22.485632184,313,1079,45.871559633,1400,3052,1392,TRUE,"AG","Brittnau","Brittnau","Brittnau","Brittnau AG","Brittnau (AG)","Brittnau (AG)","Aargau","Argovie","Argovia","https://thumb.wikimedia.org/wikipedia/commons/thumb/0/09/CHE_Brittnau_COA.svg/960px-CHE_Brittnau_COA.svg.png",25.172157082,FALSE,FALSE
19,4275,17.027027027,63,307,59.294871795,370,624,370,TRUE,"AG","Kirchleerau","Kirchleerau","Kirchleerau","Kirchleerau AG","Kirchleerau (AG)","Kirchleerau (AG)","Aargau","Argovie","Argovia","https://thumb.wikimedia.org/wikipedia/commons/thumb/d/d4/Wappen_Kirchleerau_AG.svg/330px-Wappen_Kirchleerau_AG.svg.png",25.172157082,FALSE,FALSE
19,4276,22.866344605,284,958,40.472339049,1251,3091,1242,TRUE,"AG","Kölliken","Kölliken","Kölliken","Kölliken AG","Kölliken (AG)","Kölliken (AG)","Aargau","Argovie","Argovia","https://thumb.wikimedia.org/wikipedia/commons/thumb/2/24/CHE_K%C3%B6lliken_COA.svg/330px-CHE_K%C3%B6lliken_COA.svg.png",25.172157082,FALSE,FALSE
19,4277,17.760617761,46,213,39.481707317,259,656,259,TRUE,"AG","Moosleerau","Moosleerau","Moosleerau","Moosleerau AG","Moosleerau (AG)","Moosleerau (AG)","Aargau","Argovie","Argovia","https://thumb.wikimedia.org/wikipedia/commons/thumb/a/a7/Wappen_Moosleerau_AG.svg/330px-Wappen_Moosleerau_AG.svg.png",25.172157082,FALSE,FALSE
19,4279,20.619785459,173,666,41.575817641,839,2018,839,TRUE,"AG","Murgenthal","Murgenthal","Murgenthal","Murgenthal AG","Murgenthal (AG)","Murgenthal (AG)","Aargau","Argovie","Argovia","https://thumb.wikimedia.org/wikipedia/commons/thumb/8/81/Wappen_Murgenthal_AG.svg/330px-Wappen_Murgenthal_AG.svg.png",25.172157082,FALSE,FALSE
19,4280,24.215070644,617,1931,35.029407742,2561,7311,2548,TRUE,"AG","Oftringen","Oftringen","Oftringen","Oftringen AG","Oftringen (AG)","Oftringen (AG)","Aargau","Argovie","Argovia","https://thumb.wikimedia.org/wikipedia/commons/thumb/b/b9/CHE_Oftringen_COA.svg/330px-CHE_Oftringen_COA.svg.png",25.172157082,FALSE,FALSE
19,4281,15.198618307,88,491,50.086206897,581,1160,579,TRUE,"AG","Reitnau","Reitnau","Reitnau","Reitnau AG","Reitnau (AG)","Reitnau (AG)","Aargau","Argovie","Argovia","https://thumb.wikimedia.org/wikipedia/commons/thumb/5/5c/Wappen_Reitnau_AG.svg/330px-Wappen_Reitnau_AG.svg.png",25.172157082,FALSE,FALSE
19,4282,20.048309179,415,1655,35.438716285,2076,5858,2070,TRUE,"AG","Rothrist","Rothrist","Rothrist","Rothrist AG","Rothrist (AG)","Rothrist (AG)","Aargau","Argovie","Argovia","https://thumb.wikimedia.org/wikipedia/commons/thumb/6/6c/Wappen_Rothrist_AG.svg/330px-Wappen_Rothrist_AG.svg.png",25.172157082,FALSE,FALSE
19,4283,23.03030303,228,762,37.518853695,995,2652,990,TRUE,"AG","Safenwil","Safenwil","Safenwil","Safenwil AG","Safenwil (AG)","Safenwil (AG)","Aargau","Argovie","Argovia","https://thumb.wikimedia.org/wikipedia/commons/thumb/a/a9/Wappen_Safenwil_AG.svg/330px-Wappen_Safenwil_AG.svg.png",25.172157082,FALSE,FALSE
19,4284,16.094986807,61,318,39.33747412,380,966,379,TRUE,"AG","Staffelbach","Staffelbach","Staffelbach","Staffelbach AG","Staffelbach (AG)","Staffelbach (AG)","Aargau","Argovie","Argovia","https://thumb.wikimedia.org/wikipedia/commons/thumb/0/0a/Wappen_Staffelbach_AG.svg/330px-Wappen_Staffelbach_AG.svg.png",25.172157082,FALSE,FALSE
19,4285,22.958771221,284,953,41.544117647,1243,2992,1237,TRUE,"AG","Strengelbach","Strengelbach","Strengelbach","Strengelbach AG","Strengelbach (AG)","Strengelbach (AG)","Aargau","Argovie","Argovia","https://thumb.wikimedia.org/wikipedia/commons/thumb/2/2a/Wappen_Strengelbach_AG.svg/330px-Wappen_Strengelbach_AG.svg.png",25.172157082,FALSE,FALSE
19,4286,19.047619048,92,391,45.143385754,488,1081,483,TRUE,"AG","Uerkheim","Uerkheim","Uerkheim","Uerkheim AG","Uerkheim (AG)","Uerkheim (AG)","Aargau","Argovie","Argovia","https://thumb.wikimedia.org/wikipedia/commons/thumb/a/af/CHE_Uerkheim_COA.svg/960px-CHE_Uerkheim_COA.svg.png",25.172157082,FALSE,FALSE
19,4287,23.347398031,166,545,46.965699208,712,1516,711,TRUE,"AG","Vordemwald","Vordemwald","Vordemwald","Vordemwald AG","Vordemwald (AG)","Vordemwald (AG)","Aargau","Argovie","Argovia","https://thumb.wikimedia.org/wikipedia/commons/thumb/6/6a/Wappen_Vordemwald_AG.svg/330px-Wappen_Vordemwald_AG.svg.png",25.172157082,FALSE,FALSE
19,4288,26.595744681,25,69,65.277777778,94,144,94,TRUE,"AG","Wiliberg","Wiliberg","Wiliberg","Wiliberg AG","Wiliberg (AG)","Wiliberg (AG)","Aargau","Argovie","Argovia","https://thumb.wikimedia.org/wikipedia/commons/thumb/4/43/Wappen_Wiliberg_AG.svg/330px-Wappen_Wiliberg_AG.svg.png",25.172157082,FALSE,FALSE
19,4289,29.622596724,1248,2965,50.643316655,4251,8394,4213,TRUE,"AG","Zofingen","Zofingue","Zofingue","Zofingen AG","Zofingue (AG)","Zofingue (AG)","Aargau","Argovie","Argovia","https://thumb.wikimedia.org/wikipedia/commons/thumb/a/a5/Wappen_Zofingen_AG.svg/330px-Wappen_Zofingen_AG.svg.png",25.172157082,FALSE,FALSE
19,4303,14.699331849,132,766,43.520309478,900,2068,898,TRUE,"AG","Böttstein","Böttstein","Böttstein","Böttstein AG","Böttstein (AG)","Böttstein (AG)","Aargau","Argovie","Argovia","https://thumb.wikimedia.org/wikipedia/commons/thumb/c/cb/CHE_B%C3%B6ttstein_COA.svg/500px-CHE_B%C3%B6ttstein_COA.svg.png",25.172157082,FALSE,FALSE
19,4304,22.93144208,194,652,41.337237677,847,2049,846,TRUE,"AG","Döttingen","Döttingen","Döttingen","Döttingen AG","Döttingen (AG)","Döttingen (AG)","Aargau","Argovie","Argovia","https://thumb.wikimedia.org/wikipedia/commons/thumb/b/bd/CHE_D%C3%B6ttingen_AG_COA.svg/500px-CHE_D%C3%B6ttingen_AG_COA.svg.png",25.172157082,FALSE,FALSE
19,4305,23.255813953,210,693,50.055187638,907,1812,903,TRUE,"AG","Endingen","Endingen","Endingen","Endingen AG","Endingen (AG)","Endingen (AG)","Aargau","Argovie","Argovia","https://thumb.wikimedia.org/wikipedia/commons/thumb/b/b3/CHE_Endingen_COA.svg/960px-CHE_Endingen_COA.svg.png",25.172157082,FALSE,FALSE
19,4306,18.072289157,30,136,50.455927052,166,329,166,TRUE,"AG","Fisibach","Fisibach","Fisibach","Fisibach AG","Fisibach (AG)","Fisibach (AG)","Aargau","Argovie","Argovia","https://thumb.wikimedia.org/wikipedia/commons/thumb/1/18/CHE_Fisibach_COA.svg/330px-CHE_Fisibach_COA.svg.png",25.172157082,FALSE,FALSE
19,4307,17.647058824,54,252,47.320061256,309,653,306,TRUE,"AG","Full-Reuenthal","Full-Reuenthal","Full-Reuenthal","Full-Reuenthal AG","Full-Reuenthal (AG)","Full-Reuenthal (AG)","Aargau","Argovie","Argovia","https://thumb.wikimedia.org/wikipedia/commons/thumb/4/4c/CHE_Full-Reuenthal_COA.svg/330px-CHE_Full-Reuenthal_COA.svg.png",25.172157082,FALSE,FALSE
19,4309,24.307036247,228,710,44.942748092,942,2096,938,TRUE,"AG","Klingnau","Klingnau","Klingnau","Klingnau AG","Klingnau (AG)","Klingnau (AG)","Aargau","Argovie","Argovia","https://thumb.wikimedia.org/wikipedia/commons/thumb/5/5d/Wappen_Klingnau.svg/330px-Wappen_Klingnau.svg.png",25.172157082,FALSE,FALSE
19,4310,28.618421053,87,217,39.791937581,306,769,304,TRUE,"AG","Koblenz","Koblenz","Koblenz","Koblenz AG","Koblenz (AG)","Koblenz (AG)","Aargau","Argovie","Argovia","https://thumb.wikimedia.org/wikipedia/commons/thumb/8/8e/Wappen_Koblenz_AG.svg/330px-Wappen_Koblenz_AG.svg.png",25.172157082,FALSE,FALSE
19,4311,13.253012048,44,288,43.931398417,333,758,332,TRUE,"AG","Leibstadt","Leibstadt","Leibstadt","Leibstadt AG","Leibstadt (AG)","Leibstadt (AG)","Aargau","Argovie","Argovia","https://thumb.wikimedia.org/wikipedia/commons/thumb/5/58/CHE_Leibstadt_COA.svg/500px-CHE_Leibstadt_COA.svg.png",25.172157082,FALSE,FALSE
19,4312,23.326771654,237,779,51.231774761,1019,1989,1016,TRUE,"AG","Lengnau AG","Lengnau (AG)","Lengnau AG","Lengnau AG","Lengnau (AG)","Lengnau (AG)","Aargau","Argovie","Argovia","https://thumb.wikimedia.org/wikipedia/commons/thumb/9/9b/Wappen_Lengnau_AG.svg/330px-Wappen_Lengnau_AG.svg.png",25.172157082,FALSE,FALSE
19,4313,17.079889807,124,602,49.965635739,727,1455,726,TRUE,"AG","Leuggern","Leuggern","Leuggern","Leuggern AG","Leuggern (AG)","Leuggern (AG)","Aargau","Argovie","Argovia","https://thumb.wikimedia.org/wikipedia/commons/thumb/6/60/Coat_of_arms_of_Leuggern.svg/960px-Coat_of_arms_of_Leuggern.svg.png",25.172157082,FALSE,FALSE
19,4314,29.67032967,27,64,55.828220859,91,163,91,TRUE,"AG","Mellikon","Mellikon","Mellikon","Mellikon AG","Mellikon (AG)","Mellikon (AG)","Aargau","Argovie","Argovia","https://thumb.wikimedia.org/wikipedia/commons/thumb/5/51/CHE_Mellikon_COA.svg/330px-CHE_Mellikon_COA.svg.png",25.172157082,FALSE,FALSE
19,4318,20.926243568,122,461,52.236135957,584,1118,583,TRUE,"AG","Schneisingen","Schneisingen","Schneisingen","Schneisingen AG","Schneisingen (AG)","Schneisingen (AG)","Aargau","Argovie","Argovia","https://thumb.wikimedia.org/wikipedia/commons/thumb/d/da/CHE_Schneisingen_COA.svg/960px-CHE_Schneisingen_COA.svg.png",25.172157082,FALSE,FALSE
19,4319,15.891472868,41,217,48.689138577,260,534,258,TRUE,"AG","Siglistorf","Siglistorf","Siglistorf","Siglistorf AG","Siglistorf (AG)","Siglistorf (AG)","Aargau","Argovie","Argovia","https://thumb.wikimedia.org/wikipedia/commons/thumb/3/39/CHE_Siglistorf_COA.svg/960px-CHE_Siglistorf_COA.svg.png",25.172157082,FALSE,FALSE
19,4320,16.19047619,68,352,49.359720605,424,859,420,TRUE,"AG","Tegerfelden","Tegerfelden","Tegerfelden","Tegerfelden AG","Tegerfelden (AG)","Tegerfelden (AG)","Aargau","Argovie","Argovia","https://thumb.wikimedia.org/wikipedia/commons/thumb/c/c6/CHE_Tegerfelden_COA.svg/330px-CHE_Tegerfelden_COA.svg.png",25.172157082,FALSE,FALSE
19,4324,25.62531904,502,1457,44.085297419,1964,4455,1959,TRUE,"AG","Zurzach","Zurzach","Zurzach","Zurzach AG","Zurzach (AG)","Zurzach (AG)","Aargau","Argovie","Argovia","https://thumb.wikimedia.org/wikipedia/commons/thumb/8/82/CHE_Zurzach_COA.svg/500px-CHE_Zurzach_COA.svg.png",25.172157082,FALSE,FALSE
20,4401,29.279628195,1134,2739,46.161005119,3968,8596,3873,TRUE,"TG","Arbon","Arbon","Arbon","Arbon TG","Arbon (TG)","Arbon (TG)","Thurgau","Thurgovie","Turgovia","https://upload.wikimedia.org/wikipedia/commons/0/05/Arbon_Wappen.jpg",23.483622237,FALSE,FALSE
20,4406,28.819444444,83,205,63.225806452,294,465,288,TRUE,"TG","Dozwil","Dozwil","Dozwil","Dozwil TG","Dozwil (TG)","Dozwil (TG)","Thurgau","Thurgovie","Turgovia","https://thumb.wikimedia.org/wikipedia/commons/thumb/7/7d/Dozwil-blazon.svg/250px-Dozwil-blazon.svg.png",23.483622237,FALSE,FALSE
20,4411,21.968854283,395,1403,52.172678216,1837,3521,1798,TRUE,"TG","Egnach","Egnach","Egnach","Egnach TG","Egnach (TG)","Egnach (TG)","Thurgau","Thurgovie","Turgovia","https://thumb.wikimedia.org/wikipedia/commons/thumb/6/6a/CHE_Egnach_COA.svg/960px-CHE_Egnach_COA.svg.png",23.483622237,FALSE,FALSE
20,4416,20.652173913,95,365,51.659292035,467,904,460,TRUE,"TG","Hefenhofen","Hefenhofen","Hefenhofen","Hefenhofen TG","Hefenhofen (TG)","Hefenhofen (TG)","Thurgau","Thurgovie","Turgovia","https://thumb.wikimedia.org/wikipedia/commons/thumb/e/ea/CHE_Hefenhofen_COA.svg/250px-CHE_Hefenhofen_COA.svg.png",23.483622237,FALSE,FALSE
20,4421,24.425287356,255,789,48.808432631,1065,2182,1044,TRUE,"TG","Horn","Horn","Horn","Horn TG","Horn (TG)","Horn (TG)","Thurgau","Thurgovie","Turgovia","https://thumb.wikimedia.org/wikipedia/commons/thumb/2/25/Wappen_Horn.svg/500px-Wappen_Horn.svg.png",23.483622237,FALSE,FALSE
20,4426,26.869158879,115,313,65.813253012,437,664,428,TRUE,"TG","Kesswil","Kesswil","Kesswil","Kesswil TG","Kesswil (TG)","Kesswil (TG)","Thurgau","Thurgovie","Turgovia","https://thumb.wikimedia.org/wikipedia/commons/thumb/e/ef/Kesswil-blazon.svg/250px-Kesswil-blazon.svg.png",23.483622237,FALSE,FALSE
20,4431,22.107969152,258,909,49.376039933,1187,2404,1167,TRUE,"TG","Roggwil TG","Roggwil (TG)","Roggwil TG","Roggwil TG","Roggwil (TG)","Roggwil (TG)","Thurgau","Thurgovie","Turgovia","https://thumb.wikimedia.org/wikipedia/commons/thumb/8/8e/Roggwil_TG-coat_of_arms.svg/250px-Roggwil_TG-coat_of_arms.svg.png",23.483622237,FALSE,FALSE
20,4436,26.702508961,745,2045,44.03712297,2847,6465,2790,TRUE,"TG","Romanshorn","Romanshorn","Romanshorn","Romanshorn TG","Romanshorn (TG)","Romanshorn (TG)","Thurgau","Thurgovie","Turgovia","https://thumb.wikimedia.org/wikipedia/commons/thumb/7/71/Wappen_Romanshorn.svg/250px-Wappen_Romanshorn.svg.png",23.483622237,FALSE,FALSE
20,4441,28.732394366,102,253,41.223103058,364,883,355,TRUE,"TG","Salmsach","Salmsach","Salmsach","Salmsach TG","Salmsach (TG)","Salmsach (TG)","Thurgau","Thurgovie","Turgovia","https://thumb.wikimedia.org/wikipedia/commons/thumb/9/9e/Salmsach-blazon.svg/250px-Salmsach-blazon.svg.png",23.483622237,FALSE,FALSE
20,4446,23.333333333,56,184,56.221198157,244,434,240,TRUE,"TG","Sommeri","Sommeri","Sommeri","Sommeri TG","Sommeri (TG)","Sommeri (TG)","Thurgau","Thurgovie","Turgovia","https://thumb.wikimedia.org/wikipedia/commons/thumb/2/26/Sommeri-blazon.svg/250px-Sommeri-blazon.svg.png",23.483622237,FALSE,FALSE
20,4451,27,189,511,55.538098979,707,1273,700,TRUE,"TG","Uttwil","Uttwil","Uttwil","Uttwil TG","Uttwil (TG)","Uttwil (TG)","Thurgau","Thurgovie","Turgovia","https://thumb.wikimedia.org/wikipedia/commons/thumb/b/be/CHE_Uttwil_COA.svg/500px-CHE_Uttwil_COA.svg.png",23.483622237,FALSE,FALSE
20,4461,,,,,,,,FALSE,"TG","Amriswil","Amriswil","Amriswil","Amriswil TG","Amriswil (TG)","Amriswil (TG)","Thurgau","Thurgovie","Turgovia","https://thumb.wikimedia.org/wikipedia/commons/thumb/3/3e/CHE_Amriswil_COA.svg/960px-CHE_Amriswil_COA.svg.png",23.483622237,FALSE,FALSE
20,4471,24.470018171,404,1247,45.425013535,1678,3694,1651,TRUE,"TG","Bischofszell","Bischofszell","Bischofszell","Bischofszell TG","Bischofszell (TG)","Bischofszell (TG)","Thurgau","Thurgovie","Turgovia","https://thumb.wikimedia.org/wikipedia/commons/thumb/e/e8/Bischofszell-blazon.svg/250px-Bischofszell-blazon.svg.png",23.483622237,FALSE,FALSE
20,4476,17.368961973,169,804,45.022624434,995,2210,973,TRUE,"TG","Erlen","Erlen","Erlen","Erlen TG","Erlen (TG)","Erlen (TG)","Thurgau","Thurgovie","Turgovia","https://thumb.wikimedia.org/wikipedia/commons/thumb/4/44/Erlen-blazon.svg/250px-Erlen-blazon.svg.png",23.483622237,FALSE,FALSE
20,4486,21.517241379,156,569,50.068027211,736,1470,725,TRUE,"TG","Hauptwil-Gottshaus","Hauptwil-Gottshaus","Hauptwil-Gottshaus","Hauptwil-Gottshaus TG","Hauptwil-Gottshaus (TG)","Hauptwil-Gottshaus (TG)","Thurgau","Thurgovie","Turgovia","https://thumb.wikimedia.org/wikipedia/commons/thumb/d/dd/HauptwilGottshaus-blazon.svg/250px-HauptwilGottshaus-blazon.svg.png",23.483622237,FALSE,FALSE
20,4495,16.974169742,46,225,55.37525355,273,493,271,TRUE,"TG","Hohentannen","Hohentannen","Hohentannen","Hohentannen TG","Hohentannen (TG)","Hohentannen (TG)","Thurgau","Thurgovie","Turgovia","https://thumb.wikimedia.org/wikipedia/commons/thumb/d/df/Hohentannen-blazon.svg/250px-Hohentannen-blazon.svg.png",23.483622237,FALSE,FALSE
20,4501,22.899353647,248,835,47.608695652,1095,2300,1083,TRUE,"TG","Kradolf-Schönenberg","Kradolf-Schönenberg","Kradolf-Schönenberg","Kradolf-Schönenberg TG","Kradolf-Schönenberg (TG)","Kradolf-Schönenberg (TG)","Thurgau","Thurgovie","Turgovia","https://thumb.wikimedia.org/wikipedia/commons/thumb/1/11/KradolfSch%C3%B6nenberg-blazon.svg/250px-KradolfSch%C3%B6nenberg-blazon.svg.png",23.483622237,FALSE,FALSE
20,4506,19.908256881,217,873,45.764802632,1113,2432,1090,TRUE,"TG","Sulgen","Sulgen","Sulgen","Sulgen TG","Sulgen (TG)","Sulgen (TG)","Thurgau","Thurgovie","Turgovia","https://thumb.wikimedia.org/wikipedia/commons/thumb/f/f9/Sulgen-blazon.svg/250px-Sulgen-blazon.svg.png",23.483622237,FALSE,FALSE
20,4511,16.708860759,132,658,47.894736842,819,1710,790,TRUE,"TG","Zihlschlacht-Sitterdorf","Zihlschlacht-Sitterdorf","Zihlschlacht-Sitterdorf","Zihlschlacht-Sitterdorf TG","Zihlschlacht-Sitterdorf (TG)","Zihlschlacht-Sitterdorf (TG)","Thurgau","Thurgovie","Turgovia","https://thumb.wikimedia.org/wikipedia/commons/thumb/7/7c/ZihlschlachtSitterdorf-blazon.svg/250px-ZihlschlachtSitterdorf-blazon.svg.png",23.483622237,FALSE,FALSE
20,4536,25.548589342,163,475,50.31201248,645,1282,638,TRUE,"TG","Basadingen-Schlattingen","Basadingen-Schlattingen","Basadingen-Schlattingen","Basadingen-Schlattingen TG","Basadingen-Schlattingen (TG)","Basadingen-Schlattingen (TG)","Thurgau","Thurgovie","Turgovia","https://thumb.wikimedia.org/wikipedia/commons/thumb/0/01/BasadingenSchlattingen-blazon.svg/250px-BasadingenSchlattingen-blazon.svg.png",23.483622237,FALSE,FALSE
20,4545,25.963488844,256,730,46.846011132,1010,2156,986,TRUE,"TG","Diessenhofen","Diessenhofen","Diessenhofen","Diessenhofen TG","Diessenhofen (TG)","Diessenhofen (TG)","Thurgau","Thurgovie","Turgovia","https://thumb.wikimedia.org/wikipedia/commons/thumb/f/f8/Diessenhofen-blazon.svg/250px-Diessenhofen-blazon.svg.png",23.483622237,FALSE,FALSE
20,4546,19.84,124,501,49.423520369,643,1301,625,TRUE,"TG","Schlatt TG","Schlatt (TG)","Schlatt TG","Schlatt TG","Schlatt (TG)","Schlatt (TG)","Thurgau","Thurgovie","Turgovia","https://thumb.wikimedia.org/wikipedia/commons/thumb/f/fa/Schlatt_TG-blazon.svg/250px-Schlatt_TG-blazon.svg.png",23.483622237,FALSE,FALSE
20,4551,22.374145432,720,2498,50.854037267,3275,6440,3218,TRUE,"TG","Aadorf","Aadorf","Aadorf","Aadorf TG","Aadorf (TG)","Aadorf (TG)","Thurgau","Thurgovie","Turgovia","https://thumb.wikimedia.org/wikipedia/commons/thumb/0/0e/Wappen_Aadorf.svg/250px-Wappen_Aadorf.svg.png",23.483622237,FALSE,FALSE
20,4561,17.265353418,149,714,42.448785136,891,2099,863,TRUE,"TG","Felben-Wellhausen","Felben-Wellhausen","Felben-Wellhausen","Felben-Wellhausen TG","Felben-Wellhausen (TG)","Felben-Wellhausen (TG)","Thurgau","Thurgovie","Turgovia","https://thumb.wikimedia.org/wikipedia/commons/thumb/0/09/FelbenWellhausen-blazon.svg/250px-FelbenWellhausen-blazon.svg.png",23.483622237,FALSE,FALSE
20,4566,,,,,,,,FALSE,"TG","Frauenfeld","Frauenfeld","Frauenfeld","Frauenfeld TG","Frauenfeld (TG)","Frauenfeld (TG)","Thurgau","Thurgovie","Turgovia","https://thumb.wikimedia.org/wikipedia/commons/thumb/e/eb/Frauenfeld-blazon.svg/250px-Frauenfeld-blazon.svg.png",23.483622237,FALSE,FALSE
20,4571,20.682593857,303,1162,47.457088366,1493,3146,1465,TRUE,"TG","Gachnang","Gachnang","Gachnang","Gachnang TG","Gachnang (TG)","Gachnang (TG)","Thurgau","Thurgovie","Turgovia","https://thumb.wikimedia.org/wikipedia/commons/thumb/a/af/CHE_Gachnang_COA.svg/500px-CHE_Gachnang_COA.svg.png",23.483622237,FALSE,FALSE
20,4590,23.170731707,76,252,54.769736842,333,608,328,TRUE,"TG","Hüttlingen","Hüttlingen","Hüttlingen","Hüttlingen TG","Hüttlingen (TG)","Hüttlingen (TG)","Thurgau","Thurgovie","Turgovia","https://thumb.wikimedia.org/wikipedia/commons/thumb/6/6f/H%C3%BCttlingen-blazon.svg/250px-H%C3%BCttlingen-blazon.svg.png",23.483622237,FALSE,FALSE
20,4591,23.904881101,191,608,42.347466391,819,1934,799,TRUE,"TG","Matzingen","Matzingen","Matzingen","Matzingen TG","Matzingen (TG)","Matzingen (TG)","Thurgau","Thurgovie","Turgovia","https://thumb.wikimedia.org/wikipedia/commons/thumb/0/0e/CHE_Matzingen_COA.svg/500px-CHE_Matzingen_COA.svg.png",23.483622237,FALSE,FALSE
20,4601,20.484581498,93,361,54.674556213,462,845,454,TRUE,"TG","Neunforn","Neunforn","Neunforn","Neunforn TG","Neunforn (TG)","Neunforn (TG)","Thurgau","Thurgovie","Turgovia","https://thumb.wikimedia.org/wikipedia/commons/thumb/8/89/Neunforn-blazon.svg/250px-Neunforn-blazon.svg.png",23.483622237,FALSE,FALSE
20,4606,22.619047619,114,390,57.142857143,512,896,504,TRUE,"TG","Stettfurt","Stettfurt","Stettfurt","Stettfurt TG","Stettfurt (TG)","Stettfurt (TG)","Thurgau","Thurgovie","Turgovia","https://thumb.wikimedia.org/wikipedia/commons/thumb/1/12/Stettfurt-blazon.svg/250px-Stettfurt-blazon.svg.png",23.483622237,FALSE,FALSE
20,4611,19.732937685,133,541,55.315747402,692,1251,674,TRUE,"TG","Thundorf","Thundorf","Thundorf","Thundorf TG","Thundorf (TG)","Thundorf (TG)","Thurgau","Thurgovie","Turgovia","https://thumb.wikimedia.org/wikipedia/commons/thumb/5/5d/Thundorf-coat_of_arms.svg/500px-Thundorf-coat_of_arms.svg.png",23.483622237,FALSE,FALSE
20,4616,21.532091097,104,379,53.829078801,485,901,483,TRUE,"TG","Uesslingen-Buch","Uesslingen-Buch","Uesslingen-Buch","Uesslingen-Buch TG","Uesslingen-Buch (TG)","Uesslingen-Buch (TG)","Thurgau","Thurgovie","Turgovia","https://thumb.wikimedia.org/wikipedia/commons/thumb/c/c6/UesslingenBuch-blazon.svg/250px-UesslingenBuch-blazon.svg.png",23.483622237,FALSE,FALSE
20,4621,23.47826087,135,440,55.450236967,585,1055,575,TRUE,"TG","Warth-Weiningen","Warth-Weiningen","Warth-Weiningen","Warth-Weiningen TG","Warth-Weiningen (TG)","Warth-Weiningen (TG)","Thurgau","Thurgovie","Turgovia","https://thumb.wikimedia.org/wikipedia/commons/thumb/d/d9/WarthWeiningen-blazon.svg/250px-WarthWeiningen-blazon.svg.png",23.483622237,FALSE,FALSE
20,4641,27.864583333,214,554,53.958333333,777,1440,768,TRUE,"TG","Altnau","Altnau","Altnau","Altnau TG","Altnau (TG)","Altnau (TG)","Thurgau","Thurgovie","Turgovia","https://thumb.wikimedia.org/wikipedia/commons/thumb/b/bf/CHE_Altnau_COA.svg/500px-CHE_Altnau_COA.svg.png",23.483622237,FALSE,FALSE
20,4643,27.764127764,226,588,58.356741573,831,1424,814,TRUE,"TG","Bottighofen","Bottighofen","Bottighofen","Bottighofen TG","Bottighofen (TG)","Bottighofen (TG)","Thurgau","Thurgovie","Turgovia","https://thumb.wikimedia.org/wikipedia/commons/thumb/e/e8/Bottighofen-blazon.svg/250px-Bottighofen-blazon.svg.png",23.483622237,FALSE,FALSE
20,4646,25.539257981,296,863,54.537121907,1190,2182,1159,TRUE,"TG","Ermatingen","Ermatingen","Ermatingen","Ermatingen TG","Ermatingen (TG)","Ermatingen (TG)","Thurgau","Thurgovie","Turgovia","https://thumb.wikimedia.org/wikipedia/commons/thumb/8/8d/Ermatingen-blazon.svg/250px-Ermatingen-blazon.svg.png",23.483622237,FALSE,FALSE
20,4651,34.31372549,35,67,60.355029586,102,169,102,TRUE,"TG","Gottlieben","Gottlieben","Gottlieben","Gottlieben TG","Gottlieben (TG)","Gottlieben (TG)","Thurgau","Thurgovie","Turgovia","https://thumb.wikimedia.org/wikipedia/commons/thumb/9/93/Gottlieben-blazon.svg/250px-Gottlieben-blazon.svg.png",23.483622237,FALSE,FALSE
20,4656,25.587828492,185,538,62.279966471,743,1193,723,TRUE,"TG","Güttingen","Güttingen","Güttingen","Güttingen TG","Güttingen (TG)","Güttingen (TG)","Thurgau","Thurgovie","Turgovia","https://thumb.wikimedia.org/wikipedia/commons/thumb/1/1a/G%C3%BCttingen-blazon.svg/250px-G%C3%BCttingen-blazon.svg.png",23.483622237,FALSE,FALSE
20,4666,,,,,,,,FALSE,"TG","Kemmental","Kemmental","Kemmental","Kemmental TG","Kemmental (TG)","Kemmental (TG)","Thurgau","Thurgovie","Turgovia","https://thumb.wikimedia.org/wikipedia/commons/thumb/e/e4/CHE_Kemmental_COA.svg/500px-CHE_Kemmental_COA.svg.png",23.483622237,FALSE,FALSE
20,4671,,,,,,,,FALSE,"TG","Kreuzlingen","Kreuzlingen","Kreuzlingen","Kreuzlingen TG","Kreuzlingen (TG)","Kreuzlingen (TG)","Thurgau","Thurgovie","Turgovia","https://thumb.wikimedia.org/wikipedia/commons/thumb/2/25/Kreuzlingen-blazon.svg/250px-Kreuzlingen-blazon.svg.png",23.483622237,FALSE,FALSE
20,4681,17.610062893,84,393,49.338758901,485,983,477,TRUE,"TG","Langrickenbach","Langrickenbach","Langrickenbach","Langrickenbach TG","Langrickenbach (TG)","Langrickenbach (TG)","Thurgau","Thurgovie","Turgovia","https://thumb.wikimedia.org/wikipedia/commons/thumb/7/71/Langrickenbach-blazon.svg/250px-Langrickenbach-blazon.svg.png",23.483622237,FALSE,FALSE
20,4683,,,,,,,,FALSE,"TG","Lengwil","Lengwil","Lengwil","Lengwil TG","Lengwil (TG)","Lengwil (TG)","Thurgau","Thurgovie","Turgovia","https://upload.wikimedia.org/wikipedia/de/8/8f/GW-TG-Lengwil.png",23.483622237,FALSE,FALSE
20,4691,30.146231721,268,621,51.38028169,912,1775,889,TRUE,"TG","Münsterlingen","Münsterlingen","Münsterlingen","Münsterlingen TG","Münsterlingen (TG)","Münsterlingen (TG)","Thurgau","Thurgovie","Turgovia","https://thumb.wikimedia.org/wikipedia/commons/thumb/6/67/GW-TG-Muensterlingen.svg/500px-GW-TG-Muensterlingen.svg.png",23.483622237,FALSE,FALSE
20,4696,27.51572327,350,922,49.176646707,1314,2672,1272,TRUE,"TG","Tägerwilen","Tägerwilen","Tägerwilen","Tägerwilen TG","Tägerwilen (TG)","Tägerwilen (TG)","Thurgau","Thurgovie","Turgovia","https://thumb.wikimedia.org/wikipedia/commons/thumb/6/6b/T%C3%A4gerwilen-blazon.svg/250px-T%C3%A4gerwilen-blazon.svg.png",23.483622237,FALSE,FALSE
20,4701,15.718157182,58,311,49.400798935,371,751,369,TRUE,"TG","Wäldi","Wäldi","Wäldi","Wäldi TG","Wäldi (TG)","Wäldi (TG)","Thurgau","Thurgovie","Turgovia","https://thumb.wikimedia.org/wikipedia/commons/thumb/0/03/W%C3%A4ldi-blazon.svg/250px-W%C3%A4ldi-blazon.svg.png",23.483622237,FALSE,FALSE
20,4711,17.794759825,163,753,51.621923937,923,1788,916,TRUE,"TG","Affeltrangen","Affeltrangen","Affeltrangen","Affeltrangen TG","Affeltrangen (TG)","Affeltrangen (TG)","Thurgau","Thurgovie","Turgovia","https://thumb.wikimedia.org/wikipedia/commons/thumb/2/21/CHE_Affeltrangen_COA.svg/960px-CHE_Affeltrangen_COA.svg.png",23.483622237,FALSE,FALSE
20,4716,13.636363636,54,342,47.114252061,400,849,396,TRUE,"TG","Bettwiesen","Bettwiesen","Bettwiesen","Bettwiesen TG","Bettwiesen (TG)","Bettwiesen (TG)","Thurgau","Thurgovie","Turgovia","https://thumb.wikimedia.org/wikipedia/commons/thumb/c/c4/Bettwiesen-blazon.svg/250px-Bettwiesen-blazon.svg.png",23.483622237,FALSE,FALSE
20,4721,22.368421053,221,767,46.757518797,995,2128,988,TRUE,"TG","Bichelsee-Balterswil","Bichelsee-Balterswil","Bichelsee-Balterswil","Bichelsee-Balterswil TG","Bichelsee-Balterswil (TG)","Bichelsee-Balterswil (TG)","Thurgau","Thurgovie","Turgovia","https://thumb.wikimedia.org/wikipedia/commons/thumb/f/fe/BichelseeBalterswil-blazon.svg/250px-BichelseeBalterswil-blazon.svg.png",23.483622237,FALSE,FALSE
20,4723,22.31884058,77,268,55.34591195,352,636,345,TRUE,"TG","Braunau","Braunau","Braunau","Braunau TG","Braunau (TG)","Braunau (TG)","Thurgau","Thurgovie","Turgovia","https://thumb.wikimedia.org/wikipedia/commons/thumb/2/2e/Braunau-blazon.svg/250px-Braunau-blazon.svg.png",23.483622237,FALSE,FALSE
20,4724,25.248508946,381,1128,46.066066066,1534,3330,1509,TRUE,"TG","Eschlikon","Eschlikon","Eschlikon","Eschlikon TG","Eschlikon (TG)","Eschlikon (TG)","Thurgau","Thurgovie","Turgovia","https://thumb.wikimedia.org/wikipedia/commons/thumb/f/f4/Eschlikon-blazon.svg/250px-Eschlikon-blazon.svg.png",23.483622237,FALSE,FALSE
20,4726,,,,,,,,FALSE,"TG","Fischingen","Fischingen","Fischingen","Fischingen TG","Fischingen (TG)","Fischingen (TG)","Thurgau","Thurgovie","Turgovia","https://thumb.wikimedia.org/wikipedia/commons/thumb/f/f7/Fischingen-blazon.svg/250px-Fischingen-blazon.svg.png",23.483622237,FALSE,FALSE
20,4741,15.982721382,74,389,50.214132762,469,934,463,TRUE,"TG","Lommis","Lommis","Lommis","Lommis TG","Lommis (TG)","Lommis (TG)","Thurgau","Thurgovie","Turgovia","https://thumb.wikimedia.org/wikipedia/commons/thumb/9/90/Lommis-blazon.svg/250px-Lommis-blazon.svg.png",23.483622237,FALSE,FALSE
20,4746,22.953846154,373,1252,45.046271094,1655,3674,1625,TRUE,"TG","Münchwilen TG","Münchwilen (TG)","Münchwilen TG","Münchwilen TG","Münchwilen (TG)","Münchwilen (TG)","Thurgau","Thurgovie","Turgovia","https://thumb.wikimedia.org/wikipedia/commons/thumb/3/37/M%C3%BCnchwilen_TG-blazon.svg/250px-M%C3%BCnchwilen_TG-blazon.svg.png",23.483622237,FALSE,FALSE
20,4751,22.591943958,129,442,38.154450262,583,1528,571,TRUE,"TG","Rickenbach TG","Rickenbach (TG)","Rickenbach TG","Rickenbach TG","Rickenbach (TG)","Rickenbach (TG)","Thurgau","Thurgovie","Turgovia","https://thumb.wikimedia.org/wikipedia/commons/thumb/a/ae/Rickenbach_TG-blazon.svg/250px-Rickenbach_TG-blazon.svg.png",23.483622237,FALSE,FALSE
20,4756,18.208955224,61,274,55.172413793,336,609,335,TRUE,"TG","Schönholzerswilen","Schönholzerswilen","Schönholzerswilen","Schönholzerswilen TG","Schönholzerswilen (TG)","Schönholzerswilen (TG)","Thurgau","Thurgovie","Turgovia","https://thumb.wikimedia.org/wikipedia/commons/thumb/9/95/CHE_Sch%C3%B6nholzerswilen_COA.svg/250px-CHE_Sch%C3%B6nholzerswilen_COA.svg.png",23.483622237,FALSE,FALSE
20,4761,23.757149142,540,1733,45.840639003,2353,5133,2273,TRUE,"TG","Sirnach","Sirnach","Sirnach","Sirnach TG","Sirnach (TG)","Sirnach (TG)","Thurgau","Thurgovie","Turgovia","https://thumb.wikimedia.org/wikipedia/commons/thumb/5/5f/CHE_Sirnach_COA.svg/500px-CHE_Sirnach_COA.svg.png",23.483622237,FALSE,FALSE
20,4776,20.4,102,398,46.0456942,524,1138,500,TRUE,"TG","Tobel-Tägerschen","Tobel-Tägerschen","Tobel-Tägerschen","Tobel-Tägerschen TG","Tobel-Tägerschen (TG)","Tobel-Tägerschen (TG)","Thurgau","Thurgovie","Turgovia","https://thumb.wikimedia.org/wikipedia/commons/thumb/2/2a/CHE_Tobel-T%C3%A4gerschen_COA.svg/500px-CHE_Tobel-T%C3%A4gerschen_COA.svg.png",23.483622237,FALSE,FALSE
20,4781,20.396419437,319,1245,48.15702727,1607,3337,1564,TRUE,"TG","Wängi","Wängi","Wängi","Wängi TG","Wängi (TG)","Wängi (TG)","Thurgau","Thurgovie","Turgovia","https://thumb.wikimedia.org/wikipedia/commons/thumb/6/6e/Wappen_Waengi.svg/250px-Wappen_Waengi.svg.png",23.483622237,FALSE,FALSE
20,4786,21.125,169,631,50.186335404,808,1610,800,TRUE,"TG","Wilen TG","Wilen (TG)","Wilen TG","Wilen TG","Wilen (TG)","Wilen (TG)","Thurgau","Thurgovie","Turgovia","https://thumb.wikimedia.org/wikipedia/commons/thumb/4/4e/Wilen-blazon.svg/250px-Wilen-blazon.svg.png",23.483622237,FALSE,FALSE
20,4791,22.080679406,104,367,58.262967431,483,829,471,TRUE,"TG","Wuppenau","Wuppenau","Wuppenau","Wuppenau TG","Wuppenau (TG)","Wuppenau (TG)","Thurgau","Thurgovie","Turgovia","https://thumb.wikimedia.org/wikipedia/commons/thumb/d/d5/CHE_Wuppenau_COA.svg/250px-CHE_Wuppenau_COA.svg.png",23.483622237,FALSE,FALSE
20,4801,33.234421365,112,225,57.705479452,337,584,337,TRUE,"TG","Berlingen","Berlingen","Berlingen","Berlingen TG","Berlingen (TG)","Berlingen (TG)","Thurgau","Thurgovie","Turgovia","https://thumb.wikimedia.org/wikipedia/commons/thumb/5/5b/Berlingen_Wappen.svg/500px-Berlingen_Wappen.svg.png",23.483622237,FALSE,FALSE
20,4806,,,,,,,,FALSE,"TG","Eschenz","Eschenz","Eschenz","Eschenz TG","Eschenz (TG)","Eschenz (TG)","Thurgau","Thurgovie","Turgovia","https://thumb.wikimedia.org/wikipedia/commons/thumb/5/52/Eschenz-blazon.svg/250px-Eschenz-blazon.svg.png",23.483622237,FALSE,FALSE
20,4811,22.298850575,97,338,53.948967193,444,823,435,TRUE,"TG","Herdern","Herdern","Herdern","Herdern TG","Herdern (TG)","Herdern (TG)","Thurgau","Thurgovie","Turgovia","https://thumb.wikimedia.org/wikipedia/commons/thumb/6/68/Herdern-blazon.svg/250px-Herdern-blazon.svg.png",23.483622237,FALSE,FALSE
20,4816,14.576271186,86,504,53.853046595,601,1116,590,TRUE,"TG","Homburg","Homburg","Homburg","Homburg TG","Homburg (TG)","Homburg (TG)","Thurgau","Thurgovie","Turgovia","https://thumb.wikimedia.org/wikipedia/commons/thumb/4/40/Homburg-blazon.svg/250px-Homburg-blazon.svg.png",23.483622237,FALSE,FALSE
20,4821,24.720670391,177,539,58.206565252,727,1249,716,TRUE,"TG","Hüttwilen","Hüttwilen","Hüttwilen","Hüttwilen TG","Hüttwilen (TG)","Hüttwilen (TG)","Thurgau","Thurgovie","Turgovia","https://thumb.wikimedia.org/wikipedia/commons/thumb/b/bf/H%C3%BCttwilen-blazon.svg/250px-H%C3%BCttwilen-blazon.svg.png",23.483622237,FALSE,FALSE
20,4826,22.978723404,54,181,58.737864078,242,412,235,TRUE,"TG","Mammern","Mammern","Mammern","Mammern TG","Mammern (TG)","Mammern (TG)","Thurgau","Thurgovie","Turgovia","https://thumb.wikimedia.org/wikipedia/commons/thumb/c/c6/Mammern-blazon.svg/250px-Mammern-blazon.svg.png",23.483622237,FALSE,FALSE
20,4831,19.074492099,169,717,41.031492469,899,2191,886,TRUE,"TG","Müllheim","Müllheim","Müllheim","Müllheim TG","Müllheim (TG)","Müllheim (TG)","Thurgau","Thurgovie","Turgovia","https://thumb.wikimedia.org/wikipedia/commons/thumb/2/25/M%C3%BCllheim-blazon.svg/250px-M%C3%BCllheim-blazon.svg.png",23.483622237,FALSE,FALSE
20,4841,20.797720798,146,556,45.614035088,702,1539,702,TRUE,"TG","Pfyn","Pfyn","Pfyn","Pfyn TG","Pfyn (TG)","Pfyn (TG)","Thurgau","Thurgovie","Turgovia","https://thumb.wikimedia.org/wikipedia/commons/thumb/1/1a/Pfyn-blazon.svg/250px-Pfyn-blazon.svg.png",23.483622237,FALSE,FALSE
20,4846,18.072289157,30,136,52.51572327,167,318,166,TRUE,"TG","Raperswilen","Raperswilen","Raperswilen","Raperswilen TG","Raperswilen (TG)","Raperswilen (TG)","Thurgau","Thurgovie","Turgovia","https://thumb.wikimedia.org/wikipedia/commons/thumb/5/56/CHE_Raperswilen_COA.svg/500px-CHE_Raperswilen_COA.svg.png",23.483622237,FALSE,FALSE
20,4851,24.351297405,122,379,56.381798002,508,901,501,TRUE,"TG","Salenstein","Salenstein","Salenstein","Salenstein TG","Salenstein (TG)","Salenstein (TG)","Thurgau","Thurgovie","Turgovia","https://thumb.wikimedia.org/wikipedia/commons/thumb/c/c2/Salenstein-blazon.svg/250px-Salenstein-blazon.svg.png",23.483622237,FALSE,FALSE
20,4864,28.737541528,346,858,50.431211499,1228,2435,1204,TRUE,"TG","Steckborn","Steckborn","Steckborn","Steckborn TG","Steckborn (TG)","Steckborn (TG)","Thurgau","Thurgovie","Turgovia","https://thumb.wikimedia.org/wikipedia/commons/thumb/7/7b/Steckborn-blazon.svg/250px-Steckborn-blazon.svg.png",23.483622237,FALSE,FALSE
20,4871,23.456790123,133,434,50.666666667,570,1125,567,TRUE,"TG","Wagenhausen","Wagenhausen","Wagenhausen","Wagenhausen TG","Wagenhausen (TG)","Wagenhausen (TG)","Thurgau","Thurgovie","Turgovia","https://thumb.wikimedia.org/wikipedia/commons/thumb/f/ff/Wagenhausen-blazon.svg/250px-Wagenhausen-blazon.svg.png",23.483622237,FALSE,FALSE
20,4881,17.290552585,97,464,55.984174085,566,1011,561,TRUE,"TG","Amlikon-Bissegg","Amlikon-Bissegg","Amlikon-Bissegg","Amlikon-Bissegg TG","Amlikon-Bissegg (TG)","Amlikon-Bissegg (TG)","Thurgau","Thurgovie","Turgovia","https://thumb.wikimedia.org/wikipedia/commons/thumb/f/f0/AmlikonBissegg-blazon.svg/250px-AmlikonBissegg-blazon.svg.png",23.483622237,FALSE,FALSE
20,4891,21.136173768,253,944,48.076923077,1200,2496,1197,TRUE,"TG","Berg TG","Berg (TG)","Berg TG","Berg TG","Berg (TG)","Berg (TG)","Thurgau","Thurgovie","Turgovia","https://thumb.wikimedia.org/wikipedia/commons/thumb/3/34/Berg_TG-blazon.svg/250px-Berg_TG-blazon.svg.png",23.483622237,FALSE,FALSE
20,4901,24.521072797,128,394,53.3,533,1000,522,TRUE,"TG","Birwinken","Birwinken","Birwinken","Birwinken TG","Birwinken (TG)","Birwinken (TG)","Thurgau","Thurgovie","Turgovia","https://thumb.wikimedia.org/wikipedia/commons/thumb/4/4a/Birwinken-blazon.svg/250px-Birwinken-blazon.svg.png",23.483622237,FALSE,FALSE
20,4911,20.510095643,193,748,41.025641026,960,2340,941,TRUE,"TG","Bürglen TG","Bürglen (TG)","Bürglen TG","Bürglen TG","Bürglen (TG)","Bürglen (TG)","Thurgau","Thurgovie","Turgovia","https://thumb.wikimedia.org/wikipedia/commons/thumb/d/de/B%C3%BCrglen_TG-blazon.svg/250px-B%C3%BCrglen_TG-blazon.svg.png",23.483622237,FALSE,FALSE
20,4921,18.181818182,154,693,51.674641148,864,1672,847,TRUE,"TG","Bussnang","Bussnang","Bussnang","Bussnang TG","Bussnang (TG)","Bussnang (TG)","Thurgau","Thurgovie","Turgovia","https://thumb.wikimedia.org/wikipedia/commons/thumb/9/97/Bussnang-blazon.svg/250px-Bussnang-blazon.svg.png",23.483622237,FALSE,FALSE
20,4941,20.609137056,203,782,49.308300395,998,2024,985,TRUE,"TG","Märstetten","Märstetten","Märstetten","Märstetten TG","Märstetten (TG)","Märstetten (TG)","Thurgau","Thurgovie","Turgovia","https://thumb.wikimedia.org/wikipedia/commons/thumb/4/4e/M%C3%A4rstetten-blazon.svg/250px-M%C3%A4rstetten-blazon.svg.png",23.483622237,FALSE,FALSE
20,4946,26.988557075,967,2616,47.344618168,3664,7739,3583,TRUE,"TG","Weinfelden","Weinfelden","Weinfelden","Weinfelden TG","Weinfelden (TG)","Weinfelden (TG)","Thurgau","Thurgovie","Turgovia","https://thumb.wikimedia.org/wikipedia/commons/thumb/6/6d/Weinfelden-blazon.svg/250px-Weinfelden-blazon.svg.png",23.483622237,FALSE,FALSE
20,4951,20.023837902,168,671,50.735726898,862,1699,839,TRUE,"TG","Wigoltingen","Wigoltingen","Wigoltingen","Wigoltingen TG","Wigoltingen (TG)","Wigoltingen (TG)","Thurgau","Thurgovie","Turgovia","https://thumb.wikimedia.org/wikipedia/commons/thumb/8/85/Wigoltingen-blazon.svg/250px-Wigoltingen-blazon.svg.png",23.483622237,FALSE,FALSE
21,5001,32.87037037,426,870,42.400253325,1339,3158,1296,TRUE,"TI","Arbedo-Castione","Arbedo-Castione","Arbedo-Castione","Arbedo-Castione TI","Arbedo-Castione (TI)","Arbedo-Castione (TI)","Tessin","Tessin","Ticino","https://thumb.wikimedia.org/wikipedia/commons/thumb/a/a2/CHE_Arbedo-Castione_COA.svg/500px-CHE_Arbedo-Castione_COA.svg.png",31.340796361,FALSE,FALSE
21,5002,32.57674848,4234,8763,47.544413319,13408,28201,12997,TRUE,"TI","Bellinzona","Bellinzone","Bellinzona","Bellinzona TI","Bellinzone (TI)","Bellinzona (TI)","Tessin","Tessin","Ticino","https://thumb.wikimedia.org/wikipedia/commons/thumb/4/46/CHE_Bellinzona_COA-02.svg/500px-CHE_Bellinzona_COA-02.svg.png",31.340796361,FALSE,FALSE
21,5003,29.144851658,167,406,39.564921822,582,1471,573,TRUE,"TI","Cadenazzo","Cadenazzo","Cadenazzo","Cadenazzo TI","Cadenazzo (TI)","Cadenazzo (TI)","Tessin","Tessin","Ticino","https://thumb.wikimedia.org/wikipedia/commons/thumb/3/35/Cadenazzo-coat_of_arms.svg/500px-Cadenazzo-coat_of_arms.svg.png",31.340796361,FALSE,FALSE
21,5009,29.861111111,43,101,47.284345048,148,313,144,TRUE,"TI","Isone","Isone","Isone","Isone TI","Isone (TI)","Isone (TI)","Tessin","Tessin","Ticino","https://thumb.wikimedia.org/wikipedia/commons/thumb/0/02/CHE_Isone_COA.svg/500px-CHE_Isone_COA.svg.png",31.340796361,FALSE,FALSE
21,5010,28.790786948,150,371,46.965699208,534,1137,521,TRUE,"TI","Lumino","Lumino","Lumino","Lumino TI","Lumino (TI)","Lumino (TI)","Tessin","Tessin","Ticino","https://thumb.wikimedia.org/wikipedia/commons/thumb/8/8d/Lumino-coat_of_arms.svg/500px-Lumino-coat_of_arms.svg.png",31.340796361,FALSE,FALSE
21,5017,34.413580247,223,425,40.722596448,665,1633,648,TRUE,"TI","Sant'Antonino","Sant'Antonino","Sant'Antonino","Sant'Antonino TI","Sant'Antonino (TI)","Sant'Antonino (TI)","Tessin","Tessin","Ticino","https://thumb.wikimedia.org/wikipedia/commons/thumb/3/30/SantAntonino-coat_of_arms.svg/500px-SantAntonino-coat_of_arms.svg.png",31.340796361,FALSE,FALSE
21,5048,25.844594595,153,439,41.308793456,606,1467,592,TRUE,"TI","Acquarossa","Acquarossa","Acquarossa","Acquarossa TI","Acquarossa (TI)","Acquarossa (TI)","Tessin","Tessin","Ticino","https://thumb.wikimedia.org/wikipedia/commons/thumb/c/c7/CHE_Acquarossa_COA.svg/500px-CHE_Acquarossa_COA.svg.png",31.340796361,FALSE,FALSE
21,5049,21.190130624,146,543,47.619047619,700,1470,689,TRUE,"TI","Blenio","Blenio","Blenio","Blenio TI","Blenio (TI)","Blenio (TI)","Tessin","Tessin","Ticino","https://thumb.wikimedia.org/wikipedia/commons/thumb/0/0d/CHE_Blenio_COA.svg/500px-CHE_Blenio_COA.svg.png",31.340796361,FALSE,FALSE
21,5050,28.039702233,226,580,42.716942149,827,1936,806,TRUE,"TI","Serravalle","Serravalle","Serravalle","Serravalle TI","Serravalle (TI)","Serravalle (TI)","Tessin","Tessin","Ticino","https://upload.wikimedia.org/wikipedia/de/3/31/Wappen.Serravalle.png",31.340796361,FALSE,FALSE
21,5061,18.604651163,96,420,53.545734841,521,973,516,TRUE,"TI","Airolo","Airolo","Airolo","Airolo TI","Airolo (TI)","Airolo (TI)","Tessin","Tessin","Ticino","https://thumb.wikimedia.org/wikipedia/commons/thumb/8/84/CHE_Airolo_COA.svg/500px-CHE_Airolo_COA.svg.png",31.340796361,FALSE,FALSE
21,5063,27.272727273,18,48,57.894736842,66,114,66,TRUE,"TI","Bedretto","Bedretto","Bedretto","Bedretto TI","Bedretto (TI)","Bedretto (TI)","Tessin","Tessin","Ticino","https://thumb.wikimedia.org/wikipedia/commons/thumb/9/99/Bedretto-coat_of_arms.svg/500px-Bedretto-coat_of_arms.svg.png",31.340796361,FALSE,FALSE
21,5071,18.47826087,17,75,57.055214724,93,163,92,TRUE,"TI","Dalpe","Dalpe","Dalpe","Dalpe TI","Dalpe (TI)","Dalpe (TI)","Tessin","Tessin","Ticino","https://thumb.wikimedia.org/wikipedia/commons/thumb/0/06/Dalpe-coat_of_arms.svg/500px-Dalpe-coat_of_arms.svg.png",31.340796361,FALSE,FALSE
21,5072,25.855130785,257,737,50.148367953,1014,2022,994,TRUE,"TI","Faido","Faido","Faido","Faido TI","Faido (TI)","Faido (TI)","Tessin","Tessin","Ticino","https://thumb.wikimedia.org/wikipedia/commons/thumb/1/11/CHE_Faido_COA.svg/500px-CHE_Faido_COA.svg.png",31.340796361,FALSE,FALSE
21,5073,28.329297821,117,296,42.121212121,417,990,413,TRUE,"TI","Giornico","Giornico","Giornico","Giornico TI","Giornico (TI)","Giornico (TI)","Tessin","Tessin","Ticino","https://thumb.wikimedia.org/wikipedia/commons/thumb/b/b6/CHE_Giornico_COA_2025.svg/960px-CHE_Giornico_COA_2025.svg.png",31.340796361,FALSE,FALSE
21,5076,25.217391304,29,86,50,115,230,115,TRUE,"TI","Personico","Personico","Personico","Personico TI","Personico (TI)","Personico (TI)","Tessin","Tessin","Ticino","https://thumb.wikimedia.org/wikipedia/commons/thumb/0/02/Personico-coat_of_arms.svg/500px-Personico-coat_of_arms.svg.png",31.340796361,FALSE,FALSE
21,5077,32.178217822,65,137,39.285714286,209,532,202,TRUE,"TI","Pollegio","Pollegio","Pollegio","Pollegio TI","Pollegio (TI)","Pollegio (TI)","Tessin","Tessin","Ticino","https://thumb.wikimedia.org/wikipedia/commons/thumb/c/ce/Pollegio-coat_of_arms.svg/500px-Pollegio-coat_of_arms.svg.png",31.340796361,FALSE,FALSE
21,5079,24.568965517,114,350,49.895178197,476,954,464,TRUE,"TI","Quinto","Quinto","Quinto","Quinto TI","Quinto (TI)","Quinto (TI)","Tessin","Tessin","Ticino","https://thumb.wikimedia.org/wikipedia/commons/thumb/e/ee/CHE_Quinto_COA_2025.svg/500px-CHE_Quinto_COA_2025.svg.png",31.340796361,FALSE,FALSE
21,5091,31.432038835,518,1130,48.320045558,1697,3512,1648,TRUE,"TI","Ascona","Ascona","Ascona","Ascona TI","Ascona (TI)","Ascona (TI)","Tessin","Tessin","Ticino","https://thumb.wikimedia.org/wikipedia/commons/thumb/c/c9/CHE_Ascona_COA.svg/500px-CHE_Ascona_COA.svg.png",31.340796361,FALSE,FALSE
21,5096,35.365853659,58,106,49.249249249,164,333,164,TRUE,"TI","Brione sopra Minusio","Brione sopra Minusio","Brione sopra Minusio","Brione sopra Minusio TI","Brione sopra Minusio (TI)","Brione sopra Minusio (TI)","Tessin","Tessin","Ticino","https://thumb.wikimedia.org/wikipedia/commons/thumb/4/4e/CHE_Brione_sopra_Minusio_TI_COA.svg/500px-CHE_Brione_sopra_Minusio_TI_COA.svg.png",31.340796361,FALSE,FALSE
21,5097,28.80794702,174,430,51.172529313,611,1194,604,TRUE,"TI","Brissago","Brissago","Brissago","Brissago TI","Brissago (TI)","Brissago (TI)","Tessin","Tessin","Ticino","https://thumb.wikimedia.org/wikipedia/commons/thumb/0/0e/Brissago-coat_of_arms.svg/500px-Brissago-coat_of_arms.svg.png",31.340796361,FALSE,FALSE
21,5108,27.24113968,392,1047,43.328380386,1458,3365,1439,TRUE,"TI","Gordola","Gordola","Gordola","Gordola TI","Gordola (TI)","Gordola (TI)","Tessin","Tessin","Ticino","https://thumb.wikimedia.org/wikipedia/commons/thumb/e/e8/CHE_Gordola_COA.svg/500px-CHE_Gordola_COA.svg.png",31.340796361,FALSE,FALSE
21,5112,28.082191781,82,210,40.990371389,298,727,292,TRUE,"TI","Lavertezzo","Lavertezzo","Lavertezzo","Lavertezzo TI","Lavertezzo (TI)","Lavertezzo (TI)","Tessin","Tessin","Ticino","https://thumb.wikimedia.org/wikipedia/commons/thumb/c/c5/Lavertezzo-coat_of_arms.svg/500px-Lavertezzo-coat_of_arms.svg.png",31.340796361,FALSE,FALSE
21,5113,36.294549266,1385,2431,41.518475136,3899,9391,3816,TRUE,"TI","Locarno","Locarno","Locarno","Locarno TI","Locarno (TI)","Locarno (TI)","Tessin","Tessin","Ticino","https://thumb.wikimedia.org/wikipedia/commons/thumb/5/5a/CHE_Locarno_COA.svg/500px-CHE_Locarno_COA.svg.png",31.340796361,FALSE,FALSE
21,5115,29.474812433,550,1316,44.028644029,1906,4329,1866,TRUE,"TI","Losone","Losone","Losone","Losone TI","Losone (TI)","Losone (TI)","Tessin","Tessin","Ticino","https://thumb.wikimedia.org/wikipedia/commons/thumb/f/f1/CHE_Losone_COA.svg/500px-CHE_Losone_COA.svg.png",31.340796361,FALSE,FALSE
21,5117,31.64556962,25,54,48.795180723,81,166,79,TRUE,"TI","Mergoscia","Mergoscia","Mergoscia","Mergoscia TI","Mergoscia (TI)","Mergoscia (TI)","Tessin","Tessin","Ticino","https://thumb.wikimedia.org/wikipedia/commons/thumb/5/52/Mergoscia-coat_of_arms.svg/500px-Mergoscia-coat_of_arms.svg.png",31.340796361,FALSE,FALSE
21,5118,33.970276008,800,1555,49.189298743,2427,4934,2355,TRUE,"TI","Minusio","Minusio","Minusio","Minusio TI","Minusio (TI)","Minusio (TI)","Tessin","Tessin","Ticino","https://thumb.wikimedia.org/wikipedia/commons/thumb/0/01/Minusio-coat_of_arms.svg/500px-Minusio-coat_of_arms.svg.png",31.340796361,FALSE,FALSE
21,5120,31.508515815,259,563,48.879716981,829,1696,822,TRUE,"TI","Muralto","Muralto","Muralto","Muralto TI","Muralto (TI)","Muralto (TI)","Tessin","Tessin","Ticino","https://thumb.wikimedia.org/wikipedia/commons/thumb/d/d9/Muralto-coat_of_arms.svg/500px-Muralto-coat_of_arms.svg.png",31.340796361,FALSE,FALSE
21,5121,33.445945946,99,197,56.736242884,299,527,296,TRUE,"TI","Orselina","Orselina","Orselina","Orselina TI","Orselina (TI)","Orselina (TI)","Tessin","Tessin","Ticino","https://thumb.wikimedia.org/wikipedia/commons/thumb/2/29/CHE_Orselina_COA.svg/500px-CHE_Orselina_COA.svg.png",31.340796361,FALSE,FALSE
21,5125,31.308411215,67,147,56.812339332,221,389,214,TRUE,"TI","Ronco sopra Ascona","Ronco sopra Ascona","Ronco sopra Ascona","Ronco sopra Ascona TI","Ronco sopra Ascona (TI)","Ronco sopra Ascona (TI)","Tessin","Tessin","Ticino","https://thumb.wikimedia.org/wikipedia/commons/thumb/2/2f/RoncoSopraAscona-coat_of_arms.svg/500px-RoncoSopraAscona-coat_of_arms.svg.png",31.340796361,FALSE,FALSE
21,5131,33.228840125,318,639,45.155308299,974,2157,957,TRUE,"TI","Tenero-Contra","Tenero-Contra","Tenero-Contra","Tenero-Contra TI","Tenero-Contra (TI)","Tenero-Contra (TI)","Tessin","Tessin","Ticino","https://thumb.wikimedia.org/wikipedia/commons/thumb/a/a4/Tenero-Contra-coat_of_arms.svg/500px-Tenero-Contra-coat_of_arms.svg.png",31.340796361,FALSE,FALSE
21,5136,43.408360129,135,176,39.82630273,321,806,311,TRUE,"TI","Onsernone","Onsernone","Onsernone","Onsernone TI","Onsernone (TI)","Onsernone (TI)","Tessin","Tessin","Ticino","https://thumb.wikimedia.org/wikipedia/commons/thumb/9/90/CHE_Onsernone_COA.svg/500px-CHE_Onsernone_COA.svg.png",31.340796361,FALSE,FALSE
21,5138,29.30845225,267,644,45.116054159,933,2068,911,TRUE,"TI","Cugnasco-Gerra","Cugnasco-Gerra","Cugnasco-Gerra","Cugnasco-Gerra TI","Cugnasco-Gerra (TI)","Cugnasco-Gerra (TI)","Tessin","Tessin","Ticino","https://thumb.wikimedia.org/wikipedia/commons/thumb/1/16/CHE_Cugnasco-Gerra_COA.svg/500px-CHE_Cugnasco-Gerra_COA.svg.png",31.340796361,FALSE,FALSE
21,5141,31.489741302,353,768,42.006615215,1143,2721,1121,TRUE,"TI","Agno","Agno","Agno","Agno TI","Agno (TI)","Agno (TI)","Tessin","Tessin","Ticino","https://thumb.wikimedia.org/wikipedia/commons/thumb/9/90/CHE_Agno_COA.svg/500px-CHE_Agno_COA.svg.png",31.340796361,FALSE,FALSE
21,5143,31.623931624,37,80,48.559670782,118,243,117,TRUE,"TI","Aranno","Aranno","Aranno","Aranno TI","Aranno (TI)","Aranno (TI)","Tessin","Tessin","Ticino","https://thumb.wikimedia.org/wikipedia/commons/thumb/5/56/Aranno-coat_of_arms.svg/500px-Aranno-coat_of_arms.svg.png",31.340796361,FALSE,FALSE
21,5144,36.918604651,127,217,47.791164659,357,747,344,TRUE,"TI","Arogno","Arogno","Arogno","Arogno TI","Arogno (TI)","Arogno (TI)","Tessin","Tessin","Ticino","https://thumb.wikimedia.org/wikipedia/commons/thumb/f/fd/Arogno-coat_of_arms.svg/500px-Arogno-coat_of_arms.svg.png",31.340796361,FALSE,FALSE
21,5148,28.853754941,146,360,49.80952381,523,1050,506,TRUE,"TI","Bedano","Bedano","Bedano","Bedano TI","Bedano (TI)","Bedano (TI)","Tessin","Tessin","Ticino","https://thumb.wikimedia.org/wikipedia/commons/thumb/6/60/Bedano-coat_of_arms.svg/500px-Bedano-coat_of_arms.svg.png",31.340796361,FALSE,FALSE
21,5151,29.510022272,265,633,46.433990895,918,1977,898,TRUE,"TI","Bioggio","Bioggio","Bioggio","Bioggio TI","Bioggio (TI)","Bioggio (TI)","Tessin","Tessin","Ticino","https://thumb.wikimedia.org/wikipedia/commons/thumb/e/e4/CHE_Bioggio_COA.svg/500px-CHE_Bioggio_COA.svg.png",31.340796361,FALSE,FALSE
21,5154,34.482758621,90,171,54.244306418,262,483,261,TRUE,"TI","Bissone","Bissone","Bissone","Bissone TI","Bissone (TI)","Bissone (TI)","Tessin","Tessin","Ticino","https://thumb.wikimedia.org/wikipedia/commons/thumb/3/37/CHE_Bissone_COA.svg/960px-CHE_Bissone_COA.svg.png",31.340796361,FALSE,FALSE
21,5160,29.946524064,56,131,53.846153846,189,351,187,TRUE,"TI","Brusino Arsizio","Brusino Arsizio","Brusino Arsizio","Brusino Arsizio TI","Brusino Arsizio (TI)","Brusino Arsizio (TI)","Tessin","Tessin","Ticino","https://thumb.wikimedia.org/wikipedia/commons/thumb/e/eb/BrusinoArsizio-coat_of_arms.svg/500px-BrusinoArsizio-coat_of_arms.svg.png",31.340796361,FALSE,FALSE
21,5161,29.963898917,83,194,49.203539823,278,565,277,TRUE,"TI","Cademario","Cademario","Cademario","Cademario TI","Cademario (TI)","Cademario (TI)","Tessin","Tessin","Ticino","https://thumb.wikimedia.org/wikipedia/commons/thumb/7/7d/Cademario-coat_of_arms.svg/500px-Cademario-coat_of_arms.svg.png",31.340796361,FALSE,FALSE
21,5162,30.853391685,141,316,46.837944664,474,1012,457,TRUE,"TI","Cadempino","Cadempino","Cadempino","Cadempino TI","Cadempino (TI)","Cadempino (TI)","Tessin","Tessin","Ticino","https://thumb.wikimedia.org/wikipedia/commons/thumb/9/99/Cadempino-coat_of_arms.svg/500px-Cadempino-coat_of_arms.svg.png",31.340796361,FALSE,FALSE
21,5167,27.272727273,174,464,44.693877551,657,1470,638,TRUE,"TI","Canobbio","Canobbio","Canobbio","Canobbio TI","Canobbio (TI)","Canobbio (TI)","Tessin","Tessin","Ticino","https://thumb.wikimedia.org/wikipedia/commons/thumb/3/34/CHE_Canobbio_COA.svg/500px-CHE_Canobbio_COA.svg.png",31.340796361,FALSE,FALSE
21,5171,31.623277182,413,893,47.258577998,1336,2827,1306,TRUE,"TI","Caslano","Caslano","Caslano","Caslano TI","Caslano (TI)","Caslano (TI)","Tessin","Tessin","Ticino","https://thumb.wikimedia.org/wikipedia/commons/thumb/d/dd/Caslano-coat_of_arms.svg/500px-Caslano-coat_of_arms.svg.png",31.340796361,FALSE,FALSE
21,5176,29.625151149,245,582,53.797064454,843,1567,827,TRUE,"TI","Comano","Comano","Comano","Comano TI","Comano (TI)","Comano (TI)","Tessin","Tessin","Ticino","https://thumb.wikimedia.org/wikipedia/commons/thumb/7/7f/Comano-coat_of_arms.svg/500px-Comano-coat_of_arms.svg.png",31.340796361,FALSE,FALSE
21,5180,28.015564202,144,370,50.572519084,530,1048,514,TRUE,"TI","Cureglia","Cureglia","Cureglia","Cureglia TI","Cureglia (TI)","Cureglia (TI)","Tessin","Tessin","Ticino","https://thumb.wikimedia.org/wikipedia/commons/thumb/4/47/Cureglia-coat_of_arms.svg/500px-Cureglia-coat_of_arms.svg.png",31.340796361,FALSE,FALSE
21,5186,27.027027027,30,81,38.275862069,111,290,111,TRUE,"TI","Grancia","Grancia","Grancia","Grancia TI","Grancia (TI)","Grancia (TI)","Tessin","Tessin","Ticino","https://thumb.wikimedia.org/wikipedia/commons/thumb/7/79/Grancia-coat_of_arms.svg/500px-Grancia-coat_of_arms.svg.png",31.340796361,FALSE,FALSE
21,5187,27.488151659,116,306,46.304347826,426,920,422,TRUE,"TI","Gravesano","Gravesano","Gravesano","Gravesano TI","Gravesano (TI)","Gravesano (TI)","Tessin","Tessin","Ticino","https://thumb.wikimedia.org/wikipedia/commons/thumb/7/73/Gravesano-coat_of_arms.svg/500px-Gravesano-coat_of_arms.svg.png",31.340796361,FALSE,FALSE
21,5189,32.45823389,136,283,43.954918033,429,976,419,TRUE,"TI","Lamone","Lamone","Lamone","Lamone TI","Lamone (TI)","Lamone (TI)","Tessin","Tessin","Ticino","https://thumb.wikimedia.org/wikipedia/commons/thumb/8/80/CHE_Lamone_COA.svg/500px-CHE_Lamone_COA.svg.png",31.340796361,FALSE,FALSE
21,5192,31.338550803,4645,10177,43.348623853,15120,34880,14822,TRUE,"TI","Lugano","Lugano","Lugano","Lugano TI","Lugano (TI)","Lugano (TI)","Tessin","Tessin","Ticino","https://thumb.wikimedia.org/wikipedia/commons/thumb/7/73/CHE_Lugano_COA.svg/960px-CHE_Lugano_COA.svg.png",31.340796361,FALSE,FALSE
21,5193,34.757281553,179,336,47.554347826,525,1104,515,TRUE,"TI","Magliaso","Magliaso","Magliaso","Magliaso TI","Magliaso (TI)","Magliaso (TI)","Tessin","Tessin","Ticino","https://thumb.wikimedia.org/wikipedia/commons/thumb/f/f6/Magliaso-coat_of_arms.svg/500px-Magliaso-coat_of_arms.svg.png",31.340796361,FALSE,FALSE
21,5194,32.413793103,141,294,49.722530522,448,901,435,TRUE,"TI","Manno","Manno","Manno","Manno TI","Manno (TI)","Manno (TI)","Tessin","Tessin","Ticino","https://thumb.wikimedia.org/wikipedia/commons/thumb/b/bb/CHE_Manno_COA.svg/500px-CHE_Manno_COA.svg.png",31.340796361,FALSE,FALSE
21,5196,31.032171582,463,1029,44.385810613,1514,3411,1492,TRUE,"TI","Massagno","Massagno","Massagno","Massagno TI","Massagno (TI)","Massagno (TI)","Tessin","Tessin","Ticino","https://thumb.wikimedia.org/wikipedia/commons/thumb/2/2a/Massagno-coat_of_arms.svg/500px-Massagno-coat_of_arms.svg.png",31.340796361,FALSE,FALSE
21,5198,32.426778243,155,323,48.210735586,485,1006,478,TRUE,"TI","Melide","Melide","Melide","Melide TI","Melide (TI)","Melide (TI)","Tessin","Tessin","Ticino","https://thumb.wikimedia.org/wikipedia/commons/thumb/3/36/CHE_Melide_COA.svg/500px-CHE_Melide_COA.svg.png",31.340796361,FALSE,FALSE
21,5199,27.385892116,132,350,49.648241206,494,995,482,TRUE,"TI","Mezzovico-Vira","Mezzovico-Vira","Mezzovico-Vira","Mezzovico-Vira TI","Mezzovico-Vira (TI)","Mezzovico-Vira (TI)","Tessin","Tessin","Ticino","https://thumb.wikimedia.org/wikipedia/commons/thumb/6/67/CHE_Mezzovico-Vira_COA.svg/500px-CHE_Mezzovico-Vira_COA.svg.png",31.340796361,FALSE,FALSE
21,5203,45.581395349,98,117,58.981233244,220,373,215,TRUE,"TI","Morcote","Morcote","Morcote","Morcote TI","Morcote (TI)","Morcote (TI)","Tessin","Tessin","Ticino","https://thumb.wikimedia.org/wikipedia/commons/thumb/f/f8/CHE_Morcote_COA.svg/500px-CHE_Morcote_COA.svg.png",31.340796361,FALSE,FALSE
21,5205,28.348909657,91,230,57.167832168,327,572,321,TRUE,"TI","Muzzano","Muzzano","Muzzano","Muzzano TI","Muzzano (TI)","Muzzano (TI)","Tessin","Tessin","Ticino","https://thumb.wikimedia.org/wikipedia/commons/thumb/5/55/CHE_Muzzano_COA.svg/500px-CHE_Muzzano_COA.svg.png",31.340796361,FALSE,FALSE
21,5206,18.97810219,26,111,55.823293173,139,249,137,TRUE,"TI","Neggio","Neggio","Neggio","Neggio TI","Neggio (TI)","Neggio (TI)","Tessin","Tessin","Ticino","https://thumb.wikimedia.org/wikipedia/commons/thumb/3/3f/Neggio-coat_of_arms.svg/500px-Neggio-coat_of_arms.svg.png",31.340796361,FALSE,FALSE
21,5208,33.333333333,190,380,54.47761194,584,1072,570,TRUE,"TI","Origlio","Origlio","Origlio","Origlio TI","Origlio (TI)","Origlio (TI)","Tessin","Tessin","Ticino","https://thumb.wikimedia.org/wikipedia/commons/thumb/9/9c/Origlio-coat_of_arms.svg/500px-Origlio-coat_of_arms.svg.png",31.340796361,FALSE,FALSE
21,5210,38.125802311,297,482,43.92419175,788,1794,779,TRUE,"TI","Paradiso","Paradiso","Paradiso","Paradiso TI","Paradiso (TI)","Paradiso (TI)","Tessin","Tessin","Ticino","https://thumb.wikimedia.org/wikipedia/commons/thumb/7/75/CHE_Paradiso_COA.svg/500px-CHE_Paradiso_COA.svg.png",31.340796361,FALSE,FALSE
21,5212,32.488822653,218,453,52.054794521,684,1314,671,TRUE,"TI","Ponte Capriasca","Ponte Capriasca","Ponte Capriasca","Ponte Capriasca TI","Ponte Capriasca (TI)","Ponte Capriasca (TI)","Tessin","Tessin","Ticino","https://thumb.wikimedia.org/wikipedia/commons/thumb/8/89/PonteCapriasca-coat_of_arms.svg/500px-PonteCapriasca-coat_of_arms.svg.png",31.340796361,FALSE,FALSE
21,5214,26.164874552,146,412,51.949229374,573,1103,558,TRUE,"TI","Porza","Porza","Porza","Porza TI","Porza (TI)","Porza (TI)","Tessin","Tessin","Ticino","https://thumb.wikimedia.org/wikipedia/commons/thumb/1/1f/CHE_Porza_COA.svg/500px-CHE_Porza_COA.svg.png",31.340796361,FALSE,FALSE
21,5216,31.656184486,151,326,51.413612565,491,955,477,TRUE,"TI","Pura","Pura","Pura","Pura TI","Pura (TI)","Pura (TI)","Tessin","Tessin","Ticino","https://thumb.wikimedia.org/wikipedia/commons/thumb/6/60/Pura-coat_of_arms.svg/500px-Pura-coat_of_arms.svg.png",31.340796361,FALSE,FALSE
21,5221,31.023622047,197,438,47.905951506,652,1361,635,TRUE,"TI","Savosa","Savosa","Savosa","Savosa TI","Savosa (TI)","Savosa (TI)","Tessin","Tessin","Ticino","https://thumb.wikimedia.org/wikipedia/commons/thumb/8/8e/Savosa-coat_of_arms.svg/500px-Savosa-coat_of_arms.svg.png",31.340796361,FALSE,FALSE
21,5225,30.097087379,186,432,51.668022783,635,1229,618,TRUE,"TI","Sorengo","Sorengo","Sorengo","Sorengo TI","Sorengo (TI)","Sorengo (TI)","Tessin","Tessin","Ticino","https://thumb.wikimedia.org/wikipedia/commons/thumb/1/18/Sorengo-coat_of_arms.svg/500px-Sorengo-coat_of_arms.svg.png",31.340796361,FALSE,FALSE
21,5226,37.090758392,895,1518,48.729476153,2493,5116,2413,TRUE,"TI","Capriasca","Capriasca","Capriasca","Capriasca TI","Capriasca (TI)","Capriasca (TI)","Tessin","Tessin","Ticino","https://thumb.wikimedia.org/wikipedia/commons/thumb/c/cc/Capriasca-coat_of_arms.svg/500px-Capriasca-coat_of_arms.svg.png",31.340796361,FALSE,FALSE
21,5227,26.796589525,220,601,43.989501312,838,1905,821,TRUE,"TI","Torricella-Taverne","Torricella-Taverne","Torricella-Taverne","Torricella-Taverne TI","Torricella-Taverne (TI)","Torricella-Taverne (TI)","Tessin","Tessin","Ticino","https://thumb.wikimedia.org/wikipedia/commons/thumb/c/cc/Torricella-Taverne-coat_of_arms.svg/500px-Torricella-Taverne-coat_of_arms.svg.png",31.340796361,FALSE,FALSE
21,5230,42.131979695,83,114,44.695259594,198,443,197,TRUE,"TI","Vernate","Vernate","Vernate","Vernate TI","Vernate (TI)","Vernate (TI)","Tessin","Tessin","Ticino","https://thumb.wikimedia.org/wikipedia/commons/thumb/0/02/CHE_Vernate_COA.svg/500px-CHE_Vernate_COA.svg.png",31.340796361,FALSE,FALSE
21,5231,34.517766497,204,387,48.145224941,610,1267,591,TRUE,"TI","Vezia","Vezia","Vezia","Vezia TI","Vezia (TI)","Vezia (TI)","Tessin","Tessin","Ticino","https://thumb.wikimedia.org/wikipedia/commons/thumb/e/e9/Vezia-coat_of_arms.svg/500px-Vezia-coat_of_arms.svg.png",31.340796361,FALSE,FALSE
21,5233,21.487603306,26,95,54.954954955,122,222,121,TRUE,"TI","Vico Morcote","Vico Morcote","Vico Morcote","Vico Morcote TI","Vico Morcote (TI)","Vico Morcote (TI)","Tessin","Tessin","Ticino","https://thumb.wikimedia.org/wikipedia/commons/thumb/b/ba/VicoMorcote-coat_of_arms.svg/500px-VicoMorcote-coat_of_arms.svg.png",31.340796361,FALSE,FALSE
21,5236,28.405201916,415,1046,52.500886839,1480,2819,1461,TRUE,"TI","Collina d'Oro","Collina d'Oro","Collina d'Oro","Collina d'Oro TI","Collina d'Oro (TI)","Collina d'Oro (TI)","Tessin","Tessin","Ticino","https://thumb.wikimedia.org/wikipedia/commons/thumb/b/bf/CHE_Collina_d%27Oro_COA.svg/500px-CHE_Collina_d%27Oro_COA.svg.png",31.340796361,FALSE,FALSE
21,5237,34.511784512,205,389,53.135888502,610,1148,594,TRUE,"TI","Alto Malcantone","Alto Malcantone","Alto Malcantone","Alto Malcantone TI","Alto Malcantone (TI)","Alto Malcantone (TI)","Tessin","Tessin","Ticino","https://thumb.wikimedia.org/wikipedia/commons/thumb/d/d0/CHE_Alto_Malcantone_COA.svg/500px-CHE_Alto_Malcantone_COA.svg.png",31.340796361,FALSE,FALSE
21,5238,24.68879668,357,1089,45.780525502,1481,3235,1446,TRUE,"TI","Monteceneri","Monteceneri","Monteceneri","Monteceneri TI","Monteceneri (TI)","Monteceneri (TI)","Tessin","Tessin","Ticino","https://thumb.wikimedia.org/wikipedia/commons/thumb/e/ee/CHE_Monteceneri_COA.svg/500px-CHE_Monteceneri_COA.svg.png",31.340796361,FALSE,FALSE
21,5239,31.870229008,334,714,46.558526962,1062,2281,1048,TRUE,"TI","Tresa","Tresa","Tresa","Tresa TI","Tresa (TI)","Tresa (TI)","Tessin","Tessin","Ticino","https://thumb.wikimedia.org/wikipedia/commons/thumb/f/f0/CHE_Tresa_COA.svg/960px-CHE_Tresa_COA.svg.png",31.340796361,FALSE,FALSE
21,5240,32.484076433,255,530,43.089430894,795,1845,785,TRUE,"TI","Val Mara","Val Mara","Val Mara","Val Mara TI","Val Mara (TI)","Val Mara (TI)","Tessin","Tessin","Ticino","https://thumb.wikimedia.org/wikipedia/commons/thumb/8/81/CHE_Val_Mara_TI_COA.svg/500px-CHE_Val_Mara_TI_COA.svg.png",31.340796361,FALSE,FALSE
21,5242,30.674846626,300,678,45.400996828,1002,2207,978,TRUE,"TI","Balerna","Balerna","Balerna","Balerna TI","Balerna (TI)","Balerna (TI)","Tessin","Tessin","Ticino","https://thumb.wikimedia.org/wikipedia/commons/thumb/4/41/CHE_Balerna_COA.svg/500px-CHE_Balerna_COA.svg.png",31.340796361,FALSE,FALSE
21,5249,25.798816568,218,627,49.232518476,866,1759,845,TRUE,"TI","Castel San Pietro","Castel San Pietro","Castel San Pietro","Castel San Pietro TI","Castel San Pietro (TI)","Castel San Pietro (TI)","Tessin","Tessin","Ticino","https://thumb.wikimedia.org/wikipedia/commons/thumb/6/66/CastelSanPietro-blason.svg/500px-CastelSanPietro-blason.svg.png",31.340796361,FALSE,FALSE
21,5250,34.18512209,602,1159,43.393501805,1803,4155,1761,TRUE,"TI","Chiasso","Chiasso","Chiasso","Chiasso TI","Chiasso (TI)","Chiasso (TI)","Tessin","Tessin","Ticino","https://thumb.wikimedia.org/wikipedia/commons/thumb/4/47/Chiasso-coat_of_arms.svg/500px-Chiasso-coat_of_arms.svg.png",31.340796361,FALSE,FALSE
21,5251,32.925586137,323,658,47.718631179,1004,2104,981,TRUE,"TI","Coldrerio","Coldrerio","Coldrerio","Coldrerio TI","Coldrerio (TI)","Coldrerio (TI)","Tessin","Tessin","Ticino","https://thumb.wikimedia.org/wikipedia/commons/thumb/7/74/Coldrerio-coat_of_arms.svg/500px-Coldrerio-coat_of_arms.svg.png",31.340796361,FALSE,FALSE
21,5254,29.432924249,1391,3335,46.001334477,4826,10491,4726,TRUE,"TI","Mendrisio","Mendrisio","Mendrisio","Mendrisio TI","Mendrisio (TI)","Mendrisio (TI)","Tessin","Tessin","Ticino","https://thumb.wikimedia.org/wikipedia/commons/thumb/3/3e/CHE_Mendrisio_COA.svg/960px-CHE_Mendrisio_COA.svg.png",31.340796361,FALSE,FALSE
21,5257,31.136363636,411,909,47.21930745,1350,2859,1320,TRUE,"TI","Morbio Inferiore","Morbio Inferiore","Morbio Inferiore","Morbio Inferiore TI","Morbio Inferiore (TI)","Morbio Inferiore (TI)","Tessin","Tessin","Ticino","https://thumb.wikimedia.org/wikipedia/commons/thumb/4/4c/CHE_Morbio_Inferiore_TI_COA.svg/500px-CHE_Morbio_Inferiore_TI_COA.svg.png",31.340796361,FALSE,FALSE
21,5260,22.794959908,199,674,51.421938479,886,1723,873,TRUE,"TI","Novazzano","Novazzano","Novazzano","Novazzano TI","Novazzano (TI)","Novazzano (TI)","Tessin","Tessin","Ticino","https://thumb.wikimedia.org/wikipedia/commons/thumb/e/e8/Novazzano-blason.svg/500px-Novazzano-blason.svg.png",31.340796361,FALSE,FALSE
21,5263,33.794694348,293,574,46.439790576,887,1910,867,TRUE,"TI","Riva San Vitale","Riva San Vitale","Riva San Vitale","Riva San Vitale TI","Riva San Vitale (TI)","Riva San Vitale (TI)","Tessin","Tessin","Ticino","https://thumb.wikimedia.org/wikipedia/commons/thumb/e/e6/CHE_Riva_San_Vitale_COA.svg/500px-CHE_Riva_San_Vitale_COA.svg.png",31.340796361,FALSE,FALSE
21,5266,34.75433526,481,903,45.041322314,1417,3146,1384,TRUE,"TI","Stabio","Stabio","Stabio","Stabio TI","Stabio (TI)","Stabio (TI)","Tessin","Tessin","Ticino","https://thumb.wikimedia.org/wikipedia/commons/thumb/4/46/CHE_Stabio_COA.svg/500px-CHE_Stabio_COA.svg.png",31.340796361,FALSE,FALSE
21,5268,30.597014925,328,744,49.477035016,1088,2199,1072,TRUE,"TI","Vacallo","Vacallo","Vacallo","Vacallo TI","Vacallo (TI)","Vacallo (TI)","Tessin","Tessin","Ticino","https://thumb.wikimedia.org/wikipedia/commons/thumb/1/16/Vacallo-coat_of_arms.svg/500px-Vacallo-coat_of_arms.svg.png",31.340796361,FALSE,FALSE
21,5269,32.647462277,238,491,48.051948052,740,1540,729,TRUE,"TI","Breggia","Breggia","Breggia","Breggia TI","Breggia (TI)","Breggia (TI)","Tessin","Tessin","Ticino","https://thumb.wikimedia.org/wikipedia/commons/thumb/7/7b/Breggia_CoA.png/500px-Breggia_CoA.png",31.340796361,FALSE,FALSE
21,5281,29.292168675,389,939,41.035735918,1355,3302,1328,TRUE,"TI","Biasca","Biasca","Biasca","Biasca TI","Biasca (TI)","Biasca (TI)","Tessin","Tessin","Ticino","https://thumb.wikimedia.org/wikipedia/commons/thumb/0/03/CHE_Biasca_TI_COA.svg/500px-CHE_Biasca_TI_COA.svg.png",31.340796361,FALSE,FALSE
21,5287,27.528675704,264,695,39.838709677,988,2480,959,TRUE,"TI","Riviera","Riviera","Riviera","Riviera TI","Riviera (TI)","Riviera (TI)","Tessin","Tessin","Ticino","https://thumb.wikimedia.org/wikipedia/commons/thumb/3/32/Blason_de_Riviera_%28Tessin%29.svg/500px-Blason_de_Riviera_%28Tessin%29.svg.png",31.340796361,FALSE,FALSE
21,5304,22.222222222,4,14,41.304347826,19,46,18,TRUE,"TI","Bosco/Gurin","Bosco/Gurin","Bosco/Gurin","Bosco/Gurin TI","Bosco/Gurin (TI)","Bosco/Gurin (TI)","Tessin","Tessin","Ticino","https://thumb.wikimedia.org/wikipedia/commons/thumb/2/2a/CHE_Bosco-Gurin_COA.svg/500px-CHE_Bosco-Gurin_COA.svg.png",31.340796361,FALSE,FALSE
21,5307,51.612903226,16,15,43.055555556,31,72,31,TRUE,"TI","Campo (Vallemaggia)","Campo (Vallemaggia)","Campo (Vallemaggia)","Campo (Vallemaggia) TI","Campo (Vallemaggia) (TI)","Campo (Vallemaggia) (TI)","Tessin","Tessin","Ticino","https://thumb.wikimedia.org/wikipedia/commons/thumb/2/27/Campo%28Vallemaggia%29-coat_of_arms.svg/500px-Campo%28Vallemaggia%29-coat_of_arms.svg.png",31.340796361,FALSE,FALSE
21,5309,33.333333333,6,12,38.29787234,18,47,18,TRUE,"TI","Cerentino","Cerentino","Cerentino","Cerentino TI","Cerentino (TI)","Cerentino (TI)","Tessin","Tessin","Ticino","https://thumb.wikimedia.org/wikipedia/commons/thumb/8/8b/Cerentino-coat_of_arms.svg/500px-Cerentino-coat_of_arms.svg.png",31.340796361,FALSE,FALSE
21,5310,27.683615819,98,256,45.080946451,362,803,354,TRUE,"TI","Cevio","Cevio","Cevio","Cevio TI","Cevio (TI)","Cevio (TI)","Tessin","Tessin","Ticino","https://thumb.wikimedia.org/wikipedia/commons/thumb/8/8f/CHE_Cevio_COA.svg/500px-CHE_Cevio_COA.svg.png",31.340796361,FALSE,FALSE
21,5315,20,4,16,50,20,40,20,TRUE,"TI","Linescio","Linescio","Linescio","Linescio TI","Linescio (TI)","Linescio (TI)","Tessin","Tessin","Ticino","https://thumb.wikimedia.org/wikipedia/commons/thumb/3/33/Linescio-coat_of_arms.svg/500px-Linescio-coat_of_arms.svg.png",31.340796361,FALSE,FALSE
21,5317,26.698450536,224,615,43.686354379,858,1964,839,TRUE,"TI","Maggia","Maggia","Maggia","Maggia TI","Maggia (TI)","Maggia (TI)","Tessin","Tessin","Ticino","https://thumb.wikimedia.org/wikipedia/commons/thumb/f/ff/CHE_Maggia_COA.svg/500px-CHE_Maggia_COA.svg.png",31.340796361,FALSE,FALSE
21,5323,24.242424242,48,150,46.153846154,198,429,198,TRUE,"TI","Lavizzara","Lavizzara","Lavizzara","Lavizzara TI","Lavizzara (TI)","Lavizzara (TI)","Tessin","Tessin","Ticino","https://thumb.wikimedia.org/wikipedia/commons/thumb/0/03/Lavizzara-coat_of_arms.svg/500px-Lavizzara-coat_of_arms.svg.png",31.340796361,FALSE,FALSE
21,5324,34.712230216,193,363,50.795053004,575,1132,556,TRUE,"TI","Avegno Gordevio","Avegno Gordevio","Avegno Gordevio","Avegno Gordevio TI","Avegno Gordevio (TI)","Avegno Gordevio (TI)","Tessin","Tessin","Ticino","https://thumb.wikimedia.org/wikipedia/commons/thumb/a/a0/CHE_Avegno_Gordevio_COA.svg/500px-CHE_Avegno_Gordevio_COA.svg.png",31.340796361,FALSE,FALSE
21,5395,34.502923977,354,672,48.425925926,1046,2160,1026,TRUE,"TI","Lema","Lema","Lema","Lema TI","Lema (TI)","Lema (TI)","Tessin","Tessin","Ticino","https://thumb.wikimedia.org/wikipedia/commons/thumb/a/a8/CHE_Lema_COA.svg/500px-CHE_Lema_COA.svg.png",31.340796361,FALSE,FALSE
21,5396,33.896713615,361,704,53.562653563,1090,2035,1065,TRUE,"TI","Terre di Pedemonte","Terre di Pedemonte","Terre di Pedemonte","Terre di Pedemonte TI","Terre di Pedemonte (TI)","Terre di Pedemonte (TI)","Tessin","Tessin","Ticino","https://thumb.wikimedia.org/wikipedia/commons/thumb/e/e4/CHE_Terre_di_Pedemonte_COA.svg/250px-CHE_Terre_di_Pedemonte_COA.svg.png",31.340796361,FALSE,FALSE
21,5397,37.467700258,145,242,43.64640884,395,905,387,TRUE,"TI","Centovalli","Centovalli","Centovalli","Centovalli TI","Centovalli (TI)","Centovalli (TI)","Tessin","Tessin","Ticino","https://thumb.wikimedia.org/wikipedia/commons/thumb/4/4b/CHE_Centovalli_TI_COA.png/500px-CHE_Centovalli_TI_COA.png",31.340796361,FALSE,FALSE
21,5398,29.323843416,412,993,41.61849711,1440,3460,1405,TRUE,"TI","Gambarogno","Gambarogno","Gambarogno","Gambarogno TI","Gambarogno (TI)","Gambarogno (TI)","Tessin","Tessin","Ticino","https://thumb.wikimedia.org/wikipedia/commons/thumb/2/2b/CHE_Gambarogno_TI_COA.svg/500px-CHE_Gambarogno_TI_COA.svg.png",31.340796361,FALSE,FALSE
21,5399,68.421052632,195,90,43.426883309,294,677,285,TRUE,"TI","Verzasca","Verzasca","Verzasca","Verzasca TI","Verzasca (TI)","Verzasca (TI)","Tessin","Tessin","Ticino","https://thumb.wikimedia.org/wikipedia/commons/thumb/c/cc/CHE_Verzasca_TI_COA.svg/500px-CHE_Verzasca_TI_COA.svg.png",31.340796361,FALSE,FALSE
22,5401,24.024284475,554,1752,43.349299926,2353,5428,2306,TRUE,"VD","Aigle","Aigle","Aigle","Aigle VD","Aigle (VD)","Aigle (VD)","Waadt","Vaud","Vaud","https://thumb.wikimedia.org/wikipedia/commons/thumb/8/8f/CHE_Aigle_COA.svg/500px-CHE_Aigle_COA.svg.png",25.851407874,FALSE,FALSE
22,5402,28.254132231,547,1389,42.521044679,1970,4633,1936,TRUE,"VD","Bex","Bex","Bex","Bex VD","Bex (VD)","Bex (VD)","Waadt","Vaud","Vaud","https://thumb.wikimedia.org/wikipedia/commons/thumb/6/66/CHE_Bex_COA.svg/500px-CHE_Bex_COA.svg.png",25.851407874,FALSE,FALSE
22,5403,18.791946309,28,121,48.220064725,149,309,149,TRUE,"VD","Chessel","Chessel","Chessel","Chessel VD","Chessel (VD)","Chessel (VD)","Waadt","Vaud","Vaud","https://thumb.wikimedia.org/wikipedia/commons/thumb/8/85/CHE_Chessel_COA.svg/500px-CHE_Chessel_COA.svg.png",25.851407874,FALSE,FALSE
22,5404,30.366492147,58,133,56.772334294,197,347,191,TRUE,"VD","Corbeyrier","Corbeyrier","Corbeyrier","Corbeyrier VD","Corbeyrier (VD)","Corbeyrier (VD)","Waadt","Vaud","Vaud","https://thumb.wikimedia.org/wikipedia/commons/thumb/9/99/CHE_Corbeyrier_COA.svg/500px-CHE_Corbeyrier_COA.svg.png",25.851407874,FALSE,FALSE
22,5405,25.490196078,117,342,52.755905512,469,889,459,TRUE,"VD","Gryon","Gryon","Gryon","Gryon VD","Gryon (VD)","Gryon (VD)","Waadt","Vaud","Vaud","https://thumb.wikimedia.org/wikipedia/commons/thumb/7/7e/CHE_Gryon_COA.svg/500px-CHE_Gryon_COA.svg.png",25.851407874,FALSE,FALSE
22,5406,24.528301887,65,200,43.015873016,271,630,265,TRUE,"VD","Lavey-Morcles","Lavey-Morcles","Lavey-Morcles","Lavey-Morcles VD","Lavey-Morcles (VD)","Lavey-Morcles (VD)","Waadt","Vaud","Vaud","https://thumb.wikimedia.org/wikipedia/commons/thumb/1/16/CHE_Lavey-Morcles_COA.svg/500px-CHE_Lavey-Morcles_COA.svg.png",25.851407874,FALSE,FALSE
22,5407,24.771838331,190,577,51.519154557,780,1514,767,TRUE,"VD","Leysin","Leysin","Leysin","Leysin VD","Leysin (VD)","Leysin (VD)","Waadt","Vaud","Vaud","https://thumb.wikimedia.org/wikipedia/commons/thumb/f/fe/CHE_Leysin_COA.svg/500px-CHE_Leysin_COA.svg.png",25.851407874,FALSE,FALSE
22,5408,22.352941176,76,264,46.883468835,346,738,340,TRUE,"VD","Noville","Noville","Noville","Noville VD","Noville (VD)","Noville (VD)","Waadt","Vaud","Vaud","https://thumb.wikimedia.org/wikipedia/commons/thumb/7/77/CHE_Noville_COA.svg/500px-CHE_Noville_COA.svg.png",25.851407874,FALSE,FALSE
22,5409,24.989690722,606,1819,56.078610603,2454,4376,2425,TRUE,"VD","Ollon","Ollon","Ollon","Ollon VD","Ollon (VD)","Ollon (VD)","Waadt","Vaud","Vaud","https://thumb.wikimedia.org/wikipedia/commons/thumb/2/2d/CHE_Ollon_VD_COA.svg/500px-CHE_Ollon_VD_COA.svg.png",25.851407874,FALSE,FALSE
22,5410,23.414634146,96,314,50.608272506,416,822,410,TRUE,"VD","Ormont-Dessous","Ormont-Dessous","Ormont-Dessous","Ormont-Dessous VD","Ormont-Dessous (VD)","Ormont-Dessous (VD)","Waadt","Vaud","Vaud","https://thumb.wikimedia.org/wikipedia/commons/thumb/5/55/CHE_Ormont-Dessous_COA.svg/500px-CHE_Ormont-Dessous_COA.svg.png",25.851407874,FALSE,FALSE
22,5411,18.785578748,99,428,57.204301075,532,930,527,TRUE,"VD","Ormont-Dessus","Ormont-Dessus","Ormont-Dessus","Ormont-Dessus VD","Ormont-Dessus (VD)","Ormont-Dessus (VD)","Waadt","Vaud","Vaud","https://thumb.wikimedia.org/wikipedia/commons/thumb/9/9d/CHE_Ormont-Dessus_COA.svg/500px-CHE_Ormont-Dessus_COA.svg.png",25.851407874,FALSE,FALSE
22,5412,21.327014218,45,166,41.782178218,211,505,211,TRUE,"VD","Rennaz","Rennaz","Rennaz","Rennaz VD","Rennaz (VD)","Rennaz (VD)","Waadt","Vaud","Vaud","https://thumb.wikimedia.org/wikipedia/commons/thumb/e/eb/CHE_Rennaz_COA.svg/500px-CHE_Rennaz_COA.svg.png",25.851407874,FALSE,FALSE
22,5413,19.689119171,76,310,38.795656466,393,1013,386,TRUE,"VD","Roche VD","Roche (VD)","Roche VD","Roche VD","Roche (VD)","Roche (VD)","Waadt","Vaud","Vaud","https://thumb.wikimedia.org/wikipedia/commons/thumb/a/a8/CHE_Roche_COA.svg/500px-CHE_Roche_COA.svg.png",25.851407874,FALSE,FALSE
22,5414,25.913338997,305,872,42.502658632,1199,2821,1177,TRUE,"VD","Villeneuve VD","Villeneuve (VD)","Villeneuve VD","Villeneuve VD","Villeneuve (VD)","Villeneuve (VD)","Waadt","Vaud","Vaud","https://thumb.wikimedia.org/wikipedia/commons/thumb/e/e9/CHE_Villeneuve_COA.svg/500px-CHE_Villeneuve_COA.svg.png",25.851407874,FALSE,FALSE
22,5415,20.779220779,64,244,46.074074074,311,675,308,TRUE,"VD","Yvorne","Yvorne","Yvorne","Yvorne VD","Yvorne (VD)","Yvorne (VD)","Waadt","Vaud","Vaud","https://thumb.wikimedia.org/wikipedia/commons/thumb/5/5e/CHE_Yvorne_COA.svg/500px-CHE_Yvorne_COA.svg.png",25.851407874,FALSE,FALSE
22,5422,23.56846473,284,921,56.553960167,1221,2159,1205,TRUE,"VD","Aubonne","Aubonne","Aubonne","Aubonne VD","Aubonne (VD)","Aubonne (VD)","Waadt","Vaud","Vaud","https://thumb.wikimedia.org/wikipedia/commons/thumb/b/ba/CHE_Aubonne_COA.svg/500px-CHE_Aubonne_COA.svg.png",25.851407874,FALSE,FALSE
22,5423,20.264317181,46,181,58.673469388,230,392,227,TRUE,"VD","Ballens","Ballens","Ballens","Ballens VD","Ballens (VD)","Ballens (VD)","Waadt","Vaud","Vaud","https://thumb.wikimedia.org/wikipedia/commons/thumb/2/2d/CHE_Ballens_COA.svg/500px-CHE_Ballens_COA.svg.png",25.851407874,FALSE,FALSE
22,5424,16.52892562,20,101,60.098522167,122,203,121,TRUE,"VD","Berolle","Berolle","Berolle","Berolle VD","Berolle (VD)","Berolle (VD)","Waadt","Vaud","Vaud","https://thumb.wikimedia.org/wikipedia/commons/thumb/5/57/CHE_Berolle_COA.svg/500px-CHE_Berolle_COA.svg.png",25.851407874,FALSE,FALSE
22,5425,20.649651972,89,342,48.881431767,437,894,431,TRUE,"VD","Bière","Bière","Bière","Bière VD","Bière (VD)","Bière (VD)","Waadt","Vaud","Vaud","https://thumb.wikimedia.org/wikipedia/commons/thumb/d/d8/CHE_Bi%C3%A8re_COA.svg/500px-CHE_Bi%C3%A8re_COA.svg.png",25.851407874,FALSE,FALSE
22,5426,19.76744186,34,138,49.719101124,177,356,172,TRUE,"VD","Bougy-Villars","Bougy-Villars","Bougy-Villars","Bougy-Villars VD","Bougy-Villars (VD)","Bougy-Villars (VD)","Waadt","Vaud","Vaud","https://thumb.wikimedia.org/wikipedia/commons/thumb/6/6a/CHE_Bougy-Villars_COA.svg/500px-CHE_Bougy-Villars_COA.svg.png",25.851407874,FALSE,FALSE
22,5427,18.037974684,57,259,61.70212766,319,517,316,TRUE,"VD","Féchy","Féchy","Féchy","Féchy VD","Féchy (VD)","Féchy (VD)","Waadt","Vaud","Vaud","https://thumb.wikimedia.org/wikipedia/commons/thumb/8/83/CHE_F%C3%A9chy_COA.svg/500px-CHE_F%C3%A9chy_COA.svg.png",25.851407874,FALSE,FALSE
22,5428,22.284908322,158,551,52.481751825,719,1370,709,TRUE,"VD","Gimel","Gimel","Gimel","Gimel VD","Gimel (VD)","Gimel (VD)","Waadt","Vaud","Vaud","https://thumb.wikimedia.org/wikipedia/commons/thumb/1/1f/CHE_Gimel_COA.svg/500px-CHE_Gimel_COA.svg.png",25.851407874,FALSE,FALSE
22,5429,23.5,47,153,55.64738292,202,363,200,TRUE,"VD","Longirod","Longirod","Longirod","Longirod VD","Longirod (VD)","Longirod (VD)","Waadt","Vaud","Vaud","https://thumb.wikimedia.org/wikipedia/commons/thumb/2/20/CHE_Longirod_COA.svg/500px-CHE_Longirod_COA.svg.png",25.851407874,FALSE,FALSE
22,5430,43.216080402,86,113,57.306590258,200,349,199,TRUE,"VD","Marchissy","Marchissy","Marchissy","Marchissy VD","Marchissy (VD)","Marchissy (VD)","Waadt","Vaud","Vaud","https://thumb.wikimedia.org/wikipedia/commons/thumb/d/d3/CHE_Marchissy_COA.svg/500px-CHE_Marchissy_COA.svg.png",25.851407874,FALSE,FALSE
22,5431,18.4,23,102,57.013574661,126,221,125,TRUE,"VD","Mollens VD","Mollens (VD)","Mollens VD","Mollens VD","Mollens (VD)","Mollens (VD)","Waadt","Vaud","Vaud","https://thumb.wikimedia.org/wikipedia/commons/thumb/b/b4/CHE_Mollens_COA.svg/500px-CHE_Mollens_COA.svg.png",25.851407874,FALSE,FALSE
22,5434,27.631578947,105,275,57.48502994,384,668,380,TRUE,"VD","Saint-George","Saint-George","Saint-George","Saint-George VD","Saint-George (VD)","Saint-George (VD)","Waadt","Vaud","Vaud","https://thumb.wikimedia.org/wikipedia/commons/thumb/e/ec/CHE_Saint-George_COA.svg/500px-CHE_Saint-George_COA.svg.png",25.851407874,FALSE,FALSE
22,5435,21.863799283,61,218,58.541666667,281,480,279,TRUE,"VD","Saint-Livres","Saint-Livres","Saint-Livres","Saint-Livres VD","Saint-Livres (VD)","Saint-Livres (VD)","Waadt","Vaud","Vaud","https://thumb.wikimedia.org/wikipedia/commons/thumb/e/e2/CHE_Saint-Livres_COA.svg/500px-CHE_Saint-Livres_COA.svg.png",25.851407874,FALSE,FALSE
22,5436,22.988505747,40,134,57.894736842,176,304,174,TRUE,"VD","Saint-Oyens","Saint-Oyens","Saint-Oyens","Saint-Oyens VD","Saint-Oyens (VD)","Saint-Oyens (VD)","Waadt","Vaud","Vaud","https://thumb.wikimedia.org/wikipedia/commons/thumb/2/2e/CHE_Saint-Oyens_COA.svg/500px-CHE_Saint-Oyens_COA.svg.png",25.851407874,FALSE,FALSE
22,5437,25,35,105,55.078125,141,256,140,TRUE,"VD","Saubraz","Saubraz","Saubraz","Saubraz VD","Saubraz (VD)","Saubraz (VD)","Waadt","Vaud","Vaud","https://thumb.wikimedia.org/wikipedia/commons/thumb/b/b1/CHE_Saubraz_COA.svg/500px-CHE_Saubraz_COA.svg.png",25.851407874,FALSE,FALSE
22,5451,20,191,764,42.317708333,975,2304,955,TRUE,"VD","Avenches","Avenches","Avenches","Avenches VD","Avenches (VD)","Avenches (VD)","Waadt","Vaud","Vaud","https://thumb.wikimedia.org/wikipedia/commons/thumb/8/8e/CHE_Avenches_COA.svg/500px-CHE_Avenches_COA.svg.png",25.851407874,FALSE,FALSE
22,5456,21.303656598,134,495,49.883086516,640,1283,629,TRUE,"VD","Cudrefin","Cudrefin","Cudrefin","Cudrefin VD","Cudrefin (VD)","Cudrefin (VD)","Waadt","Vaud","Vaud","https://thumb.wikimedia.org/wikipedia/commons/thumb/a/af/CHE_Cudrefin_COA.svg/500px-CHE_Cudrefin_COA.svg.png",25.851407874,FALSE,FALSE
22,5458,21.739130435,55,198,45.714285714,256,560,253,TRUE,"VD","Faoug","Faoug","Faoug","Faoug VD","Faoug (VD)","Faoug (VD)","Waadt","Vaud","Vaud","https://thumb.wikimedia.org/wikipedia/commons/thumb/c/c6/CHE_Faoug_COA.svg/500px-CHE_Faoug_COA.svg.png",25.851407874,FALSE,FALSE
22,5464,17.473338802,213,1006,45.28718704,1230,2716,1219,TRUE,"VD","Vully-les-Lacs","Vully-les-Lacs","Vully-les-Lacs","Vully-les-Lacs VD","Vully-les-Lacs (VD)","Vully-les-Lacs (VD)","Waadt","Vaud","Vaud","https://thumb.wikimedia.org/wikipedia/commons/thumb/8/83/CHE_Vully-les-Lacs_COA.svg/500px-CHE_Vully-les-Lacs_COA.svg.png",25.851407874,FALSE,FALSE
22,5471,15.609756098,32,173,51.732673267,209,404,205,TRUE,"VD","Bettens","Bettens","Bettens","Bettens VD","Bettens (VD)","Bettens (VD)","Waadt","Vaud","Vaud","https://thumb.wikimedia.org/wikipedia/commons/thumb/e/e4/CHE_Bettens_COA.svg/500px-CHE_Bettens_COA.svg.png",25.851407874,FALSE,FALSE
22,5472,18,36,164,53.263707572,204,383,200,TRUE,"VD","Bournens","Bournens","Bournens","Bournens VD","Bournens (VD)","Bournens (VD)","Waadt","Vaud","Vaud","https://thumb.wikimedia.org/wikipedia/commons/thumb/c/cc/CHE_Bournens_COA.svg/500px-CHE_Bournens_COA.svg.png",25.851407874,FALSE,FALSE
22,5473,22.102425876,82,289,56.606606607,377,666,371,TRUE,"VD","Boussens","Boussens","Boussens","Boussens VD","Boussens (VD)","Boussens (VD)","Waadt","Vaud","Vaud","https://thumb.wikimedia.org/wikipedia/commons/thumb/b/b5/CHE_Boussens_COA.svg/500px-CHE_Boussens_COA.svg.png",25.851407874,FALSE,FALSE
22,5474,17.575757576,29,136,59.352517986,165,278,165,TRUE,"VD","La Chaux (Cossonay)","La Chaux (Cossonay)","La Chaux (Cossonay)","La Chaux (Cossonay) VD","La Chaux (Cossonay) (VD)","La Chaux (Cossonay) (VD)","Waadt","Vaud","Vaud","https://thumb.wikimedia.org/wikipedia/commons/thumb/8/83/CHE_La_Chaux_%28Cossonay%29_COA.svg/500px-CHE_La_Chaux_%28Cossonay%29_COA.svg.png",25.851407874,FALSE,FALSE
22,5475,18.666666667,14,61,70.754716981,75,106,75,TRUE,"VD","Chavannes-le-Veyron","Chavannes-le-Veyron","Chavannes-le-Veyron","Chavannes-le-Veyron VD","Chavannes-le-Veyron (VD)","Chavannes-le-Veyron (VD)","Waadt","Vaud","Vaud","https://thumb.wikimedia.org/wikipedia/commons/thumb/6/69/CHE_Chavannes-le-Veyron_COA.svg/500px-CHE_Chavannes-le-Veyron_COA.svg.png",25.851407874,FALSE,FALSE
22,5476,17.391304348,24,114,61.504424779,139,226,138,TRUE,"VD","Chevilly","Chevilly","Chevilly","Chevilly VD","Chevilly (VD)","Chevilly (VD)","Waadt","Vaud","Vaud","https://thumb.wikimedia.org/wikipedia/commons/thumb/7/7b/CHE_Chevilly_COA.svg/500px-CHE_Chevilly_COA.svg.png",25.851407874,FALSE,FALSE
22,5477,23.411371237,350,1145,50.551286335,1513,2993,1495,TRUE,"VD","Cossonay","Cossonay","Cossonay","Cossonay VD","Cossonay (VD)","Cossonay (VD)","Waadt","Vaud","Vaud","https://thumb.wikimedia.org/wikipedia/commons/thumb/a/af/CHE_Cossonay_COA.svg/500px-CHE_Cossonay_COA.svg.png",25.851407874,FALSE,FALSE
22,5479,8.878504673,19,195,59.452054795,217,365,214,TRUE,"VD","Cuarnens","Cuarnens","Cuarnens","Cuarnens VD","Cuarnens (VD)","Cuarnens (VD)","Waadt","Vaud","Vaud","https://thumb.wikimedia.org/wikipedia/commons/thumb/d/dd/CHE_Cuarnens_COA.svg/500px-CHE_Cuarnens_COA.svg.png",25.851407874,FALSE,FALSE
22,5480,20.103092784,78,310,56.090651558,396,706,388,TRUE,"VD","Daillens","Daillens","Daillens","Daillens VD","Daillens (VD)","Daillens (VD)","Waadt","Vaud","Vaud","https://thumb.wikimedia.org/wikipedia/commons/thumb/6/66/CHE_Daillens_COA.svg/500px-CHE_Daillens_COA.svg.png",25.851407874,FALSE,FALSE
22,5481,35.789473684,34,61,58.083832335,97,167,95,TRUE,"VD","Dizy","Dizy","Dizy","Dizy VD","Dizy (VD)","Dizy (VD)","Waadt","Vaud","Vaud","https://thumb.wikimedia.org/wikipedia/commons/thumb/0/0d/CHE_Dizy_COA.svg/500px-CHE_Dizy_COA.svg.png",25.851407874,FALSE,FALSE
22,5482,21.784776903,83,298,54.390934844,384,706,381,TRUE,"VD","Eclépens","Eclépens","Eclépens","Eclépens VD","Eclépens (VD)","Eclépens (VD)","Waadt","Vaud","Vaud","https://thumb.wikimedia.org/wikipedia/commons/thumb/b/b7/CHE_Ecl%C3%A9pens_COA.svg/500px-CHE_Ecl%C3%A9pens_COA.svg.png",25.851407874,FALSE,FALSE
22,5483,31.15942029,43,95,61.842105263,141,228,138,TRUE,"VD","Ferreyres","Ferreyres","Ferreyres","Ferreyres VD","Ferreyres (VD)","Ferreyres (VD)","Waadt","Vaud","Vaud","https://thumb.wikimedia.org/wikipedia/commons/thumb/3/32/CHE_Ferreyres_COA.svg/500px-CHE_Ferreyres_COA.svg.png",25.851407874,FALSE,FALSE
22,5484,23.711340206,92,296,56.160458453,392,698,388,TRUE,"VD","Gollion","Gollion","Gollion","Gollion VD","Gollion (VD)","Gollion (VD)","Waadt","Vaud","Vaud","https://thumb.wikimedia.org/wikipedia/commons/thumb/2/24/CHE_Gollion_COA.svg/500px-CHE_Gollion_COA.svg.png",25.851407874,FALSE,FALSE
22,5485,17.391304348,36,171,63.03030303,208,330,207,TRUE,"VD","Grancy","Grancy","Grancy","Grancy VD","Grancy (VD)","Grancy (VD)","Waadt","Vaud","Vaud","https://thumb.wikimedia.org/wikipedia/commons/thumb/b/b0/CHE_Grancy_COA.svg/500px-CHE_Grancy_COA.svg.png",25.851407874,FALSE,FALSE
22,5486,23.342175066,88,289,50.663129973,382,754,377,TRUE,"VD","L'Isle","L'Isle","L'Isle","L'Isle VD","L'Isle (VD)","L'Isle (VD)","Waadt","Vaud","Vaud","https://thumb.wikimedia.org/wikipedia/commons/thumb/b/b1/CHE_L%27Isle_COA.svg/500px-CHE_L%27Isle_COA.svg.png",25.851407874,FALSE,FALSE
22,5487,24.836601307,38,115,48.909657321,157,321,153,TRUE,"VD","Lussery-Villars","Lussery-Villars","Lussery-Villars","Lussery-Villars VD","Lussery-Villars (VD)","Lussery-Villars (VD)","Waadt","Vaud","Vaud","https://thumb.wikimedia.org/wikipedia/commons/thumb/f/f8/CHE_Lussery-Villars_COA.svg/500px-CHE_Lussery-Villars_COA.svg.png",25.851407874,FALSE,FALSE
22,5488,31.034482759,9,20,69.047619048,29,42,29,TRUE,"VD","Mauraz","Mauraz","Mauraz","Mauraz VD","Mauraz (VD)","Mauraz (VD)","Waadt","Vaud","Vaud","https://thumb.wikimedia.org/wikipedia/commons/thumb/c/c4/CHE_Mauraz_COA.svg/500px-CHE_Mauraz_COA.svg.png",25.851407874,FALSE,FALSE
22,5489,15.948275862,37,195,47.56097561,234,492,232,TRUE,"VD","Mex VD","Mex (VD)","Mex VD","Mex VD","Mex (VD)","Mex (VD)","Waadt","Vaud","Vaud","https://thumb.wikimedia.org/wikipedia/commons/thumb/3/3d/CHE_Mex_VD_COA.svg/500px-CHE_Mex_VD_COA.svg.png",25.851407874,FALSE,FALSE
22,5490,31.060606061,41,91,62.735849057,133,212,132,TRUE,"VD","Moiry","Moiry","Moiry","Moiry VD","Moiry (VD)","Moiry (VD)","Waadt","Vaud","Vaud","https://thumb.wikimedia.org/wikipedia/commons/thumb/e/e9/CHE_Moiry_COA.svg/500px-CHE_Moiry_COA.svg.png",25.851407874,FALSE,FALSE
22,5491,19.473684211,37,153,51.03626943,197,386,190,TRUE,"VD","Mont-la-Ville","Mont-la-Ville","Mont-la-Ville","Mont-la-Ville VD","Mont-la-Ville (VD)","Mont-la-Ville (VD)","Waadt","Vaud","Vaud","https://thumb.wikimedia.org/wikipedia/commons/thumb/2/23/CHE_Mont-la-Ville_COA.svg/500px-CHE_Mont-la-Ville_COA.svg.png",25.851407874,FALSE,FALSE
22,5492,17.941952507,68,311,60.15503876,388,645,379,TRUE,"VD","Montricher","Montricher","Montricher","Montricher VD","Montricher (VD)","Montricher (VD)","Waadt","Vaud","Vaud","https://thumb.wikimedia.org/wikipedia/commons/thumb/1/1b/CHE_Montricher_COA.svg/500px-CHE_Montricher_COA.svg.png",25.851407874,FALSE,FALSE
22,5493,26.436781609,46,128,53.550295858,181,338,174,TRUE,"VD","Orny","Orny","Orny","Orny VD","Orny (VD)","Orny (VD)","Waadt","Vaud","Vaud","https://thumb.wikimedia.org/wikipedia/commons/thumb/5/59/CHE_Orny_COA.svg/500px-CHE_Orny_COA.svg.png",25.851407874,FALSE,FALSE
22,5495,19.325842697,172,718,49.537792278,911,1839,890,TRUE,"VD","Penthalaz","Penthalaz","Penthalaz","Penthalaz VD","Penthalaz (VD)","Penthalaz (VD)","Waadt","Vaud","Vaud","https://thumb.wikimedia.org/wikipedia/commons/thumb/2/2a/CHE_Penthalaz_COA.svg/500px-CHE_Penthalaz_COA.svg.png",25.851407874,FALSE,FALSE
22,5496,20.411985019,109,425,48.665480427,547,1124,534,TRUE,"VD","Penthaz","Penthaz","Penthaz","Penthaz VD","Penthaz (VD)","Penthaz (VD)","Waadt","Vaud","Vaud","https://thumb.wikimedia.org/wikipedia/commons/thumb/c/cd/CHE_Penthaz_COA.svg/500px-CHE_Penthaz_COA.svg.png",25.851407874,FALSE,FALSE
22,5497,21.568627451,55,200,49.330783939,258,523,255,TRUE,"VD","Pompaples","Pompaples","Pompaples","Pompaples VD","Pompaples (VD)","Pompaples (VD)","Waadt","Vaud","Vaud","https://thumb.wikimedia.org/wikipedia/commons/thumb/e/ea/CHE_Pompaples_COA.svg/500px-CHE_Pompaples_COA.svg.png",25.851407874,FALSE,FALSE
22,5498,28.273809524,190,482,46.571622539,686,1473,672,TRUE,"VD","La Sarraz","La Sarraz","La Sarraz","La Sarraz VD","La Sarraz (VD)","La Sarraz (VD)","Waadt","Vaud","Vaud","https://thumb.wikimedia.org/wikipedia/commons/thumb/6/69/CHE_La_Sarraz_COA.svg/500px-CHE_La_Sarraz_COA.svg.png",25.851407874,FALSE,FALSE
22,5499,15.46961326,28,153,55.657492355,182,327,181,TRUE,"VD","Senarclens","Senarclens","Senarclens","Senarclens VD","Senarclens (VD)","Senarclens (VD)","Waadt","Vaud","Vaud","https://thumb.wikimedia.org/wikipedia/commons/thumb/d/d9/CHE_Senarclens_COA.svg/500px-CHE_Senarclens_COA.svg.png",25.851407874,FALSE,FALSE
22,5501,17.718446602,73,339,51.685393258,414,801,412,TRUE,"VD","Sullens","Sullens","Sullens","Sullens VD","Sullens (VD)","Sullens (VD)","Waadt","Vaud","Vaud","https://thumb.wikimedia.org/wikipedia/commons/thumb/f/fb/CHE_Sullens_COA.svg/500px-CHE_Sullens_COA.svg.png",25.851407874,FALSE,FALSE
22,5503,29.268292683,156,377,59.977827051,541,902,533,TRUE,"VD","Vufflens-la-Ville","Vufflens-la-Ville","Vufflens-la-Ville","Vufflens-la-Ville VD","Vufflens-la-Ville (VD)","Vufflens-la-Ville (VD)","Waadt","Vaud","Vaud","https://thumb.wikimedia.org/wikipedia/commons/thumb/8/8e/CHE_Vufflens-la-Ville_COA.svg/500px-CHE_Vufflens-la-Ville_COA.svg.png",25.851407874,FALSE,FALSE
22,5511,14.173228346,90,545,55.729166667,642,1152,635,TRUE,"VD","Assens","Assens","Assens","Assens VD","Assens (VD)","Assens (VD)","Waadt","Vaud","Vaud","https://thumb.wikimedia.org/wikipedia/commons/thumb/2/21/CHE_Assens_COA.svg/500px-CHE_Assens_COA.svg.png",25.851407874,FALSE,FALSE
22,5512,16.666666667,76,380,51.450892857,461,896,456,TRUE,"VD","Bercher","Bercher","Bercher","Bercher VD","Bercher (VD)","Bercher (VD)","Waadt","Vaud","Vaud","https://thumb.wikimedia.org/wikipedia/commons/thumb/2/2d/CHE_Bercher_COA.svg/500px-CHE_Bercher_COA.svg.png",25.851407874,FALSE,FALSE
22,5514,15.68627451,64,344,48.152424942,417,866,408,TRUE,"VD","Bottens","Bottens","Bottens","Bottens VD","Bottens (VD)","Bottens (VD)","Waadt","Vaud","Vaud","https://thumb.wikimedia.org/wikipedia/commons/thumb/9/96/CHE_Bottens_COA.svg/500px-CHE_Bottens_COA.svg.png",25.851407874,FALSE,FALSE
22,5515,24.745762712,73,222,53.956834532,300,556,295,TRUE,"VD","Bretigny-sur-Morrens","Bretigny-sur-Morrens","Bretigny-sur-Morrens","Bretigny-sur-Morrens VD","Bretigny-sur-Morrens (VD)","Bretigny-sur-Morrens (VD)","Waadt","Vaud","Vaud","https://thumb.wikimedia.org/wikipedia/commons/thumb/9/91/CHE_Bretigny-sur-Morrens_COA.svg/500px-CHE_Bretigny-sur-Morrens_COA.svg.png",25.851407874,FALSE,FALSE
22,5516,24.642464246,224,685,53.515398024,921,1721,909,TRUE,"VD","Cugy VD","Cugy (VD)","Cugy VD","Cugy VD","Cugy (VD)","Cugy (VD)","Waadt","Vaud","Vaud","https://thumb.wikimedia.org/wikipedia/commons/thumb/6/6b/CHE_Cugy_VD_COA.svg/500px-CHE_Cugy_VD_COA.svg.png",25.851407874,FALSE,FALSE
22,5518,21.900826446,424,1512,48.401269221,1983,4097,1936,TRUE,"VD","Echallens","Echallens","Echallens","Echallens VD","Echallens (VD)","Echallens (VD)","Waadt","Vaud","Vaud","https://thumb.wikimedia.org/wikipedia/commons/thumb/7/70/CHE_Echallens_COA.svg/500px-CHE_Echallens_COA.svg.png",25.851407874,FALSE,FALSE
22,5520,20.728291317,74,283,49.402390438,372,753,357,TRUE,"VD","Essertines-sur-Yverdon","Essertines-sur-Yverdon","Essertines-sur-Yverdon","Essertines-sur-Yverdon VD","Essertines-sur-Yverdon (VD)","Essertines-sur-Yverdon (VD)","Waadt","Vaud","Vaud","https://thumb.wikimedia.org/wikipedia/commons/thumb/e/e9/CHE_Essertines-sur-Yverdon_COA.svg/500px-CHE_Essertines-sur-Yverdon_COA.svg.png",25.851407874,FALSE,FALSE
22,5521,21.393034826,86,316,55.013550136,406,738,402,TRUE,"VD","Etagnières","Etagnières","Etagnières","Etagnières VD","Etagnières (VD)","Etagnières (VD)","Waadt","Vaud","Vaud","https://thumb.wikimedia.org/wikipedia/commons/thumb/1/15/CHE_%C3%89tagni%C3%A8res_COA.svg/500px-CHE_%C3%89tagni%C3%A8res_COA.svg.png",25.851407874,FALSE,FALSE
22,5522,21.126760563,60,224,54.079696395,285,527,284,TRUE,"VD","Fey","Fey","Fey","Fey VD","Fey (VD)","Fey (VD)","Waadt","Vaud","Vaud","https://thumb.wikimedia.org/wikipedia/commons/thumb/b/bb/CHE_Fey_COA.svg/500px-CHE_Fey_COA.svg.png",25.851407874,FALSE,FALSE
22,5523,19.008264463,184,784,57.424593968,990,1724,968,TRUE,"VD","Froideville","Froideville","Froideville","Froideville VD","Froideville (VD)","Froideville (VD)","Waadt","Vaud","Vaud","https://thumb.wikimedia.org/wikipedia/commons/thumb/c/c8/CHE_Froideville_COA.svg/500px-CHE_Froideville_COA.svg.png",25.851407874,FALSE,FALSE
22,5527,18.604651163,80,350,50.813953488,437,860,430,TRUE,"VD","Morrens VD","Morrens (VD)","Morrens VD","Morrens VD","Morrens (VD)","Morrens (VD)","Waadt","Vaud","Vaud","https://thumb.wikimedia.org/wikipedia/commons/thumb/4/41/CHE_Morrens_COA.svg/500px-CHE_Morrens_COA.svg.png",25.851407874,FALSE,FALSE
22,5529,11.940298507,32,236,64.523809524,271,420,268,TRUE,"VD","Oulens-sous-Echallens","Oulens-sous-Echallens","Oulens-sous-Echallens","Oulens-sous-Echallens VD","Oulens-sous-Echallens (VD)","Oulens-sous-Echallens (VD)","Waadt","Vaud","Vaud","https://thumb.wikimedia.org/wikipedia/commons/thumb/7/73/CHE_Oulens-sous-Echallens_COA.svg/500px-CHE_Oulens-sous-Echallens_COA.svg.png",25.851407874,FALSE,FALSE
22,5530,15.859030837,36,191,59.020618557,229,388,227,TRUE,"VD","Pailly","Pailly","Pailly","Pailly VD","Pailly (VD)","Pailly (VD)","Waadt","Vaud","Vaud","https://thumb.wikimedia.org/wikipedia/commons/thumb/1/1c/CHE_Pailly_COA.svg/500px-CHE_Pailly_COA.svg.png",25.851407874,FALSE,FALSE
22,5531,13.636363636,24,152,54.828660436,176,321,176,TRUE,"VD","Penthéréaz","Penthéréaz","Penthéréaz","Penthéréaz VD","Penthéréaz (VD)","Penthéréaz (VD)","Waadt","Vaud","Vaud","https://thumb.wikimedia.org/wikipedia/commons/thumb/8/82/CHE_Penth%C3%A9r%C3%A9az_COA.svg/500px-CHE_Penth%C3%A9r%C3%A9az_COA.svg.png",25.851407874,FALSE,FALSE
22,5533,11.86440678,35,260,56.463878327,297,526,295,TRUE,"VD","Poliez-Pittet","Poliez-Pittet","Poliez-Pittet","Poliez-Pittet VD","Poliez-Pittet (VD)","Poliez-Pittet (VD)","Waadt","Vaud","Vaud","https://thumb.wikimedia.org/wikipedia/commons/thumb/9/9b/CHE_Poliez-Pittet_COA.svg/500px-CHE_Poliez-Pittet_COA.svg.png",25.851407874,FALSE,FALSE
22,5534,10.948905109,15,122,65.402843602,138,211,137,TRUE,"VD","Rueyres","Rueyres","Rueyres","Rueyres VD","Rueyres (VD)","Rueyres (VD)","Waadt","Vaud","Vaud","https://thumb.wikimedia.org/wikipedia/commons/thumb/e/ea/CHE_Rueyres_COA.svg/500px-CHE_Rueyres_COA.svg.png",25.851407874,FALSE,FALSE
22,5535,13.39869281,41,265,57.38317757,307,535,306,TRUE,"VD","Saint-Barthélemy VD","Saint-Barthélemy (VD)","Saint-Barthélemy VD","Saint-Barthélemy VD","Saint-Barthélemy (VD)","Saint-Barthélemy (VD)","Waadt","Vaud","Vaud","https://thumb.wikimedia.org/wikipedia/commons/thumb/1/1b/CHE_Saint-Barth%C3%A9lemy_COA.svg/500px-CHE_Saint-Barth%C3%A9lemy_COA.svg.png",25.851407874,FALSE,FALSE
22,5537,16.355140187,70,358,48.700564972,431,885,428,TRUE,"VD","Villars-le-Terroir","Villars-le-Terroir","Villars-le-Terroir","Villars-le-Terroir VD","Villars-le-Terroir (VD)","Villars-le-Terroir (VD)","Waadt","Vaud","Vaud","https://thumb.wikimedia.org/wikipedia/commons/thumb/f/f1/CHE_Villars-le-Terroir_COA.svg/500px-CHE_Villars-le-Terroir_COA.svg.png",25.851407874,FALSE,FALSE
22,5539,14.138817481,55,334,54.761904762,391,714,389,TRUE,"VD","Vuarrens","Vuarrens","Vuarrens","Vuarrens VD","Vuarrens (VD)","Vuarrens (VD)","Waadt","Vaud","Vaud","https://thumb.wikimedia.org/wikipedia/commons/thumb/d/d4/CHE_Vuarrens_COA.svg/500px-CHE_Vuarrens_COA.svg.png",25.851407874,FALSE,FALSE
22,5540,16.033755274,114,597,56.454121306,726,1286,711,TRUE,"VD","Montilliez","Montilliez","Montilliez","Montilliez VD","Montilliez (VD)","Montilliez (VD)","Waadt","Vaud","Vaud","https://thumb.wikimedia.org/wikipedia/commons/thumb/5/58/CHE_Montilliez_COA.svg/500px-CHE_Montilliez_COA.svg.png",25.851407874,FALSE,FALSE
22,5541,19.739696312,91,370,56.848484848,469,825,461,TRUE,"VD","Goumoëns","Goumoëns","Goumoëns","Goumoëns VD","Goumoëns (VD)","Goumoëns (VD)","Waadt","Vaud","Vaud","https://thumb.wikimedia.org/wikipedia/commons/thumb/9/99/CHE_Goumo%C3%ABns_COA.svg/500px-CHE_Goumo%C3%ABns_COA.svg.png",25.851407874,FALSE,FALSE
22,5551,17.272727273,38,182,57.326478149,223,389,220,TRUE,"VD","Bonvillars","Bonvillars","Bonvillars","Bonvillars VD","Bonvillars (VD)","Bonvillars (VD)","Waadt","Vaud","Vaud","https://thumb.wikimedia.org/wikipedia/commons/thumb/3/37/CHE_Bonvillars_COA.svg/500px-CHE_Bonvillars_COA.svg.png",25.851407874,FALSE,FALSE
22,5552,18.927444795,60,257,61.20527307,325,531,317,TRUE,"VD","Bullet","Bullet","Bullet","Bullet VD","Bullet (VD)","Bullet (VD)","Waadt","Vaud","Vaud","https://thumb.wikimedia.org/wikipedia/commons/thumb/8/80/CHE_Bullet_COA.svg/500px-CHE_Bullet_COA.svg.png",25.851407874,FALSE,FALSE
22,5553,22.289156627,74,258,45.491803279,333,732,332,TRUE,"VD","Champagne","Champagne","Champagne","Champagne VD","Champagne (VD)","Champagne (VD)","Waadt","Vaud","Vaud","https://thumb.wikimedia.org/wikipedia/commons/thumb/5/5a/CHE_Champagne_COA.svg/500px-CHE_Champagne_COA.svg.png",25.851407874,FALSE,FALSE
22,5554,25.833333333,93,267,54.722638681,365,667,360,TRUE,"VD","Concise","Concise","Concise","Concise VD","Concise (VD)","Concise (VD)","Waadt","Vaud","Vaud","https://thumb.wikimedia.org/wikipedia/commons/thumb/9/96/CHE_Concise_COA.svg/500px-CHE_Concise_COA.svg.png",25.851407874,FALSE,FALSE
22,5555,23.178807947,35,116,50.653594771,155,306,151,TRUE,"VD","Corcelles-près-Concise","Corcelles-près-Concise","Corcelles-près-Concise","Corcelles-près-Concise VD","Corcelles-près-Concise (VD)","Corcelles-près-Concise (VD)","Waadt","Vaud","Vaud","https://thumb.wikimedia.org/wikipedia/commons/thumb/3/39/CHE_Corcelles-pr%C3%A8s-Concise_COA.svg/500px-CHE_Corcelles-pr%C3%A8s-Concise_COA.svg.png",25.851407874,FALSE,FALSE
22,5556,27.840909091,49,127,57.096774194,177,310,176,TRUE,"VD","Fiez","Fiez","Fiez","Fiez VD","Fiez (VD)","Fiez (VD)","Waadt","Vaud","Vaud","https://thumb.wikimedia.org/wikipedia/commons/thumb/2/25/CHE_Fiez_COA.svg/500px-CHE_Fiez_COA.svg.png",25.851407874,FALSE,FALSE
22,5557,27.272727273,21,56,51.633986928,79,153,77,TRUE,"VD","Fontaines-sur-Grandson","Fontaines-sur-Grandson","Fontaines-sur-Grandson","Fontaines-sur-Grandson VD","Fontaines-sur-Grandson (VD)","Fontaines-sur-Grandson (VD)","Waadt","Vaud","Vaud","https://thumb.wikimedia.org/wikipedia/commons/thumb/d/d5/CHE_Fontaines-sur-Grandson_COA.svg/500px-CHE_Fontaines-sur-Grandson_COA.svg.png",25.851407874,FALSE,FALSE
22,5559,18.300653595,28,125,51.948051948,160,308,153,TRUE,"VD","Giez","Giez","Giez","Giez VD","Giez (VD)","Giez (VD)","Waadt","Vaud","Vaud","https://thumb.wikimedia.org/wikipedia/commons/thumb/5/5e/CHE_Giez_COA.svg/500px-CHE_Giez_COA.svg.png",25.851407874,FALSE,FALSE
22,5560,21.495327103,23,84,69.182389937,110,159,107,TRUE,"VD","Grandevent","Grandevent","Grandevent","Grandevent VD","Grandevent (VD)","Grandevent (VD)","Waadt","Vaud","Vaud","https://thumb.wikimedia.org/wikipedia/commons/thumb/e/eb/CHE_Grandevent_COA.svg/500px-CHE_Grandevent_COA.svg.png",25.851407874,FALSE,FALSE
22,5561,23.471400394,238,776,47.050816697,1037,2204,1014,TRUE,"VD","Grandson","Grandson","Grandson","Grandson VD","Grandson (VD)","Grandson (VD)","Waadt","Vaud","Vaud","https://thumb.wikimedia.org/wikipedia/commons/thumb/7/7d/CHE_Grandson_COA.svg/500px-CHE_Grandson_COA.svg.png",25.851407874,FALSE,FALSE
22,5562,21.666666667,13,47,63.265306122,62,98,60,TRUE,"VD","Mauborget","Mauborget","Mauborget","Mauborget VD","Mauborget (VD)","Mauborget (VD)","Waadt","Vaud","Vaud","https://thumb.wikimedia.org/wikipedia/commons/thumb/f/fa/CHE_Mauborget_COA.svg/500px-CHE_Mauborget_COA.svg.png",25.851407874,FALSE,FALSE
22,5563,30.23255814,13,30,45.360824742,44,97,43,TRUE,"VD","Mutrux","Mutrux","Mutrux","Mutrux VD","Mutrux (VD)","Mutrux (VD)","Waadt","Vaud","Vaud","https://thumb.wikimedia.org/wikipedia/commons/thumb/3/38/CHE_Mutrux_COA.svg/500px-CHE_Mutrux_COA.svg.png",25.851407874,FALSE,FALSE
22,5564,8.695652174,4,42,65.333333333,49,75,46,TRUE,"VD","Novalles","Novalles","Novalles","Novalles VD","Novalles (VD)","Novalles (VD)","Waadt","Vaud","Vaud","https://thumb.wikimedia.org/wikipedia/commons/thumb/c/c2/CHE_Novalles_COA.svg/500px-CHE_Novalles_COA.svg.png",25.851407874,FALSE,FALSE
22,5565,27.322404372,50,133,50.136986301,183,365,183,TRUE,"VD","Onnens VD","Onnens (VD)","Onnens VD","Onnens VD","Onnens (VD)","Onnens (VD)","Waadt","Vaud","Vaud","https://thumb.wikimedia.org/wikipedia/commons/thumb/5/51/CHE_Onnens_COA.svg/500px-CHE_Onnens_COA.svg.png",25.851407874,FALSE,FALSE
22,5566,16.363636364,27,138,54.545454545,168,308,165,TRUE,"VD","Provence","Provence","Provence","Provence VD","Provence (VD)","Provence (VD)","Waadt","Vaud","Vaud","https://thumb.wikimedia.org/wikipedia/commons/thumb/f/f2/CHE_Provence_COA.svg/500px-CHE_Provence_COA.svg.png",25.851407874,FALSE,FALSE
22,5568,25.223499361,395,1171,41.666666667,1595,3828,1566,TRUE,"VD","Sainte-Croix","Sainte-Croix","Sainte-Croix","Sainte-Croix VD","Sainte-Croix (VD)","Sainte-Croix (VD)","Waadt","Vaud","Vaud","https://thumb.wikimedia.org/wikipedia/commons/thumb/4/4c/CHE_Sainte-Croix_COA.svg/500px-CHE_Sainte-Croix_COA.svg.png",25.851407874,FALSE,FALSE
22,5571,30.031948882,94,219,55.017301038,318,578,313,TRUE,"VD","Tévenon","Tévenon","Tévenon","Tévenon VD","Tévenon (VD)","Tévenon (VD)","Waadt","Vaud","Vaud","https://thumb.wikimedia.org/wikipedia/commons/thumb/b/b2/CHE_T%C3%A9venon_COA.svg/500px-CHE_T%C3%A9venon_COA.svg.png",25.851407874,FALSE,FALSE
22,5581,21.789883268,280,1005,55.437553101,1305,2354,1285,TRUE,"VD","Belmont-sur-Lausanne","Belmont-sur-Lausanne","Belmont-sur-Lausanne","Belmont-sur-Lausanne VD","Belmont-sur-Lausanne (VD)","Belmont-sur-Lausanne (VD)","Waadt","Vaud","Vaud","https://thumb.wikimedia.org/wikipedia/commons/thumb/4/48/CHE_Belmont-sur-Lausanne_COA.svg/500px-CHE_Belmont-sur-Lausanne_COA.svg.png",25.851407874,FALSE,FALSE
22,5582,19.746121298,280,1138,49.657768652,1451,2922,1418,TRUE,"VD","Cheseaux-sur-Lausanne","Cheseaux-sur-Lausanne","Cheseaux-sur-Lausanne","Cheseaux-sur-Lausanne VD","Cheseaux-sur-Lausanne (VD)","Cheseaux-sur-Lausanne (VD)","Waadt","Vaud","Vaud","https://thumb.wikimedia.org/wikipedia/commons/thumb/c/ce/CHE_Cheseaux-sur-Lausanne_COA.svg/500px-CHE_Cheseaux-sur-Lausanne_COA.svg.png",25.851407874,FALSE,FALSE
22,5583,27.460629921,558,1474,41.897633016,2071,4943,2032,TRUE,"VD","Crissier","Crissier","Crissier","Crissier VD","Crissier (VD)","Crissier (VD)","Waadt","Vaud","Vaud","https://thumb.wikimedia.org/wikipedia/commons/thumb/0/0e/CHE_Crissier_COA.svg/500px-CHE_Crissier_COA.svg.png",25.851407874,FALSE,FALSE
22,5584,24.303457536,724,2255,54.725472547,3040,5555,2979,TRUE,"VD","Epalinges","Epalinges","Epalinges","Epalinges VD","Epalinges (VD)","Epalinges (VD)","Waadt","Vaud","Vaud","https://thumb.wikimedia.org/wikipedia/commons/thumb/9/9a/CHE_%C3%89palinges_COA.svg/500px-CHE_%C3%89palinges_COA.svg.png",25.851407874,FALSE,FALSE
22,5585,25.86490939,157,450,64.539748954,617,956,607,TRUE,"VD","Jouxtens-Mézery","Jouxtens-Mézery","Jouxtens-Mézery","Jouxtens-Mézery VD","Jouxtens-Mézery (VD)","Jouxtens-Mézery (VD)","Waadt","Vaud","Vaud","https://thumb.wikimedia.org/wikipedia/commons/thumb/8/82/CHE_Jouxtens-M%C3%A9zery_COA.svg/500px-CHE_Jouxtens-M%C3%A9zery_COA.svg.png",25.851407874,FALSE,FALSE
22,5586,37.168662871,11358,19200,45.984254282,31307,68082,30558,TRUE,"VD","Lausanne","Lausanne","Losanna","Lausanne VD","Lausanne (VD)","Losanna (VD)","Waadt","Vaud","Vaud","https://thumb.wikimedia.org/wikipedia/commons/thumb/2/29/CHE_Lausanne_COA.svg/500px-CHE_Lausanne_COA.svg.png",25.851407874,FALSE,FALSE
22,5587,24.820551568,657,1990,50.009240436,2706,5411,2647,TRUE,"VD","Le Mont-sur-Lausanne","Le Mont-sur-Lausanne","Le Mont-sur-Lausanne","Le Mont-sur-Lausanne VD","Le Mont-sur-Lausanne (VD)","Le Mont-sur-Lausanne (VD)","Waadt","Vaud","Vaud","https://thumb.wikimedia.org/wikipedia/commons/thumb/d/dc/CHE_Le_Mont-sur-Lausanne_COA.svg/500px-CHE_Le_Mont-sur-Lausanne_COA.svg.png",25.851407874,FALSE,FALSE
22,5588,25.179856115,105,312,42.141453831,429,1018,417,TRUE,"VD","Paudex","Paudex","Paudex","Paudex VD","Paudex (VD)","Paudex (VD)","Waadt","Vaud","Vaud","https://thumb.wikimedia.org/wikipedia/commons/thumb/5/5d/CHE_Paudex_COA.svg/500px-CHE_Paudex_COA.svg.png",25.851407874,FALSE,FALSE
22,5589,28.731762065,768,1905,45.140032949,2740,6070,2673,TRUE,"VD","Prilly","Prilly","Prilly","Prilly VD","Prilly (VD)","Prilly (VD)","Waadt","Vaud","Vaud","https://thumb.wikimedia.org/wikipedia/commons/thumb/8/86/CHE_Prilly_COA.svg/500px-CHE_Prilly_COA.svg.png",25.851407874,FALSE,FALSE
22,5590,24.408935268,1497,4636,57.296255507,6243,10896,6133,TRUE,"VD","Pully","Pully","Pully","Pully VD","Pully (VD)","Pully (VD)","Waadt","Vaud","Vaud","https://thumb.wikimedia.org/wikipedia/commons/thumb/e/ec/CHE_Pully_COA.svg/960px-CHE_Pully_COA.svg.png",25.851407874,FALSE,FALSE
22,5591,33.244759374,1126,2261,38.818518103,3463,8921,3387,TRUE,"VD","Renens VD","Renens (VD)","Renens VD","Renens VD","Renens (VD)","Renens (VD)","Waadt","Vaud","Vaud","https://thumb.wikimedia.org/wikipedia/commons/thumb/0/0b/CHE_Renens_COA.svg/500px-CHE_Renens_COA.svg.png",25.851407874,FALSE,FALSE
22,5592,24.360105914,276,857,47.037337662,1159,2464,1133,TRUE,"VD","Romanel-sur-Lausanne","Romanel-sur-Lausanne","Romanel-sur-Lausanne","Romanel-sur-Lausanne VD","Romanel-sur-Lausanne (VD)","Romanel-sur-Lausanne (VD)","Waadt","Vaud","Vaud","https://thumb.wikimedia.org/wikipedia/commons/thumb/c/c1/CHE_Romanel-sur-Lausanne_COA.svg/500px-CHE_Romanel-sur-Lausanne_COA.svg.png",25.851407874,FALSE,FALSE
22,5601,26.127320955,197,557,53.277545328,764,1434,754,TRUE,"VD","Chexbres","Chexbres","Chexbres","Chexbres VD","Chexbres (VD)","Chexbres (VD)","Waadt","Vaud","Vaud","https://thumb.wikimedia.org/wikipedia/commons/thumb/9/9f/CHE_Chexbres_COA.svg/500px-CHE_Chexbres_COA.svg.png",25.851407874,FALSE,FALSE
22,5604,17.777777778,136,629,57.820607858,780,1349,765,TRUE,"VD","Forel (Lavaux)","Forel (Lavaux)","Forel (Lavaux)","Forel (Lavaux) VD","Forel (Lavaux) (VD)","Forel (Lavaux) (VD)","Waadt","Vaud","Vaud","https://thumb.wikimedia.org/wikipedia/commons/thumb/5/5b/CHE_Forel_%28Lavaux%29_COA.svg/500px-CHE_Forel_%28Lavaux%29_COA.svg.png",25.851407874,FALSE,FALSE
22,5606,20.333424433,744,2915,57.215384615,3719,6500,3659,TRUE,"VD","Lutry","Lutry","Lutry","Lutry VD","Lutry (VD)","Lutry (VD)","Waadt","Vaud","Vaud","https://thumb.wikimedia.org/wikipedia/commons/thumb/2/26/CHE_Lutry_COA.svg/500px-CHE_Lutry_COA.svg.png",25.851407874,FALSE,FALSE
22,5607,19.463869464,167,691,52.192192192,869,1665,858,TRUE,"VD","Puidoux","Puidoux","Puidoux","Puidoux VD","Puidoux (VD)","Puidoux (VD)","Waadt","Vaud","Vaud","https://thumb.wikimedia.org/wikipedia/commons/thumb/9/99/CHE_Puidoux_COA.svg/500px-CHE_Puidoux_COA.svg.png",25.851407874,FALSE,FALSE
22,5609,27.083333333,39,105,60.924369748,145,238,144,TRUE,"VD","Rivaz","Rivaz","Rivaz","Rivaz VD","Rivaz (VD)","Rivaz (VD)","Waadt","Vaud","Vaud","https://thumb.wikimedia.org/wikipedia/commons/thumb/0/00/CHE_Rivaz_COA.svg/500px-CHE_Rivaz_COA.svg.png",25.851407874,FALSE,FALSE
22,5610,19.540229885,34,140,64.855072464,179,276,174,TRUE,"VD","Saint-Saphorin (Lavaux)","Saint-Saphorin (Lavaux)","Saint-Saphorin (Lavaux)","Saint-Saphorin (Lavaux) VD","Saint-Saphorin (Lavaux) (VD)","Saint-Saphorin (Lavaux) (VD)","Waadt","Vaud","Vaud","https://thumb.wikimedia.org/wikipedia/commons/thumb/4/46/CHE_Saint-Saphorin_COA.svg/500px-CHE_Saint-Saphorin_COA.svg.png",25.851407874,FALSE,FALSE
22,5611,22.455573506,278,960,56.821251688,1262,2221,1238,TRUE,"VD","Savigny","Savigny","Savigny","Savigny VD","Savigny (VD)","Savigny (VD)","Waadt","Vaud","Vaud","https://thumb.wikimedia.org/wikipedia/commons/thumb/6/67/CHE_Savigny_COA.svg/500px-CHE_Savigny_COA.svg.png",25.851407874,FALSE,FALSE
22,5613,25.524965002,547,1596,59.945205479,2188,3650,2143,TRUE,"VD","Bourg-en-Lavaux","Bourg-en-Lavaux","Bourg-en-Lavaux","Bourg-en-Lavaux VD","Bourg-en-Lavaux (VD)","Bourg-en-Lavaux (VD)","Waadt","Vaud","Vaud","https://thumb.wikimedia.org/wikipedia/commons/thumb/c/cf/CHE_Bourg-en-Lavaux_COA.svg/500px-CHE_Bourg-en-Lavaux_COA.svg.png",25.851407874,FALSE,FALSE
22,5621,21.111111111,38,142,50.136239782,184,367,180,TRUE,"VD","Aclens","Aclens","Aclens","Aclens VD","Aclens (VD)","Aclens (VD)","Waadt","Vaud","Vaud","https://thumb.wikimedia.org/wikipedia/commons/thumb/c/cf/CHE_Aclens_COA.svg/500px-CHE_Aclens_COA.svg.png",25.851407874,FALSE,FALSE
22,5622,18.75,45,195,59.75308642,242,405,240,TRUE,"VD","Bremblens","Bremblens","Bremblens","Bremblens VD","Bremblens (VD)","Bremblens (VD)","Waadt","Vaud","Vaud","https://thumb.wikimedia.org/wikipedia/commons/thumb/3/3e/CHE_Bremblens_COA.svg/500px-CHE_Bremblens_COA.svg.png",25.851407874,FALSE,FALSE
22,5623,18.215613383,49,220,60.997732426,269,441,269,TRUE,"VD","Buchillon","Buchillon","Buchillon","Buchillon VD","Buchillon (VD)","Buchillon (VD)","Waadt","Vaud","Vaud","https://thumb.wikimedia.org/wikipedia/commons/thumb/1/19/CHE_Buchillon_COA.svg/500px-CHE_Buchillon_COA.svg.png",25.851407874,FALSE,FALSE
22,5624,25.571646341,671,1953,47.0351583,2689,5717,2624,TRUE,"VD","Bussigny","Bussigny","Bussigny","Bussigny VD","Bussigny (VD)","Bussigny (VD)","Waadt","Vaud","Vaud","https://thumb.wikimedia.org/wikipedia/commons/thumb/3/34/CHE_Bussigny_COA.svg/500px-CHE_Bussigny_COA.svg.png",25.851407874,FALSE,FALSE
22,5627,33.823529412,437,855,35.248736366,1325,3759,1292,TRUE,"VD","Chavannes-près-Renens","Chavannes-près-Renens","Chavannes-près-Renens","Chavannes-près-Renens VD","Chavannes-près-Renens (VD)","Chavannes-près-Renens (VD)","Waadt","Vaud","Vaud","https://thumb.wikimedia.org/wikipedia/commons/thumb/f/f2/CHE_Chavannes-pr%C3%A8s-Renens_COA.svg/500px-CHE_Chavannes-pr%C3%A8s-Renens_COA.svg.png",25.851407874,FALSE,FALSE
22,5628,24,36,114,61.538461538,152,247,150,TRUE,"VD","Chigny","Chigny","Chigny","Chigny VD","Chigny (VD)","Chigny (VD)","Waadt","Vaud","Vaud","https://thumb.wikimedia.org/wikipedia/commons/thumb/7/73/CHE_Chigny_COA.svg/500px-CHE_Chigny_COA.svg.png",25.851407874,FALSE,FALSE
22,5629,23.376623377,18,59,50.993377483,77,151,77,TRUE,"VD","Clarmont","Clarmont","Clarmont","Clarmont VD","Clarmont (VD)","Clarmont (VD)","Waadt","Vaud","Vaud","https://thumb.wikimedia.org/wikipedia/commons/thumb/8/8c/CHE_Clarmont_COA.svg/500px-CHE_Clarmont_COA.svg.png",25.851407874,FALSE,FALSE
22,5631,22.491349481,65,224,60.833333333,292,480,289,TRUE,"VD","Denens","Denens","Denens","Denens VD","Denens (VD)","Denens (VD)","Waadt","Vaud","Vaud","https://thumb.wikimedia.org/wikipedia/commons/thumb/5/56/CHE_Denens_COA.svg/500px-CHE_Denens_COA.svg.png",25.851407874,FALSE,FALSE
22,5632,27.648114901,154,403,55.996035679,565,1009,557,TRUE,"VD","Denges","Denges","Denges","Denges VD","Denges (VD)","Denges (VD)","Waadt","Vaud","Vaud","https://thumb.wikimedia.org/wikipedia/commons/thumb/5/52/CHE_Denges_COA.svg/500px-CHE_Denges_COA.svg.png",25.851407874,FALSE,FALSE
22,5633,19.06693712,188,798,54.669579465,1001,1831,986,TRUE,"VD","Echandens","Echandens","Echandens","Echandens VD","Echandens (VD)","Echandens (VD)","Waadt","Vaud","Vaud","https://thumb.wikimedia.org/wikipedia/commons/thumb/d/d1/CHE_Echandens_COA.svg/500px-CHE_Echandens_COA.svg.png",25.851407874,FALSE,FALSE
22,5634,19.823788546,225,910,55.358000961,1152,2081,1135,TRUE,"VD","Echichens","Echichens","Echichens","Echichens VD","Echichens (VD)","Echichens (VD)","Waadt","Vaud","Vaud","https://thumb.wikimedia.org/wikipedia/commons/thumb/e/eb/CHE_Echichens_COA.svg/500px-CHE_Echichens_COA.svg.png",25.851407874,FALSE,FALSE
22,5635,26.290516206,657,1842,44.183232498,2556,5785,2499,TRUE,"VD","Ecublens VD","Ecublens (VD)","Ecublens VD","Ecublens VD","Ecublens (VD)","Ecublens (VD)","Waadt","Vaud","Vaud","https://thumb.wikimedia.org/wikipedia/commons/thumb/b/b7/CHE_Ecublens_VD_COA.svg/500px-CHE_Ecublens_VD_COA.svg.png",25.851407874,FALSE,FALSE
22,5636,23.947051745,199,632,50.178147268,845,1684,831,TRUE,"VD","Etoy","Etoy","Etoy","Etoy VD","Etoy (VD)","Etoy (VD)","Waadt","Vaud","Vaud","https://thumb.wikimedia.org/wikipedia/commons/thumb/a/ac/CHE_Etoy_COA.svg/500px-CHE_Etoy_COA.svg.png",25.851407874,FALSE,FALSE
22,5637,15.211267606,54,301,58.592471358,358,611,355,TRUE,"VD","Lavigny","Lavigny","Lavigny","Lavigny VD","Lavigny (VD)","Lavigny (VD)","Waadt","Vaud","Vaud","https://thumb.wikimedia.org/wikipedia/commons/thumb/6/67/CHE_Lavigny_COA.svg/500px-CHE_Lavigny_COA.svg.png",25.851407874,FALSE,FALSE
22,5638,23.542600897,210,682,51.511694238,903,1753,892,TRUE,"VD","Lonay","Lonay","Lonay","Lonay VD","Lonay (VD)","Lonay (VD)","Waadt","Vaud","Vaud","https://thumb.wikimedia.org/wikipedia/commons/thumb/e/ea/CHE_Lonay_COA.svg/500px-CHE_Lonay_COA.svg.png",25.851407874,FALSE,FALSE
22,5639,24.16918429,80,251,61.243144424,335,547,331,TRUE,"VD","Lully VD","Lully (VD)","Lully VD","Lully VD","Lully (VD)","Lully (VD)","Waadt","Vaud","Vaud","https://thumb.wikimedia.org/wikipedia/commons/thumb/e/ef/CHE_Lully_VD_COA.svg/500px-CHE_Lully_VD_COA.svg.png",25.851407874,FALSE,FALSE
22,5640,22.333333333,67,233,65.170940171,305,468,300,TRUE,"VD","Lussy-sur-Morges","Lussy-sur-Morges","Lussy-sur-Morges","Lussy-sur-Morges VD","Lussy-sur-Morges (VD)","Lussy-sur-Morges (VD)","Waadt","Vaud","Vaud","https://thumb.wikimedia.org/wikipedia/commons/thumb/2/23/CHE_Lussy-sur-Morges_COA.svg/500px-CHE_Lussy-sur-Morges_COA.svg.png",25.851407874,FALSE,FALSE
22,5642,26.227750375,1223,3440,51.934782609,4778,9200,4663,TRUE,"VD","Morges","Morges","Morges","Morges VD","Morges (VD)","Morges (VD)","Waadt","Vaud","Vaud","https://thumb.wikimedia.org/wikipedia/commons/thumb/8/8f/CHE_Morges_COA.svg/500px-CHE_Morges_COA.svg.png",25.851407874,FALSE,FALSE
22,5643,25.663716814,377,1092,40.95004095,1500,3663,1469,TRUE,"VD","Préverenges","Préverenges","Préverenges","Préverenges VD","Préverenges (VD)","Préverenges (VD)","Waadt","Vaud","Vaud","https://thumb.wikimedia.org/wikipedia/commons/thumb/c/c3/CHE_Pr%C3%A9verenges_COA.svg/500px-CHE_Pr%C3%A9verenges_COA.svg.png",25.851407874,FALSE,FALSE
22,5645,17.647058824,33,154,62.057877814,193,311,187,TRUE,"VD","Romanel-sur-Morges","Romanel-sur-Morges","Romanel-sur-Morges","Romanel-sur-Morges VD","Romanel-sur-Morges (VD)","Romanel-sur-Morges (VD)","Waadt","Vaud","Vaud","https://thumb.wikimedia.org/wikipedia/commons/thumb/a/ab/CHE_Romanel-sur-Morges_COA.svg/500px-CHE_Romanel-sur-Morges_COA.svg.png",25.851407874,FALSE,FALSE
22,5646,22.699757869,375,1277,55.193951348,1679,3042,1652,TRUE,"VD","Saint-Prex","Saint-Prex","Saint-Prex","Saint-Prex VD","Saint-Prex (VD)","Saint-Prex (VD)","Waadt","Vaud","Vaud","https://thumb.wikimedia.org/wikipedia/commons/thumb/0/07/CHE_Saint-Prex_COA.svg/500px-CHE_Saint-Prex_COA.svg.png",25.851407874,FALSE,FALSE
22,5648,25.792507205,358,1030,61.335067187,1415,2307,1388,TRUE,"VD","Saint-Sulpice VD","Saint-Sulpice (VD)","Saint-Sulpice VD","Saint-Sulpice VD","Saint-Sulpice (VD)","Saint-Sulpice (VD)","Waadt","Vaud","Vaud","https://thumb.wikimedia.org/wikipedia/commons/thumb/5/57/CHE_Saint-Sulpice_VD_COA.svg/500px-CHE_Saint-Sulpice_VD_COA.svg.png",25.851407874,FALSE,FALSE
22,5649,25.357142857,142,418,53.15739868,564,1061,560,TRUE,"VD","Tolochenaz","Tolochenaz","Tolochenaz","Tolochenaz VD","Tolochenaz (VD)","Tolochenaz (VD)","Waadt","Vaud","Vaud","https://thumb.wikimedia.org/wikipedia/commons/thumb/4/47/CHE_Tolochenaz_COA.svg/500px-CHE_Tolochenaz_COA.svg.png",25.851407874,FALSE,FALSE
22,5650,21.686746988,18,65,66.935483871,83,124,83,TRUE,"VD","Vaux-sur-Morges","Vaux-sur-Morges","Vaux-sur-Morges","Vaux-sur-Morges VD","Vaux-sur-Morges (VD)","Vaux-sur-Morges (VD)","Waadt","Vaud","Vaud","https://thumb.wikimedia.org/wikipedia/commons/thumb/a/a9/CHE_Vaux-sur-Morges_COA.svg/500px-CHE_Vaux-sur-Morges_COA.svg.png",25.851407874,FALSE,FALSE
22,5651,20.557491289,59,228,52.338129496,291,556,287,TRUE,"VD","Villars-Sainte-Croix","Villars-Sainte-Croix","Villars-Sainte-Croix","Villars-Sainte-Croix VD","Villars-Sainte-Croix (VD)","Villars-Sainte-Croix (VD)","Waadt","Vaud","Vaud","https://thumb.wikimedia.org/wikipedia/commons/thumb/3/3e/CHE_Villars-Sainte-Croix_COA.svg/500px-CHE_Villars-Sainte-Croix_COA.svg.png",25.851407874,FALSE,FALSE
22,5652,24.561403509,56,172,58.567774936,229,391,228,TRUE,"VD","Villars-sous-Yens","Villars-sous-Yens","Villars-sous-Yens","Villars-sous-Yens VD","Villars-sous-Yens (VD)","Villars-sous-Yens (VD)","Waadt","Vaud","Vaud","https://thumb.wikimedia.org/wikipedia/commons/thumb/9/94/CHE_Villars-sous-Yens_COA.svg/500px-CHE_Villars-sous-Yens_COA.svg.png",25.851407874,FALSE,FALSE
22,5653,22.991689751,83,278,64.878892734,375,578,361,TRUE,"VD","Vufflens-le-Château","Vufflens-le-Château","Vufflens-le-Château","Vufflens-le-Château VD","Vufflens-le-Château (VD)","Vufflens-le-Château (VD)","Waadt","Vaud","Vaud","https://thumb.wikimedia.org/wikipedia/commons/thumb/4/42/CHE_Vufflens-le-Ch%C3%A2teau_COA.svg/500px-CHE_Vufflens-le-Ch%C3%A2teau_COA.svg.png",25.851407874,FALSE,FALSE
22,5654,15.048543689,31,175,51.225490196,209,408,206,TRUE,"VD","Vullierens","Vullierens","Vullierens","Vullierens VD","Vullierens (VD)","Vullierens (VD)","Waadt","Vaud","Vaud","https://thumb.wikimedia.org/wikipedia/commons/thumb/1/11/CHE_Vullierens_COA.svg/500px-CHE_Vullierens_COA.svg.png",25.851407874,FALSE,FALSE
22,5655,21.832358674,112,401,58.810325477,524,891,513,TRUE,"VD","Yens","Yens","Yens","Yens VD","Yens (VD)","Yens (VD)","Waadt","Vaud","Vaud","https://thumb.wikimedia.org/wikipedia/commons/thumb/1/14/CHE_Yens_COA.svg/500px-CHE_Yens_COA.svg.png",25.851407874,FALSE,FALSE
22,5656,19.693094629,308,1256,55.080027836,1583,2874,1564,TRUE,"VD","Hautemorges","Hautemorges","Hautemorges","Hautemorges VD","Hautemorges (VD)","Hautemorges (VD)","Waadt","Vaud","Vaud","https://thumb.wikimedia.org/wikipedia/commons/thumb/2/2f/CHE_Hautemorges_COA.svg/500px-CHE_Hautemorges_COA.svg.png",25.851407874,FALSE,FALSE
22,5661,26.797385621,41,112,57.735849057,153,265,153,TRUE,"VD","Boulens","Boulens","Boulens","Boulens VD","Boulens (VD)","Boulens (VD)","Waadt","Vaud","Vaud","https://thumb.wikimedia.org/wikipedia/commons/thumb/f/f0/CHE_Boulens_COA.svg/500px-CHE_Boulens_COA.svg.png",25.851407874,FALSE,FALSE
22,5663,11,11,89,56.111111111,101,180,100,TRUE,"VD","Bussy-sur-Moudon","Bussy-sur-Moudon","Bussy-sur-Moudon","Bussy-sur-Moudon VD","Bussy-sur-Moudon (VD)","Bussy-sur-Moudon (VD)","Waadt","Vaud","Vaud","https://thumb.wikimedia.org/wikipedia/commons/thumb/5/50/CHE_Bussy-sur-Moudon_COA.svg/500px-CHE_Bussy-sur-Moudon_COA.svg.png",25.851407874,FALSE,FALSE
22,5665,13.402061856,13,84,54.802259887,97,177,97,TRUE,"VD","Chavannes-sur-Moudon","Chavannes-sur-Moudon","Chavannes-sur-Moudon","Chavannes-sur-Moudon VD","Chavannes-sur-Moudon (VD)","Chavannes-sur-Moudon (VD)","Waadt","Vaud","Vaud","https://thumb.wikimedia.org/wikipedia/commons/thumb/a/ab/CHE_Chavannes-sur-Moudon_COA.svg/500px-CHE_Chavannes-sur-Moudon_COA.svg.png",25.851407874,FALSE,FALSE
22,5669,24.8,31,94,57.534246575,126,219,125,TRUE,"VD","Curtilles","Curtilles","Curtilles","Curtilles VD","Curtilles (VD)","Curtilles (VD)","Waadt","Vaud","Vaud","https://thumb.wikimedia.org/wikipedia/commons/thumb/f/f0/CHE_Curtilles_COA.svg/500px-CHE_Curtilles_COA.svg.png",25.851407874,FALSE,FALSE
22,5671,15.533980583,16,87,63.190184049,103,163,103,TRUE,"VD","Dompierre VD","Dompierre (VD)","Dompierre VD","Dompierre VD","Dompierre (VD)","Dompierre (VD)","Waadt","Vaud","Vaud","https://thumb.wikimedia.org/wikipedia/commons/thumb/9/90/CHE_Dompierre_VD_COA.svg/500px-CHE_Dompierre_VD_COA.svg.png",25.851407874,FALSE,FALSE
22,5673,11.643835616,17,129,57.03125,146,256,146,TRUE,"VD","Hermenches","Hermenches","Hermenches","Hermenches VD","Hermenches (VD)","Hermenches (VD)","Waadt","Vaud","Vaud","https://thumb.wikimedia.org/wikipedia/commons/thumb/7/74/CHE_Hermenches_COA.svg/500px-CHE_Hermenches_COA.svg.png",25.851407874,FALSE,FALSE
22,5674,28.571428571,16,40,50.847457627,60,118,56,TRUE,"VD","Lovatens","Lovatens","Lovatens","Lovatens VD","Lovatens (VD)","Lovatens (VD)","Waadt","Vaud","Vaud","https://thumb.wikimedia.org/wikipedia/commons/thumb/1/1e/CHE_Lovatens_COA.svg/500px-CHE_Lovatens_COA.svg.png",25.851407874,FALSE,FALSE
22,5675,,,,,,,,FALSE,"VD","Lucens","Lucens","Lucens","Lucens VD","Lucens (VD)","Lucens (VD)","Waadt","Vaud","Vaud","https://thumb.wikimedia.org/wikipedia/commons/thumb/3/31/CHE_Lucens_COA.svg/500px-CHE_Lucens_COA.svg.png",25.851407874,FALSE,FALSE
22,5678,21.644120708,208,753,35.149765428,974,2771,961,TRUE,"VD","Moudon","Moudon","Moudon","Moudon VD","Moudon (VD)","Moudon (VD)","Waadt","Vaud","Vaud","https://thumb.wikimedia.org/wikipedia/commons/thumb/7/78/CHE_Moudon_COA.svg/500px-CHE_Moudon_COA.svg.png",25.851407874,FALSE,FALSE
22,5680,27.272727273,33,88,55.251141553,121,219,121,TRUE,"VD","Ogens","Ogens","Ogens","Ogens VD","Ogens (VD)","Ogens (VD)","Waadt","Vaud","Vaud","https://thumb.wikimedia.org/wikipedia/commons/thumb/1/1e/CHE_Ogens_COA.svg/500px-CHE_Ogens_COA.svg.png",25.851407874,FALSE,FALSE
22,5683,19.76744186,17,69,48.863636364,86,176,86,TRUE,"VD","Prévonloup","Prévonloup","Prévonloup","Prévonloup VD","Prévonloup (VD)","Prévonloup (VD)","Waadt","Vaud","Vaud","https://thumb.wikimedia.org/wikipedia/commons/thumb/a/a7/CHE_Pr%C3%A9vonloup_COA.svg/500px-CHE_Pr%C3%A9vonloup_COA.svg.png",25.851407874,FALSE,FALSE
22,5684,3.448275862,1,28,51.785714286,29,56,29,TRUE,"VD","Rossenges","Rossenges","Rossenges","Rossenges VD","Rossenges (VD)","Rossenges (VD)","Waadt","Vaud","Vaud","https://thumb.wikimedia.org/wikipedia/commons/thumb/c/cf/CHE_Rossenges_COA.svg/500px-CHE_Rossenges_COA.svg.png",25.851407874,FALSE,FALSE
22,5688,13.953488372,6,37,48.863636364,43,88,43,TRUE,"VD","Syens","Syens","Syens","Syens VD","Syens (VD)","Syens (VD)","Waadt","Vaud","Vaud","https://thumb.wikimedia.org/wikipedia/commons/thumb/e/e9/CHE_Syens_COA.svg/500px-CHE_Syens_COA.svg.png",25.851407874,FALSE,FALSE
22,5690,8.196721311,5,56,60.194174757,62,103,61,TRUE,"VD","Villars-le-Comte","Villars-le-Comte","Villars-le-Comte","Villars-le-Comte VD","Villars-le-Comte (VD)","Villars-le-Comte (VD)","Waadt","Vaud","Vaud","https://thumb.wikimedia.org/wikipedia/commons/thumb/d/d1/CHE_Villars-le-Comte_COA.svg/500px-CHE_Villars-le-Comte_COA.svg.png",25.851407874,FALSE,FALSE
22,5692,20,42,168,52.098765432,211,405,210,TRUE,"VD","Vucherens","Vucherens","Vucherens","Vucherens VD","Vucherens (VD)","Vucherens (VD)","Waadt","Vaud","Vaud","https://thumb.wikimedia.org/wikipedia/commons/thumb/3/31/CHE_Vucherens_COA.svg/500px-CHE_Vucherens_COA.svg.png",25.851407874,FALSE,FALSE
22,5693,19.716981132,209,851,56.112852665,1074,1914,1060,TRUE,"VD","Montanaire","Montanaire","Montanaire","Montanaire VD","Montanaire (VD)","Montanaire (VD)","Waadt","Vaud","Vaud","https://thumb.wikimedia.org/wikipedia/commons/thumb/9/9d/CHE_Montanaire_COA.svg/500px-CHE_Montanaire_COA.svg.png",25.851407874,FALSE,FALSE
22,5701,14.666666667,11,64,42.134831461,75,178,75,TRUE,"VD","Arnex-sur-Nyon","Arnex-sur-Nyon","Arnex-sur-Nyon","Arnex-sur-Nyon VD","Arnex-sur-Nyon (VD)","Arnex-sur-Nyon (VD)","Waadt","Vaud","Vaud","https://thumb.wikimedia.org/wikipedia/commons/thumb/3/30/CHE_Arnex-sur-Nyon_COA.svg/500px-CHE_Arnex-sur-Nyon_COA.svg.png",25.851407874,FALSE,FALSE
22,5702,24.849094567,247,747,59.005847953,1009,1710,994,TRUE,"VD","Arzier-Le Muids","Arzier-Le Muids","Arzier-Le Muids","Arzier-Le Muids VD","Arzier-Le Muids (VD)","Arzier-Le Muids (VD)","Waadt","Vaud","Vaud","https://thumb.wikimedia.org/wikipedia/commons/thumb/8/82/CHE_Arzier-Le_Muids_COA.svg/500px-CHE_Arzier-Le_Muids_COA.svg.png",25.851407874,FALSE,FALSE
22,5703,24.798387097,123,373,56.165919283,501,892,496,TRUE,"VD","Bassins","Bassins","Bassins","Bassins VD","Bassins (VD)","Bassins (VD)","Waadt","Vaud","Vaud","https://thumb.wikimedia.org/wikipedia/commons/thumb/c/c5/CHE_Bassins_COA.svg/500px-CHE_Bassins_COA.svg.png",25.851407874,FALSE,FALSE
22,5704,22.290076336,146,509,54.285714286,665,1225,655,TRUE,"VD","Begnins","Begnins","Begnins","Begnins VD","Begnins (VD)","Begnins (VD)","Waadt","Vaud","Vaud","https://thumb.wikimedia.org/wikipedia/commons/thumb/6/6a/CHE_Begnins_COA.svg/500px-CHE_Begnins_COA.svg.png",25.851407874,FALSE,FALSE
22,5705,20.618556701,60,231,58.669354839,291,496,291,TRUE,"VD","Bogis-Bossey","Bogis-Bossey","Bogis-Bossey","Bogis-Bossey VD","Bogis-Bossey (VD)","Bogis-Bossey (VD)","Waadt","Vaud","Vaud","https://thumb.wikimedia.org/wikipedia/commons/thumb/1/17/CHE_Bogis-Bossey_COA.svg/500px-CHE_Bogis-Bossey_COA.svg.png",25.851407874,FALSE,FALSE
22,5706,18.50117096,79,348,58.977900552,427,724,427,TRUE,"VD","Borex","Borex","Borex","Borex VD","Borex (VD)","Borex (VD)","Waadt","Vaud","Vaud","https://thumb.wikimedia.org/wikipedia/commons/thumb/5/54/CHE_Borex_COA.svg/500px-CHE_Borex_COA.svg.png",25.851407874,FALSE,FALSE
22,5707,18.873239437,67,288,43.525179856,363,834,355,TRUE,"VD","Chavannes-de-Bogis","Chavannes-de-Bogis","Chavannes-de-Bogis","Chavannes-de-Bogis VD","Chavannes-de-Bogis (VD)","Chavannes-de-Bogis (VD)","Waadt","Vaud","Vaud","https://thumb.wikimedia.org/wikipedia/commons/thumb/9/93/CHE_Chavannes-de-Bogis_COA.svg/500px-CHE_Chavannes-de-Bogis_COA.svg.png",25.851407874,FALSE,FALSE
22,5708,16.79389313,44,218,53.8,269,500,262,TRUE,"VD","Chavannes-des-Bois","Chavannes-des-Bois","Chavannes-des-Bois","Chavannes-des-Bois VD","Chavannes-des-Bois (VD)","Chavannes-des-Bois (VD)","Waadt","Vaud","Vaud","https://thumb.wikimedia.org/wikipedia/commons/thumb/5/50/CHE_Chavannes-des-Bois_COA.svg/500px-CHE_Chavannes-des-Bois_COA.svg.png",25.851407874,FALSE,FALSE
22,5709,23.111111111,104,346,57.982120051,454,783,450,TRUE,"VD","Chéserex","Chéserex","Chéserex","Chéserex VD","Chéserex (VD)","Chéserex (VD)","Waadt","Vaud","Vaud","https://thumb.wikimedia.org/wikipedia/commons/thumb/5/55/CHE_Ch%C3%A9serex_COA.svg/500px-CHE_Ch%C3%A9serex_COA.svg.png",25.851407874,FALSE,FALSE
22,5710,27.54491018,46,121,53.627760252,170,317,167,TRUE,"VD","Coinsins","Coinsins","Coinsins","Coinsins VD","Coinsins (VD)","Coinsins (VD)","Waadt","Vaud","Vaud","https://thumb.wikimedia.org/wikipedia/commons/thumb/7/73/CHE_Coinsins_COA.svg/500px-CHE_Coinsins_COA.svg.png",25.851407874,FALSE,FALSE
22,5711,20.207852194,175,691,59.379217274,880,1482,866,TRUE,"VD","Commugny","Commugny","Commugny","Commugny VD","Commugny (VD)","Commugny (VD)","Waadt","Vaud","Vaud","https://thumb.wikimedia.org/wikipedia/commons/thumb/0/01/CHE_Commugny_COA.svg/500px-CHE_Commugny_COA.svg.png",25.851407874,FALSE,FALSE
22,5712,22.150537634,206,724,57.324455206,947,1652,930,TRUE,"VD","Coppet","Coppet","Coppet","Coppet VD","Coppet (VD)","Coppet (VD)","Waadt","Vaud","Vaud","https://thumb.wikimedia.org/wikipedia/commons/thumb/8/81/CHE_Coppet_COA.svg/500px-CHE_Coppet_COA.svg.png",25.851407874,FALSE,FALSE
22,5713,18.028534371,139,632,57.06921944,775,1358,771,TRUE,"VD","Crans-près-Céligny","Crans-près-Céligny","Crans-près-Céligny","Crans-près-Céligny VD","Crans-près-Céligny (VD)","Crans-près-Céligny (VD)","Waadt","Vaud","Vaud","https://thumb.wikimedia.org/wikipedia/commons/thumb/9/98/CHE_Crans_VD_COA.svg/500px-CHE_Crans_VD_COA.svg.png",25.851407874,FALSE,FALSE
22,5714,21.014492754,87,327,55.263157895,420,760,414,TRUE,"VD","Crassier","Crassier","Crassier","Crassier VD","Crassier (VD)","Crassier (VD)","Waadt","Vaud","Vaud","https://thumb.wikimedia.org/wikipedia/commons/thumb/4/4f/CHE_Crassier_COA.svg/500px-CHE_Crassier_COA.svg.png",25.851407874,FALSE,FALSE
22,5715,17.166212534,63,304,54.046242775,374,692,367,TRUE,"VD","Duillier","Duillier","Duillier","Duillier VD","Duillier (VD)","Duillier (VD)","Waadt","Vaud","Vaud","https://thumb.wikimedia.org/wikipedia/commons/thumb/8/87/CHE_Duillier_COA.svg/500px-CHE_Duillier_COA.svg.png",25.851407874,FALSE,FALSE
22,5716,17.164179104,92,444,55.785123967,540,968,536,TRUE,"VD","Eysins","Eysins","Eysins","Eysins VD","Eysins (VD)","Eysins (VD)","Waadt","Vaud","Vaud","https://thumb.wikimedia.org/wikipedia/commons/thumb/b/bc/CHE_Eysins_COA.svg/500px-CHE_Eysins_COA.svg.png",25.851407874,FALSE,FALSE
22,5717,21.596724667,211,766,57.118254879,995,1742,977,TRUE,"VD","Founex","Founex","Founex","Founex VD","Founex (VD)","Founex (VD)","Waadt","Vaud","Vaud","https://thumb.wikimedia.org/wikipedia/commons/thumb/7/7b/CHE_Founex_COA.svg/500px-CHE_Founex_COA.svg.png",25.851407874,FALSE,FALSE
22,5718,20.058565154,137,546,58.481012658,693,1185,683,TRUE,"VD","Genolier","Genolier","Genolier","Genolier VD","Genolier (VD)","Genolier (VD)","Waadt","Vaud","Vaud","https://thumb.wikimedia.org/wikipedia/commons/thumb/4/42/CHE_Genolier_COA.svg/500px-CHE_Genolier_COA.svg.png",25.851407874,FALSE,FALSE
22,5719,19.438444924,90,373,60.279187817,475,788,463,TRUE,"VD","Gingins","Gingins","Gingins","Gingins VD","Gingins (VD)","Gingins (VD)","Waadt","Vaud","Vaud","https://thumb.wikimedia.org/wikipedia/commons/thumb/c/c1/CHE_Gingins_COA.svg/500px-CHE_Gingins_COA.svg.png",25.851407874,FALSE,FALSE
22,5720,21.361502347,91,335,61.843971631,436,705,426,TRUE,"VD","Givrins","Givrins","Givrins","Givrins VD","Givrins (VD)","Givrins (VD)","Waadt","Vaud","Vaud","https://thumb.wikimedia.org/wikipedia/commons/thumb/c/c1/CHE_Givrins_COA.svg/500px-CHE_Givrins_COA.svg.png",25.851407874,FALSE,FALSE
22,5721,24.238943136,844,2638,48.446019629,3554,7336,3482,TRUE,"VD","Gland","Gland","Gland","Gland VD","Gland (VD)","Gland (VD)","Waadt","Vaud","Vaud","https://thumb.wikimedia.org/wikipedia/commons/thumb/6/62/CHE_Gland_COA.svg/500px-CHE_Gland_COA.svg.png",25.851407874,FALSE,FALSE
22,5722,23.870967742,37,118,61.568627451,157,255,155,TRUE,"VD","Grens","Grens","Grens","Grens VD","Grens (VD)","Grens (VD)","Waadt","Vaud","Vaud","https://thumb.wikimedia.org/wikipedia/commons/thumb/d/d9/CHE_Grens_COA.svg/500px-CHE_Grens_COA.svg.png",25.851407874,FALSE,FALSE
22,5723,22.564102564,132,453,53.713768116,593,1104,585,TRUE,"VD","Mies","Mies","Mies","Mies VD","Mies (VD)","Mies (VD)","Waadt","Vaud","Vaud","https://thumb.wikimedia.org/wikipedia/commons/thumb/9/99/CHE_Mies_COA.svg/500px-CHE_Mies_COA.svg.png",25.851407874,FALSE,FALSE
22,5724,27.101449275,1496,4024,49.248120301,5633,11438,5520,TRUE,"VD","Nyon","Nyon","Nyon","Nyon VD","Nyon (VD)","Nyon (VD)","Waadt","Vaud","Vaud","https://thumb.wikimedia.org/wikipedia/commons/thumb/3/31/CHE_Nyon_COA.svg/500px-CHE_Nyon_COA.svg.png",25.851407874,FALSE,FALSE
22,5725,23.926812104,340,1081,59.074149939,1442,2441,1421,TRUE,"VD","Prangins","Prangins","Prangins","Prangins VD","Prangins (VD)","Prangins (VD)","Waadt","Vaud","Vaud","https://thumb.wikimedia.org/wikipedia/commons/thumb/e/e4/CHE_Prangins_COA.svg/500px-CHE_Prangins_COA.svg.png",25.851407874,FALSE,FALSE
22,5726,20.843091335,89,338,59.147180193,430,727,427,TRUE,"VD","La Rippe","La Rippe","La Rippe","La Rippe VD","La Rippe (VD)","La Rippe (VD)","Waadt","Vaud","Vaud","https://thumb.wikimedia.org/wikipedia/commons/thumb/9/92/CHE_La_Rippe_COA.svg/500px-CHE_La_Rippe_COA.svg.png",25.851407874,FALSE,FALSE
22,5727,30.037546934,240,559,48.454221165,815,1682,799,TRUE,"VD","Saint-Cergue","Saint-Cergue","Saint-Cergue","Saint-Cergue VD","Saint-Cergue (VD)","Saint-Cergue (VD)","Waadt","Vaud","Vaud","https://thumb.wikimedia.org/wikipedia/commons/thumb/b/bf/CHE_Saint-Cergue_COA.svg/500px-CHE_Saint-Cergue_COA.svg.png",25.851407874,FALSE,FALSE
22,5728,15.384615385,30,165,55.027932961,197,358,195,TRUE,"VD","Signy-Avenex","Signy-Avenex","Signy-Avenex","Signy-Avenex VD","Signy-Avenex (VD)","Signy-Avenex (VD)","Waadt","Vaud","Vaud","https://thumb.wikimedia.org/wikipedia/commons/thumb/d/db/CHE_Signy-Avenex_COA.svg/500px-CHE_Signy-Avenex_COA.svg.png",25.851407874,FALSE,FALSE
22,5729,22.101449275,122,430,59.10543131,555,939,552,TRUE,"VD","Tannay","Tannay","Tannay","Tannay VD","Tannay (VD)","Tannay (VD)","Waadt","Vaud","Vaud","https://thumb.wikimedia.org/wikipedia/commons/thumb/e/ea/CHE_Tannay_COA.svg/500px-CHE_Tannay_COA.svg.png",25.851407874,FALSE,FALSE
22,5730,23.603603604,131,424,62.458471761,564,903,555,TRUE,"VD","Trélex","Trélex","Trélex","Trélex VD","Trélex (VD)","Trélex (VD)","Waadt","Vaud","Vaud","https://thumb.wikimedia.org/wikipedia/commons/thumb/3/33/CHE_Tr%C3%A9lex_COA.svg/500px-CHE_Tr%C3%A9lex_COA.svg.png",25.851407874,FALSE,FALSE
22,5731,19.372693727,105,437,60.043907794,547,911,542,TRUE,"VD","Le Vaud","Le Vaud","Le Vaud","Le Vaud VD","Le Vaud (VD)","Le Vaud (VD)","Waadt","Vaud","Vaud","https://thumb.wikimedia.org/wikipedia/commons/thumb/1/15/CHE_Le_Vaud_COA.svg/500px-CHE_Le_Vaud_COA.svg.png",25.851407874,FALSE,FALSE
22,5732,19.047619048,64,272,52.887537994,348,658,336,TRUE,"VD","Vich","Vich","Vich","Vich VD","Vich (VD)","Vich (VD)","Waadt","Vaud","Vaud","https://thumb.wikimedia.org/wikipedia/commons/thumb/2/29/CHE_Vich_COA.svg/500px-CHE_Vich_COA.svg.png",25.851407874,FALSE,FALSE
22,5741,25.563909774,34,99,68.181818182,135,198,133,TRUE,"VD","L'Abergement","L'Abergement","L'Abergement","L'Abergement VD","L'Abergement (VD)","L'Abergement (VD)","Waadt","Vaud","Vaud","https://thumb.wikimedia.org/wikipedia/commons/thumb/2/20/CHE_L-Abergement_COA.svg/500px-CHE_L-Abergement_COA.svg.png",25.851407874,FALSE,FALSE
22,5742,18.253968254,23,103,54.506437768,127,233,126,TRUE,"VD","Agiez","Agiez","Agiez","Agiez VD","Agiez (VD)","Agiez (VD)","Waadt","Vaud","Vaud","https://thumb.wikimedia.org/wikipedia/commons/thumb/b/ba/CHE_Agiez_COA.svg/500px-CHE_Agiez_COA.svg.png",25.851407874,FALSE,FALSE
22,5743,24.409448819,62,192,54.60251046,261,478,254,TRUE,"VD","Arnex-sur-Orbe","Arnex-sur-Orbe","Arnex-sur-Orbe","Arnex-sur-Orbe VD","Arnex-sur-Orbe (VD)","Arnex-sur-Orbe (VD)","Waadt","Vaud","Vaud","https://thumb.wikimedia.org/wikipedia/commons/thumb/d/d3/CHE_Arnex-sur-Orbe_COA.svg/500px-CHE_Arnex-sur-Orbe_COA.svg.png",25.851407874,FALSE,FALSE
22,5744,22.43767313,81,280,50.415512465,364,722,361,TRUE,"VD","Ballaigues","Ballaigues","Ballaigues","Ballaigues VD","Ballaigues (VD)","Ballaigues (VD)","Waadt","Vaud","Vaud","https://thumb.wikimedia.org/wikipedia/commons/thumb/4/4d/CHE_Ballaigues_COA.svg/500px-CHE_Ballaigues_COA.svg.png",25.851407874,FALSE,FALSE
22,5745,26.356589147,102,285,50.777202073,392,772,387,TRUE,"VD","Baulmes","Baulmes","Baulmes","Baulmes VD","Baulmes (VD)","Baulmes (VD)","Waadt","Vaud","Vaud","https://thumb.wikimedia.org/wikipedia/commons/thumb/a/a7/CHE_Baulmes_COA.svg/500px-CHE_Baulmes_COA.svg.png",25.851407874,FALSE,FALSE
22,5746,17.272727273,57,273,41.907151819,334,797,330,TRUE,"VD","Bavois","Bavois","Bavois","Bavois VD","Bavois (VD)","Bavois (VD)","Waadt","Vaud","Vaud","https://thumb.wikimedia.org/wikipedia/commons/thumb/7/73/CHE_Bavois_COA.svg/500px-CHE_Bavois_COA.svg.png",25.851407874,FALSE,FALSE
22,5747,17.021276596,16,78,63.087248322,94,149,94,TRUE,"VD","Bofflens","Bofflens","Bofflens","Bofflens VD","Bofflens (VD)","Bofflens (VD)","Waadt","Vaud","Vaud","https://thumb.wikimedia.org/wikipedia/commons/thumb/3/3b/CHE_Bofflens_COA.svg/500px-CHE_Bofflens_COA.svg.png",25.851407874,FALSE,FALSE
22,5748,23.529411765,32,104,70.050761421,138,197,136,TRUE,"VD","Bretonnières","Bretonnières","Bretonnières","Bretonnières VD","Bretonnières (VD)","Bretonnières (VD)","Waadt","Vaud","Vaud","https://thumb.wikimedia.org/wikipedia/commons/thumb/2/2b/CHE_Bretonni%C3%A8res_COA.svg/500px-CHE_Bretonni%C3%A8res_COA.svg.png",25.851407874,FALSE,FALSE
22,5749,18.130311615,256,1156,46.432030998,1438,3097,1412,TRUE,"VD","Chavornay","Chavornay","Chavornay","Chavornay VD","Chavornay (VD)","Chavornay (VD)","Waadt","Vaud","Vaud","https://thumb.wikimedia.org/wikipedia/commons/thumb/f/f4/CHE_Chavornay_COA.svg/500px-CHE_Chavornay_COA.svg.png",25.851407874,FALSE,FALSE
22,5750,30.263157895,23,53,54.225352113,77,142,76,TRUE,"VD","Les Clées","Les Clées","Les Clées","Les Clées VD","Les Clées (VD)","Les Clées (VD)","Waadt","Vaud","Vaud","https://thumb.wikimedia.org/wikipedia/commons/thumb/9/99/CHE_Les_Cl%C3%A9es_COA.svg/500px-CHE_Les_Cl%C3%A9es_COA.svg.png",25.851407874,FALSE,FALSE
22,5752,24.074074074,39,123,57.586206897,167,290,162,TRUE,"VD","Croy","Croy","Croy","Croy VD","Croy (VD)","Croy (VD)","Waadt","Vaud","Vaud","https://thumb.wikimedia.org/wikipedia/commons/thumb/7/74/CHE_Croy_COA.svg/500px-CHE_Croy_COA.svg.png",25.851407874,FALSE,FALSE
22,5754,16.447368421,25,127,61.06870229,160,262,152,TRUE,"VD","Juriens","Juriens","Juriens","Juriens VD","Juriens (VD)","Juriens (VD)","Waadt","Vaud","Vaud","https://thumb.wikimedia.org/wikipedia/commons/thumb/1/1d/CHE_Juriens_COA.svg/500px-CHE_Juriens_COA.svg.png",25.851407874,FALSE,FALSE
22,5755,18.954248366,29,124,56.115107914,156,278,153,TRUE,"VD","Lignerolle","Lignerolle","Lignerolle","Lignerolle VD","Lignerolle (VD)","Lignerolle (VD)","Waadt","Vaud","Vaud","https://thumb.wikimedia.org/wikipedia/commons/thumb/7/78/CHE_Lignerolle_COA.svg/500px-CHE_Lignerolle_COA.svg.png",25.851407874,FALSE,FALSE
22,5756,16.304347826,30,154,56.96969697,188,330,184,TRUE,"VD","Montcherand","Montcherand","Montcherand","Montcherand VD","Montcherand (VD)","Montcherand (VD)","Waadt","Vaud","Vaud","https://thumb.wikimedia.org/wikipedia/commons/thumb/d/db/CHE_Montcherand_COA.svg/500px-CHE_Montcherand_COA.svg.png",25.851407874,FALSE,FALSE
22,5757,25.143843498,437,1301,42.654484251,1774,4159,1738,TRUE,"VD","Orbe","Orbe","Orbe","Orbe VD","Orbe (VD)","Orbe (VD)","Waadt","Vaud","Vaud","https://thumb.wikimedia.org/wikipedia/commons/thumb/6/65/CHE_Orbe_COA.svg/500px-CHE_Orbe_COA.svg.png",25.851407874,FALSE,FALSE
22,5758,28.723404255,27,67,65.734265734,94,143,94,TRUE,"VD","La Praz","La Praz","La Praz","La Praz VD","La Praz (VD)","La Praz (VD)","Waadt","Vaud","Vaud","https://thumb.wikimedia.org/wikipedia/commons/thumb/9/97/CHE_La_Praz_COA.svg/500px-CHE_La_Praz_COA.svg.png",25.851407874,FALSE,FALSE
22,5759,27.966101695,33,85,70.658682635,118,167,118,TRUE,"VD","Premier","Premier","Premier","Premier VD","Premier (VD)","Premier (VD)","Waadt","Vaud","Vaud","https://thumb.wikimedia.org/wikipedia/commons/thumb/4/47/CHE_Premier_COA.svg/500px-CHE_Premier_COA.svg.png",25.851407874,FALSE,FALSE
22,5760,17.24137931,35,168,56.130790191,206,367,203,TRUE,"VD","Rances","Rances","Rances","Rances VD","Rances (VD)","Rances (VD)","Waadt","Vaud","Vaud","https://thumb.wikimedia.org/wikipedia/commons/thumb/6/69/CHE_Rances_COA.svg/500px-CHE_Rances_COA.svg.png",25.851407874,FALSE,FALSE
22,5761,33.495145631,69,137,53.727506427,209,389,206,TRUE,"VD","Romainmôtier-Envy","Romainmôtier-Envy","Romainmôtier-Envy","Romainmôtier-Envy VD","Romainmôtier-Envy (VD)","Romainmôtier-Envy (VD)","Waadt","Vaud","Vaud","https://thumb.wikimedia.org/wikipedia/commons/thumb/6/62/CHE_Romainmotier-Envy_COA.svg/500px-CHE_Romainmotier-Envy_COA.svg.png",25.851407874,FALSE,FALSE
22,5762,12.5,8,56,59.090909091,65,110,64,TRUE,"VD","Sergey","Sergey","Sergey","Sergey VD","Sergey (VD)","Sergey (VD)","Waadt","Vaud","Vaud","https://thumb.wikimedia.org/wikipedia/commons/thumb/6/62/CHE_Sergey_COA.svg/500px-CHE_Sergey_COA.svg.png",25.851407874,FALSE,FALSE
22,5763,14.027149321,31,190,50.112866817,222,443,221,TRUE,"VD","Valeyres-sous-Rances","Valeyres-sous-Rances","Valeyres-sous-Rances","Valeyres-sous-Rances VD","Valeyres-sous-Rances (VD)","Valeyres-sous-Rances (VD)","Waadt","Vaud","Vaud","https://thumb.wikimedia.org/wikipedia/commons/thumb/f/ff/CHE_Valeyres-sous-Rances_COA.svg/500px-CHE_Valeyres-sous-Rances_COA.svg.png",25.851407874,FALSE,FALSE
22,5764,22.340425532,210,730,41.98943662,954,2272,940,TRUE,"VD","Vallorbe","Vallorbe","Vallorbe","Vallorbe VD","Vallorbe (VD)","Vallorbe (VD)","Waadt","Vaud","Vaud","https://thumb.wikimedia.org/wikipedia/commons/thumb/d/d8/CHE_Vallorbe_COA.svg/500px-CHE_Vallorbe_COA.svg.png",25.851407874,FALSE,FALSE
22,5765,21.761658031,42,151,57.101449275,197,345,193,TRUE,"VD","Vaulion","Vaulion","Vaulion","Vaulion VD","Vaulion (VD)","Vaulion (VD)","Waadt","Vaud","Vaud","https://thumb.wikimedia.org/wikipedia/commons/thumb/0/0c/CHE_Vaulion_COA.svg/500px-CHE_Vaulion_COA.svg.png",25.851407874,FALSE,FALSE
22,5766,23.255813953,40,132,43.969849246,175,398,172,TRUE,"VD","Vuiteboeuf","Vuiteboeuf","Vuiteboeuf","Vuiteboeuf VD","Vuiteboeuf (VD)","Vuiteboeuf (VD)","Waadt","Vaud","Vaud","https://thumb.wikimedia.org/wikipedia/commons/thumb/a/a5/CHE_Vuiteboeuf_COA.svg/500px-CHE_Vuiteboeuf_COA.svg.png",25.851407874,FALSE,FALSE
22,5785,16.577540107,31,156,57.798165138,189,327,187,TRUE,"VD","Corcelles-le-Jorat","Corcelles-le-Jorat","Corcelles-le-Jorat","Corcelles-le-Jorat VD","Corcelles-le-Jorat (VD)","Corcelles-le-Jorat (VD)","Waadt","Vaud","Vaud","https://thumb.wikimedia.org/wikipedia/commons/thumb/2/24/CHE_Corcelles-le-Jorat_COA.svg/500px-CHE_Corcelles-le-Jorat_COA.svg.png",25.851407874,FALSE,FALSE
22,5790,29.074889868,66,161,61.111111111,231,378,227,TRUE,"VD","Maracon","Maracon","Maracon","Maracon VD","Maracon (VD)","Maracon (VD)","Waadt","Vaud","Vaud","https://thumb.wikimedia.org/wikipedia/commons/thumb/1/10/CHE_Maracon_COA.svg/500px-CHE_Maracon_COA.svg.png",25.851407874,FALSE,FALSE
22,5792,25.991189427,59,168,55.528846154,231,416,227,TRUE,"VD","Montpreveyres","Montpreveyres","Montpreveyres","Montpreveyres VD","Montpreveyres (VD)","Montpreveyres (VD)","Waadt","Vaud","Vaud","https://thumb.wikimedia.org/wikipedia/commons/thumb/f/fd/CHE_Montpreveyres_COA.svg/500px-CHE_Montpreveyres_COA.svg.png",25.851407874,FALSE,FALSE
22,5798,22.891566265,38,128,53.144654088,169,318,166,TRUE,"VD","Ropraz","Ropraz","Ropraz","Ropraz VD","Ropraz (VD)","Ropraz (VD)","Waadt","Vaud","Vaud","https://thumb.wikimedia.org/wikipedia/commons/thumb/8/8d/CHE_Ropraz_COA.svg/500px-CHE_Ropraz_COA.svg.png",25.851407874,FALSE,FALSE
22,5799,23.803526448,189,605,55.593685655,810,1457,794,TRUE,"VD","Servion","Servion","Servion","Servion VD","Servion (VD)","Servion (VD)","Waadt","Vaud","Vaud","https://thumb.wikimedia.org/wikipedia/commons/thumb/d/d0/CHE_Servion_COA.svg/500px-CHE_Servion_COA.svg.png",25.851407874,FALSE,FALSE
22,5803,17.741935484,44,204,57.77262181,249,431,248,TRUE,"VD","Vulliens","Vulliens","Vulliens","Vulliens VD","Vulliens (VD)","Vulliens (VD)","Waadt","Vaud","Vaud","https://thumb.wikimedia.org/wikipedia/commons/thumb/f/f1/CHE_Vulliens_COA.svg/500px-CHE_Vulliens_COA.svg.png",25.851407874,FALSE,FALSE
22,5804,18.604651163,104,455,55.082284608,569,1033,559,TRUE,"VD","Jorat-Menthue","Jorat-Menthue","Jorat-Menthue","Jorat-Menthue VD","Jorat-Menthue (VD)","Jorat-Menthue (VD)","Waadt","Vaud","Vaud","https://thumb.wikimedia.org/wikipedia/commons/thumb/e/e0/CHE_Jorat-Menthue_COA.svg/500px-CHE_Jorat-Menthue_COA.svg.png",25.851407874,FALSE,FALSE
22,5805,24.280481423,464,1447,50.663544106,1947,3843,1911,TRUE,"VD","Oron","Oron","Oron","Oron VD","Oron (VD)","Oron (VD)","Waadt","Vaud","Vaud","https://thumb.wikimedia.org/wikipedia/commons/thumb/9/91/CHE_Oron_COA.svg/500px-CHE_Oron_COA.svg.png",25.851407874,FALSE,FALSE
22,5806,19.694244604,219,893,52.930232558,1138,2150,1112,TRUE,"VD","Jorat-Mézières","Jorat-Mézières","Jorat-Mézières","Jorat-Mézières VD","Jorat-Mézières (VD)","Jorat-Mézières (VD)","Waadt","Vaud","Vaud","https://thumb.wikimedia.org/wikipedia/commons/thumb/8/8a/CHE_Jorat-M%C3%A9zi%C3%A8res_COA.svg/500px-CHE_Jorat-M%C3%A9zi%C3%A8res_COA.svg.png",25.851407874,FALSE,FALSE
22,5812,18.918918919,14,60,59.2,74,125,74,TRUE,"VD","Champtauroz","Champtauroz","Champtauroz","Champtauroz VD","Champtauroz (VD)","Champtauroz (VD)","Waadt","Vaud","Vaud","https://thumb.wikimedia.org/wikipedia/commons/thumb/b/bf/CHE_Champtauroz_COA.svg/500px-CHE_Champtauroz_COA.svg.png",25.851407874,FALSE,FALSE
22,5813,22.674418605,39,133,51.775147929,175,338,172,TRUE,"VD","Chevroux","Chevroux","Chevroux","Chevroux VD","Chevroux (VD)","Chevroux (VD)","Waadt","Vaud","Vaud","https://thumb.wikimedia.org/wikipedia/commons/thumb/0/0d/CHE_Chevroux_COA.svg/500px-CHE_Chevroux_COA.svg.png",25.851407874,FALSE,FALSE
22,5816,14.509246088,102,601,45.012626263,713,1584,703,TRUE,"VD","Corcelles-près-Payerne","Corcelles-près-Payerne","Corcelles-près-Payerne","Corcelles-près-Payerne VD","Corcelles-près-Payerne (VD)","Corcelles-près-Payerne (VD)","Waadt","Vaud","Vaud","https://thumb.wikimedia.org/wikipedia/commons/thumb/4/40/CHE_Corcelles-pr%C3%A8s-Payerne_COA.svg/500px-CHE_Corcelles-pr%C3%A8s-Payerne_COA.svg.png",25.851407874,FALSE,FALSE
22,5817,12.027491409,35,256,42.180774749,294,697,291,TRUE,"VD","Grandcour","Grandcour","Grandcour","Grandcour VD","Grandcour (VD)","Grandcour (VD)","Waadt","Vaud","Vaud","https://thumb.wikimedia.org/wikipedia/commons/thumb/f/f8/CHE_Grandcour_COA.svg/500px-CHE_Grandcour_COA.svg.png",25.851407874,FALSE,FALSE
22,5819,23.529411765,24,78,38.576779026,103,267,102,TRUE,"VD","Henniez","Henniez","Henniez","Henniez VD","Henniez (VD)","Henniez (VD)","Waadt","Vaud","Vaud","https://thumb.wikimedia.org/wikipedia/commons/thumb/7/7b/CHE_Henniez_COA.svg/500px-CHE_Henniez_COA.svg.png",25.851407874,FALSE,FALSE
22,5821,26.896551724,39,106,62.288135593,147,236,145,TRUE,"VD","Missy","Missy","Missy","Missy VD","Missy (VD)","Missy (VD)","Waadt","Vaud","Vaud","https://thumb.wikimedia.org/wikipedia/commons/thumb/e/ef/CHE_Missy_COA.svg/500px-CHE_Missy_COA.svg.png",25.851407874,FALSE,FALSE
22,5822,17.566885411,348,1633,41.376468164,2008,4853,1981,TRUE,"VD","Payerne","Payerne","Payerne","Payerne VD","Payerne (VD)","Payerne (VD)","Waadt","Vaud","Vaud","https://thumb.wikimedia.org/wikipedia/commons/thumb/1/1b/CHE_Payerne_VD_COA.svg/500px-CHE_Payerne_VD_COA.svg.png",25.851407874,FALSE,FALSE
22,5827,9.900990099,10,91,51.243781095,103,201,101,TRUE,"VD","Trey","Trey","Trey","Trey VD","Trey (VD)","Trey (VD)","Waadt","Vaud","Vaud","https://thumb.wikimedia.org/wikipedia/commons/thumb/d/df/CHE_Trey_COA.svg/500px-CHE_Trey_COA.svg.png",25.851407874,FALSE,FALSE
22,5828,12.727272727,7,48,67.901234568,55,81,55,TRUE,"VD","Treytorrens (Payerne)","Treytorrens (Payerne)","Treytorrens (Payerne)","Treytorrens (Payerne) VD","Treytorrens (Payerne) (VD)","Treytorrens (Payerne) (VD)","Waadt","Vaud","Vaud","https://thumb.wikimedia.org/wikipedia/commons/thumb/9/97/CHE_Treytorrens_COA.svg/500px-CHE_Treytorrens_COA.svg.png",25.851407874,FALSE,FALSE
22,5830,21.511627907,37,135,56.026058632,172,307,172,TRUE,"VD","Villarzel","Villarzel","Villarzel","Villarzel VD","Villarzel (VD)","Villarzel (VD)","Waadt","Vaud","Vaud","https://thumb.wikimedia.org/wikipedia/commons/thumb/7/7b/CHE_Villarzel_COA.svg/500px-CHE_Villarzel_COA.svg.png",25.851407874,FALSE,FALSE
22,5831,17.28515625,177,847,42.25924421,1040,2461,1024,TRUE,"VD","Valbroye","Valbroye","Valbroye","Valbroye VD","Valbroye (VD)","Valbroye (VD)","Waadt","Vaud","Vaud","https://thumb.wikimedia.org/wikipedia/commons/thumb/1/11/CHE_Valbroye_COA.svg/500px-CHE_Valbroye_COA.svg.png",25.851407874,FALSE,FALSE
22,5841,14.871794872,145,830,48.101265823,988,2054,975,TRUE,"VD","Château-d'Oex","Château-d'Oex","Château-d'Oex","Château-d'Oex VD","Château-d'Oex (VD)","Château-d'Oex (VD)","Waadt","Vaud","Vaud","https://thumb.wikimedia.org/wikipedia/commons/thumb/b/b4/CHE_Ch%C3%A2teau_d%E2%80%99Oex_COA.svg/500px-CHE_Ch%C3%A2teau_d%E2%80%99Oex_COA.svg.png",25.851407874,FALSE,FALSE
22,5842,13.333333333,22,143,50.755287009,168,331,165,TRUE,"VD","Rossinière","Rossinière","Rossinière","Rossinière VD","Rossinière (VD)","Rossinière (VD)","Waadt","Vaud","Vaud","https://thumb.wikimedia.org/wikipedia/commons/thumb/a/a9/CHE_Rossini%C3%A8re_COA.svg/500px-CHE_Rossini%C3%A8re_COA.svg.png",25.851407874,FALSE,FALSE
22,5843,16.161616162,32,166,45.205479452,198,438,198,TRUE,"VD","Rougemont","Rougemont","Rougemont","Rougemont VD","Rougemont (VD)","Rougemont (VD)","Waadt","Vaud","Vaud","https://thumb.wikimedia.org/wikipedia/commons/thumb/0/0c/CHE_Rougemont_COA.svg/500px-CHE_Rougemont_COA.svg.png",25.851407874,FALSE,FALSE
22,5851,21.678321678,31,112,59.016393443,144,244,143,TRUE,"VD","Allaman","Allaman","Allaman","Allaman VD","Allaman (VD)","Allaman (VD)","Waadt","Vaud","Vaud","https://thumb.wikimedia.org/wikipedia/commons/thumb/e/e1/CHE_Allaman_COA.svg/500px-CHE_Allaman_COA.svg.png",25.851407874,FALSE,FALSE
22,5852,19.018404908,31,132,52.063492063,164,315,163,TRUE,"VD","Bursinel","Bursinel","Bursinel","Bursinel VD","Bursinel (VD)","Bursinel (VD)","Waadt","Vaud","Vaud","https://thumb.wikimedia.org/wikipedia/commons/thumb/6/6b/CHE_Bursinel_COA.svg/500px-CHE_Bursinel_COA.svg.png",25.851407874,FALSE,FALSE
22,5853,18.421052632,49,217,54.989816701,270,491,266,TRUE,"VD","Bursins","Bursins","Bursins","Bursins VD","Bursins (VD)","Bursins (VD)","Waadt","Vaud","Vaud","https://thumb.wikimedia.org/wikipedia/commons/thumb/f/fa/CHE_Bursins_COA.svg/500px-CHE_Bursins_COA.svg.png",25.851407874,FALSE,FALSE
22,5854,21.333333333,32,118,60.392156863,154,255,150,TRUE,"VD","Burtigny","Burtigny","Burtigny","Burtigny VD","Burtigny (VD)","Burtigny (VD)","Waadt","Vaud","Vaud","https://thumb.wikimedia.org/wikipedia/commons/thumb/7/73/CHE_Burtigny_COA.svg/500px-CHE_Burtigny_COA.svg.png",25.851407874,FALSE,FALSE
22,5855,28.502415459,59,148,57.575757576,209,363,207,TRUE,"VD","Dully","Dully","Dully","Dully VD","Dully (VD)","Dully (VD)","Waadt","Vaud","Vaud","https://thumb.wikimedia.org/wikipedia/commons/thumb/d/dd/CHE_Dully_COA.svg/500px-CHE_Dully_COA.svg.png",25.851407874,FALSE,FALSE
22,5856,22.097378277,59,208,60.402684564,270,447,267,TRUE,"VD","Essertines-sur-Rolle","Essertines-sur-Rolle","Essertines-sur-Rolle","Essertines-sur-Rolle VD","Essertines-sur-Rolle (VD)","Essertines-sur-Rolle (VD)","Waadt","Vaud","Vaud","https://thumb.wikimedia.org/wikipedia/commons/thumb/b/b0/CHE_Essertines-sur-Rolle_COA.svg/500px-CHE_Essertines-sur-Rolle_COA.svg.png",25.851407874,FALSE,FALSE
22,5857,16.182572614,78,404,57.497048406,487,847,482,TRUE,"VD","Gilly","Gilly","Gilly","Gilly VD","Gilly (VD)","Gilly (VD)","Waadt","Vaud","Vaud","https://thumb.wikimedia.org/wikipedia/commons/thumb/2/25/CHE_Gilly_COA.svg/500px-CHE_Gilly_COA.svg.png",25.851407874,FALSE,FALSE
22,5858,13.440860215,25,161,55.685131195,191,343,186,TRUE,"VD","Luins","Luins","Luins","Luins VD","Luins (VD)","Luins (VD)","Waadt","Vaud","Vaud","https://thumb.wikimedia.org/wikipedia/commons/thumb/5/54/CHE_Luins_COA.svg/500px-CHE_Luins_COA.svg.png",25.851407874,FALSE,FALSE
22,5859,23.284313725,190,626,51.076923077,830,1625,816,TRUE,"VD","Mont-sur-Rolle","Mont-sur-Rolle","Mont-sur-Rolle","Mont-sur-Rolle VD","Mont-sur-Rolle (VD)","Mont-sur-Rolle (VD)","Waadt","Vaud","Vaud","https://thumb.wikimedia.org/wikipedia/commons/thumb/c/cd/CHE_Mont-sur-Rolle_COA.svg/500px-CHE_Mont-sur-Rolle_COA.svg.png",25.851407874,FALSE,FALSE
22,5860,18.975332068,100,427,58.71459695,539,918,527,TRUE,"VD","Perroy","Perroy","Perroy","Perroy VD","Perroy (VD)","Perroy (VD)","Waadt","Vaud","Vaud","https://thumb.wikimedia.org/wikipedia/commons/thumb/f/f2/CHE_Perroy_COA.svg/500px-CHE_Perroy_COA.svg.png",25.851407874,FALSE,FALSE
22,5861,24.718397997,395,1203,51.097867001,1629,3188,1598,TRUE,"VD","Rolle","Rolle","Rolle","Rolle VD","Rolle (VD)","Rolle (VD)","Waadt","Vaud","Vaud","https://thumb.wikimedia.org/wikipedia/commons/thumb/b/be/CHE_Rolle_COA.svg/500px-CHE_Rolle_COA.svg.png",25.851407874,FALSE,FALSE
22,5862,8,6,69,58.139534884,75,129,75,TRUE,"VD","Tartegnin","Tartegnin","Tartegnin","Tartegnin VD","Tartegnin (VD)","Tartegnin (VD)","Waadt","Vaud","Vaud","https://thumb.wikimedia.org/wikipedia/commons/thumb/4/40/CHE_Tartegnin_COA.svg/500px-CHE_Tartegnin_COA.svg.png",25.851407874,FALSE,FALSE
22,5863,14.788732394,21,121,60.337552743,143,237,142,TRUE,"VD","Vinzel","Vinzel","Vinzel","Vinzel VD","Vinzel (VD)","Vinzel (VD)","Waadt","Vaud","Vaud","https://thumb.wikimedia.org/wikipedia/commons/thumb/2/28/CHE_Vinzel_COA.svg/500px-CHE_Vinzel_COA.svg.png",25.851407874,FALSE,FALSE
22,5871,24.745269287,170,517,67.727272727,745,1100,687,TRUE,"VD","L'Abbaye","L'Abbaye","L'Abbaye","L'Abbaye VD","L'Abbaye (VD)","L'Abbaye (VD)","Waadt","Vaud","Vaud","https://thumb.wikimedia.org/wikipedia/commons/thumb/3/34/CHE_L%E2%80%99Abbaye_COA.svg/500px-CHE_L%E2%80%99Abbaye_COA.svg.png",25.851407874,FALSE,FALSE
22,5872,23.1678487,392,1300,61.984352774,1743,2812,1692,TRUE,"VD","Le Chenit","Le Chenit","Le Chenit","Le Chenit VD","Le Chenit (VD)","Le Chenit (VD)","Waadt","Vaud","Vaud","https://thumb.wikimedia.org/wikipedia/commons/thumb/3/33/CHE_Le_Chenit_COA.svg/500px-CHE_Le_Chenit_COA.svg.png",25.851407874,FALSE,FALSE
22,5873,29.496402878,123,294,61.739130435,426,690,417,TRUE,"VD","Le Lieu","Le Lieu","Le Lieu","Le Lieu VD","Le Lieu (VD)","Le Lieu (VD)","Waadt","Vaud","Vaud","https://thumb.wikimedia.org/wikipedia/commons/thumb/3/38/CHE_Le_Lieu_COA.svg/500px-CHE_Le_Lieu_COA.svg.png",25.851407874,FALSE,FALSE
22,5882,25.755033557,307,885,56.523765144,1213,2146,1192,TRUE,"VD","Chardonne","Chardonne","Chardonne","Chardonne VD","Chardonne (VD)","Chardonne (VD)","Waadt","Vaud","Vaud","https://thumb.wikimedia.org/wikipedia/commons/thumb/1/1b/CHE_Chardonne_COA.svg/500px-CHE_Chardonne_COA.svg.png",25.851407874,FALSE,FALSE
22,5883,23.258559622,197,650,59.725085911,869,1455,847,TRUE,"VD","Corseaux","Corseaux","Corseaux","Corseaux VD","Corseaux (VD)","Corseaux (VD)","Waadt","Vaud","Vaud","https://thumb.wikimedia.org/wikipedia/commons/thumb/e/e9/CHE_Corseaux_COA.svg/500px-CHE_Corseaux_COA.svg.png",25.851407874,FALSE,FALSE
22,5884,28.282828283,280,710,52.270381837,1013,1938,990,TRUE,"VD","Corsier-sur-Vevey","Corsier-sur-Vevey","Corsier-sur-Vevey","Corsier-sur-Vevey VD","Corsier-sur-Vevey (VD)","Corsier-sur-Vevey (VD)","Waadt","Vaud","Vaud","https://thumb.wikimedia.org/wikipedia/commons/thumb/2/23/CHE_Corsier-sur-Vevey_COA.svg/500px-CHE_Corsier-sur-Vevey_COA.svg.png",25.851407874,FALSE,FALSE
22,5885,22.99382716,149,499,58.325912734,655,1123,648,TRUE,"VD","Jongny","Jongny","Jongny","Jongny VD","Jongny (VD)","Jongny (VD)","Waadt","Vaud","Vaud","https://thumb.wikimedia.org/wikipedia/commons/thumb/a/a8/CHE_Jongny_COA.svg/500px-CHE_Jongny_COA.svg.png",25.851407874,FALSE,FALSE
22,5886,27.266121708,1501,4004,45.383183621,5608,12357,5505,TRUE,"VD","Montreux","Montreux","Montreux","Montreux VD","Montreux (VD)","Montreux (VD)","Waadt","Vaud","Vaud","https://thumb.wikimedia.org/wikipedia/commons/thumb/7/77/CHE_Montreux_COA.svg/500px-CHE_Montreux_COA.svg.png",25.851407874,FALSE,FALSE
22,5889,27.820710974,1080,2802,52.481800132,3965,7555,3882,TRUE,"VD","La Tour-de-Peilz","La Tour-de-Peilz","La Tour-de-Peilz","La Tour-de-Peilz VD","La Tour-de-Peilz (VD)","La Tour-de-Peilz (VD)","Waadt","Vaud","Vaud","https://thumb.wikimedia.org/wikipedia/commons/thumb/0/05/CHE_La_Tour-de-Peilz_COA.svg/500px-CHE_La_Tour-de-Peilz_COA.svg.png",25.851407874,FALSE,FALSE
22,5890,37.941449814,1633,2671,44.16816457,4423,10014,4304,TRUE,"VD","Vevey","Vevey","Vevey","Vevey VD","Vevey (VD)","Vevey (VD)","Waadt","Vaud","Vaud","https://thumb.wikimedia.org/wikipedia/commons/thumb/5/59/CHE_Vevey_COA.svg/500px-CHE_Vevey_COA.svg.png",25.851407874,FALSE,FALSE
22,5891,21.186440678,50,186,45.961538462,239,520,236,TRUE,"VD","Veytaux","Veytaux","Veytaux","Veytaux VD","Veytaux (VD)","Veytaux (VD)","Waadt","Vaud","Vaud","https://thumb.wikimedia.org/wikipedia/commons/thumb/6/62/CHE_Veytaux_COA.svg/500px-CHE_Veytaux_COA.svg.png",25.851407874,FALSE,FALSE
22,5892,22.456946039,978,3377,56.479591837,4428,7840,4355,TRUE,"VD","Blonay-Saint-Légier","Blonay-Saint-Légier","Blonay-Saint-Légier","Blonay-Saint-Légier VD","Blonay-Saint-Légier (VD)","Blonay-Saint-Légier (((VD)))","Waadt","Vaud","Vaud","https://thumb.wikimedia.org/wikipedia/commons/thumb/b/b4/CHE_Blonay-Saint-L%C3%A9gier_COA.svg/500px-CHE_Blonay-Saint-L%C3%A9gier_COA.svg.png",25.851407874,FALSE,FALSE
22,5902,19.672131148,36,147,60.197368421,183,304,183,TRUE,"VD","Belmont-sur-Yverdon","Belmont-sur-Yverdon","Belmont-sur-Yverdon","Belmont-sur-Yverdon VD","Belmont-sur-Yverdon (VD)","Belmont-sur-Yverdon (VD)","Waadt","Vaud","Vaud","https://thumb.wikimedia.org/wikipedia/commons/thumb/8/88/CHE_Belmont-sur-Yverdon_COA.svg/500px-CHE_Belmont-sur-Yverdon_COA.svg.png",25.851407874,FALSE,FALSE
22,5903,21.31147541,26,96,61.92893401,122,197,122,TRUE,"VD","Bioley-Magnoux","Bioley-Magnoux","Bioley-Magnoux","Bioley-Magnoux VD","Bioley-Magnoux (VD)","Bioley-Magnoux (VD)","Waadt","Vaud","Vaud","https://thumb.wikimedia.org/wikipedia/commons/thumb/e/e8/CHE_Bioley-Magnoux_COA.svg/500px-CHE_Bioley-Magnoux_COA.svg.png",25.851407874,FALSE,FALSE
22,5904,15.238095238,32,178,53.25,213,400,210,TRUE,"VD","Chamblon","Chamblon","Chamblon","Chamblon VD","Chamblon (VD)","Chamblon (VD)","Waadt","Vaud","Vaud","https://thumb.wikimedia.org/wikipedia/commons/thumb/5/54/CHE_Chamblon_COA.svg/500px-CHE_Chamblon_COA.svg.png",25.851407874,FALSE,FALSE
22,5905,17.716535433,45,209,56.666666667,255,450,254,TRUE,"VD","Champvent","Champvent","Champvent","Champvent VD","Champvent (VD)","Champvent (VD)","Waadt","Vaud","Vaud","https://thumb.wikimedia.org/wikipedia/commons/thumb/c/ca/CHE_Champvent_COA.svg/500px-CHE_Champvent_COA.svg.png",25.851407874,FALSE,FALSE
22,5907,10.185185185,11,97,46.581196581,109,234,108,TRUE,"VD","Chavannes-le-Chêne","Chavannes-le-Chêne","Chavannes-le-Chêne","Chavannes-le-Chêne VD","Chavannes-le-Chêne (VD)","Chavannes-le-Chêne (VD)","Waadt","Vaud","Vaud","https://thumb.wikimedia.org/wikipedia/commons/thumb/5/53/CHE_Chavannes-le-Ch%C3%AAne_COA.svg/500px-CHE_Chavannes-le-Ch%C3%AAne_COA.svg.png",25.851407874,FALSE,FALSE
22,5908,14.0625,9,55,59.633027523,65,109,64,TRUE,"VD","Chêne-Pâquier","Chêne-Pâquier","Chêne-Pâquier","Chêne-Pâquier VD","Chêne-Pâquier (VD)","Chêne-Pâquier (VD)","Waadt","Vaud","Vaud","https://thumb.wikimedia.org/wikipedia/commons/thumb/e/e3/CHE_Ch%C3%AAne-P%C3%A2quier_COA.svg/500px-CHE_Ch%C3%AAne-P%C3%A2quier_COA.svg.png",25.851407874,FALSE,FALSE
22,5909,20,59,236,58.185404339,295,507,295,TRUE,"VD","Cheseaux-Noréaz","Cheseaux-Noréaz","Cheseaux-Noréaz","Cheseaux-Noréaz VD","Cheseaux-Noréaz (VD)","Cheseaux-Noréaz (VD)","Waadt","Vaud","Vaud","https://thumb.wikimedia.org/wikipedia/commons/thumb/5/54/CHE_Cheseaux-Nor%C3%A9az_COA.svg/500px-CHE_Cheseaux-Nor%C3%A9az_COA.svg.png",25.851407874,FALSE,FALSE
22,5910,18.041237113,35,159,61.904761905,195,315,194,TRUE,"VD","Cronay","Cronay","Cronay","Cronay VD","Cronay (VD)","Cronay (VD)","Waadt","Vaud","Vaud","https://thumb.wikimedia.org/wikipedia/commons/thumb/c/ce/CHE_Cronay_COA.svg/500px-CHE_Cronay_COA.svg.png",25.851407874,FALSE,FALSE
22,5911,17.117117117,19,92,66.666666667,112,168,111,TRUE,"VD","Cuarny","Cuarny","Cuarny","Cuarny VD","Cuarny (VD)","Cuarny (VD)","Waadt","Vaud","Vaud","https://thumb.wikimedia.org/wikipedia/commons/thumb/0/05/CHE_Cuarny_COA.svg/500px-CHE_Cuarny_COA.svg.png",25.851407874,FALSE,FALSE
22,5912,12.820512821,10,68,62.992125984,80,127,78,TRUE,"VD","Démoret","Démoret","Démoret","Démoret VD","Démoret (VD)","Démoret (VD)","Waadt","Vaud","Vaud","https://thumb.wikimedia.org/wikipedia/commons/thumb/e/e6/CHE_D%C3%A9moret_COA.svg/500px-CHE_D%C3%A9moret_COA.svg.png",25.851407874,FALSE,FALSE
22,5913,18.584070796,63,276,58.432708688,343,587,339,TRUE,"VD","Donneloye","Donneloye","Donneloye","Donneloye VD","Donneloye (VD)","Donneloye (VD)","Waadt","Vaud","Vaud","https://thumb.wikimedia.org/wikipedia/commons/thumb/2/2c/CHE_Donneloye_COA.svg/500px-CHE_Donneloye_COA.svg.png",25.851407874,FALSE,FALSE
22,5914,16.428571429,23,117,57.959183673,142,245,140,TRUE,"VD","Ependes VD","Ependes (VD)","Ependes VD","Ependes VD","Ependes (VD)","Ependes (VD)","Waadt","Vaud","Vaud","https://thumb.wikimedia.org/wikipedia/commons/thumb/7/7d/CHE_Ependes_COA.svg/500px-CHE_Ependes_COA.svg.png",25.851407874,FALSE,FALSE
22,5919,21.897810219,60,214,54.851485149,277,505,274,TRUE,"VD","Mathod","Mathod","Mathod","Mathod VD","Mathod (VD)","Mathod (VD)","Waadt","Vaud","Vaud","https://thumb.wikimedia.org/wikipedia/commons/thumb/8/8d/CHE_Mathod_COA.svg/500px-CHE_Mathod_COA.svg.png",25.851407874,FALSE,FALSE
22,5921,19.587628866,19,78,59.064327485,101,171,97,TRUE,"VD","Molondin","Molondin","Molondin","Molondin VD","Molondin (VD)","Molondin (VD)","Waadt","Vaud","Vaud","https://thumb.wikimedia.org/wikipedia/commons/thumb/e/e7/CHE_Molondin_COA.svg/500px-CHE_Molondin_COA.svg.png",25.851407874,FALSE,FALSE
22,5922,22.709163347,57,194,42.096505824,253,601,251,TRUE,"VD","Montagny-près-Yverdon","Montagny-près-Yverdon","Montagny-près-Yverdon","Montagny-près-Yverdon VD","Montagny-près-Yverdon (VD)","Montagny-près-Yverdon (VD)","Waadt","Vaud","Vaud","https://thumb.wikimedia.org/wikipedia/commons/thumb/6/63/CHE_Montagny-pr%C3%A8s-Yverdon_COA.svg/500px-CHE_Montagny-pr%C3%A8s-Yverdon_COA.svg.png",25.851407874,FALSE,FALSE
22,5923,36.708860759,29,50,62.698412698,79,126,79,TRUE,"VD","Oppens","Oppens","Oppens","Oppens VD","Oppens (VD)","Oppens (VD)","Waadt","Vaud","Vaud","https://thumb.wikimedia.org/wikipedia/commons/thumb/9/9a/CHE_Oppens_COA.svg/500px-CHE_Oppens_COA.svg.png",25.851407874,FALSE,FALSE
22,5924,22.058823529,30,106,48.581560284,137,282,136,TRUE,"VD","Orges","Orges","Orges","Orges VD","Orges (VD)","Orges (VD)","Waadt","Vaud","Vaud","https://thumb.wikimedia.org/wikipedia/commons/thumb/7/75/CHE_Orges_COA.svg/500px-CHE_Orges_COA.svg.png",25.851407874,FALSE,FALSE
22,5925,18,18,82,63.522012579,101,159,100,TRUE,"VD","Orzens","Orzens","Orzens","Orzens VD","Orzens (VD)","Orzens (VD)","Waadt","Vaud","Vaud","https://thumb.wikimedia.org/wikipedia/commons/thumb/a/a2/CHE_Orzens_COA.svg/500px-CHE_Orzens_COA.svg.png",25.851407874,FALSE,FALSE
22,5926,18.098159509,59,267,53.583061889,329,614,326,TRUE,"VD","Pomy","Pomy","Pomy","Pomy VD","Pomy (VD)","Pomy (VD)","Waadt","Vaud","Vaud","https://thumb.wikimedia.org/wikipedia/commons/thumb/7/79/CHE_Pomy_COA.svg/500px-CHE_Pomy_COA.svg.png",25.851407874,FALSE,FALSE
22,5928,15.68627451,16,86,77.443609023,103,133,102,TRUE,"VD","Rovray","Rovray","Rovray","Rovray VD","Rovray (VD)","Rovray (VD)","Waadt","Vaud","Vaud","https://thumb.wikimedia.org/wikipedia/commons/thumb/3/30/CHE_Rovray_COA.svg/500px-CHE_Rovray_COA.svg.png",25.851407874,FALSE,FALSE
22,5929,15.283842795,35,194,54.952830189,233,424,229,TRUE,"VD","Suchy","Suchy","Suchy","Suchy VD","Suchy (VD)","Suchy (VD)","Waadt","Vaud","Vaud","https://thumb.wikimedia.org/wikipedia/commons/thumb/e/ea/CHE_Suchy_COA.svg/500px-CHE_Suchy_COA.svg.png",25.851407874,FALSE,FALSE
22,5930,12.612612613,14,97,64.161849711,111,173,111,TRUE,"VD","Suscévaz","Suscévaz","Suscévaz","Suscévaz VD","Suscévaz (VD)","Suscévaz (VD)","Waadt","Vaud","Vaud","https://thumb.wikimedia.org/wikipedia/commons/thumb/0/0e/CHE_Susc%C3%A9vaz_COA.svg/500px-CHE_Susc%C3%A9vaz_COA.svg.png",25.851407874,FALSE,FALSE
22,5931,20.588235294,35,135,53.03030303,175,330,170,TRUE,"VD","Treycovagnes","Treycovagnes","Treycovagnes","Treycovagnes VD","Treycovagnes (VD)","Treycovagnes (VD)","Waadt","Vaud","Vaud","https://thumb.wikimedia.org/wikipedia/commons/thumb/7/72/CHE_Treycovagnes_COA.svg/500px-CHE_Treycovagnes_COA.svg.png",25.851407874,FALSE,FALSE
22,5932,29.591836735,29,69,64.473684211,98,152,98,TRUE,"VD","Ursins","Ursins","Ursins","Ursins VD","Ursins (VD)","Ursins (VD)","Waadt","Vaud","Vaud","https://thumb.wikimedia.org/wikipedia/commons/thumb/5/50/CHE_Ursins_COA.svg/500px-CHE_Ursins_COA.svg.png",25.851407874,FALSE,FALSE
22,5933,15.139442231,38,213,53.699788584,254,473,251,TRUE,"VD","Valeyres-sous-Montagny","Valeyres-sous-Montagny","Valeyres-sous-Montagny","Valeyres-sous-Montagny VD","Valeyres-sous-Montagny (VD)","Valeyres-sous-Montagny (VD)","Waadt","Vaud","Vaud","https://thumb.wikimedia.org/wikipedia/commons/thumb/0/00/CHE_Valeyres-sous-Montagny_COA.svg/500px-CHE_Valeyres-sous-Montagny_COA.svg.png",25.851407874,FALSE,FALSE
22,5934,22.480620155,29,100,73.480662983,133,181,129,TRUE,"VD","Valeyres-sous-Ursins","Valeyres-sous-Ursins","Valeyres-sous-Ursins","Valeyres-sous-Ursins VD","Valeyres-sous-Ursins (VD)","Valeyres-sous-Ursins (VD)","Waadt","Vaud","Vaud","https://thumb.wikimedia.org/wikipedia/commons/thumb/6/62/CHE_Valeyres-sous-Ursins_COA.svg/500px-CHE_Valeyres-sous-Ursins_COA.svg.png",25.851407874,FALSE,FALSE
22,5935,15.217391304,7,39,100,47,47,46,TRUE,"VD","Villars-Epeney","Villars-Epeney","Villars-Epeney","Villars-Epeney VD","Villars-Epeney (VD)","Villars-Epeney (VD)","Waadt","Vaud","Vaud","https://thumb.wikimedia.org/wikipedia/commons/thumb/e/e5/CHE_Villars-Epeney_COA.svg/500px-CHE_Villars-Epeney_COA.svg.png",25.851407874,FALSE,FALSE
22,5937,10.909090909,6,49,57.575757576,57,99,55,TRUE,"VD","Vugelles-La Mothe","Vugelles-La Mothe","Vugelles-La Mothe","Vugelles-La Mothe VD","Vugelles-La Mothe (VD)","Vugelles-La Mothe (VD)","Waadt","Vaud","Vaud","https://thumb.wikimedia.org/wikipedia/commons/thumb/3/38/CHE_Vugelles-La_Mothe_COA.svg/500px-CHE_Vugelles-La_Mothe_COA.svg.png",25.851407874,FALSE,FALSE
22,5938,28.598604946,1804,4504,43.148765844,6468,14990,6308,TRUE,"VD","Yverdon-les-Bains","Yverdon-les-Bains","Yverdon-les-Bains","Yverdon-les-Bains VD","Yverdon-les-Bains (VD)","Yverdon-les-Bains (VD)","Waadt","Vaud","Vaud","https://thumb.wikimedia.org/wikipedia/commons/thumb/9/9c/CHE_Yverdon-les-Bains_VD_COA.svg/500px-CHE_Yverdon-les-Bains_VD_COA.svg.png",25.851407874,FALSE,FALSE
22,5939,23.890784983,280,892,50.769230769,1188,2340,1172,TRUE,"VD","Yvonand","Yvonand","Yvonand","Yvonand VD","Yvonand (VD)","Yvonand (VD)","Waadt","Vaud","Vaud","https://thumb.wikimedia.org/wikipedia/commons/thumb/5/55/CHE_Yvonand_COA.svg/500px-CHE_Yvonand_COA.svg.png",25.851407874,FALSE,FALSE
23,6002,19.656744436,733,2996,41.694024951,3810,9138,3729,TRUE,"VS","Brig-Glis","Brigue-Glis","Briga-Glis","Brig-Glis VS","Brigue-Glis (VS)","Briga-Glis (VS)","Wallis","Valais","Vallese","https://thumb.wikimedia.org/wikipedia/commons/thumb/e/ec/CHE_Brig-Glis_COA.svg/500px-CHE_Brig-Glis_COA.svg.png",24.50375482,FALSE,FALSE
23,6004,13.445378151,16,103,45.833333333,121,264,119,TRUE,"VS","Eggerberg","Eggerberg","Eggerberg","Eggerberg VS","Eggerberg (VS)","Eggerberg (VS)","Wallis","Valais","Vallese","https://thumb.wikimedia.org/wikipedia/commons/thumb/0/08/CHE_Eggerberg_COA.svg/500px-CHE_Eggerberg_COA.svg.png",24.50375482,FALSE,FALSE
23,6007,18.569051581,558,2447,42.803399749,3072,7177,3005,TRUE,"VS","Naters","Naters","Naters","Naters VS","Naters (VS)","Naters (VS)","Wallis","Valais","Vallese","https://thumb.wikimedia.org/wikipedia/commons/thumb/c/c8/CHE_Naters_COA.svg/500px-CHE_Naters_COA.svg.png",24.50375482,FALSE,FALSE
23,6008,16.168478261,119,617,44.703770197,747,1671,736,TRUE,"VS","Ried-Brig","Ried-Brig","Ried-Brig","Ried-Brig VS","Ried-Brig (VS)","Ried-Brig (VS)","Wallis","Valais","Vallese","https://thumb.wikimedia.org/wikipedia/commons/thumb/0/03/CHE_Ried-Brig_COA.svg/500px-CHE_Ried-Brig_COA.svg.png",24.50375482,FALSE,FALSE
23,6009,11.570247934,14,107,51.652892562,125,242,121,TRUE,"VS","Simplon","Simplon","Sempione","Simplon VS","Simplon (VS)","Sempione (VS)","Wallis","Valais","Vallese","https://thumb.wikimedia.org/wikipedia/commons/thumb/a/a7/CHE_Simplon_COA.svg/500px-CHE_Simplon_COA.svg.png",24.50375482,FALSE,FALSE
23,6010,13.793103448,52,325,46.840148699,378,807,377,TRUE,"VS","Termen","Termen","Termen","Termen VS","Termen (VS)","Termen (VS)","Wallis","Valais","Vallese","https://thumb.wikimedia.org/wikipedia/commons/thumb/c/c4/CHE_Termen_COA.svg/500px-CHE_Termen_COA.svg.png",24.50375482,FALSE,FALSE
23,6011,8,2,23,57.777777778,26,45,25,TRUE,"VS","Zwischbergen","Zwischbergen","Zwischbergen","Zwischbergen VS","Zwischbergen (VS)","Zwischbergen (VS)","Wallis","Valais","Vallese","https://thumb.wikimedia.org/wikipedia/commons/thumb/4/43/CHE_Zwischbergen_COA.svg/500px-CHE_Zwischbergen_COA.svg.png",24.50375482,FALSE,FALSE
23,6021,25.195822454,193,573,39.402985075,792,2010,766,TRUE,"VS","Ardon","Ardon","Ardon","Ardon VS","Ardon (VS)","Ardon (VS)","Wallis","Valais","Vallese","https://thumb.wikimedia.org/wikipedia/commons/thumb/a/ad/CHE_Ardon_COA.svg/500px-CHE_Ardon_COA.svg.png",24.50375482,FALSE,FALSE
23,6022,23.095238095,291,969,43.867292225,1309,2984,1260,TRUE,"VS","Chamoson","Chamoson","Chamoson","Chamoson VS","Chamoson (VS)","Chamoson (VS)","Wallis","Valais","Vallese","https://thumb.wikimedia.org/wikipedia/commons/thumb/c/c4/CHE_Chamoson_COA.svg/500px-CHE_Chamoson_COA.svg.png",24.50375482,FALSE,FALSE
23,6023,26.790697674,576,1574,38.193968472,2229,5836,2150,TRUE,"VS","Conthey","Conthey","Conthey","Conthey VS","Conthey (VS)","Conthey (VS)","Wallis","Valais","Vallese","https://thumb.wikimedia.org/wikipedia/commons/thumb/3/31/CHE_Conthey_COA.svg/500px-CHE_Conthey_COA.svg.png",24.50375482,FALSE,FALSE
23,6024,24.222936763,452,1414,39.193025142,1933,4932,1866,TRUE,"VS","Nendaz","Nendaz","Nendaz","Nendaz VS","Nendaz (VS)","Nendaz (VS)","Wallis","Valais","Vallese","https://thumb.wikimedia.org/wikipedia/commons/thumb/f/f1/CHE_Nendaz_COA.svg/500px-CHE_Nendaz_COA.svg.png",24.50375482,FALSE,FALSE
23,6025,23.544973545,356,1156,39.984611439,1559,3899,1512,TRUE,"VS","Vétroz","Vétroz","Vétroz","Vétroz VS","Vétroz (VS)","Vétroz (VS)","Wallis","Valais","Vallese","https://thumb.wikimedia.org/wikipedia/commons/thumb/b/b4/CHE_V%C3%A9troz_COA.svg/500px-CHE_V%C3%A9troz_COA.svg.png",24.50375482,FALSE,FALSE
23,6032,6.930693069,7,94,57.541899441,103,179,101,TRUE,"VS","Bourg-Saint-Pierre","Bourg-Saint-Pierre","Bourg-Saint-Pierre","Bourg-Saint-Pierre VS","Bourg-Saint-Pierre (VS)","Bourg-Saint-Pierre (VS)","Wallis","Valais","Vallese","https://thumb.wikimedia.org/wikipedia/commons/thumb/2/23/CHE_Bourg-Saint-Pierre_COA.svg/500px-CHE_Bourg-Saint-Pierre_COA.svg.png",24.50375482,FALSE,FALSE
23,6033,15.476190476,39,213,44.677137871,256,573,252,TRUE,"VS","Liddes","Liddes","Liddes","Liddes VS","Liddes (VS)","Liddes (VS)","Wallis","Valais","Vallese","https://thumb.wikimedia.org/wikipedia/commons/thumb/c/c4/CHE_Liddes_COA.svg/500px-CHE_Liddes_COA.svg.png",24.50375482,FALSE,FALSE
23,6034,19.871205152,216,871,51.289134438,1114,2172,1087,TRUE,"VS","Orsières","Orsières","Orsières","Orsières VS","Orsières (VS)","Orsières (VS)","Wallis","Valais","Vallese","https://thumb.wikimedia.org/wikipedia/commons/thumb/1/1b/CHE_Orsi%C3%A8res_COA.svg/500px-CHE_Orsi%C3%A8res_COA.svg.png",24.50375482,FALSE,FALSE
23,6035,20.875420875,62,235,43.994211288,304,691,297,TRUE,"VS","Sembrancher","Sembrancher","Sembrancher","Sembrancher VS","Sembrancher (VS)","Sembrancher (VS)","Wallis","Valais","Vallese","https://thumb.wikimedia.org/wikipedia/commons/thumb/a/a9/CHE_Sembrancher_COA.svg/500px-CHE_Sembrancher_COA.svg.png",24.50375482,FALSE,FALSE
23,6037,24.087052748,653,2058,44.849750924,2791,6223,2711,TRUE,"VS","Val de Bagnes","Val de Bagnes","Val de Bagnes","Val de Bagnes VS","Val de Bagnes (VS)","Val de Bagnes (VS)","Wallis","Valais","Vallese","https://thumb.wikimedia.org/wikipedia/commons/thumb/5/5d/CHE_Val_de_Bagnes_COA.svg/500px-CHE_Val_de_Bagnes_COA.svg.png",24.50375482,FALSE,FALSE
23,6052,21.96969697,29,103,56.504065041,139,246,132,TRUE,"VS","Bellwald","Bellwald","Bellwald","Bellwald VS","Bellwald (VS)","Bellwald (VS)","Wallis","Valais","Vallese","https://thumb.wikimedia.org/wikipedia/commons/thumb/1/1c/CHE_Bellwald_COA.svg/500px-CHE_Bellwald_COA.svg.png",24.50375482,FALSE,FALSE
23,6054,18.181818182,10,45,56.701030928,55,97,55,TRUE,"VS","Binn","Binn","Binn","Binn VS","Binn (VS)","Binn (VS)","Wallis","Valais","Vallese","https://thumb.wikimedia.org/wikipedia/commons/thumb/8/8e/CHE_Binn_COA.svg/500px-CHE_Binn_COA.svg.png",24.50375482,FALSE,FALSE
23,6056,19.14893617,36,152,47.432762836,194,409,188,TRUE,"VS","Ernen","Ernen","Ernen","Ernen VS","Ernen (VS)","Ernen (VS)","Wallis","Valais","Vallese","https://thumb.wikimedia.org/wikipedia/commons/thumb/9/90/CHE_Ernen_COA_alt.svg/500px-CHE_Ernen_COA_alt.svg.png",24.50375482,FALSE,FALSE
23,6057,17.424242424,46,218,42.097026604,269,639,264,TRUE,"VS","Fiesch","Fiesch","Fiesch","Fiesch VS","Fiesch (VS)","Fiesch (VS)","Wallis","Valais","Vallese","https://thumb.wikimedia.org/wikipedia/commons/thumb/3/39/CHE_Fiesch_COA.svg/500px-CHE_Fiesch_COA.svg.png",24.50375482,FALSE,FALSE
23,6058,10.655737705,13,109,50.200803213,125,249,122,TRUE,"VS","Fieschertal","Fieschertal","Fieschertal","Fieschertal VS","Fieschertal (VS)","Fieschertal (VS)","Wallis","Valais","Vallese","https://thumb.wikimedia.org/wikipedia/commons/thumb/c/c1/CHE_Fieschertal_COA.svg/500px-CHE_Fieschertal_COA.svg.png",24.50375482,FALSE,FALSE
23,6061,11.111111111,12,96,51.801801802,115,222,108,TRUE,"VS","Lax","Lax","Lax","Lax VS","Lax (VS)","Lax (VS)","Wallis","Valais","Vallese","https://thumb.wikimedia.org/wikipedia/commons/thumb/0/03/CHE_Lax_COA.svg/500px-CHE_Lax_COA.svg.png",24.50375482,FALSE,FALSE
23,6076,14.285714286,31,186,44.848484848,222,495,217,TRUE,"VS","Obergoms","Obergoms","Obergoms","Obergoms VS","Obergoms (VS)","Obergoms (VS)","Wallis","Valais","Vallese","https://thumb.wikimedia.org/wikipedia/commons/thumb/e/e2/CHE_Obergoms_COA.svg/500px-CHE_Obergoms_COA.svg.png",24.50375482,FALSE,FALSE
23,6077,17.727272727,78,362,49.550561798,441,890,440,TRUE,"VS","Goms","Goms","Goms","Goms VS","Goms (VS)","Goms (VS)","Wallis","Valais","Vallese","https://thumb.wikimedia.org/wikipedia/commons/thumb/a/aa/CHE_Goms_COA.svg/500px-CHE_Goms_COA.svg.png",24.50375482,FALSE,FALSE
23,6082,27.505183138,398,1049,46.276432731,1510,3263,1447,TRUE,"VS","Ayent","Ayent","Ayent","Ayent VS","Ayent (VS)","Ayent (VS)","Wallis","Valais","Vallese","https://thumb.wikimedia.org/wikipedia/commons/thumb/1/16/CHE_Ayent_COA.svg/500px-CHE_Ayent_COA.svg.png",24.50375482,FALSE,FALSE
23,6083,18.483904465,178,785,77.091477717,986,1279,963,TRUE,"VS","Evolène","Evolène","Evolène","Evolène VS","Evolène (VS)","Evolène (VS)","Wallis","Valais","Vallese","https://thumb.wikimedia.org/wikipedia/commons/thumb/5/5c/CHE_Evol%C3%A8ne_COA.svg/500px-CHE_Evol%C3%A8ne_COA.svg.png",24.50375482,FALSE,FALSE
23,6084,19.592476489,125,513,54.029605263,657,1216,638,TRUE,"VS","Hérémence","Hérémence","Hérémence","Hérémence VS","Hérémence (VS)","Hérémence (VS)","Wallis","Valais","Vallese","https://thumb.wikimedia.org/wikipedia/commons/thumb/6/61/H%C3%A9r%C3%A9mence-blazon.svg/250px-H%C3%A9r%C3%A9mence-blazon.svg.png",24.50375482,FALSE,FALSE
23,6087,16.806722689,60,297,56.366459627,363,644,357,TRUE,"VS","Saint-Martin VS","Saint-Martin (VS)","Saint-Martin VS","Saint-Martin VS","Saint-Martin (VS)","Saint-Martin (VS)","Wallis","Valais","Vallese","https://thumb.wikimedia.org/wikipedia/commons/thumb/4/4a/CHE_Saint-Martin_COA.svg/500px-CHE_Saint-Martin_COA.svg.png",24.50375482,FALSE,FALSE
23,6089,23.639455782,139,449,44.485025566,609,1369,588,TRUE,"VS","Vex","Vex","Vex","Vex VS","Vex (VS)","Vex (VS)","Wallis","Valais","Vallese","https://thumb.wikimedia.org/wikipedia/commons/thumb/c/ca/Vex-blazon.svg/250px-Vex-blazon.svg.png",24.50375482,FALSE,FALSE
23,6090,31.659388646,145,313,52.702702703,468,888,458,TRUE,"VS","Mont-Noble","Mont-Noble","Mont-Noble","Mont-Noble VS","Mont-Noble (VS)","Mont-Noble (VS)","Wallis","Valais","Vallese","https://thumb.wikimedia.org/wikipedia/commons/thumb/d/d4/CHE_Mont-Noble_COA.svg/500px-CHE_Mont-Noble_COA.svg.png",24.50375482,FALSE,FALSE
23,6101,9.523809524,26,247,49.90990991,277,555,273,TRUE,"VS","Agarn","Agarn","Agarn","Agarn VS","Agarn (VS)","Agarn (VS)","Wallis","Valais","Vallese","https://thumb.wikimedia.org/wikipedia/commons/thumb/2/24/CHE_Agarn_COA.svg/500px-CHE_Agarn_COA.svg.png",24.50375482,FALSE,FALSE
23,6102,25,26,78,54.922279793,106,193,104,TRUE,"VS","Albinen","Albinen","Albinen","Albinen VS","Albinen (VS)","Albinen (VS)","Wallis","Valais","Vallese","https://thumb.wikimedia.org/wikipedia/commons/thumb/7/74/CHE_Albinen_COA_alt.svg/500px-CHE_Albinen_COA_alt.svg.png",24.50375482,FALSE,FALSE
23,6104,12.5,13,91,73.426573427,105,143,104,TRUE,"VS","Ergisch","Ergisch","Ergisch","Ergisch VS","Ergisch (VS)","Ergisch (VS)","Wallis","Valais","Vallese","https://thumb.wikimedia.org/wikipedia/commons/thumb/e/e2/CHE_Ergisch_COA.svg/500px-CHE_Ergisch_COA.svg.png",24.50375482,FALSE,FALSE
23,6109,25,10,30,48.780487805,40,82,40,TRUE,"VS","Inden","Inden","Inden","Inden VS","Inden (VS)","Inden (VS)","Wallis","Valais","Vallese","https://thumb.wikimedia.org/wikipedia/commons/thumb/f/fb/CHE_Inden_COA.svg/500px-CHE_Inden_COA.svg.png",24.50375482,FALSE,FALSE
23,6110,17.425885756,241,1142,48.510783978,1417,2921,1383,TRUE,"VS","Leuk","Loèche","Loèche","Leuk VS","Loèche (VS)","Loèche (VS)","Wallis","Valais","Vallese","https://thumb.wikimedia.org/wikipedia/commons/thumb/d/d3/CHE_Leuk_COA.svg/500px-CHE_Leuk_COA.svg.png",24.50375482,FALSE,FALSE
23,6111,18.421052632,56,248,41.542625169,307,739,304,TRUE,"VS","Leukerbad","Loèche-les-Bains","Loèche-les-Bains","Leukerbad VS","Loèche-les-Bains (VS)","Loèche-les-Bains (VS)","Wallis","Valais","Vallese","https://thumb.wikimedia.org/wikipedia/commons/thumb/8/86/CHE_Leukerbad_COA.svg/500px-CHE_Leukerbad_COA.svg.png",24.50375482,FALSE,FALSE
23,6112,15.789473684,9,48,45.967741935,57,124,57,TRUE,"VS","Oberems","Oberems","Oberems","Oberems VS","Oberems (VS)","Oberems (VS)","Wallis","Valais","Vallese","https://thumb.wikimedia.org/wikipedia/commons/thumb/f/f1/CHE_Oberems_COA.svg/500px-CHE_Oberems_COA.svg.png",24.50375482,FALSE,FALSE
23,6113,23.431734317,127,415,44.112903226,547,1240,542,TRUE,"VS","Salgesch","Salquenen","Salquenen","Salgesch VS","Salquenen (VS)","Salquenen (VS)","Wallis","Valais","Vallese","https://thumb.wikimedia.org/wikipedia/commons/thumb/4/42/CHE_Salgesch_COA.svg/500px-CHE_Salgesch_COA.svg.png",24.50375482,FALSE,FALSE
23,6116,14.728682171,38,220,49.713193117,260,523,258,TRUE,"VS","Varen","Varone","Varone","Varen VS","Varone (VS)","Varone (VS)","Wallis","Valais","Vallese","https://thumb.wikimedia.org/wikipedia/commons/thumb/3/3d/CHE_Varen_COA.svg/500px-CHE_Varen_COA.svg.png",24.50375482,FALSE,FALSE
23,6117,19.078947368,29,123,45.808383234,153,334,152,TRUE,"VS","Guttet-Feschel","Guttet-Feschel","Guttet-Feschel","Guttet-Feschel VS","Guttet-Feschel (VS)","Guttet-Feschel (VS)","Wallis","Valais","Vallese","https://thumb.wikimedia.org/wikipedia/commons/thumb/4/4f/GuttetFeschel-blazon.svg/250px-GuttetFeschel-blazon.svg.png",24.50375482,FALSE,FALSE
23,6118,15.117891817,109,612,46.662387677,727,1558,721,TRUE,"VS","Gampel-Bratsch","Gampel-Bratsch","Gampel-Bratsch","Gampel-Bratsch VS","Gampel-Bratsch (VS)","Gampel-Bratsch (VS)","Wallis","Valais","Vallese","https://thumb.wikimedia.org/wikipedia/commons/thumb/3/39/CHE_Gampel-Bratsch_COA.svg/500px-CHE_Gampel-Bratsch_COA.svg.png",24.50375482,FALSE,FALSE
23,6119,16.187989556,62,321,46.739130435,387,828,383,TRUE,"VS","Turtmann-Unterems","Turtmann-Unterems","Turtmann-Unterems","Turtmann-Unterems VS","Turtmann-Unterems (VS)","Turtmann-Unterems (VS)","Wallis","Valais","Vallese","https://thumb.wikimedia.org/wikipedia/commons/thumb/a/a3/Wappen_Wallis_matt.svg/500px-Wappen_Wallis_matt.svg.png",24.50375482,FALSE,FALSE
23,6131,19.433198381,48,199,41.856677524,257,614,247,TRUE,"VS","Bovernier","Bovernier","Bovernier","Bovernier VS","Bovernier (VS)","Bovernier (VS)","Wallis","Valais","Vallese","https://thumb.wikimedia.org/wikipedia/commons/thumb/0/0a/CHE_Bovernier_COA.svg/500px-CHE_Bovernier_COA.svg.png",24.50375482,FALSE,FALSE
23,6133,26.485243388,691,1918,44.645826405,2685,6014,2609,TRUE,"VS","Fully","Fully","Fully","Fully VS","Fully (VS)","Fully (VS)","Wallis","Valais","Vallese","https://thumb.wikimedia.org/wikipedia/commons/thumb/8/8d/CHE_Fully_COA.svg/500px-CHE_Fully_COA.svg.png",24.50375482,FALSE,FALSE
23,6134,14.634146341,30,175,35.430463576,214,604,205,TRUE,"VS","Isérables","Isérables","Isérables","Isérables VS","Isérables (VS)","Isérables (VS)","Wallis","Valais","Vallese","https://thumb.wikimedia.org/wikipedia/commons/thumb/1/12/CHE_Is%C3%A9rables_COA.svg/500px-CHE_Is%C3%A9rables_COA.svg.png",24.50375482,FALSE,FALSE
23,6135,26.403508772,301,839,47.493837305,1156,2434,1140,TRUE,"VS","Leytron","Leytron","Leytron","Leytron VS","Leytron (VS)","Leytron (VS)","Wallis","Valais","Vallese","https://thumb.wikimedia.org/wikipedia/commons/thumb/c/ca/CHE_Leytron_COA.svg/500px-CHE_Leytron_COA.svg.png",24.50375482,FALSE,FALSE
23,6136,29.576636613,1509,3593,41.320739741,5206,12599,5102,TRUE,"VS","Martigny","Martigny","Martigny","Martigny VS","Martigny (VS)","Martigny (VS)","Wallis","Valais","Vallese","https://thumb.wikimedia.org/wikipedia/commons/thumb/f/f1/CHE_Martigny_COA.svg/500px-CHE_Martigny_COA.svg.png",24.50375482,FALSE,FALSE
23,6137,29.166666667,210,510,43.362831858,735,1695,720,TRUE,"VS","Martigny-Combe","Martigny-Combe","Martigny-Combe","Martigny-Combe VS","Martigny-Combe (VS)","Martigny-Combe (VS)","Wallis","Valais","Vallese","https://thumb.wikimedia.org/wikipedia/commons/thumb/9/91/CHE_Martigny-Combe_COA.svg/500px-CHE_Martigny-Combe_COA.svg.png",24.50375482,FALSE,FALSE
23,6139,24.231678487,205,641,42.328300049,869,2053,846,TRUE,"VS","Riddes","Riddes","Riddes","Riddes VS","Riddes (VS)","Riddes (VS)","Wallis","Valais","Vallese","https://thumb.wikimedia.org/wikipedia/commons/thumb/9/9f/CHE_Riddes_COA.svg/500px-CHE_Riddes_COA.svg.png",24.50375482,FALSE,FALSE
23,6140,25.602755454,223,648,43.686006826,896,2051,871,TRUE,"VS","Saillon","Saillon","Saillon","Saillon VS","Saillon (VS)","Saillon (VS)","Wallis","Valais","Vallese","https://thumb.wikimedia.org/wikipedia/commons/thumb/9/90/CHE_Saillon_COA.svg/500px-CHE_Saillon_COA.svg.png",24.50375482,FALSE,FALSE
23,6141,29.893778452,394,924,36.387711864,1374,3776,1318,TRUE,"VS","Saxon","Saxon","Saxon","Saxon VS","Saxon (VS)","Saxon (VS)","Wallis","Valais","Vallese","https://thumb.wikimedia.org/wikipedia/commons/thumb/6/62/CHE_Saxon_COA.svg/500px-CHE_Saxon_COA.svg.png",24.50375482,FALSE,FALSE
23,6142,29.850746269,20,47,55.64516129,69,124,67,TRUE,"VS","Trient","Trient","Trient","Trient VS","Trient (VS)","Trient (VS)","Wallis","Valais","Vallese","https://thumb.wikimedia.org/wikipedia/commons/thumb/9/96/CHE_Trient_COA.svg/500px-CHE_Trient_COA.svg.png",24.50375482,FALSE,FALSE
23,6151,23.236514523,112,370,56.605922551,497,878,482,TRUE,"VS","Champéry","Champéry","Champéry","Champéry VS","Champéry (VS)","Champéry (VS)","Wallis","Valais","Vallese","https://thumb.wikimedia.org/wikipedia/commons/thumb/6/69/CHE_Champ%C3%A9ry_COA.svg/500px-CHE_Champ%C3%A9ry_COA.svg.png",24.50375482,FALSE,FALSE
23,6152,24.974253347,485,1457,34.228187919,1989,5811,1942,TRUE,"VS","Collombey-Muraz","Collombey-Muraz","Collombey-Muraz","Collombey-Muraz VS","Collombey-Muraz (VS)","Collombey-Muraz (VS)","Wallis","Valais","Vallese","https://thumb.wikimedia.org/wikipedia/commons/thumb/a/aa/CHE_Collombey-Muraz_COA.svg/500px-CHE_Collombey-Muraz_COA.svg.png",24.50375482,FALSE,FALSE
23,6153,30.69046994,1169,2640,38.400780107,3938,10255,3809,TRUE,"VS","Monthey","Monthey","Monthey","Monthey VS","Monthey (VS)","Monthey (VS)","Wallis","Valais","Vallese","https://thumb.wikimedia.org/wikipedia/commons/thumb/0/04/CHE_Monthey_COA.svg/500px-CHE_Monthey_COA.svg.png",24.50375482,FALSE,FALSE
23,6154,30.101010101,298,692,40.482897384,1006,2485,990,TRUE,"VS","Port-Valais","Port-Valais","Port-Valais","Port-Valais VS","Port-Valais (VS)","Port-Valais (VS)","Wallis","Valais","Vallese","https://thumb.wikimedia.org/wikipedia/commons/thumb/9/93/Port-Valais_Coat_of_Arms.svg/330px-Port-Valais_Coat_of_Arms.svg.png",24.50375482,FALSE,FALSE
23,6155,30.593607306,67,152,38.765008576,226,583,219,TRUE,"VS","Saint-Gingolph","Saint-Gingolph","Saint-Gingolph","Saint-Gingolph VS","Saint-Gingolph (VS)","Saint-Gingolph (VS)","Wallis","Valais","Vallese","https://thumb.wikimedia.org/wikipedia/commons/thumb/d/dc/CHE_Saint-Gingolph_COA.svg/500px-CHE_Saint-Gingolph_COA.svg.png",24.50375482,FALSE,FALSE
23,6156,23.313686968,356,1171,45.406976744,1562,3440,1527,TRUE,"VS","Troistorrents","Troistorrents","Troistorrents","Troistorrents VS","Troistorrents (VS)","Troistorrents (VS)","Wallis","Valais","Vallese","https://thumb.wikimedia.org/wikipedia/commons/thumb/2/22/CHE_Troistorrents_COA.svg/500px-CHE_Troistorrents_COA.svg.png",24.50375482,FALSE,FALSE
23,6157,24.632952692,151,462,44.631578947,636,1425,613,TRUE,"VS","Val-d'Illiez","Val-d'Illiez","Val-d'Illiez","Val-d'Illiez VS","Val-d'Illiez (VS)","Val-d'Illiez (VS)","Wallis","Valais","Vallese","https://thumb.wikimedia.org/wikipedia/commons/thumb/a/ae/CHE_Val-d%27Illiez_COA.svg/500px-CHE_Val-d%27Illiez_COA.svg.png",24.50375482,FALSE,FALSE
23,6158,21.782178218,176,632,41.835699797,825,1972,808,TRUE,"VS","Vionnaz","Vionnaz","Vionnaz","Vionnaz VS","Vionnaz (VS)","Vionnaz (VS)","Wallis","Valais","Vallese","https://thumb.wikimedia.org/wikipedia/commons/thumb/5/58/CHE_Vionnaz_COA.svg/500px-CHE_Vionnaz_COA.svg.png",24.50375482,FALSE,FALSE
23,6159,28.048780488,276,708,38.102466793,1004,2635,984,TRUE,"VS","Vouvry","Vouvry","Vouvry","Vouvry VS","Vouvry (VS)","Vouvry (VS)","Wallis","Valais","Vallese","https://thumb.wikimedia.org/wikipedia/commons/thumb/1/18/CHE_Vouvry_COA.svg/500px-CHE_Vouvry_COA.svg.png",24.50375482,FALSE,FALSE
23,6172,25,3,9,40,12,30,12,TRUE,"VS","Bister","Bister","Bister","Bister VS","Bister (VS)","Bister (VS)","Wallis","Valais","Vallese","https://thumb.wikimedia.org/wikipedia/commons/thumb/6/60/CHE_Bister_COA.svg/500px-CHE_Bister_COA.svg.png",24.50375482,FALSE,FALSE
23,6173,18.550724638,64,281,40.556199305,350,863,345,TRUE,"VS","Bitsch","Bitsch","Bitsch","Bitsch VS","Bitsch (VS)","Bitsch (VS)","Wallis","Valais","Vallese","https://thumb.wikimedia.org/wikipedia/commons/thumb/4/41/CHE_Bitsch_COA.svg/500px-CHE_Bitsch_COA.svg.png",24.50375482,FALSE,FALSE
23,6177,16.666666667,18,90,33.742331288,110,326,108,TRUE,"VS","Grengiols","Grengiols","Grengiols","Grengiols VS","Grengiols (VS)","Grengiols (VS)","Wallis","Valais","Vallese","https://thumb.wikimedia.org/wikipedia/commons/thumb/6/68/CHE_Grengiols_COA.svg/500px-CHE_Grengiols_COA.svg.png",24.50375482,FALSE,FALSE
23,6181,19.259259259,26,109,44.548286604,143,321,135,TRUE,"VS","Riederalp","Riederalp","Riederalp","Riederalp VS","Riederalp (VS)","Riederalp (VS)","Wallis","Valais","Vallese","https://thumb.wikimedia.org/wikipedia/commons/thumb/7/75/CHE_Riederalp_COA.svg/500px-CHE_Riederalp_COA.svg.png",24.50375482,FALSE,FALSE
23,6191,11.067193676,28,225,56.371490281,261,463,253,TRUE,"VS","Ausserberg","Ausserberg","Ausserberg","Ausserberg VS","Ausserberg (VS)","Ausserberg (VS)","Wallis","Valais","Vallese","https://thumb.wikimedia.org/wikipedia/commons/thumb/a/ab/CHE_Ausserberg_COA.svg/500px-CHE_Ausserberg_COA.svg.png",24.50375482,FALSE,FALSE
23,6192,8.823529412,9,93,46.396396396,103,222,102,TRUE,"VS","Blatten","Blatten","Blatten","Blatten VS","Blatten (VS)","Blatten (VS)","Wallis","Valais","Vallese","https://thumb.wikimedia.org/wikipedia/commons/thumb/0/0d/CHE_Blatten_COA.svg/500px-CHE_Blatten_COA.svg.png",24.50375482,FALSE,FALSE
23,6193,14.728682171,38,220,44.556113903,266,597,258,TRUE,"VS","Bürchen","Bürchen","Bürchen","Bürchen VS","Bürchen (VS)","Bürchen (VS)","Wallis","Valais","Vallese","https://thumb.wikimedia.org/wikipedia/commons/thumb/5/50/CHE_B%C3%BCrchen_COA_alt.svg/500px-CHE_B%C3%BCrchen_COA_alt.svg.png",24.50375482,FALSE,FALSE
23,6194,9.696969697,16,149,46.448087432,170,366,165,TRUE,"VS","Eischoll","Eischoll","Eischoll","Eischoll VS","Eischoll (VS)","Eischoll (VS)","Wallis","Valais","Vallese","https://thumb.wikimedia.org/wikipedia/commons/thumb/3/37/CHE_Eischoll_COA.svg/500px-CHE_Eischoll_COA.svg.png",24.50375482,FALSE,FALSE
23,6195,8.823529412,9,93,47.222222222,102,216,102,TRUE,"VS","Ferden","Ferden","Ferden","Ferden VS","Ferden (VS)","Ferden (VS)","Wallis","Valais","Vallese","https://thumb.wikimedia.org/wikipedia/commons/thumb/8/83/CHE_Ferden_COA.svg/500px-CHE_Ferden_COA.svg.png",24.50375482,FALSE,FALSE
23,6197,9.302325581,12,117,45.138888889,130,288,129,TRUE,"VS","Kippel","Kippel","Kippel","Kippel VS","Kippel (VS)","Kippel (VS)","Wallis","Valais","Vallese","https://thumb.wikimedia.org/wikipedia/commons/thumb/0/00/CHE_Kippel_COA.svg/500px-CHE_Kippel_COA.svg.png",24.50375482,FALSE,FALSE
23,6198,11.214953271,24,190,40.037243948,215,537,214,TRUE,"VS","Niedergesteln","Niedergesteln","Niedergesteln","Niedergesteln VS","Niedergesteln (VS)","Niedergesteln (VS)","Wallis","Valais","Vallese","https://thumb.wikimedia.org/wikipedia/commons/thumb/e/ee/CHE_Niedergesteln_COA.svg/500px-CHE_Niedergesteln_COA.svg.png",24.50375482,FALSE,FALSE
23,6199,15.25974026,94,522,45.25862069,630,1392,616,TRUE,"VS","Raron","Rarogne","Rarogne","Raron VS","Rarogne (VS)","Rarogne (VS)","Wallis","Valais","Vallese","https://thumb.wikimedia.org/wikipedia/commons/thumb/c/c5/CHE_Raron_COA.svg/500px-CHE_Raron_COA.svg.png",24.50375482,FALSE,FALSE
23,6201,14.473684211,22,130,43.75,154,352,152,TRUE,"VS","Unterbäch","Unterbäch","Unterbäch","Unterbäch VS","Unterbäch (VS)","Unterbäch (VS)","Wallis","Valais","Vallese","https://thumb.wikimedia.org/wikipedia/commons/thumb/1/1d/CHE_Unterb%C3%A4ch_COA_alt.svg/500px-CHE_Unterb%C3%A4ch_COA_alt.svg.png",24.50375482,FALSE,FALSE
23,6202,16.408668731,53,270,78.117647059,332,425,323,TRUE,"VS","Wiler (Lötschen)","Wiler (Lötschen)","Wiler (Lötschen)","Wiler (Lötschen) VS","Wiler (Lötschen) (VS)","Wiler (Lötschen) (VS)","Wallis","Valais","Vallese","https://thumb.wikimedia.org/wikipedia/commons/thumb/d/da/CHE_Wiler_COA.svg/500px-CHE_Wiler_COA.svg.png",24.50375482,FALSE,FALSE
23,6203,20.930232558,45,170,44.693877551,219,490,215,TRUE,"VS","Mörel-Filet","Mörel-Filet","Mörel-Filet","Mörel-Filet VS","Mörel-Filet (VS)","Mörel-Filet (VS)","Wallis","Valais","Vallese","https://thumb.wikimedia.org/wikipedia/commons/thumb/a/aa/CHE_Moerel-Filet_COA.svg/500px-CHE_Moerel-Filet_COA.svg.png",24.50375482,FALSE,FALSE
23,6204,15.904936015,87,460,47.668393782,552,1158,547,TRUE,"VS","Steg-Hohtenn","Steg-Hohtenn","Steg-Hohtenn","Steg-Hohtenn VS","Steg-Hohtenn (VS)","Steg-Hohtenn (VS)","Wallis","Valais","Vallese","https://thumb.wikimedia.org/wikipedia/commons/thumb/e/e7/CHE_Steg-Hohtenn_COA.svg/500px-CHE_Steg-Hohtenn_COA.svg.png",24.50375482,FALSE,FALSE
23,6205,25.961538462,27,77,31.707317073,104,328,104,TRUE,"VS","Bettmeralp","Bettmeralp","Bettmeralp","Bettmeralp VS","Bettmeralp (VS)","Bettmeralp (VS)","Wallis","Valais","Vallese","https://thumb.wikimedia.org/wikipedia/commons/thumb/1/17/CHE_Betten_COA.svg/500px-CHE_Betten_COA.svg.png",24.50375482,FALSE,FALSE
23,6211,24.644549763,52,159,37.949640288,211,556,211,TRUE,"VS","Collonges","Collonges","Collonges","Collonges VS","Collonges (VS)","Collonges (VS)","Wallis","Valais","Vallese","https://thumb.wikimedia.org/wikipedia/commons/thumb/7/72/CHE_Collonges_COA.svg/500px-CHE_Collonges_COA.svg.png",24.50375482,FALSE,FALSE
23,6212,27.272727273,69,184,36.671368124,260,709,253,TRUE,"VS","Dorénaz","Dorénaz","Dorénaz","Dorénaz VS","Dorénaz (VS)","Dorénaz (VS)","Wallis","Valais","Vallese","https://thumb.wikimedia.org/wikipedia/commons/thumb/9/94/Dor%C3%A9naz-blazon.svg/250px-Dor%C3%A9naz-blazon.svg.png",24.50375482,FALSE,FALSE
23,6213,31.267605634,111,244,37.92746114,366,965,355,TRUE,"VS","Evionnaz","Evionnaz","Evionnaz","Evionnaz VS","Evionnaz (VS)","Evionnaz (VS)","Wallis","Valais","Vallese","https://thumb.wikimedia.org/wikipedia/commons/thumb/1/1b/CHE_Evionnaz_COA.svg/500px-CHE_Evionnaz_COA.svg.png",24.50375482,FALSE,FALSE
23,6214,32.307692308,42,88,55.882352941,133,238,130,TRUE,"VS","Finhaut","Finhaut","Finhaut","Finhaut VS","Finhaut (VS)","Finhaut (VS)","Wallis","Valais","Vallese","https://thumb.wikimedia.org/wikipedia/commons/thumb/6/64/CHE_Finhaut_COA.svg/500px-CHE_Finhaut_COA.svg.png",24.50375482,FALSE,FALSE
23,6215,21.581196581,101,367,38.009404389,485,1276,468,TRUE,"VS","Massongex","Massongex","Massongex","Massongex VS","Massongex (VS)","Massongex (VS)","Wallis","Valais","Vallese","https://thumb.wikimedia.org/wikipedia/commons/thumb/9/9e/CHE_Massongex_COA.svg/500px-CHE_Massongex_COA.svg.png",24.50375482,FALSE,FALSE
23,6217,28.32103321,307,777,41.408870667,1111,2683,1084,TRUE,"VS","Saint-Maurice","Saint-Maurice","Saint-Maurice","Saint-Maurice VS","Saint-Maurice (VS)","Saint-Maurice (VS)","Wallis","Valais","Vallese","https://thumb.wikimedia.org/wikipedia/commons/thumb/6/62/CHE_St_Maurice_COA.svg/500px-CHE_St_Maurice_COA.svg.png",24.50375482,FALSE,FALSE
23,6218,31.34057971,173,379,51.366120219,564,1098,552,TRUE,"VS","Salvan","Salvan","Salvan","Salvan VS","Salvan (VS)","Salvan (VS)","Wallis","Valais","Vallese","https://thumb.wikimedia.org/wikipedia/commons/thumb/f/fd/Salvan-blazon.svg/250px-Salvan-blazon.svg.png",24.50375482,FALSE,FALSE
23,6219,24.285714286,102,318,38.771929825,442,1140,420,TRUE,"VS","Vernayaz","Vernayaz","Vernayaz","Vernayaz VS","Vernayaz (VS)","Vernayaz (VS)","Wallis","Valais","Vallese","https://thumb.wikimedia.org/wikipedia/commons/thumb/d/da/Vernayaz-blazon.svg/250px-Vernayaz-blazon.svg.png",24.50375482,FALSE,FALSE
23,6220,22.101449275,61,215,42.966360856,281,654,276,TRUE,"VS","Vérossaz","Vérossaz","Vérossaz","Vérossaz VS","Vérossaz (VS)","Vérossaz (VS)","Wallis","Valais","Vallese","https://thumb.wikimedia.org/wikipedia/commons/thumb/9/9c/V%C3%A9rossaz-blazon.svg/250px-V%C3%A9rossaz-blazon.svg.png",24.50375482,FALSE,FALSE
23,6232,28.884826325,316,778,44.02866242,1106,2512,1094,TRUE,"VS","Chalais","Chalais","Chalais","Chalais VS","Chalais (VS)","Chalais (VS)","Wallis","Valais","Vallese","https://thumb.wikimedia.org/wikipedia/commons/thumb/1/15/CHE_Chalais_COA.svg/500px-CHE_Chalais_COA.svg.png",24.50375482,FALSE,FALSE
23,6235,27.450980392,84,222,43.785310734,310,708,306,TRUE,"VS","Chippis","Chippis","Chippis","Chippis VS","Chippis (VS)","Chippis (VS)","Wallis","Valais","Vallese","https://thumb.wikimedia.org/wikipedia/commons/thumb/b/b8/CHE_Chippis_COA.svg/500px-CHE_Chippis_COA.svg.png",24.50375482,FALSE,FALSE
23,6238,18.770226537,116,502,40.791180285,629,1542,618,TRUE,"VS","Grône","Grône","Grône","Grône VS","Grône (VS)","Grône (VS)","Wallis","Valais","Vallese","https://thumb.wikimedia.org/wikipedia/commons/thumb/6/6c/CHE_Gr%C3%B4ne_COA.svg/500px-CHE_Gr%C3%B4ne_COA.svg.png",24.50375482,FALSE,FALSE
23,6239,28.426395939,56,141,49.385749386,201,407,197,TRUE,"VS","Icogne","Icogne","Icogne","Icogne VS","Icogne (VS)","Icogne (VS)","Wallis","Valais","Vallese","https://thumb.wikimedia.org/wikipedia/commons/thumb/f/f9/CHE_Icogne_COA.svg/500px-CHE_Icogne_COA.svg.png",24.50375482,FALSE,FALSE
23,6240,26.661129568,321,883,47.119029568,1243,2638,1204,TRUE,"VS","Lens","Lens","Lens","Lens VS","Lens (VS)","Lens (VS)","Wallis","Valais","Vallese","https://thumb.wikimedia.org/wikipedia/commons/thumb/0/0a/CHE_Lens_COA.svg/500px-CHE_Lens_COA.svg.png",24.50375482,FALSE,FALSE
23,6246,24.535809019,185,569,45.375722543,785,1730,754,TRUE,"VS","Saint-Léonard","Saint-Léonard","Saint-Léonard","Saint-Léonard VS","Saint-Léonard (VS)","Saint-Léonard (VS)","Wallis","Valais","Vallese","https://thumb.wikimedia.org/wikipedia/commons/thumb/a/a0/CHE_Saint-L%C3%A9onard_COA.svg/500px-CHE_Saint-L%C3%A9onard_COA.svg.png",24.50375482,FALSE,FALSE
23,6248,30.731327801,1185,2671,41.273291925,3987,9660,3856,TRUE,"VS","Siders","Sierre","Sierre","Siders VS","Sierre (VS)","Sierre (VS)","Wallis","Valais","Vallese","https://thumb.wikimedia.org/wikipedia/commons/thumb/1/18/CHE_Sierre_COA.svg/500px-CHE_Sierre_COA.svg.png",24.50375482,FALSE,FALSE
23,6252,25.437572929,218,639,48.178807947,873,1812,857,TRUE,"VS","Anniviers","Anniviers","Anniviers","Anniviers VS","Anniviers (VS)","Anniviers (VS)","Wallis","Valais","Vallese","https://thumb.wikimedia.org/wikipedia/commons/thumb/7/71/CHE_Anniviers_COA.svg/500px-CHE_Anniviers_COA.svg.png",24.50375482,FALSE,FALSE
23,6253,28.674790556,753,1873,46.395308727,2690,5798,2626,TRUE,"VS","Crans-Montana","Crans-Montana","Crans-Montana","Crans-Montana VS","Crans-Montana (VS)","Crans-Montana (VS)","Wallis","Valais","Vallese","https://thumb.wikimedia.org/wikipedia/commons/thumb/9/94/CHE_Crans-Montana_COA.svg/500px-CHE_Crans-Montana_COA.svg.png",24.50375482,FALSE,FALSE
23,6254,29.659949622,471,1117,50.586057989,1640,3242,1588,TRUE,"VS","Noble-Contrée","Noble-Contrée","Noble-Contrée","Noble-Contrée VS","Noble-Contrée (VS)","Noble-Contrée (VS)","Wallis","Valais","Vallese","https://thumb.wikimedia.org/wikipedia/commons/thumb/9/98/CHE_Noble-Contr%C3%A9e_COA_alt.svg/500px-CHE_Noble-Contr%C3%A9e_COA_alt.svg.png",24.50375482,FALSE,FALSE
23,6261,34.280639432,193,370,53.631284916,576,1074,563,TRUE,"VS","Arbaz","Arbaz","Arbaz","Arbaz VS","Arbaz (VS)","Arbaz (VS)","Wallis","Valais","Vallese","https://thumb.wikimedia.org/wikipedia/commons/thumb/0/0a/CHE_Arbaz_COA.svg/500px-CHE_Arbaz_COA.svg.png",24.50375482,FALSE,FALSE
23,6263,26.343612335,299,836,45.713172253,1173,2566,1135,TRUE,"VS","Grimisuat","Grimisuat","Grimisuat","Grimisuat VS","Grimisuat (VS)","Grimisuat (VS)","Wallis","Valais","Vallese","https://thumb.wikimedia.org/wikipedia/commons/thumb/f/f2/Grimisuat-blazon.svg/250px-Grimisuat-blazon.svg.png",24.50375482,FALSE,FALSE
23,6265,23.831775701,663,2119,46.945869889,2836,6041,2782,TRUE,"VS","Savièse","Savièse","Savièse","Savièse VS","Savièse (VS)","Savièse (VS)","Wallis","Valais","Vallese","https://thumb.wikimedia.org/wikipedia/commons/thumb/3/34/CHE_Savi%C3%A8se_COA.svg/500px-CHE_Savi%C3%A8se_COA.svg.png",24.50375482,FALSE,FALSE
23,6266,30.135031288,2745,6364,41.53361817,9235,22235,9109,TRUE,"VS","Sitten","Sion","Sion","Sitten VS","Sion (VS)","Sion (VS)","Wallis","Valais","Vallese","https://thumb.wikimedia.org/wikipedia/commons/thumb/d/d7/CHE_Sion_COA.svg/500px-CHE_Sion_COA.svg.png",24.50375482,FALSE,FALSE
23,6267,28.484848485,47,118,43.603133159,167,383,165,TRUE,"VS","Veysonnaz","Veysonnaz","Veysonnaz","Veysonnaz VS","Veysonnaz (VS)","Veysonnaz (VS)","Wallis","Valais","Vallese","https://thumb.wikimedia.org/wikipedia/commons/thumb/2/28/CHE_Veysonnaz_COA.svg/500px-CHE_Veysonnaz_COA.svg.png",24.50375482,FALSE,FALSE
23,6281,17.016317016,73,356,45.077720207,435,965,429,TRUE,"VS","Baltschieder","Baltschieder","Baltschieder","Baltschieder VS","Baltschieder (VS)","Baltschieder (VS)","Wallis","Valais","Vallese","https://thumb.wikimedia.org/wikipedia/commons/thumb/0/0d/CHE_Baltschieder_COA.svg/500px-CHE_Baltschieder_COA.svg.png",24.50375482,FALSE,FALSE
23,6282,17.073170732,14,68,49.700598802,83,167,82,TRUE,"VS","Eisten","Eisten","Eisten","Eisten VS","Eisten (VS)","Eisten (VS)","Wallis","Valais","Vallese","https://thumb.wikimedia.org/wikipedia/commons/thumb/1/16/CHE_Eisten_COA.svg/500px-CHE_Eisten_COA.svg.png",24.50375482,FALSE,FALSE
23,6283,12.987012987,10,67,34.497816594,79,229,77,TRUE,"VS","Embd","Embd","Embd","Embd VS","Embd (VS)","Embd (VS)","Wallis","Valais","Vallese","https://thumb.wikimedia.org/wikipedia/commons/thumb/1/10/CHE_Embd_COA.svg/500px-CHE_Embd_COA.svg.png",24.50375482,FALSE,FALSE
23,6285,11.400651466,35,272,32.531380753,311,956,307,TRUE,"VS","Grächen","Grächen","Grächen","Grächen VS","Grächen (VS)","Grächen (VS)","Wallis","Valais","Vallese","https://thumb.wikimedia.org/wikipedia/commons/thumb/c/cb/CHE_Graechen_COA.svg/500px-CHE_Graechen_COA.svg.png",24.50375482,FALSE,FALSE
23,6286,14.285714286,33,198,46.04743083,233,506,231,TRUE,"VS","Lalden","Lalden","Lalden","Lalden VS","Lalden (VS)","Lalden (VS)","Wallis","Valais","Vallese","https://thumb.wikimedia.org/wikipedia/commons/thumb/9/90/CHE_Lalden_COA.svg/500px-CHE_Lalden_COA.svg.png",24.50375482,FALSE,FALSE
23,6287,21.848739496,26,93,50.41322314,122,242,119,TRUE,"VS","Randa","Randa","Randa","Randa VS","Randa (VS)","Randa (VS)","Wallis","Valais","Vallese","https://thumb.wikimedia.org/wikipedia/commons/thumb/f/f8/CHE_Randa_COA.svg/500px-CHE_Randa_COA.svg.png",24.50375482,FALSE,FALSE
23,6288,11.724137931,17,128,55.72519084,146,262,145,TRUE,"VS","Saas-Almagell","Saas-Almagell","Saas-Almagell","Saas-Almagell VS","Saas-Almagell (VS)","Saas-Almagell (VS)","Wallis","Valais","Vallese","https://thumb.wikimedia.org/wikipedia/commons/thumb/6/6e/CHE_Saas-Almagell_COA.svg/500px-CHE_Saas-Almagell_COA.svg.png",24.50375482,FALSE,FALSE
23,6289,7.407407407,10,125,52.47148289,138,263,135,TRUE,"VS","Saas-Balen","Saas-Balen","Saas-Balen","Saas-Balen VS","Saas-Balen (VS)","Saas-Balen (VS)","Wallis","Valais","Vallese","https://thumb.wikimedia.org/wikipedia/commons/thumb/0/01/CHE_Saas-Balen_COA.svg/500px-CHE_Saas-Balen_COA.svg.png",24.50375482,FALSE,FALSE
23,6290,12.259615385,51,365,48.303167421,427,884,416,TRUE,"VS","Saas-Fee","Saas-Fee","Saas-Fee","Saas-Fee VS","Saas-Fee (VS)","Saas-Fee (VS)","Wallis","Valais","Vallese","https://thumb.wikimedia.org/wikipedia/commons/thumb/9/90/CHE_Saas-Fee_COA.svg/500px-CHE_Saas-Fee_COA.svg.png",24.50375482,FALSE,FALSE
23,6291,10.374639769,36,311,48.678720445,350,719,347,TRUE,"VS","Saas-Grund","Saas-Grund","Saas-Grund","Saas-Grund VS","Saas-Grund (VS)","Saas-Grund (VS)","Wallis","Valais","Vallese","https://thumb.wikimedia.org/wikipedia/commons/thumb/5/5d/CHE_Saas-Grund_COA.svg/500px-CHE_Saas-Grund_COA.svg.png",24.50375482,FALSE,FALSE
23,6292,13.815789474,84,524,38.08338519,612,1607,608,TRUE,"VS","St. Niklaus","Saint-Nicolas","Saint-Nicolas","St. Niklaus VS","Saint-Nicolas (VS)","Saint-Nicolas (VS)","Wallis","Valais","Vallese","https://thumb.wikimedia.org/wikipedia/commons/thumb/d/d2/CHE_St._Niklaus_COA.svg/500px-CHE_St._Niklaus_COA.svg.png",24.50375482,FALSE,FALSE
23,6293,12.146892655,43,311,45.037220844,363,806,354,TRUE,"VS","Stalden VS","Stalden (VS)","Stalden VS","Stalden VS","Stalden (VS)","Stalden (VS)","Wallis","Valais","Vallese","https://thumb.wikimedia.org/wikipedia/commons/thumb/1/17/CHE_Stalden_COA.svg/500px-CHE_Stalden_COA.svg.png",24.50375482,FALSE,FALSE
23,6294,13.41991342,31,200,51.535087719,235,456,231,TRUE,"VS","Staldenried","Staldenried","Staldenried","Staldenried VS","Staldenried (VS)","Staldenried (VS)","Wallis","Valais","Vallese","https://thumb.wikimedia.org/wikipedia/commons/thumb/9/9c/CHE_Staldenried_COA.svg/500px-CHE_Staldenried_COA.svg.png",24.50375482,FALSE,FALSE
23,6295,20.261437908,31,122,37.621359223,155,412,153,TRUE,"VS","Täsch","Täsch","Täsch","Täsch VS","Täsch (VS)","Täsch (VS)","Wallis","Valais","Vallese","https://thumb.wikimedia.org/wikipedia/commons/thumb/3/31/CHE_T%C3%A4sch_VS_COA.svg/500px-CHE_T%C3%A4sch_VS_COA.svg.png",24.50375482,FALSE,FALSE
23,6296,12.621359223,26,180,49.176470588,209,425,206,TRUE,"VS","Törbel","Törbel","Törbel","Törbel VS","Törbel (VS)","Törbel (VS)","Wallis","Valais","Vallese","https://thumb.wikimedia.org/wikipedia/commons/thumb/a/ab/CHE_T%C3%B6rbel_COA.svg/500px-CHE_T%C3%B6rbel_COA.svg.png",24.50375482,FALSE,FALSE
23,6297,18.18627451,371,1669,42.959329655,2102,4893,2040,TRUE,"VS","Visp","Viège","Viège","Visp VS","Viège (VS)","Viège (VS)","Wallis","Valais","Vallese","https://thumb.wikimedia.org/wikipedia/commons/thumb/8/81/CHE_Visp_COA.svg/500px-CHE_Visp_COA.svg.png",24.50375482,FALSE,FALSE
23,6298,17.131474104,86,416,49.56097561,508,1025,502,TRUE,"VS","Visperterminen","Visperterminen","Visperterminen","Visperterminen VS","Visperterminen (VS)","Visperterminen (VS)","Wallis","Valais","Vallese","https://thumb.wikimedia.org/wikipedia/commons/thumb/e/e9/CHE_Visperterminen_COA.svg/500px-CHE_Visperterminen_COA.svg.png",24.50375482,FALSE,FALSE
23,6299,23.364485981,25,82,46.153846154,108,234,107,TRUE,"VS","Zeneggen","Zeneggen","Zeneggen","Zeneggen VS","Zeneggen (VS)","Zeneggen (VS)","Wallis","Valais","Vallese","https://thumb.wikimedia.org/wikipedia/commons/thumb/f/f0/CHE_Zeneggen_COA.svg/500px-CHE_Zeneggen_COA.svg.png",24.50375482,FALSE,FALSE
23,6300,15.939447907,179,944,43.176733781,1158,2682,1123,TRUE,"VS","Zermatt","Zermatt","Zermatt","Zermatt VS","Zermatt (VS)","Zermatt (VS)","Wallis","Valais","Vallese","https://thumb.wikimedia.org/wikipedia/commons/thumb/5/50/CHE_Zermatt_COA.svg/500px-CHE_Zermatt_COA.svg.png",24.50375482,FALSE,FALSE
24,6404,30.318379161,419,963,37.162519852,1404,3778,1382,TRUE,"NE","Boudry","Boudry","Boudry","Boudry NE","Boudry (NE)","Boudry (NE)","Neuenburg","Neuchâtel","Neuchâtel","https://thumb.wikimedia.org/wikipedia/commons/thumb/8/86/CHE_Boudry_COA.svg/250px-CHE_Boudry_COA.svg.png",34.514999778,FALSE,FALSE
24,6408,29.06779661,343,837,37.848984772,1193,3152,1180,TRUE,"NE","Cortaillod","Cortaillod","Cortaillod","Cortaillod NE","Cortaillod (NE)","Cortaillod (NE)","Neuenburg","Neuchâtel","Neuchâtel","https://thumb.wikimedia.org/wikipedia/commons/thumb/5/5a/Cortaillod-blazon.svg/250px-Cortaillod-blazon.svg.png",34.514999778,FALSE,FALSE
24,6413,35.580524345,190,344,49.680365297,544,1095,534,TRUE,"NE","Rochefort","Rochefort","Rochefort","Rochefort NE","Rochefort (NE)","Rochefort (NE)","Neuenburg","Neuchâtel","Neuchâtel","https://thumb.wikimedia.org/wikipedia/commons/thumb/c/ca/Rochefort-blazon.svg/250px-Rochefort-blazon.svg.png",34.514999778,FALSE,FALSE
24,6416,30.607565915,801,1816,41.727301487,2638,6322,2617,TRUE,"NE","Milvignes","Milvignes","Milvignes","Milvignes NE","Milvignes (NE)","Milvignes (NE)","Neuenburg","Neuchâtel","Neuchâtel","https://thumb.wikimedia.org/wikipedia/commons/thumb/c/c5/Milvignes-blazon.svg/250px-Milvignes-blazon.svg.png",34.514999778,FALSE,FALSE
24,6417,31.812910707,823,1764,40.504565857,2617,6461,2587,TRUE,"NE","La Grande Béroche","La Grande Béroche","La Grande Béroche","La Grande Béroche NE","La Grande Béroche (NE)","La Grande Béroche (NE)","Neuenburg","Neuchâtel","Neuchâtel","https://thumb.wikimedia.org/wikipedia/commons/thumb/6/6e/LaGrandeB%C3%A9roche-blazon.svg/250px-LaGrandeB%C3%A9roche-blazon.svg.png",34.514999778,FALSE,FALSE
24,6421,41.385179366,3161,4477,34.861273233,7765,22274,7638,TRUE,"NE","La Chaux-de-Fonds","La Chaux-de-Fonds","La Chaux-de-Fonds","La Chaux-de-Fonds NE","La Chaux-de-Fonds (NE)","La Chaux-de-Fonds (NE)","Neuenburg","Neuchâtel","Neuchâtel","https://thumb.wikimedia.org/wikipedia/commons/thumb/b/b3/CHE_La_Chaux-de-Fonds_COA.svg/500px-CHE_La_Chaux-de-Fonds_COA.svg.png",34.514999778,FALSE,FALSE
24,6422,25,18,54,48.366013072,74,153,72,TRUE,"NE","Les Planchettes","Les Planchettes","Les Planchettes","Les Planchettes NE","Les Planchettes (NE)","Les Planchettes (NE)","Neuenburg","Neuchâtel","Neuchâtel","https://thumb.wikimedia.org/wikipedia/commons/thumb/6/65/CHE_Les_Planchettes_COA.svg/500px-CHE_Les_Planchettes_COA.svg.png",34.514999778,FALSE,FALSE
24,6423,23.787528868,103,330,44.580777096,436,978,433,TRUE,"NE","La Sagne","La Sagne","La Sagne","La Sagne NE","La Sagne (NE)","La Sagne (NE)","Neuenburg","Neuchâtel","Neuchâtel","https://thumb.wikimedia.org/wikipedia/commons/thumb/8/86/La_Sagne-coat_of_arms.svg/500px-La_Sagne-coat_of_arms.svg.png",34.514999778,FALSE,FALSE
24,6432,11.643835616,34,258,57.087378641,294,515,292,TRUE,"NE","La Brévine","La Brévine","La Brévine","La BréviNE","La Brévine (NE)","La (BréviNE)","Neuenburg","Neuchâtel","Neuchâtel","https://thumb.wikimedia.org/wikipedia/commons/thumb/3/33/CHE_La_Br%C3%A9vine_COA.svg/500px-CHE_La_Br%C3%A9vine_COA.svg.png",34.514999778,FALSE,FALSE
24,6433,14.52991453,17,100,53.3632287,119,223,117,TRUE,"NE","Brot-Plamboz","Brot-Plamboz","Brot-Plamboz","Brot-Plamboz NE","Brot-Plamboz (NE)","Brot-Plamboz (NE)","Neuenburg","Neuchâtel","Neuchâtel","https://thumb.wikimedia.org/wikipedia/commons/thumb/4/48/Brot-Plamboz-coat_of_arms.svg/500px-Brot-Plamboz-coat_of_arms.svg.png",34.514999778,FALSE,FALSE
24,6434,21.25,34,126,53.311258278,161,302,160,TRUE,"NE","Le Cerneux-Péquignot","Le Cerneux-Péquignot","Le Cerneux-Péquignot","Le Cerneux-Péquignot NE","Le Cerneux-Péquignot (NE)","Le Cerneux-Péquignot (NE)","Neuenburg","Neuchâtel","Neuchâtel","https://thumb.wikimedia.org/wikipedia/commons/thumb/9/9e/Le_Cerneux-Pequignot-coat_of_arms.svg/500px-Le_Cerneux-Pequignot-coat_of_arms.svg.png",34.514999778,FALSE,FALSE
24,6435,18.181818182,38,171,54.855643045,209,381,209,TRUE,"NE","La Chaux-du-Milieu","La Chaux-du-Milieu","La Chaux-du-Milieu","La Chaux-du-Milieu NE","La Chaux-du-Milieu (NE)","La Chaux-du-Milieu (NE)","Neuenburg","Neuchâtel","Neuchâtel","https://thumb.wikimedia.org/wikipedia/commons/thumb/4/49/La_Chaux-du-Milieu-coat_of_arms.svg/500px-La_Chaux-du-Milieu-coat_of_arms.svg.png",34.514999778,FALSE,FALSE
24,6436,31.26984127,788,1732,36.677206094,2552,6958,2520,TRUE,"NE","Le Locle","Le Locle","Le Locle","Le Locle NE","Le Locle (NE)","Le Locle (NE)","Neuenburg","Neuchâtel","Neuchâtel","https://thumb.wikimedia.org/wikipedia/commons/thumb/4/4e/LeLocle-blazon.svg/250px-LeLocle-blazon.svg.png",34.514999778,FALSE,FALSE
24,6437,19.301848049,94,393,49.298597194,492,998,487,TRUE,"NE","Les Ponts-de-Martel","Les Ponts-de-Martel","Les Ponts-de-Martel","Les Ponts-de-Martel NE","Les Ponts-de-Martel (NE)","Les Ponts-de-Martel (NE)","Neuenburg","Neuchâtel","Neuchâtel","https://thumb.wikimedia.org/wikipedia/commons/thumb/8/8b/CHE_Les_Ponts-de-Martel_COA.svg/500px-CHE_Les_Ponts-de-Martel_COA.svg.png",34.514999778,FALSE,FALSE
24,6451,26.781326781,109,298,39.171374765,416,1062,407,TRUE,"NE","Cornaux","Cornaux","Cornaux","Cornaux NE","Cornaux (NE)","Cornaux (NE)","Neuenburg","Neuchâtel","Neuchâtel","https://thumb.wikimedia.org/wikipedia/commons/thumb/2/29/CHE_Cornaux_COA.svg/500px-CHE_Cornaux_COA.svg.png",34.514999778,FALSE,FALSE
24,6452,30.604288499,157,356,40.694006309,516,1268,513,TRUE,"NE","Cressier NE","Cressier (NE)","Cressier NE","Cressier NE","Cressier (NE)","Cressier (NE)","Neuenburg","Neuchâtel","Neuchâtel","https://thumb.wikimedia.org/wikipedia/commons/thumb/d/d4/Cressier_NE-blazon.svg/250px-Cressier_NE-blazon.svg.png",34.514999778,FALSE,FALSE
24,6455,28.893905192,384,945,41.99188261,1345,3203,1329,TRUE,"NE","Le Landeron","Le Landeron","Le Landeron","Le Landeron NE","Le Landeron (NE)","Le Landeron (NE)","Neuenburg","Neuchâtel","Neuchâtel","https://thumb.wikimedia.org/wikipedia/commons/thumb/0/01/LeLanderon-blazon.svg/250px-LeLanderon-blazon.svg.png",34.514999778,FALSE,FALSE
24,6456,26.074498567,91,258,45.256410256,353,780,349,TRUE,"NE","Lignières","Lignières","Lignières","Lignières NE","Lignières (NE)","Lignières (NE)","Neuenburg","Neuchâtel","Neuchâtel","https://thumb.wikimedia.org/wikipedia/commons/thumb/6/6f/CHE_Ligni%C3%A8res_COA.svg/500px-CHE_Ligni%C3%A8res_COA.svg.png",34.514999778,FALSE,FALSE
24,6458,41.333575581,4550,6458,40.798218068,11173,27386,11008,TRUE,"NE","Neuenburg","Neuchâtel","Neuchâtel","Neuenburg NE","Neuchâtel (NE)","Neuchâtel (NE)","Neuenburg","Neuchâtel","Neuchâtel","https://thumb.wikimedia.org/wikipedia/commons/thumb/0/04/CHE_Neuch%C3%A2tel_COA.svg/500px-CHE_Neuch%C3%A2tel_COA.svg.png",34.514999778,FALSE,FALSE
24,6487,28.588445503,1440,3597,41.873096864,5088,12151,5037,TRUE,"NE","Val-de-Ruz","Val-de-Ruz","Val-de-Ruz","Val-de-Ruz NE","Val-de-Ruz (NE)","Val-de-Ruz (NE)","Neuenburg","Neuchâtel","Neuchâtel","https://thumb.wikimedia.org/wikipedia/commons/thumb/b/b1/CHE_Val-de-Ruz_COA.svg/500px-CHE_Val-de-Ruz_COA.svg.png",34.514999778,FALSE,FALSE
24,6504,21.951219512,45,160,48.815165877,206,422,205,TRUE,"NE","La Côte-aux-Fées","La Côte-aux-Fées","La Côte-aux-Fées","La Côte-aux-Fées NE","La Côte-aux-Fées (NE)","La Côte-aux-Fées (NE)","Neuenburg","Neuchâtel","Neuchâtel","https://thumb.wikimedia.org/wikipedia/commons/thumb/3/35/CHE_La_C%C3%B4te-aux-F%C3%A9es_COA.svg/500px-CHE_La_C%C3%B4te-aux-F%C3%A9es_COA.svg.png",34.514999778,FALSE,FALSE
24,6511,16.41025641,32,163,34.380453752,197,573,195,TRUE,"NE","Les Verrières","Les Verrières","Les Verrières","Les Verrières NE","Les Verrières (NE)","Les Verrières (NE)","Neuenburg","Neuchâtel","Neuchâtel","https://thumb.wikimedia.org/wikipedia/commons/thumb/6/6a/CHE_Les_Verri%C3%A8res_COA.svg/500px-CHE_Les_Verri%C3%A8res_COA.svg.png",34.514999778,FALSE,FALSE
24,6512,30.901608679,826,1847,35.214564369,2708,7690,2673,TRUE,"NE","Val-de-Travers","Val-de-Travers","Val-de-Travers","Val-de-Travers NE","Val-de-Travers (NE)","Val-de-Travers (NE)","Neuenburg","Neuchâtel","Neuchâtel","https://thumb.wikimedia.org/wikipedia/commons/thumb/f/f7/CHE_Val-de-Travers_COA.svg/250px-CHE_Val-de-Travers_COA.svg.png",34.514999778,FALSE,FALSE
24,6513,33.887147335,1081,2109,43.349423438,3233,7458,3190,TRUE,"NE","Laténa","Laténa","Laténa","Laténa NE","Laténa (NE)","Laténa (NE)","Neuenburg","Neuchâtel","Neuchâtel","https://thumb.wikimedia.org/wikipedia/commons/thumb/0/0e/CHE_Lat%C3%A9na_COA.svg/500px-CHE_Lat%C3%A9na_COA.svg.png",34.514999778,FALSE,FALSE
25,6601,,,,,,,,FALSE,"GE","Aire-la-Ville","Aire-la-Ville","Aire-la-Ville","Aire-la-Ville GE","Aire-la-Ville (GE)","Aire-la-Ville (GE)","Genf","Genève","Ginevra","https://thumb.wikimedia.org/wikipedia/commons/thumb/6/67/CHE_Aire-la-Ville_COA.svg/960px-CHE_Aire-la-Ville_COA.svg.png",36.88638809,FALSE,FALSE
25,6602,,,,,,,,FALSE,"GE","Anières","Anières","Anières","Anières GE","Anières (GE)","Anières (GE)","Genf","Genève","Ginevra","https://thumb.wikimedia.org/wikipedia/commons/thumb/b/b8/CHE_Ani%C3%A8res_COA.svg/960px-CHE_Ani%C3%A8res_COA.svg.png",36.88638809,FALSE,FALSE
25,6603,,,,,,,,FALSE,"GE","Avully","Avully","Avully","Avully GE","Avully (GE)","Avully (GE)","Genf","Genève","Ginevra","https://thumb.wikimedia.org/wikipedia/commons/thumb/4/4f/CHE_Avully_COA.svg/960px-CHE_Avully_COA.svg.png",36.88638809,FALSE,FALSE
25,6604,,,,,,,,FALSE,"GE","Avusy","Avusy","Avusy","Avusy GE","Avusy (GE)","Avusy (GE)","Genf","Genève","Ginevra","https://thumb.wikimedia.org/wikipedia/commons/thumb/e/e6/CHE_Avusy_COA.svg/960px-CHE_Avusy_COA.svg.png",36.88638809,FALSE,FALSE
25,6605,,,,,,,,FALSE,"GE","Bardonnex","Bardonnex","Bardonnex","Bardonnex GE","Bardonnex (GE)","Bardonnex (GE)","Genf","Genève","Ginevra","https://thumb.wikimedia.org/wikipedia/commons/thumb/1/15/CHE_Bardonnex_COA.svg/500px-CHE_Bardonnex_COA.svg.png",36.88638809,FALSE,FALSE
25,6606,,,,,,,,FALSE,"GE","Bellevue","Bellevue","Bellevue","Bellevue GE","Bellevue (GE)","Bellevue (GE)","Genf","Genève","Ginevra","https://thumb.wikimedia.org/wikipedia/commons/thumb/0/09/CHE_Bellevue_COA.svg/960px-CHE_Bellevue_COA.svg.png",36.88638809,FALSE,FALSE
25,6607,,,,,,,,FALSE,"GE","Bernex","Bernex","Bernex","Bernex GE","Bernex (GE)","Bernex (GE)","Genf","Genève","Ginevra","https://thumb.wikimedia.org/wikipedia/commons/thumb/e/e4/CHE_Bernex_COA.svg/960px-CHE_Bernex_COA.svg.png",36.88638809,FALSE,FALSE
25,6608,,,,,,,,FALSE,"GE","Carouge","Carouge (GE)","Carouge","Carouge GE","Carouge (GE)","Carouge (GE)","Genf","Genève","Ginevra","https://thumb.wikimedia.org/wikipedia/commons/thumb/4/4b/CHE_Carouge_COA.svg/960px-CHE_Carouge_COA.svg.png",36.88638809,FALSE,FALSE
25,6609,,,,,,,,FALSE,"GE","Cartigny","Cartigny","Cartigny","Cartigny GE","Cartigny (GE)","Cartigny (GE)","Genf","Genève","Ginevra","https://thumb.wikimedia.org/wikipedia/commons/thumb/3/30/CHE_Cartigny_COA.svg/960px-CHE_Cartigny_COA.svg.png",36.88638809,FALSE,FALSE
25,6610,,,,,,,,FALSE,"GE","Céligny","Céligny","Céligny","Céligny GE","Céligny (GE)","Céligny (GE)","Genf","Genève","Ginevra","https://thumb.wikimedia.org/wikipedia/commons/thumb/7/7b/CHE_C%C3%A9ligny_COA.svg/960px-CHE_C%C3%A9ligny_COA.svg.png",36.88638809,FALSE,FALSE
25,6611,,,,,,,,FALSE,"GE","Chancy","Chancy","Chancy","Chancy GE","Chancy (GE)","Chancy (GE)","Genf","Genève","Ginevra","https://thumb.wikimedia.org/wikipedia/commons/thumb/5/52/CHE_Chancy_COA.svg/960px-CHE_Chancy_COA.svg.png",36.88638809,FALSE,FALSE
25,6612,,,,,,,,FALSE,"GE","Chêne-Bougeries","Chêne-Bougeries","Chêne-Bougeries","Chêne-Bougeries GE","Chêne-Bougeries (GE)","Chêne-Bougeries (GE)","Genf","Genève","Ginevra","https://thumb.wikimedia.org/wikipedia/commons/thumb/f/f4/CHE_Ch%C3%AAne-Bougeries_COA.svg/500px-CHE_Ch%C3%AAne-Bougeries_COA.svg.png",36.88638809,FALSE,FALSE
25,6613,,,,,,,,FALSE,"GE","Chêne-Bourg","Chêne-Bourg","Chêne-Bourg","Chêne-Bourg GE","Chêne-Bourg (GE)","Chêne-Bourg (GE)","Genf","Genève","Ginevra","https://thumb.wikimedia.org/wikipedia/commons/thumb/d/d3/CHE_Ch%C3%AAne-Bourg_COA.svg/960px-CHE_Ch%C3%AAne-Bourg_COA.svg.png",36.88638809,FALSE,FALSE
25,6614,,,,,,,,FALSE,"GE","Choulex","Choulex","Choulex","Choulex GE","Choulex (GE)","Choulex (GE)","Genf","Genève","Ginevra","https://thumb.wikimedia.org/wikipedia/commons/thumb/2/27/CHE_Choulex_COA.svg/960px-CHE_Choulex_COA.svg.png",36.88638809,FALSE,FALSE
25,6615,,,,,,,,FALSE,"GE","Collex-Bossy","Collex-Bossy","Collex-Bossy","Collex-Bossy GE","Collex-Bossy (GE)","Collex-Bossy (GE)","Genf","Genève","Ginevra","https://thumb.wikimedia.org/wikipedia/commons/thumb/f/f5/CHE_Collex-Bossy_COA.svg/960px-CHE_Collex-Bossy_COA.svg.png",36.88638809,FALSE,FALSE
25,6616,,,,,,,,FALSE,"GE","Collonge-Bellerive","Collonge-Bellerive","Collonge-Bellerive","Collonge-Bellerive GE","Collonge-Bellerive (GE)","Collonge-Bellerive (GE)","Genf","Genève","Ginevra","https://thumb.wikimedia.org/wikipedia/commons/thumb/f/f6/CHE_Collonge-Bellerive_COA.svg/960px-CHE_Collonge-Bellerive_COA.svg.png",36.88638809,FALSE,FALSE
25,6617,,,,,,,,FALSE,"GE","Cologny","Cologny","Cologny","Cologny GE","Cologny (GE)","Cologny (GE)","Genf","Genève","Ginevra","https://thumb.wikimedia.org/wikipedia/commons/thumb/a/a2/CHE_Cologny_COA.svg/960px-CHE_Cologny_COA.svg.png",36.88638809,FALSE,FALSE
25,6618,,,,,,,,FALSE,"GE","Confignon","Confignon","Confignon","Confignon GE","Confignon (GE)","Confignon (GE)","Genf","Genève","Ginevra","https://thumb.wikimedia.org/wikipedia/commons/thumb/5/58/CHE_Confignon_COA.svg/960px-CHE_Confignon_COA.svg.png",36.88638809,FALSE,FALSE
25,6619,,,,,,,,FALSE,"GE","Corsier GE","Corsier (GE)","Corsier GE","Corsier GE","Corsier (GE)","Corsier (GE)","Genf","Genève","Ginevra","https://thumb.wikimedia.org/wikipedia/commons/thumb/3/3c/CHE_Corsier_COA.svg/960px-CHE_Corsier_COA.svg.png",36.88638809,FALSE,FALSE
25,6620,,,,,,,,FALSE,"GE","Dardagny","Dardagny","Dardagny","Dardagny GE","Dardagny (GE)","Dardagny (GE)","Genf","Genève","Ginevra","https://thumb.wikimedia.org/wikipedia/commons/thumb/2/26/CHE_Dardagny_COA.svg/960px-CHE_Dardagny_COA.svg.png",36.88638809,FALSE,FALSE
25,6621,,,,,,,,FALSE,"GE","Genf","Genève","Ginevra","Genf GE","Genève (GE)","Ginevra (GE)","Genf","Genève","Ginevra","https://thumb.wikimedia.org/wikipedia/commons/thumb/4/4d/CHE_Gen%C3%A8ve_COA.svg/960px-CHE_Gen%C3%A8ve_COA.svg.png",36.88638809,FALSE,FALSE
25,6622,,,,,,,,FALSE,"GE","Genthod","Genthod","Genthod","Genthod GE","Genthod (GE)","Genthod (GE)","Genf","Genève","Ginevra","https://thumb.wikimedia.org/wikipedia/commons/thumb/f/f5/CHE_Genthod_COA.svg/960px-CHE_Genthod_COA.svg.png",36.88638809,FALSE,FALSE
25,6623,,,,,,,,FALSE,"GE","Le Grand-Saconnex","Le Grand-Saconnex","Le Grand-Saconnex","Le Grand-Saconnex GE","Le Grand-Saconnex (GE)","Le Grand-Saconnex (GE)","Genf","Genève","Ginevra","https://thumb.wikimedia.org/wikipedia/commons/thumb/6/6a/CHE_Le_Grand-Saconnex_COA.svg/960px-CHE_Le_Grand-Saconnex_COA.svg.png",36.88638809,FALSE,FALSE
25,6624,,,,,,,,FALSE,"GE","Gy","Gy","Gy","Gy GE","Gy (GE)","Gy (GE)","Genf","Genève","Ginevra","https://thumb.wikimedia.org/wikipedia/commons/thumb/f/f8/CHE_Gy_COA.svg/960px-CHE_Gy_COA.svg.png",36.88638809,FALSE,FALSE
25,6625,,,,,,,,FALSE,"GE","Hermance","Hermance","Hermance","Hermance GE","Hermance (GE)","Hermance (GE)","Genf","Genève","Ginevra","https://thumb.wikimedia.org/wikipedia/commons/thumb/b/b3/CHE_Hermance_COA.svg/960px-CHE_Hermance_COA.svg.png",36.88638809,FALSE,FALSE
25,6626,,,,,,,,FALSE,"GE","Jussy","Jussy","Jussy","Jussy GE","Jussy (GE)","Jussy (GE)","Genf","Genève","Ginevra","https://thumb.wikimedia.org/wikipedia/commons/thumb/3/31/CHE_Jussy_COA.svg/960px-CHE_Jussy_COA.svg.png",36.88638809,FALSE,FALSE
25,6627,,,,,,,,FALSE,"GE","Laconnex","Laconnex","Laconnex","Laconnex GE","Laconnex (GE)","Laconnex (GE)","Genf","Genève","Ginevra","https://thumb.wikimedia.org/wikipedia/commons/thumb/9/97/CHE_Laconnex_COA.svg/960px-CHE_Laconnex_COA.svg.png",36.88638809,FALSE,FALSE
25,6628,,,,,,,,FALSE,"GE","Lancy","Lancy","Lancy","Lancy GE","Lancy (GE)","Lancy (GE)","Genf","Genève","Ginevra","https://thumb.wikimedia.org/wikipedia/commons/thumb/2/29/CHE_Lancy_COA.svg/960px-CHE_Lancy_COA.svg.png",36.88638809,FALSE,FALSE
25,6629,,,,,,,,FALSE,"GE","Meinier","Meinier","Meinier","Meinier GE","Meinier (GE)","Meinier (GE)","Genf","Genève","Ginevra","https://thumb.wikimedia.org/wikipedia/commons/thumb/a/a4/CHE_Meinier_COA.svg/960px-CHE_Meinier_COA.svg.png",36.88638809,FALSE,FALSE
25,6630,,,,,,,,FALSE,"GE","Meyrin","Meyrin","Meyrin","Meyrin GE","Meyrin (GE)","Meyrin (GE)","Genf","Genève","Ginevra","https://thumb.wikimedia.org/wikipedia/commons/thumb/5/5a/CHE_Meyrin_COA.svg/960px-CHE_Meyrin_COA.svg.png",36.88638809,FALSE,FALSE
25,6631,,,,,,,,FALSE,"GE","Onex","Onex","Onex","Onex GE","Onex (GE)","Onex (GE)","Genf","Genève","Ginevra","https://thumb.wikimedia.org/wikipedia/commons/thumb/b/b6/CHE_Onex_COA.svg/960px-CHE_Onex_COA.svg.png",36.88638809,FALSE,FALSE
25,6632,,,,,,,,FALSE,"GE","Perly-Certoux","Perly-Certoux","Perly-Certoux","Perly-Certoux GE","Perly-Certoux (GE)","Perly-Certoux (GE)","Genf","Genève","Ginevra","https://thumb.wikimedia.org/wikipedia/commons/thumb/e/ed/CHE_Perly-Certoux_COA.svg/960px-CHE_Perly-Certoux_COA.svg.png",36.88638809,FALSE,FALSE
25,6633,,,,,,,,FALSE,"GE","Plan-les-Ouates","Plan-les-Ouates","Plan-les-Ouates","Plan-les-Ouates GE","Plan-les-Ouates (GE)","Plan-les-Ouates (GE)","Genf","Genève","Ginevra","https://thumb.wikimedia.org/wikipedia/commons/thumb/6/66/CHE_Plan-les-Ouates_COA.svg/960px-CHE_Plan-les-Ouates_COA.svg.png",36.88638809,FALSE,FALSE
25,6634,,,,,,,,FALSE,"GE","Pregny-Chambésy","Pregny-Chambésy","Pregny-Chambésy","Pregny-Chambésy GE","Pregny-Chambésy (GE)","Pregny-Chambésy (GE)","Genf","Genève","Ginevra","https://thumb.wikimedia.org/wikipedia/commons/thumb/0/07/CHE_Pregny-Chamb%C3%A9sy_COA.svg/960px-CHE_Pregny-Chamb%C3%A9sy_COA.svg.png",36.88638809,FALSE,FALSE
25,6635,,,,,,,,FALSE,"GE","Presinge","Presinge","Presinge","Presinge GE","Presinge (GE)","Presinge (GE)","Genf","Genève","Ginevra","https://thumb.wikimedia.org/wikipedia/commons/thumb/b/b1/CHE_Presinge_COA.svg/960px-CHE_Presinge_COA.svg.png",36.88638809,FALSE,FALSE
25,6636,,,,,,,,FALSE,"GE","Puplinge","Puplinge","Puplinge","Puplinge GE","Puplinge (GE)","Puplinge (GE)","Genf","Genève","Ginevra","https://thumb.wikimedia.org/wikipedia/commons/thumb/c/ce/CHE_Puplinge_COA.svg/960px-CHE_Puplinge_COA.svg.png",36.88638809,FALSE,FALSE
25,6637,,,,,,,,FALSE,"GE","Russin","Russin","Russin","Russin GE","Russin (GE)","Russin (GE)","Genf","Genève","Ginevra","https://thumb.wikimedia.org/wikipedia/commons/thumb/4/49/CHE_Russin_COA.svg/960px-CHE_Russin_COA.svg.png",36.88638809,FALSE,FALSE
25,6638,,,,,,,,FALSE,"GE","Satigny","Satigny","Satigny","Satigny GE","Satigny (GE)","Satigny (GE)","Genf","Genève","Ginevra","https://thumb.wikimedia.org/wikipedia/commons/thumb/e/e6/CHE_Satigny_COA.svg/960px-CHE_Satigny_COA.svg.png",36.88638809,FALSE,FALSE
25,6639,,,,,,,,FALSE,"GE","Soral","Soral","Soral","Soral GE","Soral (GE)","Soral (GE)","Genf","Genève","Ginevra","https://thumb.wikimedia.org/wikipedia/commons/thumb/d/de/CHE_Soral_COA.svg/960px-CHE_Soral_COA.svg.png",36.88638809,FALSE,FALSE
25,6640,,,,,,,,FALSE,"GE","Thônex","Thônex","Thônex","Thônex GE","Thônex (GE)","Thônex (GE)","Genf","Genève","Ginevra","https://thumb.wikimedia.org/wikipedia/commons/thumb/e/e5/CHE_Th%C3%B4nex_COA.svg/960px-CHE_Th%C3%B4nex_COA.svg.png",36.88638809,FALSE,FALSE
25,6641,,,,,,,,FALSE,"GE","Troinex","Troinex","Troinex","Troinex GE","Troinex (GE)","Troinex (GE)","Genf","Genève","Ginevra","https://thumb.wikimedia.org/wikipedia/commons/thumb/3/36/CHE_Troinex_COA.svg/960px-CHE_Troinex_COA.svg.png",36.88638809,FALSE,FALSE
25,6642,,,,,,,,FALSE,"GE","Vandoeuvres","Vandoeuvres","Vandoeuvres","Vandoeuvres GE","Vandoeuvres (GE)","Vandoeuvres (GE)","Genf","Genève","Ginevra","https://thumb.wikimedia.org/wikipedia/commons/thumb/7/70/CHE_Vand%C5%93uvres_COA.svg/960px-CHE_Vand%C5%93uvres_COA.svg.png",36.88638809,FALSE,FALSE
25,6643,,,,,,,,FALSE,"GE","Vernier","Vernier","Vernier","Vernier GE","Vernier (GE)","Vernier (GE)","Genf","Genève","Ginevra","https://thumb.wikimedia.org/wikipedia/commons/thumb/5/58/CHE_Vernier_COA.svg/960px-CHE_Vernier_COA.svg.png",36.88638809,FALSE,FALSE
25,6644,,,,,,,,FALSE,"GE","Versoix","Versoix","Versoix","Versoix GE","Versoix (GE)","Versoix (GE)","Genf","Genève","Ginevra","https://thumb.wikimedia.org/wikipedia/commons/thumb/e/e2/CHE_Versoix_COA.svg/960px-CHE_Versoix_COA.svg.png",36.88638809,FALSE,FALSE
25,6645,,,,,,,,FALSE,"GE","Veyrier","Veyrier","Veyrier","Veyrier GE","Veyrier (GE)","Veyrier (GE)","Genf","Genève","Ginevra","https://thumb.wikimedia.org/wikipedia/commons/thumb/e/e9/CHE_Veyrier_COA.svg/960px-CHE_Veyrier_COA.svg.png",36.88638809,FALSE,FALSE
26,6702,27.472527473,75,198,37.653478854,276,733,273,TRUE,"JU","Boécourt","Boécourt","Boécourt","Boécourt JU","Boécourt (JU)","Boécourt (JU)","Jura","Jura","Giura","https://thumb.wikimedia.org/wikipedia/commons/thumb/6/6b/CHE_Bo%C3%A9court_COA.svg/960px-CHE_Bo%C3%A9court_COA.svg.png",29.184051924,FALSE,FALSE
26,6703,18.103448276,21,95,46.09375,118,256,116,TRUE,"JU","Bourrignon","Bourrignon","Bourrignon","Bourrignon JU","Bourrignon (JU)","Bourrignon (JU)","Jura","Jura","Giura","https://thumb.wikimedia.org/wikipedia/commons/thumb/c/ca/Bourrignon-blazon.svg/250px-Bourrignon-blazon.svg.png",29.184051924,FALSE,FALSE
26,6704,26.25,42,118,41.044776119,165,402,160,TRUE,"JU","Châtillon JU","Châtillon (JU)","Châtillon JU","Châtillon JU","Châtillon (JU)","Châtillon (JU)","Jura","Jura","Giura","https://thumb.wikimedia.org/wikipedia/commons/thumb/b/bd/CHE_Ch%C3%A2tillon_COA.svg/250px-CHE_Ch%C3%A2tillon_COA.svg.png",29.184051924,FALSE,FALSE
26,6706,31.496062992,40,87,35.574229692,127,357,127,TRUE,"JU","Courchapoix","Courchapoix","Courchapoix","Courchapoix JU","Courchapoix (JU)","Courchapoix (JU)","Jura","Jura","Giura","https://thumb.wikimedia.org/wikipedia/commons/thumb/d/de/CHE_Courchapoix_COA.svg/960px-CHE_Courchapoix_COA.svg.png",29.184051924,FALSE,FALSE
26,6708,29.176755448,241,585,35.2,836,2375,826,TRUE,"JU","Courrendlin","Courrendlin","Courrendlin","Courrendlin JU","Courrendlin (JU)","Courrendlin (JU)","Jura","Jura","Giura","https://thumb.wikimedia.org/wikipedia/commons/thumb/9/9f/CHE_Courrendlin_COA.svg/960px-CHE_Courrendlin_COA.svg.png",29.184051924,FALSE,FALSE
26,6709,27.753779698,257,669,38.134206219,932,2444,926,TRUE,"JU","Courroux","Courroux","Courroux","Courroux JU","Courroux (JU)","Courroux (JU)","Jura","Jura","Giura","https://thumb.wikimedia.org/wikipedia/commons/thumb/2/21/Courroux-blazon.svg/250px-Courroux-blazon.svg.png",29.184051924,FALSE,FALSE
26,6710,30.235783634,218,503,36.753823384,745,2027,721,TRUE,"JU","Courtételle","Courtételle","Courtételle","Courtételle JU","Courtételle (JU)","Courtételle (JU)","Jura","Jura","Giura","https://thumb.wikimedia.org/wikipedia/commons/thumb/0/02/CH_Courtetelle_COA.svg/500px-CH_Courtetelle_COA.svg.png",29.184051924,FALSE,FALSE
26,6711,35.998578536,1013,1801,36.733118971,2856,7775,2814,TRUE,"JU","Delsberg","Delémont","Delémont","Delsberg JU","Delémont (JU)","Delémont (JU)","Jura","Jura","Giura","https://thumb.wikimedia.org/wikipedia/commons/thumb/2/26/CHE_Del%C3%A9mont_COA.svg/500px-CHE_Del%C3%A9mont_COA.svg.png",29.184051924,FALSE,FALSE
26,6712,23.907455013,93,296,39.221556886,393,1002,389,TRUE,"JU","Develier","Develier","Develier","Develier JU","Develier (JU)","Develier (JU)","Jura","Jura","Giura","https://thumb.wikimedia.org/wikipedia/commons/thumb/2/25/CHE_Develier_COA.svg/960px-CHE_Develier_COA.svg.png",29.184051924,FALSE,FALSE
26,6713,6.52173913,3,43,48.421052632,46,95,46,TRUE,"JU","Ederswiler","Ederswiler","Ederswiler","Ederswiler JU","Ederswiler (JU)","Ederswiler (JU)","Jura","Jura","Giura","https://thumb.wikimedia.org/wikipedia/commons/thumb/d/db/CHE_Ederswiler_COA.svg/960px-CHE_Ederswiler_COA.svg.png",29.184051924,FALSE,FALSE
26,6715,32.474226804,63,131,47.482014388,198,417,194,TRUE,"JU","Mervelier","Mervelier","Mervelier","Mervelier JU","Mervelier (JU)","Mervelier (JU)","Jura","Jura","Giura","https://thumb.wikimedia.org/wikipedia/commons/thumb/a/ad/CHE_Mervelier_COA.svg/960px-CHE_Mervelier_COA.svg.png",29.184051924,FALSE,FALSE
26,6716,30.612244898,15,34,63.636363636,49,77,49,TRUE,"JU","Mettembert","Mettembert","Mettembert","Mettembert JU","Mettembert (JU)","Mettembert (JU)","Jura","Jura","Giura","https://thumb.wikimedia.org/wikipedia/commons/thumb/8/8c/CHE_Mettembert_COA.svg/500px-CHE_Mettembert_COA.svg.png",29.184051924,FALSE,FALSE
26,6718,34.013605442,50,97,42.857142857,147,343,147,TRUE,"JU","Movelier","Movelier","Movelier","Movelier JU","Movelier (JU)","Movelier (JU)","Jura","Jura","Giura","https://thumb.wikimedia.org/wikipedia/commons/thumb/7/7d/CHE_Movelier_COA.svg/960px-CHE_Movelier_COA.svg.png",29.184051924,FALSE,FALSE
26,6719,31.972789116,47,100,44.910179641,150,334,147,TRUE,"JU","Pleigne","Pleigne","Pleigne","Pleigne JU","Pleigne (JU)","Pleigne (JU)","Jura","Jura","Giura","https://thumb.wikimedia.org/wikipedia/commons/thumb/0/04/CHE_Pleigne_COA.svg/500px-CHE_Pleigne_COA.svg.png",29.184051924,FALSE,FALSE
26,6721,27.272727273,69,184,44.214162349,256,579,253,TRUE,"JU","Rossemaison","Rossemaison","Rossemaison","Rossemaison JU","Rossemaison (JU)","Rossemaison (JU)","Jura","Jura","Giura","https://thumb.wikimedia.org/wikipedia/commons/thumb/d/d4/CHE_Rossemaison_COA.svg/960px-CHE_Rossemaison_COA.svg.png",29.184051924,FALSE,FALSE
26,6722,16.455696203,13,66,36.744186047,79,215,79,TRUE,"JU","Saulcy","Saulcy","Saulcy","Saulcy JU","Saulcy (JU)","Saulcy (JU)","Jura","Jura","Giura","https://thumb.wikimedia.org/wikipedia/commons/thumb/0/0c/CHE_Saulcy_COA.svg/960px-CHE_Saulcy_COA.svg.png",29.184051924,FALSE,FALSE
26,6724,28.813559322,34,84,39.61038961,122,308,118,TRUE,"JU","Soyhières","Soyhières","Soyhières","Soyhières JU","Soyhières (JU)","Soyhières (JU)","Jura","Jura","Giura","https://thumb.wikimedia.org/wikipedia/commons/thumb/3/30/CHE_Soyhi%C3%A8res_COA.svg/960px-CHE_Soyhi%C3%A8res_COA.svg.png",29.184051924,FALSE,FALSE
26,6729,32.233223322,586,1232,35.405872193,1845,5211,1818,TRUE,"JU","Haute-Sorne","Haute-Sorne","Haute-Sorne","Haute-Sorne JU","Haute-Sorne (JU)","Haute-Sorne (JU)","Jura","Jura","Giura","https://thumb.wikimedia.org/wikipedia/commons/thumb/2/2f/CHE_Haute-Sorne_COA.svg/500px-CHE_Haute-Sorne_COA.svg.png",29.184051924,FALSE,FALSE
26,6730,23.979591837,235,745,38.745098039,988,2550,980,TRUE,"JU","Val Terbi","Val Terbi","Val Terbi","Val Terbi JU","Val Terbi (JU)","Val Terbi (JU)","Jura","Jura","Giura","https://thumb.wikimedia.org/wikipedia/commons/thumb/c/c1/Coats_of_arms_of_None.svg/250px-Coats_of_arms_of_None.svg.png",29.184051924,FALSE,FALSE
26,6741,20.689655172,24,92,39.333333333,118,300,116,TRUE,"JU","Le Bémont JU","Le Bémont (JU)","Le Bémont JU","Le Bémont JU","Le Bémont (JU)","Le Bémont (JU)","Jura","Jura","Giura","https://thumb.wikimedia.org/wikipedia/commons/thumb/8/81/CHE_Le_B%C3%A9mont_COA.svg/960px-CHE_Le_B%C3%A9mont_COA.svg.png",29.184051924,FALSE,FALSE
26,6742,34.254143646,124,238,37.7593361,364,964,362,TRUE,"JU","Les Bois","Les Bois","Les Bois","Les Bois JU","Les Bois (JU)","Les Bois (JU)","Jura","Jura","Giura","https://thumb.wikimedia.org/wikipedia/commons/thumb/a/a5/CHE_Les_Bois_COA.svg/250px-CHE_Les_Bois_COA.svg.png",29.184051924,FALSE,FALSE
26,6743,27.517985612,153,403,44.684252598,559,1251,556,TRUE,"JU","Les Breuleux","Les Breuleux","Les Breuleux","Les Breuleux JU","Les Breuleux (JU)","Les Breuleux (JU)","Jura","Jura","Giura","https://thumb.wikimedia.org/wikipedia/commons/thumb/b/b4/CHE_Les_Breuleux_COA.svg/960px-CHE_Les_Breuleux_COA.svg.png",29.184051924,FALSE,FALSE
26,6745,40.845070423,29,42,63.963963964,71,111,71,TRUE,"JU","Les Enfers","Les Enfers","Les Enfers","Les Enfers JU","Les Enfers (JU)","Les Enfers (JU)","Jura","Jura","Giura","https://thumb.wikimedia.org/wikipedia/commons/thumb/6/65/LesEnfers-blazon.svg/250px-LesEnfers-blazon.svg.png",29.184051924,FALSE,FALSE
26,6748,28.735632184,50,124,38.512035011,176,457,174,TRUE,"JU","Les Genevez JU","Les Genevez (JU)","Les Genevez JU","Les Genevez JU","Les Genevez (JU)","Les Genevez (JU)","Jura","Jura","Giura","https://thumb.wikimedia.org/wikipedia/commons/thumb/8/83/CHE_Les_Genevez_COA.svg/500px-CHE_Les_Genevez_COA.svg.png",29.184051924,FALSE,FALSE
26,6750,36.01532567,94,167,45.008460237,266,591,261,TRUE,"JU","Lajoux JU","Lajoux (JU)","Lajoux JU","Lajoux JU","Lajoux (JU)","Lajoux (JU)","Jura","Jura","Giura","https://thumb.wikimedia.org/wikipedia/commons/thumb/4/43/CHE_Lajoux_COA.svg/960px-CHE_Lajoux_COA.svg.png",29.184051924,FALSE,FALSE
26,6751,23.076923077,66,220,59.304703476,290,489,286,TRUE,"JU","Montfaucon","Montfaucon","Montfaucon","Montfaucon JU","Montfaucon (JU)","Montfaucon (JU)","Jura","Jura","Giura","https://thumb.wikimedia.org/wikipedia/commons/thumb/e/e2/CHE_Montfaucon_COA.svg/960px-CHE_Montfaucon_COA.svg.png",29.184051924,FALSE,FALSE
26,6753,26.804123711,52,142,42.703862661,199,466,194,TRUE,"JU","Muriaux","Muriaux","Muriaux","Muriaux JU","Muriaux (JU)","Muriaux (JU)","Jura","Jura","Giura","https://thumb.wikimedia.org/wikipedia/commons/thumb/9/96/CHE_Muriaux_COA.svg/960px-CHE_Muriaux_COA.svg.png",29.184051924,FALSE,FALSE
26,6754,33.106960951,195,394,41.135734072,594,1444,589,TRUE,"JU","Le Noirmont","Le Noirmont","Le Noirmont","Le Noirmont JU","Le Noirmont (JU)","Le Noirmont (JU)","Jura","Jura","Giura","https://thumb.wikimedia.org/wikipedia/commons/thumb/a/a9/CHE_Le_Noirmont_COA.svg/500px-CHE_Le_Noirmont_COA.svg.png",29.184051924,FALSE,FALSE
26,6757,26.534653465,268,742,50.024402147,1025,2049,1010,TRUE,"JU","Saignelégier","Saignelégier","Saignelégier","Saignelégier JU","Saignelégier (JU)","Saignelégier (JU)","Jura","Jura","Giura","https://thumb.wikimedia.org/wikipedia/commons/thumb/2/23/CHE_Saignel%C3%A9gier_COA.svg/960px-CHE_Saignel%C3%A9gier_COA.svg.png",29.184051924,FALSE,FALSE
26,6758,33.333333333,36,72,50.943396226,108,212,108,TRUE,"JU","Saint-Brais","Saint-Brais","Saint-Brais","Saint-Brais JU","Saint-Brais (JU)","Saint-Brais (JU)","Jura","Jura","Giura","https://thumb.wikimedia.org/wikipedia/commons/thumb/a/a2/CHE_Saint-Brais_COA.svg/960px-CHE_Saint-Brais_COA.svg.png",29.184051924,FALSE,FALSE
26,6759,28.301886792,15,38,40.909090909,54,132,53,TRUE,"JU","Soubey","Soubey","Soubey","Soubey JU","Soubey (JU)","Soubey (JU)","Jura","Jura","Giura","https://thumb.wikimedia.org/wikipedia/commons/thumb/0/02/CHE_Soubey_COA.svg/960px-CHE_Soubey_COA.svg.png",29.184051924,FALSE,FALSE
26,6771,20.934579439,112,423,36.953551913,541,1464,535,TRUE,"JU","Alle","Alle","Alle","Alle JU","Alle (JU)","Alle (JU)","Jura","Jura","Giura","https://thumb.wikimedia.org/wikipedia/commons/thumb/9/9c/CHE_Alle_COA.svg/500px-CHE_Alle_COA.svg.png",29.184051924,FALSE,FALSE
26,6774,26.666666667,92,253,35.437881874,348,982,345,TRUE,"JU","Boncourt","Boncourt","Boncourt","Boncourt JU","Boncourt (JU)","Boncourt (JU)","Jura","Jura","Giura","https://thumb.wikimedia.org/wikipedia/commons/thumb/6/64/Boncourt-blazon.svg/250px-Boncourt-blazon.svg.png",29.184051924,FALSE,FALSE
26,6778,24.242424242,56,175,39.558573854,233,589,231,TRUE,"JU","Bure","Bure","Bure","Bure JU","Bure (JU)","Bure (JU)","Jura","Jura","Giura","https://thumb.wikimedia.org/wikipedia/commons/thumb/1/1e/CHE_Bure_COA.svg/960px-CHE_Bure_COA.svg.png",29.184051924,FALSE,FALSE
26,6781,24.347826087,56,174,39.225589226,233,594,230,TRUE,"JU","Coeuve","Coeuve","Coeuve","Coeuve JU","Coeuve (JU)","Coeuve (JU)","Jura","Jura","Giura","https://thumb.wikimedia.org/wikipedia/commons/thumb/5/57/Coeuve-blazon.svg/250px-Coeuve-blazon.svg.png",29.184051924,FALSE,FALSE
26,6782,25.43554007,73,214,34.880952381,293,840,287,TRUE,"JU","Cornol","Cornol","Cornol","Cornol JU","Cornol (JU)","Cornol (JU)","Jura","Jura","Giura","https://thumb.wikimedia.org/wikipedia/commons/thumb/a/a0/CHE_Cornol_COA.svg/500px-CHE_Cornol_COA.svg.png",29.184051924,FALSE,FALSE
26,6783,15.238095238,16,89,45.531914894,107,235,105,TRUE,"JU","Courchavon","Courchavon","Courchavon","Courchavon JU","Courchavon (JU)","Courchavon (JU)","Jura","Jura","Giura","https://thumb.wikimedia.org/wikipedia/commons/thumb/e/ef/Courchavon-blazon.svg/250px-Courchavon-blazon.svg.png",29.184051924,FALSE,FALSE
26,6784,32.436472347,217,452,36.954148472,677,1832,669,TRUE,"JU","Courgenay","Courgenay","Courgenay","Courgenay JU","Courgenay (JU)","Courgenay (JU)","Jura","Jura","Giura","https://thumb.wikimedia.org/wikipedia/commons/thumb/3/37/CHE_Courgenay_COA.svg/960px-CHE_Courgenay_COA.svg.png",29.184051924,FALSE,FALSE
26,6785,31.53526971,76,165,40.939597315,244,596,241,TRUE,"JU","Courtedoux","Courtedoux","Courtedoux","Courtedoux JU","Courtedoux (JU)","Courtedoux (JU)","Jura","Jura","Giura","https://thumb.wikimedia.org/wikipedia/commons/thumb/1/1c/CHE_Courtedoux_COA.svg/960px-CHE_Courtedoux_COA.svg.png",29.184051924,FALSE,FALSE
26,6789,21.428571429,30,110,51.624548736,143,277,140,TRUE,"JU","Fahy","Fahy","Fahy","Fahy JU","Fahy (JU)","Fahy (JU)","Jura","Jura","Giura","https://thumb.wikimedia.org/wikipedia/commons/thumb/5/58/CHE_Fahy_COA.svg/960px-CHE_Fahy_COA.svg.png",29.184051924,FALSE,FALSE
26,6790,30.303030303,150,345,39.113530327,503,1286,495,TRUE,"JU","Fontenais","Fontenais","Fontenais","Fontenais JU","Fontenais (JU)","Fontenais (JU)","Jura","Jura","Giura","https://thumb.wikimedia.org/wikipedia/commons/thumb/9/95/Fontenais-blazon.svg/250px-Fontenais-blazon.svg.png",29.184051924,FALSE,FALSE
26,6792,26.946107784,45,122,54.723127036,168,307,167,TRUE,"JU","Grandfontaine","Grandfontaine","Grandfontaine","Grandfontaine JU","Grandfontaine (JU)","Grandfontaine (JU)","Jura","Jura","Giura","https://thumb.wikimedia.org/wikipedia/commons/thumb/0/02/Grandfontaine-blazon.svg/250px-Grandfontaine-blazon.svg.png",29.184051924,FALSE,FALSE
26,6800,30.372807018,554,1270,40.336685614,1845,4574,1824,TRUE,"JU","Pruntrut","Porrentruy","Porrentruy","Pruntrut JU","Porrentruy (JU)","Porrentruy (JU)","Jura","Jura","Giura","https://thumb.wikimedia.org/wikipedia/commons/thumb/6/64/CHE_Porrentruy_JU_COA.svg/960px-CHE_Porrentruy_JU_COA.svg.png",29.184051924,FALSE,FALSE
26,6806,16.176470588,33,171,43.368421053,206,475,204,TRUE,"JU","Vendlincourt","Vendlincourt","Vendlincourt","Vendlincourt JU","Vendlincourt (JU)","Vendlincourt (JU)","Jura","Jura","Giura","https://thumb.wikimedia.org/wikipedia/commons/thumb/0/07/CHE_Vendlincourt_COA.svg/500px-CHE_Vendlincourt_COA.svg.png",29.184051924,FALSE,FALSE
26,6807,26.781326781,109,298,43.007360673,409,951,407,TRUE,"JU","Basse-Allaine","Basse-Allaine","Basse-Allaine","Basse-Allaine JU","Basse-Allaine (JU)","Basse-Allaine (JU)","Jura","Jura","Giura","https://thumb.wikimedia.org/wikipedia/commons/thumb/c/c4/BasseAllaine-blazon.svg/250px-BasseAllaine-blazon.svg.png",29.184051924,FALSE,FALSE
26,6808,26.980728051,126,341,40.689655172,472,1160,467,TRUE,"JU","Clos du Doubs","Clos du Doubs","Clos du Doubs","Clos du Doubs JU","Clos du Doubs (JU)","Clos du Doubs (JU)","Jura","Jura","Giura","https://thumb.wikimedia.org/wikipedia/commons/thumb/c/c0/ClosDuDoubs-blazon.svg/250px-ClosDuDoubs-blazon.svg.png",29.184051924,FALSE,FALSE
26,6809,28.082191781,123,315,42.801932367,443,1035,438,TRUE,"JU","Haute-Ajoie","Haute-Ajoie","Haute-Ajoie","Haute-Ajoie JU","Haute-Ajoie (JU)","Haute-Ajoie (JU)","Jura","Jura","Giura","https://thumb.wikimedia.org/wikipedia/commons/thumb/f/f0/Wappen_Jura_matt.svg/500px-Wappen_Jura_matt.svg.png",29.184051924,FALSE,FALSE
26,6810,22.300469484,95,331,43.336724313,426,983,426,TRUE,"JU","La Baroche","La Baroche","La Baroche","La Baroche JU","La Baroche (JU)","La Baroche (JU)","Jura","Jura","Giura","https://thumb.wikimedia.org/wikipedia/commons/thumb/a/a1/CHE_La_Baroche_COA.svg/500px-CHE_La_Baroche_COA.svg.png",29.184051924,FALSE,FALSE
26,6811,27.118644068,32,86,41.471571906,124,299,118,TRUE,"JU","Damphreux-Lugnez","Damphreux-Lugnez","Damphreux-Lugnez","Damphreux-Lugnez JU","Damphreux-Lugnez (JU)","Damphreux-Lugnez (JU)","Jura","Jura","Giura","https://thumb.wikimedia.org/wikipedia/commons/thumb/1/1d/CHE_Damphreux-Lugnez_COA.svg/960px-CHE_Damphreux-Lugnez_COA.svg.png",29.184051924,FALSE,FALSE
26,6812,28.417266187,79,199,40.634005764,282,694,278,TRUE,"JU","Basse-Vendline","Basse-Vendline","Basse-Vendline","Basse-Vendline JU","Basse-Vendline (JU)","Basse-Vendline (JU)","Jura","Jura","Giura","https://thumb.wikimedia.org/wikipedia/commons/thumb/3/3f/CHE_Basse-Vendline_COA.svg/500px-CHE_Basse-Vendline_COA.svg.png",29.184051924,FALSE,FALSE
26,6831,,,,,,,,FALSE,"JU","Moutier","Moutier","Moutier","Moutier JU","Moutier (JU)","Moutier (JU)","Jura","Jura","Giura","https://thumb.wikimedia.org/wikipedia/commons/thumb/f/f0/CHE_Moutier_COA.svg/500px-CHE_Moutier_COA.svg.png",29.184051924,FALSE,FALSE
