"ID","Gemeinde_color","Ja_Stimmen_In_Prozent","Nein_Stimmen_In_Prozent","Gemeinde_fr","Text_fr","link_wappen"
1,28.7,28.7,71.3,"Aeugst am Albis (ZH)","L'initiative sur la neutralité est refusée à 71,3 pour cent à Aeugst am Albis.","https://thumb.wikimedia.org/wikipedia/commons/thumb/5/58/CHE_Aeugst_am_Albis_COA.svg/250px-CHE_Aeugst_am_Albis_COA.svg.png"
2,26.7,26.7,73.3,"Affoltern am Albis (ZH)","L'initiative sur la neutralité n'a pas convaincu à Affoltern am Albis. Les citoyens de la commune ont refusé le texte à 73,3 pour cent.","https://thumb.wikimedia.org/wikipedia/commons/thumb/6/6c/CHE_Affoltern_am_Albis_COA.svg/250px-CHE_Affoltern_am_Albis_COA.svg.png"
3,24.6,24.6,75.4,"Bonstetten (ZH)","L'initiative sur la neutralité n'a pas convaincu à Bonstetten. Les citoyens de la commune ont refusé le texte à 75,4 pour cent.","https://thumb.wikimedia.org/wikipedia/commons/thumb/1/12/CHE_Bonstetten_COA.svg/330px-CHE_Bonstetten_COA.svg.png"
4,29.1,29.1,70.9,"Hausen am Albis (ZH)","A Hausen am Albis, les citoyens rejettent à 70,9 pour cent l'initiative sur la neutralité.","https://thumb.wikimedia.org/wikipedia/commons/thumb/a/a3/CHE_Hausen_am_Albis_COA.svg/250px-CHE_Hausen_am_Albis_COA.svg.png"
5,25.2,25.2,74.8,"Hedingen (ZH)","Les habitants de Hedingen s'opposent à l'initiative sur la neutralité par 74,8 pour cent des voix.","https://thumb.wikimedia.org/wikipedia/commons/thumb/c/cf/CHE_Hedingen_COA.svg/250px-CHE_Hedingen_COA.svg.png"
6,36.6,36.6,63.4,"Kappel am Albis (ZH)","L'initiative sur la neutralité n'a pas convaincu à Kappel am Albis. Les citoyens de la commune ont refusé le texte à 63,4 pour cent.","https://thumb.wikimedia.org/wikipedia/commons/thumb/6/62/CHE_Kappel_am_Albis_COA.svg/250px-CHE_Kappel_am_Albis_COA.svg.png"
7,31.3,31.3,68.7,"Knonau (ZH)","Les habitants de Knonau s'opposent à l'initiative sur la neutralité par 68,7 pour cent des voix.","https://thumb.wikimedia.org/wikipedia/commons/thumb/7/70/CHE_Knonau_COA.svg/250px-CHE_Knonau_COA.svg.png"
8,35.3,35.3,64.7,"Maschwanden (ZH)","La population de Maschwanden rejette à 64,7 pour cent des voix l'initiative sur la neutralité.","https://thumb.wikimedia.org/wikipedia/commons/thumb/c/c8/CHE_Maschwanden_COA.svg/250px-CHE_Maschwanden_COA.svg.png"
9,26.9,26.9,73.1,"Mettmenstetten (ZH)","A Mettmenstetten, les citoyens rejettent à 73,1 pour cent l'initiative sur la neutralité.","https://thumb.wikimedia.org/wikipedia/commons/thumb/d/d8/CHE_Mettmenstetten_COA.svg/250px-CHE_Mettmenstetten_COA.svg.png"
10,50,0,0,"Obfelden (ZH)","Les résultats ne sont pas encore connus dans cette commune.","https://thumb.wikimedia.org/wikipedia/commons/thumb/3/37/CHE_Obfelden_COA.svg/250px-CHE_Obfelden_COA.svg.png"
11,31.2,31.2,68.8,"Ottenbach (ZH)","Les habitants d'Ottenbach s'opposent à l'initiative sur la neutralité par 68,8 pour cent des voix.","https://thumb.wikimedia.org/wikipedia/commons/thumb/2/28/CHE_Ottenbach_COA.svg/250px-CHE_Ottenbach_COA.svg.png"
12,50,0,0,"Rifferswil (ZH)","Les résultats ne sont pas encore connus dans cette commune.","https://thumb.wikimedia.org/wikipedia/commons/thumb/f/fa/CHE_Rifferswil_COA.svg/250px-CHE_Rifferswil_COA.svg.png"
13,27.6,27.6,72.4,"Stallikon (ZH)","A Stallikon, les citoyens rejettent à 72,4 pour cent l'initiative sur la neutralité.","https://thumb.wikimedia.org/wikipedia/commons/thumb/2/22/CHE_Stallikon_COA.svg/250px-CHE_Stallikon_COA.svg.png"
14,22.3,22.3,77.7,"Wettswil am Albis (ZH)","L'initiative sur la neutralité est refusée à 77,7 pour cent à Wettswil am Albis.","https://thumb.wikimedia.org/wikipedia/commons/thumb/c/c6/CHE_Wettswil_am_Albis_COA.svg/250px-CHE_Wettswil_am_Albis_COA.svg.png"
22,38.3,38.3,61.7,"Benken (ZH)","L'initiative sur la neutralité n'a pas trouvé grâce aux yeux des citoyens de Benken (ZH). Ils ont refusé le texte à 61,7 pour cent.","https://thumb.wikimedia.org/wikipedia/commons/thumb/2/2c/CHE_Benken_COA.svg/250px-CHE_Benken_COA.svg.png"
23,37.8,37.8,62.2,"Berg am Irchel (ZH)","L'initiative sur la neutralité n'a pas convaincu à Berg am Irchel. Les citoyens de la commune ont refusé le texte à 62,2 pour cent.","https://thumb.wikimedia.org/wikipedia/commons/thumb/b/b6/CHE_Berg_am_Irchel_COA.svg/250px-CHE_Berg_am_Irchel_COA.svg.png"
24,33.6,33.6,66.4,"Buch am Irchel (ZH)","C'est non à l'initiative sur la neutralité à Buch am Irchel. Les habitants ont refusé le texte à 66,4 pour cent.","https://thumb.wikimedia.org/wikipedia/commons/thumb/a/ae/CHE_Buch_am_Irchel_COA.svg/250px-CHE_Buch_am_Irchel_COA.svg.png"
25,24.8,24.8,75.2,"Dachsen (ZH)","C'est non à l'initiative sur la neutralité à Dachsen. Les habitants ont refusé le texte à 75,2 pour cent.","https://thumb.wikimedia.org/wikipedia/commons/thumb/c/c5/CHE_Dachsen_COA.svg/330px-CHE_Dachsen_COA.svg.png"
26,35.5,35.5,64.5,"Dorf (ZH)","La population de Dorf rejette à 64,5 pour cent des voix l'initiative sur la neutralité.","https://thumb.wikimedia.org/wikipedia/commons/thumb/1/14/CHE_Dorf_COA.svg/250px-CHE_Dorf_COA.svg.png"
27,25.2,25.2,74.8,"Feuerthalen (ZH)","L'initiative sur la neutralité n'a pas convaincu à Feuerthalen. Les citoyens de la commune ont refusé le texte à 74,8 pour cent.","https://thumb.wikimedia.org/wikipedia/commons/thumb/5/50/CHE_Feuerthalen_COA.svg/250px-CHE_Feuerthalen_COA.svg.png"
28,40.2,40.2,59.8,"Flaach (ZH)","L'initiative sur la neutralité est refusée à 59,8 pour cent à Flaach.","https://thumb.wikimedia.org/wikipedia/commons/thumb/2/29/CHE_Flaach_COA.svg/250px-CHE_Flaach_COA.svg.png"
29,20.3,20.3,79.7,"Flurlingen (ZH)","L'initiative sur la neutralité n'a pas convaincu à Flurlingen. Les citoyens de la commune ont refusé le texte à 79,7 pour cent.","https://thumb.wikimedia.org/wikipedia/commons/thumb/c/cc/CHE_Flurlingen_COA.svg/250px-CHE_Flurlingen_COA.svg.png"
31,50,0,0,"Henggart (ZH)","Les résultats ne sont pas encore connus dans cette commune.","https://thumb.wikimedia.org/wikipedia/commons/thumb/7/78/CHE_Henggart_COA.svg/250px-CHE_Henggart_COA.svg.png"
33,35.6,35.6,64.4,"Kleinandelfingen (ZH)","Les habitants de Kleinandelfingen s'opposent à l'initiative sur la neutralité par 64,4 pour cent des voix.","https://thumb.wikimedia.org/wikipedia/commons/thumb/6/6f/CHE_Kleinandelfingen_COA.svg/250px-CHE_Kleinandelfingen_COA.svg.png"
34,30.2,30.2,69.8,"Laufen-Uhwiesen (ZH)","L'initiative sur la neutralité n'a pas convaincu à Laufen-Uhwiesen. Les citoyens de la commune ont refusé le texte à 69,8 pour cent.","https://thumb.wikimedia.org/wikipedia/commons/thumb/5/5d/CHE_Laufen-Uhwiesen_COA.svg/250px-CHE_Laufen-Uhwiesen_COA.svg.png"
35,41.6,41.6,58.4,"Marthalen (ZH)","Les habitants de Marthalen s'opposent à l'initiative sur la neutralité par 58,4 pour cent des voix.","https://thumb.wikimedia.org/wikipedia/commons/thumb/a/a7/CHE_Marthalen_COA.svg/250px-CHE_Marthalen_COA.svg.png"
37,30.3,30.3,69.7,"Ossingen (ZH)","L'initiative sur la neutralité n'a pas trouvé grâce aux yeux des citoyens d'Ossingen. Ils ont refusé le texte à 69,7 pour cent.","https://thumb.wikimedia.org/wikipedia/commons/thumb/0/08/CHE_Ossingen_COA.svg/250px-CHE_Ossingen_COA.svg.png"
38,30.1,30.1,69.9,"Rheinau (ZH)","L'initiative sur la neutralité est refusée à 69,9 pour cent à Rheinau.","https://thumb.wikimedia.org/wikipedia/commons/thumb/8/8b/CHE_Rheinau_COA.svg/250px-CHE_Rheinau_COA.svg.png"
39,50,0,0,"Thalheim an der Thur (ZH)","Les résultats ne sont pas encore connus dans cette commune.","https://thumb.wikimedia.org/wikipedia/commons/thumb/e/e3/CHE_Thalheim_COA.svg/250px-CHE_Thalheim_COA.svg.png"
40,37.3,37.3,62.7,"Trüllikon (ZH)","C'est non à l'initiative sur la neutralité à Trüllikon. Les habitants ont refusé le texte à 62,7 pour cent.","https://thumb.wikimedia.org/wikipedia/commons/thumb/c/c8/CHE_Tr%C3%BCllikon_COA.svg/250px-CHE_Tr%C3%BCllikon_COA.svg.png"
41,37.2,37.2,62.8,"Truttikon (ZH)","A Truttikon, les citoyens rejettent à 62,8 pour cent l'initiative sur la neutralité.","https://thumb.wikimedia.org/wikipedia/commons/thumb/e/e1/CHE_Truttikon_COA.svg/250px-CHE_Truttikon_COA.svg.png"
43,40.1,40.1,59.9,"Volken (ZH)","La population de Volken rejette à 59,9 pour cent des voix l'initiative sur la neutralité.","https://thumb.wikimedia.org/wikipedia/commons/thumb/a/a9/CHE_Volken_COA.svg/250px-CHE_Volken_COA.svg.png"
51,31.2,31.2,68.8,"Bachenbülach (ZH)","C'est non à l'initiative sur la neutralité à Bachenbülach. Les habitants ont refusé le texte à 68,8 pour cent.","https://thumb.wikimedia.org/wikipedia/commons/thumb/a/a8/CHE_Bachenb%C3%BClach_COA.svg/250px-CHE_Bachenb%C3%BClach_COA.svg.png"
52,30.4,30.4,69.6,"Bassersdorf (ZH)","A Bassersdorf, les citoyens rejettent à 69,6 pour cent l'initiative sur la neutralité.","https://thumb.wikimedia.org/wikipedia/commons/thumb/c/c7/CHE_Bassersdorf_COA.svg/250px-CHE_Bassersdorf_COA.svg.png"
53,28.4,28.4,71.6,"Bülach (ZH)","L'initiative sur la neutralité n'a pas trouvé grâce aux yeux des citoyens de Bülach. Ils ont refusé le texte à 71,6 pour cent.","https://thumb.wikimedia.org/wikipedia/commons/thumb/f/fb/CHE_B%C3%BClach_COA.svg/250px-CHE_B%C3%BClach_COA.svg.png"
54,26,26,74,"Dietlikon (ZH)","C'est non à l'initiative sur la neutralité à Dietlikon. Les habitants ont refusé le texte à 74 pour cent.","https://thumb.wikimedia.org/wikipedia/commons/thumb/4/42/CHE_Dietlikon_COA.svg/250px-CHE_Dietlikon_COA.svg.png"
55,27.2,27.2,72.8,"Eglisau (ZH)","L'initiative sur la neutralité n'a pas trouvé grâce aux yeux des citoyens d'Eglisau. Ils ont refusé le texte à 72,8 pour cent.","https://thumb.wikimedia.org/wikipedia/commons/thumb/0/0c/CHE_Eglisau_COA.svg/250px-CHE_Eglisau_COA.svg.png"
56,33.4,33.4,66.6,"Embrach (ZH)","L'initiative sur la neutralité est refusée à 66,6 pour cent à Embrach.","https://thumb.wikimedia.org/wikipedia/commons/thumb/e/e2/CHE_Embrach_COA.svg/250px-CHE_Embrach_COA.svg.png"
57,31.2,31.2,68.8,"Freienstein-Teufen (ZH)","Les habitants de Freienstein-Teufen s'opposent à l'initiative sur la neutralité par 68,8 pour cent des voix.","https://thumb.wikimedia.org/wikipedia/commons/thumb/0/06/CHE_Freienstein-Teufen_COA.svg/250px-CHE_Freienstein-Teufen_COA.svg.png"
58,50,0,0,"Glattfelden (ZH)","Les résultats ne sont pas encore connus dans cette commune.","https://thumb.wikimedia.org/wikipedia/commons/thumb/6/69/CHE_Glattfelden_COA.svg/250px-CHE_Glattfelden_COA.svg.png"
59,36.4,36.4,63.6,"Hochfelden (ZH)","A Hochfelden, les citoyens rejettent à 63,6 pour cent l'initiative sur la neutralité.","https://thumb.wikimedia.org/wikipedia/commons/thumb/d/d0/CHE_Hochfelden_COA.svg/250px-CHE_Hochfelden_COA.svg.png"
60,39.5,39.5,60.5,"Höri (ZH)","A Höri, les citoyens rejettent à 60,5 pour cent l'initiative sur la neutralité.","https://thumb.wikimedia.org/wikipedia/commons/thumb/c/c5/CHE_H%C3%B6ri_COA.svg/250px-CHE_H%C3%B6ri_COA.svg.png"
61,33.4,33.4,66.6,"Hüntwangen (ZH)","La population de Hüntwangen rejette à 66,6 pour cent des voix l'initiative sur la neutralité.","https://thumb.wikimedia.org/wikipedia/commons/thumb/3/31/CHE_H%C3%BCntwangen_COA.svg/250px-CHE_H%C3%BCntwangen_COA.svg.png"
62,33.2,33.2,66.8,"Kloten (ZH)","La population de Kloten rejette à 66,8 pour cent des voix l'initiative sur la neutralité.","https://thumb.wikimedia.org/wikipedia/commons/thumb/0/0b/CHE_Kloten_Brand_Mark.svg/500px-CHE_Kloten_Brand_Mark.svg.png"
63,33.5,33.5,66.5,"Lufingen (ZH)","A Lufingen, les citoyens rejettent à 66,5 pour cent l'initiative sur la neutralité.","https://thumb.wikimedia.org/wikipedia/commons/thumb/3/39/CHE_Lufingen_COA.svg/250px-CHE_Lufingen_COA.svg.png"
64,50,0,0,"Nürensdorf (ZH)","Les résultats ne sont pas encore connus dans cette commune.","https://thumb.wikimedia.org/wikipedia/commons/thumb/e/e2/CHE_N%C3%BCrensdorf_COA.svg/250px-CHE_N%C3%BCrensdorf_COA.svg.png"
65,42.3,42.3,57.7,"Oberembrach (ZH)","L'initiative sur la neutralité n'a pas trouvé grâce aux yeux des citoyens d'Oberembrach. Ils ont refusé le texte à 57,7 pour cent.","https://thumb.wikimedia.org/wikipedia/commons/thumb/4/44/CHE_Oberembrach_COA.svg/250px-CHE_Oberembrach_COA.svg.png"
66,33.8,33.8,66.2,"Opfikon (ZH)","L'initiative sur la neutralité n'a pas convaincu à Opfikon. Les citoyens de la commune ont refusé le texte à 66,2 pour cent.","https://thumb.wikimedia.org/wikipedia/commons/thumb/0/0b/CHE_Opfikon_COA.svg/250px-CHE_Opfikon_COA.svg.png"
67,31.1,31.1,68.9,"Rafz (ZH)","C'est non à l'initiative sur la neutralité à Rafz. Les habitants ont refusé le texte à 68,9 pour cent.","https://thumb.wikimedia.org/wikipedia/commons/thumb/c/cc/CHE_Rafz_COA.svg/250px-CHE_Rafz_COA.svg.png"
68,37.8,37.8,62.2,"Rorbas (ZH)","La population de Rorbas rejette à 62,2 pour cent des voix l'initiative sur la neutralité.","https://thumb.wikimedia.org/wikipedia/commons/thumb/d/d6/CHE_Rorbas_COA.svg/250px-CHE_Rorbas_COA.svg.png"
69,26.2,26.2,73.8,"Wallisellen (ZH)","L'initiative sur la neutralité est refusée à 73,8 pour cent à Wallisellen.","https://thumb.wikimedia.org/wikipedia/commons/thumb/3/3b/CHE_Wallisellen_COA.svg/250px-CHE_Wallisellen_COA.svg.png"
70,29.7,29.7,70.3,"Wasterkingen (ZH)","A Wasterkingen, les citoyens rejettent à 70,3 pour cent l'initiative sur la neutralité.","https://thumb.wikimedia.org/wikipedia/commons/thumb/4/47/CHE_Wasterkingen_COA.svg/250px-CHE_Wasterkingen_COA.svg.png"
71,36.1,36.1,63.9,"Wil (ZH)","A Wil (ZH), les citoyens rejettent à 63,9 pour cent l'initiative sur la neutralité.","https://thumb.wikimedia.org/wikipedia/commons/thumb/d/de/CHE_Wil_ZH_COA.svg/250px-CHE_Wil_ZH_COA.svg.png"
72,31.8,31.8,68.2,"Winkel (ZH)","L'initiative sur la neutralité n'a pas convaincu à Winkel. Les citoyens de la commune ont refusé le texte à 68,2 pour cent.","https://thumb.wikimedia.org/wikipedia/commons/thumb/6/63/CHE_Winkel_COA.svg/330px-CHE_Winkel_COA.svg.png"
81,39.1,39.1,60.9,"Bachs (ZH)","La population de Bachs rejette à 60,9 pour cent des voix l'initiative sur la neutralité.","https://thumb.wikimedia.org/wikipedia/commons/thumb/0/0b/CHE_Bachs_COA.svg/250px-CHE_Bachs_COA.svg.png"
82,31.2,31.2,68.8,"Boppelsen (ZH)","L'initiative sur la neutralité est refusée à 68,8 pour cent à Boppelsen.","https://thumb.wikimedia.org/wikipedia/commons/thumb/5/50/CHE_Boppelsen_COA.svg/330px-CHE_Boppelsen_COA.svg.png"
83,33.2,33.2,66.8,"Buchs (ZH)","L'initiative sur la neutralité est refusée à 66,8 pour cent à Buchs (ZH).","https://thumb.wikimedia.org/wikipedia/commons/thumb/0/0c/CHE_Buchs_COA.svg/250px-CHE_Buchs_COA.svg.png"
84,37.9,37.9,62.1,"Dällikon (ZH)","L'initiative sur la neutralité n'a pas trouvé grâce aux yeux des citoyens de Dällikon. Ils ont refusé le texte à 62,1 pour cent.","https://thumb.wikimedia.org/wikipedia/commons/thumb/e/ef/CHE_D%C3%A4llikon_COA.svg/250px-CHE_D%C3%A4llikon_COA.svg.png"
85,34.9,34.9,65.1,"Dänikon (ZH)","L'initiative sur la neutralité est refusée à 65,1 pour cent à Dänikon.","https://thumb.wikimedia.org/wikipedia/commons/thumb/5/58/CHE_D%C3%A4nikon_COA.svg/250px-CHE_D%C3%A4nikon_COA.svg.png"
86,33.8,33.8,66.2,"Dielsdorf (ZH)","A Dielsdorf, les citoyens rejettent à 66,2 pour cent l'initiative sur la neutralité.","https://thumb.wikimedia.org/wikipedia/commons/thumb/e/e1/CHE_Dielsdorf_COA.svg/250px-CHE_Dielsdorf_COA.svg.png"
87,40,40,60,"Hüttikon (ZH)","L'initiative sur la neutralité n'a pas trouvé grâce aux yeux des citoyens de Hüttikon. Ils ont refusé le texte à 60 pour cent.","https://thumb.wikimedia.org/wikipedia/commons/thumb/5/5e/CHE_H%C3%BCttikon_COA.svg/250px-CHE_H%C3%BCttikon_COA.svg.png"
88,50,0,0,"Neerach (ZH)","Les résultats ne sont pas encore connus dans cette commune.","https://thumb.wikimedia.org/wikipedia/commons/thumb/c/c8/CHE_Neerach_COA.svg/250px-CHE_Neerach_COA.svg.png"
89,38.1,38.1,61.9,"Niederglatt (ZH)","L'initiative sur la neutralité n'a pas convaincu à Niederglatt. Les citoyens de la commune ont refusé le texte à 61,9 pour cent.","https://thumb.wikimedia.org/wikipedia/commons/thumb/b/be/CHE_Niederglatt_COA.svg/250px-CHE_Niederglatt_COA.svg.png"
90,37.4,37.4,62.6,"Niederhasli (ZH)","La population de Niederhasli rejette à 62,6 pour cent des voix l'initiative sur la neutralité.","https://thumb.wikimedia.org/wikipedia/commons/thumb/e/e6/CHE_Niederhasli_COA_%28side%29.svg/250px-CHE_Niederhasli_COA_%28side%29.svg.png"
91,25.6,25.6,74.4,"Niederweningen (ZH)","L'initiative sur la neutralité n'a pas convaincu à Niederweningen. Les citoyens de la commune ont refusé le texte à 74,4 pour cent.","https://thumb.wikimedia.org/wikipedia/commons/thumb/2/2a/CHE_Niederweningen_COA.svg/250px-CHE_Niederweningen_COA.svg.png"
92,41.7,41.7,58.3,"Oberglatt (ZH)","Les habitants d'Oberglatt s'opposent à l'initiative sur la neutralité par 58,3 pour cent des voix.","https://thumb.wikimedia.org/wikipedia/commons/thumb/7/7c/CHE_Oberglatt_COA.svg/250px-CHE_Oberglatt_COA.svg.png"
93,30.6,30.6,69.4,"Oberweningen (ZH)","L'initiative sur la neutralité est refusée à 69,4 pour cent à Oberweningen.","https://thumb.wikimedia.org/wikipedia/commons/thumb/b/b9/CHE_Oberweningen_COA.svg/250px-CHE_Oberweningen_COA.svg.png"
94,27.9,27.9,72.1,"Otelfingen (ZH)","Les habitants d'Otelfingen s'opposent à l'initiative sur la neutralité par 72,1 pour cent des voix.","https://thumb.wikimedia.org/wikipedia/commons/thumb/8/8a/CHE_Otelfingen_COA.svg/250px-CHE_Otelfingen_COA.svg.png"
95,25.6,25.6,74.4,"Regensberg (ZH)","C'est non à l'initiative sur la neutralité à Regensberg. Les habitants ont refusé le texte à 74,4 pour cent.","https://thumb.wikimedia.org/wikipedia/commons/thumb/1/15/CHE_Regensberg_COA.svg/250px-CHE_Regensberg_COA.svg.png"
96,36.5,36.5,63.5,"Regensdorf (ZH)","C'est non à l'initiative sur la neutralité à Regensdorf. Les habitants ont refusé le texte à 63,5 pour cent.","https://thumb.wikimedia.org/wikipedia/commons/thumb/d/dc/Wappen_Regensberg.svg/500px-Wappen_Regensberg.svg.png"
97,50,0,0,"Rümlang (ZH)","Les résultats ne sont pas encore connus dans cette commune.","https://thumb.wikimedia.org/wikipedia/commons/thumb/1/1e/CHE_R%C3%BCmlang_COA.svg/250px-CHE_R%C3%BCmlang_COA.svg.png"
98,39.2,39.2,60.8,"Schleinikon (ZH)","L'initiative sur la neutralité n'a pas trouvé grâce aux yeux des citoyens de Schleinikon. Ils ont refusé le texte à 60,8 pour cent.","https://thumb.wikimedia.org/wikipedia/commons/thumb/c/ca/CHE_Schleinikon_COA.svg/250px-CHE_Schleinikon_COA.svg.png"
99,34.9,34.9,65.1,"Schöfflisdorf (ZH)","L'initiative sur la neutralité est refusée à 65,1 pour cent à Schöfflisdorf.","https://thumb.wikimedia.org/wikipedia/commons/thumb/3/3b/CHE_Sch%C3%B6fflisdorf_COA.svg/250px-CHE_Sch%C3%B6fflisdorf_COA.svg.png"
100,40,40,60,"Stadel (ZH)","Les habitants de Stadel s'opposent à l'initiative sur la neutralité par 60 pour cent des voix.","https://thumb.wikimedia.org/wikipedia/commons/thumb/2/25/CHE_Stadel_COA.svg/250px-CHE_Stadel_COA.svg.png"
101,32.6,32.6,67.4,"Steinmaur (ZH)","L'initiative sur la neutralité est refusée à 67,4 pour cent à Steinmaur.","https://thumb.wikimedia.org/wikipedia/commons/thumb/f/f3/CHE_Steinmaur_COA.svg/250px-CHE_Steinmaur_COA.svg.png"
102,41.6,41.6,58.4,"Weiach (ZH)","C'est non à l'initiative sur la neutralité à Weiach. Les habitants ont refusé le texte à 58,4 pour cent.","https://thumb.wikimedia.org/wikipedia/commons/thumb/8/8f/CHE_Weiach_COA.svg/250px-CHE_Weiach_COA.svg.png"
111,50,0,0,"Bäretswil (ZH)","Les résultats ne sont pas encore connus dans cette commune.","https://thumb.wikimedia.org/wikipedia/commons/thumb/a/a2/CHE_B%C3%A4retswil_COA.svg/960px-CHE_B%C3%A4retswil_COA.svg.png"
112,32.8,32.8,67.2,"Bubikon (ZH)","L'initiative sur la neutralité n'a pas trouvé grâce aux yeux des citoyens de Bubikon. Ils ont refusé le texte à 67,2 pour cent.","https://thumb.wikimedia.org/wikipedia/commons/thumb/0/0e/CHE_Bubikon_COA.svg/250px-CHE_Bubikon_COA.svg.png"
113,34.8,34.8,65.2,"Dürnten (ZH)","L'initiative sur la neutralité n'a pas convaincu à Dürnten. Les citoyens de la commune ont refusé le texte à 65,2 pour cent.","https://thumb.wikimedia.org/wikipedia/commons/thumb/6/63/CHE_D%C3%BCrnten_COA.svg/250px-CHE_D%C3%BCrnten_COA.svg.png"
114,53.7,53.7,46.3,"Fischenthal (ZH)","Fischenthal dit oui à 53,7 pour cent à l'initiative sur la neutralité.","https://thumb.wikimedia.org/wikipedia/commons/thumb/1/1f/CHE_Fischenthal_COA.svg/250px-CHE_Fischenthal_COA.svg.png"
115,35.4,35.4,64.6,"Gossau (ZH)","C'est non à l'initiative sur la neutralité à Gossau (ZH). Les habitants ont refusé le texte à 64,6 pour cent.","https://thumb.wikimedia.org/wikipedia/commons/thumb/3/33/CHE_Gossau_ZH_COA.svg/250px-CHE_Gossau_ZH_COA.svg.png"
116,33.4,33.4,66.6,"Grüningen (ZH)","C'est non à l'initiative sur la neutralité à Grüningen. Les habitants ont refusé le texte à 66,6 pour cent.","https://thumb.wikimedia.org/wikipedia/commons/thumb/f/fc/CHE_Gr%C3%BCningen_COA.svg/250px-CHE_Gr%C3%BCningen_COA.svg.png"
117,34,34,66,"Hinwil (ZH)","A Hinwil, les citoyens rejettent à 66 pour cent l'initiative sur la neutralité.","https://thumb.wikimedia.org/wikipedia/commons/thumb/0/00/CHE_Hinwil_COA.svg/250px-CHE_Hinwil_COA.svg.png"
118,50,0,0,"Rüti (ZH)","Les résultats ne sont pas encore connus dans cette commune.","https://thumb.wikimedia.org/wikipedia/commons/thumb/e/e7/CHE_R%C3%BCti_ZH_COA.svg/250px-CHE_R%C3%BCti_ZH_COA.svg.png"
119,31.2,31.2,68.8,"Seegräben (ZH)","C'est non à l'initiative sur la neutralité à Seegräben. Les habitants ont refusé le texte à 68,8 pour cent.","https://thumb.wikimedia.org/wikipedia/commons/thumb/2/29/CHE_Seegr%C3%A4ben_COA.svg/250px-CHE_Seegr%C3%A4ben_COA.svg.png"
120,36.4,36.4,63.6,"Wald (ZH)","L'initiative sur la neutralité n'a pas convaincu à Wald (ZH). Les citoyens de la commune ont refusé le texte à 63,6 pour cent.","https://thumb.wikimedia.org/wikipedia/commons/thumb/4/45/Wald-blazon-modern.svg/250px-Wald-blazon-modern.svg.png"
121,50,0,0,"Wetzikon (ZH)","Les résultats ne sont pas encore connus dans cette commune.","https://thumb.wikimedia.org/wikipedia/commons/thumb/0/0b/CHE_Wetzikon_COA.svg/250px-CHE_Wetzikon_COA.svg.png"
131,50,0,0,"Adliswil (ZH)","Les résultats ne sont pas encore connus dans cette commune.","https://thumb.wikimedia.org/wikipedia/commons/thumb/0/0e/CHE_Adliswil_COA.svg/250px-CHE_Adliswil_COA.svg.png"
135,50,0,0,"Kilchberg (ZH)","Les résultats ne sont pas encore connus dans cette commune.","https://thumb.wikimedia.org/wikipedia/commons/thumb/f/fd/CHE_Kilchberg_COA.svg/250px-CHE_Kilchberg_COA.svg.png"
136,50,0,0,"Langnau am Albis (ZH)","Les résultats ne sont pas encore connus dans cette commune.","https://thumb.wikimedia.org/wikipedia/commons/thumb/a/a5/CHE_Langnau_am_Albis_COA.svg/250px-CHE_Langnau_am_Albis_COA.svg.png"
137,21.1,21.1,78.9,"Oberrieden (ZH)","A Oberrieden, les citoyens rejettent à 78,9 pour cent l'initiative sur la neutralité.","https://thumb.wikimedia.org/wikipedia/commons/thumb/7/73/CHE_Oberrieden_COA.svg/250px-CHE_Oberrieden_COA.svg.png"
138,50,0,0,"Richterswil (ZH)","Les résultats ne sont pas encore connus dans cette commune.","https://thumb.wikimedia.org/wikipedia/commons/thumb/b/b0/CHE_Richterswil_COA.svg/960px-CHE_Richterswil_COA.svg.png"
139,50,0,0,"Rüschlikon (ZH)","Les résultats ne sont pas encore connus dans cette commune.","https://thumb.wikimedia.org/wikipedia/commons/thumb/b/bb/CHE_R%C3%BCschlikon_COA.svg/250px-CHE_R%C3%BCschlikon_COA.svg.png"
141,50,0,0,"Thalwil (ZH)","Les résultats ne sont pas encore connus dans cette commune.","https://thumb.wikimedia.org/wikipedia/commons/thumb/3/33/CHE_Thalwil_COA.svg/250px-CHE_Thalwil_COA.svg.png"
151,50,0,0,"Erlenbach (ZH)","Les résultats ne sont pas encore connus dans cette commune.","https://thumb.wikimedia.org/wikipedia/commons/thumb/d/d8/CHE_Erlenbach_COA.svg/250px-CHE_Erlenbach_COA.svg.png"
152,30.5,30.5,69.5,"Herrliberg (ZH)","L'initiative sur la neutralité est refusée à 69,5 pour cent à Herrliberg.","https://thumb.wikimedia.org/wikipedia/commons/thumb/b/b2/CHE_Herrliberg_COA.svg/250px-CHE_Herrliberg_COA.svg.png"
153,33.2,33.2,66.8,"Hombrechtikon (ZH)","A Hombrechtikon, les citoyens rejettent à 66,8 pour cent l'initiative sur la neutralité.","https://thumb.wikimedia.org/wikipedia/commons/thumb/1/18/CHE_Hombrechtikon_COA.svg/250px-CHE_Hombrechtikon_COA.svg.png"
154,25.7,25.7,74.3,"Küsnacht (ZH)","La population de Küsnacht (ZH) rejette à 74,3 pour cent des voix l'initiative sur la neutralité.","https://thumb.wikimedia.org/wikipedia/commons/thumb/4/49/CHE_K%C3%BCsnacht_COA.svg/250px-CHE_K%C3%BCsnacht_COA.svg.png"
155,50,0,0,"Männedorf (ZH)","Les résultats ne sont pas encore connus dans cette commune.","https://thumb.wikimedia.org/wikipedia/commons/thumb/9/9a/CHE_M%C3%A4nnedorf_COA.svg/250px-CHE_M%C3%A4nnedorf_COA.svg.png"
156,24.7,24.7,75.3,"Meilen (ZH)","C'est non à l'initiative sur la neutralité à Meilen. Les habitants ont refusé le texte à 75,3 pour cent.","https://thumb.wikimedia.org/wikipedia/commons/thumb/b/bc/CHE_Meilen_COA.svg/250px-CHE_Meilen_COA.svg.png"
157,36.3,36.3,63.7,"Oetwil am See (ZH)","L'initiative sur la neutralité n'a pas convaincu à Oetwil am See. Les citoyens de la commune ont refusé le texte à 63,7 pour cent.","https://thumb.wikimedia.org/wikipedia/commons/thumb/d/db/CHE_Oetwil_am_See_COA.svg/250px-CHE_Oetwil_am_See_COA.svg.png"
158,50,0,0,"Stäfa (ZH)","Les résultats ne sont pas encore connus dans cette commune.","https://thumb.wikimedia.org/wikipedia/commons/thumb/5/5e/CHE_St%C3%A4fa_COA.svg/250px-CHE_St%C3%A4fa_COA.svg.png"
159,50,0,0,"Uetikon am See (ZH)","Les résultats ne sont pas encore connus dans cette commune.","https://thumb.wikimedia.org/wikipedia/commons/thumb/4/42/CHE_Uetikon_COA.svg/250px-CHE_Uetikon_COA.svg.png"
160,25.4,25.4,74.6,"Zumikon (ZH)","L'initiative sur la neutralité n'a pas trouvé grâce aux yeux des citoyens de Zumikon. Ils ont refusé le texte à 74,6 pour cent.","https://thumb.wikimedia.org/wikipedia/commons/thumb/1/13/CHE_Zumikon_COA.svg/250px-CHE_Zumikon_COA.svg.png"
161,50,0,0,"Zollikon (ZH)","Les résultats ne sont pas encore connus dans cette commune.","https://thumb.wikimedia.org/wikipedia/commons/thumb/2/2a/CHE_Zollikon_COA.svg/250px-CHE_Zollikon_COA.svg.png"
172,50,0,0,"Fehraltorf (ZH)","Les résultats ne sont pas encore connus dans cette commune.","https://thumb.wikimedia.org/wikipedia/commons/thumb/a/ad/CHE_Fehraltorf_COA.svg/330px-CHE_Fehraltorf_COA.svg.png"
173,35.3,35.3,64.7,"Hittnau (ZH)","A Hittnau, les citoyens rejettent à 64,7 pour cent l'initiative sur la neutralité.","https://thumb.wikimedia.org/wikipedia/commons/thumb/d/d5/CHE_Hittnau_COA.svg/250px-CHE_Hittnau_COA.svg.png"
176,50,0,0,"Lindau (ZH)","Les résultats ne sont pas encore connus dans cette commune.","https://thumb.wikimedia.org/wikipedia/commons/thumb/8/86/CHE_Lindau_COA.svg/250px-CHE_Lindau_COA.svg.png"
177,27.2,27.2,72.8,"Pfäffikon (ZH)","L'initiative sur la neutralité n'a pas convaincu à Pfäffikon. Les citoyens de la commune ont refusé le texte à 72,8 pour cent.","https://thumb.wikimedia.org/wikipedia/commons/thumb/6/61/CHE_Pf%C3%A4ffikon_ZH_COA.svg/960px-CHE_Pf%C3%A4ffikon_ZH_COA.svg.png"
178,36,36,64,"Russikon (ZH)","Les habitants de Russikon s'opposent à l'initiative sur la neutralité par 64 pour cent des voix.","https://thumb.wikimedia.org/wikipedia/commons/thumb/2/2f/CHE_Russikon_COA.svg/250px-CHE_Russikon_COA.svg.png"
180,35.7,35.7,64.3,"Weisslingen (ZH)","L'initiative sur la neutralité n'a pas convaincu à Weisslingen. Les citoyens de la commune ont refusé le texte à 64,3 pour cent.","https://thumb.wikimedia.org/wikipedia/commons/thumb/3/39/CHE_Weisslingen_COA.svg/250px-CHE_Weisslingen_COA.svg.png"
181,50,0,0,"Wila (ZH)","Les résultats ne sont pas encore connus dans cette commune.","https://thumb.wikimedia.org/wikipedia/commons/thumb/1/16/CHE_Wila_COA.svg/250px-CHE_Wila_COA.svg.png"
182,36.3,36.3,63.7,"Wildberg (ZH)","Les habitants de Wildberg s'opposent à l'initiative sur la neutralité par 63,7 pour cent des voix.","https://thumb.wikimedia.org/wikipedia/commons/thumb/0/0b/CHE_Wildberg_COA.svg/250px-CHE_Wildberg_COA.svg.png"
191,50,0,0,"Dübendorf (ZH)","Les résultats ne sont pas encore connus dans cette commune.","https://thumb.wikimedia.org/wikipedia/commons/thumb/f/f7/CHE_D%C3%BCbendorf_COA.svg/250px-CHE_D%C3%BCbendorf_COA.svg.png"
192,31.4,31.4,68.6,"Egg (ZH)","A Egg, les citoyens rejettent à 68,6 pour cent l'initiative sur la neutralité.","https://thumb.wikimedia.org/wikipedia/commons/thumb/6/6a/CHE_Egg_COA_%28variant%29.svg/250px-CHE_Egg_COA_%28variant%29.svg.png"
193,50,0,0,"Fällanden (ZH)","Les résultats ne sont pas encore connus dans cette commune.","https://thumb.wikimedia.org/wikipedia/commons/thumb/c/c4/CHE_F%C3%A4llanden_COA.svg/250px-CHE_F%C3%A4llanden_COA.svg.png"
194,50,0,0,"Greifensee (ZH)","Les résultats ne sont pas encore connus dans cette commune.","https://thumb.wikimedia.org/wikipedia/commons/thumb/7/76/CHE_Greifensee_COA.svg/250px-CHE_Greifensee_COA.svg.png"
195,50,0,0,"Maur (ZH)","Les résultats ne sont pas encore connus dans cette commune.","https://thumb.wikimedia.org/wikipedia/commons/thumb/c/cf/CHE_Maur_COA.svg/250px-CHE_Maur_COA.svg.png"
196,50,0,0,"Mönchaltorf (ZH)","Les résultats ne sont pas encore connus dans cette commune.","https://thumb.wikimedia.org/wikipedia/commons/thumb/d/d1/CHE_M%C3%B6nchaltorf_COA.svg/250px-CHE_M%C3%B6nchaltorf_COA.svg.png"
197,50,0,0,"Schwerzenbach (ZH)","Les résultats ne sont pas encore connus dans cette commune.","https://thumb.wikimedia.org/wikipedia/commons/thumb/d/da/CHE_Schwerzenbach_COA.svg/250px-CHE_Schwerzenbach_COA.svg.png"
198,50,0,0,"Uster (ZH)","Les résultats ne sont pas encore connus dans cette commune.","https://thumb.wikimedia.org/wikipedia/commons/thumb/2/2d/CHE_Uster_COA.svg/250px-CHE_Uster_COA.svg.png"
199,31.9,31.9,68.1,"Volketswil (ZH)","A Volketswil, les citoyens rejettent à 68,1 pour cent l'initiative sur la neutralité.","https://thumb.wikimedia.org/wikipedia/commons/thumb/9/94/CHE_Volketswil_COA.svg/250px-CHE_Volketswil_COA.svg.png"
200,30.8,30.8,69.2,"Wangen-Brüttisellen (ZH)","L'initiative sur la neutralité n'a pas trouvé grâce aux yeux des citoyens de Wangen-Brüttisellen. Ils ont refusé le texte à 69,2 pour cent.","https://thumb.wikimedia.org/wikipedia/commons/thumb/5/5b/CHE_Wangen-Br%C3%BCttisellen_COA.svg/250px-CHE_Wangen-Br%C3%BCttisellen_COA.svg.png"
211,41.3,41.3,58.7,"Altikon (ZH)","La population d'Altikon rejette à 58,7 pour cent des voix l'initiative sur la neutralité.","https://thumb.wikimedia.org/wikipedia/commons/thumb/a/ab/CHE_Altikon_COA.svg/250px-CHE_Altikon_COA.svg.png"
213,29.3,29.3,70.7,"Brütten (ZH)","La population de Brütten rejette à 70,7 pour cent des voix l'initiative sur la neutralité.","https://thumb.wikimedia.org/wikipedia/commons/thumb/4/40/CHE_Br%C3%BCtten_COA.svg/250px-CHE_Br%C3%BCtten_COA.svg.png"
214,31.7,31.7,68.3,"Dägerlen (ZH)","A Dägerlen, les citoyens rejettent à 68,3 pour cent l'initiative sur la neutralité.","https://thumb.wikimedia.org/wikipedia/commons/thumb/e/eb/CHE_D%C3%A4gerlen_COA.svg/250px-CHE_D%C3%A4gerlen_COA.svg.png"
215,22.7,22.7,77.3,"Dättlikon (ZH)","C'est non à l'initiative sur la neutralité à Dättlikon. Les habitants ont refusé le texte à 77,3 pour cent.","https://thumb.wikimedia.org/wikipedia/commons/thumb/a/a7/CHE_D%C3%A4ttlikon_COA.svg/250px-CHE_D%C3%A4ttlikon_COA.svg.png"
216,36.7,36.7,63.3,"Dinhard (ZH)","A Dinhard, les citoyens rejettent à 63,3 pour cent l'initiative sur la neutralité.","https://thumb.wikimedia.org/wikipedia/commons/thumb/2/2d/CHE_Dinhard_COA.svg/250px-CHE_Dinhard_COA.svg.png"
218,37.2,37.2,62.8,"Ellikon an der Thur (ZH)","A Ellikon an der Thur, les citoyens rejettent à 62,8 pour cent l'initiative sur la neutralité.","https://thumb.wikimedia.org/wikipedia/commons/thumb/a/a5/CHE_Ellikon_an_der_Thur_COA.svg/250px-CHE_Ellikon_an_der_Thur_COA.svg.png"
219,28.6,28.6,71.4,"Elsau (ZH)","L'initiative sur la neutralité est refusée à 71,4 pour cent à Elsau.","https://thumb.wikimedia.org/wikipedia/commons/thumb/4/4c/CHE_Elsau_COA.svg/330px-CHE_Elsau_COA.svg.png"
220,42.2,42.2,57.8,"Hagenbuch (ZH)","L'initiative sur la neutralité est refusée à 57,8 pour cent à Hagenbuch.","https://thumb.wikimedia.org/wikipedia/commons/thumb/6/6c/CHE_Hagenbuch_COA.svg/250px-CHE_Hagenbuch_COA.svg.png"
221,24.8,24.8,75.2,"Hettlingen (ZH)","Les habitants de Hettlingen s'opposent à l'initiative sur la neutralité par 75,2 pour cent des voix.","https://thumb.wikimedia.org/wikipedia/commons/thumb/8/80/CHE_Hettlingen_COA.svg/250px-CHE_Hettlingen_COA.svg.png"
223,50,0,0,"Neftenbach (ZH)","Les résultats ne sont pas encore connus dans cette commune.","https://thumb.wikimedia.org/wikipedia/commons/thumb/d/d2/CHE_Neftenbach_COA.svg/250px-CHE_Neftenbach_COA.svg.png"
224,33.2,33.2,66.8,"Pfungen (ZH)","Les habitants de Pfungen s'opposent à l'initiative sur la neutralité par 66,8 pour cent des voix.","https://thumb.wikimedia.org/wikipedia/commons/thumb/e/e8/CHE_Pfungen_COA.svg/250px-CHE_Pfungen_COA.svg.png"
225,31,31,69,"Rickenbach (ZH)","L'initiative sur la neutralité n'a pas convaincu à Rickenbach (ZH). Les citoyens de la commune ont refusé le texte à 69 pour cent.","https://thumb.wikimedia.org/wikipedia/commons/thumb/0/05/CHE_Rickenbach_COA.svg/250px-CHE_Rickenbach_COA.svg.png"
226,38.8,38.8,61.2,"Schlatt (ZH)","C'est non à l'initiative sur la neutralité à Schlatt (ZH). Les habitants ont refusé le texte à 61,2 pour cent.","https://thumb.wikimedia.org/wikipedia/commons/thumb/b/bb/CHE_Schlatt_COA.svg/250px-CHE_Schlatt_COA.svg.png"
227,27.7,27.7,72.3,"Seuzach (ZH)","A Seuzach, les citoyens rejettent à 72,3 pour cent l'initiative sur la neutralité.","https://thumb.wikimedia.org/wikipedia/commons/thumb/9/98/CHE_Seuzach_COA.svg/250px-CHE_Seuzach_COA.svg.png"
228,50,0,0,"Turbenthal (ZH)","Les résultats ne sont pas encore connus dans cette commune.","https://thumb.wikimedia.org/wikipedia/commons/thumb/a/ae/CHE_Turbenthal_COA.svg/250px-CHE_Turbenthal_COA.svg.png"
230,50,0,0,"Winterthour (ZH)","Les résultats ne sont pas encore connus dans cette commune.","https://thumb.wikimedia.org/wikipedia/commons/thumb/b/b8/Wappen_Winterthur.svg/960px-Wappen_Winterthur.svg.png"
231,50,0,0,"Zell (ZH)","Les résultats ne sont pas encore connus dans cette commune.","https://thumb.wikimedia.org/wikipedia/commons/thumb/1/13/CHE_Zell_COA.svg/250px-CHE_Zell_COA.svg.png"
241,26.1,26.1,73.9,"Aesch (ZH)","C'est non à l'initiative sur la neutralité à Aesch (ZH). Les habitants ont refusé le texte à 73,9 pour cent.","https://thumb.wikimedia.org/wikipedia/commons/thumb/1/19/CHE_Aesch_COA.svg/250px-CHE_Aesch_COA.svg.png"
242,25.3,25.3,74.7,"Birmensdorf (ZH)","L'initiative sur la neutralité n'a pas convaincu à Birmensdorf (ZH). Les citoyens de la commune ont refusé le texte à 74,7 pour cent.","https://thumb.wikimedia.org/wikipedia/commons/thumb/2/23/CHE_Birmensdorf_COA.svg/250px-CHE_Birmensdorf_COA.svg.png"
243,50,0,0,"Dietikon (ZH)","Les résultats ne sont pas encore connus dans cette commune.","https://thumb.wikimedia.org/wikipedia/commons/thumb/a/a0/CHE_Dietikon_COA.svg/250px-CHE_Dietikon_COA.svg.png"
244,50,0,0,"Geroldswil (ZH)","Les résultats ne sont pas encore connus dans cette commune.","https://thumb.wikimedia.org/wikipedia/commons/thumb/a/ae/CHE_Geroldswil_COA.svg/250px-CHE_Geroldswil_COA.svg.png"
245,24.3,24.3,75.7,"Oberengstringen (ZH)","Les habitants d'Oberengstringen s'opposent à l'initiative sur la neutralité par 75,7 pour cent des voix.","https://thumb.wikimedia.org/wikipedia/commons/thumb/a/ac/CHE_Oberengstringen_COA.svg/250px-CHE_Oberengstringen_COA.svg.png"
246,31.3,31.3,68.7,"Oetwil an der Limmat (ZH)","C'est non à l'initiative sur la neutralité à Oetwil an der Limmat. Les habitants ont refusé le texte à 68,7 pour cent.","https://thumb.wikimedia.org/wikipedia/commons/thumb/8/87/CHE_Oetwil_an_der_Limmat_COA.svg/960px-CHE_Oetwil_an_der_Limmat_COA.svg.png"
247,50,0,0,"Schlieren (ZH)","Les résultats ne sont pas encore connus dans cette commune.","https://thumb.wikimedia.org/wikipedia/commons/thumb/3/38/CHE_Schlieren_COA.svg/250px-CHE_Schlieren_COA.svg.png"
248,22.8,22.8,77.2,"Uitikon (ZH)","La population d'Uitikon rejette à 77,2 pour cent des voix l'initiative sur la neutralité.","https://thumb.wikimedia.org/wikipedia/commons/thumb/6/69/CHE_Uitikon_COA.svg/250px-CHE_Uitikon_COA.svg.png"
249,29.8,29.8,70.2,"Unterengstringen (ZH)","L'initiative sur la neutralité est refusée à 70,2 pour cent à Unterengstringen.","https://thumb.wikimedia.org/wikipedia/commons/thumb/6/61/CHE_Unterengstringen_COA.svg/250px-CHE_Unterengstringen_COA.svg.png"
250,50,0,0,"Urdorf (ZH)","Les résultats ne sont pas encore connus dans cette commune.","https://thumb.wikimedia.org/wikipedia/commons/thumb/c/ce/CHE_Urdorf_COA.svg/250px-CHE_Urdorf_COA.svg.png"
251,33.4,33.4,66.6,"Weiningen (ZH)","C'est non à l'initiative sur la neutralité à Weiningen (ZH). Les habitants ont refusé le texte à 66,6 pour cent.","https://thumb.wikimedia.org/wikipedia/commons/thumb/7/77/CHE_Weiningen_COA.svg/250px-CHE_Weiningen_COA.svg.png"
261,50,0,0,"Zurich (ZH)","Les résultats ne sont pas encore connus dans cette commune.","https://thumb.wikimedia.org/wikipedia/commons/thumb/4/4a/CHE_Z%C3%BCrich_COA.svg/250px-CHE_Z%C3%BCrich_COA.svg.png"
291,31.2,31.2,68.8,"Andelfingen (ZH)","L'initiative sur la neutralité est refusée à 68,8 pour cent à Andelfingen.","https://thumb.wikimedia.org/wikipedia/commons/thumb/7/7d/CHE_Andelfingen_COA.svg/250px-CHE_Andelfingen_COA.svg.png"
292,34,34,66,"Stammheim (ZH)","Les habitants de Stammheim s'opposent à l'initiative sur la neutralité par 66 pour cent des voix.","https://thumb.wikimedia.org/wikipedia/commons/thumb/d/de/CHE_Stammheim_COA.svg/250px-CHE_Stammheim_COA.svg.png"
293,50,0,0,"Wädenswil (ZH)","Les résultats ne sont pas encore connus dans cette commune.","https://thumb.wikimedia.org/wikipedia/commons/thumb/b/b0/CHE_W%C3%A4denswil_COA.svg/250px-CHE_W%C3%A4denswil_COA.svg.png"
294,31.2,31.2,68.8,"Elgg (ZH)","L'initiative sur la neutralité n'a pas trouvé grâce aux yeux des citoyens d'Elgg. Ils ont refusé le texte à 68,8 pour cent.","https://thumb.wikimedia.org/wikipedia/commons/thumb/5/56/CHE_Elgg_COA.svg/250px-CHE_Elgg_COA.svg.png"
295,50,0,0,"Horgen (ZH)","Les résultats ne sont pas encore connus dans cette commune.","https://thumb.wikimedia.org/wikipedia/commons/thumb/1/1a/CHE_Horgen_COA.svg/250px-CHE_Horgen_COA.svg.png"
296,29.7,29.7,70.3,"Illnau-Effretikon (ZH)","L'initiative sur la neutralité n'a pas convaincu à Illnau-Effretikon. Les citoyens de la commune ont refusé le texte à 70,3 pour cent.","https://upload.wikimedia.org/wikipedia/commons/7/7e/Wappen-Illnau-Effretikon.jpg"
297,50,0,0,"Bauma (ZH)","Les résultats ne sont pas encore connus dans cette commune.","https://thumb.wikimedia.org/wikipedia/commons/thumb/b/b3/CHE_Bauma_COA.svg/250px-CHE_Bauma_COA.svg.png"
298,28.9,28.9,71.1,"Wiesendangen (ZH)","L'initiative sur la neutralité n'a pas convaincu à Wiesendangen. Les citoyens de la commune ont refusé le texte à 71,1 pour cent.","https://thumb.wikimedia.org/wikipedia/commons/thumb/4/42/CHE_Wiesendangen_COA.svg/250px-CHE_Wiesendangen_COA.svg.png"
301,50,0,0,"Aarberg (BE)","Les résultats ne sont pas encore connus dans cette commune.","https://thumb.wikimedia.org/wikipedia/commons/thumb/b/be/CHE_Aarberg_BE_COA.svg/500px-CHE_Aarberg_BE_COA.svg.png"
302,50,0,0,"Bargen (BE)","Les résultats ne sont pas encore connus dans cette commune.","https://thumb.wikimedia.org/wikipedia/commons/thumb/7/77/CHE_Bargen_BE_COA.svg/500px-CHE_Bargen_BE_COA.svg.png"
303,50,0,0,"Grossaffoltern (BE)","Les résultats ne sont pas encore connus dans cette commune.","https://thumb.wikimedia.org/wikipedia/commons/thumb/2/23/CHE_Grossaffoltern_BE_COA.svg/500px-CHE_Grossaffoltern_BE_COA.svg.png"
304,50,0,0,"Kallnach (BE)","Les résultats ne sont pas encore connus dans cette commune.","https://thumb.wikimedia.org/wikipedia/commons/thumb/1/17/CHE_Kallnach_COA.svg/500px-CHE_Kallnach_COA.svg.png"
305,50,0,0,"Kappelen (BE)","Les résultats ne sont pas encore connus dans cette commune.","https://thumb.wikimedia.org/wikipedia/commons/thumb/7/72/CHE_Kappelen_BE_COA.svg/500px-CHE_Kappelen_BE_COA.svg.png"
306,50,0,0,"Lyss (BE)","Les résultats ne sont pas encore connus dans cette commune.","https://thumb.wikimedia.org/wikipedia/commons/thumb/8/88/CHE_Lyss_COA.svg/500px-CHE_Lyss_COA.svg.png"
307,50,0,0,"Meikirch (BE)","Les résultats ne sont pas encore connus dans cette commune.","https://thumb.wikimedia.org/wikipedia/commons/thumb/f/f0/CHE_Meikirch_COA.svg/500px-CHE_Meikirch_COA.svg.png"
309,50,0,0,"Radelfingen (BE)","Les résultats ne sont pas encore connus dans cette commune.","https://thumb.wikimedia.org/wikipedia/commons/thumb/0/05/CHE_Radelfingen_BE_COA.svg/500px-CHE_Radelfingen_BE_COA.svg.png"
310,50,0,0,"Rapperswil (BE)","Les résultats ne sont pas encore connus dans cette commune.","https://thumb.wikimedia.org/wikipedia/commons/thumb/8/8f/CHE_Rapperswil_BE_official_COA.svg/500px-CHE_Rapperswil_BE_official_COA.svg.png"
311,50,0,0,"Schüpfen (BE)","Les résultats ne sont pas encore connus dans cette commune.","https://thumb.wikimedia.org/wikipedia/commons/thumb/8/8e/CHE_Sch%C3%BCpfen_BE_COA.svg/500px-CHE_Sch%C3%BCpfen_BE_COA.svg.png"
312,50,0,0,"Seedorf (BE)","Les résultats ne sont pas encore connus dans cette commune.","https://thumb.wikimedia.org/wikipedia/commons/thumb/7/7a/CHE_Seedorf_BE_COA.svg/960px-CHE_Seedorf_BE_COA.svg.png"
321,50,0,0,"Aarwangen (BE)","Les résultats ne sont pas encore connus dans cette commune.","https://thumb.wikimedia.org/wikipedia/commons/thumb/d/dd/CHE_Aarwangen_COA.svg/960px-CHE_Aarwangen_COA.svg.png"
322,50,0,0,"Auswil (BE)","Les résultats ne sont pas encore connus dans cette commune.","https://thumb.wikimedia.org/wikipedia/commons/thumb/0/07/CHE_Auswil_COA.svg/960px-CHE_Auswil_COA.svg.png"
323,50,0,0,"Bannwil (BE)","Les résultats ne sont pas encore connus dans cette commune.","https://thumb.wikimedia.org/wikipedia/commons/thumb/b/b3/CHE_Bannwil_COA.svg/500px-CHE_Bannwil_COA.svg.png"
324,50,0,0,"Bleienbach (BE)","Les résultats ne sont pas encore connus dans cette commune.","https://thumb.wikimedia.org/wikipedia/commons/thumb/c/ce/CHE_Bleienbach_COA.svg/960px-CHE_Bleienbach_COA.svg.png"
325,50,0,0,"Busswil bei Melchnau (BE)","Les résultats ne sont pas encore connus dans cette commune.","https://thumb.wikimedia.org/wikipedia/commons/thumb/f/f7/CHE_Busswil_bei_Melchnau_COA.svg/500px-CHE_Busswil_bei_Melchnau_COA.svg.png"
326,50,0,0,"Gondiswil (BE)","Les résultats ne sont pas encore connus dans cette commune.","https://thumb.wikimedia.org/wikipedia/commons/thumb/f/f4/CHE_Gondiswil_COA.svg/960px-CHE_Gondiswil_COA.svg.png"
329,50,0,0,"Langenthal (BE)","Les résultats ne sont pas encore connus dans cette commune.","https://thumb.wikimedia.org/wikipedia/commons/thumb/f/f2/CHE_Langenthal_COA.svg/960px-CHE_Langenthal_COA.svg.png"
331,50,0,0,"Lotzwil (BE)","Les résultats ne sont pas encore connus dans cette commune.","https://thumb.wikimedia.org/wikipedia/commons/thumb/6/64/CHE_Lotzwil_COA.svg/500px-CHE_Lotzwil_COA.svg.png"
332,50,0,0,"Madiswil (BE)","Les résultats ne sont pas encore connus dans cette commune.","https://thumb.wikimedia.org/wikipedia/commons/thumb/4/45/CHE_Madiswil_COA.svg/500px-CHE_Madiswil_COA.svg.png"
333,50,0,0,"Melchnau (BE)","Les résultats ne sont pas encore connus dans cette commune.","https://thumb.wikimedia.org/wikipedia/commons/thumb/e/e7/CHE_Melchnau_COA.svg/500px-CHE_Melchnau_COA.svg.png"
335,50,0,0,"Oeschenbach (BE)","Les résultats ne sont pas encore connus dans cette commune.","https://thumb.wikimedia.org/wikipedia/commons/thumb/a/a7/CHE_Oeschenbach_COA.svg/500px-CHE_Oeschenbach_COA.svg.png"
336,50,0,0,"Reisiswil (BE)","Les résultats ne sont pas encore connus dans cette commune.","https://thumb.wikimedia.org/wikipedia/commons/thumb/5/5b/CHE_Reisiswil_COA.svg/500px-CHE_Reisiswil_COA.svg.png"
337,50,0,0,"Roggwil (BE)","Les résultats ne sont pas encore connus dans cette commune.","https://thumb.wikimedia.org/wikipedia/commons/thumb/e/e0/CHE_Roggwil_BE_COA.svg/500px-CHE_Roggwil_BE_COA.svg.png"
338,50,0,0,"Rohrbach (BE)","Les résultats ne sont pas encore connus dans cette commune.","https://thumb.wikimedia.org/wikipedia/commons/thumb/8/81/CHE_Rohrbach_COA.svg/960px-CHE_Rohrbach_COA.svg.png"
339,50,0,0,"Rohrbachgraben (BE)","Les résultats ne sont pas encore connus dans cette commune.","https://thumb.wikimedia.org/wikipedia/commons/thumb/8/86/CHE_Rohrbachgraben_COA.svg/500px-CHE_Rohrbachgraben_COA.svg.png"
340,50,0,0,"Rütschelen (BE)","Les résultats ne sont pas encore connus dans cette commune.","https://thumb.wikimedia.org/wikipedia/commons/thumb/c/c1/CHE_R%C3%BCtschelen_COA.svg/960px-CHE_R%C3%BCtschelen_COA.svg.png"
341,50,0,0,"Schwarzhäusern (BE)","Les résultats ne sont pas encore connus dans cette commune.","https://thumb.wikimedia.org/wikipedia/commons/thumb/5/5b/CHE_Schwarzh%C3%A4usern_COA.svg/500px-CHE_Schwarzh%C3%A4usern_COA.svg.png"
342,50,0,0,"Thunstetten (BE)","Les résultats ne sont pas encore connus dans cette commune.","https://thumb.wikimedia.org/wikipedia/commons/thumb/e/e5/CHE_Thunstetten_COA.svg/500px-CHE_Thunstetten_COA.svg.png"
344,50,0,0,"Ursenbach (BE)","Les résultats ne sont pas encore connus dans cette commune.","https://thumb.wikimedia.org/wikipedia/commons/thumb/0/08/CHE_Ursenbach_COA.svg/500px-CHE_Ursenbach_COA.svg.png"
345,50,0,0,"Wynau (BE)","Les résultats ne sont pas encore connus dans cette commune.","https://thumb.wikimedia.org/wikipedia/commons/thumb/a/ab/CHE_Wynau_COA.svg/500px-CHE_Wynau_COA.svg.png"
351,50,0,0,"Berne (BE)","Les résultats ne sont pas encore connus dans cette commune.","https://thumb.wikimedia.org/wikipedia/commons/thumb/9/91/CHE_Bern_BE_COA.svg/960px-CHE_Bern_BE_COA.svg.png"
352,50,0,0,"Bolligen (BE)","Les résultats ne sont pas encore connus dans cette commune.","https://thumb.wikimedia.org/wikipedia/commons/thumb/b/ba/CHE_Bolligen_COA.svg/500px-CHE_Bolligen_COA.svg.png"
353,50,0,0,"Bremgarten bei Bern (BE)","Les résultats ne sont pas encore connus dans cette commune.","https://thumb.wikimedia.org/wikipedia/commons/thumb/1/1f/CHE_Bremgarten_bei_Bern_COA.svg/500px-CHE_Bremgarten_bei_Bern_COA.svg.png"
354,50,0,0,"Kirchlindach (BE)","Les résultats ne sont pas encore connus dans cette commune.","https://thumb.wikimedia.org/wikipedia/commons/thumb/0/0f/CHE_Kirchlindach_COA.svg/500px-CHE_Kirchlindach_COA.svg.png"
355,50,0,0,"Köniz (BE)","Les résultats ne sont pas encore connus dans cette commune.","https://thumb.wikimedia.org/wikipedia/commons/thumb/e/e3/CHE_K%C3%B6niz_COA.svg/960px-CHE_K%C3%B6niz_COA.svg.png"
356,50,0,0,"Muri bei Bern (BE)","Les résultats ne sont pas encore connus dans cette commune.","https://thumb.wikimedia.org/wikipedia/commons/thumb/8/85/CHE_Muri_bei_Bern_COA.svg/500px-CHE_Muri_bei_Bern_COA.svg.png"
357,50,0,0,"Oberbalm (BE)","Les résultats ne sont pas encore connus dans cette commune.","https://thumb.wikimedia.org/wikipedia/commons/thumb/5/5b/CHE_Oberbalm_COA.svg/500px-CHE_Oberbalm_COA.svg.png"
358,50,0,0,"Stettlen (BE)","Les résultats ne sont pas encore connus dans cette commune.","https://thumb.wikimedia.org/wikipedia/commons/thumb/9/9d/CHE_Stettlen_COA.svg/500px-CHE_Stettlen_COA.svg.png"
359,50,0,0,"Vechigen (BE)","Les résultats ne sont pas encore connus dans cette commune.","https://thumb.wikimedia.org/wikipedia/commons/thumb/d/df/CHE_Vechigen_COA.svg/500px-CHE_Vechigen_COA.svg.png"
360,50,0,0,"Wohlen bei Bern (BE)","Les résultats ne sont pas encore connus dans cette commune.","https://thumb.wikimedia.org/wikipedia/commons/thumb/d/de/CHE_Wohlen_bei_Bern_COA.svg/500px-CHE_Wohlen_bei_Bern_COA.svg.png"
361,50,0,0,"Zollikofen (BE)","Les résultats ne sont pas encore connus dans cette commune.","https://thumb.wikimedia.org/wikipedia/commons/thumb/7/72/CHE_Zollikofen_COA.svg/500px-CHE_Zollikofen_COA.svg.png"
362,50,0,0,"Ittigen (BE)","Les résultats ne sont pas encore connus dans cette commune.","https://thumb.wikimedia.org/wikipedia/commons/thumb/2/21/CHE_Ittigen_COA.svg/960px-CHE_Ittigen_COA.svg.png"
363,50,0,0,"Ostermundigen (BE)","Les résultats ne sont pas encore connus dans cette commune.","https://thumb.wikimedia.org/wikipedia/commons/thumb/0/08/CHE_Ostermundigen_COA.svg/500px-CHE_Ostermundigen_COA.svg.png"
371,50,0,0,"Bienne (BE)","Les résultats ne sont pas encore connus dans cette commune.","https://thumb.wikimedia.org/wikipedia/commons/thumb/3/39/CHE_Biel_COA.svg/960px-CHE_Biel_COA.svg.png"
372,50,0,0,"Evilard (BE)","Les résultats ne sont pas encore connus dans cette commune.","https://thumb.wikimedia.org/wikipedia/commons/thumb/5/5b/CHE_Evilard_COA.svg/500px-CHE_Evilard_COA.svg.png"
381,50,0,0,"Arch (BE)","Les résultats ne sont pas encore connus dans cette commune.","https://thumb.wikimedia.org/wikipedia/commons/thumb/4/48/CHE_Arch_COA.svg/500px-CHE_Arch_COA.svg.png"
382,50,0,0,"Büetigen (BE)","Les résultats ne sont pas encore connus dans cette commune.","https://thumb.wikimedia.org/wikipedia/commons/thumb/e/e0/CHE_B%C3%BCetigen_COA.svg/500px-CHE_B%C3%BCetigen_COA.svg.png"
383,50,0,0,"Büren an der Aare (BE)","Les résultats ne sont pas encore connus dans cette commune.","https://thumb.wikimedia.org/wikipedia/commons/thumb/5/55/CHE_B%C3%BCren_an_der_Aare_COA.svg/500px-CHE_B%C3%BCren_an_der_Aare_COA.svg.png"
385,50,0,0,"Diessbach bei Büren (BE)","Les résultats ne sont pas encore connus dans cette commune.","https://thumb.wikimedia.org/wikipedia/commons/thumb/1/1b/CHE_Diessbach_bei_B%C3%BCren_COA.svg/500px-CHE_Diessbach_bei_B%C3%BCren_COA.svg.png"
386,50,0,0,"Dotzigen (BE)","Les résultats ne sont pas encore connus dans cette commune.","https://thumb.wikimedia.org/wikipedia/commons/thumb/a/aa/CHE_Dotzigen_BE_COA.svg/500px-CHE_Dotzigen_BE_COA.svg.png"
387,50,0,0,"Longeau (BE)","Les résultats ne sont pas encore connus dans cette commune.","https://thumb.wikimedia.org/wikipedia/commons/thumb/d/dd/CHE_Lengnau_BE_COA.svg/500px-CHE_Lengnau_BE_COA.svg.png"
388,50,0,0,"Leuzigen (BE)","Les résultats ne sont pas encore connus dans cette commune.","https://thumb.wikimedia.org/wikipedia/commons/thumb/b/ba/CHE_Leuzigen_COA.svg/500px-CHE_Leuzigen_COA.svg.png"
390,50,0,0,"Meinisberg (BE)","Les résultats ne sont pas encore connus dans cette commune.","https://thumb.wikimedia.org/wikipedia/commons/thumb/9/99/CHE_Meinisberg_COA.svg/500px-CHE_Meinisberg_COA.svg.png"
391,50,0,0,"Oberwil bei Büren (BE)","Les résultats ne sont pas encore connus dans cette commune.","https://thumb.wikimedia.org/wikipedia/commons/thumb/0/08/CHE_Oberwil_bei_B%C3%BCren_COA.svg/960px-CHE_Oberwil_bei_B%C3%BCren_COA.svg.png"
392,50,0,0,"Perles (BE)","Les résultats ne sont pas encore connus dans cette commune.","https://thumb.wikimedia.org/wikipedia/commons/thumb/b/bc/CHE_Pieterlen_COA.svg/500px-CHE_Pieterlen_COA.svg.png"
393,50,0,0,"Rüti bei Büren (BE)","Les résultats ne sont pas encore connus dans cette commune.","https://thumb.wikimedia.org/wikipedia/commons/thumb/1/18/CHE_R%C3%BCti_bei_B%C3%BCren_COA.svg/500px-CHE_R%C3%BCti_bei_B%C3%BCren_COA.svg.png"
394,50,0,0,"Wengi (BE)","Les résultats ne sont pas encore connus dans cette commune.","https://thumb.wikimedia.org/wikipedia/commons/thumb/6/66/CHE_Wengi_COA.svg/500px-CHE_Wengi_COA.svg.png"
401,50,0,0,"Aefligen (BE)","Les résultats ne sont pas encore connus dans cette commune.","https://thumb.wikimedia.org/wikipedia/commons/thumb/5/57/CHE_Aefligen_COA.svg/500px-CHE_Aefligen_COA.svg.png"
402,50,0,0,"Alchenstorf (BE)","Les résultats ne sont pas encore connus dans cette commune.","https://thumb.wikimedia.org/wikipedia/commons/thumb/6/65/CHE_Alchenstorf_COA.svg/500px-CHE_Alchenstorf_COA.svg.png"
403,50,0,0,"Bäriswil (BE)","Les résultats ne sont pas encore connus dans cette commune.","https://thumb.wikimedia.org/wikipedia/commons/thumb/b/b6/CHE_B%C3%A4riswil_COA.svg/500px-CHE_B%C3%A4riswil_COA.svg.png"
404,50,0,0,"Berthoud (BE)","Les résultats ne sont pas encore connus dans cette commune.","https://thumb.wikimedia.org/wikipedia/commons/thumb/8/80/CHE_Burgdorf_BE_COA.svg/500px-CHE_Burgdorf_BE_COA.svg.png"
405,50,0,0,"Ersigen (BE)","Les résultats ne sont pas encore connus dans cette commune.","https://thumb.wikimedia.org/wikipedia/commons/thumb/0/0c/CHE_Ersigen_COA.svg/500px-CHE_Ersigen_COA.svg.png"
406,50,0,0,"Hasle bei Burgdorf (BE)","Les résultats ne sont pas encore connus dans cette commune.","https://thumb.wikimedia.org/wikipedia/commons/thumb/5/5e/CHE_Hasle_bei_Burgdorf_COA.svg/500px-CHE_Hasle_bei_Burgdorf_COA.svg.png"
407,50,0,0,"Heimiswil (BE)","Les résultats ne sont pas encore connus dans cette commune.","https://thumb.wikimedia.org/wikipedia/commons/thumb/c/ca/CHE_Heimiswil_COA.svg/500px-CHE_Heimiswil_COA.svg.png"
409,50,0,0,"Hindelbank (BE)","Les résultats ne sont pas encore connus dans cette commune.","https://thumb.wikimedia.org/wikipedia/commons/thumb/0/0d/CHE_Hindelbank_COA.svg/500px-CHE_Hindelbank_COA.svg.png"
410,50,0,0,"Höchstetten (BE)","Les résultats ne sont pas encore connus dans cette commune.","https://thumb.wikimedia.org/wikipedia/commons/thumb/8/8c/CHE_H%C3%B6chstetten_COA.svg/500px-CHE_H%C3%B6chstetten_COA.svg.png"
411,50,0,0,"Kernenried (BE)","Les résultats ne sont pas encore connus dans cette commune.","https://thumb.wikimedia.org/wikipedia/commons/thumb/e/ec/CHE_Kernenried_COA.svg/500px-CHE_Kernenried_COA.svg.png"
412,50,0,0,"Kirchberg (BE)","Les résultats ne sont pas encore connus dans cette commune.","https://thumb.wikimedia.org/wikipedia/commons/thumb/1/1d/CHE_Kirchberg_BE_COA.svg/960px-CHE_Kirchberg_BE_COA.svg.png"
413,50,0,0,"Koppigen (BE)","Les résultats ne sont pas encore connus dans cette commune.","https://thumb.wikimedia.org/wikipedia/commons/thumb/0/02/CHE_Koppigen_COA.svg/500px-CHE_Koppigen_COA.svg.png"
414,50,0,0,"Krauchthal (BE)","Les résultats ne sont pas encore connus dans cette commune.","https://thumb.wikimedia.org/wikipedia/commons/thumb/f/f0/CHE_Krauchthal_COA.svg/500px-CHE_Krauchthal_COA.svg.png"
415,50,0,0,"Lyssach (BE)","Les résultats ne sont pas encore connus dans cette commune.","https://thumb.wikimedia.org/wikipedia/commons/thumb/3/3a/CHE_Lyssach_COA.svg/500px-CHE_Lyssach_COA.svg.png"
418,50,0,0,"Oberburg (BE)","Les résultats ne sont pas encore connus dans cette commune.","https://thumb.wikimedia.org/wikipedia/commons/thumb/e/e3/CHE_Oberburg_COA.svg/960px-CHE_Oberburg_COA.svg.png"
420,50,0,0,"Rüdtligen-Alchenflüh (BE)","Les résultats ne sont pas encore connus dans cette commune.","https://thumb.wikimedia.org/wikipedia/commons/thumb/a/af/CHE_R%C3%BCdtligen-Alchenfl%C3%BCh_COA.svg/500px-CHE_R%C3%BCdtligen-Alchenfl%C3%BCh_COA.svg.png"
421,50,0,0,"Rumendingen (BE)","Les résultats ne sont pas encore connus dans cette commune.","https://thumb.wikimedia.org/wikipedia/commons/thumb/a/a0/CHE_Rumendingen_COA.svg/500px-CHE_Rumendingen_COA.svg.png"
422,50,0,0,"Rüti bei Lyssach (BE)","Les résultats ne sont pas encore connus dans cette commune.","https://thumb.wikimedia.org/wikipedia/commons/thumb/d/d8/CHE_R%C3%BCti_bei_Lyssach_COA.svg/500px-CHE_R%C3%BCti_bei_Lyssach_COA.svg.png"
423,50,0,0,"Willadingen (BE)","Les résultats ne sont pas encore connus dans cette commune.","https://thumb.wikimedia.org/wikipedia/commons/thumb/a/a7/CHE_Willadingen_COA.svg/500px-CHE_Willadingen_COA.svg.png"
424,50,0,0,"Wynigen (BE)","Les résultats ne sont pas encore connus dans cette commune.","https://thumb.wikimedia.org/wikipedia/commons/thumb/1/17/CHE_Wynigen_COA.svg/960px-CHE_Wynigen_COA.svg.png"
431,50,0,0,"Corgémont (BE)","Les résultats ne sont pas encore connus dans cette commune.","https://thumb.wikimedia.org/wikipedia/commons/thumb/b/b3/CHE_Corg%C3%A9mont_COA.svg/500px-CHE_Corg%C3%A9mont_COA.svg.png"
432,50,0,0,"Cormoret (BE)","Les résultats ne sont pas encore connus dans cette commune.","https://thumb.wikimedia.org/wikipedia/commons/thumb/d/d6/CHE_Cormoret_COA.svg/500px-CHE_Cormoret_COA.svg.png"
433,50,0,0,"Cortébert (BE)","Les résultats ne sont pas encore connus dans cette commune.","https://thumb.wikimedia.org/wikipedia/commons/thumb/7/73/CHE_Cort%C3%A9bert_COA.svg/500px-CHE_Cort%C3%A9bert_COA.svg.png"
434,50,0,0,"Courtelary (BE)","Les résultats ne sont pas encore connus dans cette commune.","https://thumb.wikimedia.org/wikipedia/commons/thumb/6/6b/CHE_Courtelary_COA.svg/500px-CHE_Courtelary_COA.svg.png"
435,50,0,0,"La Ferrière (BE)","Les résultats ne sont pas encore connus dans cette commune.","https://thumb.wikimedia.org/wikipedia/commons/thumb/2/24/CHE_La_Ferri%C3%A8re_COA.svg/500px-CHE_La_Ferri%C3%A8re_COA.svg.png"
437,50,0,0,"Mont-Tramelan (BE)","Les résultats ne sont pas encore connus dans cette commune.","https://thumb.wikimedia.org/wikipedia/commons/thumb/4/4c/CHE_Mont-Tramelan_COA.svg/500px-CHE_Mont-Tramelan_COA.svg.png"
438,50,0,0,"Orvin (BE)","Les résultats ne sont pas encore connus dans cette commune.","https://thumb.wikimedia.org/wikipedia/commons/thumb/c/cf/CHE_Orvin_COA.svg/500px-CHE_Orvin_COA.svg.png"
441,50,0,0,"Renan (BE)","Les résultats ne sont pas encore connus dans cette commune.","https://thumb.wikimedia.org/wikipedia/commons/thumb/0/08/CHE_Renan_COA.svg/500px-CHE_Renan_COA.svg.png"
442,50,0,0,"Romont (BE)","Les résultats ne sont pas encore connus dans cette commune.","https://thumb.wikimedia.org/wikipedia/commons/thumb/4/4c/CHE_Romont_BE_COA.svg/500px-CHE_Romont_BE_COA.svg.png"
443,50,0,0,"Saint-Imier (BE)","Les résultats ne sont pas encore connus dans cette commune.","https://thumb.wikimedia.org/wikipedia/commons/thumb/4/4a/CHE_Saint-Imier_COA.svg/500px-CHE_Saint-Imier_COA.svg.png"
444,50,0,0,"Sonceboz-Sombeval (BE)","Les résultats ne sont pas encore connus dans cette commune.","https://thumb.wikimedia.org/wikipedia/commons/thumb/9/9d/CHE_Sonceboz-Sombeval_COA.svg/500px-CHE_Sonceboz-Sombeval_COA.svg.png"
445,50,0,0,"Sonvilier (BE)","Les résultats ne sont pas encore connus dans cette commune.","https://thumb.wikimedia.org/wikipedia/commons/thumb/b/bd/CHE_Sonvilier_COA.svg/500px-CHE_Sonvilier_COA.svg.png"
446,50,0,0,"Tramelan (BE)","Les résultats ne sont pas encore connus dans cette commune.","https://thumb.wikimedia.org/wikipedia/commons/thumb/4/49/CHE_Tramelan_COA.svg/500px-CHE_Tramelan_COA.svg.png"
448,50,0,0,"Villeret (BE)","Les résultats ne sont pas encore connus dans cette commune.","https://thumb.wikimedia.org/wikipedia/commons/thumb/8/8a/CHE_Villeret_COA.svg/500px-CHE_Villeret_COA.svg.png"
449,50,0,0,"Sauge (BE)","Les résultats ne sont pas encore connus dans cette commune.","https://thumb.wikimedia.org/wikipedia/commons/thumb/f/fd/CHE_Sauge_COA.svg/500px-CHE_Sauge_COA.svg.png"
450,50,0,0,"Péry-La Heutte (BE)","Les résultats ne sont pas encore connus dans cette commune.","https://thumb.wikimedia.org/wikipedia/commons/thumb/0/02/CHE_P%C3%A9ry-La_Heutte_COA.svg/500px-CHE_P%C3%A9ry-La_Heutte_COA.svg.png"
491,50,0,0,"Brüttelen (BE)","Les résultats ne sont pas encore connus dans cette commune.","https://thumb.wikimedia.org/wikipedia/commons/thumb/f/f8/CHE_Br%C3%BCttelen_COA.svg/500px-CHE_Br%C3%BCttelen_COA.svg.png"
492,50,0,0,"Cerlier (BE)","Les résultats ne sont pas encore connus dans cette commune.","https://thumb.wikimedia.org/wikipedia/commons/thumb/b/b4/CHE_Erlach_COA.svg/500px-CHE_Erlach_COA.svg.png"
493,50,0,0,"Finsterhennen (BE)","Les résultats ne sont pas encore connus dans cette commune.","https://thumb.wikimedia.org/wikipedia/commons/thumb/c/c5/CHE_Finsterhennen_BE_COA.svg/500px-CHE_Finsterhennen_BE_COA.svg.png"
494,50,0,0,"Gals (BE)","Les résultats ne sont pas encore connus dans cette commune.","https://thumb.wikimedia.org/wikipedia/commons/thumb/2/29/CHE_Gals_COA.svg/500px-CHE_Gals_COA.svg.png"
495,50,0,0,"Champion (Gampelen) (BE)","Les résultats ne sont pas encore connus dans cette commune.","https://thumb.wikimedia.org/wikipedia/commons/thumb/5/50/CHE_Gampelen_COA.svg/500px-CHE_Gampelen_COA.svg.png"
496,50,0,0,"Anet (BE)","Les résultats ne sont pas encore connus dans cette commune.","https://thumb.wikimedia.org/wikipedia/commons/thumb/6/6b/CHE_Ins_COA.svg/500px-CHE_Ins_COA.svg.png"
497,50,0,0,"Lüscherz (BE)","Les résultats ne sont pas encore connus dans cette commune.","https://thumb.wikimedia.org/wikipedia/commons/thumb/8/8b/CHE_L%C3%BCscherz_COA.svg/500px-CHE_L%C3%BCscherz_COA.svg.png"
498,50,0,0,"Müntschemier (BE)","Les résultats ne sont pas encore connus dans cette commune.","https://thumb.wikimedia.org/wikipedia/commons/thumb/a/a8/CHE_M%C3%BCntschemier_COA.svg/500px-CHE_M%C3%BCntschemier_COA.svg.png"
499,50,0,0,"Siselen (BE)","Les résultats ne sont pas encore connus dans cette commune.","https://thumb.wikimedia.org/wikipedia/commons/thumb/9/97/CHE_Siselen_COA.svg/500px-CHE_Siselen_COA.svg.png"
500,50,0,0,"Treiten (BE)","Les résultats ne sont pas encore connus dans cette commune.","https://thumb.wikimedia.org/wikipedia/commons/thumb/8/81/CHE_Treiten_COA.svg/500px-CHE_Treiten_COA.svg.png"
501,50,0,0,"Tschugg (BE)","Les résultats ne sont pas encore connus dans cette commune.","https://thumb.wikimedia.org/wikipedia/commons/thumb/b/b8/CHE_Tschugg_COA.svg/500px-CHE_Tschugg_COA.svg.png"
502,50,0,0,"Vinelz (BE)","Les résultats ne sont pas encore connus dans cette commune.","https://thumb.wikimedia.org/wikipedia/commons/thumb/d/d3/CHE_Vinelz_COA.svg/500px-CHE_Vinelz_COA.svg.png"
533,50,0,0,"Bätterkinden (BE)","Les résultats ne sont pas encore connus dans cette commune.","https://thumb.wikimedia.org/wikipedia/commons/thumb/7/7b/CHE_B%C3%A4tterkinden_COA.svg/500px-CHE_B%C3%A4tterkinden_COA.svg.png"
538,50,0,0,"Fraubrunnen (BE)","Les résultats ne sont pas encore connus dans cette commune.","https://thumb.wikimedia.org/wikipedia/commons/thumb/2/2e/CHE_Fraubrunnen_COA.svg/500px-CHE_Fraubrunnen_COA.svg.png"
540,50,0,0,"Jegenstorf (BE)","Les résultats ne sont pas encore connus dans cette commune.","https://thumb.wikimedia.org/wikipedia/commons/thumb/1/10/CHE_Jegenstorf_COA.svg/500px-CHE_Jegenstorf_COA.svg.png"
541,50,0,0,"Iffwil (BE)","Les résultats ne sont pas encore connus dans cette commune.","https://thumb.wikimedia.org/wikipedia/commons/thumb/3/36/CHE_Iffwil_COA.svg/500px-CHE_Iffwil_COA.svg.png"
543,50,0,0,"Mattstetten (BE)","Les résultats ne sont pas encore connus dans cette commune.","https://thumb.wikimedia.org/wikipedia/commons/thumb/f/f5/CHE_Mattstetten_COA.svg/500px-CHE_Mattstetten_COA.svg.png"
544,50,0,0,"Moosseedorf (BE)","Les résultats ne sont pas encore connus dans cette commune.","https://thumb.wikimedia.org/wikipedia/commons/thumb/6/6f/CHE_Moosseedorf_COA.svg/500px-CHE_Moosseedorf_COA.svg.png"
546,50,0,0,"Münchenbuchsee (BE)","Les résultats ne sont pas encore connus dans cette commune.","https://thumb.wikimedia.org/wikipedia/commons/thumb/a/a9/CHE_M%C3%BCnchenbuchsee_COA.svg/500px-CHE_M%C3%BCnchenbuchsee_COA.svg.png"
551,50,0,0,"Urtenen-Schönbühl (BE)","Les résultats ne sont pas encore connus dans cette commune.","https://thumb.wikimedia.org/wikipedia/commons/thumb/a/a2/CHE_Urtenen-Sch%C3%B6nb%C3%BChl_COA.svg/500px-CHE_Urtenen-Sch%C3%B6nb%C3%BChl_COA.svg.png"
552,50,0,0,"Utzenstorf (BE)","Les résultats ne sont pas encore connus dans cette commune.","https://thumb.wikimedia.org/wikipedia/commons/thumb/f/f7/CHE_Utzenstorf_COA.svg/500px-CHE_Utzenstorf_COA.svg.png"
553,50,0,0,"Wiggiswil (BE)","Les résultats ne sont pas encore connus dans cette commune.","https://thumb.wikimedia.org/wikipedia/commons/thumb/5/55/CHE_Wiggiswil_COA.svg/500px-CHE_Wiggiswil_COA.svg.png"
554,50,0,0,"Wiler bei Utzenstorf (BE)","Les résultats ne sont pas encore connus dans cette commune.","https://thumb.wikimedia.org/wikipedia/commons/thumb/3/35/CHE_Wiler_bei_Utzenstorf_COA.svg/500px-CHE_Wiler_bei_Utzenstorf_COA.svg.png"
556,50,0,0,"Zielebach (BE)","Les résultats ne sont pas encore connus dans cette commune.","https://thumb.wikimedia.org/wikipedia/commons/thumb/8/8e/CHE_Zielebach_COA.svg/500px-CHE_Zielebach_COA.svg.png"
557,50,0,0,"Zuzwil (BE)","Les résultats ne sont pas encore connus dans cette commune.","https://thumb.wikimedia.org/wikipedia/commons/thumb/1/1e/CHE_Zuzwil_BE_COA.svg/500px-CHE_Zuzwil_BE_COA.svg.png"
561,50,0,0,"Adelboden (BE)","Les résultats ne sont pas encore connus dans cette commune.","https://thumb.wikimedia.org/wikipedia/commons/thumb/2/21/CHE_Adelboden_COA.svg/500px-CHE_Adelboden_COA.svg.png"
562,50,0,0,"Aeschi bei Spiez (BE)","Les résultats ne sont pas encore connus dans cette commune.","https://thumb.wikimedia.org/wikipedia/commons/thumb/9/93/CHE_Aeschi_bei_Spiez_COA.svg/500px-CHE_Aeschi_bei_Spiez_COA.svg.png"
563,50,0,0,"Frutigen (BE)","Les résultats ne sont pas encore connus dans cette commune.","https://thumb.wikimedia.org/wikipedia/commons/thumb/e/e5/CHE_Frutigen_COA.svg/500px-CHE_Frutigen_COA.svg.png"
564,50,0,0,"Kandergrund (BE)","Les résultats ne sont pas encore connus dans cette commune.","https://thumb.wikimedia.org/wikipedia/commons/thumb/3/36/CHE_Kandergrund_COA.svg/500px-CHE_Kandergrund_COA.svg.png"
565,50,0,0,"Kandersteg (BE)","Les résultats ne sont pas encore connus dans cette commune.","https://thumb.wikimedia.org/wikipedia/commons/thumb/b/b1/CHE_Kandersteg_COA.svg/500px-CHE_Kandersteg_COA.svg.png"
566,50,0,0,"Krattigen (BE)","Les résultats ne sont pas encore connus dans cette commune.","https://thumb.wikimedia.org/wikipedia/commons/thumb/8/80/CHE_Krattigen_COA.svg/960px-CHE_Krattigen_COA.svg.png"
567,50,0,0,"Reichenbach im Kandertal (BE)","Les résultats ne sont pas encore connus dans cette commune.","https://thumb.wikimedia.org/wikipedia/commons/thumb/e/ea/CHE_Reichenbach_im_Kandertal_COA.svg/500px-CHE_Reichenbach_im_Kandertal_COA.svg.png"
571,50.6,50.6,49.4,"Beatenberg (BE)","L'initiative sur la neutralité passe la rampe avec 50,6 pour cent de oui à Beatenberg.","https://thumb.wikimedia.org/wikipedia/commons/thumb/a/a9/CHE_Beatenberg_COA.svg/500px-CHE_Beatenberg_COA.svg.png"
572,30.2,30.2,69.8,"Bönigen (BE)","La population de Bönigen rejette à 69,8 pour cent des voix l'initiative sur la neutralité.","https://thumb.wikimedia.org/wikipedia/commons/thumb/3/39/CHE_B%C3%B6nigen_BE_COA.svg/500px-CHE_B%C3%B6nigen_BE_COA.svg.png"
573,36.2,36.2,63.8,"Brienz (BE)","Les habitants de Brienz (BE) s'opposent à l'initiative sur la neutralité par 63,8 pour cent des voix.","https://thumb.wikimedia.org/wikipedia/commons/thumb/2/25/CHE_Brienz_COA.svg/960px-CHE_Brienz_COA.svg.png"
574,46.9,46.9,53.1,"Brienzwiler (BE)","L'initiative sur la neutralité est refusée à 53,1 pour cent à Brienzwiler.","https://thumb.wikimedia.org/wikipedia/commons/thumb/e/ef/CHE_Brienzwiler_COA.svg/500px-CHE_Brienzwiler_COA.svg.png"
575,33.3,33.3,66.7,"Därligen (BE)","L'initiative sur la neutralité n'a pas trouvé grâce aux yeux des citoyens de Därligen. Ils ont refusé le texte à 66,7 pour cent.","https://thumb.wikimedia.org/wikipedia/commons/thumb/c/cf/CHE_D%C3%A4rligen_COA.svg/500px-CHE_D%C3%A4rligen_COA.svg.png"
576,50,50,50,"Grindelwald (BE)","Egalité parfaite à Grindelwald! Les électeurs de cette commune sont 617 à approuver l'initiative sur la neutralité et 617 à la refuser.","https://thumb.wikimedia.org/wikipedia/commons/thumb/2/28/CHE_Grindelwald_COA.svg/500px-CHE_Grindelwald_COA.svg.png"
577,42,42,58,"Gsteigwiler (BE)","L'initiative sur la neutralité n'a pas convaincu à Gsteigwiler. Les citoyens de la commune ont refusé le texte à 58 pour cent.","https://thumb.wikimedia.org/wikipedia/commons/thumb/5/5c/CHE_Gsteigwiler_COA.svg/500px-CHE_Gsteigwiler_COA.svg.png"
578,56.8,56.8,43.2,"Gündlischwand (BE)","L'initiative sur la neutralité est approuvée à Gündlischwand par 56,8 pour cent des votants.","https://thumb.wikimedia.org/wikipedia/commons/thumb/c/c6/CHE_G%C3%BCndlischwand_COA.svg/500px-CHE_G%C3%BCndlischwand_COA.svg.png"
579,59.8,59.8,40.2,"Habkern (BE)","La population de Habkern approuve à 59,8 pour cent l'initiative sur la neutralité.","https://thumb.wikimedia.org/wikipedia/commons/thumb/5/5b/CHE_Habkern_COA.svg/960px-CHE_Habkern_COA.svg.png"
580,45.9,45.9,54.1,"Hofstetten bei Brienz (BE)","L'initiative sur la neutralité n'a pas trouvé grâce aux yeux des citoyens de Hofstetten bei Brienz. Ils ont refusé le texte à 54,1 pour cent.","https://thumb.wikimedia.org/wikipedia/commons/thumb/6/62/CHE_Hofstetten_bei_Brienz_COA.svg/500px-CHE_Hofstetten_bei_Brienz_COA.svg.png"
581,28.7,28.7,71.3,"Interlaken (BE)","L'initiative sur la neutralité n'a pas convaincu à Interlaken. Les citoyens de la commune ont refusé le texte à 71,3 pour cent.","https://thumb.wikimedia.org/wikipedia/commons/thumb/9/96/CHE_Interlaken_COA.svg/500px-CHE_Interlaken_COA.svg.png"
582,40,40,60,"Iseltwald (BE)","A Iseltwald, les citoyens rejettent à 60 pour cent l'initiative sur la neutralité.","https://thumb.wikimedia.org/wikipedia/commons/thumb/b/b8/CHE_Iseltwald_COA.svg/500px-CHE_Iseltwald_COA.svg.png"
584,33.5,33.5,66.5,"Lauterbrunnen (BE)","C'est non à l'initiative sur la neutralité à Lauterbrunnen. Les habitants ont refusé le texte à 66,5 pour cent.","https://thumb.wikimedia.org/wikipedia/commons/thumb/0/0b/CHE_Lauterbrunnen_COA.svg/500px-CHE_Lauterbrunnen_COA.svg.png"
585,37.5,37.5,62.5,"Leissigen (BE)","L'initiative sur la neutralité est refusée à 62,5 pour cent à Leissigen.","https://thumb.wikimedia.org/wikipedia/commons/thumb/2/24/CHE_Leissigen_COA.svg/500px-CHE_Leissigen_COA.svg.png"
586,54.9,54.9,45.1,"Lütschental (BE)","Les électeurs de la petite commune de Lütschental soutiennent l'initiative sur la neutralité. Ils ont dit oui au texte par 39 voix, contre 32.","https://thumb.wikimedia.org/wikipedia/commons/thumb/c/c1/CHE_L%C3%BCtschental_COA.svg/500px-CHE_L%C3%BCtschental_COA.svg.png"
587,27.7,27.7,72.3,"Matten bei Interlaken (BE)","L'initiative sur la neutralité est refusée à 72,3 pour cent à Matten bei Interlaken.","https://thumb.wikimedia.org/wikipedia/commons/thumb/2/22/CHE_Matten_bei_Interlaken_COA.svg/500px-CHE_Matten_bei_Interlaken_COA.svg.png"
588,33.1,33.1,66.9,"Niederried bei Interlaken (BE)","C'est non à l'initiative sur la neutralité à Niederried bei Interlaken. Les habitants ont refusé le texte à 66,9 pour cent.","https://thumb.wikimedia.org/wikipedia/commons/thumb/3/39/CHE_Niederried_bei_Interlaken_COA.svg/500px-CHE_Niederried_bei_Interlaken_COA.svg.png"
589,32.4,32.4,67.6,"Oberried am Brienzersee (BE)","La population d'Oberried am Brienzersee rejette à 67,6 pour cent des voix l'initiative sur la neutralité.","https://thumb.wikimedia.org/wikipedia/commons/thumb/b/b5/CHE_Oberried_am_Brienzersee_COA.svg/500px-CHE_Oberried_am_Brienzersee_COA.svg.png"
590,34.5,34.5,65.5,"Ringgenberg (BE)","C'est non à l'initiative sur la neutralité à Ringgenberg (BE). Les habitants ont refusé le texte à 65,5 pour cent.","https://thumb.wikimedia.org/wikipedia/commons/thumb/9/95/CHE_Ringgenberg_COA.svg/500px-CHE_Ringgenberg_COA.svg.png"
591,53.7,53.7,46.3,"Saxeten (BE)","Les électeurs de la petite commune de Saxeten soutiennent l'initiative sur la neutralité. Ils ont dit oui au texte par 22 voix, contre 19.","https://thumb.wikimedia.org/wikipedia/commons/thumb/5/5b/CHE_Saxeten_COA.svg/500px-CHE_Saxeten_COA.svg.png"
592,21.7,21.7,78.3,"Schwanden bei Brienz (BE)","La population de Schwanden bei Brienz rejette à 78,3 pour cent des voix l'initiative sur la neutralité.","https://upload.wikimedia.org/wikipedia/commons/4/4f/Wappen-gross.gif"
593,30.1,30.1,69.9,"Unterseen (BE)","Les habitants d'Unterseen s'opposent à l'initiative sur la neutralité par 69,9 pour cent des voix.","https://thumb.wikimedia.org/wikipedia/commons/thumb/b/b9/CHE_Unterseen_COA.svg/500px-CHE_Unterseen_COA.svg.png"
594,40.2,40.2,59.8,"Wilderswil (BE)","Les habitants de Wilderswil s'opposent à l'initiative sur la neutralité par 59,8 pour cent des voix.","https://thumb.wikimedia.org/wikipedia/commons/thumb/7/79/CHE_Wilderswil_COA.svg/500px-CHE_Wilderswil_COA.svg.png"
602,50,0,0,"Arni (BE)","Les résultats ne sont pas encore connus dans cette commune.","https://thumb.wikimedia.org/wikipedia/commons/thumb/a/a7/CHE_Arni_BE_COA.svg/960px-CHE_Arni_BE_COA.svg.png"
603,50,0,0,"Biglen (BE)","Les résultats ne sont pas encore connus dans cette commune.","https://thumb.wikimedia.org/wikipedia/commons/thumb/9/9d/CHE_Biglen_COA.svg/500px-CHE_Biglen_COA.svg.png"
605,50,0,0,"Bowil (BE)","Les résultats ne sont pas encore connus dans cette commune.","https://thumb.wikimedia.org/wikipedia/commons/thumb/4/4a/CHE_Bowil_COA.svg/960px-CHE_Bowil_COA.svg.png"
606,50,0,0,"Brenzikofen (BE)","Les résultats ne sont pas encore connus dans cette commune.","https://thumb.wikimedia.org/wikipedia/commons/thumb/2/24/CHE_Brenzikofen_COA.svg/500px-CHE_Brenzikofen_COA.svg.png"
607,50,0,0,"Freimettigen (BE)","Les résultats ne sont pas encore connus dans cette commune.","https://thumb.wikimedia.org/wikipedia/commons/thumb/3/38/CHE_Freimettigen_COA.svg/500px-CHE_Freimettigen_COA.svg.png"
608,50,0,0,"Grosshöchstetten (BE)","Les résultats ne sont pas encore connus dans cette commune.","https://thumb.wikimedia.org/wikipedia/commons/thumb/0/01/CHE_Grossh%C3%B6chstetten_COA.svg/500px-CHE_Grossh%C3%B6chstetten_COA.svg.png"
609,50,0,0,"Häutligen (BE)","Les résultats ne sont pas encore connus dans cette commune.","https://thumb.wikimedia.org/wikipedia/commons/thumb/f/fe/CHE_H%C3%A4utligen_COA.svg/500px-CHE_H%C3%A4utligen_COA.svg.png"
610,50,0,0,"Herbligen (BE)","Les résultats ne sont pas encore connus dans cette commune.","https://thumb.wikimedia.org/wikipedia/commons/thumb/6/6e/CHE_Herbligen_COA.svg/500px-CHE_Herbligen_COA.svg.png"
611,50,0,0,"Kiesen (BE)","Les résultats ne sont pas encore connus dans cette commune.","https://thumb.wikimedia.org/wikipedia/commons/thumb/6/6b/CHE_Kiesen_COA.svg/960px-CHE_Kiesen_COA.svg.png"
612,50,0,0,"Konolfingen (BE)","Les résultats ne sont pas encore connus dans cette commune.","https://thumb.wikimedia.org/wikipedia/commons/thumb/d/d8/CHE_Konolfingen_COA.svg/960px-CHE_Konolfingen_COA.svg.png"
613,50,0,0,"Landiswil (BE)","Les résultats ne sont pas encore connus dans cette commune.","https://thumb.wikimedia.org/wikipedia/commons/thumb/8/8c/CHE_Landiswil_COA.svg/500px-CHE_Landiswil_COA.svg.png"
614,50,0,0,"Linden (BE)","Les résultats ne sont pas encore connus dans cette commune.","https://thumb.wikimedia.org/wikipedia/commons/thumb/e/ea/CHE_Linden_COA.svg/500px-CHE_Linden_COA.svg.png"
615,50,0,0,"Mirchel (BE)","Les résultats ne sont pas encore connus dans cette commune.","https://thumb.wikimedia.org/wikipedia/commons/thumb/1/1b/CHE_Mirchel_COA.svg/500px-CHE_Mirchel_COA.svg.png"
616,50,0,0,"Münsingen (BE)","Les résultats ne sont pas encore connus dans cette commune.","https://thumb.wikimedia.org/wikipedia/commons/thumb/c/c0/CHE_M%C3%BCnsingen_COA.svg/500px-CHE_M%C3%BCnsingen_COA.svg.png"
617,50,0,0,"Niederhünigen (BE)","Les résultats ne sont pas encore connus dans cette commune.","https://thumb.wikimedia.org/wikipedia/commons/thumb/d/d4/CHE_Niederh%C3%BCnigen_COA.svg/500px-CHE_Niederh%C3%BCnigen_COA.svg.png"
619,50,0,0,"Oberdiessbach (BE)","Les résultats ne sont pas encore connus dans cette commune.","https://thumb.wikimedia.org/wikipedia/commons/thumb/8/84/CHE_Oberdiessbach_COA.svg/500px-CHE_Oberdiessbach_COA.svg.png"
620,50,0,0,"Oberthal (BE)","Les résultats ne sont pas encore connus dans cette commune.","https://thumb.wikimedia.org/wikipedia/commons/thumb/d/d5/CHE_Oberthal_COA.svg/500px-CHE_Oberthal_COA.svg.png"
622,50,0,0,"Oppligen (BE)","Les résultats ne sont pas encore connus dans cette commune.","https://thumb.wikimedia.org/wikipedia/commons/thumb/f/f1/CHE_Oppligen_COA.svg/500px-CHE_Oppligen_COA.svg.png"
623,50,0,0,"Rubigen (BE)","Les résultats ne sont pas encore connus dans cette commune.","https://thumb.wikimedia.org/wikipedia/commons/thumb/5/5f/CHE_Rubigen_COA.svg/500px-CHE_Rubigen_COA.svg.png"
626,50,0,0,"Walkringen (BE)","Les résultats ne sont pas encore connus dans cette commune.","https://thumb.wikimedia.org/wikipedia/commons/thumb/a/a8/CHE_Walkringen_COA.svg/960px-CHE_Walkringen_COA.svg.png"
627,50,0,0,"Worb (BE)","Les résultats ne sont pas encore connus dans cette commune.","https://thumb.wikimedia.org/wikipedia/commons/thumb/8/8d/CHE_Worb_COA.svg/960px-CHE_Worb_COA.svg.png"
628,50,0,0,"Zäziwil (BE)","Les résultats ne sont pas encore connus dans cette commune.","https://thumb.wikimedia.org/wikipedia/commons/thumb/1/1a/CHE_Z%C3%A4ziwil_COA.svg/960px-CHE_Z%C3%A4ziwil_COA.svg.png"
630,50,0,0,"Allmendingen (BE)","Les résultats ne sont pas encore connus dans cette commune.","https://thumb.wikimedia.org/wikipedia/commons/thumb/e/e2/CHE_Allmendingen_bei_Bern_COA.svg/500px-CHE_Allmendingen_bei_Bern_COA.svg.png"
632,50,0,0,"Wichtrach (BE)","Les résultats ne sont pas encore connus dans cette commune.","https://thumb.wikimedia.org/wikipedia/commons/thumb/7/71/CHE_Wichtrach_COA.svg/500px-CHE_Wichtrach_COA.svg.png"
662,50,0,0,"Ferenbalm (BE)","Les résultats ne sont pas encore connus dans cette commune.","https://thumb.wikimedia.org/wikipedia/commons/thumb/6/64/CHE_Ferenbalm_COA.svg/500px-CHE_Ferenbalm_COA.svg.png"
663,50,0,0,"Frauenkappelen (BE)","Les résultats ne sont pas encore connus dans cette commune.","https://thumb.wikimedia.org/wikipedia/commons/thumb/e/e0/CHE_Frauenkappelen_COA.svg/500px-CHE_Frauenkappelen_COA.svg.png"
665,50,0,0,"Gurbrü (BE)","Les résultats ne sont pas encore connus dans cette commune.","https://thumb.wikimedia.org/wikipedia/commons/thumb/e/e1/CHE_Gurbr%C3%BC_BE_COA.svg/500px-CHE_Gurbr%C3%BC_BE_COA.svg.png"
666,50,0,0,"Kriechenwil (BE)","Les résultats ne sont pas encore connus dans cette commune.","https://thumb.wikimedia.org/wikipedia/commons/thumb/8/86/CHE_Kriechenwil_COA.svg/960px-CHE_Kriechenwil_COA.svg.png"
667,50,0,0,"Laupen (BE)","Les résultats ne sont pas encore connus dans cette commune.","https://thumb.wikimedia.org/wikipedia/commons/thumb/4/46/CHE_Laupen_BE_COA.svg/500px-CHE_Laupen_BE_COA.svg.png"
668,50,0,0,"Mühleberg (BE)","Les résultats ne sont pas encore connus dans cette commune.","https://thumb.wikimedia.org/wikipedia/commons/thumb/6/6c/CHE_M%C3%BChleberg_COA.svg/500px-CHE_M%C3%BChleberg_COA.svg.png"
669,50,0,0,"Villars-les-Moines (BE)","Les résultats ne sont pas encore connus dans cette commune.","https://thumb.wikimedia.org/wikipedia/commons/thumb/b/b5/CHE_M%C3%BCnchenwiler_COA.svg/500px-CHE_M%C3%BCnchenwiler_COA.svg.png"
670,50,0,0,"Neuenegg (BE)","Les résultats ne sont pas encore connus dans cette commune.","https://thumb.wikimedia.org/wikipedia/commons/thumb/7/7d/CHE_Neuenegg_COA.svg/500px-CHE_Neuenegg_COA.svg.png"
671,50,0,0,"Wileroltigen (BE)","Les résultats ne sont pas encore connus dans cette commune.","https://thumb.wikimedia.org/wikipedia/commons/thumb/b/b4/CHE_Wileroltigen_COA.svg/500px-CHE_Wileroltigen_COA.svg.png"
681,50,0,0,"Belprahon (BE)","Les résultats ne sont pas encore connus dans cette commune.","https://thumb.wikimedia.org/wikipedia/commons/thumb/d/df/CHE_Belprahon_COA.svg/500px-CHE_Belprahon_COA.svg.png"
683,50,0,0,"Champoz (BE)","Les résultats ne sont pas encore connus dans cette commune.","https://thumb.wikimedia.org/wikipedia/commons/thumb/8/89/CHE_Champoz_COA.svg/500px-CHE_Champoz_COA.svg.png"
687,50,0,0,"Corcelles (BE)","Les résultats ne sont pas encore connus dans cette commune.","https://thumb.wikimedia.org/wikipedia/commons/thumb/f/f4/CHE_Corcelles_COA.svg/500px-CHE_Corcelles_COA.svg.png"
690,50,0,0,"Court (BE)","Les résultats ne sont pas encore connus dans cette commune.","https://thumb.wikimedia.org/wikipedia/commons/thumb/2/2e/CHE_Court_COA.svg/500px-CHE_Court_COA.svg.png"
691,50,0,0,"Crémines (BE)","Les résultats ne sont pas encore connus dans cette commune.","https://thumb.wikimedia.org/wikipedia/commons/thumb/4/43/CHE_Cr%C3%A9mines_COA.svg/500px-CHE_Cr%C3%A9mines_COA.svg.png"
692,50,0,0,"Eschert (BE)","Les résultats ne sont pas encore connus dans cette commune.","https://thumb.wikimedia.org/wikipedia/commons/thumb/7/7d/CHE_Eschert_COA.svg/500px-CHE_Eschert_COA.svg.png"
694,50,0,0,"Grandval (BE)","Les résultats ne sont pas encore connus dans cette commune.","https://thumb.wikimedia.org/wikipedia/commons/thumb/b/be/CHE_Grandval_COA.svg/500px-CHE_Grandval_COA.svg.png"
696,50,0,0,"Loveresse (BE)","Les résultats ne sont pas encore connus dans cette commune.","https://thumb.wikimedia.org/wikipedia/commons/thumb/2/20/CHE_Loveresse_COA.svg/500px-CHE_Loveresse_COA.svg.png"
701,50,0,0,"Perrefitte (BE)","Les résultats ne sont pas encore connus dans cette commune.","https://thumb.wikimedia.org/wikipedia/commons/thumb/5/58/CHE_Perrefitte_COA.svg/500px-CHE_Perrefitte_COA.svg.png"
703,50,0,0,"Reconvilier (BE)","Les résultats ne sont pas encore connus dans cette commune.","https://thumb.wikimedia.org/wikipedia/commons/thumb/a/a3/CHE_Reconvilier_COA.svg/500px-CHE_Reconvilier_COA.svg.png"
704,50,0,0,"Roches (BE)","Les résultats ne sont pas encore connus dans cette commune.","https://thumb.wikimedia.org/wikipedia/commons/thumb/9/90/CHE_Roches_COA.svg/500px-CHE_Roches_COA.svg.png"
706,50,0,0,"Saicourt (BE)","Les résultats ne sont pas encore connus dans cette commune.","https://thumb.wikimedia.org/wikipedia/commons/thumb/6/69/CHE_Saicourt_COA.svg/500px-CHE_Saicourt_COA.svg.png"
707,50,0,0,"Saules (BE)","Les résultats ne sont pas encore connus dans cette commune.","https://thumb.wikimedia.org/wikipedia/commons/thumb/8/84/CHE_Saules_COA.svg/500px-CHE_Saules_COA.svg.png"
708,50,0,0,"La Scheulte (BE)","Les résultats ne sont pas encore connus dans cette commune.","https://thumb.wikimedia.org/wikipedia/commons/thumb/e/e5/CHE_Schelten_COA.svg/500px-CHE_Schelten_COA.svg.png"
709,50,0,0,"Seehof (BE)","Les résultats ne sont pas encore connus dans cette commune.","https://thumb.wikimedia.org/wikipedia/commons/thumb/1/1b/CHE_Seehof_COA.svg/500px-CHE_Seehof_COA.svg.png"
711,50,0,0,"Sorvilier (BE)","Les résultats ne sont pas encore connus dans cette commune.","https://thumb.wikimedia.org/wikipedia/commons/thumb/b/b4/CHE_Sorvilier_COA.svg/500px-CHE_Sorvilier_COA.svg.png"
713,50,0,0,"Tavannes (BE)","Les résultats ne sont pas encore connus dans cette commune.","https://thumb.wikimedia.org/wikipedia/commons/thumb/2/29/CHE_Tavannes_COA.svg/500px-CHE_Tavannes_COA.svg.png"
715,50,0,0,"Rebévelier (BE)","Les résultats ne sont pas encore connus dans cette commune.","https://thumb.wikimedia.org/wikipedia/commons/thumb/4/4d/CHE_Reb%C3%A9velier_COA.svg/500px-CHE_Reb%C3%A9velier_COA.svg.png"
716,50,0,0,"Petit-Val (BE)","Les résultats ne sont pas encore connus dans cette commune.","https://thumb.wikimedia.org/wikipedia/commons/thumb/4/40/CHE_Petit-Val_COA.svg/500px-CHE_Petit-Val_COA.svg.png"
717,50,0,0,"Valbirse (BE)","Les résultats ne sont pas encore connus dans cette commune.","https://thumb.wikimedia.org/wikipedia/commons/thumb/a/a9/CHE_Valbirse_COA.svg/960px-CHE_Valbirse_COA.svg.png"
723,50,0,0,"La Neuveville (BE)","Les résultats ne sont pas encore connus dans cette commune.","https://thumb.wikimedia.org/wikipedia/commons/thumb/b/b7/CHE_La_Neuveville_COA.svg/960px-CHE_La_Neuveville_COA.svg.png"
724,50,0,0,"Nods (BE)","Les résultats ne sont pas encore connus dans cette commune.","https://thumb.wikimedia.org/wikipedia/commons/thumb/0/0a/CHE_Nods_COA.svg/500px-CHE_Nods_COA.svg.png"
726,50,0,0,"Plateau de Diesse (BE)","Les résultats ne sont pas encore connus dans cette commune.","https://upload.wikimedia.org/wikipedia/de/0/02/GW-BE-Plateau-de-Diesse.png"
731,50,0,0,"Aegerten (BE)","Les résultats ne sont pas encore connus dans cette commune.","https://thumb.wikimedia.org/wikipedia/commons/thumb/b/b0/CHE_Aegerten_COA.svg/960px-CHE_Aegerten_COA.svg.png"
732,50,0,0,"Bellmund (BE)","Les résultats ne sont pas encore connus dans cette commune.","https://thumb.wikimedia.org/wikipedia/commons/thumb/6/62/CHE_Bellmund_COA.svg/960px-CHE_Bellmund_COA.svg.png"
733,50,0,0,"Brügg (BE)","Les résultats ne sont pas encore connus dans cette commune.","https://thumb.wikimedia.org/wikipedia/commons/thumb/a/a0/CHE_Br%C3%BCgg_COA.svg/500px-CHE_Br%C3%BCgg_COA.svg.png"
734,50,0,0,"Bühl (BE)","Les résultats ne sont pas encore connus dans cette commune.","https://thumb.wikimedia.org/wikipedia/commons/thumb/c/cd/CHE_B%C3%BChl_COA.svg/500px-CHE_B%C3%BChl_COA.svg.png"
735,50,0,0,"Epsach (BE)","Les résultats ne sont pas encore connus dans cette commune.","https://thumb.wikimedia.org/wikipedia/commons/thumb/a/ad/CHE_Epsach_COA.svg/500px-CHE_Epsach_COA.svg.png"
736,50,0,0,"Hagneck (BE)","Les résultats ne sont pas encore connus dans cette commune.","https://thumb.wikimedia.org/wikipedia/commons/thumb/9/92/CHE_Hagneck_COA.svg/500px-CHE_Hagneck_COA.svg.png"
737,50,0,0,"Hermrigen (BE)","Les résultats ne sont pas encore connus dans cette commune.","https://thumb.wikimedia.org/wikipedia/commons/thumb/3/33/CHE_Hermrigen_COA.svg/500px-CHE_Hermrigen_COA.svg.png"
738,50,0,0,"Jens (BE)","Les résultats ne sont pas encore connus dans cette commune.","https://thumb.wikimedia.org/wikipedia/commons/thumb/5/53/CHE_Jens_COA.svg/500px-CHE_Jens_COA.svg.png"
739,50,0,0,"Ipsach (BE)","Les résultats ne sont pas encore connus dans cette commune.","https://thumb.wikimedia.org/wikipedia/commons/thumb/7/75/CHE_Ipsach_COA.svg/960px-CHE_Ipsach_COA.svg.png"
740,50,0,0,"Gléresse (BE)","Les résultats ne sont pas encore connus dans cette commune.","https://thumb.wikimedia.org/wikipedia/commons/thumb/e/e9/CHE_Ligerz_COA.svg/500px-CHE_Ligerz_COA.svg.png"
741,50,0,0,"Merzligen (BE)","Les résultats ne sont pas encore connus dans cette commune.","https://thumb.wikimedia.org/wikipedia/commons/thumb/2/2d/CHE_Merzligen_COA.svg/500px-CHE_Merzligen_COA.svg.png"
742,50,0,0,"Mörigen (BE)","Les résultats ne sont pas encore connus dans cette commune.","https://thumb.wikimedia.org/wikipedia/commons/thumb/b/b5/CHE_M%C3%B6rigen_COA.svg/500px-CHE_M%C3%B6rigen_COA.svg.png"
743,50,0,0,"Nidau (BE)","Les résultats ne sont pas encore connus dans cette commune.","https://thumb.wikimedia.org/wikipedia/commons/thumb/3/39/CHE_Nidau_COA.svg/960px-CHE_Nidau_COA.svg.png"
744,50,0,0,"Orpund (BE)","Les résultats ne sont pas encore connus dans cette commune.","https://thumb.wikimedia.org/wikipedia/commons/thumb/7/76/CHE_Orpund_COA.svg/500px-CHE_Orpund_COA.svg.png"
745,50,0,0,"Port (BE)","Les résultats ne sont pas encore connus dans cette commune.","https://thumb.wikimedia.org/wikipedia/commons/thumb/4/44/CHE_Port_BE_COA.svg/500px-CHE_Port_BE_COA.svg.png"
746,50,0,0,"Safnern (BE)","Les résultats ne sont pas encore connus dans cette commune.","https://thumb.wikimedia.org/wikipedia/commons/thumb/9/90/CHE_Safnern_COA.svg/500px-CHE_Safnern_COA.svg.png"
747,50,0,0,"Scheuren (BE)","Les résultats ne sont pas encore connus dans cette commune.","https://thumb.wikimedia.org/wikipedia/commons/thumb/e/eb/CHE_Scheuren_COA.svg/500px-CHE_Scheuren_COA.svg.png"
748,50,0,0,"Schwadernau (BE)","Les résultats ne sont pas encore connus dans cette commune.","https://thumb.wikimedia.org/wikipedia/commons/thumb/a/af/CHE_Schwadernau_COA.svg/500px-CHE_Schwadernau_COA.svg.png"
749,50,0,0,"Studen (BE)","Les résultats ne sont pas encore connus dans cette commune.","https://thumb.wikimedia.org/wikipedia/commons/thumb/c/c8/CHE_Studen_COA.svg/500px-CHE_Studen_COA.svg.png"
750,50,0,0,"Sutz-Lattrigen (BE)","Les résultats ne sont pas encore connus dans cette commune.","https://thumb.wikimedia.org/wikipedia/commons/thumb/4/4e/CHE_Sutz-Lattrigen_COA.svg/500px-CHE_Sutz-Lattrigen_COA.svg.png"
751,50,0,0,"Täuffelen (BE)","Les résultats ne sont pas encore connus dans cette commune.","https://thumb.wikimedia.org/wikipedia/commons/thumb/1/19/CHE_T%C3%A4uffelen_COA.svg/500px-CHE_T%C3%A4uffelen_COA.svg.png"
754,50,0,0,"Walperswil (BE)","Les résultats ne sont pas encore connus dans cette commune.","https://thumb.wikimedia.org/wikipedia/commons/thumb/c/c3/CHE_Walperswil_COA.svg/960px-CHE_Walperswil_COA.svg.png"
755,50,0,0,"Worben (BE)","Les résultats ne sont pas encore connus dans cette commune.","https://thumb.wikimedia.org/wikipedia/commons/thumb/1/11/CHE_Worben_COA.svg/500px-CHE_Worben_COA.svg.png"
756,50,0,0,"Douanne-Daucher (BE)","Les résultats ne sont pas encore connus dans cette commune.","https://thumb.wikimedia.org/wikipedia/commons/thumb/2/2a/CHE_Twann-T%C3%BCscherz_COA.svg/500px-CHE_Twann-T%C3%BCscherz_COA.svg.png"
761,50,0,0,"Därstetten (BE)","Les résultats ne sont pas encore connus dans cette commune.","https://thumb.wikimedia.org/wikipedia/commons/thumb/2/2e/CHE_D%C3%A4rstetten_COA.svg/960px-CHE_D%C3%A4rstetten_COA.svg.png"
762,50,0,0,"Diemtigen (BE)","Les résultats ne sont pas encore connus dans cette commune.","https://thumb.wikimedia.org/wikipedia/commons/thumb/4/45/CHE_Diemtigen_COA.svg/500px-CHE_Diemtigen_COA.svg.png"
763,50,0,0,"Erlenbach im Simmental (BE)","Les résultats ne sont pas encore connus dans cette commune.","https://thumb.wikimedia.org/wikipedia/commons/thumb/0/01/CHE_Erlenbach_im_Simmental_COA.svg/500px-CHE_Erlenbach_im_Simmental_COA.svg.png"
766,50,0,0,"Oberwil im Simmental (BE)","Les résultats ne sont pas encore connus dans cette commune.","https://thumb.wikimedia.org/wikipedia/commons/thumb/b/b8/CHE_Oberwil_im_Simmental_COA.svg/500px-CHE_Oberwil_im_Simmental_COA.svg.png"
767,50,0,0,"Reutigen (BE)","Les résultats ne sont pas encore connus dans cette commune.","https://thumb.wikimedia.org/wikipedia/commons/thumb/d/d3/CHE_Reutigen_COA.svg/960px-CHE_Reutigen_COA.svg.png"
768,50,0,0,"Spiez (BE)","Les résultats ne sont pas encore connus dans cette commune.","https://thumb.wikimedia.org/wikipedia/commons/thumb/4/4b/CHE_Spiez_COA.svg/500px-CHE_Spiez_COA.svg.png"
769,50,0,0,"Wimmis (BE)","Les résultats ne sont pas encore connus dans cette commune.","https://thumb.wikimedia.org/wikipedia/commons/thumb/a/a4/CHE_Wimmis_COA.svg/500px-CHE_Wimmis_COA.svg.png"
770,50,0,0,"Stocken-Höfen (BE)","Les résultats ne sont pas encore connus dans cette commune.","https://thumb.wikimedia.org/wikipedia/commons/thumb/3/34/CHE_Stocken-H%C3%B6fen_COA.svg/960px-CHE_Stocken-H%C3%B6fen_COA.svg.png"
782,28.6,28.6,71.4,"Guttannen (BE)","Les habitants de la petite commune de Guttannen ont refusé l'initiative sur la neutralité. Ils ont dit non à cet objet par 70 voix contre 28.","https://thumb.wikimedia.org/wikipedia/commons/thumb/1/13/CHE_Guttannen_COA.svg/500px-CHE_Guttannen_COA.svg.png"
783,42.9,42.9,57.1,"Hasliberg (BE)","La population de Hasliberg rejette à 57,1 pour cent des voix l'initiative sur la neutralité.","https://thumb.wikimedia.org/wikipedia/commons/thumb/8/83/CHE_Hasliberg_COA.svg/500px-CHE_Hasliberg_COA.svg.png"
784,42.9,42.9,57.1,"Innertkirchen (BE)","Les habitants d'Innertkirchen s'opposent à l'initiative sur la neutralité par 57,1 pour cent des voix.","https://thumb.wikimedia.org/wikipedia/commons/thumb/4/42/CHE_Innertkirchen_COA.svg/500px-CHE_Innertkirchen_COA.svg.png"
785,32.3,32.3,67.7,"Meiringen (BE)","A Meiringen, les citoyens rejettent à 67,7 pour cent l'initiative sur la neutralité.","https://thumb.wikimedia.org/wikipedia/commons/thumb/8/8b/CHE_Meiringen_COA.svg/500px-CHE_Meiringen_COA.svg.png"
786,45.2,45.2,54.8,"Schattenhalb (BE)","La population de Schattenhalb rejette à 54,8 pour cent des voix l'initiative sur la neutralité.","https://thumb.wikimedia.org/wikipedia/commons/thumb/0/0b/CHE_Schattenhalb_COA.svg/500px-CHE_Schattenhalb_COA.svg.png"
791,50,0,0,"Boltigen (BE)","Les résultats ne sont pas encore connus dans cette commune.","https://thumb.wikimedia.org/wikipedia/commons/thumb/9/95/CHE_Boltigen_COA.svg/500px-CHE_Boltigen_COA.svg.png"
792,50,0,0,"Lenk (BE)","Les résultats ne sont pas encore connus dans cette commune.","https://thumb.wikimedia.org/wikipedia/commons/thumb/1/13/CHE_Lenk_COA.svg/500px-CHE_Lenk_COA.svg.png"
793,50,0,0,"Saint-Etienne (BE)","Les résultats ne sont pas encore connus dans cette commune.","https://thumb.wikimedia.org/wikipedia/commons/thumb/f/f9/CHE_St_Stephan_COA.svg/500px-CHE_St_Stephan_COA.svg.png"
794,50,0,0,"Zweisimmen (BE)","Les résultats ne sont pas encore connus dans cette commune.","https://thumb.wikimedia.org/wikipedia/commons/thumb/e/ec/CHE_Zweisimmen_COA.svg/960px-CHE_Zweisimmen_COA.svg.png"
841,50,0,0,"Gsteig (BE)","Les résultats ne sont pas encore connus dans cette commune.","https://thumb.wikimedia.org/wikipedia/commons/thumb/8/85/CHE_Gsteig_bei_Gstaad_COA.svg/500px-CHE_Gsteig_bei_Gstaad_COA.svg.png"
842,50,0,0,"Lauenen (BE)","Les résultats ne sont pas encore connus dans cette commune.","https://thumb.wikimedia.org/wikipedia/commons/thumb/c/c8/CHE_Lauenen_COA.svg/500px-CHE_Lauenen_COA.svg.png"
843,50,0,0,"Gessenay (BE)","Les résultats ne sont pas encore connus dans cette commune.","https://thumb.wikimedia.org/wikipedia/commons/thumb/a/a7/CHE_Saanen_COA.svg/500px-CHE_Saanen_COA.svg.png"
852,50,0,0,"Guggisberg (BE)","Les résultats ne sont pas encore connus dans cette commune.","https://thumb.wikimedia.org/wikipedia/commons/thumb/d/d1/CHE_Guggisberg_COA.svg/500px-CHE_Guggisberg_COA.svg.png"
853,50,0,0,"Rüschegg (BE)","Les résultats ne sont pas encore connus dans cette commune.","https://thumb.wikimedia.org/wikipedia/commons/thumb/c/c8/CHE_R%C3%BCschegg_COA.svg/500px-CHE_R%C3%BCschegg_COA.svg.png"
855,50,0,0,"Schwarzenburg (BE)","Les résultats ne sont pas encore connus dans cette commune.","https://thumb.wikimedia.org/wikipedia/commons/thumb/5/50/CHE_Schwarzenburg_COA.svg/960px-CHE_Schwarzenburg_COA.svg.png"
861,50,0,0,"Belp (BE)","Les résultats ne sont pas encore connus dans cette commune.","https://thumb.wikimedia.org/wikipedia/commons/thumb/4/44/CHE_Belp_BE_COA.svg/500px-CHE_Belp_BE_COA.svg.png"
863,50,0,0,"Burgistein (BE)","Les résultats ne sont pas encore connus dans cette commune.","https://thumb.wikimedia.org/wikipedia/commons/thumb/a/ad/CHE_Burgistein_COA.svg/500px-CHE_Burgistein_COA.svg.png"
866,50,0,0,"Gerzensee (BE)","Les résultats ne sont pas encore connus dans cette commune.","https://thumb.wikimedia.org/wikipedia/commons/thumb/1/10/CHE_Gerzensee_COA.svg/500px-CHE_Gerzensee_COA.svg.png"
867,50,0,0,"Gurzelen (BE)","Les résultats ne sont pas encore connus dans cette commune.","https://thumb.wikimedia.org/wikipedia/commons/thumb/9/99/CHE_Gurzelen_COA.svg/960px-CHE_Gurzelen_COA.svg.png"
868,50,0,0,"Jaberg (BE)","Les résultats ne sont pas encore connus dans cette commune.","https://thumb.wikimedia.org/wikipedia/commons/thumb/5/52/CHE_Jaberg_COA.svg/500px-CHE_Jaberg_COA.svg.png"
869,50,0,0,"Kaufdorf (BE)","Les résultats ne sont pas encore connus dans cette commune.","https://thumb.wikimedia.org/wikipedia/commons/thumb/3/3b/CHE_Kaufdorf_COA.svg/500px-CHE_Kaufdorf_COA.svg.png"
870,50,0,0,"Kehrsatz (BE)","Les résultats ne sont pas encore connus dans cette commune.","https://thumb.wikimedia.org/wikipedia/commons/thumb/b/b7/CHE_Kehrsatz_COA.svg/960px-CHE_Kehrsatz_COA.svg.png"
872,50,0,0,"Kirchdorf (BE)","Les résultats ne sont pas encore connus dans cette commune.","https://thumb.wikimedia.org/wikipedia/commons/thumb/5/5c/CHE_Kirchdorf_COA.svg/500px-CHE_Kirchdorf_COA.svg.png"
879,50,0,0,"Riggisberg (BE)","Les résultats ne sont pas encore connus dans cette commune.","https://thumb.wikimedia.org/wikipedia/commons/thumb/f/f4/CHE_Riggisberg_COA.svg/960px-CHE_Riggisberg_COA.svg.png"
880,50,0,0,"Rüeggisberg (BE)","Les résultats ne sont pas encore connus dans cette commune.","https://thumb.wikimedia.org/wikipedia/commons/thumb/3/3c/CHE_R%C3%BCeggisberg_COA.svg/500px-CHE_R%C3%BCeggisberg_COA.svg.png"
883,50,0,0,"Seftigen (BE)","Les résultats ne sont pas encore connus dans cette commune.","https://thumb.wikimedia.org/wikipedia/commons/thumb/2/2b/CHE_Seftigen_COA.svg/500px-CHE_Seftigen_COA.svg.png"
884,50,0,0,"Toffen (BE)","Les résultats ne sont pas encore connus dans cette commune.","https://thumb.wikimedia.org/wikipedia/commons/thumb/7/71/CHE_Toffen_COA.svg/500px-CHE_Toffen_COA.svg.png"
885,50,0,0,"Uttigen (BE)","Les résultats ne sont pas encore connus dans cette commune.","https://thumb.wikimedia.org/wikipedia/commons/thumb/b/bc/CHE_Uttigen_COA.svg/500px-CHE_Uttigen_COA.svg.png"
886,50,0,0,"Wattenwil (BE)","Les résultats ne sont pas encore connus dans cette commune.","https://thumb.wikimedia.org/wikipedia/commons/thumb/3/34/CHE_Wattenwil_COA.svg/500px-CHE_Wattenwil_COA.svg.png"
888,50,0,0,"Wald (BE)","Les résultats ne sont pas encore connus dans cette commune.","https://thumb.wikimedia.org/wikipedia/commons/thumb/0/01/CHE_Wald_BE_COA.svg/960px-CHE_Wald_BE_COA.svg.png"
889,50,0,0,"Thurnen (BE)","Les résultats ne sont pas encore connus dans cette commune.","https://thumb.wikimedia.org/wikipedia/commons/thumb/f/f1/CHE_Thurnen_COA.svg/500px-CHE_Thurnen_COA.svg.png"
901,50,0,0,"Eggiwil (BE)","Les résultats ne sont pas encore connus dans cette commune.","https://thumb.wikimedia.org/wikipedia/commons/thumb/a/a0/CHE_Eggiwil_COA.svg/500px-CHE_Eggiwil_COA.svg.png"
902,50,0,0,"Langnau im Emmental (BE)","Les résultats ne sont pas encore connus dans cette commune.","https://thumb.wikimedia.org/wikipedia/commons/thumb/3/32/CHE_Langnau_im_Emmental_COA.svg/500px-CHE_Langnau_im_Emmental_COA.svg.png"
903,50,0,0,"Lauperswil (BE)","Les résultats ne sont pas encore connus dans cette commune.","https://thumb.wikimedia.org/wikipedia/commons/thumb/3/38/CHE_Lauperswil_COA.svg/500px-CHE_Lauperswil_COA.svg.png"
904,50,0,0,"Röthenbach im Emmental (BE)","Les résultats ne sont pas encore connus dans cette commune.","https://thumb.wikimedia.org/wikipedia/commons/thumb/2/2a/CHE_R%C3%B6thenbach_im_Emmental_COA.svg/500px-CHE_R%C3%B6thenbach_im_Emmental_COA.svg.png"
905,50,0,0,"Rüderswil (BE)","Les résultats ne sont pas encore connus dans cette commune.","https://thumb.wikimedia.org/wikipedia/commons/thumb/d/d8/CHE_R%C3%BCderswil_COA.svg/500px-CHE_R%C3%BCderswil_COA.svg.png"
906,50,0,0,"Schangnau (BE)","Les résultats ne sont pas encore connus dans cette commune.","https://thumb.wikimedia.org/wikipedia/commons/thumb/4/45/CHE_Schangnau_COA.svg/960px-CHE_Schangnau_COA.svg.png"
907,50,0,0,"Signau (BE)","Les résultats ne sont pas encore connus dans cette commune.","https://thumb.wikimedia.org/wikipedia/commons/thumb/a/a2/CHE_Signau_COA.svg/960px-CHE_Signau_COA.svg.png"
908,50,0,0,"Trub (BE)","Les résultats ne sont pas encore connus dans cette commune.","https://thumb.wikimedia.org/wikipedia/commons/thumb/4/47/CHE_Trub_COA.svg/500px-CHE_Trub_COA.svg.png"
909,50,0,0,"Trubschachen (BE)","Les résultats ne sont pas encore connus dans cette commune.","https://thumb.wikimedia.org/wikipedia/commons/thumb/f/ff/CHE_Trubschachen_COA.svg/500px-CHE_Trubschachen_COA.svg.png"
921,50,0,0,"Amsoldingen (BE)","Les résultats ne sont pas encore connus dans cette commune.","https://thumb.wikimedia.org/wikipedia/commons/thumb/2/27/CHE_Amsoldingen_COA.svg/960px-CHE_Amsoldingen_COA.svg.png"
922,50,0,0,"Blumenstein (BE)","Les résultats ne sont pas encore connus dans cette commune.","https://thumb.wikimedia.org/wikipedia/commons/thumb/7/73/CHE_Blumenstein_COA.svg/500px-CHE_Blumenstein_COA.svg.png"
923,50,0,0,"Buchholterberg (BE)","Les résultats ne sont pas encore connus dans cette commune.","https://thumb.wikimedia.org/wikipedia/commons/thumb/e/e4/CHE_Buchholterberg_COA.svg/500px-CHE_Buchholterberg_COA.svg.png"
924,50,0,0,"Eriz (BE)","Les résultats ne sont pas encore connus dans cette commune.","https://thumb.wikimedia.org/wikipedia/commons/thumb/b/b9/CHE_Eriz_COA.svg/500px-CHE_Eriz_COA.svg.png"
925,50,0,0,"Fahrni (BE)","Les résultats ne sont pas encore connus dans cette commune.","https://thumb.wikimedia.org/wikipedia/commons/thumb/1/1f/CHE_Fahrni_COA.svg/960px-CHE_Fahrni_COA.svg.png"
927,50,0,0,"Heiligenschwendi (BE)","Les résultats ne sont pas encore connus dans cette commune.","https://thumb.wikimedia.org/wikipedia/commons/thumb/c/c7/CHE_Heiligenschwendi_COA.svg/500px-CHE_Heiligenschwendi_COA.svg.png"
928,50,0,0,"Heimberg (BE)","Les résultats ne sont pas encore connus dans cette commune.","https://thumb.wikimedia.org/wikipedia/commons/thumb/f/f7/CHE_Heimberg_COA.svg/500px-CHE_Heimberg_COA.svg.png"
929,50,0,0,"Hilterfingen (BE)","Les résultats ne sont pas encore connus dans cette commune.","https://thumb.wikimedia.org/wikipedia/commons/thumb/0/09/CHE_Hilterfingen_COA.svg/500px-CHE_Hilterfingen_COA.svg.png"
931,50,0,0,"Homberg (BE)","Les résultats ne sont pas encore connus dans cette commune.","https://thumb.wikimedia.org/wikipedia/commons/thumb/4/4c/CHE_Homberg_COA.svg/500px-CHE_Homberg_COA.svg.png"
932,50,0,0,"Horrenbach-Buchen (BE)","Les résultats ne sont pas encore connus dans cette commune.","https://thumb.wikimedia.org/wikipedia/commons/thumb/d/d9/CHE_Horrenbach-Buchen_COA.svg/500px-CHE_Horrenbach-Buchen_COA.svg.png"
934,50,0,0,"Oberhofen am Thunersee (BE)","Les résultats ne sont pas encore connus dans cette commune.","https://thumb.wikimedia.org/wikipedia/commons/thumb/0/01/CHE_Oberhofen_am_Thunersee_COA.svg/500px-CHE_Oberhofen_am_Thunersee_COA.svg.png"
935,50,0,0,"Oberlangenegg (BE)","Les résultats ne sont pas encore connus dans cette commune.","https://thumb.wikimedia.org/wikipedia/commons/thumb/6/63/CHE_Oberlangenegg_COA.svg/500px-CHE_Oberlangenegg_COA.svg.png"
936,50,0,0,"Pohlern (BE)","Les résultats ne sont pas encore connus dans cette commune.","https://thumb.wikimedia.org/wikipedia/commons/thumb/b/b9/CHE_Pohlern_COA.svg/500px-CHE_Pohlern_COA.svg.png"
938,50,0,0,"Sigriswil (BE)","Les résultats ne sont pas encore connus dans cette commune.","https://thumb.wikimedia.org/wikipedia/commons/thumb/2/2e/CHE_Sigriswil_COA.svg/500px-CHE_Sigriswil_COA.svg.png"
939,50,0,0,"Steffisburg (BE)","Les résultats ne sont pas encore connus dans cette commune.","https://thumb.wikimedia.org/wikipedia/commons/thumb/8/87/CHE_Steffisburg_COA.svg/500px-CHE_Steffisburg_COA.svg.png"
940,50,0,0,"Teuffenthal (BE)","Les résultats ne sont pas encore connus dans cette commune.","https://thumb.wikimedia.org/wikipedia/commons/thumb/a/a3/CHE_Teuffenthal_COA.svg/500px-CHE_Teuffenthal_COA.svg.png"
941,50,0,0,"Thierachern (BE)","Les résultats ne sont pas encore connus dans cette commune.","https://thumb.wikimedia.org/wikipedia/commons/thumb/1/1f/CHE_Thierachern_COA.svg/500px-CHE_Thierachern_COA.svg.png"
942,50,0,0,"Thoune (BE)","Les résultats ne sont pas encore connus dans cette commune.","https://thumb.wikimedia.org/wikipedia/commons/thumb/c/cf/CHE_Thun_BE_COA.svg/960px-CHE_Thun_BE_COA.svg.png"
943,50,0,0,"Uebeschi (BE)","Les résultats ne sont pas encore connus dans cette commune.","https://thumb.wikimedia.org/wikipedia/commons/thumb/9/91/CHE_Uebeschi_BE_COA.svg/500px-CHE_Uebeschi_BE_COA.svg.png"
944,50,0,0,"Uetendorf (BE)","Les résultats ne sont pas encore connus dans cette commune.","https://thumb.wikimedia.org/wikipedia/commons/thumb/4/4f/CHE_Uetendorf_COA.svg/500px-CHE_Uetendorf_COA.svg.png"
945,50,0,0,"Unterlangenegg (BE)","Les résultats ne sont pas encore connus dans cette commune.","https://thumb.wikimedia.org/wikipedia/commons/thumb/a/aa/CHE_Unterlangenegg_COA.svg/500px-CHE_Unterlangenegg_COA.svg.png"
946,50,0,0,"Wachseldorn (BE)","Les résultats ne sont pas encore connus dans cette commune.","https://thumb.wikimedia.org/wikipedia/commons/thumb/8/86/CHE_Wachseldorn_COA.svg/500px-CHE_Wachseldorn_COA.svg.png"
948,50,0,0,"Forst-Längenbühl (BE)","Les résultats ne sont pas encore connus dans cette commune.","https://thumb.wikimedia.org/wikipedia/commons/thumb/a/af/CHE_Forst-L%C3%A4ngenb%C3%BChl_COA.svg/500px-CHE_Forst-L%C3%A4ngenb%C3%BChl_COA.svg.png"
951,50,0,0,"Affoltern im Emmental (BE)","Les résultats ne sont pas encore connus dans cette commune.","https://thumb.wikimedia.org/wikipedia/commons/thumb/5/5d/CHE_Affoltern_im_Emmental_COA.svg/500px-CHE_Affoltern_im_Emmental_COA.svg.png"
952,50,0,0,"Dürrenroth (BE)","Les résultats ne sont pas encore connus dans cette commune.","https://thumb.wikimedia.org/wikipedia/commons/thumb/5/5d/CHE_D%C3%BCrrenroth_COA.svg/960px-CHE_D%C3%BCrrenroth_COA.svg.png"
953,50,0,0,"Eriswil (BE)","Les résultats ne sont pas encore connus dans cette commune.","https://thumb.wikimedia.org/wikipedia/commons/thumb/1/15/CHE_Eriswil_COA.svg/500px-CHE_Eriswil_COA.svg.png"
954,50,0,0,"Huttwil (BE)","Les résultats ne sont pas encore connus dans cette commune.","https://thumb.wikimedia.org/wikipedia/commons/thumb/0/06/CHE_Huttwil_COA.svg/500px-CHE_Huttwil_COA.svg.png"
955,50,0,0,"Lützelflüh (BE)","Les résultats ne sont pas encore connus dans cette commune.","https://thumb.wikimedia.org/wikipedia/commons/thumb/3/3c/CHE_L%C3%BCtzelfl%C3%BCh_COA.svg/500px-CHE_L%C3%BCtzelfl%C3%BCh_COA.svg.png"
956,50,0,0,"Rüegsau (BE)","Les résultats ne sont pas encore connus dans cette commune.","https://thumb.wikimedia.org/wikipedia/commons/thumb/1/1d/CHE_R%C3%BCegsau_COA.svg/500px-CHE_R%C3%BCegsau_COA.svg.png"
957,50,0,0,"Sumiswald (BE)","Les résultats ne sont pas encore connus dans cette commune.","https://thumb.wikimedia.org/wikipedia/commons/thumb/1/19/CHE_Sumiswald_COA.svg/960px-CHE_Sumiswald_COA.svg.png"
958,50,0,0,"Trachselwald (BE)","Les résultats ne sont pas encore connus dans cette commune.","https://thumb.wikimedia.org/wikipedia/commons/thumb/9/93/CHE_Trachselwald_COA.svg/500px-CHE_Trachselwald_COA.svg.png"
959,50,0,0,"Walterswil (BE)","Les résultats ne sont pas encore connus dans cette commune.","https://thumb.wikimedia.org/wikipedia/commons/thumb/d/de/CHE_Walterswil_BE_COA.svg/500px-CHE_Walterswil_BE_COA.svg.png"
960,50,0,0,"Wyssachen (BE)","Les résultats ne sont pas encore connus dans cette commune.","https://thumb.wikimedia.org/wikipedia/commons/thumb/e/e9/CHE_Wyssachen_COA.svg/500px-CHE_Wyssachen_COA.svg.png"
971,50,0,0,"Attiswil (BE)","Les résultats ne sont pas encore connus dans cette commune.","https://thumb.wikimedia.org/wikipedia/commons/thumb/1/15/CHE_Attiswil_COA.svg/500px-CHE_Attiswil_COA.svg.png"
972,50,0,0,"Berken (BE)","Les résultats ne sont pas encore connus dans cette commune.","https://thumb.wikimedia.org/wikipedia/commons/thumb/7/77/CHE_Berken_COA.svg/500px-CHE_Berken_COA.svg.png"
973,50,0,0,"Bettenhausen (BE)","Les résultats ne sont pas encore connus dans cette commune.","https://thumb.wikimedia.org/wikipedia/commons/thumb/0/01/CHE_Bettenhausen_COA.svg/500px-CHE_Bettenhausen_COA.svg.png"
975,50,0,0,"Farnern (BE)","Les résultats ne sont pas encore connus dans cette commune.","https://thumb.wikimedia.org/wikipedia/commons/thumb/3/32/CHE_Farnern_COA.svg/500px-CHE_Farnern_COA.svg.png"
976,50,0,0,"Graben (BE)","Les résultats ne sont pas encore connus dans cette commune.","https://thumb.wikimedia.org/wikipedia/commons/thumb/6/6c/CHE_Graben_BE_COA.svg/960px-CHE_Graben_BE_COA.svg.png"
977,50,0,0,"Heimenhausen (BE)","Les résultats ne sont pas encore connus dans cette commune.","https://thumb.wikimedia.org/wikipedia/commons/thumb/f/f5/CHE_Heimenhausen_COA.svg/500px-CHE_Heimenhausen_COA.svg.png"
979,50,0,0,"Herzogenbuchsee (BE)","Les résultats ne sont pas encore connus dans cette commune.","https://thumb.wikimedia.org/wikipedia/commons/thumb/1/14/CHE_Herzogenbuchsee_COA.svg/500px-CHE_Herzogenbuchsee_COA.svg.png"
980,50,0,0,"Inkwil (BE)","Les résultats ne sont pas encore connus dans cette commune.","https://thumb.wikimedia.org/wikipedia/commons/thumb/8/85/CHE_Inkwil_COA.svg/500px-CHE_Inkwil_COA.svg.png"
981,50,0,0,"Niederbipp (BE)","Les résultats ne sont pas encore connus dans cette commune.","https://thumb.wikimedia.org/wikipedia/commons/thumb/1/16/CHE_Niederbipp_COA.svg/500px-CHE_Niederbipp_COA.svg.png"
982,50,0,0,"Niederönz (BE)","Les résultats ne sont pas encore connus dans cette commune.","https://thumb.wikimedia.org/wikipedia/commons/thumb/1/18/CHE_Nieder%C3%B6nz_COA.svg/500px-CHE_Nieder%C3%B6nz_COA.svg.png"
983,50,0,0,"Oberbipp (BE)","Les résultats ne sont pas encore connus dans cette commune.","https://thumb.wikimedia.org/wikipedia/commons/thumb/b/bd/CHE_Oberbipp_COA.svg/500px-CHE_Oberbipp_COA.svg.png"
985,50,0,0,"Ochlenberg (BE)","Les résultats ne sont pas encore connus dans cette commune.","https://thumb.wikimedia.org/wikipedia/commons/thumb/4/4d/CHE_Ochlenberg_COA.svg/500px-CHE_Ochlenberg_COA.svg.png"
987,50,0,0,"Rumisberg (BE)","Les résultats ne sont pas encore connus dans cette commune.","https://thumb.wikimedia.org/wikipedia/commons/thumb/9/91/CHE_Rumisberg_COA.svg/500px-CHE_Rumisberg_COA.svg.png"
988,50,0,0,"Seeberg (BE)","Les résultats ne sont pas encore connus dans cette commune.","https://thumb.wikimedia.org/wikipedia/commons/thumb/0/0d/CHE_Seeberg_COA.svg/960px-CHE_Seeberg_COA.svg.png"
989,50,0,0,"Thörigen (BE)","Les résultats ne sont pas encore connus dans cette commune.","https://thumb.wikimedia.org/wikipedia/commons/thumb/7/7c/CHE_Th%C3%B6rigen_COA.svg/500px-CHE_Th%C3%B6rigen_COA.svg.png"
990,50,0,0,"Walliswil bei Niederbipp (BE)","Les résultats ne sont pas encore connus dans cette commune.","https://thumb.wikimedia.org/wikipedia/commons/thumb/e/e0/CHE_Walliswil_bei_Niederbipp_COA.svg/500px-CHE_Walliswil_bei_Niederbipp_COA.svg.png"
991,50,0,0,"Walliswil bei Wangen (BE)","Les résultats ne sont pas encore connus dans cette commune.","https://thumb.wikimedia.org/wikipedia/commons/thumb/3/39/CHE_Walliswil_bei_Wangen_COA.svg/960px-CHE_Walliswil_bei_Wangen_COA.svg.png"
992,50,0,0,"Wangen an der Aare (BE)","Les résultats ne sont pas encore connus dans cette commune.","https://thumb.wikimedia.org/wikipedia/commons/thumb/d/d4/CHE_Wangen_an_der_Aare_COA.svg/500px-CHE_Wangen_an_der_Aare_COA.svg.png"
995,50,0,0,"Wiedlisbach (BE)","Les résultats ne sont pas encore connus dans cette commune.","https://thumb.wikimedia.org/wikipedia/commons/thumb/b/bc/CHE_Wiedlisbach_COA.svg/500px-CHE_Wiedlisbach_COA.svg.png"
1001,50.1,50.1,49.9,"Doppleschwand (LU)","Les habitants de Doppleschwand soutiennent à 50,1 pour cent l'initiative sur la neutralité.","https://thumb.wikimedia.org/wikipedia/commons/thumb/1/14/CHE_Doppleschwand_COA.svg/960px-CHE_Doppleschwand_COA.svg.png"
1002,48.8,48.8,51.2,"Entlebuch (LU)","La population d'Entlebuch rejette à 51,2 pour cent des voix l'initiative sur la neutralité.","https://thumb.wikimedia.org/wikipedia/commons/thumb/8/85/CHE_Entlebuch_COA.svg/960px-CHE_Entlebuch_COA.svg.png"
1004,46.2,46.2,53.8,"Flühli (LU)","A Flühli, les citoyens rejettent à 53,8 pour cent l'initiative sur la neutralité.","https://thumb.wikimedia.org/wikipedia/commons/thumb/6/65/CHE_Fluehli_COA.svg/960px-CHE_Fluehli_COA.svg.png"
1005,57.4,57.4,42.6,"Hasle (LU)","Hasle (LU) dit oui à 57,4 pour cent à l'initiative sur la neutralité.","https://thumb.wikimedia.org/wikipedia/commons/thumb/a/ac/CHE_Hasle_LU_COA.svg/960px-CHE_Hasle_LU_COA.svg.png"
1007,49.6,49.6,50.4,"Romoos (LU)","A Romoos, les citoyens rejettent à 50,4 pour cent l'initiative sur la neutralité.","https://thumb.wikimedia.org/wikipedia/commons/thumb/9/96/CHE_Romoos_COA.svg/960px-CHE_Romoos_COA.svg.png"
1008,35.8,35.8,64.2,"Schüpfheim (LU)","L'initiative sur la neutralité n'a pas trouvé grâce aux yeux des citoyens de Schüpfheim. Ils ont refusé le texte à 64,2 pour cent.","https://upload.wikimedia.org/wikipedia/commons/7/75/CHE_Schuepfheim_COA.png"
1009,46,46,54,"Werthenstein (LU)","La population de Werthenstein rejette à 54 pour cent des voix l'initiative sur la neutralité.","https://thumb.wikimedia.org/wikipedia/commons/thumb/e/ec/CHE_Werthenstein_COA.svg/960px-CHE_Werthenstein_COA.svg.png"
1010,46.7,46.7,53.3,"Escholzmatt-Marbach (LU)","L'initiative sur la neutralité n'a pas trouvé grâce aux yeux des citoyens d'Escholzmatt-Marbach. Ils ont refusé le texte à 53,3 pour cent.","https://thumb.wikimedia.org/wikipedia/commons/thumb/2/25/CHE_Escholzmatt-Marbach_COA.svg/960px-CHE_Escholzmatt-Marbach_COA.svg.png"
1021,41.5,41.5,58.5,"Aesch (LU)","L'initiative sur la neutralité n'a pas trouvé grâce aux yeux des citoyens d'Aesch (LU). Ils ont refusé le texte à 58,5 pour cent.","https://thumb.wikimedia.org/wikipedia/commons/thumb/2/29/CHE_Aesch_LU_COA.svg/960px-CHE_Aesch_LU_COA.svg.png"
1023,33.9,33.9,66.1,"Ballwil (LU)","L'initiative sur la neutralité n'a pas trouvé grâce aux yeux des citoyens de Ballwil. Ils ont refusé le texte à 66,1 pour cent.","https://thumb.wikimedia.org/wikipedia/commons/thumb/d/de/CHE_Ballwil_COA.svg/960px-CHE_Ballwil_COA.svg.png"
1024,28.9,28.9,71.1,"Emmen (LU)","L'initiative sur la neutralité n'a pas convaincu à Emmen. Les citoyens de la commune ont refusé le texte à 71,1 pour cent.","https://thumb.wikimedia.org/wikipedia/commons/thumb/7/7c/CHE_Emmen_COA.svg/960px-CHE_Emmen_COA.svg.png"
1025,36.4,36.4,63.6,"Ermensee (LU)","La population d'Ermensee rejette à 63,6 pour cent des voix l'initiative sur la neutralité.","https://thumb.wikimedia.org/wikipedia/commons/thumb/2/2d/CHE_Ermensee_COA.svg/960px-CHE_Ermensee_COA.svg.png"
1026,29.8,29.8,70.2,"Eschenbach (LU)","A Eschenbach (LU), les citoyens rejettent à 70,2 pour cent l'initiative sur la neutralité.","https://thumb.wikimedia.org/wikipedia/commons/thumb/4/4a/CHE_Eschenbach_LU_COA.svg/960px-CHE_Eschenbach_LU_COA.svg.png"
1030,33.2,33.2,66.8,"Hitzkirch (LU)","Les habitants de Hitzkirch s'opposent à l'initiative sur la neutralité par 66,8 pour cent des voix.","https://thumb.wikimedia.org/wikipedia/commons/thumb/1/1f/Coat_of_arms_of_Hitzkirch.svg/960px-Coat_of_arms_of_Hitzkirch.svg.png"
1031,50,0,0,"Hochdorf (LU)","Les résultats ne sont pas encore connus dans cette commune.","https://thumb.wikimedia.org/wikipedia/commons/thumb/3/37/CHE_Hochdorf_COA.svg/960px-CHE_Hochdorf_COA.svg.png"
1032,39.7,39.7,60.3,"Hohenrain (LU)","L'initiative sur la neutralité n'a pas trouvé grâce aux yeux des citoyens de Hohenrain. Ils ont refusé le texte à 60,3 pour cent.","https://thumb.wikimedia.org/wikipedia/commons/thumb/6/62/CHE_Hohenrain_COA.svg/960px-CHE_Hohenrain_COA.svg.png"
1033,31.4,31.4,68.6,"Inwil (LU)","L'initiative sur la neutralité est refusée à 68,6 pour cent à Inwil.","https://thumb.wikimedia.org/wikipedia/commons/thumb/1/14/Coat_of_arms_of_Inwil_LU.svg/960px-Coat_of_arms_of_Inwil_LU.svg.png"
1037,50,0,0,"Rain (LU)","Les résultats ne sont pas encore connus dans cette commune.","https://thumb.wikimedia.org/wikipedia/commons/thumb/f/fd/Coat_of_arms_of_Rain_LU.svg/960px-Coat_of_arms_of_Rain_LU.svg.png"
1039,36.5,36.5,63.5,"Römerswil (LU)","La population de Römerswil rejette à 63,5 pour cent des voix l'initiative sur la neutralité.","https://thumb.wikimedia.org/wikipedia/commons/thumb/6/68/CHE_R%C3%B6merswil_COA.svg/960px-CHE_R%C3%B6merswil_COA.svg.png"
1040,50,0,0,"Rothenburg (LU)","Les résultats ne sont pas encore connus dans cette commune.","https://thumb.wikimedia.org/wikipedia/commons/thumb/e/ee/CHE_Rothenburg_COA.svg/960px-CHE_Rothenburg_COA.svg.png"
1041,43.8,43.8,56.2,"Schongau (LU)","Les habitants de Schongau s'opposent à l'initiative sur la neutralité par 56,2 pour cent des voix.","https://thumb.wikimedia.org/wikipedia/commons/thumb/5/5d/CHE_Schongau_COA.svg/960px-CHE_Schongau_COA.svg.png"
1051,23.3,23.3,76.7,"Adligenswil (LU)","L'initiative sur la neutralité n'a pas convaincu à Adligenswil. Les citoyens de la commune ont refusé le texte à 76,7 pour cent.","https://upload.wikimedia.org/wikipedia/commons/b/bc/CHE_Adligenswil_COA.png"
1052,24.8,24.8,75.2,"Buchrain (LU)","L'initiative sur la neutralité n'a pas trouvé grâce aux yeux des citoyens de Buchrain. Ils ont refusé le texte à 75,2 pour cent.","https://thumb.wikimedia.org/wikipedia/commons/thumb/d/d1/CHE_Buchrain_COA.svg/960px-CHE_Buchrain_COA.svg.png"
1053,37.9,37.9,62.1,"Dierikon (LU)","La population de Dierikon rejette à 62,1 pour cent des voix l'initiative sur la neutralité.","https://thumb.wikimedia.org/wikipedia/commons/thumb/0/0b/CHE_Dierikon_COA.svg/960px-CHE_Dierikon_COA.svg.png"
1054,50,0,0,"Ebikon (LU)","Les résultats ne sont pas encore connus dans cette commune.","https://thumb.wikimedia.org/wikipedia/commons/thumb/d/d9/CHE_Ebikon_COA.svg/960px-CHE_Ebikon_COA.svg.png"
1055,50,0,0,"Gisikon (LU)","Les résultats ne sont pas encore connus dans cette commune.","https://thumb.wikimedia.org/wikipedia/commons/thumb/f/fb/CHE_Gisikon_COA.svg/960px-CHE_Gisikon_COA.svg.png"
1056,31,31,69,"Greppen (LU)","L'initiative sur la neutralité n'a pas convaincu à Greppen. Les citoyens de la commune ont refusé le texte à 69 pour cent.","https://thumb.wikimedia.org/wikipedia/commons/thumb/9/9d/Coat_of_arms_of_Greppen.svg/960px-Coat_of_arms_of_Greppen.svg.png"
1058,50,0,0,"Horw (LU)","Les résultats ne sont pas encore connus dans cette commune.","https://thumb.wikimedia.org/wikipedia/commons/thumb/6/64/CHE_Horw_COA_2025.svg/960px-CHE_Horw_COA_2025.svg.png"
1059,50,0,0,"Kriens (LU)","Les résultats ne sont pas encore connus dans cette commune.","https://thumb.wikimedia.org/wikipedia/commons/thumb/3/30/CHE_Kriens_COA.svg/960px-CHE_Kriens_COA.svg.png"
1061,19.1,19.1,80.9,"Lucerne (LU)","A Lucerne, les citoyens rejettent à 80,9 pour cent l'initiative sur la neutralité.","https://thumb.wikimedia.org/wikipedia/commons/thumb/d/da/CHE_Stadt_Luzern_COA.gif/960px-CHE_Stadt_Luzern_COA.gif"
1062,31.2,31.2,68.8,"Malters (LU)","Les habitants de Malters s'opposent à l'initiative sur la neutralité par 68,8 pour cent des voix.","https://thumb.wikimedia.org/wikipedia/commons/thumb/d/d1/Coat_of_arms_of_Malters.svg/960px-Coat_of_arms_of_Malters.svg.png"
1063,25.9,25.9,74.1,"Meggen (LU)","Les habitants de Meggen s'opposent à l'initiative sur la neutralité par 74,1 pour cent des voix.","https://thumb.wikimedia.org/wikipedia/commons/thumb/0/04/CHE_Meggen_COA.svg/960px-CHE_Meggen_COA.svg.png"
1064,35.9,35.9,64.1,"Meierskappel (LU)","L'initiative sur la neutralité n'a pas convaincu à Meierskappel. Les citoyens de la commune ont refusé le texte à 64,1 pour cent.","https://thumb.wikimedia.org/wikipedia/commons/thumb/2/2f/CHE_Meierskappel_COA.svg/960px-CHE_Meierskappel_COA.svg.png"
1065,29.9,29.9,70.1,"Root (LU)","Les habitants de Root s'opposent à l'initiative sur la neutralité par 70,1 pour cent des voix.","https://thumb.wikimedia.org/wikipedia/commons/thumb/d/df/CHE_Root_COA2.svg/500px-CHE_Root_COA2.svg.png"
1066,33,33,67,"Schwarzenberg (LU)","Les habitants de Schwarzenberg s'opposent à l'initiative sur la neutralité par 67 pour cent des voix.","https://thumb.wikimedia.org/wikipedia/commons/thumb/c/cb/Coat_of_arms_of_Schwarzenberg_LU.svg/960px-Coat_of_arms_of_Schwarzenberg_LU.svg.png"
1067,25.2,25.2,74.8,"Udligenswil (LU)","Les habitants d'Udligenswil s'opposent à l'initiative sur la neutralité par 74,8 pour cent des voix.","https://thumb.wikimedia.org/wikipedia/commons/thumb/a/a0/CHE_Udligenswil_COA.svg/960px-CHE_Udligenswil_COA.svg.png"
1068,36.5,36.5,63.5,"Vitznau (LU)","L'initiative sur la neutralité est refusée à 63,5 pour cent à Vitznau.","https://thumb.wikimedia.org/wikipedia/commons/thumb/8/86/CHE_Vitznau_COA.svg/960px-CHE_Vitznau_COA.svg.png"
1069,34.6,34.6,65.4,"Weggis (LU)","C'est non à l'initiative sur la neutralité à Weggis. Les habitants ont refusé le texte à 65,4 pour cent.","https://thumb.wikimedia.org/wikipedia/commons/thumb/c/cf/CHE_Weggis_COA.svg/960px-CHE_Weggis_COA.svg.png"
1081,31.5,31.5,68.5,"Beromünster (LU)","Les habitants de Beromünster s'opposent à l'initiative sur la neutralité par 68,5 pour cent des voix.","https://thumb.wikimedia.org/wikipedia/commons/thumb/4/45/CHE_Berom%C3%BCnster_COA.svg/960px-CHE_Berom%C3%BCnster_COA.svg.png"
1082,34.3,34.3,65.7,"Büron (LU)","L'initiative sur la neutralité n'a pas convaincu à Büron. Les citoyens de la commune ont refusé le texte à 65,7 pour cent.","https://thumb.wikimedia.org/wikipedia/commons/thumb/3/3d/CHE_B%C3%BCron_COA.svg/960px-CHE_B%C3%BCron_COA.svg.png"
1083,30.6,30.6,69.4,"Buttisholz (LU)","L'initiative sur la neutralité est refusée à 69,4 pour cent à Buttisholz.","https://thumb.wikimedia.org/wikipedia/commons/thumb/d/dc/Coat_of_arms_of_Buttisholz.svg/500px-Coat_of_arms_of_Buttisholz.svg.png"
1084,34.6,34.6,65.4,"Eich (LU)","L'initiative sur la neutralité est refusée à 65,4 pour cent à Eich.","https://thumb.wikimedia.org/wikipedia/commons/thumb/d/d8/CHE_Eich_COA.svg/960px-CHE_Eich_COA.svg.png"
1085,31.6,31.6,68.4,"Geuensee (LU)","L'initiative sur la neutralité n'a pas convaincu à Geuensee. Les citoyens de la commune ont refusé le texte à 68,4 pour cent.","https://thumb.wikimedia.org/wikipedia/commons/thumb/7/73/CHE_Geuensee_COA.svg/250px-CHE_Geuensee_COA.svg.png"
1086,33.3,33.3,66.7,"Grosswangen (LU)","C'est non à l'initiative sur la neutralité à Grosswangen. Les habitants ont refusé le texte à 66,7 pour cent.","https://thumb.wikimedia.org/wikipedia/commons/thumb/d/d3/CHE_Grosswangen_COA.svg/960px-CHE_Grosswangen_COA.svg.png"
1088,26.7,26.7,73.3,"Hildisrieden (LU)","L'initiative sur la neutralité n'a pas convaincu à Hildisrieden. Les citoyens de la commune ont refusé le texte à 73,3 pour cent.","https://upload.wikimedia.org/wikipedia/commons/f/fd/Pic_Hildisrieden.png"
1089,27.6,27.6,72.4,"Knutwil (LU)","L'initiative sur la neutralité n'a pas trouvé grâce aux yeux des citoyens de Knutwil. Ils ont refusé le texte à 72,4 pour cent.","https://thumb.wikimedia.org/wikipedia/commons/thumb/3/33/Coat_of_arms_of_Knutwil.svg/960px-Coat_of_arms_of_Knutwil.svg.png"
1091,26.5,26.5,73.5,"Mauensee (LU)","La population de Mauensee rejette à 73,5 pour cent des voix l'initiative sur la neutralité.","https://thumb.wikimedia.org/wikipedia/commons/thumb/7/71/CHE_Mauensee_COA.svg/960px-CHE_Mauensee_COA.svg.png"
1093,30.5,30.5,69.5,"Neuenkirch (LU)","Les habitants de Neuenkirch s'opposent à l'initiative sur la neutralité par 69,5 pour cent des voix.","https://thumb.wikimedia.org/wikipedia/commons/thumb/d/d1/CHE_Neuenkirch_COA.svg/960px-CHE_Neuenkirch_COA.svg.png"
1094,50,0,0,"Nottwil (LU)","Les résultats ne sont pas encore connus dans cette commune.","https://thumb.wikimedia.org/wikipedia/commons/thumb/4/44/Coat_of_arms_of_Nottwil.svg/960px-Coat_of_arms_of_Nottwil.svg.png"
1095,22.4,22.4,77.6,"Oberkirch (LU)","L'initiative sur la neutralité n'a pas trouvé grâce aux yeux des citoyens d'Oberkirch. Ils ont refusé le texte à 77,6 pour cent.","https://thumb.wikimedia.org/wikipedia/commons/thumb/0/02/CHE_Oberkirch_COA.svg/960px-CHE_Oberkirch_COA.svg.png"
1097,36.9,36.9,63.1,"Rickenbach (LU)","C'est non à l'initiative sur la neutralité à Rickenbach (LU). Les habitants ont refusé le texte à 63,1 pour cent.","https://thumb.wikimedia.org/wikipedia/commons/thumb/0/0f/CHE_Rickenbach_LU_COA.svg/500px-CHE_Rickenbach_LU_COA.svg.png"
1098,34.1,34.1,65.9,"Ruswil (LU)","L'initiative sur la neutralité n'a pas trouvé grâce aux yeux des citoyens de Ruswil. Ils ont refusé le texte à 65,9 pour cent.","https://upload.wikimedia.org/wikipedia/commons/5/5b/CHE_Ruswil_COA.png"
1099,27.6,27.6,72.4,"Schenkon (LU)","L'initiative sur la neutralité n'a pas trouvé grâce aux yeux des citoyens de Schenkon. Ils ont refusé le texte à 72,4 pour cent.","https://thumb.wikimedia.org/wikipedia/commons/thumb/f/f8/Coat_of_arms_of_Schenkon.svg/960px-Coat_of_arms_of_Schenkon.svg.png"
1100,29.9,29.9,70.1,"Schlierbach (LU)","La population de Schlierbach rejette à 70,1 pour cent des voix l'initiative sur la neutralité.","https://thumb.wikimedia.org/wikipedia/commons/thumb/8/8b/Coat_of_arms_of_Schlierbach_LU.svg/960px-Coat_of_arms_of_Schlierbach_LU.svg.png"
1102,20.2,20.2,79.8,"Sempach (LU)","Les habitants de Sempach s'opposent à l'initiative sur la neutralité par 79,8 pour cent des voix.","https://upload.wikimedia.org/wikipedia/commons/a/a6/CHE_Sempach_COA.png"
1103,19.8,19.8,80.2,"Sursee (LU)","Les habitants de Sursee s'opposent à l'initiative sur la neutralité par 80,2 pour cent des voix.","https://thumb.wikimedia.org/wikipedia/commons/thumb/e/e6/Coat_of_arms_of_Sursee.svg/960px-Coat_of_arms_of_Sursee.svg.png"
1104,36.3,36.3,63.7,"Triengen (LU)","C'est non à l'initiative sur la neutralité à Triengen. Les habitants ont refusé le texte à 63,7 pour cent.","https://thumb.wikimedia.org/wikipedia/commons/thumb/e/ea/CHE_Triengen_COA.svg/960px-CHE_Triengen_COA.svg.png"
1107,37,37,63,"Wolhusen (LU)","L'initiative sur la neutralité n'a pas trouvé grâce aux yeux des citoyens de Wolhusen. Ils ont refusé le texte à 63 pour cent.","https://thumb.wikimedia.org/wikipedia/commons/thumb/c/c1/CHE_Wolhusen_COA_03.svg/960px-CHE_Wolhusen_COA_03.svg.png"
1121,40.7,40.7,59.3,"Alberswil (LU)","L'initiative sur la neutralité est refusée à 59,3 pour cent à Alberswil.","https://thumb.wikimedia.org/wikipedia/commons/thumb/8/8b/Coat_of_arms_of_Alberswil.svg/960px-Coat_of_arms_of_Alberswil.svg.png"
1122,40.8,40.8,59.2,"Altbüron (LU)","Les habitants d'Altbüron s'opposent à l'initiative sur la neutralité par 59,2 pour cent des voix.","https://thumb.wikimedia.org/wikipedia/commons/thumb/7/76/CHE_Altb%C3%BCron_COA.svg/960px-CHE_Altb%C3%BCron_COA.svg.png"
1123,30.9,30.9,69.1,"Altishofen (LU)","L'initiative sur la neutralité n'a pas trouvé grâce aux yeux des citoyens d'Altishofen. Ils ont refusé le texte à 69,1 pour cent.","https://thumb.wikimedia.org/wikipedia/commons/thumb/f/f0/CHE_Altishofen_COA.svg/960px-CHE_Altishofen_COA.svg.png"
1125,33.5,33.5,66.5,"Dagmersellen (LU)","C'est non à l'initiative sur la neutralité à Dagmersellen. Les habitants ont refusé le texte à 66,5 pour cent.","https://thumb.wikimedia.org/wikipedia/commons/thumb/4/44/CHE_Dagmersellen_COA.svg/960px-CHE_Dagmersellen_COA.svg.png"
1127,29.4,29.4,70.6,"Egolzwil (LU)","Les habitants d'Egolzwil s'opposent à l'initiative sur la neutralité par 70,6 pour cent des voix.","https://thumb.wikimedia.org/wikipedia/commons/thumb/e/e8/CHE_Egolzwil_COA.svg/960px-CHE_Egolzwil_COA.svg.png"
1128,50,0,0,"Ettiswil (LU)","Les résultats ne sont pas encore connus dans cette commune.","https://thumb.wikimedia.org/wikipedia/commons/thumb/f/fc/CHE_Ettiswil_COA.svg/250px-CHE_Ettiswil_COA.svg.png"
1129,54.8,54.8,45.2,"Fischbach (LU)","L'initiative sur la neutralité passe la rampe avec 54,8 pour cent de oui à Fischbach.","https://thumb.wikimedia.org/wikipedia/commons/thumb/8/8e/CHE_Fischbach_LU_COA.svg/960px-CHE_Fischbach_LU_COA.svg.png"
1131,34.7,34.7,65.3,"Grossdietwil (LU)","Les habitants de Grossdietwil s'opposent à l'initiative sur la neutralité par 65,3 pour cent des voix.","https://thumb.wikimedia.org/wikipedia/commons/thumb/e/e1/CHE_Grossdietwil_COA.svg/960px-CHE_Grossdietwil_COA.svg.png"
1132,44.5,44.5,55.5,"Hergiswil bei Willisau (LU)","L'initiative sur la neutralité n'a pas convaincu à Hergiswil bei Willisau. Les citoyens de la commune ont refusé le texte à 55,5 pour cent.","https://thumb.wikimedia.org/wikipedia/commons/thumb/b/b6/CHE_Hergiswil_bei_Willisau_COA.svg/960px-CHE_Hergiswil_bei_Willisau_COA.svg.png"
1135,50,0,0,"Luthern (LU)","Les résultats ne sont pas encore connus dans cette commune.","https://thumb.wikimedia.org/wikipedia/commons/thumb/6/6f/CHE_Luthern_COA.svg/960px-CHE_Luthern_COA.svg.png"
1136,39.8,39.8,60.2,"Menznau (LU)","L'initiative sur la neutralité n'a pas convaincu à Menznau. Les citoyens de la commune ont refusé le texte à 60,2 pour cent.","https://thumb.wikimedia.org/wikipedia/commons/thumb/a/aa/Coat_of_arms_of_Menznau.svg/960px-Coat_of_arms_of_Menznau.svg.png"
1137,26.8,26.8,73.2,"Nebikon (LU)","L'initiative sur la neutralité est refusée à 73,2 pour cent à Nebikon.","https://upload.wikimedia.org/wikipedia/commons/6/6d/CHE_Nebikon_COA.png"
1139,37.6,37.6,62.4,"Pfaffnau (LU)","L'initiative sur la neutralité est refusée à 62,4 pour cent à Pfaffnau.","https://thumb.wikimedia.org/wikipedia/commons/thumb/0/09/CHE_Pfaffnau_COA.svg/960px-CHE_Pfaffnau_COA.svg.png"
1140,30.9,30.9,69.1,"Reiden (LU)","A Reiden, les citoyens rejettent à 69,1 pour cent l'initiative sur la neutralité.","https://thumb.wikimedia.org/wikipedia/commons/thumb/7/7c/Wappen_Reiden.svg/960px-Wappen_Reiden.svg.png"
1142,40.5,40.5,59.5,"Roggliswil (LU)","A Roggliswil, les citoyens rejettent à 59,5 pour cent l'initiative sur la neutralité.","https://thumb.wikimedia.org/wikipedia/commons/thumb/6/68/Coat_of_arms_of_Roggliswil.svg/960px-Coat_of_arms_of_Roggliswil.svg.png"
1143,32.6,32.6,67.4,"Schötz (LU)","La population de Schötz rejette à 67,4 pour cent des voix l'initiative sur la neutralité.","https://thumb.wikimedia.org/wikipedia/commons/thumb/9/95/Coat_of_arms_of_Sch%C3%B6tz.svg/960px-Coat_of_arms_of_Sch%C3%B6tz.svg.png"
1145,44.6,44.6,55.4,"Ufhusen (LU)","La population d'Ufhusen rejette à 55,4 pour cent des voix l'initiative sur la neutralité.","https://thumb.wikimedia.org/wikipedia/commons/thumb/c/cd/Coat_of_arms_of_Ufhusen.svg/960px-Coat_of_arms_of_Ufhusen.svg.png"
1146,33.3,33.3,66.7,"Wauwil (LU)","C'est non à l'initiative sur la neutralité à Wauwil. Les habitants ont refusé le texte à 66,7 pour cent.","https://thumb.wikimedia.org/wikipedia/commons/thumb/4/46/CHE_Wauwil_COA.svg/960px-CHE_Wauwil_COA.svg.png"
1147,32.9,32.9,67.1,"Wikon (LU)","C'est non à l'initiative sur la neutralité à Wikon. Les habitants ont refusé le texte à 67,1 pour cent.","https://thumb.wikimedia.org/wikipedia/commons/thumb/f/fe/CHE_Wikon_COA.svg/960px-CHE_Wikon_COA.svg.png"
1150,39,39,61,"Zell (LU)","L'initiative sur la neutralité n'a pas trouvé grâce aux yeux des citoyens de Zell (LU). Ils ont refusé le texte à 61 pour cent.","https://thumb.wikimedia.org/wikipedia/commons/thumb/7/75/CHE_Zell_LU_COA.svg/960px-CHE_Zell_LU_COA.svg.png"
1151,50,0,0,"Willisau (LU)","Les résultats ne sont pas encore connus dans cette commune.","https://upload.wikimedia.org/wikipedia/commons/3/33/CHE_Willisau_COA.png"
1201,23.6,23.6,76.4,"Altdorf (UR)","C'est non à l'initiative sur la neutralité à Altdorf (UR). Les habitants ont refusé le texte à 76,4 pour cent. Altdorf (UR) a dit non à l'initiative, tout comme le canton.","https://thumb.wikimedia.org/wikipedia/commons/thumb/a/af/CHE_Altdorf_COA.svg/960px-CHE_Altdorf_COA.svg.png"
1202,34.9,34.9,65.1,"Andermatt (UR)","La population d'Andermatt rejette à 65,1 pour cent des voix l'initiative sur la neutralité. Andermatt a dit non à l'initiative, tout comme le canton.","https://thumb.wikimedia.org/wikipedia/commons/thumb/f/fe/Andermatt-coat_of_arms.svg/500px-Andermatt-coat_of_arms.svg.png"
1203,44.1,44.1,55.9,"Attinghausen (UR)","A Attinghausen, les citoyens rejettent à 55,9 pour cent l'initiative sur la neutralité. Attinghausen a dit non à l'initiative, tout comme le canton.","https://thumb.wikimedia.org/wikipedia/commons/thumb/d/d1/CHE_Attinghausen_COA.svg/500px-CHE_Attinghausen_COA.svg.png"
1205,42.7,42.7,57.3,"Bürglen (UR)","A Bürglen (UR), les citoyens rejettent à 57,3 pour cent l'initiative sur la neutralité. Bürglen (UR) a dit non à l'initiative, tout comme le canton.","https://thumb.wikimedia.org/wikipedia/commons/thumb/b/b9/Wappen_B%C3%BCrglen_UR.svg/500px-Wappen_B%C3%BCrglen_UR.svg.png"
1206,37.1,37.1,62.9,"Erstfeld (UR)","L'initiative sur la neutralité est refusée à 62,9 pour cent à Erstfeld. Erstfeld a dit non à l'initiative, tout comme le canton.","https://thumb.wikimedia.org/wikipedia/commons/thumb/2/27/CHE_Erstfeld_COA.svg/960px-CHE_Erstfeld_COA.svg.png"
1207,34.9,34.9,65.1,"Flüelen (UR)","A Flüelen, les citoyens rejettent à 65,1 pour cent l'initiative sur la neutralité. Flüelen a dit non à l'initiative, tout comme le canton.","https://thumb.wikimedia.org/wikipedia/commons/thumb/2/2e/Fl%C3%BCelen-coat_of_arms.svg/960px-Fl%C3%BCelen-coat_of_arms.svg.png"
1208,46.6,46.6,53.4,"Göschenen (UR)","C'est non à l'initiative sur la neutralité à Göschenen. Les habitants ont refusé le texte à 53,4 pour cent. Göschenen a dit non à l'initiative, tout comme le canton.","https://thumb.wikimedia.org/wikipedia/commons/thumb/6/6f/G%C3%B6schenen-coat_of_arms.svg/500px-G%C3%B6schenen-coat_of_arms.svg.png"
1209,54.6,54.6,45.4,"Gurtnellen (UR)","L'initiative sur la neutralité passe la rampe avec 54,6 pour cent de oui à Gurtnellen. Gurtnellen a dit oui à l'initiative, mais le canton a voté non.","https://thumb.wikimedia.org/wikipedia/commons/thumb/c/c5/Gurtnellen_Wappen.svg/960px-Gurtnellen_Wappen.svg.png"
1210,46.2,46.2,53.8,"Hospental (UR)","L'initiative sur la neutralité ne passe pas la rampe à Hospental. Les habitants de cette petite commune l'ont rejetée par 35 voix, contre 30. Hospental a dit non à l'initiative, tout comme le canton.","https://thumb.wikimedia.org/wikipedia/commons/thumb/2/21/Wappen_Hospental.svg/500px-Wappen_Hospental.svg.png"
1211,41.1,41.1,58.9,"Isenthal (UR)","C'est non à l'initiative sur la neutralité à Isenthal. Les habitants ont refusé le texte à 58,9 pour cent. Isenthal a dit non à l'initiative, tout comme le canton.","https://thumb.wikimedia.org/wikipedia/commons/thumb/5/5c/Isenthal-coat_of_arms.svg/500px-Isenthal-coat_of_arms.svg.png"
1212,47.2,47.2,52.8,"Realp (UR)","L'initiative sur la neutralité ne passe pas la rampe à Realp. Les habitants de cette petite commune l'ont rejetée par 28 voix, contre 25. Realp a dit non à l'initiative, tout comme le canton.","https://thumb.wikimedia.org/wikipedia/commons/thumb/6/66/Realp-coat_of_arms.svg/500px-Realp-coat_of_arms.svg.png"
1213,37.6,37.6,62.4,"Schattdorf (UR)","Les habitants de Schattdorf s'opposent à l'initiative sur la neutralité par 62,4 pour cent des voix. Schattdorf a dit non à l'initiative, tout comme le canton.","https://thumb.wikimedia.org/wikipedia/commons/thumb/b/bb/Wappen_Schattdorf.svg/500px-Wappen_Schattdorf.svg.png"
1214,38.3,38.3,61.7,"Seedorf (UR)","Les habitants de Seedorf (UR) s'opposent à l'initiative sur la neutralité par 61,7 pour cent des voix. Seedorf (UR) a dit non à l'initiative, tout comme le canton.","https://thumb.wikimedia.org/wikipedia/commons/thumb/7/7e/CHE_Seedorf_UR_COA.svg/960px-CHE_Seedorf_UR_COA.svg.png"
1215,50.4,50.4,49.6,"Seelisberg (UR)","A Seelisberg, les habitants disent oui à 50,4 pour cent à l'initiative sur la neutralité. Seelisberg a dit oui à l'initiative, mais le canton a voté non.","https://thumb.wikimedia.org/wikipedia/commons/thumb/9/90/Wappen_Seelisberg_UR.svg/500px-Wappen_Seelisberg_UR.svg.png"
1216,48.8,48.8,51.2,"Silenen (UR)","C'est non à l'initiative sur la neutralité à Silenen. Les habitants ont refusé le texte à 51,2 pour cent. Silenen a dit non à l'initiative, tout comme le canton.","https://thumb.wikimedia.org/wikipedia/commons/thumb/a/a3/Wappen_Silenen.svg/500px-Wappen_Silenen.svg.png"
1217,54,54,46,"Sisikon (UR)","Les habitants de Sisikon soutiennent à 54 pour cent l'initiative sur la neutralité. Sisikon a dit oui à l'initiative, mais le canton a voté non.","https://thumb.wikimedia.org/wikipedia/commons/thumb/4/46/Sisikon-coat_of_arms.svg/500px-Sisikon-coat_of_arms.svg.png"
1218,65.2,65.2,34.8,"Spiringen (UR)","La population de Spiringen approuve à 65,2 pour cent l'initiative sur la neutralité. Spiringen a dit oui à l'initiative, mais le canton a voté non.","https://thumb.wikimedia.org/wikipedia/commons/thumb/a/a0/CHE_Spiringen_COA.svg/960px-CHE_Spiringen_COA.svg.png"
1219,65.8,65.8,34.2,"Unterschächen (UR)","La population d'Unterschächen approuve à 65,8 pour cent l'initiative sur la neutralité. Unterschächen a dit oui à l'initiative, mais le canton a voté non.","https://thumb.wikimedia.org/wikipedia/commons/thumb/5/53/CHE_Unterschaechen_COA.svg/500px-CHE_Unterschaechen_COA.svg.png"
1220,41.7,41.7,58.3,"Wassen (UR)","A Wassen, les citoyens rejettent à 58,3 pour cent l'initiative sur la neutralité. Wassen a dit non à l'initiative, tout comme le canton.","https://thumb.wikimedia.org/wikipedia/commons/thumb/e/e9/Wappen_Wassen.svg/500px-Wappen_Wassen.svg.png"
1301,44.6,44.6,55.4,"Einsiedeln (SZ)","C'est non à l'initiative sur la neutralité à Einsiedeln. Les habitants ont refusé le texte à 55,4 pour cent. Einsiedeln a dit non à l'initiative, tout comme le canton.","https://thumb.wikimedia.org/wikipedia/commons/thumb/5/56/Einsiedeln-coat_of_arms.svg/500px-Einsiedeln-coat_of_arms.svg.png"
1311,34.9,34.9,65.1,"Gersau (SZ)","C'est non à l'initiative sur la neutralité à Gersau. Les habitants ont refusé le texte à 65,1 pour cent. Gersau a dit non à l'initiative, tout comme le canton.","https://thumb.wikimedia.org/wikipedia/commons/thumb/1/11/Wappen_Gersau.svg/250px-Wappen_Gersau.svg.png"
1321,42,42,58,"Feusisberg (SZ)","A Feusisberg, les citoyens rejettent à 58 pour cent l'initiative sur la neutralité. Feusisberg a dit non à l'initiative, tout comme le canton.","https://thumb.wikimedia.org/wikipedia/commons/thumb/d/d2/Feusisberg-blazon.svg/250px-Feusisberg-blazon.svg.png"
1322,37.8,37.8,62.2,"Freienbach (SZ)","Les habitants de Freienbach s'opposent à l'initiative sur la neutralité par 62,2 pour cent des voix. Freienbach a dit non à l'initiative, tout comme le canton.","https://thumb.wikimedia.org/wikipedia/commons/thumb/3/34/CHE_Freienbach_SZ_COA.svg/960px-CHE_Freienbach_SZ_COA.svg.png"
1323,40.4,40.4,59.6,"Wollerau (SZ)","L'initiative sur la neutralité n'a pas convaincu à Wollerau. Les citoyens de la commune ont refusé le texte à 59,6 pour cent. Wollerau a dit non à l'initiative, tout comme le canton.","https://thumb.wikimedia.org/wikipedia/commons/thumb/9/90/CHE_Wollerau_COA.svg/250px-CHE_Wollerau_COA.svg.png"
1331,32.1,32.1,67.9,"Küssnacht (SZ)","A Küssnacht (SZ), les citoyens rejettent à 67,9 pour cent l'initiative sur la neutralité. Küssnacht (SZ) a dit non à l'initiative, tout comme le canton.","https://thumb.wikimedia.org/wikipedia/commons/thumb/e/ea/CHE_K%C3%BCssnacht_COA.svg/500px-CHE_K%C3%BCssnacht_COA.svg.png"
1341,39.1,39.1,60.9,"Altendorf (SZ)","L'initiative sur la neutralité est refusée à 60,9 pour cent à Altendorf. Altendorf a dit non à l'initiative, tout comme le canton.","https://thumb.wikimedia.org/wikipedia/de/thumb/e/e3/Wappen_Altendorf_SZ.svg/960px-Wappen_Altendorf_SZ.svg.png"
1342,45.4,45.4,54.6,"Galgenen (SZ)","Les habitants de Galgenen s'opposent à l'initiative sur la neutralité par 54,6 pour cent des voix. Galgenen a dit non à l'initiative, tout comme le canton.","https://thumb.wikimedia.org/wikipedia/commons/thumb/9/99/CHE_Galgenen_COA.svg/500px-CHE_Galgenen_COA.svg.png"
1343,55,55,45,"Innerthal (SZ)","L'initiative sur la neutralité est validée à Innerthal. Les citoyens de cette petite commune sont 55 à soutenir le texte, contre 45 à le refuser. Innerthal a dit oui à l'initiative, mais le canton a voté non.","https://thumb.wikimedia.org/wikipedia/commons/thumb/1/1b/Innerthal-blazon.svg/250px-Innerthal-blazon.svg.png"
1344,31.6,31.6,68.4,"Lachen (SZ)","Les habitants de Lachen s'opposent à l'initiative sur la neutralité par 68,4 pour cent des voix. Lachen a dit non à l'initiative, tout comme le canton.","https://thumb.wikimedia.org/wikipedia/de/thumb/5/55/Wappen_Lachen_SZ.svg/500px-Wappen_Lachen_SZ.svg.png"
1345,36.2,36.2,63.8,"Reichenburg (SZ)","La population de Reichenburg rejette à 63,8 pour cent des voix l'initiative sur la neutralité. Reichenburg a dit non à l'initiative, tout comme le canton.","https://thumb.wikimedia.org/wikipedia/de/thumb/0/02/Wappen_Reichenburg.svg/960px-Wappen_Reichenburg.svg.png"
1346,43.9,43.9,56.1,"Schübelbach (SZ)","L'initiative sur la neutralité n'a pas convaincu à Schübelbach. Les citoyens de la commune ont refusé le texte à 56,1 pour cent. Schübelbach a dit non à l'initiative, tout comme le canton.","https://thumb.wikimedia.org/wikipedia/de/thumb/b/bf/Wappen_Sch%C3%BCbelbach.svg/960px-Wappen_Sch%C3%BCbelbach.svg.png"
1347,47.7,47.7,52.3,"Tuggen (SZ)","L'initiative sur la neutralité n'a pas convaincu à Tuggen. Les citoyens de la commune ont refusé le texte à 52,3 pour cent. Tuggen a dit non à l'initiative, tout comme le canton.","https://upload.wikimedia.org/wikipedia/commons/c/cc/Wappen_tuggen.png"
1348,69.3,69.3,30.7,"Vorderthal (SZ)","Les habitants de Vorderthal soutiennent à 69,3 pour cent l'initiative sur la neutralité. Vorderthal a dit oui à l'initiative, mais le canton a voté non.","https://thumb.wikimedia.org/wikipedia/commons/thumb/8/8a/CHE_Vorderthal_COA.svg/500px-CHE_Vorderthal_COA.svg.png"
1349,43.6,43.6,56.4,"Wangen (SZ)","La population de Wangen (SZ) rejette à 56,4 pour cent des voix l'initiative sur la neutralité. Wangen (SZ) a dit non à l'initiative, tout comme le canton.","https://thumb.wikimedia.org/wikipedia/commons/thumb/7/78/Wangen_SZ-blazon.svg/250px-Wangen_SZ-blazon.svg.png"
1361,71,71,29,"Alpthal (SZ)","La population d'Alpthal approuve à 71 pour cent l'initiative sur la neutralité. Alpthal a dit oui à l'initiative, mais le canton a voté non.","https://thumb.wikimedia.org/wikipedia/commons/thumb/3/3b/CHE_Alpthal_COA.svg/250px-CHE_Alpthal_COA.svg.png"
1362,37.6,37.6,62.4,"Arth (SZ)","L'initiative sur la neutralité n'a pas trouvé grâce aux yeux des citoyens d'Arth. Ils ont refusé le texte à 62,4 pour cent. Arth a dit non à l'initiative, tout comme le canton.","https://thumb.wikimedia.org/wikipedia/commons/thumb/e/e8/CHE_Arth_COA.svg/500px-CHE_Arth_COA.svg.png"
1363,68.2,68.2,31.8,"Illgau (SZ)","La population d'Illgau approuve à 68,2 pour cent l'initiative sur la neutralité. Illgau a dit oui à l'initiative, mais le canton a voté non.","https://thumb.wikimedia.org/wikipedia/commons/thumb/6/6d/Illgau-blazon.svg/250px-Illgau-blazon.svg.png"
1364,35.6,35.6,64.4,"Ingenbohl (SZ)","La population d'Ingenbohl rejette à 64,4 pour cent des voix l'initiative sur la neutralité. Ingenbohl a dit non à l'initiative, tout comme le canton.","https://thumb.wikimedia.org/wikipedia/commons/thumb/9/92/Ingenbohl-blazon.svg/250px-Ingenbohl-blazon.svg.png"
1365,52,52,48,"Lauerz (SZ)","La population de Lauerz approuve à 52 pour cent l'initiative sur la neutralité. Lauerz a dit oui à l'initiative, mais le canton a voté non.","https://thumb.wikimedia.org/wikipedia/commons/thumb/a/aa/Lauerz-blazon.svg/250px-Lauerz-blazon.svg.png"
1366,46.7,46.7,53.3,"Morschach (SZ)","Les habitants de Morschach s'opposent à l'initiative sur la neutralité par 53,3 pour cent des voix. Morschach a dit non à l'initiative, tout comme le canton.","https://thumb.wikimedia.org/wikipedia/commons/thumb/d/d5/Morschach-blazon.svg/250px-Morschach-blazon.svg.png"
1367,65.2,65.2,34.8,"Muotathal (SZ)","Les habitants de Muotathal soutiennent à 65,2 pour cent l'initiative sur la neutralité. Muotathal a dit oui à l'initiative, mais le canton a voté non.","https://thumb.wikimedia.org/wikipedia/commons/thumb/3/35/Muotathal-blazon.svg/250px-Muotathal-blazon.svg.png"
1368,57.5,57.5,42.5,"Oberiberg (SZ)","A Oberiberg, les habitants disent oui à 57,5 pour cent à l'initiative sur la neutralité. Oberiberg a dit oui à l'initiative, mais le canton a voté non.","https://thumb.wikimedia.org/wikipedia/commons/thumb/e/e9/Oberiberg-blazon.svg/250px-Oberiberg-blazon.svg.png"
1369,63.4,63.4,36.6,"Riemenstalden (SZ)","Les électeurs de la petite commune de Riemenstalden soutiennent l'initiative sur la neutralité. Ils ont dit oui au texte par 26 voix, contre 15. Riemenstalden a dit oui à l'initiative, mais le canton a voté non.","https://thumb.wikimedia.org/wikipedia/commons/thumb/e/eb/Riemenstalden-blazon.svg/250px-Riemenstalden-blazon.svg.png"
1370,63.5,63.5,36.5,"Rothenthurm (SZ)","Les habitants de Rothenthurm soutiennent à 63,5 pour cent l'initiative sur la neutralité. Rothenthurm a dit oui à l'initiative, mais le canton a voté non.","https://thumb.wikimedia.org/wikipedia/commons/thumb/d/d3/CHE_Rothenthurm_COA.svg/500px-CHE_Rothenthurm_COA.svg.png"
1371,51.2,51.2,48.8,"Sattel (SZ)","A Sattel, les habitants disent oui à 51,2 pour cent à l'initiative sur la neutralité. Sattel a dit oui à l'initiative, mais le canton a voté non.","https://thumb.wikimedia.org/wikipedia/commons/thumb/8/8e/Sattel-blazon.svg/250px-Sattel-blazon.svg.png"
1372,38.3,38.3,61.7,"Schwyz (SZ)","C'est non à l'initiative sur la neutralité à Schwyz. Les habitants ont refusé le texte à 61,7 pour cent. Schwyz a dit non à l'initiative, tout comme le canton.","https://thumb.wikimedia.org/wikipedia/commons/thumb/1/12/CHE_Schwyz_SZ_COA.svg/500px-CHE_Schwyz_SZ_COA.svg.png"
1373,45.9,45.9,54.1,"Steinen (SZ)","L'initiative sur la neutralité n'a pas trouvé grâce aux yeux des citoyens de Steinen. Ils ont refusé le texte à 54,1 pour cent. Steinen a dit non à l'initiative, tout comme le canton.","https://thumb.wikimedia.org/wikipedia/commons/thumb/6/6f/Steinen_SZ-blazon.svg/250px-Steinen_SZ-blazon.svg.png"
1374,59.4,59.4,40.6,"Steinerberg (SZ)","Les habitants de Steinerberg acceptent à 59,4 pour cent l'initiative sur la neutralité. Steinerberg a dit oui à l'initiative, mais le canton a voté non.","https://thumb.wikimedia.org/wikipedia/commons/thumb/2/25/Steinerberg-blazon.svg/250px-Steinerberg-blazon.svg.png"
1375,73.9,73.9,26.1,"Unteriberg (SZ)","La population d'Unteriberg approuve à 73,9 pour cent l'initiative sur la neutralité. Unteriberg a dit oui à l'initiative, mais le canton a voté non.","https://thumb.wikimedia.org/wikipedia/commons/thumb/1/16/Unteriberg-blazon.svg/250px-Unteriberg-blazon.svg.png"
1401,34.4,34.4,65.6,"Alpnach (OW)","L'initiative sur la neutralité n'a pas trouvé grâce aux yeux des citoyens d'Alpnach. Ils ont refusé le texte à 65,6 pour cent.","https://thumb.wikimedia.org/wikipedia/commons/thumb/a/ab/CHE_Alpnach_COA.svg/960px-CHE_Alpnach_COA.svg.png"
1402,33.2,33.2,66.8,"Engelberg (OW)","La population d'Engelberg rejette à 66,8 pour cent des voix l'initiative sur la neutralité.","https://thumb.wikimedia.org/wikipedia/commons/thumb/b/bb/CHE_Engelberg_COA.svg/960px-CHE_Engelberg_COA.svg.png"
1403,41.1,41.1,58.9,"Giswil (OW)","La population de Giswil rejette à 58,9 pour cent des voix l'initiative sur la neutralité.","https://thumb.wikimedia.org/wikipedia/commons/thumb/1/1d/CHE_Giswil_COA.svg/960px-CHE_Giswil_COA.svg.png"
1404,40.3,40.3,59.7,"Kerns (OW)","L'initiative sur la neutralité n'a pas convaincu à Kerns. Les citoyens de la commune ont refusé le texte à 59,7 pour cent.","https://thumb.wikimedia.org/wikipedia/commons/thumb/6/63/CHE_Kerns_COA.svg/500px-CHE_Kerns_COA.svg.png"
1405,36.7,36.7,63.3,"Lungern (OW)","L'initiative sur la neutralité n'a pas convaincu à Lungern. Les citoyens de la commune ont refusé le texte à 63,3 pour cent.","https://thumb.wikimedia.org/wikipedia/commons/thumb/3/32/CHE_Lungern_COA.svg/500px-CHE_Lungern_COA.svg.png"
1406,33.6,33.6,66.4,"Sachseln (OW)","L'initiative sur la neutralité n'a pas trouvé grâce aux yeux des citoyens de Sachseln. Ils ont refusé le texte à 66,4 pour cent.","https://thumb.wikimedia.org/wikipedia/commons/thumb/0/02/CHE_Sachseln_COA.svg/960px-CHE_Sachseln_COA.svg.png"
1407,50,0,0,"Sarnen (OW)","Les résultats ne sont pas encore connus dans cette commune.","https://thumb.wikimedia.org/wikipedia/commons/thumb/a/a6/CHE_Sarnen_COA.svg/960px-CHE_Sarnen_COA.svg.png"
1501,35.3,35.3,64.7,"Beckenried (NW)","L'initiative sur la neutralité est refusée à 64,7 pour cent à Beckenried. Beckenried a dit non à l'initiative, tout comme le canton.","https://thumb.wikimedia.org/wikipedia/commons/thumb/0/0d/CHE_Beckenried_COA.svg/960px-CHE_Beckenried_COA.svg.png"
1502,31.8,31.8,68.2,"Buochs (NW)","C'est non à l'initiative sur la neutralité à Buochs. Les habitants ont refusé le texte à 68,2 pour cent. Buochs a dit non à l'initiative, tout comme le canton.","https://thumb.wikimedia.org/wikipedia/commons/thumb/8/8c/CHE_Buochs_COA.svg/960px-CHE_Buochs_COA.svg.png"
1503,42.1,42.1,57.9,"Dallenwil (NW)","Les habitants de Dallenwil s'opposent à l'initiative sur la neutralité par 57,9 pour cent des voix. Dallenwil a dit non à l'initiative, tout comme le canton.","https://thumb.wikimedia.org/wikipedia/commons/thumb/c/cc/CHE_Dallenwil_COA.svg/500px-CHE_Dallenwil_COA.svg.png"
1504,42.1,42.1,57.9,"Emmetten (NW)","L'initiative sur la neutralité est refusée à 57,9 pour cent à Emmetten. Emmetten a dit non à l'initiative, tout comme le canton.","https://thumb.wikimedia.org/wikipedia/commons/thumb/5/58/CHE_Emmetten_COA.svg/960px-CHE_Emmetten_COA.svg.png"
1505,29.9,29.9,70.1,"Ennetbürgen (NW)","L'initiative sur la neutralité est refusée à 70,1 pour cent à Ennetbürgen. Ennetbürgen a dit non à l'initiative, tout comme le canton.","https://thumb.wikimedia.org/wikipedia/commons/thumb/8/8e/CHE_Ennetburgen_COA.svg/960px-CHE_Ennetburgen_COA.svg.png"
1506,39.8,39.8,60.2,"Ennetmoos (NW)","L'initiative sur la neutralité est refusée à 60,2 pour cent à Ennetmoos. Ennetmoos a dit non à l'initiative, tout comme le canton.","https://thumb.wikimedia.org/wikipedia/commons/thumb/c/c2/CHE_Ennetmoos_COA.svg/960px-CHE_Ennetmoos_COA.svg.png"
1507,33.5,33.5,66.5,"Hergiswil (NW)","Les habitants de Hergiswil (NW) s'opposent à l'initiative sur la neutralité par 66,5 pour cent des voix. Hergiswil (NW) a dit non à l'initiative, tout comme le canton.","https://thumb.wikimedia.org/wikipedia/commons/thumb/c/cf/CHE_Hergiswil_COA.svg/960px-CHE_Hergiswil_COA.svg.png"
1508,35.7,35.7,64.3,"Oberdorf (NW)","L'initiative sur la neutralité n'a pas convaincu à Oberdorf (NW). Les citoyens de la commune ont refusé le texte à 64,3 pour cent. Oberdorf (NW) a dit non à l'initiative, tout comme le canton.","https://thumb.wikimedia.org/wikipedia/commons/thumb/8/8c/CHE_Oberdorf_NW_COA.svg/960px-CHE_Oberdorf_NW_COA.svg.png"
1509,25.5,25.5,74.5,"Stans (NW)","L'initiative sur la neutralité est refusée à 74,5 pour cent à Stans. Stans a dit non à l'initiative, tout comme le canton.","https://thumb.wikimedia.org/wikipedia/commons/thumb/9/95/CHE_Stans_COA.svg/960px-CHE_Stans_COA.svg.png"
1510,35.1,35.1,64.9,"Stansstad (NW)","L'initiative sur la neutralité n'a pas convaincu à Stansstad. Les citoyens de la commune ont refusé le texte à 64,9 pour cent. Stansstad a dit non à l'initiative, tout comme le canton.","https://thumb.wikimedia.org/wikipedia/commons/thumb/4/47/CHE_Stansstad_COA.svg/960px-CHE_Stansstad_COA.svg.png"
1511,38.3,38.3,61.7,"Wolfenschiessen (NW)","La population de Wolfenschiessen rejette à 61,7 pour cent des voix l'initiative sur la neutralité. Wolfenschiessen a dit non à l'initiative, tout comme le canton.","https://thumb.wikimedia.org/wikipedia/commons/thumb/6/6b/CHE_Wolfenschiessen_COA.svg/960px-CHE_Wolfenschiessen_COA.svg.png"
1630,40.1,40.1,59.9,"Glarus Nord (GL)","L'initiative sur la neutralité n'a pas convaincu à Glarus Nord. Les citoyens de la commune ont refusé le texte à 59,9 pour cent. Glarus Nord a dit non à l'initiative, tout comme le canton.","https://thumb.wikimedia.org/wikipedia/commons/thumb/d/d5/CHE_Glarus_Nord_COA.svg/500px-CHE_Glarus_Nord_COA.svg.png"
1631,41.6,41.6,58.4,"Glarus Süd (GL)","A Glarus Süd, les citoyens rejettent à 58,4 pour cent l'initiative sur la neutralité. Glarus Süd a dit non à l'initiative, tout comme le canton.","https://thumb.wikimedia.org/wikipedia/commons/thumb/5/51/CHE_Glarus_S%C3%BCd_COA.svg/960px-CHE_Glarus_S%C3%BCd_COA.svg.png"
1632,30,30,70,"Glaris (GL)","L'initiative sur la neutralité n'a pas trouvé grâce aux yeux des citoyens de Glaris. Ils ont refusé le texte à 70 pour cent. Glaris a dit non à l'initiative, tout comme le canton.","https://thumb.wikimedia.org/wikipedia/commons/thumb/b/b6/CHE_Glarus_COA.svg/500px-CHE_Glarus_COA.svg.png"
1701,29.1,29.1,70.9,"Baar (ZG)","L'initiative sur la neutralité n'a pas convaincu à Baar. Les citoyens de la commune ont refusé le texte à 70,9 pour cent. Baar a dit non à l'initiative, tout comme le canton.","https://thumb.wikimedia.org/wikipedia/commons/thumb/a/a1/CHE_Baar_COA.svg/500px-CHE_Baar_COA.svg.png"
1702,27,27,73,"Cham (ZG)","La population de Cham rejette à 73 pour cent des voix l'initiative sur la neutralité. Cham a dit non à l'initiative, tout comme le canton.","https://thumb.wikimedia.org/wikipedia/commons/thumb/f/f9/CHE_Cham_ZG_COA.svg/500px-CHE_Cham_ZG_COA.svg.png"
1703,20.1,20.1,79.9,"Hünenberg (ZG)","A Hünenberg, les citoyens rejettent à 79,9 pour cent l'initiative sur la neutralité. Hünenberg a dit non à l'initiative, tout comme le canton.","https://thumb.wikimedia.org/wikipedia/commons/thumb/c/cd/CHE_H%C3%BCnenberg_COA.svg/500px-CHE_H%C3%BCnenberg_COA.svg.png"
1704,40.2,40.2,59.8,"Menzingen (ZG)","L'initiative sur la neutralité n'a pas convaincu à Menzingen. Les citoyens de la commune ont refusé le texte à 59,8 pour cent. Menzingen a dit non à l'initiative, tout comme le canton.","https://thumb.wikimedia.org/wikipedia/commons/thumb/a/a6/CHE_Menzingen_COA.svg/500px-CHE_Menzingen_COA.svg.png"
1705,34.6,34.6,65.4,"Neuheim (ZG)","L'initiative sur la neutralité n'a pas trouvé grâce aux yeux des citoyens de Neuheim. Ils ont refusé le texte à 65,4 pour cent. Neuheim a dit non à l'initiative, tout comme le canton.","https://thumb.wikimedia.org/wikipedia/commons/thumb/e/ee/CHE_Neuheim_COA.svg/500px-CHE_Neuheim_COA.svg.png"
1706,39.3,39.3,60.7,"Oberägeri (ZG)","La population d'Oberägeri rejette à 60,7 pour cent des voix l'initiative sur la neutralité. Oberägeri a dit non à l'initiative, tout comme le canton.","https://thumb.wikimedia.org/wikipedia/commons/thumb/b/bb/Ober%C3%A4geri_Wappen.svg/330px-Ober%C3%A4geri_Wappen.svg.png"
1707,29.8,29.8,70.2,"Risch (ZG)","C'est non à l'initiative sur la neutralité à Risch. Les habitants ont refusé le texte à 70,2 pour cent. Risch a dit non à l'initiative, tout comme le canton.","https://thumb.wikimedia.org/wikipedia/commons/thumb/5/56/Wappen_Risch_Rotkreuz.svg/500px-Wappen_Risch_Rotkreuz.svg.png"
1708,24.4,24.4,75.6,"Steinhausen (ZG)","La population de Steinhausen rejette à 75,6 pour cent des voix l'initiative sur la neutralité. Steinhausen a dit non à l'initiative, tout comme le canton.","https://thumb.wikimedia.org/wikipedia/commons/thumb/1/1f/Steinhausen_Wappen.svg/330px-Steinhausen_Wappen.svg.png"
1709,33.2,33.2,66.8,"Unterägeri (ZG)","L'initiative sur la neutralité est refusée à 66,8 pour cent à Unterägeri. Unterägeri a dit non à l'initiative, tout comme le canton.","https://thumb.wikimedia.org/wikipedia/commons/thumb/3/38/CHE_Unter%C3%A4geri_COA.svg/500px-CHE_Unter%C3%A4geri_COA.svg.png"
1710,36.3,36.3,63.7,"Walchwil (ZG)","La population de Walchwil rejette à 63,7 pour cent des voix l'initiative sur la neutralité. Walchwil a dit non à l'initiative, tout comme le canton.","https://thumb.wikimedia.org/wikipedia/commons/thumb/7/70/CHE_Walchwil_COA.svg/960px-CHE_Walchwil_COA.svg.png"
1711,25.1,25.1,74.9,"Zoug (ZG)","L'initiative sur la neutralité n'a pas trouvé grâce aux yeux des citoyens de Zoug. Ils ont refusé le texte à 74,9 pour cent. Zoug a dit non à l'initiative, tout comme le canton.","https://thumb.wikimedia.org/wikipedia/commons/thumb/6/67/CHE_Zug_ZG_COA.svg/500px-CHE_Zug_ZG_COA.svg.png"
2008,28.4,28.4,71.6,"Châtillon (FR)","L'initiative sur la neutralité n'a pas trouvé grâce aux yeux des citoyens de Châtillon (FR). Ils ont refusé le texte à 71,6 pour cent.","https://upload.wikimedia.org/wikipedia/commons/7/71/Ch%C3%A2tillon.png"
2011,35,35,65,"Cugy (FR)","L'initiative sur la neutralité n'a pas convaincu à Cugy (FR). Les citoyens de la commune ont refusé le texte à 65 pour cent.","https://thumb.wikimedia.org/wikipedia/commons/thumb/a/ad/CHE_Cugy_FR_COA.svg/960px-CHE_Cugy_FR_COA.svg.png"
2022,35.9,35.9,64.1,"Gletterens (FR)","La population de Gletterens rejette à 64,1 pour cent des voix l'initiative sur la neutralité.","https://thumb.wikimedia.org/wikipedia/commons/thumb/3/39/CHE_Gletterens_COA.svg/500px-CHE_Gletterens_COA.svg.png"
2025,35.4,35.4,64.6,"Lully (FR)","L'initiative sur la neutralité n'a pas convaincu à Lully (FR). Les citoyens de la commune ont refusé le texte à 64,6 pour cent.","https://thumb.wikimedia.org/wikipedia/commons/thumb/1/11/CHE_Lully_FR_COA.svg/250px-CHE_Lully_FR_COA.svg.png"
2029,30.2,30.2,69.8,"Montagny (FR)","L'initiative sur la neutralité est refusée à 69,8 pour cent à Montagny (FR).","https://thumb.wikimedia.org/wikipedia/commons/thumb/5/5c/CHE_Montagny_COA.svg/960px-CHE_Montagny_COA.svg.png"
2035,27.7,27.7,72.3,"Nuvilly (FR)","L'initiative sur la neutralité est refusée à 72,3 pour cent à Nuvilly.","https://thumb.wikimedia.org/wikipedia/commons/thumb/6/63/CHE_Nuvilly_COA.svg/250px-CHE_Nuvilly_COA.svg.png"
2038,41,41,59,"Prévondavaux (FR)","L'initiative sur la neutralité ne passe pas la rampe à Prévondavaux. Les habitants de cette petite commune l'ont rejetée par 23 voix, contre 16.","https://thumb.wikimedia.org/wikipedia/commons/thumb/0/08/Pr%C3%A9vondavaux-coat_of_arms.svg/500px-Pr%C3%A9vondavaux-coat_of_arms.svg.png"
2041,25,25,75,"Saint-Aubin (FR)","Les habitants de Saint-Aubin (FR) s'opposent à l'initiative sur la neutralité par 75 pour cent des voix.","https://thumb.wikimedia.org/wikipedia/commons/thumb/6/62/Saint-Aubin-coat_of_arms.svg/500px-Saint-Aubin-coat_of_arms.svg.png"
2043,31.2,31.2,68.8,"Sévaz (FR)","L'initiative sur la neutralité ne passe pas la rampe à Sévaz. Les habitants de cette petite commune l'ont rejetée par 66 voix, contre 30.","https://thumb.wikimedia.org/wikipedia/commons/thumb/7/77/CHE_S%C3%A9vaz_COA.svg/960px-CHE_S%C3%A9vaz_COA.svg.png"
2044,40.2,40.2,59.8,"Surpierre (FR)","C'est non à l'initiative sur la neutralité à Surpierre. Les habitants ont refusé le texte à 59,8 pour cent.","https://thumb.wikimedia.org/wikipedia/commons/thumb/b/b4/CHE_Surpierre_COA.svg/500px-CHE_Surpierre_COA.svg.png"
2045,35.6,35.6,64.4,"Vallon (FR)","Les habitants de Vallon s'opposent à l'initiative sur la neutralité par 64,4 pour cent des voix.","https://thumb.wikimedia.org/wikipedia/commons/thumb/8/83/CHE_Vallon_COA.svg/500px-CHE_Vallon_COA.svg.png"
2050,34.2,34.2,65.8,"Les Montets (FR)","C'est non à l'initiative sur la neutralité aux Montets. Les habitants ont refusé le texte à 65,8 pour cent.","https://thumb.wikimedia.org/wikipedia/commons/thumb/3/33/CHE_Les_Montets_COA.svg/250px-CHE_Les_Montets_COA.svg.png"
2051,34.5,34.5,65.5,"Delley-Portalban (FR)","La population de Delley-Portalban rejette à 65,5 pour cent des voix l'initiative sur la neutralité.","https://thumb.wikimedia.org/wikipedia/commons/thumb/6/68/CHE_Delley-Portalban_COA.svg/500px-CHE_Delley-Portalban_COA.svg.png"
2053,34.7,34.7,65.3,"Belmont-Broye (FR)","L'initiative sur la neutralité n'a pas convaincu à Belmont-Broye. Les citoyens de la commune ont refusé le texte à 65,3 pour cent.","https://thumb.wikimedia.org/wikipedia/commons/thumb/7/7f/CHE_Belmont-Broye_COA.svg/500px-CHE_Belmont-Broye_COA.svg.png"
2054,29.4,29.4,70.6,"Estavayer (FR)","La population d'Estavayer rejette à 70,6 pour cent des voix l'initiative sur la neutralité.","https://thumb.wikimedia.org/wikipedia/commons/thumb/9/94/CHE_Estavayer_COA.svg/250px-CHE_Estavayer_COA.svg.png"
2055,33.3,33.3,66.7,"Cheyres-Châbles (FR)","C'est non à l'initiative sur la neutralité à Cheyres-Châbles. Les habitants ont refusé le texte à 66,7 pour cent.","https://thumb.wikimedia.org/wikipedia/commons/thumb/b/bc/CHE_Cheyres-Ch%C3%A2bles_COA.svg/250px-CHE_Cheyres-Ch%C3%A2bles_COA.svg.png"
2056,35.7,35.7,64.3,"Fétigny-Ménières (FR)","L'initiative sur la neutralité n'a pas trouvé grâce aux yeux des citoyens de Fétigny-Ménières. Ils ont refusé le texte à 64,3 pour cent.","https://thumb.wikimedia.org/wikipedia/commons/thumb/6/67/CHE_F%C3%A9tigny-M%C3%A9ni%C3%A8res_COA.svg/500px-CHE_F%C3%A9tigny-M%C3%A9ni%C3%A8res_COA.svg.png"
2063,29.1,29.1,70.9,"Billens-Hennens (FR)","L'initiative sur la neutralité est refusée à 70,9 pour cent à Billens-Hennens.","https://thumb.wikimedia.org/wikipedia/commons/thumb/7/70/CHE_Billens-Hennens_COA.svg/250px-CHE_Billens-Hennens_COA.svg.png"
2067,52.9,52.9,47.1,"Le Châtelard (FR)","L'initiative sur la neutralité passe la rampe avec 52,9 pour cent de oui au Châtelard.","https://thumb.wikimedia.org/wikipedia/commons/thumb/d/de/CHE_Le_Ch%C3%A2telard_FR_COA.svg/500px-CHE_Le_Ch%C3%A2telard_FR_COA.svg.png"
2068,33.8,33.8,66.2,"Châtonnaye (FR)","C'est non à l'initiative sur la neutralité à Châtonnaye. Les habitants ont refusé le texte à 66,2 pour cent.","https://thumb.wikimedia.org/wikipedia/commons/thumb/7/72/Ch%C3%A2tonnaye-coat_of_arms.svg/500px-Ch%C3%A2tonnaye-coat_of_arms.svg.png"
2079,41.4,41.4,58.6,"Grangettes (FR)","Les habitants de la petite commune de Grangettes ont refusé l'initiative sur la neutralité. Ils ont dit non à cet objet par 34 voix contre 24.","https://thumb.wikimedia.org/wikipedia/commons/thumb/2/29/Grangettes-coat_of_arms.svg/500px-Grangettes-coat_of_arms.svg.png"
2086,37.3,37.3,62.7,"Massonnens (FR)","L'initiative sur la neutralité n'a pas convaincu à Massonnens. Les citoyens de la commune ont refusé le texte à 62,7 pour cent.","https://thumb.wikimedia.org/wikipedia/commons/thumb/6/68/CHE_Massonnens_COA.svg/500px-CHE_Massonnens_COA.svg.png"
2087,39.8,39.8,60.2,"Mézières (FR)","C'est non à l'initiative sur la neutralité à Mézières (FR). Les habitants ont refusé le texte à 60,2 pour cent.","https://thumb.wikimedia.org/wikipedia/commons/thumb/c/c2/M%C3%A9zi%C3%A8res_FR-2004-coat_of_arms.svg/500px-M%C3%A9zi%C3%A8res_FR-2004-coat_of_arms.svg.png"
2096,31.2,31.2,68.8,"Romont (FR)","A Romont (FR), les citoyens rejettent à 68,8 pour cent l'initiative sur la neutralité.","https://thumb.wikimedia.org/wikipedia/commons/thumb/0/04/CHE_Romont_FR_COA.svg/500px-CHE_Romont_FR_COA.svg.png"
2097,40.4,40.4,59.6,"Rue (FR)","L'initiative sur la neutralité n'a pas convaincu à Rue. Les citoyens de la commune ont refusé le texte à 59,6 pour cent.","https://thumb.wikimedia.org/wikipedia/commons/thumb/9/90/CHE_Rue_COA.svg/500px-CHE_Rue_COA.svg.png"
2099,38.9,38.9,61.1,"Siviriez (FR)","L'initiative sur la neutralité n'a pas trouvé grâce aux yeux des citoyens de Siviriez. Ils ont refusé le texte à 61,1 pour cent.","https://thumb.wikimedia.org/wikipedia/commons/thumb/0/0b/CHE_Siviriez_COA.svg/960px-CHE_Siviriez_COA.svg.png"
2102,36.4,36.4,63.6,"Ursy (FR)","La population d'Ursy rejette à 63,6 pour cent des voix l'initiative sur la neutralité.","https://thumb.wikimedia.org/wikipedia/commons/thumb/b/b0/CHE_Ursy_COA.svg/960px-CHE_Ursy_COA.svg.png"
2113,39.9,39.9,60.1,"Vuisternens-devant-Romont (FR)","L'initiative sur la neutralité n'a pas convaincu à Vuisternens-devant-Romont. Les citoyens de la commune ont refusé le texte à 60,1 pour cent.","https://thumb.wikimedia.org/wikipedia/commons/thumb/2/22/CHE_Vuisternens-devant-Romont_COA.svg/250px-CHE_Vuisternens-devant-Romont_COA.svg.png"
2114,40.1,40.1,59.9,"Villorsonnens (FR)","L'initiative sur la neutralité n'a pas convaincu à Villorsonnens. Les citoyens de la commune ont refusé le texte à 59,9 pour cent.","https://thumb.wikimedia.org/wikipedia/commons/thumb/9/92/CHE_Villorsonnens_COA.svg/500px-CHE_Villorsonnens_COA.svg.png"
2115,30.3,30.3,69.7,"Torny (FR)","La population de Torny rejette à 69,7 pour cent des voix l'initiative sur la neutralité.","https://thumb.wikimedia.org/wikipedia/commons/thumb/c/c6/Torny-coat_of_arms.svg/500px-Torny-coat_of_arms.svg.png"
2117,33,33,67,"Villaz (FR)","L'initiative sur la neutralité n'a pas convaincu à Villaz. Les citoyens de la commune ont refusé le texte à 67 pour cent.","https://thumb.wikimedia.org/wikipedia/commons/thumb/1/11/CHE_Villaz_FR_COA.svg/500px-CHE_Villaz_FR_COA.svg.png"
2121,36.6,36.6,63.4,"Haut-Intyamon (FR)","L'initiative sur la neutralité est refusée à 63,4 pour cent à Haut-Intyamon.","https://thumb.wikimedia.org/wikipedia/commons/thumb/8/8c/Haut-Intyamon-coat_of_arms.svg/500px-Haut-Intyamon-coat_of_arms.svg.png"
2122,30.6,30.6,69.4,"Pont-en-Ogoz (FR)","Les habitants de Pont-en-Ogoz s'opposent à l'initiative sur la neutralité par 69,4 pour cent des voix.","https://thumb.wikimedia.org/wikipedia/commons/thumb/b/bf/Blason_ville_ch_Pont-en-Ogoz.svg/960px-Blason_ville_ch_Pont-en-Ogoz.svg.png"
2123,43,43,57,"Botterens (FR)","L'initiative sur la neutralité est refusée à 57 pour cent à Botterens.","https://thumb.wikimedia.org/wikipedia/commons/thumb/1/17/CHE_Botterens_COA.svg/960px-CHE_Botterens_COA.svg.png"
2124,25.8,25.8,74.2,"Broc (FR)","Les habitants de Broc s'opposent à l'initiative sur la neutralité par 74,2 pour cent des voix.","https://thumb.wikimedia.org/wikipedia/commons/thumb/c/c5/CHE_Broc_COA.svg/500px-CHE_Broc_COA.svg.png"
2125,29.8,29.8,70.2,"Bulle (FR)","L'initiative sur la neutralité n'a pas convaincu à Bulle. Les citoyens de la commune ont refusé le texte à 70,2 pour cent.","https://thumb.wikimedia.org/wikipedia/commons/thumb/c/c0/CHE_Bulle_COA.svg/500px-CHE_Bulle_COA.svg.png"
2128,46.6,46.6,53.4,"Châtel-sur-Montsalvens (FR)","C'est non à l'initiative sur la neutralité à Châtel-sur-Montsalvens. Les habitants ont refusé le texte à 53,4 pour cent.","https://thumb.wikimedia.org/wikipedia/commons/thumb/2/2f/CHE_Ch%C3%A2tel-sur-Montsalvens_COA.svg/500px-CHE_Ch%C3%A2tel-sur-Montsalvens_COA.svg.png"
2129,41.5,41.5,58.5,"Corbières (FR)","L'initiative sur la neutralité n'a pas trouvé grâce aux yeux des citoyens de Corbières. Ils ont refusé le texte à 58,5 pour cent.","https://thumb.wikimedia.org/wikipedia/commons/thumb/d/d9/CHE_Corbi%C3%A8res_COA.svg/960px-CHE_Corbi%C3%A8res_COA.svg.png"
2130,37.7,37.7,62.3,"Crésuz (FR)","Les habitants de Crésuz s'opposent à l'initiative sur la neutralité par 62,3 pour cent des voix.","https://thumb.wikimedia.org/wikipedia/commons/thumb/1/12/Cr%C3%A9suz-coat_of_arms.svg/500px-Cr%C3%A9suz-coat_of_arms.svg.png"
2131,29.9,29.9,70.1,"Echarlens (FR)","A Echarlens, les citoyens rejettent à 70,1 pour cent l'initiative sur la neutralité.","https://thumb.wikimedia.org/wikipedia/commons/thumb/f/f9/CHE_Echarlens_COA.svg/960px-CHE_Echarlens_COA.svg.png"
2134,35.1,35.1,64.9,"Grandvillard (FR)","L'initiative sur la neutralité n'a pas trouvé grâce aux yeux des citoyens de Grandvillard. Ils ont refusé le texte à 64,9 pour cent.","https://thumb.wikimedia.org/wikipedia/commons/thumb/4/47/Grandvillard-coat_of_arms.svg/500px-Grandvillard-coat_of_arms.svg.png"
2135,34.6,34.6,65.4,"Gruyères (FR)","C'est non à l'initiative sur la neutralité à Gruyères. Les habitants ont refusé le texte à 65,4 pour cent.","https://thumb.wikimedia.org/wikipedia/commons/thumb/5/52/CHE_Gruy%C3%A8res_COA.svg/500px-CHE_Gruy%C3%A8res_COA.svg.png"
2137,39.5,39.5,60.5,"Hauteville (FR)","Les habitants de Hauteville s'opposent à l'initiative sur la neutralité par 60,5 pour cent des voix.","https://thumb.wikimedia.org/wikipedia/commons/thumb/d/d2/Hauteville-coat_of_arms.svg/500px-Hauteville-coat_of_arms.svg.png"
2138,60.8,60.8,39.2,"Bellegarde (FR)","A Bellegarde, les habitants disent oui à 60,8 pour cent à l'initiative sur la neutralité.","https://thumb.wikimedia.org/wikipedia/commons/thumb/5/55/Wappen_Jaun.svg/500px-Wappen_Jaun.svg.png"
2140,26.4,26.4,73.6,"Marsens (FR)","L'initiative sur la neutralité n'a pas trouvé grâce aux yeux des citoyens de Marsens. Ils ont refusé le texte à 73,6 pour cent.","https://thumb.wikimedia.org/wikipedia/commons/thumb/9/94/CHE_Marsens_COA.svg/250px-CHE_Marsens_COA.svg.png"
2143,23,23,77,"Morlon (FR)","La population de Morlon rejette à 77 pour cent des voix l'initiative sur la neutralité.","https://thumb.wikimedia.org/wikipedia/commons/thumb/0/00/Morlon-coat_of_arms.svg/500px-Morlon-coat_of_arms.svg.png"
2145,34.3,34.3,65.7,"Le Pâquier (FR)","Les habitants du Pâquier (FR) s'opposent à l'initiative sur la neutralité par 65,7 pour cent des voix.","https://thumb.wikimedia.org/wikipedia/commons/thumb/c/c7/CHE_Le_P%C3%A2quier_COA.svg/500px-CHE_Le_P%C3%A2quier_COA.svg.png"
2147,27.7,27.7,72.3,"Pont-la-Ville (FR)","L'initiative sur la neutralité est refusée à 72,3 pour cent à Pont-la-Ville.","https://thumb.wikimedia.org/wikipedia/commons/thumb/0/01/Wappen_Freiburg_matt.svg/500px-Wappen_Freiburg_matt.svg.png"
2148,31.2,31.2,68.8,"Riaz (FR)","L'initiative sur la neutralité n'a pas trouvé grâce aux yeux des citoyens de Riaz. Ils ont refusé le texte à 68,8 pour cent.","https://thumb.wikimedia.org/wikipedia/commons/thumb/f/f6/Riaz-coat_of_arms.svg/500px-Riaz-coat_of_arms.svg.png"
2149,42.2,42.2,57.8,"La Roche (FR)","C'est non à l'initiative sur la neutralité à La Roche. Les habitants ont refusé le texte à 57,8 pour cent.","https://thumb.wikimedia.org/wikipedia/commons/thumb/e/ef/La_Roche-coat_of_arms.svg/500px-La_Roche-coat_of_arms.svg.png"
2152,31,31,69,"Sâles (FR)","A Sâles, les citoyens rejettent à 69 pour cent l'initiative sur la neutralité.","https://upload.wikimedia.org/wikipedia/commons/3/39/S%C3%A2les_Blason.png"
2153,37.2,37.2,62.8,"Sorens (FR)","L'initiative sur la neutralité n'a pas convaincu à Sorens. Les citoyens de la commune ont refusé le texte à 62,8 pour cent.","https://thumb.wikimedia.org/wikipedia/commons/thumb/8/8e/Sorens-coat_of_arms.svg/500px-Sorens-coat_of_arms.svg.png"
2155,31.7,31.7,68.3,"Vaulruz (FR)","Les habitants de Vaulruz s'opposent à l'initiative sur la neutralité par 68,3 pour cent des voix.","https://thumb.wikimedia.org/wikipedia/commons/thumb/a/ab/Vaulruz-coat_of_arms.svg/500px-Vaulruz-coat_of_arms.svg.png"
2160,28.2,28.2,71.8,"Vuadens (FR)","A Vuadens, les citoyens rejettent à 71,8 pour cent l'initiative sur la neutralité.","https://thumb.wikimedia.org/wikipedia/commons/thumb/0/0a/Vuadens-coat_of_arms.svg/500px-Vuadens-coat_of_arms.svg.png"
2162,35.5,35.5,64.5,"Bas-Intyamon (FR)","C'est non à l'initiative sur la neutralité à Bas-Intyamon. Les habitants ont refusé le texte à 64,5 pour cent.","https://thumb.wikimedia.org/wikipedia/commons/thumb/1/14/CHE_Bas-Intyamon_COA.svg/500px-CHE_Bas-Intyamon_COA.svg.png"
2163,38.5,38.5,61.5,"Val-de-Charmey (FR)","La population de Val-de-Charmey rejette à 61,5 pour cent des voix l'initiative sur la neutralité.","https://upload.wikimedia.org/wikipedia/commons/5/52/Val-de-Charmey_Blason.png"
2173,32.2,32.2,67.8,"Autigny (FR)","A Autigny, les citoyens rejettent à 67,8 pour cent l'initiative sur la neutralité.","https://thumb.wikimedia.org/wikipedia/commons/thumb/a/ad/CHE_Autigny_COA.svg/960px-CHE_Autigny_COA.svg.png"
2174,25.8,25.8,74.2,"Avry (FR)","C'est non à l'initiative sur la neutralité à Avry. Les habitants ont refusé le texte à 74,2 pour cent.","https://thumb.wikimedia.org/wikipedia/commons/thumb/1/11/CHE_Avry_COA.svg/500px-CHE_Avry_COA.svg.png"
2175,24.5,24.5,75.5,"Belfaux (FR)","L'initiative sur la neutralité est refusée à 75,5 pour cent à Belfaux.","https://thumb.wikimedia.org/wikipedia/commons/thumb/b/b2/CHE_Belfaux_COA.svg/500px-CHE_Belfaux_COA.svg.png"
2177,29.5,29.5,70.5,"Chénens (FR)","L'initiative sur la neutralité n'a pas trouvé grâce aux yeux des citoyens de Chénens. Ils ont refusé le texte à 70,5 pour cent.","https://thumb.wikimedia.org/wikipedia/commons/thumb/e/e2/CHE_Ch%C3%A9nens_COA.svg/960px-CHE_Ch%C3%A9nens_COA.svg.png"
2183,21.8,21.8,78.2,"Corminboeuf (FR)","Les habitants de Corminboeuf s'opposent à l'initiative sur la neutralité par 78,2 pour cent des voix.","https://thumb.wikimedia.org/wikipedia/commons/thumb/0/0f/CHE_Corminboeuf_COA.svg/500px-CHE_Corminboeuf_COA.svg.png"
2186,26.7,26.7,73.3,"Cottens (FR)","Les habitants de Cottens (FR) s'opposent à l'initiative sur la neutralité par 73,3 pour cent des voix.","https://thumb.wikimedia.org/wikipedia/commons/thumb/f/fd/CHE_Cottens_FR_COA.svg/960px-CHE_Cottens_FR_COA.svg.png"
2194,46.5,46.5,53.5,"Ferpicloz (FR)","L'initiative sur la neutralité ne passe pas la rampe à Ferpicloz. Les habitants de cette petite commune l'ont rejetée par 38 voix, contre 33.","https://thumb.wikimedia.org/wikipedia/commons/thumb/1/1b/Ferpicloz-coat_of_arms.svg/500px-Ferpicloz-coat_of_arms.svg.png"
2196,19.9,19.9,80.1,"Fribourg (FR)","Les habitants de Fribourg s'opposent à l'initiative sur la neutralité par 80,1 pour cent des voix.","https://thumb.wikimedia.org/wikipedia/commons/thumb/3/34/CHE_District_de_la_Sarine_COA.svg/500px-CHE_District_de_la_Sarine_COA.svg.png"
2197,22.5,22.5,77.5,"Givisiez (FR)","L'initiative sur la neutralité n'a pas trouvé grâce aux yeux des citoyens de Givisiez. Ils ont refusé le texte à 77,5 pour cent.","https://thumb.wikimedia.org/wikipedia/commons/thumb/4/47/CHE_Givisiez_COA.svg/500px-CHE_Givisiez_COA.svg.png"
2198,31.5,31.5,68.5,"Granges-Paccot (FR)","A Granges-Paccot, les citoyens rejettent à 68,5 pour cent l'initiative sur la neutralité.","https://thumb.wikimedia.org/wikipedia/commons/thumb/0/01/Granges-Paccot-coat_of_arms.svg/500px-Granges-Paccot-coat_of_arms.svg.png"
2206,22.7,22.7,77.3,"Marly (FR)","A Marly, les citoyens rejettent à 77,3 pour cent l'initiative sur la neutralité.","https://thumb.wikimedia.org/wikipedia/commons/thumb/1/14/CHE_Marly_FR_COA.svg/960px-CHE_Marly_FR_COA.svg.png"
2208,27.9,27.9,72.1,"Matran (FR)","L'initiative sur la neutralité est refusée à 72,1 pour cent à Matran.","https://thumb.wikimedia.org/wikipedia/commons/thumb/d/d0/CHE_Matran_COA.svg/500px-CHE_Matran_COA.svg.png"
2211,22.2,22.2,77.8,"Neyruz (FR)","L'initiative sur la neutralité n'a pas convaincu à Neyruz (FR). Les citoyens de la commune ont refusé le texte à 77,8 pour cent.","https://thumb.wikimedia.org/wikipedia/commons/thumb/9/9a/Neyruz-coat_of_arms.svg/500px-Neyruz-coat_of_arms.svg.png"
2216,35,35,65,"Pierrafortscha (FR)","L'initiative sur la neutralité ne passe pas la rampe à Pierrafortscha. Les habitants de cette petite commune l'ont rejetée par 39 voix, contre 21.","https://thumb.wikimedia.org/wikipedia/commons/thumb/9/9b/Pierrafortscha-coat_of_arms.svg/500px-Pierrafortscha-coat_of_arms.svg.png"
2220,36.9,36.9,63.1,"Le Mouret (FR)","La population du Mouret rejette à 63,1 pour cent des voix l'initiative sur la neutralité.","https://upload.wikimedia.org/wikipedia/commons/c/ce/GW-FR-Le-Mouret.png"
2226,29.9,29.9,70.1,"Treyvaux (FR)","Les habitants de Treyvaux s'opposent à l'initiative sur la neutralité par 70,1 pour cent des voix.","https://thumb.wikimedia.org/wikipedia/commons/thumb/0/0a/Treyvaux-coat_of_arms.svg/500px-Treyvaux-coat_of_arms.svg.png"
2228,21.6,21.6,78.4,"Villars-sur-Glâne (FR)","A Villars-sur-Glâne, les citoyens rejettent à 78,4 pour cent l'initiative sur la neutralité.","https://thumb.wikimedia.org/wikipedia/commons/thumb/f/f6/CHE_Villars-sur-Gl%C3%A2ne_COA.svg/500px-CHE_Villars-sur-Gl%C3%A2ne_COA.svg.png"
2230,56.7,56.7,43.3,"Villarsel-sur-Marly (FR)","L'initiative sur la neutralité est validée à Villarsel-sur-Marly. Les citoyens de cette petite commune sont 17 à soutenir le texte, contre 13 à le refuser.","https://thumb.wikimedia.org/wikipedia/commons/thumb/2/24/Villarsel-sur-Marly-coat_of_arms.svg/500px-Villarsel-sur-Marly-coat_of_arms.svg.png"
2233,25.4,25.4,74.6,"Hauterive (FR)","Les habitants de Hauterive (FR) s'opposent à l'initiative sur la neutralité par 74,6 pour cent des voix.","https://thumb.wikimedia.org/wikipedia/commons/thumb/b/b2/Hauterive-FR-coat_of_arms.svg/500px-Hauterive-FR-coat_of_arms.svg.png"
2234,23.7,23.7,76.3,"La Brillaz (FR)","Les habitants de La Brillaz s'opposent à l'initiative sur la neutralité par 76,3 pour cent des voix.","https://thumb.wikimedia.org/wikipedia/commons/thumb/3/30/CHE_La_Brillaz_COA.svg/960px-CHE_La_Brillaz_COA.svg.png"
2235,29.8,29.8,70.2,"La Sonnaz (FR)","L'initiative sur la neutralité est refusée à 70,2 pour cent à La Sonnaz.","https://thumb.wikimedia.org/wikipedia/commons/thumb/e/e1/La_Sonnaz-coat_of_arms.svg/500px-La_Sonnaz-coat_of_arms.svg.png"
2236,50,0,0,"Gibloux (FR)","Les résultats ne sont pas encore connus dans cette commune.","https://thumb.wikimedia.org/wikipedia/commons/thumb/5/56/CHE_Gibloux_COA.svg/500px-CHE_Gibloux_COA.svg.png"
2237,25.1,25.1,74.9,"Prez (FR)","C'est non à l'initiative sur la neutralité à Prez. Les habitants ont refusé le texte à 74,9 pour cent.","https://thumb.wikimedia.org/wikipedia/commons/thumb/a/a1/CHE_Prez_COA.svg/500px-CHE_Prez_COA.svg.png"
2238,27.8,27.8,72.2,"Bois-d'Amont (FR)","Les habitants de Bois-d'Amont s'opposent à l'initiative sur la neutralité par 72,2 pour cent des voix.","https://thumb.wikimedia.org/wikipedia/commons/thumb/5/55/Bois-d%E2%80%99Amont-blazon.svg/250px-Bois-d%E2%80%99Amont-blazon.svg.png"
2239,33.2,33.2,66.8,"Grolley-Ponthaux (FR)","C'est non à l'initiative sur la neutralité à Grolley-Ponthaux. Les habitants ont refusé le texte à 66,8 pour cent.","https://thumb.wikimedia.org/wikipedia/commons/thumb/9/97/CHE_Grolley-Ponthaux_COA.svg/960px-CHE_Grolley-Ponthaux_COA.svg.png"
2250,26.8,26.8,73.2,"Courgevaux (FR)","L'initiative sur la neutralité n'a pas convaincu à Courgevaux. Les citoyens de la commune ont refusé le texte à 73,2 pour cent.","https://thumb.wikimedia.org/wikipedia/commons/thumb/e/e5/CHE_Courgevaux_FR_COA.svg/500px-CHE_Courgevaux_FR_COA.svg.png"
2254,35.6,35.6,64.4,"Courtepin (FR)","C'est non à l'initiative sur la neutralité à Courtepin. Les habitants ont refusé le texte à 64,4 pour cent.","https://thumb.wikimedia.org/wikipedia/commons/thumb/f/f1/Courtepin2-coat_of_arms.svg/960px-Courtepin2-coat_of_arms.svg.png"
2257,25.7,25.7,74.3,"Cressier (FR)","Les habitants de Cressier (FR) s'opposent à l'initiative sur la neutralité par 74,3 pour cent des voix.","https://thumb.wikimedia.org/wikipedia/commons/thumb/1/17/CHE_Cressier_FR_COA.svg/500px-CHE_Cressier_FR_COA.svg.png"
2258,25,25,75,"Fräschels (FR)","L'initiative sur la neutralité est refusée à 75 pour cent à Fräschels.","https://thumb.wikimedia.org/wikipedia/commons/thumb/7/74/CHE_Fr%C3%A4schels_COA.svg/500px-CHE_Fr%C3%A4schels_COA.svg.png"
2261,26.5,26.5,73.5,"Greng (FR)","L'initiative sur la neutralité ne passe pas la rampe à Greng. Les habitants de cette petite commune l'ont rejetée par 61 voix, contre 22.","https://thumb.wikimedia.org/wikipedia/commons/thumb/4/4e/Wappen_Greng.svg/500px-Wappen_Greng.svg.png"
2262,28.5,28.5,71.5,"Cormondes (FR)","C'est non à l'initiative sur la neutralité à Cormondes. Les habitants ont refusé le texte à 71,5 pour cent.","https://thumb.wikimedia.org/wikipedia/commons/thumb/1/16/Gurmels-coat_of_arms.svg/500px-Gurmels-coat_of_arms.svg.png"
2265,25.1,25.1,74.9,"Chiètres (FR)","L'initiative sur la neutralité est refusée à 74,9 pour cent à Chiètres (FR).","https://thumb.wikimedia.org/wikipedia/commons/thumb/6/62/CHE_Kerzers_COA.svg/960px-CHE_Kerzers_COA.svg.png"
2266,26.3,26.3,73.7,"Kleinbösingen (FR)","L'initiative sur la neutralité est refusée à 73,7 pour cent à Kleinbösingen.","https://thumb.wikimedia.org/wikipedia/commons/thumb/1/1f/Kleinb%C3%B6singen-coat_of_arms.svg/500px-Kleinb%C3%B6singen-coat_of_arms.svg.png"
2271,16.2,16.2,83.8,"Meyriez (FR)","La population de Meyriez rejette à 83,8 pour cent des voix l'initiative sur la neutralité.","https://thumb.wikimedia.org/wikipedia/commons/thumb/4/40/CHE_Meyriez_COA.svg/960px-CHE_Meyriez_COA.svg.png"
2272,32,32,68,"Misery-Courtion (FR)","A Misery-Courtion, les citoyens rejettent à 68 pour cent l'initiative sur la neutralité.","https://thumb.wikimedia.org/wikipedia/commons/thumb/d/d1/Misery-Courtion-coat_of_arms.svg/500px-Misery-Courtion-coat_of_arms.svg.png"
2274,20.1,20.1,79.9,"Montilier (FR)","C'est non à l'initiative sur la neutralité à Montilier. Les habitants ont refusé le texte à 79,9 pour cent.","https://thumb.wikimedia.org/wikipedia/commons/thumb/9/9c/Muntelier-coat_of_arms.svg/500px-Muntelier-coat_of_arms.svg.png"
2275,25.2,25.2,74.8,"Morat (FR)","L'initiative sur la neutralité est refusée à 74,8 pour cent à Morat.","https://thumb.wikimedia.org/wikipedia/commons/thumb/e/e9/CHE_Murten_FR_COA.svg/500px-CHE_Murten_FR_COA.svg.png"
2276,28.6,28.6,71.4,"Ried bei Kerzers (FR)","L'initiative sur la neutralité est refusée à 71,4 pour cent à Ried bei Kerzers.","https://thumb.wikimedia.org/wikipedia/commons/thumb/1/17/CHE_Ried_bei_Kerzers_COA.svg/500px-CHE_Ried_bei_Kerzers_COA.svg.png"
2284,24.1,24.1,75.9,"Mont-Vully (FR)","A Mont-Vully, les citoyens rejettent à 75,9 pour cent l'initiative sur la neutralité.","https://thumb.wikimedia.org/wikipedia/commons/thumb/f/fd/CHE_Mont-Vully_COA.svg/500px-CHE_Mont-Vully_COA.svg.png"
2292,29.1,29.1,70.9,"Brünisried (FR)","L'initiative sur la neutralité est refusée à 70,9 pour cent à Brünisried.","https://thumb.wikimedia.org/wikipedia/commons/thumb/5/54/CHE_Br%C3%BCnisried_COA.svg/960px-CHE_Br%C3%BCnisried_COA.svg.png"
2293,23.7,23.7,76.3,"Guin (FR)","L'initiative sur la neutralité n'a pas trouvé grâce aux yeux des citoyens de Guin. Ils ont refusé le texte à 76,3 pour cent.","https://thumb.wikimedia.org/wikipedia/commons/thumb/8/8f/CHE_D%C3%BCdingen_COA.svg/960px-CHE_D%C3%BCdingen_COA.svg.png"
2294,30.2,30.2,69.8,"Chevrilles (FR)","C'est non à l'initiative sur la neutralité à Chevrilles. Les habitants ont refusé le texte à 69,8 pour cent.","https://thumb.wikimedia.org/wikipedia/commons/thumb/c/ca/CHE_Giffers_COA_Var.svg/500px-CHE_Giffers_COA_Var.svg.png"
2295,22.9,22.9,77.1,"Bösingen (FR)","La population de Bösingen rejette à 77,1 pour cent des voix l'initiative sur la neutralité.","https://thumb.wikimedia.org/wikipedia/commons/thumb/f/fc/CHE_B%C3%B6singen_COA.svg/960px-CHE_B%C3%B6singen_COA.svg.png"
2296,26,26,74,"Heitenried (FR)","A Heitenried, les citoyens rejettent à 74 pour cent l'initiative sur la neutralité.","https://thumb.wikimedia.org/wikipedia/commons/thumb/d/d4/CHE_Heitenried_COA.svg/500px-CHE_Heitenried_COA.svg.png"
2299,36.5,36.5,63.5,"Planfayon (FR)","C'est non à l'initiative sur la neutralité à Planfayon. Les habitants ont refusé le texte à 63,5 pour cent.","https://thumb.wikimedia.org/wikipedia/commons/thumb/5/55/CHE_Plaffeien_COA.svg/250px-CHE_Plaffeien_COA.svg.png"
2300,35.4,35.4,64.6,"Plasselb (FR)","Les habitants de Plasselb s'opposent à l'initiative sur la neutralité par 64,6 pour cent des voix.","https://thumb.wikimedia.org/wikipedia/commons/thumb/a/aa/CHE_Plasselb_COA_02.svg/500px-CHE_Plasselb_COA_02.svg.png"
2301,34.2,34.2,65.8,"Dirlaret (FR)","C'est non à l'initiative sur la neutralité à Dirlaret. Les habitants ont refusé le texte à 65,8 pour cent.","https://thumb.wikimedia.org/wikipedia/commons/thumb/b/b4/CHE_Rechthalten_COA.svg/960px-CHE_Rechthalten_COA.svg.png"
2303,50.3,50.3,49.7,"Saint-Silvestre (FR)","La population de Saint-Silvestre approuve à 50,3 pour cent l'initiative sur la neutralité.","https://thumb.wikimedia.org/wikipedia/commons/thumb/a/a7/St._Silvester-coat_of_arms.svg/500px-St._Silvester-coat_of_arms.svg.png"
2304,27.8,27.8,72.2,"Saint-Ours (FR)","L'initiative sur la neutralité n'a pas trouvé grâce aux yeux des citoyens de Saint-Ours. Ils ont refusé le texte à 72,2 pour cent.","https://thumb.wikimedia.org/wikipedia/commons/thumb/9/94/St._Ursen-coat_of_arms.svg/500px-St._Ursen-coat_of_arms.svg.png"
2305,23.9,23.9,76.1,"Schmitten (FR)","Les habitants de Schmitten (FR) s'opposent à l'initiative sur la neutralité par 76,1 pour cent des voix.","https://thumb.wikimedia.org/wikipedia/commons/thumb/4/4d/CHE_Schmitten_FR_COA.svg/500px-CHE_Schmitten_FR_COA.svg.png"
2306,27,27,73,"Tavel (FR)","C'est non à l'initiative sur la neutralité à Tavel. Les habitants ont refusé le texte à 73 pour cent.","https://thumb.wikimedia.org/wikipedia/commons/thumb/1/16/CHE_Tafers_COA.svg/500px-CHE_Tafers_COA.svg.png"
2307,31,31,69,"Tinterin (FR)","Les habitants de Tinterin s'opposent à l'initiative sur la neutralité par 69 pour cent des voix.","https://thumb.wikimedia.org/wikipedia/commons/thumb/2/28/Tentlingen-coat_of_arms.svg/500px-Tentlingen-coat_of_arms.svg.png"
2308,26.5,26.5,73.5,"Ueberstorf (FR)","A Ueberstorf, les citoyens rejettent à 73,5 pour cent l'initiative sur la neutralité.","https://thumb.wikimedia.org/wikipedia/commons/thumb/2/20/Ueberstorf-blason.png/500px-Ueberstorf-blason.png"
2309,24.8,24.8,75.2,"Wünnewil-Flamatt (FR)","L'initiative sur la neutralité n'a pas trouvé grâce aux yeux des citoyens de Wünnewil-Flamatt. Ils ont refusé le texte à 75,2 pour cent.","https://thumb.wikimedia.org/wikipedia/commons/thumb/c/c0/CHE_W%C3%BCnnewil-Flamatt_COA.svg/960px-CHE_W%C3%BCnnewil-Flamatt_COA.svg.png"
2321,29.3,29.3,70.7,"Attalens (FR)","L'initiative sur la neutralité n'a pas trouvé grâce aux yeux des citoyens d'Attalens. Ils ont refusé le texte à 70,7 pour cent.","https://thumb.wikimedia.org/wikipedia/commons/thumb/f/ff/CHE_Attalens_COA.svg/500px-CHE_Attalens_COA.svg.png"
2323,29.3,29.3,70.7,"Bossonnens (FR)","L'initiative sur la neutralité n'a pas convaincu à Bossonnens. Les citoyens de la commune ont refusé le texte à 70,7 pour cent.","https://thumb.wikimedia.org/wikipedia/commons/thumb/9/96/CHE_Bossonnens_COA.svg/250px-CHE_Bossonnens_COA.svg.png"
2325,50,0,0,"Châtel-Saint-Denis (FR)","Les résultats ne sont pas encore connus dans cette commune.","https://thumb.wikimedia.org/wikipedia/commons/thumb/f/fb/CHE_Ch%C3%A2tel-Saint-Denis_COA.svg/500px-CHE_Ch%C3%A2tel-Saint-Denis_COA.svg.png"
2328,23.8,23.8,76.2,"Granges (Veveyse) (FR)","A Granges (Veveyse), les citoyens rejettent à 76,2 pour cent l'initiative sur la neutralité.","https://thumb.wikimedia.org/wikipedia/commons/thumb/8/8b/Granges-coat_of_arms.svg/500px-Granges-coat_of_arms.svg.png"
2333,30.3,30.3,69.7,"Remaufens (FR)","C'est non à l'initiative sur la neutralité à Remaufens. Les habitants ont refusé le texte à 69,7 pour cent.","https://thumb.wikimedia.org/wikipedia/commons/thumb/1/15/CHE_Remaufens_COA.svg/500px-CHE_Remaufens_COA.svg.png"
2335,37.6,37.6,62.4,"Saint-Martin (FR)","L'initiative sur la neutralité n'a pas trouvé grâce aux yeux des citoyens de Saint-Martin (FR). Ils ont refusé le texte à 62,4 pour cent.","https://upload.wikimedia.org/wikipedia/commons/b/b6/Besencens-Wappen.png"
2336,35,35,65,"Semsales (FR)","L'initiative sur la neutralité n'a pas convaincu à Semsales. Les citoyens de la commune ont refusé le texte à 65 pour cent.","https://thumb.wikimedia.org/wikipedia/commons/thumb/e/e8/CHE_Semsales_COA.svg/960px-CHE_Semsales_COA.svg.png"
2337,36.3,36.3,63.7,"Le Flon (FR)","La population du Flon rejette à 63,7 pour cent des voix l'initiative sur la neutralité.","https://thumb.wikimedia.org/wikipedia/commons/thumb/9/9e/Le_Flon-coat_of_arms.svg/500px-Le_Flon-coat_of_arms.svg.png"
2338,35,35,65,"La Verrerie (FR)","Les habitants de La Verrerie s'opposent à l'initiative sur la neutralité par 65 pour cent des voix.","https://thumb.wikimedia.org/wikipedia/commons/thumb/7/71/La_Verrerie-coat_of_arms.svg/500px-La_Verrerie-coat_of_arms.svg.png"
2401,33.4,33.4,66.6,"Egerkingen (SO)","L'initiative sur la neutralité est refusée à 66,6 pour cent à Egerkingen.","https://thumb.wikimedia.org/wikipedia/commons/thumb/f/f7/Egerkingen-blazon.svg/250px-Egerkingen-blazon.svg.png"
2402,36.5,36.5,63.5,"Härkingen (SO)","A Härkingen, les citoyens rejettent à 63,5 pour cent l'initiative sur la neutralité.","https://thumb.wikimedia.org/wikipedia/commons/thumb/7/7f/CHE_H%C3%A4rkingen_COA.svg/960px-CHE_H%C3%A4rkingen_COA.svg.png"
2403,25.4,25.4,74.6,"Kestenholz (SO)","L'initiative sur la neutralité n'a pas convaincu à Kestenholz. Les citoyens de la commune ont refusé le texte à 74,6 pour cent.","https://thumb.wikimedia.org/wikipedia/commons/thumb/b/b0/CHE_Kestenholz_COA.svg/960px-CHE_Kestenholz_COA.svg.png"
2404,29.6,29.6,70.4,"Neuendorf (SO)","La population de Neuendorf rejette à 70,4 pour cent des voix l'initiative sur la neutralité.","https://thumb.wikimedia.org/wikipedia/commons/thumb/d/d8/Neuendorf_SO-blazon.svg/250px-Neuendorf_SO-blazon.svg.png"
2405,34.6,34.6,65.4,"Niederbuchsiten (SO)","C'est non à l'initiative sur la neutralité à Niederbuchsiten. Les habitants ont refusé le texte à 65,4 pour cent.","https://thumb.wikimedia.org/wikipedia/commons/thumb/4/41/Niederbuchsiten-blazon.svg/250px-Niederbuchsiten-blazon.svg.png"
2406,35.1,35.1,64.9,"Oberbuchsiten (SO)","C'est non à l'initiative sur la neutralité à Oberbuchsiten. Les habitants ont refusé le texte à 64,9 pour cent.","https://thumb.wikimedia.org/wikipedia/commons/thumb/b/b8/Oberbuchsiten-blazon.svg/250px-Oberbuchsiten-blazon.svg.png"
2407,50,0,0,"Oensingen (SO)","Les résultats ne sont pas encore connus dans cette commune.","https://thumb.wikimedia.org/wikipedia/commons/thumb/f/fc/Oensingen-blazon.svg/250px-Oensingen-blazon.svg.png"
2408,27.3,27.3,72.7,"Wolfwil (SO)","L'initiative sur la neutralité est refusée à 72,7 pour cent à Wolfwil.","https://thumb.wikimedia.org/wikipedia/commons/thumb/8/8d/Wolfwil-blason.svg/960px-Wolfwil-blason.svg.png"
2421,36.1,36.1,63.9,"Aedermannsdorf (SO)","La population d'Aedermannsdorf rejette à 63,9 pour cent des voix l'initiative sur la neutralité.","https://thumb.wikimedia.org/wikipedia/commons/thumb/2/28/Aedermannsdorf-blazon.svg/250px-Aedermannsdorf-blazon.svg.png"
2422,50,0,0,"Balsthal (SO)","Les résultats ne sont pas encore connus dans cette commune.","https://thumb.wikimedia.org/wikipedia/commons/thumb/c/c7/Balsthal-blazon.svg/250px-Balsthal-blazon.svg.png"
2424,33.5,33.5,66.5,"Herbetswil (SO)","L'initiative sur la neutralité n'a pas convaincu à Herbetswil. Les citoyens de la commune ont refusé le texte à 66,5 pour cent.","https://thumb.wikimedia.org/wikipedia/commons/thumb/e/e8/Herbetswil-blazon.svg/250px-Herbetswil-blazon.svg.png"
2425,41,41,59,"Holderbank (SO)","Les habitants de Holderbank (SO) s'opposent à l'initiative sur la neutralité par 59 pour cent des voix.","https://thumb.wikimedia.org/wikipedia/commons/thumb/b/b2/CHE_Holderbank_SO_CHE.svg/500px-CHE_Holderbank_SO_CHE.svg.png"
2426,50,0,0,"Laupersdorf (SO)","Les résultats ne sont pas encore connus dans cette commune.","https://thumb.wikimedia.org/wikipedia/commons/thumb/b/b1/Laupersdorf-blazon.svg/250px-Laupersdorf-blazon.svg.png"
2427,36.6,36.6,63.4,"Matzendorf (SO)","La population de Matzendorf rejette à 63,4 pour cent des voix l'initiative sur la neutralité.","https://thumb.wikimedia.org/wikipedia/commons/thumb/4/44/Matzendorf-blazon.svg/250px-Matzendorf-blazon.svg.png"
2428,39.5,39.5,60.5,"Mümliswil-Ramiswil (SO)","Les habitants de Mümliswil-Ramiswil s'opposent à l'initiative sur la neutralité par 60,5 pour cent des voix.","https://thumb.wikimedia.org/wikipedia/commons/thumb/2/2c/M%C3%BCmliswilRamiswil-blazon.svg/250px-M%C3%BCmliswilRamiswil-blazon.svg.png"
2430,38.4,38.4,61.6,"Welschenrohr-Gänsbrunnen (SO)","L'initiative sur la neutralité n'a pas convaincu à Welschenrohr-Gänsbrunnen. Les citoyens de la commune ont refusé le texte à 61,6 pour cent.","https://thumb.wikimedia.org/wikipedia/commons/thumb/b/b6/Welschenrohr-blazon.svg/250px-Welschenrohr-blazon.svg.png"
2445,33.8,33.8,66.2,"Biezwil (SO)","Les habitants de Biezwil s'opposent à l'initiative sur la neutralité par 66,2 pour cent des voix.","https://thumb.wikimedia.org/wikipedia/commons/thumb/a/a6/Biezwil-blazon.svg/250px-Biezwil-blazon.svg.png"
2455,25.6,25.6,74.4,"Lüterkofen-Ichertswil (SO)","L'initiative sur la neutralité n'a pas convaincu à Lüterkofen-Ichertswil. Les citoyens de la commune ont refusé le texte à 74,4 pour cent.","https://upload.wikimedia.org/wikipedia/commons/3/3f/Lueterkofen-blason.png"
2457,50,0,0,"Messen (SO)","Les résultats ne sont pas encore connus dans cette commune.","https://thumb.wikimedia.org/wikipedia/commons/thumb/9/97/Messen-blazon.svg/250px-Messen-blazon.svg.png"
2461,23.9,23.9,76.1,"Schnottwil (SO)","L'initiative sur la neutralité n'a pas trouvé grâce aux yeux des citoyens de Schnottwil. Ils ont refusé le texte à 76,1 pour cent.","https://upload.wikimedia.org/wikipedia/commons/4/46/Schnottwil-blason.png"
2463,29.2,29.2,70.8,"Unterramsern (SO)","C'est non à l'initiative sur la neutralité à Unterramsern. Les habitants ont refusé le texte à 70,8 pour cent.","https://thumb.wikimedia.org/wikipedia/commons/thumb/f/f9/Unterramsern-blazon.svg/250px-Unterramsern-blazon.svg.png"
2464,23.5,23.5,76.5,"Lüsslingen-Nennigkofen (SO)","La population de Lüsslingen-Nennigkofen rejette à 76,5 pour cent des voix l'initiative sur la neutralité.","https://upload.wikimedia.org/wikipedia/de/6/63/GW-SO-Luesslingen-Nennigkofen.png"
2465,30.1,30.1,69.9,"Buchegg (SO)","C'est non à l'initiative sur la neutralité à Buchegg. Les habitants ont refusé le texte à 69,9 pour cent.","https://thumb.wikimedia.org/wikipedia/commons/thumb/6/65/Buchegg-blazon.svg/250px-Buchegg-blazon.svg.png"
2471,27.9,27.9,72.1,"Bättwil (SO)","La population de Bättwil rejette à 72,1 pour cent des voix l'initiative sur la neutralité.","https://thumb.wikimedia.org/wikipedia/commons/thumb/d/d1/B%C3%A4ttwil-blazon.svg/250px-B%C3%A4ttwil-blazon.svg.png"
2472,32.7,32.7,67.3,"Büren (SO)","L'initiative sur la neutralité est refusée à 67,3 pour cent à Büren (SO).","https://thumb.wikimedia.org/wikipedia/commons/thumb/5/53/B%C3%BCren_SO-blazon.svg/250px-B%C3%BCren_SO-blazon.svg.png"
2473,50,0,0,"Dornach (SO)","Les résultats ne sont pas encore connus dans cette commune.","https://thumb.wikimedia.org/wikipedia/commons/thumb/6/69/CHE_Dornach_SO_COA.svg/250px-CHE_Dornach_SO_COA.svg.png"
2474,35,35,65,"Gempen (SO)","L'initiative sur la neutralité n'a pas convaincu à Gempen. Les citoyens de la commune ont refusé le texte à 65 pour cent.","https://upload.wikimedia.org/wikipedia/commons/6/6b/Gempen-blason.png"
2475,50,0,0,"Hochwald (SO)","Les résultats ne sont pas encore connus dans cette commune.","https://upload.wikimedia.org/wikipedia/commons/9/90/Hochwald-blason.png"
2476,50,0,0,"Hofstetten-Flüh (SO)","Les résultats ne sont pas encore connus dans cette commune.","https://thumb.wikimedia.org/wikipedia/commons/thumb/6/6e/HofstettenFl%C3%BCh-blazon.svg/250px-HofstettenFl%C3%BCh-blazon.svg.png"
2477,28.6,28.6,71.4,"Metzerlen-Mariastein (SO)","L'initiative sur la neutralité est refusée à 71,4 pour cent à Metzerlen-Mariastein.","https://thumb.wikimedia.org/wikipedia/commons/thumb/d/de/Coat_of_arms_of_Metzerlen-Mariastein.svg/250px-Coat_of_arms_of_Metzerlen-Mariastein.svg.png"
2478,28.9,28.9,71.1,"Nuglar-St. Pantaleon (SO)","Les habitants de Nuglar-St. Pantaleon s'opposent à l'initiative sur la neutralité par 71,1 pour cent des voix.","https://thumb.wikimedia.org/wikipedia/commons/thumb/5/55/CHE_Nuglar-St._Pantaleon_COA.svg/500px-CHE_Nuglar-St._Pantaleon_COA.svg.png"
2479,20.3,20.3,79.7,"Rodersdorf (SO)","L'initiative sur la neutralité n'a pas trouvé grâce aux yeux des citoyens de Rodersdorf. Ils ont refusé le texte à 79,7 pour cent.","https://upload.wikimedia.org/wikipedia/commons/0/0d/Rodersdorf-blason.png"
2480,42.9,42.9,57.1,"Seewen (SO)","La population de Seewen rejette à 57,1 pour cent des voix l'initiative sur la neutralité.","https://thumb.wikimedia.org/wikipedia/commons/thumb/8/82/CHE_Seewen_SO_COA.svg/960px-CHE_Seewen_SO_COA.svg.png"
2481,30.8,30.8,69.2,"Witterswil (SO)","L'initiative sur la neutralité est refusée à 69,2 pour cent à Witterswil.","https://upload.wikimedia.org/wikipedia/commons/5/59/Witterswil-blason.png"
2491,24.8,24.8,75.2,"Hauenstein-Ifenthal (SO)","Les habitants de Hauenstein-Ifenthal s'opposent à l'initiative sur la neutralité par 75,2 pour cent des voix.","https://upload.wikimedia.org/wikipedia/commons/c/c3/Hauenstein-Ifenthal-blason.png"
2492,37.7,37.7,62.3,"Kienberg (SO)","La population de Kienberg rejette à 62,3 pour cent des voix l'initiative sur la neutralité.","https://thumb.wikimedia.org/wikipedia/commons/thumb/6/61/Coat_of_arms_of_Kienberg_SO.svg/500px-Coat_of_arms_of_Kienberg_SO.svg.png"
2493,27.7,27.7,72.3,"Lostorf (SO)","C'est non à l'initiative sur la neutralité à Lostorf. Les habitants ont refusé le texte à 72,3 pour cent.","https://upload.wikimedia.org/wikipedia/commons/b/bd/Lostorf-blason.png"
2495,50,0,0,"Niedergösgen (SO)","Les résultats ne sont pas encore connus dans cette commune.","https://thumb.wikimedia.org/wikipedia/commons/thumb/c/ce/CHE_Niederg%C3%B6sgen_COA.svg/500px-CHE_Niederg%C3%B6sgen_COA.svg.png"
2497,50,0,0,"Obergösgen (SO)","Les résultats ne sont pas encore connus dans cette commune.","https://upload.wikimedia.org/wikipedia/commons/1/15/Obergoesgen-blason.png"
2499,35.2,35.2,64.8,"Stüsslingen (SO)","Les habitants de Stüsslingen s'opposent à l'initiative sur la neutralité par 64,8 pour cent des voix.","https://thumb.wikimedia.org/wikipedia/commons/thumb/6/6a/CHE_St%C3%BCsslingen_COA.svg/960px-CHE_St%C3%BCsslingen_COA.svg.png"
2500,50,0,0,"Trimbach (SO)","Les résultats ne sont pas encore connus dans cette commune.","https://upload.wikimedia.org/wikipedia/commons/a/a4/Trimbach-blason.png"
2501,24.8,24.8,75.2,"Winznau (SO)","L'initiative sur la neutralité est refusée à 75,2 pour cent à Winznau.","https://thumb.wikimedia.org/wikipedia/commons/thumb/9/90/Winznau-blazon.svg/250px-Winznau-blazon.svg.png"
2502,21.5,21.5,78.5,"Wisen (SO)","La population de Wisen (SO) rejette à 78,5 pour cent des voix l'initiative sur la neutralité.","https://upload.wikimedia.org/wikipedia/commons/0/0f/Wisen-blason.png"
2503,29.6,29.6,70.4,"Erlinsbach (SO)","La population d'Erlinsbach (SO) rejette à 70,4 pour cent des voix l'initiative sur la neutralité.","https://thumb.wikimedia.org/wikipedia/commons/thumb/2/28/Erlinsbach_SO-blazon.svg/250px-Erlinsbach_SO-blazon.svg.png"
2511,27.7,27.7,72.3,"Aeschi (SO)","Les habitants d'Aeschi (SO) s'opposent à l'initiative sur la neutralité par 72,3 pour cent des voix.","https://thumb.wikimedia.org/wikipedia/commons/thumb/6/6b/Aeschi_SO-blazon.svg/250px-Aeschi_SO-blazon.svg.png"
2513,50,0,0,"Biberist (SO)","Les résultats ne sont pas encore connus dans cette commune.","https://thumb.wikimedia.org/wikipedia/commons/thumb/b/b0/Biberist-blazon.svg/250px-Biberist-blazon.svg.png"
2514,50,0,0,"Bolken (SO)","Les résultats ne sont pas encore connus dans cette commune.","https://thumb.wikimedia.org/wikipedia/commons/thumb/4/43/Bolken-blazon.svg/960px-Bolken-blazon.svg.png"
2516,24.4,24.4,75.6,"Deitingen (SO)","L'initiative sur la neutralité n'a pas trouvé grâce aux yeux des citoyens de Deitingen. Ils ont refusé le texte à 75,6 pour cent.","https://upload.wikimedia.org/wikipedia/commons/9/94/Deitingen-blason.png"
2517,50,0,0,"Derendingen (SO)","Les résultats ne sont pas encore connus dans cette commune.","https://thumb.wikimedia.org/wikipedia/commons/thumb/3/31/Derendingen-blazon.svg/250px-Derendingen-blazon.svg.png"
2518,27.8,27.8,72.2,"Etziken (SO)","Les habitants d'Etziken s'opposent à l'initiative sur la neutralité par 72,2 pour cent des voix.","https://upload.wikimedia.org/wikipedia/commons/f/fe/Etziken-blason.png"
2519,35.4,35.4,64.6,"Gerlafingen (SO)","L'initiative sur la neutralité n'a pas convaincu à Gerlafingen. Les citoyens de la commune ont refusé le texte à 64,6 pour cent.","https://thumb.wikimedia.org/wikipedia/commons/thumb/b/b4/CHE_Gerlafingen_COA.svg/500px-CHE_Gerlafingen_COA.svg.png"
2523,28.3,28.3,71.7,"Horriwil (SO)","La population de Horriwil rejette à 71,7 pour cent des voix l'initiative sur la neutralité.","https://upload.wikimedia.org/wikipedia/commons/1/14/Horriwil-blason.png"
2524,19.3,19.3,80.7,"Hüniken (SO)","Les habitants de la petite commune de Hüniken ont refusé l'initiative sur la neutralité. Ils ont dit non à cet objet par 67 voix contre 16.","https://thumb.wikimedia.org/wikipedia/commons/thumb/f/fd/H%C3%BCniken-blazon.svg/250px-H%C3%BCniken-blazon.svg.png"
2525,24.2,24.2,75.8,"Kriegstetten (SO)","A Kriegstetten, les citoyens rejettent à 75,8 pour cent l'initiative sur la neutralité.","https://thumb.wikimedia.org/wikipedia/commons/thumb/8/8e/CHE_Kriegstetten_SO_COA.svg/500px-CHE_Kriegstetten_SO_COA.svg.png"
2526,50,0,0,"Lohn-Ammannsegg (SO)","Les résultats ne sont pas encore connus dans cette commune.","https://thumb.wikimedia.org/wikipedia/commons/thumb/5/51/CHE_Lohn-Ammannsegg_COA.svg/960px-CHE_Lohn-Ammannsegg_COA.svg.png"
2527,26.7,26.7,73.3,"Luterbach (SO)","L'initiative sur la neutralité est refusée à 73,3 pour cent à Luterbach.","https://upload.wikimedia.org/wikipedia/commons/3/36/Luterbach-blason.png"
2528,31.9,31.9,68.1,"Obergerlafingen (SO)","La population d'Obergerlafingen rejette à 68,1 pour cent des voix l'initiative sur la neutralité.","https://thumb.wikimedia.org/wikipedia/commons/thumb/8/8d/CHE_Obergerlafingen_COA.svg/960px-CHE_Obergerlafingen_COA.svg.png"
2530,31.3,31.3,68.7,"Recherswil (SO)","A Recherswil, les citoyens rejettent à 68,7 pour cent l'initiative sur la neutralité.","https://thumb.wikimedia.org/wikipedia/commons/thumb/b/be/CHE_Recherswil_COA.svg/960px-CHE_Recherswil_COA.svg.png"
2532,29.5,29.5,70.5,"Subingen (SO)","La population de Subingen rejette à 70,5 pour cent des voix l'initiative sur la neutralité.","https://upload.wikimedia.org/wikipedia/commons/8/8c/Subingen-blason.png"
2534,21.6,21.6,78.4,"Zuchwil (SO)","L'initiative sur la neutralité n'a pas convaincu à Zuchwil. Les citoyens de la commune ont refusé le texte à 78,4 pour cent.","https://thumb.wikimedia.org/wikipedia/commons/thumb/5/55/Zuchwil-blazon.svg/250px-Zuchwil-blazon.svg.png"
2535,27.8,27.8,72.2,"Drei Höfe (SO)","Les habitants de Drei Höfe s'opposent à l'initiative sur la neutralité par 72,2 pour cent des voix.","https://thumb.wikimedia.org/wikipedia/commons/thumb/2/25/DreiH%C3%B6fe-blazon.svg/250px-DreiH%C3%B6fe-blazon.svg.png"
2541,28.1,28.1,71.9,"Balm bei Günsberg (SO)","Les habitants de la petite commune de Balm bei Günsberg ont refusé l'initiative sur la neutralité. Ils ont dit non à cet objet par 69 voix contre 27.","https://thumb.wikimedia.org/wikipedia/commons/thumb/0/09/BalmBeiG%C3%BCnsberg-blazon.svg/250px-BalmBeiG%C3%BCnsberg-blazon.svg.png"
2542,27.9,27.9,72.1,"Bellach (SO)","C'est non à l'initiative sur la neutralité à Bellach. Les habitants ont refusé le texte à 72,1 pour cent.","https://upload.wikimedia.org/wikipedia/commons/7/75/Bellach-blason.png"
2543,50,0,0,"Bettlach (SO)","Les résultats ne sont pas encore connus dans cette commune.","https://thumb.wikimedia.org/wikipedia/commons/thumb/4/44/Bettlach-blazon.svg/250px-Bettlach-blazon.svg.png"
2544,16.9,16.9,83.1,"Feldbrunnen-St. Niklaus (SO)","L'initiative sur la neutralité est refusée à 83,1 pour cent à Feldbrunnen-St. Niklaus.","https://upload.wikimedia.org/wikipedia/commons/8/83/Feldbrunnen-StNiklaus-blason.png"
2545,30.7,30.7,69.3,"Flumenthal (SO)","L'initiative sur la neutralité n'a pas trouvé grâce aux yeux des citoyens de Flumenthal. Ils ont refusé le texte à 69,3 pour cent.","https://upload.wikimedia.org/wikipedia/commons/c/cd/Flumenthal-blason.png"
2546,50,0,0,"Granges (SO)","Les résultats ne sont pas encore connus dans cette commune.","https://thumb.wikimedia.org/wikipedia/commons/thumb/8/80/Grenchen-blazon.svg/250px-Grenchen-blazon.svg.png"
2547,34.1,34.1,65.9,"Günsberg (SO)","L'initiative sur la neutralité est refusée à 65,9 pour cent à Günsberg.","https://thumb.wikimedia.org/wikipedia/commons/thumb/c/c0/CHE_G%C3%BCnsberg_COA.svg/500px-CHE_G%C3%BCnsberg_COA.svg.png"
2548,17.3,17.3,82.7,"Hubersdorf (SO)","La population de Hubersdorf rejette à 82,7 pour cent des voix l'initiative sur la neutralité.","https://upload.wikimedia.org/wikipedia/commons/9/9a/Hubersdorf-blason.png"
2549,17.6,17.6,82.4,"Kammersrohr (SO)","L'initiative sur la neutralité ne passe pas la rampe à Kammersrohr. Les habitants de cette petite commune l'ont rejetée par 14 voix, contre 3.","https://thumb.wikimedia.org/wikipedia/commons/thumb/4/4a/Kammersrohr-blason.svg/500px-Kammersrohr-blason.svg.png"
2550,50,0,0,"Langendorf (SO)","Les résultats ne sont pas encore connus dans cette commune.","https://upload.wikimedia.org/wikipedia/commons/b/ba/Langendorf-blason.png"
2551,28.6,28.6,71.4,"Lommiswil (SO)","A Lommiswil, les citoyens rejettent à 71,4 pour cent l'initiative sur la neutralité.","https://thumb.wikimedia.org/wikipedia/commons/thumb/f/f2/Lommiswil-blazon.svg/250px-Lommiswil-blazon.svg.png"
2553,18.4,18.4,81.6,"Oberdorf (SO)","Les habitants d'Oberdorf (SO) s'opposent à l'initiative sur la neutralité par 81,6 pour cent des voix.","https://upload.wikimedia.org/wikipedia/commons/9/97/Oberdorf-blason.png"
2554,21.8,21.8,78.2,"Riedholz (SO)","L'initiative sur la neutralité n'a pas convaincu à Riedholz. Les citoyens de la commune ont refusé le texte à 78,2 pour cent.","https://upload.wikimedia.org/wikipedia/commons/7/7f/Riedholz-blason.png"
2555,21.6,21.6,78.4,"Rüttenen (SO)","A Rüttenen, les citoyens rejettent à 78,4 pour cent l'initiative sur la neutralité.","https://upload.wikimedia.org/wikipedia/commons/e/ea/Ruettenen-blason.png"
2556,27.5,27.5,72.5,"Selzach (SO)","La population de Selzach rejette à 72,5 pour cent des voix l'initiative sur la neutralité.","https://thumb.wikimedia.org/wikipedia/commons/thumb/2/2a/CHE_Selzach_COA.svg/960px-CHE_Selzach_COA.svg.png"
2571,40.1,40.1,59.9,"Boningen (SO)","Les habitants de Boningen s'opposent à l'initiative sur la neutralité par 59,9 pour cent des voix.","https://thumb.wikimedia.org/wikipedia/commons/thumb/0/02/Boningen-blazon.svg/250px-Boningen-blazon.svg.png"
2572,35.9,35.9,64.1,"Däniken (SO)","Les habitants de Däniken s'opposent à l'initiative sur la neutralité par 64,1 pour cent des voix.","https://upload.wikimedia.org/wikipedia/commons/f/f9/Daeniken-blason.png"
2573,31.2,31.2,68.8,"Dulliken (SO)","L'initiative sur la neutralité est refusée à 68,8 pour cent à Dulliken.","https://upload.wikimedia.org/wikipedia/commons/d/da/Dulliken-blason.png"
2574,39.7,39.7,60.3,"Eppenberg-Wöschnau (SO)","L'initiative sur la neutralité ne passe pas la rampe à Eppenberg-Wöschnau. Les habitants de cette petite commune l'ont rejetée par 47 voix, contre 31.","https://thumb.wikimedia.org/wikipedia/commons/thumb/a/a0/EppenbergW%C3%B6schnau-blazon.svg/250px-EppenbergW%C3%B6schnau-blazon.svg.png"
2575,50,0,0,"Fulenbach (SO)","Les résultats ne sont pas encore connus dans cette commune.","https://upload.wikimedia.org/wikipedia/commons/4/4c/Fulenbach-blason.png"
2576,28.3,28.3,71.7,"Gretzenbach (SO)","L'initiative sur la neutralité n'a pas trouvé grâce aux yeux des citoyens de Gretzenbach. Ils ont refusé le texte à 71,7 pour cent.","https://upload.wikimedia.org/wikipedia/commons/c/c1/Gretzenbach-blason.png"
2578,30.4,30.4,69.6,"Gunzgen (SO)","C'est non à l'initiative sur la neutralité à Gunzgen. Les habitants ont refusé le texte à 69,6 pour cent.","https://upload.wikimedia.org/wikipedia/commons/0/01/Gunzgen-blason.png"
2579,31.4,31.4,68.6,"Hägendorf (SO)","La population de Hägendorf rejette à 68,6 pour cent des voix l'initiative sur la neutralité.","https://thumb.wikimedia.org/wikipedia/commons/thumb/5/51/H%C3%A4gendorf-blazon.svg/250px-H%C3%A4gendorf-blazon.svg.png"
2580,24.8,24.8,75.2,"Kappel (SO)","La population de Kappel (SO) rejette à 75,2 pour cent des voix l'initiative sur la neutralité.","https://thumb.wikimedia.org/wikipedia/commons/thumb/6/60/CHE_Kappel_SO_COA.svg/500px-CHE_Kappel_SO_COA.svg.png"
2581,50,0,0,"Olten (SO)","Les résultats ne sont pas encore connus dans cette commune.","https://thumb.wikimedia.org/wikipedia/commons/thumb/3/3d/Olten-blason.svg/500px-Olten-blason.svg.png"
2582,26.6,26.6,73.4,"Rickenbach (SO)","L'initiative sur la neutralité n'a pas trouvé grâce aux yeux des citoyens de Rickenbach (SO). Ils ont refusé le texte à 73,4 pour cent.","https://upload.wikimedia.org/wikipedia/commons/7/79/Rickenbach-blason.png"
2583,29.9,29.9,70.1,"Schönenwerd (SO)","A Schönenwerd, les citoyens rejettent à 70,1 pour cent l'initiative sur la neutralité.","https://thumb.wikimedia.org/wikipedia/commons/thumb/1/12/CHE_Sch%C3%B6nenwerd_COA.svg/250px-CHE_Sch%C3%B6nenwerd_COA.svg.png"
2584,16.2,16.2,83.8,"Starrkirch-Wil (SO)","L'initiative sur la neutralité est refusée à 83,8 pour cent à Starrkirch-Wil.","https://upload.wikimedia.org/wikipedia/commons/2/28/Starrkirch-Wil-blason.png"
2585,37.8,37.8,62.2,"Walterswil (SO)","L'initiative sur la neutralité n'a pas trouvé grâce aux yeux des citoyens de Walterswil (SO). Ils ont refusé le texte à 62,2 pour cent.","https://thumb.wikimedia.org/wikipedia/commons/thumb/c/cf/CHE_Walterswil_SO_COA.svg/120px-CHE_Walterswil_SO_COA.svg.png"
2586,25.3,25.3,74.7,"Wangen bei Olten (SO)","C'est non à l'initiative sur la neutralité à Wangen bei Olten. Les habitants ont refusé le texte à 74,7 pour cent.","https://upload.wikimedia.org/wikipedia/commons/1/13/Wangen_bO-blason.png"
2601,15.2,15.2,84.8,"Soleure (SO)","L'initiative sur la neutralité n'a pas convaincu à Soleure. Les citoyens de la commune ont refusé le texte à 84,8 pour cent.","https://thumb.wikimedia.org/wikipedia/commons/thumb/b/b7/Wappen_Solothurn_matt.svg/500px-Wappen_Solothurn_matt.svg.png"
2611,39.7,39.7,60.3,"Bärschwil (SO)","A Bärschwil, les citoyens rejettent à 60,3 pour cent l'initiative sur la neutralité.","https://thumb.wikimedia.org/wikipedia/commons/thumb/f/fd/B%C3%A4rschwil-blazon.svg/250px-B%C3%A4rschwil-blazon.svg.png"
2612,50,50,50,"Beinwil (SO)","Egalité parfaite à Beinwil (SO)! Les électeurs de cette commune sont 49 à approuver l'initiative sur la neutralité et 49 à la refuser.","https://thumb.wikimedia.org/wikipedia/commons/thumb/a/a2/Beinwil_SO-blazon.svg/250px-Beinwil_SO-blazon.svg.png"
2613,30.8,30.8,69.2,"Breitenbach (SO)","La population de Breitenbach rejette à 69,2 pour cent des voix l'initiative sur la neutralité.","https://thumb.wikimedia.org/wikipedia/commons/thumb/e/e4/Breitenbach_SO-blazon.svg/250px-Breitenbach_SO-blazon.svg.png"
2614,39.8,39.8,60.2,"Büsserach (SO)","La population de Büsserach rejette à 60,2 pour cent des voix l'initiative sur la neutralité.","https://thumb.wikimedia.org/wikipedia/commons/thumb/d/d0/B%C3%BCsserach-blazon.svg/250px-B%C3%BCsserach-blazon.svg.png"
2615,45.7,45.7,54.3,"Erschwil (SO)","C'est non à l'initiative sur la neutralité à Erschwil. Les habitants ont refusé le texte à 54,3 pour cent.","https://upload.wikimedia.org/wikipedia/commons/d/d6/Erschwil-blason.png"
2616,41.2,41.2,58.8,"Fehren (SO)","Les habitants de Fehren s'opposent à l'initiative sur la neutralité par 58,8 pour cent des voix.","https://upload.wikimedia.org/wikipedia/commons/1/1e/Fehren-blason.png"
2617,44,44,56,"Grindel (SO)","Les habitants de Grindel s'opposent à l'initiative sur la neutralité par 56 pour cent des voix.","https://thumb.wikimedia.org/wikipedia/commons/thumb/5/56/Grindel-blazon.svg/250px-Grindel-blazon.svg.png"
2618,34.9,34.9,65.1,"Himmelried (SO)","A Himmelried, les citoyens rejettent à 65,1 pour cent l'initiative sur la neutralité.","https://thumb.wikimedia.org/wikipedia/commons/thumb/0/08/CHE_Himmelried_COA.svg/960px-CHE_Himmelried_COA.svg.png"
2619,37.8,37.8,62.2,"Kleinlützel (SO)","L'initiative sur la neutralité est refusée à 62,2 pour cent à Kleinlützel.","https://thumb.wikimedia.org/wikipedia/commons/thumb/5/58/CHE_Kleinl%C3%BCtzel_COA.svg/500px-CHE_Kleinl%C3%BCtzel_COA.svg.png"
2620,42.5,42.5,57.5,"Meltingen (SO)","La population de Meltingen rejette à 57,5 pour cent des voix l'initiative sur la neutralité.","https://upload.wikimedia.org/wikipedia/commons/1/11/Meltingen-blason.png"
2621,39,39,61,"Nunningen (SO)","Les habitants de Nunningen s'opposent à l'initiative sur la neutralité par 61 pour cent des voix.","https://upload.wikimedia.org/wikipedia/commons/0/0d/Nunningen-blason.png"
2622,47.2,47.2,52.8,"Zullwil (SO)","L'initiative sur la neutralité n'a pas convaincu à Zullwil. Les citoyens de la commune ont refusé le texte à 52,8 pour cent.","https://thumb.wikimedia.org/wikipedia/commons/thumb/8/86/Zullwil-blazon.svg/250px-Zullwil-blazon.svg.png"
2701,50,0,0,"Bâle (BS)","Les résultats ne sont pas encore connus dans cette commune.","https://thumb.wikimedia.org/wikipedia/commons/thumb/7/7d/Wappen_Basel-Stadt_matt.svg/960px-Wappen_Basel-Stadt_matt.svg.png"
2702,50,0,0,"Bettingen (BS)","Les résultats ne sont pas encore connus dans cette commune.","https://thumb.wikimedia.org/wikipedia/commons/thumb/b/bb/CHE_Bettingen_BS_COA.svg/500px-CHE_Bettingen_BS_COA.svg.png"
2703,50,0,0,"Riehen (BS)","Les résultats ne sont pas encore connus dans cette commune.","https://thumb.wikimedia.org/wikipedia/commons/thumb/a/aa/CHE_Riehen_COA.svg/500px-CHE_Riehen_COA.svg.png"
2761,26.9,26.9,73.1,"Aesch (BL)","L'initiative sur la neutralité n'a pas trouvé grâce aux yeux des citoyens d'Aesch (BL). Ils ont refusé le texte à 73,1 pour cent.","https://thumb.wikimedia.org/wikipedia/commons/thumb/3/32/CHE_Aesch_BL_COA.svg/960px-CHE_Aesch_BL_COA.svg.png"
2762,21.7,21.7,78.3,"Allschwil (BL)","Les habitants d'Allschwil s'opposent à l'initiative sur la neutralité par 78,3 pour cent des voix.","https://thumb.wikimedia.org/wikipedia/commons/thumb/3/3c/CHE_Allschwil_COA.svg/960px-CHE_Allschwil_COA.svg.png"
2763,21.8,21.8,78.2,"Arlesheim (BL)","A Arlesheim, les citoyens rejettent à 78,2 pour cent l'initiative sur la neutralité.","https://thumb.wikimedia.org/wikipedia/commons/thumb/d/db/CHE_Arlesheim_COA.svg/960px-CHE_Arlesheim_COA.svg.png"
2764,23.7,23.7,76.3,"Biel-Benken (BL)","C'est non à l'initiative sur la neutralité à Biel-Benken. Les habitants ont refusé le texte à 76,3 pour cent.","https://thumb.wikimedia.org/wikipedia/commons/thumb/d/d0/CHE_Biel-Benken_COA.svg/960px-CHE_Biel-Benken_COA.svg.png"
2765,20.7,20.7,79.3,"Binningen (BL)","A Binningen, les citoyens rejettent à 79,3 pour cent l'initiative sur la neutralité.","https://thumb.wikimedia.org/wikipedia/commons/thumb/5/56/CHE_Binningen_COA.svg/500px-CHE_Binningen_COA.svg.png"
2766,24.9,24.9,75.1,"Birsfelden (BL)","Les habitants de Birsfelden s'opposent à l'initiative sur la neutralité par 75,1 pour cent des voix.","https://thumb.wikimedia.org/wikipedia/commons/thumb/8/8d/Coat_of_arms_of_Birsfelden.svg/960px-Coat_of_arms_of_Birsfelden.svg.png"
2767,50,0,0,"Bottmingen (BL)","Les résultats ne sont pas encore connus dans cette commune.","https://thumb.wikimedia.org/wikipedia/commons/thumb/b/bd/CHE_Bottmingen_COA.svg/960px-CHE_Bottmingen_COA.svg.png"
2768,25.8,25.8,74.2,"Ettingen (BL)","La population d'Ettingen rejette à 74,2 pour cent des voix l'initiative sur la neutralité.","https://thumb.wikimedia.org/wikipedia/commons/thumb/8/87/Coat_of_arms_of_Ettingen.svg/960px-Coat_of_arms_of_Ettingen.svg.png"
2769,21.4,21.4,78.6,"Münchenstein (BL)","A Münchenstein, les citoyens rejettent à 78,6 pour cent l'initiative sur la neutralité.","https://thumb.wikimedia.org/wikipedia/commons/thumb/7/7d/CHE_M%C3%BCnchenstein_COA.svg/500px-CHE_M%C3%BCnchenstein_COA.svg.png"
2770,50,0,0,"Muttenz (BL)","Les résultats ne sont pas encore connus dans cette commune.","https://upload.wikimedia.org/wikipedia/commons/6/67/Wappen_Muttenz.png"
2771,50,0,0,"Oberwil (BL)","Les résultats ne sont pas encore connus dans cette commune.","https://thumb.wikimedia.org/wikipedia/commons/thumb/2/2a/CHE_Oberwil_BL_COA.svg/960px-CHE_Oberwil_BL_COA.svg.png"
2772,26.2,26.2,73.8,"Pfeffingen (BL)","L'initiative sur la neutralité n'a pas convaincu à Pfeffingen. Les citoyens de la commune ont refusé le texte à 73,8 pour cent.","https://thumb.wikimedia.org/wikipedia/commons/thumb/0/07/Coat_of_arms_of_Pfeffingen_BL.svg/960px-Coat_of_arms_of_Pfeffingen_BL.svg.png"
2773,23.4,23.4,76.6,"Reinach (BL)","L'initiative sur la neutralité est refusée à 76,6 pour cent à Reinach (BL).","https://thumb.wikimedia.org/wikipedia/commons/thumb/a/af/CHE_Reinach_BL_COA.svg/960px-CHE_Reinach_BL_COA.svg.png"
2774,27.3,27.3,72.7,"Schönenbuch (BL)","La population de Schönenbuch rejette à 72,7 pour cent des voix l'initiative sur la neutralité.","https://thumb.wikimedia.org/wikipedia/commons/thumb/6/6b/CHE_Sch%C3%B6nenbuch_COA.svg/500px-CHE_Sch%C3%B6nenbuch_COA.svg.png"
2775,50,0,0,"Therwil (BL)","Les résultats ne sont pas encore connus dans cette commune.","https://thumb.wikimedia.org/wikipedia/commons/thumb/4/4a/Coat_of_arms_of_Therwil.svg/960px-Coat_of_arms_of_Therwil.svg.png"
2781,32.3,32.3,67.7,"Blauen (BL)","A Blauen, les citoyens rejettent à 67,7 pour cent l'initiative sur la neutralité.","https://thumb.wikimedia.org/wikipedia/commons/thumb/8/87/Coat_of_arms_of_Blauen_BL.svg/960px-Coat_of_arms_of_Blauen_BL.svg.png"
2782,43.4,43.4,56.6,"Brislach (BL)","L'initiative sur la neutralité n'a pas convaincu à Brislach. Les citoyens de la commune ont refusé le texte à 56,6 pour cent.","https://thumb.wikimedia.org/wikipedia/commons/thumb/0/02/Coat_of_arms_of_Brislach.svg/960px-Coat_of_arms_of_Brislach.svg.png"
2783,34,34,66,"Burg im Leimental (BL)","L'initiative sur la neutralité est refusée à 66 pour cent à Burg im Leimental.","https://thumb.wikimedia.org/wikipedia/commons/thumb/4/4e/Coat_of_arms_of_Burg_im_Leimental.svg/960px-Coat_of_arms_of_Burg_im_Leimental.svg.png"
2784,37.9,37.9,62.1,"Dittingen (BL)","La population de Dittingen rejette à 62,1 pour cent des voix l'initiative sur la neutralité.","https://upload.wikimedia.org/wikipedia/commons/0/0b/Wappen_Dittingen.png"
2785,32.5,32.5,67.5,"Duggingen (BL)","Les habitants de Duggingen s'opposent à l'initiative sur la neutralité par 67,5 pour cent des voix.","https://upload.wikimedia.org/wikipedia/commons/8/81/Wappen_Duggingen.png"
2786,34.4,34.4,65.6,"Grellingen (BL)","L'initiative sur la neutralité n'a pas convaincu à Grellingen. Les citoyens de la commune ont refusé le texte à 65,6 pour cent.","https://thumb.wikimedia.org/wikipedia/commons/thumb/a/a4/Grellingen_coat_of_arms.svg/960px-Grellingen_coat_of_arms.svg.png"
2787,27.2,27.2,72.8,"Laufon (BL)","La population de Laufon rejette à 72,8 pour cent des voix l'initiative sur la neutralité.","https://thumb.wikimedia.org/wikipedia/commons/thumb/e/e6/CHE_Laufen_BL_official_COA.svg/500px-CHE_Laufen_BL_official_COA.svg.png"
2788,40.6,40.6,59.4,"Liesberg (BL)","Les habitants de Liesberg s'opposent à l'initiative sur la neutralité par 59,4 pour cent des voix.","https://upload.wikimedia.org/wikipedia/commons/b/b5/Wappen_Liesberg.png"
2789,48.5,48.5,51.5,"Nenzlingen (BL)","A Nenzlingen, les citoyens rejettent à 51,5 pour cent l'initiative sur la neutralité.","https://thumb.wikimedia.org/wikipedia/commons/thumb/d/da/Wappen_Nenzlingen.png/960px-Wappen_Nenzlingen.png"
2790,50,50,50,"Roggenburg (BL)","Egalité parfaite à Roggenburg! Les électeurs de cette commune sont 44 à approuver l'initiative sur la neutralité et 44 à la refuser.","https://upload.wikimedia.org/wikipedia/commons/a/ad/Wappen_Roggenburg_BL.png"
2791,32.9,32.9,67.1,"Röschenz (BL)","L'initiative sur la neutralité n'a pas trouvé grâce aux yeux des citoyens de Röschenz. Ils ont refusé le texte à 67,1 pour cent.","https://thumb.wikimedia.org/wikipedia/commons/thumb/4/4a/CHE_R%C3%B6schenz_COA.svg/960px-CHE_R%C3%B6schenz_COA.svg.png"
2792,45.1,45.1,54.9,"Wahlen (BL)","La population de Wahlen rejette à 54,9 pour cent des voix l'initiative sur la neutralité.","https://upload.wikimedia.org/wikipedia/commons/7/7a/Wappen_Wahlen.png"
2793,35.2,35.2,64.8,"Zwingen (BL)","C'est non à l'initiative sur la neutralité à Zwingen. Les habitants ont refusé le texte à 64,8 pour cent.","https://thumb.wikimedia.org/wikipedia/commons/thumb/f/f5/Coat_of_arms_of_Zwingen.svg/960px-Coat_of_arms_of_Zwingen.svg.png"
2821,36.4,36.4,63.6,"Arisdorf (BL)","A Arisdorf, les citoyens rejettent à 63,6 pour cent l'initiative sur la neutralité.","https://upload.wikimedia.org/wikipedia/commons/3/36/Wappen_Arisdorf.png"
2822,29.6,29.6,70.4,"Augst (BL)","L'initiative sur la neutralité est refusée à 70,4 pour cent à Augst.","https://upload.wikimedia.org/wikipedia/commons/5/53/Wappen_Augst.png"
2823,24.8,24.8,75.2,"Bubendorf (BL)","La population de Bubendorf rejette à 75,2 pour cent des voix l'initiative sur la neutralité.","https://thumb.wikimedia.org/wikipedia/commons/thumb/4/41/Coat_of_arms_of_Bubendorf_BL.svg/960px-Coat_of_arms_of_Bubendorf_BL.svg.png"
2824,23.1,23.1,76.9,"Frenkendorf (BL)","A Frenkendorf, les citoyens rejettent à 76,9 pour cent l'initiative sur la neutralité.","https://thumb.wikimedia.org/wikipedia/commons/thumb/5/5e/CHE_Frenkendorf_COA.svg/500px-CHE_Frenkendorf_COA.svg.png"
2825,26.7,26.7,73.3,"Füllinsdorf (BL)","L'initiative sur la neutralité est refusée à 73,3 pour cent à Füllinsdorf.","https://upload.wikimedia.org/wikipedia/commons/f/f5/Wappen_Fuellinsdorf.png"
2826,35.4,35.4,64.6,"Giebenach (BL)","L'initiative sur la neutralité n'a pas trouvé grâce aux yeux des citoyens de Giebenach. Ils ont refusé le texte à 64,6 pour cent.","https://thumb.wikimedia.org/wikipedia/commons/thumb/2/20/Coat_of_arms_of_Giebenach.svg/960px-Coat_of_arms_of_Giebenach.svg.png"
2827,33.3,33.3,66.7,"Hersberg (BL)","Les habitants de Hersberg s'opposent à l'initiative sur la neutralité par 66,7 pour cent des voix.","https://thumb.wikimedia.org/wikipedia/commons/thumb/1/1a/Coat_of_arms_of_Hersberg.svg/960px-Coat_of_arms_of_Hersberg.svg.png"
2828,30.1,30.1,69.9,"Lausen (BL)","A Lausen, les citoyens rejettent à 69,9 pour cent l'initiative sur la neutralité.","https://thumb.wikimedia.org/wikipedia/commons/thumb/8/89/CHE_Lausen_BL_COA.svg/960px-CHE_Lausen_BL_COA.svg.png"
2829,21.9,21.9,78.1,"Liestal (BL)","C'est non à l'initiative sur la neutralité à Liestal. Les habitants ont refusé le texte à 78,1 pour cent.","https://thumb.wikimedia.org/wikipedia/commons/thumb/8/82/Coat_of_arms_of_Liestal.svg/960px-Coat_of_arms_of_Liestal.svg.png"
2830,22.9,22.9,77.1,"Lupsingen (BL)","L'initiative sur la neutralité n'a pas convaincu à Lupsingen. Les citoyens de la commune ont refusé le texte à 77,1 pour cent.","https://upload.wikimedia.org/wikipedia/commons/5/5f/Wappen_Lupsingen.png"
2831,50,0,0,"Pratteln (BL)","Les résultats ne sont pas encore connus dans cette commune.","https://thumb.wikimedia.org/wikipedia/commons/thumb/4/4a/Pratteln-coat_of_arms.svg/960px-Pratteln-coat_of_arms.svg.png"
2832,27.1,27.1,72.9,"Ramlinsburg (BL)","Les habitants de Ramlinsburg s'opposent à l'initiative sur la neutralité par 72,9 pour cent des voix.","https://thumb.wikimedia.org/wikipedia/commons/thumb/1/10/Coat_of_arms_of_Ramlinsburg.svg/960px-Coat_of_arms_of_Ramlinsburg.svg.png"
2833,24.3,24.3,75.7,"Seltisberg (BL)","L'initiative sur la neutralité n'a pas trouvé grâce aux yeux des citoyens de Seltisberg. Ils ont refusé le texte à 75,7 pour cent.","https://thumb.wikimedia.org/wikipedia/commons/thumb/f/f9/Coat_of_arms_of_Seltisberg.svg/960px-Coat_of_arms_of_Seltisberg.svg.png"
2834,26.2,26.2,73.8,"Ziefen (BL)","L'initiative sur la neutralité n'a pas trouvé grâce aux yeux des citoyens de Ziefen. Ils ont refusé le texte à 73,8 pour cent.","https://thumb.wikimedia.org/wikipedia/commons/thumb/e/e4/CHE_Ziefen_COA.svg/960px-CHE_Ziefen_COA.svg.png"
2841,41.6,41.6,58.4,"Anwil (BL)","Les habitants d'Anwil s'opposent à l'initiative sur la neutralité par 58,4 pour cent des voix.","https://thumb.wikimedia.org/wikipedia/commons/thumb/2/23/Coat_of_arms_of_Anwil.svg/960px-Coat_of_arms_of_Anwil.svg.png"
2842,50,0,0,"Böckten (BL)","Les résultats ne sont pas encore connus dans cette commune.","https://thumb.wikimedia.org/wikipedia/commons/thumb/7/7f/Coat_of_arms_of_Boeckten.svg/960px-Coat_of_arms_of_Boeckten.svg.png"
2843,27.1,27.1,72.9,"Buckten (BL)","C'est non à l'initiative sur la neutralité à Buckten. Les habitants ont refusé le texte à 72,9 pour cent.","https://thumb.wikimedia.org/wikipedia/commons/thumb/3/39/Coat_of_arms_of_Buckten.svg/960px-Coat_of_arms_of_Buckten.svg.png"
2844,36.4,36.4,63.6,"Buus (BL)","Les habitants de Buus s'opposent à l'initiative sur la neutralité par 63,6 pour cent des voix.","https://thumb.wikimedia.org/wikipedia/commons/thumb/5/50/CHE_Buus_COA.svg/960px-CHE_Buus_COA.svg.png"
2845,33.5,33.5,66.5,"Diepflingen (BL)","L'initiative sur la neutralité n'a pas trouvé grâce aux yeux des citoyens de Diepflingen. Ils ont refusé le texte à 66,5 pour cent.","https://thumb.wikimedia.org/wikipedia/commons/thumb/5/5d/Coat_of_arms_of_Diepflingen.svg/960px-Coat_of_arms_of_Diepflingen.svg.png"
2846,23.4,23.4,76.6,"Gelterkinden (BL)","Les habitants de Gelterkinden s'opposent à l'initiative sur la neutralité par 76,6 pour cent des voix.","https://thumb.wikimedia.org/wikipedia/commons/thumb/6/69/CHE_Gelterkinden_COA.svg/960px-CHE_Gelterkinden_COA.svg.png"
2847,35.5,35.5,64.5,"Häfelfingen (BL)","Les habitants de la petite commune de Häfelfingen ont refusé l'initiative sur la neutralité. Ils ont dit non à cet objet par 60 voix contre 33.","https://upload.wikimedia.org/wikipedia/commons/4/45/Haefelfingen-coat_of_arms.png"
2848,52.1,52.1,47.9,"Hemmiken (BL)","Les électeurs de la petite commune de Hemmiken soutiennent l'initiative sur la neutralité. Ils ont dit oui au texte par 49 voix, contre 45.","https://thumb.wikimedia.org/wikipedia/commons/thumb/b/b8/Coat_of_arms_of_Hemmiken.svg/960px-Coat_of_arms_of_Hemmiken.svg.png"
2849,50,0,0,"Itingen (BL)","Les résultats ne sont pas encore connus dans cette commune.","https://thumb.wikimedia.org/wikipedia/commons/thumb/9/90/Wappen_Itingen.svg/500px-Wappen_Itingen.svg.png"
2850,33.3,33.3,66.7,"Känerkinden (BL)","L'initiative sur la neutralité n'a pas convaincu à Känerkinden. Les citoyens de la commune ont refusé le texte à 66,7 pour cent.","https://upload.wikimedia.org/wikipedia/commons/f/f5/Wappen_Kaenerkinden.png"
2851,23.8,23.8,76.2,"Kilchberg (BL)","L'initiative sur la neutralité ne passe pas la rampe à Kilchberg (BL). Les habitants de cette petite commune l'ont rejetée par 64 voix, contre 20.","https://thumb.wikimedia.org/wikipedia/commons/thumb/7/7e/Coat_of_arms_of_Kilchberg_BL.svg/960px-Coat_of_arms_of_Kilchberg_BL.svg.png"
2852,35.1,35.1,64.9,"Läufelfingen (BL)","A Läufelfingen, les citoyens rejettent à 64,9 pour cent l'initiative sur la neutralité.","https://upload.wikimedia.org/wikipedia/commons/2/2f/Wappen_Laeufelfingen.png"
2853,27.8,27.8,72.2,"Maisprach (BL)","La population de Maisprach rejette à 72,2 pour cent des voix l'initiative sur la neutralité.","https://thumb.wikimedia.org/wikipedia/commons/thumb/6/61/Coat_of_arms_of_Maisprach.svg/960px-Coat_of_arms_of_Maisprach.svg.png"
2854,32.7,32.7,67.3,"Nusshof (BL)","L'initiative sur la neutralité est refusée à 67,3 pour cent à Nusshof.","https://thumb.wikimedia.org/wikipedia/commons/thumb/f/fa/Coat_of_arms_of_Nusshof.svg/960px-Coat_of_arms_of_Nusshof.svg.png"
2855,28.4,28.4,71.6,"Oltingen (BL)","L'initiative sur la neutralité n'a pas trouvé grâce aux yeux des citoyens d'Oltingen. Ils ont refusé le texte à 71,6 pour cent.","https://thumb.wikimedia.org/wikipedia/commons/thumb/c/ce/Coat_of_arms_of_Oltingen.svg/960px-Coat_of_arms_of_Oltingen.svg.png"
2856,31.8,31.8,68.2,"Ormalingen (BL)","La population d'Ormalingen rejette à 68,2 pour cent des voix l'initiative sur la neutralité.","https://thumb.wikimedia.org/wikipedia/commons/thumb/0/08/Coat_of_arms_of_Ormalingen.svg/960px-Coat_of_arms_of_Ormalingen.svg.png"
2857,35.8,35.8,64.2,"Rickenbach (BL)","L'initiative sur la neutralité n'a pas convaincu à Rickenbach (BL). Les citoyens de la commune ont refusé le texte à 64,2 pour cent.","https://thumb.wikimedia.org/wikipedia/commons/thumb/d/da/Coat_of_arms_of_Rickenbach_BL.svg/960px-Coat_of_arms_of_Rickenbach_BL.svg.png"
2858,43.5,43.5,56.5,"Rothenfluh (BL)","Les habitants de Rothenfluh s'opposent à l'initiative sur la neutralité par 56,5 pour cent des voix.","https://thumb.wikimedia.org/wikipedia/commons/thumb/4/4b/Coat_of_arms_of_Rothenfluh.svg/960px-Coat_of_arms_of_Rothenfluh.svg.png"
2859,51,51,49,"Rümlingen (BL)","La population de Rümlingen approuve à 51 pour cent l'initiative sur la neutralité.","https://upload.wikimedia.org/wikipedia/commons/3/3c/Wappen_Ruemlingen.png"
2860,24.8,24.8,75.2,"Rünenberg (BL)","Les habitants de Rünenberg s'opposent à l'initiative sur la neutralité par 75,2 pour cent des voix.","https://thumb.wikimedia.org/wikipedia/commons/thumb/c/ce/Coat_of_arms_of_Ruenenberg.svg/960px-Coat_of_arms_of_Ruenenberg.svg.png"
2861,21.9,21.9,78.1,"Sissach (BL)","A Sissach, les citoyens rejettent à 78,1 pour cent l'initiative sur la neutralité.","https://upload.wikimedia.org/wikipedia/commons/9/95/Wappen_Sissach.png"
2862,28.9,28.9,71.1,"Tecknau (BL)","L'initiative sur la neutralité n'a pas convaincu à Tecknau. Les citoyens de la commune ont refusé le texte à 71,1 pour cent.","https://thumb.wikimedia.org/wikipedia/commons/thumb/9/94/Coat_of_arms_of_Tecknau.svg/960px-Coat_of_arms_of_Tecknau.svg.png"
2863,50,0,0,"Tenniken (BL)","Les résultats ne sont pas encore connus dans cette commune.","https://thumb.wikimedia.org/wikipedia/commons/thumb/9/96/Coat_of_arms_of_Tenniken.svg/960px-Coat_of_arms_of_Tenniken.svg.png"
2864,31.8,31.8,68.2,"Thürnen (BL)","La population de Thürnen rejette à 68,2 pour cent des voix l'initiative sur la neutralité.","https://thumb.wikimedia.org/wikipedia/commons/thumb/d/d0/CHE_Th%C3%BCrnen_COA.svg/960px-CHE_Th%C3%BCrnen_COA.svg.png"
2865,37.6,37.6,62.4,"Wenslingen (BL)","L'initiative sur la neutralité n'a pas trouvé grâce aux yeux des citoyens de Wenslingen. Ils ont refusé le texte à 62,4 pour cent.","https://thumb.wikimedia.org/wikipedia/commons/thumb/4/4a/CHE_Wenslingen_COA.svg/960px-CHE_Wenslingen_COA.svg.png"
2866,45.2,45.2,54.8,"Wintersingen (BL)","Les habitants de Wintersingen s'opposent à l'initiative sur la neutralité par 54,8 pour cent des voix.","https://thumb.wikimedia.org/wikipedia/commons/thumb/b/b5/CHE_Wintersingen_COA.svg/960px-CHE_Wintersingen_COA.svg.png"
2867,36.2,36.2,63.8,"Wittinsburg (BL)","A Wittinsburg, les citoyens rejettent à 63,8 pour cent l'initiative sur la neutralité.","https://thumb.wikimedia.org/wikipedia/commons/thumb/c/c7/Coat_of_arms_of_Wittinsburg.svg/960px-Coat_of_arms_of_Wittinsburg.svg.png"
2868,23,23,77,"Zeglingen (BL)","L'initiative sur la neutralité n'a pas convaincu à Zeglingen. Les citoyens de la commune ont refusé le texte à 77 pour cent.","https://thumb.wikimedia.org/wikipedia/commons/thumb/d/dc/Coat_of_arms_of_Zeglingen.svg/960px-Coat_of_arms_of_Zeglingen.svg.png"
2869,31.2,31.2,68.8,"Zunzgen (BL)","Les habitants de Zunzgen s'opposent à l'initiative sur la neutralité par 68,8 pour cent des voix.","https://thumb.wikimedia.org/wikipedia/commons/thumb/d/db/Coat_of_arms_of_Zunzgen.svg/960px-Coat_of_arms_of_Zunzgen.svg.png"
2881,40.4,40.4,59.6,"Arboldswil (BL)","L'initiative sur la neutralité n'a pas convaincu à Arboldswil. Les citoyens de la commune ont refusé le texte à 59,6 pour cent.","https://thumb.wikimedia.org/wikipedia/commons/thumb/e/e0/CHE_Arboldswil_COA.svg/960px-CHE_Arboldswil_COA.svg.png"
2882,45.5,45.5,54.5,"Bennwil (BL)","C'est non à l'initiative sur la neutralité à Bennwil. Les habitants ont refusé le texte à 54,5 pour cent.","https://thumb.wikimedia.org/wikipedia/commons/thumb/0/0f/CHE_Bennwil_COA.svg/960px-CHE_Bennwil_COA.svg.png"
2883,47.3,47.3,52.7,"Bretzwil (BL)","Les habitants de Bretzwil s'opposent à l'initiative sur la neutralité par 52,7 pour cent des voix.","https://thumb.wikimedia.org/wikipedia/commons/thumb/f/f8/Coat_of_arms_of_Bretzwil.svg/960px-Coat_of_arms_of_Bretzwil.svg.png"
2884,36.3,36.3,63.7,"Diegten (BL)","Les habitants de Diegten s'opposent à l'initiative sur la neutralité par 63,7 pour cent des voix.","https://upload.wikimedia.org/wikipedia/commons/7/72/Wappen_Diegten.png"
2885,44.3,44.3,55.7,"Eptingen (BL)","L'initiative sur la neutralité n'a pas convaincu à Eptingen. Les citoyens de la commune ont refusé le texte à 55,7 pour cent.","https://thumb.wikimedia.org/wikipedia/commons/thumb/d/d5/Wappen_Eptingen.svg/960px-Wappen_Eptingen.svg.png"
2886,29.7,29.7,70.3,"Hölstein (BL)","L'initiative sur la neutralité est refusée à 70,3 pour cent à Hölstein.","https://thumb.wikimedia.org/wikipedia/commons/thumb/e/ee/Wappen_H%C3%B6lstein.svg/960px-Wappen_H%C3%B6lstein.svg.png"
2887,35.1,35.1,64.9,"Lampenberg (BL)","L'initiative sur la neutralité n'a pas trouvé grâce aux yeux des citoyens de Lampenberg. Ils ont refusé le texte à 64,9 pour cent.","https://thumb.wikimedia.org/wikipedia/commons/thumb/b/bc/Coat_of_arms_of_Lampenberg.svg/960px-Coat_of_arms_of_Lampenberg.svg.png"
2888,42.2,42.2,57.8,"Langenbruck (BL)","C'est non à l'initiative sur la neutralité à Langenbruck. Les habitants ont refusé le texte à 57,8 pour cent.","https://upload.wikimedia.org/wikipedia/commons/a/a3/Wappen_Langenbruck.png"
2889,37.5,37.5,62.5,"Lauwil (BL)","C'est non à l'initiative sur la neutralité à Lauwil. Les habitants ont refusé le texte à 62,5 pour cent.","https://thumb.wikimedia.org/wikipedia/commons/thumb/2/28/Coat_of_arms_of_Lauwil.svg/960px-Coat_of_arms_of_Lauwil.svg.png"
2890,50,50,50,"Liedertswil (BL)","Egalité parfaite à Liedertswil! Les électeurs de cette commune sont 26 à approuver l'initiative sur la neutralité et 26 à la refuser.","https://upload.wikimedia.org/wikipedia/commons/4/48/Wappen_Liedertswil.png"
2891,31.8,31.8,68.2,"Niederdorf (BL)","C'est non à l'initiative sur la neutralité à Niederdorf. Les habitants ont refusé le texte à 68,2 pour cent.","https://thumb.wikimedia.org/wikipedia/commons/thumb/1/17/Coat_of_arms_of_Niederdorf_BL.svg/960px-Coat_of_arms_of_Niederdorf_BL.svg.png"
2892,29.9,29.9,70.1,"Oberdorf (BL)","La population d'Oberdorf (BL) rejette à 70,1 pour cent des voix l'initiative sur la neutralité.","https://thumb.wikimedia.org/wikipedia/commons/thumb/b/be/Coat_of_arms_of_Oberdorf_BL.svg/960px-Coat_of_arms_of_Oberdorf_BL.svg.png"
2893,36.3,36.3,63.7,"Reigoldswil (BL)","L'initiative sur la neutralité n'a pas convaincu à Reigoldswil. Les citoyens de la commune ont refusé le texte à 63,7 pour cent.","https://upload.wikimedia.org/wikipedia/commons/c/c0/Wappen_Reigoldswil.png"
2894,26.3,26.3,73.7,"Titterten (BL)","La population de Titterten rejette à 73,7 pour cent des voix l'initiative sur la neutralité.","https://upload.wikimedia.org/wikipedia/commons/d/d9/Wappen_Titterten.png"
2895,42,42,58,"Waldenburg (BL)","L'initiative sur la neutralité n'a pas convaincu à Waldenburg. Les citoyens de la commune ont refusé le texte à 58 pour cent.","https://thumb.wikimedia.org/wikipedia/commons/thumb/0/09/CHE_Waldenburg_BL_COA.svg/500px-CHE_Waldenburg_BL_COA.svg.png"
2901,50,0,0,"Gächlingen (SH)","Les résultats ne sont pas encore connus dans cette commune.","https://thumb.wikimedia.org/wikipedia/commons/thumb/0/01/CHE_G%C3%A4chlingen_COA.svg/250px-CHE_G%C3%A4chlingen_COA.svg.png"
2903,50,0,0,"Löhningen (SH)","Les résultats ne sont pas encore connus dans cette commune.","https://thumb.wikimedia.org/wikipedia/commons/thumb/1/19/CHE_L%C3%B6hningen_COA.svg/500px-CHE_L%C3%B6hningen_COA.svg.png"
2904,50,0,0,"Neunkirch (SH)","Les résultats ne sont pas encore connus dans cette commune.","https://upload.wikimedia.org/wikipedia/commons/e/e9/Wappen_Neunkirch.png"
2914,50,0,0,"Büttenhardt (SH)","Les résultats ne sont pas encore connus dans cette commune.","https://upload.wikimedia.org/wikipedia/commons/8/88/Wappen_B%C3%BCttenhardt.png"
2915,50,0,0,"Dörflingen (SH)","Les résultats ne sont pas encore connus dans cette commune.","https://thumb.wikimedia.org/wikipedia/commons/thumb/8/82/D%C3%B6rflingen-blazon.svg/250px-D%C3%B6rflingen-blazon.svg.png"
2917,50,0,0,"Lohn (SH)","Les résultats ne sont pas encore connus dans cette commune.","https://upload.wikimedia.org/wikipedia/commons/5/5a/Wappen_Lohn.png"
2919,50,0,0,"Stetten (SH)","Les résultats ne sont pas encore connus dans cette commune.","https://thumb.wikimedia.org/wikipedia/commons/thumb/a/a8/Stetten_SH-blazon.svg/250px-Stetten_SH-blazon.svg.png"
2920,50,0,0,"Thayngen (SH)","Les résultats ne sont pas encore connus dans cette commune.","https://thumb.wikimedia.org/wikipedia/commons/thumb/4/40/Thayngen_Wappen.svg/500px-Thayngen_Wappen.svg.png"
2931,50,0,0,"Bargen (SH)","Les résultats ne sont pas encore connus dans cette commune.","https://thumb.wikimedia.org/wikipedia/commons/thumb/e/e5/CHE_Bargen_SH_COA.svg/500px-CHE_Bargen_SH_COA.svg.png"
2932,50,0,0,"Beringen (SH)","Les résultats ne sont pas encore connus dans cette commune.","https://upload.wikimedia.org/wikipedia/commons/f/f2/Wappen_Beringen.png"
2933,50,0,0,"Buchberg (SH)","Les résultats ne sont pas encore connus dans cette commune.","https://thumb.wikimedia.org/wikipedia/commons/thumb/5/5b/Buchberg-blazon.svg/250px-Buchberg-blazon.svg.png"
2936,50,0,0,"Merishausen (SH)","Les résultats ne sont pas encore connus dans cette commune.","https://thumb.wikimedia.org/wikipedia/commons/thumb/6/67/Merishausen-blazon.svg/250px-Merishausen-blazon.svg.png"
2937,50,0,0,"Neuhausen am Rheinfall (SH)","Les résultats ne sont pas encore connus dans cette commune.","https://thumb.wikimedia.org/wikipedia/commons/thumb/1/18/Neuhausen_am_Rheinfall-coat_of_arms.svg/500px-Neuhausen_am_Rheinfall-coat_of_arms.svg.png"
2938,50,0,0,"Rüdlingen (SH)","Les résultats ne sont pas encore connus dans cette commune.","https://thumb.wikimedia.org/wikipedia/commons/thumb/8/80/R%C3%BCdlingen-blazon.svg/250px-R%C3%BCdlingen-blazon.svg.png"
2939,50,0,0,"Schaffhouse (SH)","Les résultats ne sont pas encore connus dans cette commune.","https://thumb.wikimedia.org/wikipedia/commons/thumb/e/e6/CHE_Schaffhausen_%28Stadt%29_COA.svg/500px-CHE_Schaffhausen_%28Stadt%29_COA.svg.png"
2951,50,0,0,"Beggingen (SH)","Les résultats ne sont pas encore connus dans cette commune.","https://thumb.wikimedia.org/wikipedia/commons/thumb/c/cf/Beggingen-blazon.svg/250px-Beggingen-blazon.svg.png"
2952,50,0,0,"Schleitheim (SH)","Les résultats ne sont pas encore connus dans cette commune.","https://thumb.wikimedia.org/wikipedia/commons/thumb/a/aa/CHE_Schleitheim_COA.svg/500px-CHE_Schleitheim_COA.svg.png"
2953,50,0,0,"Siblingen (SH)","Les résultats ne sont pas encore connus dans cette commune.","https://upload.wikimedia.org/wikipedia/commons/5/51/Wappen_Siblingen.png"
2961,50,0,0,"Buch (SH)","Les résultats ne sont pas encore connus dans cette commune.","https://upload.wikimedia.org/wikipedia/commons/5/51/Wappen_Buch.png"
2962,50,0,0,"Hemishofen (SH)","Les résultats ne sont pas encore connus dans cette commune.","https://thumb.wikimedia.org/wikipedia/commons/thumb/3/3c/Hemishofen-blazon.svg/250px-Hemishofen-blazon.svg.png"
2963,50,0,0,"Ramsen (SH)","Les résultats ne sont pas encore connus dans cette commune.","https://upload.wikimedia.org/wikipedia/commons/c/c3/Wappen_Ramsen.png"
2964,50,0,0,"Stein am Rhein (SH)","Les résultats ne sont pas encore connus dans cette commune.","https://thumb.wikimedia.org/wikipedia/commons/thumb/8/8a/Stein_am_Rhein-coat_of_arms.svg/500px-Stein_am_Rhein-coat_of_arms.svg.png"
2971,50,0,0,"Hallau (SH)","Les résultats ne sont pas encore connus dans cette commune.","https://thumb.wikimedia.org/wikipedia/commons/thumb/8/89/Hallau-blazon.svg/250px-Hallau-blazon.svg.png"
2972,50,0,0,"Oberhallau (SH)","Les résultats ne sont pas encore connus dans cette commune.","https://thumb.wikimedia.org/wikipedia/commons/thumb/c/c8/Oberhallau-blazon.svg/250px-Oberhallau-blazon.svg.png"
2973,50,0,0,"Trasadingen (SH)","Les résultats ne sont pas encore connus dans cette commune.","https://upload.wikimedia.org/wikipedia/commons/0/03/Wappen_Trasadingen.png"
2974,50,0,0,"Wilchingen (SH)","Les résultats ne sont pas encore connus dans cette commune.","https://upload.wikimedia.org/wikipedia/commons/4/41/Wappen_Wilchingen.png"
3001,32.8,32.8,67.2,"Herisau (AR)","L'initiative sur la neutralité n'a pas trouvé grâce aux yeux des citoyens de Herisau. Ils ont refusé le texte à 67,2 pour cent. Herisau a dit non à l'initiative, tout comme le canton.","https://thumb.wikimedia.org/wikipedia/commons/thumb/9/97/CHE_Herisau_COA.svg/250px-CHE_Herisau_COA.svg.png"
3002,59,59,41,"Hundwil (AR)","Les habitants de Hundwil soutiennent à 59 pour cent l'initiative sur la neutralité. Hundwil a dit oui à l'initiative, mais le canton a voté non.","https://thumb.wikimedia.org/wikipedia/commons/thumb/2/2e/CHE_Hundwil_COA.svg/960px-CHE_Hundwil_COA.svg.png"
3003,53.4,53.4,46.6,"Schönengrund (AR)","A Schönengrund, les habitants disent oui à 53,4 pour cent à l'initiative sur la neutralité. Schönengrund a dit oui à l'initiative, mais le canton a voté non.","https://thumb.wikimedia.org/wikipedia/commons/thumb/4/4c/CHE_Sch%C3%B6nengrund_COA.svg/500px-CHE_Sch%C3%B6nengrund_COA.svg.png"
3004,51.7,51.7,48.3,"Schwellbrunn (AR)","La population de Schwellbrunn approuve à 51,7 pour cent l'initiative sur la neutralité. Schwellbrunn a dit oui à l'initiative, mais le canton a voté non.","https://thumb.wikimedia.org/wikipedia/commons/thumb/d/d2/Schwellbrunn-blazon.svg/250px-Schwellbrunn-blazon.svg.png"
3005,36.2,36.2,63.8,"Stein (AR)","A Stein (AR), les citoyens rejettent à 63,8 pour cent l'initiative sur la neutralité. Stein (AR) a dit non à l'initiative, tout comme le canton.","https://thumb.wikimedia.org/wikipedia/commons/thumb/9/92/CHE_Stein_AR_COA.svg/500px-CHE_Stein_AR_COA.svg.png"
3006,49.1,49.1,50.9,"Urnäsch (AR)","L'initiative sur la neutralité est refusée à 50,9 pour cent à Urnäsch. Urnäsch a dit non à l'initiative, tout comme le canton.","https://thumb.wikimedia.org/wikipedia/commons/thumb/a/a1/Urn%C3%A4sch_wappen.svg/250px-Urn%C3%A4sch_wappen.svg.png"
3007,35.1,35.1,64.9,"Waldstatt (AR)","L'initiative sur la neutralité n'a pas convaincu à Waldstatt. Les citoyens de la commune ont refusé le texte à 64,9 pour cent. Waldstatt a dit non à l'initiative, tout comme le canton.","https://thumb.wikimedia.org/wikipedia/commons/thumb/b/bb/CHE_Waldstatt_COA.svg/960px-CHE_Waldstatt_COA.svg.png"
3021,38,38,62,"Bühler (AR)","C'est non à l'initiative sur la neutralité à Bühler. Les habitants ont refusé le texte à 62 pour cent. Bühler a dit non à l'initiative, tout comme le canton.","https://thumb.wikimedia.org/wikipedia/commons/thumb/c/c2/CHE_B%C3%BChler_COA.svg/500px-CHE_B%C3%BChler_COA.svg.png"
3022,34.2,34.2,65.8,"Gais (AR)","La population de Gais rejette à 65,8 pour cent des voix l'initiative sur la neutralité. Gais a dit non à l'initiative, tout comme le canton.","https://thumb.wikimedia.org/wikipedia/commons/thumb/0/07/CHE_Gais_COA.svg/960px-CHE_Gais_COA.svg.png"
3023,25,25,75,"Speicher (AR)","C'est non à l'initiative sur la neutralité à Speicher. Les habitants ont refusé le texte à 75 pour cent. Speicher a dit non à l'initiative, tout comme le canton.","https://thumb.wikimedia.org/wikipedia/commons/thumb/5/55/CHE_Speicher_COA.svg/960px-CHE_Speicher_COA.svg.png"
3024,28.6,28.6,71.4,"Teufen (AR)","A Teufen (AR), les citoyens rejettent à 71,4 pour cent l'initiative sur la neutralité. Teufen (AR) a dit non à l'initiative, tout comme le canton.","https://thumb.wikimedia.org/wikipedia/commons/thumb/4/40/Teufen_wappen.svg/500px-Teufen_wappen.svg.png"
3025,26,26,74,"Trogen (AR)","L'initiative sur la neutralité est refusée à 74 pour cent à Trogen. Trogen a dit non à l'initiative, tout comme le canton.","https://thumb.wikimedia.org/wikipedia/commons/thumb/1/12/Trogen_AR_Wappen.svg/960px-Trogen_AR_Wappen.svg.png"
3031,39.5,39.5,60.5,"Grub (AR)","L'initiative sur la neutralité n'a pas trouvé grâce aux yeux des citoyens de Grub (AR). Ils ont refusé le texte à 60,5 pour cent. Grub (AR) a dit non à l'initiative, tout comme le canton.","https://thumb.wikimedia.org/wikipedia/commons/thumb/c/ca/CHE_Grub_AR_COA.svg/500px-CHE_Grub_AR_COA.svg.png"
3032,31.2,31.2,68.8,"Heiden (AR)","C'est non à l'initiative sur la neutralité à Heiden. Les habitants ont refusé le texte à 68,8 pour cent. Heiden a dit non à l'initiative, tout comme le canton.","https://thumb.wikimedia.org/wikipedia/commons/thumb/a/a3/CHE_Heiden_COA.svg/500px-CHE_Heiden_COA.svg.png"
3033,38,38,62,"Lutzenberg (AR)","La population de Lutzenberg rejette à 62 pour cent des voix l'initiative sur la neutralité. Lutzenberg a dit non à l'initiative, tout comme le canton.","https://thumb.wikimedia.org/wikipedia/commons/thumb/1/19/CHE_Lutzenberg_COA.svg/500px-CHE_Lutzenberg_COA.svg.png"
3034,30.9,30.9,69.1,"Rehetobel (AR)","La population de Rehetobel rejette à 69,1 pour cent des voix l'initiative sur la neutralité. Rehetobel a dit non à l'initiative, tout comme le canton.","https://thumb.wikimedia.org/wikipedia/commons/thumb/2/2f/CHE_Rehetobel_COA.svg/960px-CHE_Rehetobel_COA.svg.png"
3035,40.4,40.4,59.6,"Reute (AR)","A Reute (AR), les citoyens rejettent à 59,6 pour cent l'initiative sur la neutralité. Reute (AR) a dit non à l'initiative, tout comme le canton.","https://thumb.wikimedia.org/wikipedia/commons/thumb/b/b7/CHE_Reute_COA.svg/500px-CHE_Reute_COA.svg.png"
3036,39.1,39.1,60.9,"Wald (AR)","L'initiative sur la neutralité n'a pas convaincu à Wald (AR). Les citoyens de la commune ont refusé le texte à 60,9 pour cent. Wald (AR) a dit non à l'initiative, tout comme le canton.","https://thumb.wikimedia.org/wikipedia/commons/thumb/e/e0/CHE_Wald_AR_COA.svg/500px-CHE_Wald_AR_COA.svg.png"
3037,43.2,43.2,56.8,"Walzenhausen (AR)","A Walzenhausen, les citoyens rejettent à 56,8 pour cent l'initiative sur la neutralité. Walzenhausen a dit non à l'initiative, tout comme le canton.","https://thumb.wikimedia.org/wikipedia/commons/thumb/8/84/CHE_Walzenhausen_COA.svg/500px-CHE_Walzenhausen_COA.svg.png"
3038,44.3,44.3,55.7,"Wolfhalden (AR)","C'est non à l'initiative sur la neutralité à Wolfhalden. Les habitants ont refusé le texte à 55,7 pour cent. Wolfhalden a dit non à l'initiative, tout comme le canton.","https://thumb.wikimedia.org/wikipedia/commons/thumb/b/b3/CHE_Wolfhalden_COA.svg/500px-CHE_Wolfhalden_COA.svg.png"
3101,34.8,34.8,65.2,"Appenzell (AI)","Les habitants d'Appenzell s'opposent à l'initiative sur la neutralité par 65,2 pour cent des voix. Appenzell a dit non à l'initiative, tout comme le canton.","https://thumb.wikimedia.org/wikipedia/commons/thumb/0/08/Appenzell-blazon.svg/250px-Appenzell-blazon.svg.png"
3102,50.2,50.2,49.8,"Gonten (AI)","Les habitants de Gonten acceptent à 50,2 pour cent l'initiative sur la neutralité. Gonten a dit oui à l'initiative, mais le canton a voté non.","https://thumb.wikimedia.org/wikipedia/commons/thumb/2/27/Gonten-blazon.svg/250px-Gonten-blazon.svg.png"
3104,45.6,45.6,54.4,"Schlatt-Haslen (AI)","La population de Schlatt-Haslen rejette à 54,4 pour cent des voix l'initiative sur la neutralité. Schlatt-Haslen a dit non à l'initiative, tout comme le canton.","https://thumb.wikimedia.org/wikipedia/commons/thumb/0/03/CHE_Schlatt-Haslen_COA.svg/250px-CHE_Schlatt-Haslen_COA.svg.png"
3111,41.2,41.2,58.8,"Oberegg (AI)","La population d'Oberegg rejette à 58,8 pour cent des voix l'initiative sur la neutralité. Oberegg a dit non à l'initiative, tout comme le canton.","https://thumb.wikimedia.org/wikipedia/commons/thumb/5/5c/CHE_Oberegg_COA.svg/960px-CHE_Oberegg_COA.svg.png"
3112,42.5,42.5,57.5,"Schwende-Rüti (AI)","L'initiative sur la neutralité n'a pas trouvé grâce aux yeux des citoyens de Schwende-Rüti. Ils ont refusé le texte à 57,5 pour cent. Schwende-Rüti a dit non à l'initiative, tout comme le canton.","https://thumb.wikimedia.org/wikipedia/commons/thumb/0/08/CHE_Schwende-R%C3%BCte_COA.svg/250px-CHE_Schwende-R%C3%BCte_COA.svg.png"
3201,35.3,35.3,64.7,"Häggenschwil (SG)","L'initiative sur la neutralité n'a pas trouvé grâce aux yeux des citoyens de Häggenschwil. Ils ont refusé le texte à 64,7 pour cent. Häggenschwil a dit non à l'initiative, tout comme le canton.","https://thumb.wikimedia.org/wikipedia/commons/thumb/1/1b/H%C3%A4ggenschwil-blazon.svg/250px-H%C3%A4ggenschwil-blazon.svg.png"
3202,37,37,63,"Muolen (SG)","L'initiative sur la neutralité est refusée à 63 pour cent à Muolen. Muolen a dit non à l'initiative, tout comme le canton.","https://thumb.wikimedia.org/wikipedia/commons/thumb/a/a5/Muolen-coat_of_arms.svg/960px-Muolen-coat_of_arms.svg.png"
3203,22.1,22.1,77.9,"Saint-Gall (SG)","Les habitants de Saint-Gall s'opposent à l'initiative sur la neutralité par 77,9 pour cent des voix. Saint-Gall a dit non à l'initiative, tout comme le canton.","https://thumb.wikimedia.org/wikipedia/commons/thumb/9/90/CHE_St._Gallen_COA.svg/960px-CHE_St._Gallen_COA.svg.png"
3204,32.2,32.2,67.8,"Wittenbach (SG)","L'initiative sur la neutralité n'a pas trouvé grâce aux yeux des citoyens de Wittenbach. Ils ont refusé le texte à 67,8 pour cent. Wittenbach a dit non à l'initiative, tout comme le canton.","https://thumb.wikimedia.org/wikipedia/commons/thumb/2/21/Wittenbach-blazon.svg/250px-Wittenbach-blazon.svg.png"
3211,32.3,32.3,67.7,"Berg (SG)","L'initiative sur la neutralité est refusée à 67,7 pour cent à Berg (SG). Berg (SG) a dit non à l'initiative, tout comme le canton.","https://thumb.wikimedia.org/wikipedia/commons/thumb/5/5e/Berg_SG-blazon.svg/250px-Berg_SG-blazon.svg.png"
3212,31.8,31.8,68.2,"Eggersriet (SG)","C'est non à l'initiative sur la neutralité à Eggersriet. Les habitants ont refusé le texte à 68,2 pour cent. Eggersriet a dit non à l'initiative, tout comme le canton.","https://thumb.wikimedia.org/wikipedia/commons/thumb/9/91/Eggersriet-blazon.svg/250px-Eggersriet-blazon.svg.png"
3213,30.5,30.5,69.5,"Goldach (SG)","L'initiative sur la neutralité n'a pas convaincu à Goldach. Les citoyens de la commune ont refusé le texte à 69,5 pour cent. Goldach a dit non à l'initiative, tout comme le canton.","https://thumb.wikimedia.org/wikipedia/commons/thumb/c/c3/Goldach-blazon.svg/250px-Goldach-blazon.svg.png"
3214,28.3,28.3,71.7,"Mörschwil (SG)","Les habitants de Mörschwil s'opposent à l'initiative sur la neutralité par 71,7 pour cent des voix. Mörschwil a dit non à l'initiative, tout comme le canton.","https://thumb.wikimedia.org/wikipedia/commons/thumb/0/0d/M%C3%B6rschwil-blazon.svg/250px-M%C3%B6rschwil-blazon.svg.png"
3215,31.6,31.6,68.4,"Rorschach (SG)","L'initiative sur la neutralité n'a pas convaincu à Rorschach. Les citoyens de la commune ont refusé le texte à 68,4 pour cent. Rorschach a dit non à l'initiative, tout comme le canton.","https://thumb.wikimedia.org/wikipedia/commons/thumb/3/3c/CHE_Rorschach_COA.svg/250px-CHE_Rorschach_COA.svg.png"
3216,33.1,33.1,66.9,"Rorschacherberg (SG)","C'est non à l'initiative sur la neutralité à Rorschacherberg. Les habitants ont refusé le texte à 66,9 pour cent. Rorschacherberg a dit non à l'initiative, tout comme le canton.","https://thumb.wikimedia.org/wikipedia/commons/thumb/8/8b/Rorschacherberg-blazon.svg/250px-Rorschacherberg-blazon.svg.png"
3217,32.7,32.7,67.3,"Steinach (SG)","L'initiative sur la neutralité n'a pas trouvé grâce aux yeux des citoyens de Steinach. Ils ont refusé le texte à 67,3 pour cent. Steinach a dit non à l'initiative, tout comme le canton.","https://thumb.wikimedia.org/wikipedia/commons/thumb/5/54/Steinach-blazon.svg/250px-Steinach-blazon.svg.png"
3218,36.6,36.6,63.4,"Tübach (SG)","L'initiative sur la neutralité n'a pas trouvé grâce aux yeux des citoyens de Tübach. Ils ont refusé le texte à 63,4 pour cent. Tübach a dit non à l'initiative, tout comme le canton.","https://thumb.wikimedia.org/wikipedia/commons/thumb/6/6d/T%C3%BCbach-blazon.svg/250px-T%C3%BCbach-blazon.svg.png"
3219,35.6,35.6,64.4,"Untereggen (SG)","C'est non à l'initiative sur la neutralité à Untereggen. Les habitants ont refusé le texte à 64,4 pour cent. Untereggen a dit non à l'initiative, tout comme le canton.","https://thumb.wikimedia.org/wikipedia/commons/thumb/3/33/Untereggen-blazon.svg/250px-Untereggen-blazon.svg.png"
3231,38.4,38.4,61.6,"Au (SG)","La population d'Au (SG) rejette à 61,6 pour cent des voix l'initiative sur la neutralité. Au (SG) a dit non à l'initiative, tout comme le canton.","https://thumb.wikimedia.org/wikipedia/commons/thumb/b/b6/Wappen_Au_Kanton_St._Gallen.svg/250px-Wappen_Au_Kanton_St._Gallen.svg.png"
3232,34.1,34.1,65.9,"Balgach (SG)","L'initiative sur la neutralité n'a pas convaincu à Balgach. Les citoyens de la commune ont refusé le texte à 65,9 pour cent. Balgach a dit non à l'initiative, tout comme le canton.","https://thumb.wikimedia.org/wikipedia/commons/thumb/8/82/Balgach-blazon.svg/250px-Balgach-blazon.svg.png"
3233,37.2,37.2,62.8,"Berneck (SG)","A Berneck, les citoyens rejettent à 62,8 pour cent l'initiative sur la neutralité. Berneck a dit non à l'initiative, tout comme le canton.","https://thumb.wikimedia.org/wikipedia/commons/thumb/1/1a/Berneck-blazon.svg/250px-Berneck-blazon.svg.png"
3234,35.3,35.3,64.7,"Diepoldsau (SG)","L'initiative sur la neutralité est refusée à 64,7 pour cent à Diepoldsau. Diepoldsau a dit non à l'initiative, tout comme le canton.","https://upload.wikimedia.org/wikipedia/commons/f/fe/Coat_Diepoldsau.gif"
3235,40.5,40.5,59.5,"Rheineck (SG)","L'initiative sur la neutralité n'a pas convaincu à Rheineck. Les citoyens de la commune ont refusé le texte à 59,5 pour cent. Rheineck a dit non à l'initiative, tout comme le canton.","https://thumb.wikimedia.org/wikipedia/commons/thumb/b/ba/Rheineck-coat_of_arms.svg/500px-Rheineck-coat_of_arms.svg.png"
3236,41.5,41.5,58.5,"St. Margrethen (SG)","Les habitants de St. Margrethen s'opposent à l'initiative sur la neutralité par 58,5 pour cent des voix. St. Margrethen a dit non à l'initiative, tout comme le canton.","https://thumb.wikimedia.org/wikipedia/commons/thumb/7/75/StMargrethen-blazon.svg/250px-StMargrethen-blazon.svg.png"
3237,38.3,38.3,61.7,"Thal (SG)","L'initiative sur la neutralité n'a pas convaincu à Thal. Les citoyens de la commune ont refusé le texte à 61,7 pour cent. Thal a dit non à l'initiative, tout comme le canton.","https://thumb.wikimedia.org/wikipedia/commons/thumb/4/4f/Thal_SG-blazon.svg/250px-Thal_SG-blazon.svg.png"
3238,38.8,38.8,61.2,"Widnau (SG)","A Widnau, les citoyens rejettent à 61,2 pour cent l'initiative sur la neutralité. Widnau a dit non à l'initiative, tout comme le canton.","https://thumb.wikimedia.org/wikipedia/commons/thumb/b/b8/Widnau-blazon.svg/250px-Widnau-blazon.svg.png"
3251,39.9,39.9,60.1,"Altstätten (SG)","L'initiative sur la neutralité n'a pas convaincu à Altstätten. Les citoyens de la commune ont refusé le texte à 60,1 pour cent. Altstätten a dit non à l'initiative, tout comme le canton.","https://thumb.wikimedia.org/wikipedia/commons/thumb/2/2e/CHE_Altst%C3%A4tten_SG_COA.svg/500px-CHE_Altst%C3%A4tten_SG_COA.svg.png"
3252,51.7,51.7,48.3,"Eichberg (SG)","La population d'Eichberg approuve à 51,7 pour cent l'initiative sur la neutralité. Eichberg a dit oui à l'initiative, mais le canton a voté non.","https://thumb.wikimedia.org/wikipedia/commons/thumb/0/09/CHE_Eichberg_COA.svg/500px-CHE_Eichberg_COA.svg.png"
3253,37.1,37.1,62.9,"Marbach (SG)","L'initiative sur la neutralité n'a pas trouvé grâce aux yeux des citoyens de Marbach (SG). Ils ont refusé le texte à 62,9 pour cent. Marbach (SG) a dit non à l'initiative, tout comme le canton.","https://thumb.wikimedia.org/wikipedia/commons/thumb/1/1e/Marbach-blazon.svg/250px-Marbach-blazon.svg.png"
3254,47.3,47.3,52.7,"Oberriet (SG)","C'est non à l'initiative sur la neutralité à Oberriet (SG). Les habitants ont refusé le texte à 52,7 pour cent. Oberriet (SG) a dit non à l'initiative, tout comme le canton.","https://thumb.wikimedia.org/wikipedia/commons/thumb/2/2d/Oberriet-blazon.svg/250px-Oberriet-blazon.svg.png"
3255,40.6,40.6,59.4,"Rebstein (SG)","A Rebstein, les citoyens rejettent à 59,4 pour cent l'initiative sur la neutralité. Rebstein a dit non à l'initiative, tout comme le canton.","https://thumb.wikimedia.org/wikipedia/commons/thumb/1/12/Rebstein-blazon.svg/250px-Rebstein-blazon.svg.png"
3256,44.1,44.1,55.9,"Rüthi (SG)","Les habitants de Rüthi (SG) s'opposent à l'initiative sur la neutralité par 55,9 pour cent des voix. Rüthi (SG) a dit non à l'initiative, tout comme le canton.","https://thumb.wikimedia.org/wikipedia/commons/thumb/7/77/R%C3%BCthi-blazon.svg/250px-R%C3%BCthi-blazon.svg.png"
3271,34.1,34.1,65.9,"Buchs (SG)","L'initiative sur la neutralité n'a pas trouvé grâce aux yeux des citoyens de Buchs (SG). Ils ont refusé le texte à 65,9 pour cent. Buchs (SG) a dit non à l'initiative, tout comme le canton.","https://thumb.wikimedia.org/wikipedia/commons/thumb/e/e8/CHE_Buchs_SG_COA.svg/500px-CHE_Buchs_SG_COA.svg.png"
3272,35.5,35.5,64.5,"Gams (SG)","Les habitants de Gams s'opposent à l'initiative sur la neutralité par 64,5 pour cent des voix. Gams a dit non à l'initiative, tout comme le canton.","https://thumb.wikimedia.org/wikipedia/commons/thumb/c/c1/Gams-blazon.svg/250px-Gams-blazon.svg.png"
3273,34.9,34.9,65.1,"Grabs (SG)","L'initiative sur la neutralité est refusée à 65,1 pour cent à Grabs. Grabs a dit non à l'initiative, tout comme le canton.","https://thumb.wikimedia.org/wikipedia/commons/thumb/7/77/Grabs-blazon.svg/250px-Grabs-blazon.svg.png"
3274,42,42,58,"Sennwald (SG)","La population de Sennwald rejette à 58 pour cent des voix l'initiative sur la neutralité. Sennwald a dit non à l'initiative, tout comme le canton.","https://thumb.wikimedia.org/wikipedia/commons/thumb/4/45/CHE_Sennwald_COA.svg/500px-CHE_Sennwald_COA.svg.png"
3275,41,41,59,"Sevelen (SG)","L'initiative sur la neutralité n'a pas trouvé grâce aux yeux des citoyens de Sevelen. Ils ont refusé le texte à 59 pour cent. Sevelen a dit non à l'initiative, tout comme le canton.","https://thumb.wikimedia.org/wikipedia/commons/thumb/2/23/CHE_Sevelen_COA.svg/500px-CHE_Sevelen_COA.svg.png"
3276,39.3,39.3,60.7,"Wartau (SG)","L'initiative sur la neutralité n'a pas convaincu à Wartau. Les citoyens de la commune ont refusé le texte à 60,7 pour cent. Wartau a dit non à l'initiative, tout comme le canton.","https://thumb.wikimedia.org/wikipedia/commons/thumb/a/ac/CHE_Wartau_COA.svg/960px-CHE_Wartau_COA.svg.png"
3291,31.1,31.1,68.9,"Bad Ragaz (SG)","C'est non à l'initiative sur la neutralité à Bad Ragaz. Les habitants ont refusé le texte à 68,9 pour cent. Bad Ragaz a dit non à l'initiative, tout comme le canton.","https://thumb.wikimedia.org/wikipedia/commons/thumb/8/8b/BadRagaz-blazon.svg/250px-BadRagaz-blazon.svg.png"
3292,45.8,45.8,54.2,"Flums (SG)","L'initiative sur la neutralité est refusée à 54,2 pour cent à Flums. Flums a dit non à l'initiative, tout comme le canton.","https://thumb.wikimedia.org/wikipedia/commons/thumb/7/7e/Flums-blazon.svg/250px-Flums-blazon.svg.png"
3293,39.7,39.7,60.3,"Mels (SG)","La population de Mels rejette à 60,3 pour cent des voix l'initiative sur la neutralité. Mels a dit non à l'initiative, tout comme le canton.","https://thumb.wikimedia.org/wikipedia/commons/thumb/5/5c/CHE_Mels_COA.svg/960px-CHE_Mels_COA.svg.png"
3294,44.3,44.3,55.7,"Pfäfers (SG)","L'initiative sur la neutralité est refusée à 55,7 pour cent à Pfäfers. Pfäfers a dit non à l'initiative, tout comme le canton.","https://thumb.wikimedia.org/wikipedia/commons/thumb/4/4f/Pf%C3%A4fers-blazon.svg/250px-Pf%C3%A4fers-blazon.svg.png"
3295,44.2,44.2,55.8,"Quarten (SG)","L'initiative sur la neutralité est refusée à 55,8 pour cent à Quarten. Quarten a dit non à l'initiative, tout comme le canton.","https://thumb.wikimedia.org/wikipedia/commons/thumb/1/1f/Quarten-blazon.svg/250px-Quarten-blazon.svg.png"
3296,32.1,32.1,67.9,"Sargans (SG)","L'initiative sur la neutralité est refusée à 67,9 pour cent à Sargans. Sargans a dit non à l'initiative, tout comme le canton.","https://thumb.wikimedia.org/wikipedia/commons/thumb/a/a1/CHE_Sargans_COA.svg/500px-CHE_Sargans_COA.svg.png"
3297,36.4,36.4,63.6,"Vilters-Wangs (SG)","L'initiative sur la neutralité n'a pas trouvé grâce aux yeux des citoyens de Vilters-Wangs. Ils ont refusé le texte à 63,6 pour cent. Vilters-Wangs a dit non à l'initiative, tout comme le canton.","https://thumb.wikimedia.org/wikipedia/commons/thumb/f/fe/ViltersWangs-blazon.svg/250px-ViltersWangs-blazon.svg.png"
3298,32.8,32.8,67.2,"Walenstadt (SG)","C'est non à l'initiative sur la neutralité à Walenstadt. Les habitants ont refusé le texte à 67,2 pour cent. Walenstadt a dit non à l'initiative, tout comme le canton.","https://thumb.wikimedia.org/wikipedia/commons/thumb/a/a1/CHE_Walenstadt_COA.svg/960px-CHE_Walenstadt_COA.svg.png"
3311,46,46,54,"Amden (SG)","A Amden, les citoyens rejettent à 54 pour cent l'initiative sur la neutralité. Amden a dit non à l'initiative, tout comme le canton.","https://thumb.wikimedia.org/wikipedia/commons/thumb/f/f5/Amden-blazon.svg/250px-Amden-blazon.svg.png"
3312,47.8,47.8,52.2,"Benken (SG)","L'initiative sur la neutralité n'a pas convaincu à Benken (SG). Les citoyens de la commune ont refusé le texte à 52,2 pour cent. Benken (SG) a dit non à l'initiative, tout comme le canton.","https://thumb.wikimedia.org/wikipedia/commons/thumb/e/e7/Benken_SG-blazon.svg/250px-Benken_SG-blazon.svg.png"
3313,46.2,46.2,53.8,"Kaltbrunn (SG)","Les habitants de Kaltbrunn s'opposent à l'initiative sur la neutralité par 53,8 pour cent des voix. Kaltbrunn a dit non à l'initiative, tout comme le canton.","https://thumb.wikimedia.org/wikipedia/commons/thumb/1/13/Kaltbrunn-blazon.svg/250px-Kaltbrunn-blazon.svg.png"
3315,50.8,50.8,49.2,"Schänis (SG)","La population de Schänis approuve à 50,8 pour cent l'initiative sur la neutralité. Schänis a dit oui à l'initiative, mais le canton a voté non.","https://thumb.wikimedia.org/wikipedia/commons/thumb/f/f5/Sch%C3%A4nis-blazon.svg/250px-Sch%C3%A4nis-blazon.svg.png"
3316,41.1,41.1,58.9,"Weesen (SG)","C'est non à l'initiative sur la neutralité à Weesen. Les habitants ont refusé le texte à 58,9 pour cent. Weesen a dit non à l'initiative, tout comme le canton.","https://thumb.wikimedia.org/wikipedia/commons/thumb/5/51/Wappen_Weesen.svg/500px-Wappen_Weesen.svg.png"
3338,35.5,35.5,64.5,"Schmerikon (SG)","La population de Schmerikon rejette à 64,5 pour cent des voix l'initiative sur la neutralité. Schmerikon a dit non à l'initiative, tout comme le canton.","https://thumb.wikimedia.org/wikipedia/commons/thumb/3/31/Wappen_Schmerikon.svg/500px-Wappen_Schmerikon.svg.png"
3339,36.8,36.8,63.2,"Uznach (SG)","A Uznach, les citoyens rejettent à 63,2 pour cent l'initiative sur la neutralité. Uznach a dit non à l'initiative, tout comme le canton.","https://thumb.wikimedia.org/wikipedia/commons/thumb/f/f1/CHE_Uznach_COA.svg/960px-CHE_Uznach_COA.svg.png"
3340,25.8,25.8,74.2,"Rapperswil-Jona (SG)","L'initiative sur la neutralité est refusée à 74,2 pour cent à Rapperswil-Jona. Rapperswil-Jona a dit non à l'initiative, tout comme le canton.","https://thumb.wikimedia.org/wikipedia/commons/thumb/e/ee/Rapperswil-Jona_CoA.svg/500px-Rapperswil-Jona_CoA.svg.png"
3341,46.5,46.5,53.5,"Gommiswald (SG)","L'initiative sur la neutralité est refusée à 53,5 pour cent à Gommiswald. Gommiswald a dit non à l'initiative, tout comme le canton.","https://thumb.wikimedia.org/wikipedia/commons/thumb/3/3f/CHE_Gommiswald_COA.svg/250px-CHE_Gommiswald_COA.svg.png"
3342,45,45,55,"Eschenbach (SG)","C'est non à l'initiative sur la neutralité à Eschenbach (SG). Les habitants ont refusé le texte à 55 pour cent. Eschenbach (SG) a dit non à l'initiative, tout comme le canton.","https://thumb.wikimedia.org/wikipedia/commons/thumb/0/02/CHE_Eschenbach_SG_COA.svg/250px-CHE_Eschenbach_SG_COA.svg.png"
3352,43.4,43.4,56.6,"Ebnat-Kappel (SG)","A Ebnat-Kappel, les citoyens rejettent à 56,6 pour cent l'initiative sur la neutralité. Ebnat-Kappel a dit non à l'initiative, tout comme le canton.","https://thumb.wikimedia.org/wikipedia/commons/thumb/2/24/EbnatKappel-blazon.svg/250px-EbnatKappel-blazon.svg.png"
3359,45.7,45.7,54.3,"Wildhaus-Alt St. Johann (SG)","L'initiative sur la neutralité n'a pas convaincu à Wildhaus-Alt St. Johann. Les citoyens de la commune ont refusé le texte à 54,3 pour cent. Wildhaus-Alt St. Johann a dit non à l'initiative, tout comme le canton.","https://thumb.wikimedia.org/wikipedia/commons/thumb/d/dd/CHE_Wildhaus-Alt_St._Johann_COA.svg/250px-CHE_Wildhaus-Alt_St._Johann_COA.svg.png"
3360,48.4,48.4,51.6,"Nesslau (SG)","L'initiative sur la neutralité n'a pas trouvé grâce aux yeux des citoyens de Nesslau. Ils ont refusé le texte à 51,6 pour cent. Nesslau a dit non à l'initiative, tout comme le canton.","https://thumb.wikimedia.org/wikipedia/commons/thumb/4/49/Nesslau-blazon.svg/250px-Nesslau-blazon.svg.png"
3374,32.5,32.5,67.5,"Lichtensteig (SG)","La population de Lichtensteig rejette à 67,5 pour cent des voix l'initiative sur la neutralité. Lichtensteig a dit non à l'initiative, tout comme le canton.","https://thumb.wikimedia.org/wikipedia/commons/thumb/2/23/Wappen_Lichtensteig.svg/250px-Wappen_Lichtensteig.svg.png"
3379,42.4,42.4,57.6,"Wattwil (SG)","Les habitants de Wattwil s'opposent à l'initiative sur la neutralité par 57,6 pour cent des voix. Wattwil a dit non à l'initiative, tout comme le canton.","https://thumb.wikimedia.org/wikipedia/commons/thumb/8/8f/CHE_Wattwil_COA.svg/960px-CHE_Wattwil_COA.svg.png"
3392,42.6,42.6,57.4,"Kirchberg (SG)","L'initiative sur la neutralité n'a pas trouvé grâce aux yeux des citoyens de Kirchberg (SG). Ils ont refusé le texte à 57,4 pour cent. Kirchberg (SG) a dit non à l'initiative, tout comme le canton.","https://thumb.wikimedia.org/wikipedia/commons/thumb/0/00/Kirchberg_SG-blazon.svg/250px-Kirchberg_SG-blazon.svg.png"
3393,45.5,45.5,54.5,"Lütisburg (SG)","Les habitants de Lütisburg s'opposent à l'initiative sur la neutralité par 54,5 pour cent des voix. Lütisburg a dit non à l'initiative, tout comme le canton.","https://thumb.wikimedia.org/wikipedia/commons/thumb/b/bd/Wappen_L%C3%BCtisburg.svg/960px-Wappen_L%C3%BCtisburg.svg.png"
3394,50.9,50.9,49.1,"Mosnang (SG)","A Mosnang, les habitants disent oui à 50,9 pour cent à l'initiative sur la neutralité. Mosnang a dit oui à l'initiative, mais le canton a voté non.","https://thumb.wikimedia.org/wikipedia/commons/thumb/4/45/Mosnang-blazon.svg/250px-Mosnang-blazon.svg.png"
3395,48.1,48.1,51.9,"Bütschwil-Ganterschwil (SG)","L'initiative sur la neutralité n'a pas trouvé grâce aux yeux des citoyens de Bütschwil-Ganterschwil. Ils ont refusé le texte à 51,9 pour cent. Bütschwil-Ganterschwil a dit non à l'initiative, tout comme le canton.","https://thumb.wikimedia.org/wikipedia/commons/thumb/f/fc/CHE_B%C3%BCtschwil-Ganterschwil_COA.svg/250px-CHE_B%C3%BCtschwil-Ganterschwil_COA.svg.png"
3396,49.6,49.6,50.4,"Neckertal (SG)","La population de Neckertal rejette à 50,4 pour cent des voix l'initiative sur la neutralité. Neckertal a dit non à l'initiative, tout comme le canton.","https://thumb.wikimedia.org/wikipedia/commons/thumb/4/41/CHE_Neckertal_COA.svg/960px-CHE_Neckertal_COA.svg.png"
3401,33.1,33.1,66.9,"Degersheim (SG)","L'initiative sur la neutralité n'a pas convaincu à Degersheim. Les citoyens de la commune ont refusé le texte à 66,9 pour cent. Degersheim a dit non à l'initiative, tout comme le canton.","https://thumb.wikimedia.org/wikipedia/commons/thumb/a/a3/CHE_Degersheim_COA.svg/500px-CHE_Degersheim_COA.svg.png"
3402,31.5,31.5,68.5,"Flawil (SG)","L'initiative sur la neutralité n'a pas trouvé grâce aux yeux des citoyens de Flawil. Ils ont refusé le texte à 68,5 pour cent. Flawil a dit non à l'initiative, tout comme le canton.","https://thumb.wikimedia.org/wikipedia/commons/thumb/6/61/Wappen_Flawil.svg/960px-Wappen_Flawil.svg.png"
3405,34.7,34.7,65.3,"Jonschwil (SG)","A Jonschwil, les citoyens rejettent à 65,3 pour cent l'initiative sur la neutralité. Jonschwil a dit non à l'initiative, tout comme le canton.","https://thumb.wikimedia.org/wikipedia/commons/thumb/c/c7/Jonschwil-blazon.svg/250px-Jonschwil-blazon.svg.png"
3407,37.1,37.1,62.9,"Oberuzwil (SG)","L'initiative sur la neutralité n'a pas trouvé grâce aux yeux des citoyens d'Oberuzwil. Ils ont refusé le texte à 62,9 pour cent. Oberuzwil a dit non à l'initiative, tout comme le canton.","https://thumb.wikimedia.org/wikipedia/commons/thumb/e/e9/Oberuzwil-coat_of_arms.svg/250px-Oberuzwil-coat_of_arms.svg.png"
3408,35,35,65,"Uzwil (SG)","L'initiative sur la neutralité est refusée à 65 pour cent à Uzwil. Uzwil a dit non à l'initiative, tout comme le canton.","https://thumb.wikimedia.org/wikipedia/commons/thumb/0/0f/CHE_Uzwil_COA.svg/960px-CHE_Uzwil_COA.svg.png"
3422,45.7,45.7,54.3,"Niederbüren (SG)","A Niederbüren, les citoyens rejettent à 54,3 pour cent l'initiative sur la neutralité. Niederbüren a dit non à l'initiative, tout comme le canton.","https://thumb.wikimedia.org/wikipedia/commons/thumb/7/7f/Niederb%C3%BCren-blazon.svg/250px-Niederb%C3%BCren-blazon.svg.png"
3423,38.7,38.7,61.3,"Niederhelfenschwil (SG)","C'est non à l'initiative sur la neutralité à Niederhelfenschwil. Les habitants ont refusé le texte à 61,3 pour cent. Niederhelfenschwil a dit non à l'initiative, tout comme le canton.","https://thumb.wikimedia.org/wikipedia/commons/thumb/9/9a/Niederhelfenschwil-blazon.svg/250px-Niederhelfenschwil-blazon.svg.png"
3424,40.6,40.6,59.4,"Oberbüren (SG)","L'initiative sur la neutralité n'a pas trouvé grâce aux yeux des citoyens d'Oberbüren. Ils ont refusé le texte à 59,4 pour cent. Oberbüren a dit non à l'initiative, tout comme le canton.","https://thumb.wikimedia.org/wikipedia/commons/thumb/6/6d/Oberb%C3%BCren-blazon.svg/250px-Oberb%C3%BCren-blazon.svg.png"
3426,34.6,34.6,65.4,"Zuzwil (SG)","C'est non à l'initiative sur la neutralité à Zuzwil (SG). Les habitants ont refusé le texte à 65,4 pour cent. Zuzwil (SG) a dit non à l'initiative, tout comme le canton.","https://thumb.wikimedia.org/wikipedia/commons/thumb/8/8f/Zuzwil_SG-blazon.svg/250px-Zuzwil_SG-blazon.svg.png"
3427,30.6,30.6,69.4,"Wil (SG)","La population de Wil (SG) rejette à 69,4 pour cent des voix l'initiative sur la neutralité. Wil (SG) a dit non à l'initiative, tout comme le canton.","https://thumb.wikimedia.org/wikipedia/commons/thumb/1/17/CHE_Wil_SG_COA.svg/960px-CHE_Wil_SG_COA.svg.png"
3441,30.8,30.8,69.2,"Andwil (SG)","L'initiative sur la neutralité est refusée à 69,2 pour cent à Andwil (SG). Andwil (SG) a dit non à l'initiative, tout comme le canton.","https://thumb.wikimedia.org/wikipedia/commons/thumb/7/70/Andwil_SG-blazon.svg/250px-Andwil_SG-blazon.svg.png"
3442,26.2,26.2,73.8,"Gaiserwald (SG)","L'initiative sur la neutralité n'a pas trouvé grâce aux yeux des citoyens de Gaiserwald. Ils ont refusé le texte à 73,8 pour cent. Gaiserwald a dit non à l'initiative, tout comme le canton.","https://thumb.wikimedia.org/wikipedia/commons/thumb/6/6b/Gaiserwald-blazon.svg/250px-Gaiserwald-blazon.svg.png"
3443,32.2,32.2,67.8,"Gossau (SG)","L'initiative sur la neutralité n'a pas trouvé grâce aux yeux des citoyens de Gossau (SG). Ils ont refusé le texte à 67,8 pour cent. Gossau (SG) a dit non à l'initiative, tout comme le canton.","https://thumb.wikimedia.org/wikipedia/commons/thumb/4/4e/Gossau_SG-blazon.svg/250px-Gossau_SG-blazon.svg.png"
3444,37.7,37.7,62.3,"Waldkirch (SG)","L'initiative sur la neutralité n'a pas convaincu à Waldkirch. Les citoyens de la commune ont refusé le texte à 62,3 pour cent. Waldkirch a dit non à l'initiative, tout comme le canton.","https://thumb.wikimedia.org/wikipedia/commons/thumb/9/9e/Waldkirch-blazon.svg/250px-Waldkirch-blazon.svg.png"
3506,29.5,29.5,70.5,"Vaz/Obervaz (GR)","C'est non à l'initiative sur la neutralité à Vaz/Obervaz. Les habitants ont refusé le texte à 70,5 pour cent. Vaz/Obervaz a dit non à l'initiative, tout comme le canton.","https://thumb.wikimedia.org/wikipedia/commons/thumb/2/25/CHE_Vaz-Obervaz_COA.svg/250px-CHE_Vaz-Obervaz_COA.svg.png"
3513,23,23,77,"Lantsch/Lenz (GR)","A Lantsch/Lenz, les citoyens rejettent à 77 pour cent l'initiative sur la neutralité. Lantsch/Lenz a dit non à l'initiative, tout comme le canton.","https://thumb.wikimedia.org/wikipedia/commons/thumb/d/d1/CHE_Lantsch-Lenz_COA.svg/250px-CHE_Lantsch-Lenz_COA.svg.png"
3514,43.3,43.3,56.7,"Schmitten (GR)","Les habitants de la petite commune de Schmitten (GR) ont refusé l'initiative sur la neutralité. Ils ont dit non à cet objet par 38 voix contre 29. Schmitten (GR) a dit non à l'initiative, tout comme le canton.","https://thumb.wikimedia.org/wikipedia/commons/thumb/2/21/CHE_Schmitten_GR_COA.svg/250px-CHE_Schmitten_GR_COA.svg.png"
3542,36.4,36.4,63.6,"Albula/Alvra (GR)","L'initiative sur la neutralité n'a pas convaincu à Albula/Alvra. Les citoyens de la commune ont refusé le texte à 63,6 pour cent. Albula/Alvra a dit non à l'initiative, tout comme le canton.","https://thumb.wikimedia.org/wikipedia/commons/thumb/a/ac/CHE_Albula-Alvra_COA.svg/250px-CHE_Albula-Alvra_COA.svg.png"
3543,29.8,29.8,70.2,"Surses (GR)","A Surses, les citoyens rejettent à 70,2 pour cent l'initiative sur la neutralité. Surses a dit non à l'initiative, tout comme le canton.","https://thumb.wikimedia.org/wikipedia/commons/thumb/7/7e/CHE_Surses_COA.svg/250px-CHE_Surses_COA.svg.png"
3544,28.6,28.6,71.4,"Bergün Filisur (GR)","A Bergün Filisur, les citoyens rejettent à 71,4 pour cent l'initiative sur la neutralité. Bergün Filisur a dit non à l'initiative, tout comme le canton.","https://thumb.wikimedia.org/wikipedia/commons/thumb/7/77/CHE_Berg%C3%BCn_Filisur_COA.svg/250px-CHE_Berg%C3%BCn_Filisur_COA.svg.png"
3551,53.2,53.2,46.8,"Brusio (GR)","Les habitants de Brusio acceptent à 53,2 pour cent l'initiative sur la neutralité. Brusio a dit oui à l'initiative, mais le canton a voté non.","https://thumb.wikimedia.org/wikipedia/commons/thumb/d/d9/CHE_Brusio_COA.svg/250px-CHE_Brusio_COA.svg.png"
3561,44.6,44.6,55.4,"Poschiavo (GR)","Les habitants de Poschiavo s'opposent à l'initiative sur la neutralité par 55,4 pour cent des voix. Poschiavo a dit non à l'initiative, tout comme le canton.","https://thumb.wikimedia.org/wikipedia/commons/thumb/1/17/CHE_Poschiavo_COA.svg/250px-CHE_Poschiavo_COA.svg.png"
3572,32.6,32.6,67.4,"Falera (GR)","Les habitants de Falera s'opposent à l'initiative sur la neutralité par 67,4 pour cent des voix. Falera a dit non à l'initiative, tout comme le canton.","https://thumb.wikimedia.org/wikipedia/commons/thumb/c/c0/CHE_Falera_COA.svg/250px-CHE_Falera_COA.svg.png"
3575,31.2,31.2,68.8,"Laax (GR)","L'initiative sur la neutralité est refusée à 68,8 pour cent à Laax. Laax a dit non à l'initiative, tout comme le canton.","https://thumb.wikimedia.org/wikipedia/commons/thumb/d/d2/CHE_Laax_COA.svg/250px-CHE_Laax_COA.svg.png"
3581,21.5,21.5,78.5,"Sagogn (GR)","A Sagogn, les citoyens rejettent à 78,5 pour cent l'initiative sur la neutralité. Sagogn a dit non à l'initiative, tout comme le canton.","https://thumb.wikimedia.org/wikipedia/commons/thumb/e/e9/CHE_Sagogn_COA.svg/250px-CHE_Sagogn_COA.svg.png"
3582,39.6,39.6,60.4,"Schluein (GR)","La population de Schluein rejette à 60,4 pour cent des voix l'initiative sur la neutralité. Schluein a dit non à l'initiative, tout comme le canton.","https://thumb.wikimedia.org/wikipedia/commons/thumb/3/3a/CHE_Schluein_COA.svg/250px-CHE_Schluein_COA.svg.png"
3603,18.8,18.8,81.2,"Vals (GR)","A Vals, les citoyens rejettent à 81,2 pour cent l'initiative sur la neutralité. Vals a dit non à l'initiative, tout comme le canton.","https://thumb.wikimedia.org/wikipedia/commons/thumb/0/07/CHE_Vals_COA.svg/960px-CHE_Vals_COA.svg.png"
3618,32.7,32.7,67.3,"Lumnezia (GR)","L'initiative sur la neutralité n'a pas convaincu à Lumnezia. Les citoyens de la commune ont refusé le texte à 67,3 pour cent. Lumnezia a dit non à l'initiative, tout comme le canton.","https://thumb.wikimedia.org/wikipedia/commons/thumb/9/9a/CHE_Lumnezia_COA.svg/250px-CHE_Lumnezia_COA.svg.png"
3619,34.9,34.9,65.1,"Ilanz/Glion (GR)","L'initiative sur la neutralité est refusée à 65,1 pour cent à Ilanz/Glion. Ilanz/Glion a dit non à l'initiative, tout comme le canton.","https://thumb.wikimedia.org/wikipedia/commons/thumb/b/bc/CHE_Ilanz-Glion_COA.svg/250px-CHE_Ilanz-Glion_COA.svg.png"
3633,39.1,39.1,60.9,"Fürstenau (GR)","Les habitants de Fürstenau s'opposent à l'initiative sur la neutralité par 60,9 pour cent des voix. Fürstenau a dit non à l'initiative, tout comme le canton.","https://thumb.wikimedia.org/wikipedia/commons/thumb/a/a1/CHE_F%C3%BCrstenau_COA.svg/960px-CHE_F%C3%BCrstenau_COA.svg.png"
3637,36.8,36.8,63.2,"Rothenbrunnen (GR)","L'initiative sur la neutralité est refusée à 63,2 pour cent à Rothenbrunnen. Rothenbrunnen a dit non à l'initiative, tout comme le canton.","https://thumb.wikimedia.org/wikipedia/commons/thumb/3/37/CHE_Rothenbrunnen_COA.svg/250px-CHE_Rothenbrunnen_COA.svg.png"
3638,36.1,36.1,63.9,"Scharans (GR)","L'initiative sur la neutralité n'a pas trouvé grâce aux yeux des citoyens de Scharans. Ils ont refusé le texte à 63,9 pour cent. Scharans a dit non à l'initiative, tout comme le canton.","https://thumb.wikimedia.org/wikipedia/commons/thumb/c/c5/CHE_Scharans_COA.svg/250px-CHE_Scharans_COA.svg.png"
3640,35.2,35.2,64.8,"Sils im Domleschg (GR)","L'initiative sur la neutralité est refusée à 64,8 pour cent à Sils im Domleschg. Sils im Domleschg a dit non à l'initiative, tout comme le canton.","https://thumb.wikimedia.org/wikipedia/commons/thumb/c/cb/CHE_Sils_im_Domleschg_COA.svg/250px-CHE_Sils_im_Domleschg_COA.svg.png"
3661,38.8,38.8,61.2,"Cazis (GR)","L'initiative sur la neutralité n'a pas convaincu à Cazis. Les citoyens de la commune ont refusé le texte à 61,2 pour cent. Cazis a dit non à l'initiative, tout comme le canton.","https://thumb.wikimedia.org/wikipedia/commons/thumb/a/a9/CHE_Cazis_COA.svg/250px-CHE_Cazis_COA.svg.png"
3662,33.3,33.3,66.7,"Flerden (GR)","L'initiative sur la neutralité est refusée à 66,7 pour cent à Flerden. Flerden a dit non à l'initiative, tout comme le canton.","https://thumb.wikimedia.org/wikipedia/commons/thumb/4/42/CHE_Flerden_COA.svg/250px-CHE_Flerden_COA.svg.png"
3663,22.6,22.6,77.4,"Masein (GR)","La population de Masein rejette à 77,4 pour cent des voix l'initiative sur la neutralité. Masein a dit non à l'initiative, tout comme le canton.","https://thumb.wikimedia.org/wikipedia/commons/thumb/c/ce/CHE_Masein_COA.svg/960px-CHE_Masein_COA.svg.png"
3668,34,34,66,"Thusis (GR)","L'initiative sur la neutralité est refusée à 66 pour cent à Thusis. Thusis a dit non à l'initiative, tout comme le canton.","https://thumb.wikimedia.org/wikipedia/commons/thumb/2/2b/CHE_Thusis_COA.svg/250px-CHE_Thusis_COA.svg.png"
3669,31,31,69,"Tschappina (GR)","Les habitants de la petite commune de Tschappina ont refusé l'initiative sur la neutralité. Ils ont dit non à cet objet par 58 voix contre 26. Tschappina a dit non à l'initiative, tout comme le canton.","https://thumb.wikimedia.org/wikipedia/commons/thumb/f/f4/CHE_Tschappina_COA.svg/250px-CHE_Tschappina_COA.svg.png"
3670,35.7,35.7,64.3,"Urmein (GR)","L'initiative sur la neutralité ne passe pas la rampe à Urmein. Les habitants de cette petite commune l'ont rejetée par 54 voix, contre 30. Urmein a dit non à l'initiative, tout comme le canton.","https://thumb.wikimedia.org/wikipedia/commons/thumb/c/c4/CHE_Urmein_COA.svg/250px-CHE_Urmein_COA.svg.png"
3672,33.5,33.5,66.5,"Safiental (GR)","L'initiative sur la neutralité n'a pas convaincu à Safiental. Les citoyens de la commune ont refusé le texte à 66,5 pour cent. Safiental a dit non à l'initiative, tout comme le canton.","https://thumb.wikimedia.org/wikipedia/commons/thumb/4/4b/CHE_Safiental_COA.svg/250px-CHE_Safiental_COA.svg.png"
3673,29.9,29.9,70.1,"Domleschg (GR)","La population de Domleschg rejette à 70,1 pour cent des voix l'initiative sur la neutralité. Domleschg a dit non à l'initiative, tout comme le canton.","https://thumb.wikimedia.org/wikipedia/commons/thumb/a/a0/CHE_Domleschg_COA.svg/250px-CHE_Domleschg_COA.svg.png"
3681,24.3,24.3,75.7,"Avers (GR)","L'initiative sur la neutralité ne passe pas la rampe à Avers. Les habitants de cette petite commune l'ont rejetée par 56 voix, contre 18. Avers a dit non à l'initiative, tout comme le canton.","https://thumb.wikimedia.org/wikipedia/commons/thumb/6/6f/CHE_Avers_COA.svg/960px-CHE_Avers_COA.svg.png"
3695,22.1,22.1,77.9,"Sufers (GR)","L'initiative sur la neutralité ne passe pas la rampe à Sufers. Les habitants de cette petite commune l'ont rejetée par 53 voix, contre 15. Sufers a dit non à l'initiative, tout comme le canton.","https://thumb.wikimedia.org/wikipedia/commons/thumb/5/54/CHE_Sufers_COA.svg/250px-CHE_Sufers_COA.svg.png"
3701,29.4,29.4,70.6,"Andeer (GR)","Les habitants d'Andeer s'opposent à l'initiative sur la neutralité par 70,6 pour cent des voix. Andeer a dit non à l'initiative, tout comme le canton.","https://thumb.wikimedia.org/wikipedia/commons/thumb/b/b2/CHE_Andeer_COA.svg/250px-CHE_Andeer_COA.svg.png"
3711,48,48,52,"Rongellen (GR)","L'initiative sur la neutralité ne passe pas la rampe à Rongellen. Les habitants de cette petite commune l'ont rejetée par 13 voix, contre 12. Rongellen a dit non à l'initiative, tout comme le canton.","https://thumb.wikimedia.org/wikipedia/commons/thumb/e/ef/CHE_Rongellen_COA.svg/250px-CHE_Rongellen_COA.svg.png"
3712,35.2,35.2,64.8,"Zillis-Reischen (GR)","C'est non à l'initiative sur la neutralité à Zillis-Reischen. Les habitants ont refusé le texte à 64,8 pour cent. Zillis-Reischen a dit non à l'initiative, tout comme le canton.","https://thumb.wikimedia.org/wikipedia/commons/thumb/b/b5/CHE_Zillis-Reischen_COA.svg/250px-CHE_Zillis-Reischen_COA.svg.png"
3713,44.8,44.8,55.2,"Ferrera (GR)","Les habitants de la petite commune de Ferrera ont refusé l'initiative sur la neutralité. Ils ont dit non à cet objet par 16 voix contre 13. Ferrera a dit non à l'initiative, tout comme le canton.","https://thumb.wikimedia.org/wikipedia/commons/thumb/3/3d/CHE_Ferrera_COA.svg/250px-CHE_Ferrera_COA.svg.png"
3714,33.9,33.9,66.1,"Rheinwald (GR)","L'initiative sur la neutralité est refusée à 66,1 pour cent à Rheinwald. Rheinwald a dit non à l'initiative, tout comme le canton.","https://thumb.wikimedia.org/wikipedia/commons/thumb/a/ac/CHE_Rheinwald_COA.svg/250px-CHE_Rheinwald_COA.svg.png"
3715,34,34,66,"Muntogna da Schons (GR)","A Muntogna da Schons, les citoyens rejettent à 66 pour cent l'initiative sur la neutralité. Muntogna da Schons a dit non à l'initiative, tout comme le canton.","https://thumb.wikimedia.org/wikipedia/commons/thumb/0/0a/CHE_Muntogna_da_Schons_COA.svg/250px-CHE_Muntogna_da_Schons_COA.svg.png"
3721,29.6,29.6,70.4,"Bonaduz (GR)","A Bonaduz, les citoyens rejettent à 70,4 pour cent l'initiative sur la neutralité. Bonaduz a dit non à l'initiative, tout comme le canton.","https://thumb.wikimedia.org/wikipedia/commons/thumb/d/d5/CHE_Bonaduz_COA.svg/250px-CHE_Bonaduz_COA.svg.png"
3722,31,31,69,"Domat/Ems (GR)","L'initiative sur la neutralité est refusée à 69 pour cent à Domat/Ems. Domat/Ems a dit non à l'initiative, tout comme le canton.","https://thumb.wikimedia.org/wikipedia/commons/thumb/1/1f/CHE_Domat-Ems_COA.svg/250px-CHE_Domat-Ems_COA.svg.png"
3723,27.9,27.9,72.1,"Rhäzüns (GR)","La population de Rhäzüns rejette à 72,1 pour cent des voix l'initiative sur la neutralité. Rhäzüns a dit non à l'initiative, tout comme le canton.","https://thumb.wikimedia.org/wikipedia/commons/thumb/6/65/CHE_Rh%C3%A4z%C3%BCns_COA.svg/250px-CHE_Rh%C3%A4z%C3%BCns_COA.svg.png"
3731,27.3,27.3,72.7,"Felsberg (GR)","L'initiative sur la neutralité est refusée à 72,7 pour cent à Felsberg. Felsberg a dit non à l'initiative, tout comme le canton.","https://thumb.wikimedia.org/wikipedia/commons/thumb/3/3f/CHE_Felsberg_COA.svg/250px-CHE_Felsberg_COA.svg.png"
3732,24.3,24.3,75.7,"Flims (GR)","L'initiative sur la neutralité est refusée à 75,7 pour cent à Flims. Flims a dit non à l'initiative, tout comme le canton.","https://thumb.wikimedia.org/wikipedia/commons/thumb/9/92/CHE_Flims_COA.svg/250px-CHE_Flims_COA.svg.png"
3733,33.7,33.7,66.3,"Tamins (GR)","A Tamins, les citoyens rejettent à 66,3 pour cent l'initiative sur la neutralité. Tamins a dit non à l'initiative, tout comme le canton.","https://thumb.wikimedia.org/wikipedia/commons/thumb/e/e5/CHE_Tamins_COA.svg/250px-CHE_Tamins_COA.svg.png"
3734,22.9,22.9,77.1,"Trin (GR)","L'initiative sur la neutralité n'a pas convaincu à Trin. Les citoyens de la commune ont refusé le texte à 77,1 pour cent. Trin a dit non à l'initiative, tout comme le canton.","https://thumb.wikimedia.org/wikipedia/commons/thumb/5/55/CHE_Trin_COA.svg/250px-CHE_Trin_COA.svg.png"
3746,33.5,33.5,66.5,"Zernez (GR)","A Zernez, les citoyens rejettent à 66,5 pour cent l'initiative sur la neutralité. Zernez a dit non à l'initiative, tout comme le canton.","https://thumb.wikimedia.org/wikipedia/commons/thumb/e/eb/CHE_Zernez_COA.svg/250px-CHE_Zernez_COA.svg.png"
3752,59.5,59.5,40.5,"Samnaun (GR)","L'initiative sur la neutralité passe la rampe avec 59,5 pour cent de oui à Samnaun. Samnaun a dit oui à l'initiative, mais le canton a voté non.","https://thumb.wikimedia.org/wikipedia/commons/thumb/a/a3/CHE_Samnaun_COA.svg/250px-CHE_Samnaun_COA.svg.png"
3762,29.1,29.1,70.9,"Scuol (GR)","L'initiative sur la neutralité n'a pas trouvé grâce aux yeux des citoyens de Scuol. Ils ont refusé le texte à 70,9 pour cent. Scuol a dit non à l'initiative, tout comme le canton.","https://thumb.wikimedia.org/wikipedia/commons/thumb/1/10/CHE_Scuol_COA.svg/250px-CHE_Scuol_COA.svg.png"
3764,36.5,36.5,63.5,"Valsot (GR)","L'initiative sur la neutralité est refusée à 63,5 pour cent à Valsot. Valsot a dit non à l'initiative, tout comme le canton.","https://thumb.wikimedia.org/wikipedia/commons/thumb/b/b0/CHE_Valsot_COA.svg/250px-CHE_Valsot_COA.svg.png"
3781,27.2,27.2,72.8,"Bever (GR)","C'est non à l'initiative sur la neutralité à Bever. Les habitants ont refusé le texte à 72,8 pour cent. Bever a dit non à l'initiative, tout comme le canton.","https://thumb.wikimedia.org/wikipedia/commons/thumb/5/5b/CHE_Bever_COA.svg/250px-CHE_Bever_COA.svg.png"
3782,25.8,25.8,74.2,"Celerina/Schlarigna (GR)","A Celerina/Schlarigna, les citoyens rejettent à 74,2 pour cent l'initiative sur la neutralité. Celerina/Schlarigna a dit non à l'initiative, tout comme le canton.","https://thumb.wikimedia.org/wikipedia/commons/thumb/0/09/CHE_Celerina-Schlarigna_COA.svg/250px-CHE_Celerina-Schlarigna_COA.svg.png"
3783,41.2,41.2,58.8,"Madulain (GR)","Les habitants de la petite commune de Madulain ont refusé l'initiative sur la neutralité. Ils ont dit non à cet objet par 47 voix contre 33. Madulain a dit non à l'initiative, tout comme le canton.","https://thumb.wikimedia.org/wikipedia/commons/thumb/5/5e/CHE_Madulain_COA.svg/250px-CHE_Madulain_COA.svg.png"
3784,31.2,31.2,68.8,"Pontresina (GR)","La population de Pontresina rejette à 68,8 pour cent des voix l'initiative sur la neutralité. Pontresina a dit non à l'initiative, tout comme le canton.","https://thumb.wikimedia.org/wikipedia/commons/thumb/3/3f/CHE_Pontresina_COA.svg/250px-CHE_Pontresina_COA.svg.png"
3785,34.2,34.2,65.8,"La Punt-Chamues-ch (GR)","L'initiative sur la neutralité est refusée à 65,8 pour cent à La Punt-Chamues-ch. La Punt-Chamues-ch a dit non à l'initiative, tout comme le canton.","https://thumb.wikimedia.org/wikipedia/commons/thumb/5/55/CHE_La_Punt_Chamues-ch_COA.svg/250px-CHE_La_Punt_Chamues-ch_COA.svg.png"
3786,31.3,31.3,68.7,"Samedan (GR)","A Samedan, les citoyens rejettent à 68,7 pour cent l'initiative sur la neutralité. Samedan a dit non à l'initiative, tout comme le canton.","https://thumb.wikimedia.org/wikipedia/commons/thumb/0/0e/CHE_Samedan_COA.svg/250px-CHE_Samedan_COA.svg.png"
3787,33.9,33.9,66.1,"St. Moritz (GR)","L'initiative sur la neutralité n'a pas trouvé grâce aux yeux des citoyens de St. Moritz. Ils ont refusé le texte à 66,1 pour cent. St. Moritz a dit non à l'initiative, tout comme le canton.","https://thumb.wikimedia.org/wikipedia/commons/thumb/8/84/CHE_St_Moritz_COA.svg/250px-CHE_St_Moritz_COA.svg.png"
3788,37.7,37.7,62.3,"S-chanf (GR)","A S-chanf, les citoyens rejettent à 62,3 pour cent l'initiative sur la neutralité. S-chanf a dit non à l'initiative, tout comme le canton.","https://thumb.wikimedia.org/wikipedia/commons/thumb/d/d5/CHE_S-chanf_COA.svg/250px-CHE_S-chanf_COA.svg.png"
3789,30.7,30.7,69.3,"Sils im Engadin/Segl (GR)","L'initiative sur la neutralité est refusée à 69,3 pour cent à Sils im Engadin/Segl. Sils im Engadin/Segl a dit non à l'initiative, tout comme le canton.","https://thumb.wikimedia.org/wikipedia/commons/thumb/f/f7/CHE_Sils_im_Engadin_Segl_COA.svg/960px-CHE_Sils_im_Engadin_Segl_COA.svg.png"
3790,39.7,39.7,60.3,"Silvaplana (GR)","A Silvaplana, les citoyens rejettent à 60,3 pour cent l'initiative sur la neutralité. Silvaplana a dit non à l'initiative, tout comme le canton.","https://thumb.wikimedia.org/wikipedia/commons/thumb/e/e4/CHE_Silvaplana_COA.svg/250px-CHE_Silvaplana_COA.svg.png"
3791,32.9,32.9,67.1,"Zuoz (GR)","Les habitants de Zuoz s'opposent à l'initiative sur la neutralité par 67,1 pour cent des voix. Zuoz a dit non à l'initiative, tout comme le canton.","https://thumb.wikimedia.org/wikipedia/commons/thumb/9/93/CHE_Zuoz_COA.svg/250px-CHE_Zuoz_COA.svg.png"
3792,33.2,33.2,66.8,"Bregaglia (GR)","La population de Bregaglia rejette à 66,8 pour cent des voix l'initiative sur la neutralité. Bregaglia a dit non à l'initiative, tout comme le canton.","https://thumb.wikimedia.org/wikipedia/commons/thumb/9/96/CHE_Bregaglia_COA.svg/250px-CHE_Bregaglia_COA.svg.png"
3804,54.1,54.1,45.9,"Buseno (GR)","Les électeurs de la petite commune de Buseno soutiennent l'initiative sur la neutralité. Ils ont dit oui au texte par 20 voix, contre 17. Buseno a dit oui à l'initiative, mais le canton a voté non.","https://thumb.wikimedia.org/wikipedia/commons/thumb/a/a6/CHE_Buseno_COA.svg/250px-CHE_Buseno_COA.svg.png"
3805,54.4,54.4,45.6,"Castaneda (GR)","Les habitants de Castaneda soutiennent à 54,4 pour cent l'initiative sur la neutralité. Castaneda a dit oui à l'initiative, mais le canton a voté non.","https://thumb.wikimedia.org/wikipedia/commons/thumb/1/13/CHE_Castaneda_COA.svg/250px-CHE_Castaneda_COA.svg.png"
3808,60.6,60.6,39.4,"Rossa (GR)","L'initiative sur la neutralité est validée à Rossa. Les citoyens de cette petite commune sont 57 à soutenir le texte, contre 37 à le refuser. Rossa a dit oui à l'initiative, mais le canton a voté non.","https://thumb.wikimedia.org/wikipedia/commons/thumb/0/0f/CHE_Rossa_COA.svg/250px-CHE_Rossa_COA.svg.png"
3810,67.3,67.3,32.7,"Santa Maria in Calanca (GR)","L'initiative sur la neutralité est validée à Santa Maria in Calanca. Les citoyens de cette petite commune sont 33 à soutenir le texte, contre 16 à le refuser. Santa Maria in Calanca a dit oui à l'initiative, mais le canton a voté non.","https://thumb.wikimedia.org/wikipedia/commons/thumb/d/dc/CHE_Santa_Maria_in_Calanca_COA.svg/250px-CHE_Santa_Maria_in_Calanca_COA.svg.png"
3821,58.3,58.3,41.7,"Lostallo (GR)","Les habitants de Lostallo acceptent à 58,3 pour cent l'initiative sur la neutralité. Lostallo a dit oui à l'initiative, mais le canton a voté non.","https://thumb.wikimedia.org/wikipedia/commons/thumb/9/98/CHE_Lostallo_COA.svg/250px-CHE_Lostallo_COA.svg.png"
3822,59.3,59.3,40.7,"Mesocco (GR)","Les habitants de Mesocco acceptent à 59,3 pour cent l'initiative sur la neutralité. Mesocco a dit oui à l'initiative, mais le canton a voté non.","https://thumb.wikimedia.org/wikipedia/commons/thumb/7/72/CHE_Mesocco_COA.svg/250px-CHE_Mesocco_COA.svg.png"
3823,56,56,44,"Soazza (GR)","A Soazza, les habitants disent oui à 56 pour cent à l'initiative sur la neutralité. Soazza a dit oui à l'initiative, mais le canton a voté non.","https://thumb.wikimedia.org/wikipedia/commons/thumb/1/13/CHE_Soazza_COA.svg/250px-CHE_Soazza_COA.svg.png"
3831,57.7,57.7,42.3,"Cama (GR)","Les habitants de Cama acceptent à 57,7 pour cent l'initiative sur la neutralité. Cama a dit oui à l'initiative, mais le canton a voté non.","https://thumb.wikimedia.org/wikipedia/commons/thumb/4/4b/CHE_Cama_COA.svg/250px-CHE_Cama_COA.svg.png"
3832,58.5,58.5,41.5,"Grono (GR)","L'initiative sur la neutralité passe la rampe avec 58,5 pour cent de oui à Grono. Grono a dit oui à l'initiative, mais le canton a voté non.","https://thumb.wikimedia.org/wikipedia/commons/thumb/7/7d/CHE_Grono_COA.svg/250px-CHE_Grono_COA.svg.png"
3834,58.7,58.7,41.3,"Roveredo (GR)","Roveredo (GR) dit oui à 58,7 pour cent à l'initiative sur la neutralité. Roveredo (GR) a dit oui à l'initiative, mais le canton a voté non.","https://thumb.wikimedia.org/wikipedia/commons/thumb/0/05/CHE_Roveredo_COA.svg/250px-CHE_Roveredo_COA.svg.png"
3835,59.8,59.8,40.2,"San Vittore (GR)","Les habitants de San Vittore acceptent à 59,8 pour cent l'initiative sur la neutralité. San Vittore a dit oui à l'initiative, mais le canton a voté non.","https://thumb.wikimedia.org/wikipedia/commons/thumb/4/4d/CHE_San_Vittore_COA.svg/250px-CHE_San_Vittore_COA.svg.png"
3837,31.4,31.4,68.6,"Calanca (GR)","L'initiative sur la neutralité ne passe pas la rampe à Calanca. Les habitants de cette petite commune l'ont rejetée par 59 voix, contre 27. Calanca a dit non à l'initiative, tout comme le canton.","https://thumb.wikimedia.org/wikipedia/commons/thumb/b/b1/CHE_Calanca_GR_COA.svg/250px-CHE_Calanca_GR_COA.svg.png"
3847,33.2,33.2,66.8,"Val Müstair (GR)","L'initiative sur la neutralité est refusée à 66,8 pour cent à Val Müstair. Val Müstair a dit non à l'initiative, tout comme le canton.","https://thumb.wikimedia.org/wikipedia/commons/thumb/8/8b/M%C3%BCnstertal_nach_S%C3%BCden.jpg/960px-M%C3%BCnstertal_nach_S%C3%BCden.jpg"
3851,29.5,29.5,70.5,"Davos (GR)","Les habitants de Davos s'opposent à l'initiative sur la neutralité par 70,5 pour cent des voix. Davos a dit non à l'initiative, tout comme le canton.","https://thumb.wikimedia.org/wikipedia/commons/thumb/3/39/CHE_Davos_COA.svg/250px-CHE_Davos_COA.svg.png"
3861,39.7,39.7,60.3,"Fideris (GR)","Les habitants de Fideris s'opposent à l'initiative sur la neutralité par 60,3 pour cent des voix. Fideris a dit non à l'initiative, tout comme le canton.","https://thumb.wikimedia.org/wikipedia/commons/thumb/b/b6/CHE_Fideris_COA.svg/250px-CHE_Fideris_COA.svg.png"
3862,62.7,62.7,37.3,"Furna (GR)","L'initiative sur la neutralité est validée à Furna. Les citoyens de cette petite commune sont 52 à soutenir le texte, contre 31 à le refuser. Furna a dit oui à l'initiative, mais le canton a voté non.","https://thumb.wikimedia.org/wikipedia/commons/thumb/0/0c/CHE_Furna_COA.svg/250px-CHE_Furna_COA.svg.png"
3863,38.8,38.8,61.2,"Jenaz (GR)","L'initiative sur la neutralité n'a pas convaincu à Jenaz. Les citoyens de la commune ont refusé le texte à 61,2 pour cent. Jenaz a dit non à l'initiative, tout comme le canton.","https://thumb.wikimedia.org/wikipedia/commons/thumb/9/99/CHE_Jenaz_COA.svg/250px-CHE_Jenaz_COA.svg.png"
3871,37.9,37.9,62.1,"Klosters-Serneus (GR)","La population de Klosters-Serneus rejette à 62,1 pour cent des voix l'initiative sur la neutralité. Klosters-Serneus a dit non à l'initiative, tout comme le canton.","https://thumb.wikimedia.org/wikipedia/commons/thumb/5/56/CHE_Klosters-Serneus_COA.svg/250px-CHE_Klosters-Serneus_COA.svg.png"
3881,44.8,44.8,55.2,"Conters im Prättigau (GR)","L'initiative sur la neutralité ne passe pas la rampe à Conters im Prättigau. Les habitants de cette petite commune l'ont rejetée par 48 voix, contre 39. Conters im Prättigau a dit non à l'initiative, tout comme le canton.","https://thumb.wikimedia.org/wikipedia/commons/thumb/d/d3/CHE_Conters_im_Pr%C3%A4ttigau_COA.svg/250px-CHE_Conters_im_Pr%C3%A4ttigau_COA.svg.png"
3882,47.7,47.7,52.3,"Küblis (GR)","A Küblis, les citoyens rejettent à 52,3 pour cent l'initiative sur la neutralité. Küblis a dit non à l'initiative, tout comme le canton.","https://thumb.wikimedia.org/wikipedia/commons/thumb/3/3b/CHE_K%C3%BCblis_COA.svg/250px-CHE_K%C3%BCblis_COA.svg.png"
3891,50.1,50.1,49.9,"Luzein (GR)","Luzein dit oui à 50,1 pour cent à l'initiative sur la neutralité. Luzein a dit oui à l'initiative, mais le canton a voté non.","https://thumb.wikimedia.org/wikipedia/commons/thumb/4/46/CHE_Luzein_COA.svg/250px-CHE_Luzein_COA.svg.png"
3901,26.5,26.5,73.5,"Coire (GR)","La population de Coire rejette à 73,5 pour cent des voix l'initiative sur la neutralité. Coire a dit non à l'initiative, tout comme le canton.","https://thumb.wikimedia.org/wikipedia/commons/thumb/5/5a/CHE_Chur_COA.svg/250px-CHE_Chur_COA.svg.png"
3911,29.8,29.8,70.2,"Churwalden (GR)","La population de Churwalden rejette à 70,2 pour cent des voix l'initiative sur la neutralité. Churwalden a dit non à l'initiative, tout comme le canton.","https://thumb.wikimedia.org/wikipedia/commons/thumb/0/00/CHE_Churwalden_COA.svg/960px-CHE_Churwalden_COA.svg.png"
3921,36.8,36.8,63.2,"Arosa (GR)","L'initiative sur la neutralité n'a pas trouvé grâce aux yeux des citoyens d'Arosa. Ils ont refusé le texte à 63,2 pour cent. Arosa a dit non à l'initiative, tout comme le canton.","https://thumb.wikimedia.org/wikipedia/commons/thumb/8/8c/CHE_Arosa_COA.svg/250px-CHE_Arosa_COA.svg.png"
3945,39.3,39.3,60.7,"Trimmis (GR)","L'initiative sur la neutralité n'a pas trouvé grâce aux yeux des citoyens de Trimmis. Ils ont refusé le texte à 60,7 pour cent. Trimmis a dit non à l'initiative, tout comme le canton.","https://thumb.wikimedia.org/wikipedia/commons/thumb/4/40/CHE_Trimmis_COA.svg/250px-CHE_Trimmis_COA.svg.png"
3946,37.9,37.9,62.1,"Untervaz (GR)","A Untervaz, les citoyens rejettent à 62,1 pour cent l'initiative sur la neutralité. Untervaz a dit non à l'initiative, tout comme le canton.","https://thumb.wikimedia.org/wikipedia/commons/thumb/b/b3/CHE_Untervaz_COA.svg/250px-CHE_Untervaz_COA.svg.png"
3947,33.5,33.5,66.5,"Zizers (GR)","C'est non à l'initiative sur la neutralité à Zizers. Les habitants ont refusé le texte à 66,5 pour cent. Zizers a dit non à l'initiative, tout comme le canton.","https://thumb.wikimedia.org/wikipedia/commons/thumb/a/a8/CHE_Zizers_COA.svg/250px-CHE_Zizers_COA.svg.png"
3951,36,36,64,"Fläsch (GR)","L'initiative sur la neutralité n'a pas convaincu à Fläsch. Les citoyens de la commune ont refusé le texte à 64 pour cent. Fläsch a dit non à l'initiative, tout comme le canton.","https://thumb.wikimedia.org/wikipedia/commons/thumb/6/6a/CHE_Fl%C3%A4sch_COA.svg/250px-CHE_Fl%C3%A4sch_COA.svg.png"
3952,28.9,28.9,71.1,"Jenins (GR)","A Jenins, les citoyens rejettent à 71,1 pour cent l'initiative sur la neutralité. Jenins a dit non à l'initiative, tout comme le canton.","https://thumb.wikimedia.org/wikipedia/commons/thumb/b/b9/CHE_Jenins_COA.svg/250px-CHE_Jenins_COA.svg.png"
3953,34.4,34.4,65.6,"Maienfeld (GR)","L'initiative sur la neutralité est refusée à 65,6 pour cent à Maienfeld. Maienfeld a dit non à l'initiative, tout comme le canton.","https://thumb.wikimedia.org/wikipedia/commons/thumb/e/e9/CHE_Maienfeld_COA.svg/250px-CHE_Maienfeld_COA.svg.png"
3954,27,27,73,"Malans (GR)","L'initiative sur la neutralité n'a pas convaincu à Malans. Les citoyens de la commune ont refusé le texte à 73 pour cent. Malans a dit non à l'initiative, tout comme le canton.","https://thumb.wikimedia.org/wikipedia/commons/thumb/3/3e/CHE_Malans_COA.svg/250px-CHE_Malans_COA.svg.png"
3955,35.4,35.4,64.6,"Landquart (GR)","Les habitants de Landquart s'opposent à l'initiative sur la neutralité par 64,6 pour cent des voix. Landquart a dit non à l'initiative, tout comme le canton.","https://thumb.wikimedia.org/wikipedia/commons/thumb/3/38/CHE_Landquart_COA.svg/250px-CHE_Landquart_COA.svg.png"
3961,41.2,41.2,58.8,"Grüsch (GR)","L'initiative sur la neutralité est refusée à 58,8 pour cent à Grüsch. Grüsch a dit non à l'initiative, tout comme le canton.","https://thumb.wikimedia.org/wikipedia/commons/thumb/4/48/CHE_Gr%C3%BCsch_COA.svg/250px-CHE_Gr%C3%BCsch_COA.svg.png"
3962,41.7,41.7,58.3,"Schiers (GR)","A Schiers, les citoyens rejettent à 58,3 pour cent l'initiative sur la neutralité. Schiers a dit non à l'initiative, tout comme le canton.","https://thumb.wikimedia.org/wikipedia/commons/thumb/f/f7/CHE_Schiers_COA.svg/250px-CHE_Schiers_COA.svg.png"
3972,41.1,41.1,58.9,"Seewis im Prättigau (GR)","L'initiative sur la neutralité n'a pas convaincu à Seewis im Prättigau. Les citoyens de la commune ont refusé le texte à 58,9 pour cent. Seewis im Prättigau a dit non à l'initiative, tout comme le canton.","https://thumb.wikimedia.org/wikipedia/commons/thumb/1/1c/CHE_Seewis_im_Pr%C3%A4ttigau_COA.svg/250px-CHE_Seewis_im_Pr%C3%A4ttigau_COA.svg.png"
3981,36,36,64,"Breil/Brigels (GR)","C'est non à l'initiative sur la neutralité à Breil/Brigels. Les habitants ont refusé le texte à 64 pour cent. Breil/Brigels a dit non à l'initiative, tout comme le canton.","https://thumb.wikimedia.org/wikipedia/commons/thumb/8/84/CHE_Breil_Brigels_COA.svg/250px-CHE_Breil_Brigels_COA.svg.png"
3982,31.9,31.9,68.1,"Disentis/Mustér (GR)","L'initiative sur la neutralité n'a pas trouvé grâce aux yeux des citoyens de Disentis/Mustér. Ils ont refusé le texte à 68,1 pour cent. Disentis/Mustér a dit non à l'initiative, tout comme le canton.","https://thumb.wikimedia.org/wikipedia/commons/thumb/e/e5/CHE_Disentis_Muster_COA.svg/250px-CHE_Disentis_Muster_COA.svg.png"
3983,23.1,23.1,76.9,"Medel (Lucmagn) (GR)","L'initiative sur la neutralité est refusée à 76,9 pour cent à Medel (Lucmagn). Medel (Lucmagn) a dit non à l'initiative, tout comme le canton.","https://thumb.wikimedia.org/wikipedia/commons/thumb/a/a5/CHE_Medel_%28Lucmagn%29_COA.svg/250px-CHE_Medel_%28Lucmagn%29_COA.svg.png"
3985,29.8,29.8,70.2,"Sumvitg (GR)","L'initiative sur la neutralité n'a pas trouvé grâce aux yeux des citoyens de Sumvitg. Ils ont refusé le texte à 70,2 pour cent. Sumvitg a dit non à l'initiative, tout comme le canton.","https://thumb.wikimedia.org/wikipedia/commons/thumb/7/7a/CHE_Sumvitg_COA.svg/250px-CHE_Sumvitg_COA.svg.png"
3986,24.8,24.8,75.2,"Tujetsch (GR)","La population de Tujetsch rejette à 75,2 pour cent des voix l'initiative sur la neutralité. Tujetsch a dit non à l'initiative, tout comme le canton.","https://thumb.wikimedia.org/wikipedia/commons/thumb/3/38/CHE_Tujetsch_COA.svg/250px-CHE_Tujetsch_COA.svg.png"
3987,29.3,29.3,70.7,"Trun (GR)","Les habitants de Trun s'opposent à l'initiative sur la neutralité par 70,7 pour cent des voix. Trun a dit non à l'initiative, tout comme le canton.","https://thumb.wikimedia.org/wikipedia/commons/thumb/8/8a/CHE_Trun_COA.svg/250px-CHE_Trun_COA.svg.png"
3988,37.1,37.1,62.9,"Obersaxen Mundaun (GR)","L'initiative sur la neutralité est refusée à 62,9 pour cent à Obersaxen Mundaun. Obersaxen Mundaun a dit non à l'initiative, tout comme le canton.","https://thumb.wikimedia.org/wikipedia/commons/thumb/6/64/CHE_Obersaxen_Mundaun_COA.svg/250px-CHE_Obersaxen_Mundaun_COA.svg.png"
4001,18.1,18.1,81.9,"Aarau (AG)","L'initiative sur la neutralité est refusée à 81,9 pour cent à Aarau. Aarau a dit non à l'initiative, tout comme le canton.","https://thumb.wikimedia.org/wikipedia/commons/thumb/e/e9/CHE_Aarau_corporate_design_COA.svg/960px-CHE_Aarau_corporate_design_COA.svg.png"
4002,20.4,20.4,79.6,"Biberstein (AG)","Les habitants de Biberstein s'opposent à l'initiative sur la neutralité par 79,6 pour cent des voix. Biberstein a dit non à l'initiative, tout comme le canton.","https://thumb.wikimedia.org/wikipedia/commons/thumb/a/a7/CHE_Biberstein_COA.svg/330px-CHE_Biberstein_COA.svg.png"
4003,25,25,75,"Buchs (AG)","A Buchs (AG), les citoyens rejettent à 75 pour cent l'initiative sur la neutralité. Buchs (AG) a dit non à l'initiative, tout comme le canton.","https://thumb.wikimedia.org/wikipedia/commons/thumb/1/16/Wappen_Buchs_AG.svg/330px-Wappen_Buchs_AG.svg.png"
4004,35.7,35.7,64.3,"Densbüren (AG)","L'initiative sur la neutralité est refusée à 64,3 pour cent à Densbüren. Densbüren a dit non à l'initiative, tout comme le canton.","https://thumb.wikimedia.org/wikipedia/commons/thumb/b/b2/Wappen_Densb%C3%BCren.svg/330px-Wappen_Densb%C3%BCren.svg.png"
4005,28.8,28.8,71.2,"Erlinsbach (AG)","C'est non à l'initiative sur la neutralité à Erlinsbach (AG). Les habitants ont refusé le texte à 71,2 pour cent. Erlinsbach (AG) a dit non à l'initiative, tout comme le canton.","https://thumb.wikimedia.org/wikipedia/commons/thumb/d/d2/CHE_Erlinsbach_AG_COA.svg/330px-CHE_Erlinsbach_AG_COA.svg.png"
4006,32.4,32.4,67.6,"Gränichen (AG)","La population de Gränichen rejette à 67,6 pour cent des voix l'initiative sur la neutralité. Gränichen a dit non à l'initiative, tout comme le canton.","https://thumb.wikimedia.org/wikipedia/commons/thumb/9/93/CHE_Gr%C3%A4nichen_AG_COA.svg/330px-CHE_Gr%C3%A4nichen_AG_COA.svg.png"
4007,33.9,33.9,66.1,"Hirschthal (AG)","La population de Hirschthal rejette à 66,1 pour cent des voix l'initiative sur la neutralité. Hirschthal a dit non à l'initiative, tout comme le canton.","https://thumb.wikimedia.org/wikipedia/commons/thumb/e/e4/Wappen_Hirschthal_AG.svg/330px-Wappen_Hirschthal_AG.svg.png"
4008,20.5,20.5,79.5,"Küttigen (AG)","A Küttigen, les citoyens rejettent à 79,5 pour cent l'initiative sur la neutralité. Küttigen a dit non à l'initiative, tout comme le canton.","https://thumb.wikimedia.org/wikipedia/commons/thumb/c/c8/CHE_K%C3%BCttigen_COA.svg/330px-CHE_K%C3%BCttigen_COA.svg.png"
4009,34.3,34.3,65.7,"Muhen (AG)","La population de Muhen rejette à 65,7 pour cent des voix l'initiative sur la neutralité. Muhen a dit non à l'initiative, tout comme le canton.","https://thumb.wikimedia.org/wikipedia/commons/thumb/0/06/Wappen_Muhen_AG.svg/330px-Wappen_Muhen_AG.svg.png"
4010,28.4,28.4,71.6,"Oberentfelden (AG)","L'initiative sur la neutralité n'a pas convaincu à Oberentfelden. Les citoyens de la commune ont refusé le texte à 71,6 pour cent. Oberentfelden a dit non à l'initiative, tout comme le canton.","https://thumb.wikimedia.org/wikipedia/commons/thumb/0/03/Wappen_Oberentfelden_AG.svg/330px-Wappen_Oberentfelden_AG.svg.png"
4012,21.9,21.9,78.1,"Suhr (AG)","L'initiative sur la neutralité n'a pas convaincu à Suhr. Les citoyens de la commune ont refusé le texte à 78,1 pour cent. Suhr a dit non à l'initiative, tout comme le canton.","https://thumb.wikimedia.org/wikipedia/commons/thumb/b/b8/Wappen_Suhr_AG.svg/330px-Wappen_Suhr_AG.svg.png"
4013,26.4,26.4,73.6,"Unterentfelden (AG)","La population d'Unterentfelden rejette à 73,6 pour cent des voix l'initiative sur la neutralité. Unterentfelden a dit non à l'initiative, tout comme le canton.","https://thumb.wikimedia.org/wikipedia/commons/thumb/0/0e/CHE_Unterentfelden_COA.svg/330px-CHE_Unterentfelden_COA.svg.png"
4021,16.7,16.7,83.3,"Baden (AG)","L'initiative sur la neutralité n'a pas convaincu à Baden. Les citoyens de la commune ont refusé le texte à 83,3 pour cent. Baden a dit non à l'initiative, tout comme le canton.","https://thumb.wikimedia.org/wikipedia/commons/thumb/9/91/CHE_Baden_AG_COA.svg/500px-CHE_Baden_AG_COA.svg.png"
4022,29.3,29.3,70.7,"Bellikon (AG)","L'initiative sur la neutralité n'a pas trouvé grâce aux yeux des citoyens de Bellikon. Ils ont refusé le texte à 70,7 pour cent. Bellikon a dit non à l'initiative, tout comme le canton.","https://thumb.wikimedia.org/wikipedia/commons/thumb/6/69/CHE_Bellikon_COA.svg/330px-CHE_Bellikon_COA.svg.png"
4023,27.9,27.9,72.1,"Bergdietikon (AG)","L'initiative sur la neutralité est refusée à 72,1 pour cent à Bergdietikon. Bergdietikon a dit non à l'initiative, tout comme le canton.","https://thumb.wikimedia.org/wikipedia/commons/thumb/4/45/CHE_Bergdietikon_COA.svg/330px-CHE_Bergdietikon_COA.svg.png"
4024,28.4,28.4,71.6,"Birmenstorf (AG)","C'est non à l'initiative sur la neutralité à Birmenstorf (AG). Les habitants ont refusé le texte à 71,6 pour cent. Birmenstorf (AG) a dit non à l'initiative, tout comme le canton.","https://thumb.wikimedia.org/wikipedia/commons/thumb/b/be/CHE_Birmenstorf_COA.svg/330px-CHE_Birmenstorf_COA.svg.png"
4026,11.4,11.4,88.6,"Ennetbaden (AG)","Les habitants d'Ennetbaden s'opposent à l'initiative sur la neutralité par 88,6 pour cent des voix. Ennetbaden a dit non à l'initiative, tout comme le canton.","https://thumb.wikimedia.org/wikipedia/commons/thumb/6/6d/CHE_Ennetbaden_COA.svg/500px-CHE_Ennetbaden_COA.svg.png"
4027,26,26,74,"Fislisbach (AG)","A Fislisbach, les citoyens rejettent à 74 pour cent l'initiative sur la neutralité. Fislisbach a dit non à l'initiative, tout comme le canton.","https://thumb.wikimedia.org/wikipedia/commons/thumb/c/c3/CHE_Fislisbach_COA.svg/960px-CHE_Fislisbach_COA.svg.png"
4028,24.1,24.1,75.9,"Freienwil (AG)","Les habitants de Freienwil s'opposent à l'initiative sur la neutralité par 75,9 pour cent des voix. Freienwil a dit non à l'initiative, tout comme le canton.","https://thumb.wikimedia.org/wikipedia/commons/thumb/9/95/Wappen_Freienwil.svg/330px-Wappen_Freienwil.svg.png"
4029,25.9,25.9,74.1,"Gebenstorf (AG)","A Gebenstorf, les citoyens rejettent à 74,1 pour cent l'initiative sur la neutralité. Gebenstorf a dit non à l'initiative, tout comme le canton.","https://thumb.wikimedia.org/wikipedia/commons/thumb/6/65/Wappen_Gebenstorf_AG.svg/330px-Wappen_Gebenstorf_AG.svg.png"
4030,27.2,27.2,72.8,"Killwangen (AG)","C'est non à l'initiative sur la neutralité à Killwangen. Les habitants ont refusé le texte à 72,8 pour cent. Killwangen a dit non à l'initiative, tout comme le canton.","https://thumb.wikimedia.org/wikipedia/commons/thumb/e/e3/CHE_Killwangen_COA.svg/960px-CHE_Killwangen_COA.svg.png"
4031,30.7,30.7,69.3,"Künten (AG)","C'est non à l'initiative sur la neutralité à Künten. Les habitants ont refusé le texte à 69,3 pour cent. Künten a dit non à l'initiative, tout comme le canton.","https://thumb.wikimedia.org/wikipedia/commons/thumb/9/9f/Wappen_K%C3%BCnten_AG.svg/330px-Wappen_K%C3%BCnten_AG.svg.png"
4032,29.5,29.5,70.5,"Mägenwil (AG)","L'initiative sur la neutralité n'a pas trouvé grâce aux yeux des citoyens de Mägenwil. Ils ont refusé le texte à 70,5 pour cent. Mägenwil a dit non à l'initiative, tout comme le canton.","https://thumb.wikimedia.org/wikipedia/commons/thumb/b/ba/Wappen_M%C3%A4genwil_AG.svg/330px-Wappen_M%C3%A4genwil_AG.svg.png"
4033,28.8,28.8,71.2,"Mellingen (AG)","C'est non à l'initiative sur la neutralité à Mellingen. Les habitants ont refusé le texte à 71,2 pour cent. Mellingen a dit non à l'initiative, tout comme le canton.","https://thumb.wikimedia.org/wikipedia/commons/thumb/c/cb/Wappen_Mellingen_AG.svg/330px-Wappen_Mellingen_AG.svg.png"
4034,34.3,34.3,65.7,"Neuenhof (AG)","C'est non à l'initiative sur la neutralité à Neuenhof. Les habitants ont refusé le texte à 65,7 pour cent. Neuenhof a dit non à l'initiative, tout comme le canton.","https://thumb.wikimedia.org/wikipedia/commons/thumb/f/ff/CHE_Neuenhof_COA.svg/330px-CHE_Neuenhof_COA.svg.png"
4035,23.6,23.6,76.4,"Niederrohrdorf (AG)","L'initiative sur la neutralité n'a pas trouvé grâce aux yeux des citoyens de Niederrohrdorf. Ils ont refusé le texte à 76,4 pour cent. Niederrohrdorf a dit non à l'initiative, tout comme le canton.","https://thumb.wikimedia.org/wikipedia/commons/thumb/c/c3/Wappen_Niederrohrdorf_AG.svg/330px-Wappen_Niederrohrdorf_AG.svg.png"
4037,26.8,26.8,73.2,"Oberrohrdorf (AG)","La population d'Oberrohrdorf rejette à 73,2 pour cent des voix l'initiative sur la neutralité. Oberrohrdorf a dit non à l'initiative, tout comme le canton.","https://thumb.wikimedia.org/wikipedia/commons/thumb/4/48/Wappen_Oberrohrdorf_AG.svg/330px-Wappen_Oberrohrdorf_AG.svg.png"
4038,21.6,21.6,78.4,"Obersiggenthal (AG)","C'est non à l'initiative sur la neutralité à Obersiggenthal. Les habitants ont refusé le texte à 78,4 pour cent. Obersiggenthal a dit non à l'initiative, tout comme le canton.","https://thumb.wikimedia.org/wikipedia/commons/thumb/2/21/Wappen_Obersiggenthal_AG.svg/330px-Wappen_Obersiggenthal_AG.svg.png"
4039,31.6,31.6,68.4,"Remetschwil (AG)","L'initiative sur la neutralité n'a pas convaincu à Remetschwil. Les citoyens de la commune ont refusé le texte à 68,4 pour cent. Remetschwil a dit non à l'initiative, tout comme le canton.","https://thumb.wikimedia.org/wikipedia/commons/thumb/8/88/CHE_Remetschwil_COA.svg/330px-CHE_Remetschwil_COA.svg.png"
4040,39.3,39.3,60.7,"Spreitenbach (AG)","L'initiative sur la neutralité n'a pas convaincu à Spreitenbach. Les citoyens de la commune ont refusé le texte à 60,7 pour cent. Spreitenbach a dit non à l'initiative, tout comme le canton.","https://thumb.wikimedia.org/wikipedia/commons/thumb/5/56/CHE_Spreitenbach_COA.svg/330px-CHE_Spreitenbach_COA.svg.png"
4041,33.2,33.2,66.8,"Stetten (AG)","L'initiative sur la neutralité n'a pas convaincu à Stetten (AG). Les citoyens de la commune ont refusé le texte à 66,8 pour cent. Stetten (AG) a dit non à l'initiative, tout comme le canton.","https://thumb.wikimedia.org/wikipedia/commons/thumb/e/eb/CHE_Stetten_AG_COA.svg/960px-CHE_Stetten_AG_COA.svg.png"
4044,24.3,24.3,75.7,"Untersiggenthal (AG)","C'est non à l'initiative sur la neutralité à Untersiggenthal. Les habitants ont refusé le texte à 75,7 pour cent. Untersiggenthal a dit non à l'initiative, tout comme le canton.","https://thumb.wikimedia.org/wikipedia/commons/thumb/a/a3/Wappen_Untersiggenthal_AG.svg/330px-Wappen_Untersiggenthal_AG.svg.png"
4045,22.3,22.3,77.7,"Wettingen (AG)","A Wettingen, les citoyens rejettent à 77,7 pour cent l'initiative sur la neutralité. Wettingen a dit non à l'initiative, tout comme le canton.","https://thumb.wikimedia.org/wikipedia/commons/thumb/0/00/Wappen_Wettingen_AG.svg/330px-Wappen_Wettingen_AG.svg.png"
4046,27.2,27.2,72.8,"Wohlenschwil (AG)","La population de Wohlenschwil rejette à 72,8 pour cent des voix l'initiative sur la neutralité. Wohlenschwil a dit non à l'initiative, tout comme le canton.","https://thumb.wikimedia.org/wikipedia/commons/thumb/1/18/CHE_Wohlenschwil_COA.svg/330px-CHE_Wohlenschwil_COA.svg.png"
4047,30.1,30.1,69.9,"Würenlingen (AG)","L'initiative sur la neutralité n'a pas trouvé grâce aux yeux des citoyens de Würenlingen. Ils ont refusé le texte à 69,9 pour cent. Würenlingen a dit non à l'initiative, tout comme le canton.","https://thumb.wikimedia.org/wikipedia/commons/thumb/d/d7/CHE_W%C3%BCrenlingen_COA.svg/330px-CHE_W%C3%BCrenlingen_COA.svg.png"
4048,25.6,25.6,74.4,"Würenlos (AG)","L'initiative sur la neutralité n'a pas convaincu à Würenlos. Les citoyens de la commune ont refusé le texte à 74,4 pour cent. Würenlos a dit non à l'initiative, tout comme le canton.","https://thumb.wikimedia.org/wikipedia/commons/thumb/8/8d/CHE_W%C3%BCrenlos_COA.svg/330px-CHE_W%C3%BCrenlos_COA.svg.png"
4049,28.6,28.6,71.4,"Ehrendingen (AG)","A Ehrendingen, les citoyens rejettent à 71,4 pour cent l'initiative sur la neutralité. Ehrendingen a dit non à l'initiative, tout comme le canton.","https://thumb.wikimedia.org/wikipedia/commons/thumb/a/af/Wappen_Ehrendingen.svg/960px-Wappen_Ehrendingen.svg.png"
4061,29.4,29.4,70.6,"Arni (AG)","L'initiative sur la neutralité n'a pas convaincu à Arni (AG). Les citoyens de la commune ont refusé le texte à 70,6 pour cent. Arni (AG) a dit non à l'initiative, tout comme le canton.","https://thumb.wikimedia.org/wikipedia/commons/thumb/a/a1/CHE_Arni_AG_COA.svg/330px-CHE_Arni_AG_COA.svg.png"
4062,26.8,26.8,73.2,"Berikon (AG)","A Berikon, les citoyens rejettent à 73,2 pour cent l'initiative sur la neutralité. Berikon a dit non à l'initiative, tout comme le canton.","https://thumb.wikimedia.org/wikipedia/commons/thumb/0/09/CHE_Berikon_COA.svg/330px-CHE_Berikon_COA.svg.png"
4063,26.5,26.5,73.5,"Bremgarten (AG)","La population de Bremgarten (AG) rejette à 73,5 pour cent des voix l'initiative sur la neutralité. Bremgarten (AG) a dit non à l'initiative, tout comme le canton.","https://thumb.wikimedia.org/wikipedia/commons/thumb/b/b5/CHE_Bremgarten_AG_COA.svg/330px-CHE_Bremgarten_AG_COA.svg.png"
4064,40.5,40.5,59.5,"Büttikon (AG)","L'initiative sur la neutralité n'a pas trouvé grâce aux yeux des citoyens de Büttikon. Ils ont refusé le texte à 59,5 pour cent. Büttikon a dit non à l'initiative, tout comme le canton.","https://thumb.wikimedia.org/wikipedia/commons/thumb/7/75/Wappen_B%C3%BCttikon.svg/330px-Wappen_B%C3%BCttikon.svg.png"
4065,36.4,36.4,63.6,"Dottikon (AG)","C'est non à l'initiative sur la neutralité à Dottikon. Les habitants ont refusé le texte à 63,6 pour cent. Dottikon a dit non à l'initiative, tout comme le canton.","https://thumb.wikimedia.org/wikipedia/commons/thumb/0/08/Wappen_Dottikon.svg/330px-Wappen_Dottikon.svg.png"
4066,35.4,35.4,64.6,"Eggenwil (AG)","C'est non à l'initiative sur la neutralité à Eggenwil. Les habitants ont refusé le texte à 64,6 pour cent. Eggenwil a dit non à l'initiative, tout comme le canton.","https://thumb.wikimedia.org/wikipedia/commons/thumb/7/78/Wappen_Eggenwil.svg/330px-Wappen_Eggenwil.svg.png"
4067,34.7,34.7,65.3,"Fischbach-Göslikon (AG)","A Fischbach-Göslikon, les citoyens rejettent à 65,3 pour cent l'initiative sur la neutralité. Fischbach-Göslikon a dit non à l'initiative, tout comme le canton.","https://thumb.wikimedia.org/wikipedia/commons/thumb/a/ac/CHE_Fischbach-G%C3%B6slikon_COA.svg/330px-CHE_Fischbach-G%C3%B6slikon_COA.svg.png"
4068,28.4,28.4,71.6,"Hägglingen (AG)","Les habitants de Hägglingen s'opposent à l'initiative sur la neutralité par 71,6 pour cent des voix. Hägglingen a dit non à l'initiative, tout comme le canton.","https://thumb.wikimedia.org/wikipedia/commons/thumb/7/7c/Wappen_H%C3%A4gglingen.svg/330px-Wappen_H%C3%A4gglingen.svg.png"
4071,28.4,28.4,71.6,"Jonen (AG)","A Jonen, les citoyens rejettent à 71,6 pour cent l'initiative sur la neutralité. Jonen a dit non à l'initiative, tout comme le canton.","https://thumb.wikimedia.org/wikipedia/commons/thumb/9/99/Wappen_Jonen_AG.svg/330px-Wappen_Jonen_AG.svg.png"
4072,33.2,33.2,66.8,"Niederwil (AG)","L'initiative sur la neutralité n'a pas convaincu à Niederwil (AG). Les citoyens de la commune ont refusé le texte à 66,8 pour cent. Niederwil (AG) a dit non à l'initiative, tout comme le canton.","https://thumb.wikimedia.org/wikipedia/commons/thumb/8/86/CHE_Niederwil_AG_COA.svg/330px-CHE_Niederwil_AG_COA.svg.png"
4073,29,29,71,"Oberlunkhofen (AG)","Les habitants d'Oberlunkhofen s'opposent à l'initiative sur la neutralité par 71 pour cent des voix. Oberlunkhofen a dit non à l'initiative, tout comme le canton.","https://thumb.wikimedia.org/wikipedia/commons/thumb/c/c5/CHE_Oberlunkhofen_COA.svg/330px-CHE_Oberlunkhofen_COA.svg.png"
4074,34.1,34.1,65.9,"Oberwil-Lieli (AG)","L'initiative sur la neutralité est refusée à 65,9 pour cent à Oberwil-Lieli. Oberwil-Lieli a dit non à l'initiative, tout comme le canton.","https://thumb.wikimedia.org/wikipedia/commons/thumb/7/7c/Wappen_Oberwil-Lieli_AG.svg/330px-Wappen_Oberwil-Lieli_AG.svg.png"
4075,30.4,30.4,69.6,"Rudolfstetten-Friedlisberg (AG)","Les habitants de Rudolfstetten-Friedlisberg s'opposent à l'initiative sur la neutralité par 69,6 pour cent des voix. Rudolfstetten-Friedlisberg a dit non à l'initiative, tout comme le canton.","https://thumb.wikimedia.org/wikipedia/commons/thumb/6/6b/Wappen_Rudolfstetten_AG.svg/330px-Wappen_Rudolfstetten_AG.svg.png"
4076,34.7,34.7,65.3,"Sarmenstorf (AG)","C'est non à l'initiative sur la neutralité à Sarmenstorf. Les habitants ont refusé le texte à 65,3 pour cent. Sarmenstorf a dit non à l'initiative, tout comme le canton.","https://thumb.wikimedia.org/wikipedia/commons/thumb/4/49/Wappen_Sarmenstorf_AG.svg/330px-Wappen_Sarmenstorf_AG.svg.png"
4077,34.3,34.3,65.7,"Tägerig (AG)","A Tägerig, les citoyens rejettent à 65,7 pour cent l'initiative sur la neutralité. Tägerig a dit non à l'initiative, tout comme le canton.","https://thumb.wikimedia.org/wikipedia/commons/thumb/7/7c/Wappen_T%C3%A4gerig_AG.svg/330px-Wappen_T%C3%A4gerig_AG.svg.png"
4078,51.1,51.1,48.9,"Uezwil (AG)","La population d'Uezwil approuve à 51,1 pour cent l'initiative sur la neutralité. Uezwil a dit oui à l'initiative, mais le canton a voté non.","https://thumb.wikimedia.org/wikipedia/commons/thumb/2/28/Wappen_Uezwil_AG.svg/330px-Wappen_Uezwil_AG.svg.png"
4079,35.4,35.4,64.6,"Unterlunkhofen (AG)","L'initiative sur la neutralité n'a pas convaincu à Unterlunkhofen. Les citoyens de la commune ont refusé le texte à 64,6 pour cent. Unterlunkhofen a dit non à l'initiative, tout comme le canton.","https://thumb.wikimedia.org/wikipedia/commons/thumb/5/5a/CHE_Unterlunkhofen_COA.svg/330px-CHE_Unterlunkhofen_COA.svg.png"
4080,37,37,63,"Villmergen (AG)","L'initiative sur la neutralité n'a pas convaincu à Villmergen. Les citoyens de la commune ont refusé le texte à 63 pour cent. Villmergen a dit non à l'initiative, tout comme le canton.","https://thumb.wikimedia.org/wikipedia/commons/thumb/b/bb/CHE_Villmergen_COA.svg/330px-CHE_Villmergen_COA.svg.png"
4081,30.1,30.1,69.9,"Widen (AG)","Les habitants de Widen s'opposent à l'initiative sur la neutralité par 69,9 pour cent des voix. Widen a dit non à l'initiative, tout comme le canton.","https://thumb.wikimedia.org/wikipedia/commons/thumb/7/7d/Wappen_Widen_AG.svg/330px-Wappen_Widen_AG.svg.png"
4082,29.9,29.9,70.1,"Wohlen (AG)","A Wohlen (AG), les citoyens rejettent à 70,1 pour cent l'initiative sur la neutralité. Wohlen (AG) a dit non à l'initiative, tout comme le canton.","https://thumb.wikimedia.org/wikipedia/commons/thumb/1/1e/CHE_Wohlen_AG_COA.svg/500px-CHE_Wohlen_AG_COA.svg.png"
4083,31.2,31.2,68.8,"Zufikon (AG)","La population de Zufikon rejette à 68,8 pour cent des voix l'initiative sur la neutralité. Zufikon a dit non à l'initiative, tout comme le canton.","https://thumb.wikimedia.org/wikipedia/commons/thumb/3/39/CHE_Zufikon_COA.svg/330px-CHE_Zufikon_COA.svg.png"
4084,34.5,34.5,65.5,"Islisberg (AG)","Les habitants d'Islisberg s'opposent à l'initiative sur la neutralité par 65,5 pour cent des voix. Islisberg a dit non à l'initiative, tout comme le canton.","https://thumb.wikimedia.org/wikipedia/commons/thumb/3/39/Wappen_Islisberg_AG.svg/330px-Wappen_Islisberg_AG.svg.png"
4091,28.3,28.3,71.7,"Auenstein (AG)","A Auenstein, les citoyens rejettent à 71,7 pour cent l'initiative sur la neutralité. Auenstein a dit non à l'initiative, tout comme le canton.","https://thumb.wikimedia.org/wikipedia/commons/thumb/d/d4/CHE_Auenstein_COA.svg/330px-CHE_Auenstein_COA.svg.png"
4092,35.7,35.7,64.3,"Birr (AG)","Les habitants de Birr s'opposent à l'initiative sur la neutralité par 64,3 pour cent des voix. Birr a dit non à l'initiative, tout comme le canton.","https://thumb.wikimedia.org/wikipedia/commons/thumb/d/d4/CHE_Birr_AG_COA.svg/330px-CHE_Birr_AG_COA.svg.png"
4093,42.4,42.4,57.6,"Birrhard (AG)","La population de Birrhard rejette à 57,6 pour cent des voix l'initiative sur la neutralité. Birrhard a dit non à l'initiative, tout comme le canton.","https://thumb.wikimedia.org/wikipedia/commons/thumb/c/c1/Wappen_Birrhard.svg/330px-Wappen_Birrhard.svg.png"
4095,23.5,23.5,76.5,"Brugg (AG)","L'initiative sur la neutralité est refusée à 76,5 pour cent à Brugg. Brugg a dit non à l'initiative, tout comme le canton.","https://thumb.wikimedia.org/wikipedia/commons/thumb/0/0c/CHE_Brugg_COA.svg/330px-CHE_Brugg_COA.svg.png"
4099,35.3,35.3,64.7,"Habsburg (AG)","La population de Habsburg rejette à 64,7 pour cent des voix l'initiative sur la neutralité. Habsburg a dit non à l'initiative, tout comme le canton.","https://thumb.wikimedia.org/wikipedia/commons/thumb/b/b2/Wappen_Habsburg_AG.svg/330px-Wappen_Habsburg_AG.svg.png"
4100,30.2,30.2,69.8,"Hausen (AG)","A Hausen (AG), les citoyens rejettent à 69,8 pour cent l'initiative sur la neutralité. Hausen (AG) a dit non à l'initiative, tout comme le canton.","https://thumb.wikimedia.org/wikipedia/commons/thumb/b/b1/CHE_Hausen_AG_COA.svg/500px-CHE_Hausen_AG_COA.svg.png"
4104,32.9,32.9,67.1,"Lupfig (AG)","L'initiative sur la neutralité n'a pas convaincu à Lupfig. Les citoyens de la commune ont refusé le texte à 67,1 pour cent. Lupfig a dit non à l'initiative, tout comme le canton.","https://thumb.wikimedia.org/wikipedia/commons/thumb/1/1b/Wappen_Lupfig.svg/330px-Wappen_Lupfig.svg.png"
4105,47.6,47.6,52.4,"Mandach (AG)","L'initiative sur la neutralité est refusée à 52,4 pour cent à Mandach. Mandach a dit non à l'initiative, tout comme le canton.","https://thumb.wikimedia.org/wikipedia/commons/thumb/e/ef/Wappen_Mandach_AG.svg/330px-Wappen_Mandach_AG.svg.png"
4106,39.7,39.7,60.3,"Mönthal (AG)","C'est non à l'initiative sur la neutralité à Mönthal. Les habitants ont refusé le texte à 60,3 pour cent. Mönthal a dit non à l'initiative, tout comme le canton.","https://thumb.wikimedia.org/wikipedia/commons/thumb/b/b6/CHE_M%C3%B6nthal_COA.svg/960px-CHE_M%C3%B6nthal_COA.svg.png"
4107,30.9,30.9,69.1,"Mülligen (AG)","Les habitants de Mülligen s'opposent à l'initiative sur la neutralité par 69,1 pour cent des voix. Mülligen a dit non à l'initiative, tout comme le canton.","https://thumb.wikimedia.org/wikipedia/commons/thumb/a/aa/CHE_M%C3%BClligen_COA.svg/330px-CHE_M%C3%BClligen_COA.svg.png"
4110,33.3,33.3,66.7,"Remigen (AG)","L'initiative sur la neutralité n'a pas trouvé grâce aux yeux des citoyens de Remigen. Ils ont refusé le texte à 66,7 pour cent. Remigen a dit non à l'initiative, tout comme le canton.","https://thumb.wikimedia.org/wikipedia/commons/thumb/c/c0/Wappen_Remigen_AG.svg/330px-Wappen_Remigen_AG.svg.png"
4111,29.2,29.2,70.8,"Riniken (AG)","La population de Riniken rejette à 70,8 pour cent des voix l'initiative sur la neutralité. Riniken a dit non à l'initiative, tout comme le canton.","https://thumb.wikimedia.org/wikipedia/commons/thumb/a/ac/Wappen_Riniken_AG.svg/330px-Wappen_Riniken_AG.svg.png"
4112,32.5,32.5,67.5,"Rüfenach (AG)","La population de Rüfenach rejette à 67,5 pour cent des voix l'initiative sur la neutralité. Rüfenach a dit non à l'initiative, tout comme le canton.","https://thumb.wikimedia.org/wikipedia/commons/thumb/e/e7/Wappen_R%C3%BCfenach_AG.svg/330px-Wappen_R%C3%BCfenach_AG.svg.png"
4117,40.1,40.1,59.9,"Thalheim (AG)","L'initiative sur la neutralité n'a pas convaincu à Thalheim (AG). Les citoyens de la commune ont refusé le texte à 59,9 pour cent. Thalheim (AG) a dit non à l'initiative, tout comme le canton.","https://thumb.wikimedia.org/wikipedia/commons/thumb/3/3e/Wappen_Thalheim_AG.svg/330px-Wappen_Thalheim_AG.svg.png"
4120,34.4,34.4,65.6,"Veltheim (AG)","L'initiative sur la neutralité n'a pas convaincu à Veltheim (AG). Les citoyens de la commune ont refusé le texte à 65,6 pour cent. Veltheim (AG) a dit non à l'initiative, tout comme le canton.","https://thumb.wikimedia.org/wikipedia/commons/thumb/8/85/Wappen_Veltheim_AG.svg/330px-Wappen_Veltheim_AG.svg.png"
4121,29.6,29.6,70.4,"Villigen (AG)","La population de Villigen rejette à 70,4 pour cent des voix l'initiative sur la neutralité. Villigen a dit non à l'initiative, tout comme le canton.","https://thumb.wikimedia.org/wikipedia/commons/thumb/6/61/CHE_Villigen_COA.svg/330px-CHE_Villigen_COA.svg.png"
4123,21.4,21.4,78.6,"Windisch (AG)","L'initiative sur la neutralité est refusée à 78,6 pour cent à Windisch. Windisch a dit non à l'initiative, tout comme le canton.","https://thumb.wikimedia.org/wikipedia/commons/thumb/7/70/Wappen_Windisch_AG.svg/330px-Wappen_Windisch_AG.svg.png"
4124,30.6,30.6,69.4,"Bözberg (AG)","C'est non à l'initiative sur la neutralité à Bözberg. Les habitants ont refusé le texte à 69,4 pour cent. Bözberg a dit non à l'initiative, tout comme le canton.","https://thumb.wikimedia.org/wikipedia/commons/thumb/c/c9/CHE_B%C3%B6zberg_COA.svg/960px-CHE_B%C3%B6zberg_COA.svg.png"
4125,26.2,26.2,73.8,"Schinznach (AG)","A Schinznach, les citoyens rejettent à 73,8 pour cent l'initiative sur la neutralité. Schinznach a dit non à l'initiative, tout comme le canton.","https://thumb.wikimedia.org/wikipedia/commons/thumb/e/e6/CHE_Schinznach_COA.svg/960px-CHE_Schinznach_COA.svg.png"
4131,35.5,35.5,64.5,"Beinwil am See (AG)","L'initiative sur la neutralité est refusée à 64,5 pour cent à Beinwil am See. Beinwil am See a dit non à l'initiative, tout comme le canton.","https://thumb.wikimedia.org/wikipedia/commons/thumb/8/8b/CHE_Beinwil_am_See_COA.svg/500px-CHE_Beinwil_am_See_COA.svg.png"
4132,37.7,37.7,62.3,"Birrwil (AG)","Les habitants de Birrwil s'opposent à l'initiative sur la neutralité par 62,3 pour cent des voix. Birrwil a dit non à l'initiative, tout comme le canton.","https://thumb.wikimedia.org/wikipedia/commons/thumb/1/12/CHE_Birrwil_COA.svg/330px-CHE_Birrwil_COA.svg.png"
4134,45.2,45.2,54.8,"Dürrenäsch (AG)","C'est non à l'initiative sur la neutralité à Dürrenäsch. Les habitants ont refusé le texte à 54,8 pour cent. Dürrenäsch a dit non à l'initiative, tout comme le canton.","https://thumb.wikimedia.org/wikipedia/commons/thumb/8/8a/Wappen_D%C3%BCrren%C3%A4sch.svg/330px-Wappen_D%C3%BCrren%C3%A4sch.svg.png"
4135,47.9,47.9,52.1,"Gontenschwil (AG)","L'initiative sur la neutralité n'a pas trouvé grâce aux yeux des citoyens de Gontenschwil. Ils ont refusé le texte à 52,1 pour cent. Gontenschwil a dit non à l'initiative, tout comme le canton.","https://thumb.wikimedia.org/wikipedia/commons/thumb/4/4c/Wappen_Gontenschwil.svg/330px-Wappen_Gontenschwil.svg.png"
4136,42.4,42.4,57.6,"Holziken (AG)","A Holziken, les citoyens rejettent à 57,6 pour cent l'initiative sur la neutralité. Holziken a dit non à l'initiative, tout comme le canton.","https://thumb.wikimedia.org/wikipedia/commons/thumb/9/90/CHE_Holziken_COA.svg/500px-CHE_Holziken_COA.svg.png"
4137,42.2,42.2,57.8,"Leimbach (AG)","Les habitants de Leimbach (AG) s'opposent à l'initiative sur la neutralité par 57,8 pour cent des voix. Leimbach (AG) a dit non à l'initiative, tout comme le canton.","https://thumb.wikimedia.org/wikipedia/commons/thumb/9/91/CHE_Leimbach_AG_COA.svg/960px-CHE_Leimbach_AG_COA.svg.png"
4138,46.5,46.5,53.5,"Leutwil (AG)","L'initiative sur la neutralité n'a pas convaincu à Leutwil. Les citoyens de la commune ont refusé le texte à 53,5 pour cent. Leutwil a dit non à l'initiative, tout comme le canton.","https://thumb.wikimedia.org/wikipedia/commons/thumb/2/2d/Wappen_Leutwil.svg/330px-Wappen_Leutwil.svg.png"
4139,40.9,40.9,59.1,"Menziken (AG)","L'initiative sur la neutralité est refusée à 59,1 pour cent à Menziken. Menziken a dit non à l'initiative, tout comme le canton.","https://thumb.wikimedia.org/wikipedia/commons/thumb/f/f2/CHE_Menziken_COA.svg/500px-CHE_Menziken_COA.svg.png"
4140,44.5,44.5,55.5,"Oberkulm (AG)","L'initiative sur la neutralité est refusée à 55,5 pour cent à Oberkulm. Oberkulm a dit non à l'initiative, tout comme le canton.","https://thumb.wikimedia.org/wikipedia/commons/thumb/6/6a/CHE_Oberkulm_COA.svg/500px-CHE_Oberkulm_COA.svg.png"
4141,43,43,57,"Reinach (AG)","La population de Reinach (AG) rejette à 57 pour cent des voix l'initiative sur la neutralité. Reinach (AG) a dit non à l'initiative, tout comme le canton.","https://thumb.wikimedia.org/wikipedia/commons/thumb/3/34/CHE_Reinach_AG_COA.svg/330px-CHE_Reinach_AG_COA.svg.png"
4142,45.2,45.2,54.8,"Schlossrued (AG)","L'initiative sur la neutralité est refusée à 54,8 pour cent à Schlossrued. Schlossrued a dit non à l'initiative, tout comme le canton.","https://thumb.wikimedia.org/wikipedia/commons/thumb/d/d5/CHE_Schlossrued_COA.svg/960px-CHE_Schlossrued_COA.svg.png"
4143,49,49,51,"Schmiedrued (AG)","C'est non à l'initiative sur la neutralité à Schmiedrued. Les habitants ont refusé le texte à 51 pour cent. Schmiedrued a dit non à l'initiative, tout comme le canton.","https://thumb.wikimedia.org/wikipedia/commons/thumb/b/bb/CHE_Schmiedrued_COA.svg/330px-CHE_Schmiedrued_COA.svg.png"
4144,32.5,32.5,67.5,"Schöftland (AG)","C'est non à l'initiative sur la neutralité à Schöftland. Les habitants ont refusé le texte à 67,5 pour cent. Schöftland a dit non à l'initiative, tout comme le canton.","https://thumb.wikimedia.org/wikipedia/commons/thumb/a/a8/CHE_Sch%C3%B6ftland_COA.svg/500px-CHE_Sch%C3%B6ftland_COA.svg.png"
4145,39.6,39.6,60.4,"Teufenthal (AG)","L'initiative sur la neutralité est refusée à 60,4 pour cent à Teufenthal (AG). Teufenthal (AG) a dit non à l'initiative, tout comme le canton.","https://thumb.wikimedia.org/wikipedia/commons/thumb/8/8a/Coat_of_arms_of_Teufenthal.svg/960px-Coat_of_arms_of_Teufenthal.svg.png"
4146,43.7,43.7,56.3,"Unterkulm (AG)","La population d'Unterkulm rejette à 56,3 pour cent des voix l'initiative sur la neutralité. Unterkulm a dit non à l'initiative, tout comme le canton.","https://thumb.wikimedia.org/wikipedia/commons/thumb/a/ad/CHE_Unterkulm_COA.svg/500px-CHE_Unterkulm_COA.svg.png"
4147,40.8,40.8,59.2,"Zetzwil (AG)","L'initiative sur la neutralité est refusée à 59,2 pour cent à Zetzwil. Zetzwil a dit non à l'initiative, tout comme le canton.","https://thumb.wikimedia.org/wikipedia/commons/thumb/d/d4/CHE_Zetzwil_COA.svg/330px-CHE_Zetzwil_COA.svg.png"
4161,32.9,32.9,67.1,"Eiken (AG)","L'initiative sur la neutralité est refusée à 67,1 pour cent à Eiken. Eiken a dit non à l'initiative, tout comme le canton.","https://thumb.wikimedia.org/wikipedia/commons/thumb/2/26/Wappen_Eiken.svg/330px-Wappen_Eiken.svg.png"
4163,29.9,29.9,70.1,"Frick (AG)","C'est non à l'initiative sur la neutralité à Frick. Les habitants ont refusé le texte à 70,1 pour cent. Frick a dit non à l'initiative, tout comme le canton.","https://thumb.wikimedia.org/wikipedia/commons/thumb/6/62/CHE_Frick_COA.svg/330px-CHE_Frick_COA.svg.png"
4164,33,33,67,"Gansingen (AG)","Les habitants de Gansingen s'opposent à l'initiative sur la neutralité par 67 pour cent des voix. Gansingen a dit non à l'initiative, tout comme le canton.","https://thumb.wikimedia.org/wikipedia/commons/thumb/a/a3/CHE_Gansingen_COA.svg/330px-CHE_Gansingen_COA.svg.png"
4165,22.1,22.1,77.9,"Gipf-Oberfrick (AG)","Les habitants de Gipf-Oberfrick s'opposent à l'initiative sur la neutralité par 77,9 pour cent des voix. Gipf-Oberfrick a dit non à l'initiative, tout comme le canton.","https://thumb.wikimedia.org/wikipedia/commons/thumb/d/dc/CHE_Gipf-Oberfrick_COA.svg/330px-CHE_Gipf-Oberfrick_COA.svg.png"
4169,31.8,31.8,68.2,"Kaisten (AG)","L'initiative sur la neutralité n'a pas trouvé grâce aux yeux des citoyens de Kaisten. Ils ont refusé le texte à 68,2 pour cent. Kaisten a dit non à l'initiative, tout comme le canton.","https://thumb.wikimedia.org/wikipedia/commons/thumb/d/dd/Wappen_Kaisten_AG.svg/330px-Wappen_Kaisten_AG.svg.png"
4170,29.7,29.7,70.3,"Laufenburg (AG)","A Laufenburg, les citoyens rejettent à 70,3 pour cent l'initiative sur la neutralité. Laufenburg a dit non à l'initiative, tout comme le canton.","https://thumb.wikimedia.org/wikipedia/commons/thumb/4/49/Wappen_Laufenburg_AG.svg/330px-Wappen_Laufenburg_AG.svg.png"
4172,34.2,34.2,65.8,"Münchwilen (AG)","L'initiative sur la neutralité est refusée à 65,8 pour cent à Münchwilen (AG). Münchwilen (AG) a dit non à l'initiative, tout comme le canton.","https://thumb.wikimedia.org/wikipedia/commons/thumb/8/89/CHE_M%C3%BCnchwilen_COA.svg/330px-CHE_M%C3%BCnchwilen_COA.svg.png"
4173,35.6,35.6,64.4,"Oberhof (AG)","L'initiative sur la neutralité n'a pas trouvé grâce aux yeux des citoyens d'Oberhof. Ils ont refusé le texte à 64,4 pour cent. Oberhof a dit non à l'initiative, tout comme le canton.","https://thumb.wikimedia.org/wikipedia/commons/thumb/8/80/CHE_Oberhof_COA.svg/330px-CHE_Oberhof_COA.svg.png"
4175,31.7,31.7,68.3,"Oeschgen (AG)","A Oeschgen, les citoyens rejettent à 68,3 pour cent l'initiative sur la neutralité. Oeschgen a dit non à l'initiative, tout comme le canton.","https://thumb.wikimedia.org/wikipedia/commons/thumb/4/46/Coat_of_arms_of_Oeschgen.svg/960px-Coat_of_arms_of_Oeschgen.svg.png"
4176,45.7,45.7,54.3,"Schwaderloch (AG)","L'initiative sur la neutralité est refusée à 54,3 pour cent à Schwaderloch. Schwaderloch a dit non à l'initiative, tout comme le canton.","https://thumb.wikimedia.org/wikipedia/commons/thumb/9/90/CHE_Schwaderloch_COA.svg/960px-CHE_Schwaderloch_COA.svg.png"
4177,36.4,36.4,63.6,"Sisseln (AG)","Les habitants de Sisseln s'opposent à l'initiative sur la neutralité par 63,6 pour cent des voix. Sisseln a dit non à l'initiative, tout comme le canton.","https://thumb.wikimedia.org/wikipedia/commons/thumb/6/6d/CHE_Sisseln_COA.svg/330px-CHE_Sisseln_COA.svg.png"
4181,36,36,64,"Wittnau (AG)","L'initiative sur la neutralité est refusée à 64 pour cent à Wittnau. Wittnau a dit non à l'initiative, tout comme le canton.","https://thumb.wikimedia.org/wikipedia/commons/thumb/8/80/CHE_Wittnau_COA.svg/330px-CHE_Wittnau_COA.svg.png"
4182,43.3,43.3,56.7,"Wölflinswil (AG)","Les habitants de Wölflinswil s'opposent à l'initiative sur la neutralité par 56,7 pour cent des voix. Wölflinswil a dit non à l'initiative, tout comme le canton.","https://thumb.wikimedia.org/wikipedia/commons/thumb/2/2a/CHE_W%C3%B6lflinswil_COA.svg/330px-CHE_W%C3%B6lflinswil_COA.svg.png"
4183,30.5,30.5,69.5,"Zeihen (AG)","A Zeihen, les citoyens rejettent à 69,5 pour cent l'initiative sur la neutralité. Zeihen a dit non à l'initiative, tout comme le canton.","https://thumb.wikimedia.org/wikipedia/commons/thumb/6/60/CHE_Zeihen_COA.svg/330px-CHE_Zeihen_COA.svg.png"
4184,34.4,34.4,65.6,"Mettauertal (AG)","Les habitants de Mettauertal s'opposent à l'initiative sur la neutralité par 65,6 pour cent des voix. Mettauertal a dit non à l'initiative, tout comme le canton.","https://thumb.wikimedia.org/wikipedia/commons/thumb/7/7b/CHE_Mettauertal_COA.svg/960px-CHE_Mettauertal_COA.svg.png"
4185,35.6,35.6,64.4,"Böztal (AG)","Les habitants de Böztal s'opposent à l'initiative sur la neutralité par 64,4 pour cent des voix. Böztal a dit non à l'initiative, tout comme le canton.","https://thumb.wikimedia.org/wikipedia/commons/thumb/3/3d/CHE_B%C3%B6ztal_COA.svg/960px-CHE_B%C3%B6ztal_COA.svg.png"
4186,30.9,30.9,69.1,"Herznach-Ueken (AG)","A Herznach-Ueken, les citoyens rejettent à 69,1 pour cent l'initiative sur la neutralité. Herznach-Ueken a dit non à l'initiative, tout comme le canton.","https://thumb.wikimedia.org/wikipedia/commons/thumb/6/68/CHE_Herznach-Ueken_COA.svg/960px-CHE_Herznach-Ueken_COA.svg.png"
4191,35.5,35.5,64.5,"Ammerswil (AG)","L'initiative sur la neutralité n'a pas trouvé grâce aux yeux des citoyens d'Ammerswil. Ils ont refusé le texte à 64,5 pour cent. Ammerswil a dit non à l'initiative, tout comme le canton.","https://thumb.wikimedia.org/wikipedia/commons/thumb/6/6e/CHE_Ammerswil_COA.svg/330px-CHE_Ammerswil_COA.svg.png"
4192,41.8,41.8,58.2,"Boniswil (AG)","La population de Boniswil rejette à 58,2 pour cent des voix l'initiative sur la neutralité. Boniswil a dit non à l'initiative, tout comme le canton.","https://thumb.wikimedia.org/wikipedia/commons/thumb/8/85/Wappen_Boniswil.svg/330px-Wappen_Boniswil.svg.png"
4193,34.7,34.7,65.3,"Brunegg (AG)","L'initiative sur la neutralité est refusée à 65,3 pour cent à Brunegg. Brunegg a dit non à l'initiative, tout comme le canton.","https://thumb.wikimedia.org/wikipedia/commons/thumb/f/f7/CHE_Brunegg_COA.svg/330px-CHE_Brunegg_COA.svg.png"
4194,39.4,39.4,60.6,"Dintikon (AG)","A Dintikon, les citoyens rejettent à 60,6 pour cent l'initiative sur la neutralité. Dintikon a dit non à l'initiative, tout comme le canton.","https://thumb.wikimedia.org/wikipedia/commons/thumb/7/7d/CHE_Dintikon_COA.svg/330px-CHE_Dintikon_COA.svg.png"
4195,38.8,38.8,61.2,"Egliswil (AG)","L'initiative sur la neutralité est refusée à 61,2 pour cent à Egliswil. Egliswil a dit non à l'initiative, tout comme le canton.","https://thumb.wikimedia.org/wikipedia/commons/thumb/4/44/Wappen_Egliswil.svg/330px-Wappen_Egliswil.svg.png"
4196,31.9,31.9,68.1,"Fahrwangen (AG)","La population de Fahrwangen rejette à 68,1 pour cent des voix l'initiative sur la neutralité. Fahrwangen a dit non à l'initiative, tout comme le canton.","https://thumb.wikimedia.org/wikipedia/commons/thumb/7/7c/CHE_Fahrwangen_COA.svg/330px-CHE_Fahrwangen_COA.svg.png"
4197,36,36,64,"Hallwil (AG)","L'initiative sur la neutralité n'a pas convaincu à Hallwil. Les citoyens de la commune ont refusé le texte à 64 pour cent. Hallwil a dit non à l'initiative, tout comme le canton.","https://thumb.wikimedia.org/wikipedia/commons/thumb/4/4c/Wappen_Hallwil.svg/330px-Wappen_Hallwil.svg.png"
4198,39,39,61,"Hendschiken (AG)","L'initiative sur la neutralité n'a pas trouvé grâce aux yeux des citoyens de Hendschiken. Ils ont refusé le texte à 61 pour cent. Hendschiken a dit non à l'initiative, tout comme le canton.","https://thumb.wikimedia.org/wikipedia/commons/thumb/7/71/CHE_Hendschiken_COA.svg/330px-CHE_Hendschiken_COA.svg.png"
4199,42.8,42.8,57.2,"Holderbank (AG)","Les habitants de Holderbank (AG) s'opposent à l'initiative sur la neutralité par 57,2 pour cent des voix. Holderbank (AG) a dit non à l'initiative, tout comme le canton.","https://thumb.wikimedia.org/wikipedia/commons/thumb/a/a2/CHE_Holderbank_AG_COA.svg/330px-CHE_Holderbank_AG_COA.svg.png"
4200,44,44,56,"Hunzenschwil (AG)","A Hunzenschwil, les citoyens rejettent à 56 pour cent l'initiative sur la neutralité. Hunzenschwil a dit non à l'initiative, tout comme le canton.","https://thumb.wikimedia.org/wikipedia/commons/thumb/8/85/CHE_Hunzenschwil_COA.svg/330px-CHE_Hunzenschwil_COA.svg.png"
4201,19.7,19.7,80.3,"Lenzburg (AG)","L'initiative sur la neutralité est refusée à 80,3 pour cent à Lenzburg. Lenzburg a dit non à l'initiative, tout comme le canton.","https://thumb.wikimedia.org/wikipedia/commons/thumb/7/71/CHE_Lenzburg_COA.svg/500px-CHE_Lenzburg_COA.svg.png"
4202,32.7,32.7,67.3,"Meisterschwanden (AG)","L'initiative sur la neutralité est refusée à 67,3 pour cent à Meisterschwanden. Meisterschwanden a dit non à l'initiative, tout comme le canton.","https://thumb.wikimedia.org/wikipedia/commons/thumb/5/51/Coat_of_arms_of_Meisterschwanden.svg/960px-Coat_of_arms_of_Meisterschwanden.svg.png"
4203,27.7,27.7,72.3,"Möriken-Wildegg (AG)","La population de Möriken-Wildegg rejette à 72,3 pour cent des voix l'initiative sur la neutralité. Möriken-Wildegg a dit non à l'initiative, tout comme le canton.","https://thumb.wikimedia.org/wikipedia/commons/thumb/c/c4/CHE_M%C3%B6riken-Wildegg_COA.svg/330px-CHE_M%C3%B6riken-Wildegg_COA.svg.png"
4204,25,25,75,"Niederlenz (AG)","L'initiative sur la neutralité n'a pas convaincu à Niederlenz. Les citoyens de la commune ont refusé le texte à 75 pour cent. Niederlenz a dit non à l'initiative, tout comme le canton.","https://thumb.wikimedia.org/wikipedia/commons/thumb/a/a7/Niederlenz-blason.svg/960px-Niederlenz-blason.svg.png"
4205,33.5,33.5,66.5,"Othmarsingen (AG)","C'est non à l'initiative sur la neutralité à Othmarsingen. Les habitants ont refusé le texte à 66,5 pour cent. Othmarsingen a dit non à l'initiative, tout comme le canton.","https://thumb.wikimedia.org/wikipedia/commons/thumb/5/5b/CHE_Othmarsingen_COA.svg/330px-CHE_Othmarsingen_COA.svg.png"
4206,34.5,34.5,65.5,"Rupperswil (AG)","L'initiative sur la neutralité est refusée à 65,5 pour cent à Rupperswil. Rupperswil a dit non à l'initiative, tout comme le canton.","https://thumb.wikimedia.org/wikipedia/commons/thumb/0/0d/CHE_Rupperswil_COA.svg/500px-CHE_Rupperswil_COA.svg.png"
4207,35.6,35.6,64.4,"Schafisheim (AG)","L'initiative sur la neutralité n'a pas trouvé grâce aux yeux des citoyens de Schafisheim. Ils ont refusé le texte à 64,4 pour cent. Schafisheim a dit non à l'initiative, tout comme le canton.","https://thumb.wikimedia.org/wikipedia/commons/thumb/0/0e/CHE_Schafisheim_COA.svg/330px-CHE_Schafisheim_COA.svg.png"
4208,35.5,35.5,64.5,"Seengen (AG)","L'initiative sur la neutralité est refusée à 64,5 pour cent à Seengen. Seengen a dit non à l'initiative, tout comme le canton.","https://thumb.wikimedia.org/wikipedia/commons/thumb/2/20/CHE_Seengen_COA.svg/330px-CHE_Seengen_COA.svg.png"
4209,36.4,36.4,63.6,"Seon (AG)","L'initiative sur la neutralité n'a pas convaincu à Seon. Les citoyens de la commune ont refusé le texte à 63,6 pour cent. Seon a dit non à l'initiative, tout comme le canton.","https://thumb.wikimedia.org/wikipedia/commons/thumb/1/1d/CHE_Seon_COA.svg/960px-CHE_Seon_COA.svg.png"
4210,26.5,26.5,73.5,"Staufen (AG)","L'initiative sur la neutralité n'a pas trouvé grâce aux yeux des citoyens de Staufen. Ils ont refusé le texte à 73,5 pour cent. Staufen a dit non à l'initiative, tout comme le canton.","https://thumb.wikimedia.org/wikipedia/commons/thumb/e/ef/CHE_Staufen_COA.svg/330px-CHE_Staufen_COA.svg.png"
4221,37.1,37.1,62.9,"Abtwil (AG)","L'initiative sur la neutralité n'a pas convaincu à Abtwil. Les citoyens de la commune ont refusé le texte à 62,9 pour cent. Abtwil a dit non à l'initiative, tout comme le canton.","https://thumb.wikimedia.org/wikipedia/commons/thumb/a/aa/CHE_Abtwil_AG_COA.svg/330px-CHE_Abtwil_AG_COA.svg.png"
4222,34.8,34.8,65.2,"Aristau (AG)","Les habitants d'Aristau s'opposent à l'initiative sur la neutralité par 65,2 pour cent des voix. Aristau a dit non à l'initiative, tout comme le canton.","https://thumb.wikimedia.org/wikipedia/commons/thumb/3/35/CHE_Aristau_COA.svg/330px-CHE_Aristau_COA.svg.png"
4223,40.3,40.3,59.7,"Auw (AG)","L'initiative sur la neutralité est refusée à 59,7 pour cent à Auw. Auw a dit non à l'initiative, tout comme le canton.","https://thumb.wikimedia.org/wikipedia/commons/thumb/6/67/CHE_Auw_AG_COA.svg/330px-CHE_Auw_AG_COA.svg.png"
4224,42.4,42.4,57.6,"Beinwil (Freiamt) (AG)","L'initiative sur la neutralité n'a pas trouvé grâce aux yeux des citoyens de Beinwil (Freiamt). Ils ont refusé le texte à 57,6 pour cent. Beinwil (Freiamt) a dit non à l'initiative, tout comme le canton.","https://thumb.wikimedia.org/wikipedia/commons/thumb/2/21/CHE_Beinwil_%28Freiamt%29_COA.svg/330px-CHE_Beinwil_%28Freiamt%29_COA.svg.png"
4226,33.6,33.6,66.4,"Besenbüren (AG)","Les habitants de Besenbüren s'opposent à l'initiative sur la neutralité par 66,4 pour cent des voix. Besenbüren a dit non à l'initiative, tout comme le canton.","https://thumb.wikimedia.org/wikipedia/commons/thumb/9/99/CHE_Besenb%C3%BCren_COA.svg/330px-CHE_Besenb%C3%BCren_COA.svg.png"
4227,34.7,34.7,65.3,"Bettwil (AG)","L'initiative sur la neutralité n'a pas convaincu à Bettwil. Les citoyens de la commune ont refusé le texte à 65,3 pour cent. Bettwil a dit non à l'initiative, tout comme le canton.","https://thumb.wikimedia.org/wikipedia/commons/thumb/0/03/CHE_Bettwil_COA.svg/330px-CHE_Bettwil_COA.svg.png"
4228,39.5,39.5,60.5,"Boswil (AG)","L'initiative sur la neutralité n'a pas trouvé grâce aux yeux des citoyens de Boswil. Ils ont refusé le texte à 60,5 pour cent. Boswil a dit non à l'initiative, tout comme le canton.","https://thumb.wikimedia.org/wikipedia/commons/thumb/1/1b/CHE_Boswil_COA.svg/330px-CHE_Boswil_COA.svg.png"
4229,36.5,36.5,63.5,"Bünzen (AG)","La population de Bünzen rejette à 63,5 pour cent des voix l'initiative sur la neutralité. Bünzen a dit non à l'initiative, tout comme le canton.","https://thumb.wikimedia.org/wikipedia/commons/thumb/6/6f/Wappen_B%C3%BCnzen_AG.svg/330px-Wappen_B%C3%BCnzen_AG.svg.png"
4230,39.1,39.1,60.9,"Buttwil (AG)","A Buttwil, les citoyens rejettent à 60,9 pour cent l'initiative sur la neutralité. Buttwil a dit non à l'initiative, tout comme le canton.","https://thumb.wikimedia.org/wikipedia/commons/thumb/0/0a/Wappen_Buttwil.svg/330px-Wappen_Buttwil.svg.png"
4231,33.6,33.6,66.4,"Dietwil (AG)","L'initiative sur la neutralité n'a pas convaincu à Dietwil. Les citoyens de la commune ont refusé le texte à 66,4 pour cent. Dietwil a dit non à l'initiative, tout comme le canton.","https://thumb.wikimedia.org/wikipedia/commons/thumb/3/3a/CHE_Dietwil_COA.svg/330px-CHE_Dietwil_COA.svg.png"
4232,35.8,35.8,64.2,"Geltwil (AG)","Les habitants de la petite commune de Geltwil ont refusé l'initiative sur la neutralité. Ils ont dit non à cet objet par 61 voix contre 34. Geltwil a dit non à l'initiative, tout comme le canton.","https://thumb.wikimedia.org/wikipedia/commons/thumb/a/a7/CHE_Geltwil_COA.svg/330px-CHE_Geltwil_COA.svg.png"
4233,48.5,48.5,51.5,"Kallern (AG)","A Kallern, les citoyens rejettent à 51,5 pour cent l'initiative sur la neutralité. Kallern a dit non à l'initiative, tout comme le canton.","https://thumb.wikimedia.org/wikipedia/commons/thumb/6/69/CHE_Kallern_COA.svg/330px-CHE_Kallern_COA.svg.png"
4234,31.1,31.1,68.9,"Merenschwand (AG)","La population de Merenschwand rejette à 68,9 pour cent des voix l'initiative sur la neutralité. Merenschwand a dit non à l'initiative, tout comme le canton.","https://thumb.wikimedia.org/wikipedia/commons/thumb/6/6a/CHE_Merenschwand_COA.svg/330px-CHE_Merenschwand_COA.svg.png"
4235,38.9,38.9,61.1,"Mühlau (AG)","C'est non à l'initiative sur la neutralité à Mühlau. Les habitants ont refusé le texte à 61,1 pour cent. Mühlau a dit non à l'initiative, tout comme le canton.","https://thumb.wikimedia.org/wikipedia/commons/thumb/f/f4/CHE_M%C3%BChlau_AG_COA.svg/330px-CHE_M%C3%BChlau_AG_COA.svg.png"
4236,26.4,26.4,73.6,"Muri (AG)","L'initiative sur la neutralité est refusée à 73,6 pour cent à Muri (AG). Muri (AG) a dit non à l'initiative, tout comme le canton.","https://thumb.wikimedia.org/wikipedia/commons/thumb/2/28/CHE_Muri_COA.svg/330px-CHE_Muri_COA.svg.png"
4237,27.8,27.8,72.2,"Oberrüti (AG)","Les habitants d'Oberrüti s'opposent à l'initiative sur la neutralité par 72,2 pour cent des voix. Oberrüti a dit non à l'initiative, tout comme le canton.","https://thumb.wikimedia.org/wikipedia/commons/thumb/2/21/CHE_Oberr%C3%BCti_COA.svg/330px-CHE_Oberr%C3%BCti_COA.svg.png"
4238,38.2,38.2,61.8,"Rottenschwil (AG)","A Rottenschwil, les citoyens rejettent à 61,8 pour cent l'initiative sur la neutralité. Rottenschwil a dit non à l'initiative, tout comme le canton.","https://thumb.wikimedia.org/wikipedia/commons/thumb/0/0b/CHE_Rottenschwil_COA.svg/330px-CHE_Rottenschwil_COA.svg.png"
4239,36.1,36.1,63.9,"Sins (AG)","Les habitants de Sins s'opposent à l'initiative sur la neutralité par 63,9 pour cent des voix. Sins a dit non à l'initiative, tout comme le canton.","https://thumb.wikimedia.org/wikipedia/commons/thumb/d/d3/CHE_Sins_COA.svg/330px-CHE_Sins_COA.svg.png"
4240,29.7,29.7,70.3,"Waltenschwil (AG)","A Waltenschwil, les citoyens rejettent à 70,3 pour cent l'initiative sur la neutralité. Waltenschwil a dit non à l'initiative, tout comme le canton.","https://thumb.wikimedia.org/wikipedia/commons/thumb/6/6c/CHE_Waltenschwil_COA.svg/330px-CHE_Waltenschwil_COA.svg.png"
4251,39.5,39.5,60.5,"Hellikon (AG)","Les habitants de Hellikon s'opposent à l'initiative sur la neutralité par 60,5 pour cent des voix. Hellikon a dit non à l'initiative, tout comme le canton.","https://thumb.wikimedia.org/wikipedia/commons/thumb/5/56/Wappen_Hellikon_AG.svg/330px-Wappen_Hellikon_AG.svg.png"
4252,30.5,30.5,69.5,"Kaiseraugst (AG)","L'initiative sur la neutralité est refusée à 69,5 pour cent à Kaiseraugst. Kaiseraugst a dit non à l'initiative, tout comme le canton.","https://thumb.wikimedia.org/wikipedia/commons/thumb/3/3c/Wappen_Kaiseraugst_AG.svg/330px-Wappen_Kaiseraugst_AG.svg.png"
4253,24.8,24.8,75.2,"Magden (AG)","L'initiative sur la neutralité n'a pas trouvé grâce aux yeux des citoyens de Magden. Ils ont refusé le texte à 75,2 pour cent. Magden a dit non à l'initiative, tout comme le canton.","https://thumb.wikimedia.org/wikipedia/commons/thumb/8/8d/Wappen_Magden_AG.svg/330px-Wappen_Magden_AG.svg.png"
4254,28.3,28.3,71.7,"Möhlin (AG)","L'initiative sur la neutralité n'a pas convaincu à Möhlin. Les citoyens de la commune ont refusé le texte à 71,7 pour cent. Möhlin a dit non à l'initiative, tout comme le canton.","https://thumb.wikimedia.org/wikipedia/commons/thumb/4/43/Wappen_M%C3%B6hlin_AG.svg/330px-Wappen_M%C3%B6hlin_AG.svg.png"
4255,37.6,37.6,62.4,"Mumpf (AG)","A Mumpf, les citoyens rejettent à 62,4 pour cent l'initiative sur la neutralité. Mumpf a dit non à l'initiative, tout comme le canton.","https://thumb.wikimedia.org/wikipedia/commons/thumb/3/33/Wappen_Mumpf_AG.svg/330px-Wappen_Mumpf_AG.svg.png"
4256,33,33,67,"Obermumpf (AG)","Les habitants d'Obermumpf s'opposent à l'initiative sur la neutralité par 67 pour cent des voix. Obermumpf a dit non à l'initiative, tout comme le canton.","https://thumb.wikimedia.org/wikipedia/commons/thumb/b/ba/Wappen_Obermumpf_AG.svg/330px-Wappen_Obermumpf_AG.svg.png"
4257,30.9,30.9,69.1,"Olsberg (AG)","L'initiative sur la neutralité est refusée à 69,1 pour cent à Olsberg. Olsberg a dit non à l'initiative, tout comme le canton.","https://thumb.wikimedia.org/wikipedia/commons/thumb/f/fe/CHE_Olsberg_AG_COA.svg/960px-CHE_Olsberg_AG_COA.svg.png"
4258,23.4,23.4,76.6,"Rheinfelden (AG)","C'est non à l'initiative sur la neutralité à Rheinfelden. Les habitants ont refusé le texte à 76,6 pour cent. Rheinfelden a dit non à l'initiative, tout comme le canton.","https://thumb.wikimedia.org/wikipedia/commons/thumb/7/7f/CHE_Rheinfelden_COA.svg/960px-CHE_Rheinfelden_COA.svg.png"
4259,31.2,31.2,68.8,"Schupfart (AG)","Les habitants de Schupfart s'opposent à l'initiative sur la neutralité par 68,8 pour cent des voix. Schupfart a dit non à l'initiative, tout comme le canton.","https://thumb.wikimedia.org/wikipedia/commons/thumb/e/ee/CHE_Schupfart_COA.svg/330px-CHE_Schupfart_COA.svg.png"
4260,30.2,30.2,69.8,"Stein (AG)","L'initiative sur la neutralité est refusée à 69,8 pour cent à Stein (AG). Stein (AG) a dit non à l'initiative, tout comme le canton.","https://thumb.wikimedia.org/wikipedia/commons/thumb/d/d3/CHE_Stein_COA.svg/330px-CHE_Stein_COA.svg.png"
4261,29.8,29.8,70.2,"Wallbach (AG)","Les habitants de Wallbach s'opposent à l'initiative sur la neutralité par 70,2 pour cent des voix. Wallbach a dit non à l'initiative, tout comme le canton.","https://thumb.wikimedia.org/wikipedia/commons/thumb/a/af/Wappen_Wallbach_AG.svg/330px-Wappen_Wallbach_AG.svg.png"
4262,38.2,38.2,61.8,"Wegenstetten (AG)","La population de Wegenstetten rejette à 61,8 pour cent des voix l'initiative sur la neutralité. Wegenstetten a dit non à l'initiative, tout comme le canton.","https://thumb.wikimedia.org/wikipedia/commons/thumb/4/43/Wappen_Wegenstetten_AG.svg/330px-Wappen_Wegenstetten_AG.svg.png"
4263,27.6,27.6,72.4,"Zeiningen (AG)","L'initiative sur la neutralité n'a pas convaincu à Zeiningen. Les citoyens de la commune ont refusé le texte à 72,4 pour cent. Zeiningen a dit non à l'initiative, tout comme le canton.","https://thumb.wikimedia.org/wikipedia/commons/thumb/2/23/CHE_Zeiningen_COA.svg/330px-CHE_Zeiningen_COA.svg.png"
4264,35.9,35.9,64.1,"Zuzgen (AG)","L'initiative sur la neutralité n'a pas trouvé grâce aux yeux des citoyens de Zuzgen. Ils ont refusé le texte à 64,1 pour cent. Zuzgen a dit non à l'initiative, tout comme le canton.","https://thumb.wikimedia.org/wikipedia/commons/thumb/e/e4/CHE_Zuzgen_COA.svg/330px-CHE_Zuzgen_COA.svg.png"
4271,30.7,30.7,69.3,"Aarburg (AG)","L'initiative sur la neutralité n'a pas trouvé grâce aux yeux des citoyens d'Aarburg. Ils ont refusé le texte à 69,3 pour cent. Aarburg a dit non à l'initiative, tout comme le canton.","https://thumb.wikimedia.org/wikipedia/commons/thumb/9/97/CHE_Aarburg_COA.svg/330px-CHE_Aarburg_COA.svg.png"
4273,37.3,37.3,62.7,"Bottenwil (AG)","A Bottenwil, les citoyens rejettent à 62,7 pour cent l'initiative sur la neutralité. Bottenwil a dit non à l'initiative, tout comme le canton.","https://thumb.wikimedia.org/wikipedia/commons/thumb/3/3b/Wappen_Bottenwil.svg/330px-Wappen_Bottenwil.svg.png"
4274,33.1,33.1,66.9,"Brittnau (AG)","L'initiative sur la neutralité n'a pas trouvé grâce aux yeux des citoyens de Brittnau. Ils ont refusé le texte à 66,9 pour cent. Brittnau a dit non à l'initiative, tout comme le canton.","https://thumb.wikimedia.org/wikipedia/commons/thumb/0/09/CHE_Brittnau_COA.svg/960px-CHE_Brittnau_COA.svg.png"
4275,42.7,42.7,57.3,"Kirchleerau (AG)","L'initiative sur la neutralité n'a pas convaincu à Kirchleerau. Les citoyens de la commune ont refusé le texte à 57,3 pour cent. Kirchleerau a dit non à l'initiative, tout comme le canton.","https://thumb.wikimedia.org/wikipedia/commons/thumb/d/d4/Wappen_Kirchleerau_AG.svg/330px-Wappen_Kirchleerau_AG.svg.png"
4276,40,40,60,"Kölliken (AG)","C'est non à l'initiative sur la neutralité à Kölliken. Les habitants ont refusé le texte à 60 pour cent. Kölliken a dit non à l'initiative, tout comme le canton.","https://thumb.wikimedia.org/wikipedia/commons/thumb/2/24/CHE_K%C3%B6lliken_COA.svg/330px-CHE_K%C3%B6lliken_COA.svg.png"
4277,46.5,46.5,53.5,"Moosleerau (AG)","L'initiative sur la neutralité est refusée à 53,5 pour cent à Moosleerau. Moosleerau a dit non à l'initiative, tout comme le canton.","https://thumb.wikimedia.org/wikipedia/commons/thumb/a/a7/Wappen_Moosleerau_AG.svg/330px-Wappen_Moosleerau_AG.svg.png"
4279,41.9,41.9,58.1,"Murgenthal (AG)","Les habitants de Murgenthal s'opposent à l'initiative sur la neutralité par 58,1 pour cent des voix. Murgenthal a dit non à l'initiative, tout comme le canton.","https://thumb.wikimedia.org/wikipedia/commons/thumb/8/81/Wappen_Murgenthal_AG.svg/330px-Wappen_Murgenthal_AG.svg.png"
4280,33.5,33.5,66.5,"Oftringen (AG)","L'initiative sur la neutralité n'a pas convaincu à Oftringen. Les citoyens de la commune ont refusé le texte à 66,5 pour cent. Oftringen a dit non à l'initiative, tout comme le canton.","https://thumb.wikimedia.org/wikipedia/commons/thumb/b/b9/CHE_Oftringen_COA.svg/330px-CHE_Oftringen_COA.svg.png"
4281,46.6,46.6,53.4,"Reitnau (AG)","L'initiative sur la neutralité n'a pas trouvé grâce aux yeux des citoyens de Reitnau. Ils ont refusé le texte à 53,4 pour cent. Reitnau a dit non à l'initiative, tout comme le canton.","https://thumb.wikimedia.org/wikipedia/commons/thumb/5/5c/Wappen_Reitnau_AG.svg/330px-Wappen_Reitnau_AG.svg.png"
4282,35.7,35.7,64.3,"Rothrist (AG)","L'initiative sur la neutralité est refusée à 64,3 pour cent à Rothrist. Rothrist a dit non à l'initiative, tout comme le canton.","https://thumb.wikimedia.org/wikipedia/commons/thumb/6/6c/Wappen_Rothrist_AG.svg/330px-Wappen_Rothrist_AG.svg.png"
4283,38.1,38.1,61.9,"Safenwil (AG)","L'initiative sur la neutralité n'a pas trouvé grâce aux yeux des citoyens de Safenwil. Ils ont refusé le texte à 61,9 pour cent. Safenwil a dit non à l'initiative, tout comme le canton.","https://thumb.wikimedia.org/wikipedia/commons/thumb/a/a9/Wappen_Safenwil_AG.svg/330px-Wappen_Safenwil_AG.svg.png"
4284,42.3,42.3,57.7,"Staffelbach (AG)","L'initiative sur la neutralité n'a pas convaincu à Staffelbach. Les citoyens de la commune ont refusé le texte à 57,7 pour cent. Staffelbach a dit non à l'initiative, tout comme le canton.","https://thumb.wikimedia.org/wikipedia/commons/thumb/0/0a/Wappen_Staffelbach_AG.svg/330px-Wappen_Staffelbach_AG.svg.png"
4285,26.8,26.8,73.2,"Strengelbach (AG)","L'initiative sur la neutralité n'a pas trouvé grâce aux yeux des citoyens de Strengelbach. Ils ont refusé le texte à 73,2 pour cent. Strengelbach a dit non à l'initiative, tout comme le canton.","https://thumb.wikimedia.org/wikipedia/commons/thumb/2/2a/Wappen_Strengelbach_AG.svg/330px-Wappen_Strengelbach_AG.svg.png"
4286,44.1,44.1,55.9,"Uerkheim (AG)","L'initiative sur la neutralité n'a pas trouvé grâce aux yeux des citoyens d'Uerkheim. Ils ont refusé le texte à 55,9 pour cent. Uerkheim a dit non à l'initiative, tout comme le canton.","https://thumb.wikimedia.org/wikipedia/commons/thumb/a/af/CHE_Uerkheim_COA.svg/960px-CHE_Uerkheim_COA.svg.png"
4287,34.7,34.7,65.3,"Vordemwald (AG)","C'est non à l'initiative sur la neutralité à Vordemwald. Les habitants ont refusé le texte à 65,3 pour cent. Vordemwald a dit non à l'initiative, tout comme le canton.","https://thumb.wikimedia.org/wikipedia/commons/thumb/6/6a/Wappen_Vordemwald_AG.svg/330px-Wappen_Vordemwald_AG.svg.png"
4288,54.8,54.8,45.2,"Wiliberg (AG)","L'initiative sur la neutralité est validée à Wiliberg. Les citoyens de cette petite commune sont 51 à soutenir le texte, contre 42 à le refuser. Wiliberg a dit oui à l'initiative, mais le canton a voté non.","https://thumb.wikimedia.org/wikipedia/commons/thumb/4/43/Wappen_Wiliberg_AG.svg/330px-Wappen_Wiliberg_AG.svg.png"
4289,23.6,23.6,76.4,"Zofingue (AG)","A Zofingue, les citoyens rejettent à 76,4 pour cent l'initiative sur la neutralité. Zofingue a dit non à l'initiative, tout comme le canton.","https://thumb.wikimedia.org/wikipedia/commons/thumb/a/a5/Wappen_Zofingen_AG.svg/330px-Wappen_Zofingen_AG.svg.png"
4303,35.3,35.3,64.7,"Böttstein (AG)","La population de Böttstein rejette à 64,7 pour cent des voix l'initiative sur la neutralité. Böttstein a dit non à l'initiative, tout comme le canton.","https://thumb.wikimedia.org/wikipedia/commons/thumb/c/cb/CHE_B%C3%B6ttstein_COA.svg/500px-CHE_B%C3%B6ttstein_COA.svg.png"
4304,31.8,31.8,68.2,"Döttingen (AG)","C'est non à l'initiative sur la neutralité à Döttingen. Les habitants ont refusé le texte à 68,2 pour cent. Döttingen a dit non à l'initiative, tout comme le canton.","https://thumb.wikimedia.org/wikipedia/commons/thumb/b/bd/CHE_D%C3%B6ttingen_AG_COA.svg/500px-CHE_D%C3%B6ttingen_AG_COA.svg.png"
4305,30.6,30.6,69.4,"Endingen (AG)","L'initiative sur la neutralité n'a pas trouvé grâce aux yeux des citoyens d'Endingen. Ils ont refusé le texte à 69,4 pour cent. Endingen a dit non à l'initiative, tout comme le canton.","https://thumb.wikimedia.org/wikipedia/commons/thumb/b/b3/CHE_Endingen_COA.svg/960px-CHE_Endingen_COA.svg.png"
4306,42.8,42.8,57.2,"Fisibach (AG)","Les habitants de Fisibach s'opposent à l'initiative sur la neutralité par 57,2 pour cent des voix. Fisibach a dit non à l'initiative, tout comme le canton.","https://thumb.wikimedia.org/wikipedia/commons/thumb/1/18/CHE_Fisibach_COA.svg/330px-CHE_Fisibach_COA.svg.png"
4307,33.7,33.7,66.3,"Full-Reuenthal (AG)","C'est non à l'initiative sur la neutralité à Full-Reuenthal. Les habitants ont refusé le texte à 66,3 pour cent. Full-Reuenthal a dit non à l'initiative, tout comme le canton.","https://thumb.wikimedia.org/wikipedia/commons/thumb/4/4c/CHE_Full-Reuenthal_COA.svg/330px-CHE_Full-Reuenthal_COA.svg.png"
4309,27.6,27.6,72.4,"Klingnau (AG)","C'est non à l'initiative sur la neutralité à Klingnau. Les habitants ont refusé le texte à 72,4 pour cent. Klingnau a dit non à l'initiative, tout comme le canton.","https://thumb.wikimedia.org/wikipedia/commons/thumb/5/5d/Wappen_Klingnau.svg/330px-Wappen_Klingnau.svg.png"
4310,41,41,59,"Koblenz (AG)","La population de Koblenz rejette à 59 pour cent des voix l'initiative sur la neutralité. Koblenz a dit non à l'initiative, tout comme le canton.","https://thumb.wikimedia.org/wikipedia/commons/thumb/8/8e/Wappen_Koblenz_AG.svg/330px-Wappen_Koblenz_AG.svg.png"
4311,42.1,42.1,57.9,"Leibstadt (AG)","L'initiative sur la neutralité est refusée à 57,9 pour cent à Leibstadt. Leibstadt a dit non à l'initiative, tout comme le canton.","https://thumb.wikimedia.org/wikipedia/commons/thumb/5/58/CHE_Leibstadt_COA.svg/500px-CHE_Leibstadt_COA.svg.png"
4312,31,31,69,"Lengnau (AG)","La population de Lengnau (AG) rejette à 69 pour cent des voix l'initiative sur la neutralité. Lengnau (AG) a dit non à l'initiative, tout comme le canton.","https://thumb.wikimedia.org/wikipedia/commons/thumb/9/9b/Wappen_Lengnau_AG.svg/330px-Wappen_Lengnau_AG.svg.png"
4313,33.7,33.7,66.3,"Leuggern (AG)","Les habitants de Leuggern s'opposent à l'initiative sur la neutralité par 66,3 pour cent des voix. Leuggern a dit non à l'initiative, tout comme le canton.","https://thumb.wikimedia.org/wikipedia/commons/thumb/6/60/Coat_of_arms_of_Leuggern.svg/960px-Coat_of_arms_of_Leuggern.svg.png"
4314,20.2,20.2,79.8,"Mellikon (AG)","Les habitants de la petite commune de Mellikon ont refusé l'initiative sur la neutralité. Ils ont dit non à cet objet par 71 voix contre 18. Mellikon a dit non à l'initiative, tout comme le canton.","https://thumb.wikimedia.org/wikipedia/commons/thumb/5/51/CHE_Mellikon_COA.svg/330px-CHE_Mellikon_COA.svg.png"
4318,26.7,26.7,73.3,"Schneisingen (AG)","A Schneisingen, les citoyens rejettent à 73,3 pour cent l'initiative sur la neutralité. Schneisingen a dit non à l'initiative, tout comme le canton.","https://thumb.wikimedia.org/wikipedia/commons/thumb/d/da/CHE_Schneisingen_COA.svg/960px-CHE_Schneisingen_COA.svg.png"
4319,33.1,33.1,66.9,"Siglistorf (AG)","L'initiative sur la neutralité n'a pas trouvé grâce aux yeux des citoyens de Siglistorf. Ils ont refusé le texte à 66,9 pour cent. Siglistorf a dit non à l'initiative, tout comme le canton.","https://thumb.wikimedia.org/wikipedia/commons/thumb/3/39/CHE_Siglistorf_COA.svg/960px-CHE_Siglistorf_COA.svg.png"
4320,34.9,34.9,65.1,"Tegerfelden (AG)","L'initiative sur la neutralité est refusée à 65,1 pour cent à Tegerfelden. Tegerfelden a dit non à l'initiative, tout comme le canton.","https://thumb.wikimedia.org/wikipedia/commons/thumb/c/c6/CHE_Tegerfelden_COA.svg/330px-CHE_Tegerfelden_COA.svg.png"
4324,35.1,35.1,64.9,"Zurzach (AG)","L'initiative sur la neutralité n'a pas convaincu à Zurzach. Les citoyens de la commune ont refusé le texte à 64,9 pour cent. Zurzach a dit non à l'initiative, tout comme le canton.","https://thumb.wikimedia.org/wikipedia/commons/thumb/8/82/CHE_Zurzach_COA.svg/500px-CHE_Zurzach_COA.svg.png"
4401,34.1,34.1,65.9,"Arbon (TG)","C'est non à l'initiative sur la neutralité à Arbon. Les habitants ont refusé le texte à 65,9 pour cent.","https://upload.wikimedia.org/wikipedia/commons/0/05/Arbon_Wappen.jpg"
4406,61.3,61.3,38.7,"Dozwil (TG)","Les habitants de Dozwil soutiennent à 61,3 pour cent l'initiative sur la neutralité.","https://thumb.wikimedia.org/wikipedia/commons/thumb/7/7d/Dozwil-blazon.svg/250px-Dozwil-blazon.svg.png"
4411,37.9,37.9,62.1,"Egnach (TG)","L'initiative sur la neutralité est refusée à 62,1 pour cent à Egnach.","https://thumb.wikimedia.org/wikipedia/commons/thumb/6/6a/CHE_Egnach_COA.svg/960px-CHE_Egnach_COA.svg.png"
4416,40.7,40.7,59.3,"Hefenhofen (TG)","La population de Hefenhofen rejette à 59,3 pour cent des voix l'initiative sur la neutralité.","https://thumb.wikimedia.org/wikipedia/commons/thumb/e/ea/CHE_Hefenhofen_COA.svg/250px-CHE_Hefenhofen_COA.svg.png"
4421,34.4,34.4,65.6,"Horn (TG)","L'initiative sur la neutralité est refusée à 65,6 pour cent à Horn.","https://thumb.wikimedia.org/wikipedia/commons/thumb/2/25/Wappen_Horn.svg/500px-Wappen_Horn.svg.png"
4426,36.4,36.4,63.6,"Kesswil (TG)","L'initiative sur la neutralité n'a pas trouvé grâce aux yeux des citoyens de Kesswil. Ils ont refusé le texte à 63,6 pour cent.","https://thumb.wikimedia.org/wikipedia/commons/thumb/e/ef/Kesswil-blazon.svg/250px-Kesswil-blazon.svg.png"
4431,31.7,31.7,68.3,"Roggwil (TG)","L'initiative sur la neutralité n'a pas trouvé grâce aux yeux des citoyens de Roggwil (TG). Ils ont refusé le texte à 68,3 pour cent.","https://thumb.wikimedia.org/wikipedia/commons/thumb/8/8e/Roggwil_TG-coat_of_arms.svg/250px-Roggwil_TG-coat_of_arms.svg.png"
4436,32,32,68,"Romanshorn (TG)","L'initiative sur la neutralité n'a pas trouvé grâce aux yeux des citoyens de Romanshorn. Ils ont refusé le texte à 68 pour cent.","https://thumb.wikimedia.org/wikipedia/commons/thumb/7/71/Wappen_Romanshorn.svg/250px-Wappen_Romanshorn.svg.png"
4441,43.4,43.4,56.6,"Salmsach (TG)","A Salmsach, les citoyens rejettent à 56,6 pour cent l'initiative sur la neutralité.","https://thumb.wikimedia.org/wikipedia/commons/thumb/9/9e/Salmsach-blazon.svg/250px-Salmsach-blazon.svg.png"
4446,39.2,39.2,60.8,"Sommeri (TG)","Les habitants de Sommeri s'opposent à l'initiative sur la neutralité par 60,8 pour cent des voix.","https://thumb.wikimedia.org/wikipedia/commons/thumb/2/26/Sommeri-blazon.svg/250px-Sommeri-blazon.svg.png"
4451,39.5,39.5,60.5,"Uttwil (TG)","C'est non à l'initiative sur la neutralité à Uttwil. Les habitants ont refusé le texte à 60,5 pour cent.","https://thumb.wikimedia.org/wikipedia/commons/thumb/b/be/CHE_Uttwil_COA.svg/500px-CHE_Uttwil_COA.svg.png"
4461,50,0,0,"Amriswil (TG)","Les résultats ne sont pas encore connus dans cette commune.","https://thumb.wikimedia.org/wikipedia/commons/thumb/3/3e/CHE_Amriswil_COA.svg/960px-CHE_Amriswil_COA.svg.png"
4471,34.6,34.6,65.4,"Bischofszell (TG)","L'initiative sur la neutralité est refusée à 65,4 pour cent à Bischofszell.","https://thumb.wikimedia.org/wikipedia/commons/thumb/e/e8/Bischofszell-blazon.svg/250px-Bischofszell-blazon.svg.png"
4476,44.6,44.6,55.4,"Erlen (TG)","L'initiative sur la neutralité n'a pas trouvé grâce aux yeux des citoyens d'Erlen. Ils ont refusé le texte à 55,4 pour cent.","https://thumb.wikimedia.org/wikipedia/commons/thumb/4/44/Erlen-blazon.svg/250px-Erlen-blazon.svg.png"
4486,44.5,44.5,55.5,"Hauptwil-Gottshaus (TG)","L'initiative sur la neutralité n'a pas convaincu à Hauptwil-Gottshaus. Les citoyens de la commune ont refusé le texte à 55,5 pour cent.","https://thumb.wikimedia.org/wikipedia/commons/thumb/d/dd/HauptwilGottshaus-blazon.svg/250px-HauptwilGottshaus-blazon.svg.png"
4495,49.6,49.6,50.4,"Hohentannen (TG)","L'initiative sur la neutralité est refusée à 50,4 pour cent à Hohentannen.","https://thumb.wikimedia.org/wikipedia/commons/thumb/d/df/Hohentannen-blazon.svg/250px-Hohentannen-blazon.svg.png"
4501,41.4,41.4,58.6,"Kradolf-Schönenberg (TG)","L'initiative sur la neutralité n'a pas trouvé grâce aux yeux des citoyens de Kradolf-Schönenberg. Ils ont refusé le texte à 58,6 pour cent.","https://thumb.wikimedia.org/wikipedia/commons/thumb/1/11/KradolfSch%C3%B6nenberg-blazon.svg/250px-KradolfSch%C3%B6nenberg-blazon.svg.png"
4506,42.9,42.9,57.1,"Sulgen (TG)","A Sulgen, les citoyens rejettent à 57,1 pour cent l'initiative sur la neutralité.","https://thumb.wikimedia.org/wikipedia/commons/thumb/f/f9/Sulgen-blazon.svg/250px-Sulgen-blazon.svg.png"
4511,40.9,40.9,59.1,"Zihlschlacht-Sitterdorf (TG)","L'initiative sur la neutralité n'a pas convaincu à Zihlschlacht-Sitterdorf. Les citoyens de la commune ont refusé le texte à 59,1 pour cent.","https://thumb.wikimedia.org/wikipedia/commons/thumb/7/7c/ZihlschlachtSitterdorf-blazon.svg/250px-ZihlschlachtSitterdorf-blazon.svg.png"
4536,39.4,39.4,60.6,"Basadingen-Schlattingen (TG)","L'initiative sur la neutralité n'a pas trouvé grâce aux yeux des citoyens de Basadingen-Schlattingen. Ils ont refusé le texte à 60,6 pour cent.","https://thumb.wikimedia.org/wikipedia/commons/thumb/0/01/BasadingenSchlattingen-blazon.svg/250px-BasadingenSchlattingen-blazon.svg.png"
4545,29.9,29.9,70.1,"Diessenhofen (TG)","L'initiative sur la neutralité n'a pas convaincu à Diessenhofen. Les citoyens de la commune ont refusé le texte à 70,1 pour cent.","https://thumb.wikimedia.org/wikipedia/commons/thumb/f/f8/Diessenhofen-blazon.svg/250px-Diessenhofen-blazon.svg.png"
4546,38,38,62,"Schlatt (TG)","A Schlatt (TG), les citoyens rejettent à 62 pour cent l'initiative sur la neutralité.","https://thumb.wikimedia.org/wikipedia/commons/thumb/f/fa/Schlatt_TG-blazon.svg/250px-Schlatt_TG-blazon.svg.png"
4551,33.6,33.6,66.4,"Aadorf (TG)","La population d'Aadorf rejette à 66,4 pour cent des voix l'initiative sur la neutralité.","https://thumb.wikimedia.org/wikipedia/commons/thumb/0/0e/Wappen_Aadorf.svg/250px-Wappen_Aadorf.svg.png"
4561,35.6,35.6,64.4,"Felben-Wellhausen (TG)","La population de Felben-Wellhausen rejette à 64,4 pour cent des voix l'initiative sur la neutralité.","https://thumb.wikimedia.org/wikipedia/commons/thumb/0/09/FelbenWellhausen-blazon.svg/250px-FelbenWellhausen-blazon.svg.png"
4566,50,0,0,"Frauenfeld (TG)","Les résultats ne sont pas encore connus dans cette commune.","https://thumb.wikimedia.org/wikipedia/commons/thumb/e/eb/Frauenfeld-blazon.svg/250px-Frauenfeld-blazon.svg.png"
4571,30.1,30.1,69.9,"Gachnang (TG)","L'initiative sur la neutralité est refusée à 69,9 pour cent à Gachnang.","https://thumb.wikimedia.org/wikipedia/commons/thumb/a/af/CHE_Gachnang_COA.svg/500px-CHE_Gachnang_COA.svg.png"
4590,33.1,33.1,66.9,"Hüttlingen (TG)","Les habitants de Hüttlingen s'opposent à l'initiative sur la neutralité par 66,9 pour cent des voix.","https://thumb.wikimedia.org/wikipedia/commons/thumb/6/6f/H%C3%BCttlingen-blazon.svg/250px-H%C3%BCttlingen-blazon.svg.png"
4591,34.4,34.4,65.6,"Matzingen (TG)","La population de Matzingen rejette à 65,6 pour cent des voix l'initiative sur la neutralité.","https://thumb.wikimedia.org/wikipedia/commons/thumb/0/0e/CHE_Matzingen_COA.svg/500px-CHE_Matzingen_COA.svg.png"
4601,37.2,37.2,62.8,"Neunforn (TG)","A Neunforn, les citoyens rejettent à 62,8 pour cent l'initiative sur la neutralité.","https://thumb.wikimedia.org/wikipedia/commons/thumb/8/89/Neunforn-blazon.svg/250px-Neunforn-blazon.svg.png"
4606,30,30,70,"Stettfurt (TG)","La population de Stettfurt rejette à 70 pour cent des voix l'initiative sur la neutralité.","https://thumb.wikimedia.org/wikipedia/commons/thumb/1/12/Stettfurt-blazon.svg/250px-Stettfurt-blazon.svg.png"
4611,35,35,65,"Thundorf (TG)","A Thundorf, les citoyens rejettent à 65 pour cent l'initiative sur la neutralité.","https://thumb.wikimedia.org/wikipedia/commons/thumb/5/5d/Thundorf-coat_of_arms.svg/500px-Thundorf-coat_of_arms.svg.png"
4616,42.2,42.2,57.8,"Uesslingen-Buch (TG)","L'initiative sur la neutralité n'a pas convaincu à Uesslingen-Buch. Les citoyens de la commune ont refusé le texte à 57,8 pour cent.","https://thumb.wikimedia.org/wikipedia/commons/thumb/c/c6/UesslingenBuch-blazon.svg/250px-UesslingenBuch-blazon.svg.png"
4621,33.2,33.2,66.8,"Warth-Weiningen (TG)","La population de Warth-Weiningen rejette à 66,8 pour cent des voix l'initiative sur la neutralité.","https://thumb.wikimedia.org/wikipedia/commons/thumb/d/d9/WarthWeiningen-blazon.svg/250px-WarthWeiningen-blazon.svg.png"
4641,34.6,34.6,65.4,"Altnau (TG)","L'initiative sur la neutralité n'a pas convaincu à Altnau. Les citoyens de la commune ont refusé le texte à 65,4 pour cent.","https://thumb.wikimedia.org/wikipedia/commons/thumb/b/bf/CHE_Altnau_COA.svg/500px-CHE_Altnau_COA.svg.png"
4643,32.2,32.2,67.8,"Bottighofen (TG)","La population de Bottighofen rejette à 67,8 pour cent des voix l'initiative sur la neutralité.","https://thumb.wikimedia.org/wikipedia/commons/thumb/e/e8/Bottighofen-blazon.svg/250px-Bottighofen-blazon.svg.png"
4646,30.8,30.8,69.2,"Ermatingen (TG)","A Ermatingen, les citoyens rejettent à 69,2 pour cent l'initiative sur la neutralité.","https://thumb.wikimedia.org/wikipedia/commons/thumb/8/8d/Ermatingen-blazon.svg/250px-Ermatingen-blazon.svg.png"
4651,19.6,19.6,80.4,"Gottlieben (TG)","La population de Gottlieben rejette à 80,4 pour cent des voix l'initiative sur la neutralité.","https://thumb.wikimedia.org/wikipedia/commons/thumb/9/93/Gottlieben-blazon.svg/250px-Gottlieben-blazon.svg.png"
4656,39,39,61,"Güttingen (TG)","L'initiative sur la neutralité est refusée à 61 pour cent à Güttingen.","https://thumb.wikimedia.org/wikipedia/commons/thumb/1/1a/G%C3%BCttingen-blazon.svg/250px-G%C3%BCttingen-blazon.svg.png"
4666,50,0,0,"Kemmental (TG)","Les résultats ne sont pas encore connus dans cette commune.","https://thumb.wikimedia.org/wikipedia/commons/thumb/e/e4/CHE_Kemmental_COA.svg/500px-CHE_Kemmental_COA.svg.png"
4671,50,0,0,"Kreuzlingen (TG)","Les résultats ne sont pas encore connus dans cette commune.","https://thumb.wikimedia.org/wikipedia/commons/thumb/2/25/Kreuzlingen-blazon.svg/250px-Kreuzlingen-blazon.svg.png"
4681,44.4,44.4,55.6,"Langrickenbach (TG)","Les habitants de Langrickenbach s'opposent à l'initiative sur la neutralité par 55,6 pour cent des voix.","https://thumb.wikimedia.org/wikipedia/commons/thumb/7/71/Langrickenbach-blazon.svg/250px-Langrickenbach-blazon.svg.png"
4683,50,0,0,"Lengwil (TG)","Les résultats ne sont pas encore connus dans cette commune.","https://upload.wikimedia.org/wikipedia/de/8/8f/GW-TG-Lengwil.png"
4691,32.9,32.9,67.1,"Münsterlingen (TG)","C'est non à l'initiative sur la neutralité à Münsterlingen. Les habitants ont refusé le texte à 67,1 pour cent.","https://thumb.wikimedia.org/wikipedia/commons/thumb/6/67/GW-TG-Muensterlingen.svg/500px-GW-TG-Muensterlingen.svg.png"
4696,29.4,29.4,70.6,"Tägerwilen (TG)","La population de Tägerwilen rejette à 70,6 pour cent des voix l'initiative sur la neutralité.","https://thumb.wikimedia.org/wikipedia/commons/thumb/6/6b/T%C3%A4gerwilen-blazon.svg/250px-T%C3%A4gerwilen-blazon.svg.png"
4701,44.5,44.5,55.5,"Wäldi (TG)","Les habitants de Wäldi s'opposent à l'initiative sur la neutralité par 55,5 pour cent des voix.","https://thumb.wikimedia.org/wikipedia/commons/thumb/0/03/W%C3%A4ldi-blazon.svg/250px-W%C3%A4ldi-blazon.svg.png"
4711,46.4,46.4,53.6,"Affeltrangen (TG)","Les habitants d'Affeltrangen s'opposent à l'initiative sur la neutralité par 53,6 pour cent des voix.","https://thumb.wikimedia.org/wikipedia/commons/thumb/2/21/CHE_Affeltrangen_COA.svg/960px-CHE_Affeltrangen_COA.svg.png"
4716,41.5,41.5,58.5,"Bettwiesen (TG)","La population de Bettwiesen rejette à 58,5 pour cent des voix l'initiative sur la neutralité.","https://thumb.wikimedia.org/wikipedia/commons/thumb/c/c4/Bettwiesen-blazon.svg/250px-Bettwiesen-blazon.svg.png"
4721,41.8,41.8,58.2,"Bichelsee-Balterswil (TG)","L'initiative sur la neutralité n'a pas convaincu à Bichelsee-Balterswil. Les citoyens de la commune ont refusé le texte à 58,2 pour cent.","https://thumb.wikimedia.org/wikipedia/commons/thumb/f/fe/BichelseeBalterswil-blazon.svg/250px-BichelseeBalterswil-blazon.svg.png"
4723,40.6,40.6,59.4,"Braunau (TG)","Les habitants de Braunau s'opposent à l'initiative sur la neutralité par 59,4 pour cent des voix.","https://thumb.wikimedia.org/wikipedia/commons/thumb/2/2e/Braunau-blazon.svg/250px-Braunau-blazon.svg.png"
4724,34.2,34.2,65.8,"Eschlikon (TG)","L'initiative sur la neutralité est refusée à 65,8 pour cent à Eschlikon.","https://thumb.wikimedia.org/wikipedia/commons/thumb/f/f4/Eschlikon-blazon.svg/250px-Eschlikon-blazon.svg.png"
4726,50,0,0,"Fischingen (TG)","Les résultats ne sont pas encore connus dans cette commune.","https://thumb.wikimedia.org/wikipedia/commons/thumb/f/f7/Fischingen-blazon.svg/250px-Fischingen-blazon.svg.png"
4741,43.5,43.5,56.5,"Lommis (TG)","C'est non à l'initiative sur la neutralité à Lommis. Les habitants ont refusé le texte à 56,5 pour cent.","https://thumb.wikimedia.org/wikipedia/commons/thumb/9/90/Lommis-blazon.svg/250px-Lommis-blazon.svg.png"
4746,38.5,38.5,61.5,"Münchwilen (TG)","L'initiative sur la neutralité n'a pas convaincu à Münchwilen (TG). Les citoyens de la commune ont refusé le texte à 61,5 pour cent.","https://thumb.wikimedia.org/wikipedia/commons/thumb/3/37/M%C3%BCnchwilen_TG-blazon.svg/250px-M%C3%BCnchwilen_TG-blazon.svg.png"
4751,39,39,61,"Rickenbach (TG)","C'est non à l'initiative sur la neutralité à Rickenbach (TG). Les habitants ont refusé le texte à 61 pour cent.","https://thumb.wikimedia.org/wikipedia/commons/thumb/a/ae/Rickenbach_TG-blazon.svg/250px-Rickenbach_TG-blazon.svg.png"
4756,47.9,47.9,52.1,"Schönholzerswilen (TG)","La population de Schönholzerswilen rejette à 52,1 pour cent des voix l'initiative sur la neutralité.","https://thumb.wikimedia.org/wikipedia/commons/thumb/9/95/CHE_Sch%C3%B6nholzerswilen_COA.svg/250px-CHE_Sch%C3%B6nholzerswilen_COA.svg.png"
4761,39.9,39.9,60.1,"Sirnach (TG)","A Sirnach, les citoyens rejettent à 60,1 pour cent l'initiative sur la neutralité.","https://thumb.wikimedia.org/wikipedia/commons/thumb/5/5f/CHE_Sirnach_COA.svg/500px-CHE_Sirnach_COA.svg.png"
4776,46.8,46.8,53.2,"Tobel-Tägerschen (TG)","Les habitants de Tobel-Tägerschen s'opposent à l'initiative sur la neutralité par 53,2 pour cent des voix.","https://thumb.wikimedia.org/wikipedia/commons/thumb/2/2a/CHE_Tobel-T%C3%A4gerschen_COA.svg/500px-CHE_Tobel-T%C3%A4gerschen_COA.svg.png"
4781,37.3,37.3,62.7,"Wängi (TG)","L'initiative sur la neutralité n'a pas convaincu à Wängi. Les citoyens de la commune ont refusé le texte à 62,7 pour cent.","https://thumb.wikimedia.org/wikipedia/commons/thumb/6/6e/Wappen_Waengi.svg/250px-Wappen_Waengi.svg.png"
4786,27,27,73,"Wilen (TG)","L'initiative sur la neutralité n'a pas trouvé grâce aux yeux des citoyens de Wilen (TG). Ils ont refusé le texte à 73 pour cent.","https://thumb.wikimedia.org/wikipedia/commons/thumb/4/4e/Wilen-blazon.svg/250px-Wilen-blazon.svg.png"
4791,45.4,45.4,54.6,"Wuppenau (TG)","A Wuppenau, les citoyens rejettent à 54,6 pour cent l'initiative sur la neutralité.","https://thumb.wikimedia.org/wikipedia/commons/thumb/d/d5/CHE_Wuppenau_COA.svg/250px-CHE_Wuppenau_COA.svg.png"
4801,36.2,36.2,63.8,"Berlingen (TG)","L'initiative sur la neutralité n'a pas convaincu à Berlingen. Les citoyens de la commune ont refusé le texte à 63,8 pour cent.","https://thumb.wikimedia.org/wikipedia/commons/thumb/5/5b/Berlingen_Wappen.svg/500px-Berlingen_Wappen.svg.png"
4806,50,0,0,"Eschenz (TG)","Les résultats ne sont pas encore connus dans cette commune.","https://thumb.wikimedia.org/wikipedia/commons/thumb/5/52/Eschenz-blazon.svg/250px-Eschenz-blazon.svg.png"
4811,37.5,37.5,62.5,"Herdern (TG)","La population de Herdern rejette à 62,5 pour cent des voix l'initiative sur la neutralité.","https://thumb.wikimedia.org/wikipedia/commons/thumb/6/68/Herdern-blazon.svg/250px-Herdern-blazon.svg.png"
4816,43.2,43.2,56.8,"Homburg (TG)","C'est non à l'initiative sur la neutralité à Homburg. Les habitants ont refusé le texte à 56,8 pour cent.","https://thumb.wikimedia.org/wikipedia/commons/thumb/4/40/Homburg-blazon.svg/250px-Homburg-blazon.svg.png"
4821,34.6,34.6,65.4,"Hüttwilen (TG)","L'initiative sur la neutralité est refusée à 65,4 pour cent à Hüttwilen.","https://thumb.wikimedia.org/wikipedia/commons/thumb/b/bf/H%C3%BCttwilen-blazon.svg/250px-H%C3%BCttwilen-blazon.svg.png"
4826,28.6,28.6,71.4,"Mammern (TG)","La population de Mammern rejette à 71,4 pour cent des voix l'initiative sur la neutralité.","https://thumb.wikimedia.org/wikipedia/commons/thumb/c/c6/Mammern-blazon.svg/250px-Mammern-blazon.svg.png"
4831,37.2,37.2,62.8,"Müllheim (TG)","C'est non à l'initiative sur la neutralité à Müllheim. Les habitants ont refusé le texte à 62,8 pour cent.","https://thumb.wikimedia.org/wikipedia/commons/thumb/2/25/M%C3%BCllheim-blazon.svg/250px-M%C3%BCllheim-blazon.svg.png"
4841,38.3,38.3,61.7,"Pfyn (TG)","L'initiative sur la neutralité est refusée à 61,7 pour cent à Pfyn.","https://thumb.wikimedia.org/wikipedia/commons/thumb/1/1a/Pfyn-blazon.svg/250px-Pfyn-blazon.svg.png"
4846,50.3,50.3,49.7,"Raperswilen (TG)","Les habitants de Raperswilen soutiennent à 50,3 pour cent l'initiative sur la neutralité.","https://thumb.wikimedia.org/wikipedia/commons/thumb/5/56/CHE_Raperswilen_COA.svg/500px-CHE_Raperswilen_COA.svg.png"
4851,37.8,37.8,62.2,"Salenstein (TG)","A Salenstein, les citoyens rejettent à 62,2 pour cent l'initiative sur la neutralité.","https://thumb.wikimedia.org/wikipedia/commons/thumb/c/c2/Salenstein-blazon.svg/250px-Salenstein-blazon.svg.png"
4864,34.7,34.7,65.3,"Steckborn (TG)","L'initiative sur la neutralité n'a pas trouvé grâce aux yeux des citoyens de Steckborn. Ils ont refusé le texte à 65,3 pour cent.","https://thumb.wikimedia.org/wikipedia/commons/thumb/7/7b/Steckborn-blazon.svg/250px-Steckborn-blazon.svg.png"
4871,37.5,37.5,62.5,"Wagenhausen (TG)","L'initiative sur la neutralité est refusée à 62,5 pour cent à Wagenhausen.","https://thumb.wikimedia.org/wikipedia/commons/thumb/f/ff/Wagenhausen-blazon.svg/250px-Wagenhausen-blazon.svg.png"
4881,46.1,46.1,53.9,"Amlikon-Bissegg (TG)","La population d'Amlikon-Bissegg rejette à 53,9 pour cent des voix l'initiative sur la neutralité.","https://thumb.wikimedia.org/wikipedia/commons/thumb/f/f0/AmlikonBissegg-blazon.svg/250px-AmlikonBissegg-blazon.svg.png"
4891,39.9,39.9,60.1,"Berg (TG)","L'initiative sur la neutralité n'a pas trouvé grâce aux yeux des citoyens de Berg (TG). Ils ont refusé le texte à 60,1 pour cent.","https://thumb.wikimedia.org/wikipedia/commons/thumb/3/34/Berg_TG-blazon.svg/250px-Berg_TG-blazon.svg.png"
4901,50.4,50.4,49.6,"Birwinken (TG)","La population de Birwinken approuve à 50,4 pour cent l'initiative sur la neutralité.","https://thumb.wikimedia.org/wikipedia/commons/thumb/4/4a/Birwinken-blazon.svg/250px-Birwinken-blazon.svg.png"
4911,42.5,42.5,57.5,"Bürglen (TG)","L'initiative sur la neutralité n'a pas trouvé grâce aux yeux des citoyens de Bürglen (TG). Ils ont refusé le texte à 57,5 pour cent.","https://thumb.wikimedia.org/wikipedia/commons/thumb/d/de/B%C3%BCrglen_TG-blazon.svg/250px-B%C3%BCrglen_TG-blazon.svg.png"
4921,44.6,44.6,55.4,"Bussnang (TG)","La population de Bussnang rejette à 55,4 pour cent des voix l'initiative sur la neutralité.","https://thumb.wikimedia.org/wikipedia/commons/thumb/9/97/Bussnang-blazon.svg/250px-Bussnang-blazon.svg.png"
4941,36.8,36.8,63.2,"Märstetten (TG)","L'initiative sur la neutralité n'a pas trouvé grâce aux yeux des citoyens de Märstetten. Ils ont refusé le texte à 63,2 pour cent.","https://thumb.wikimedia.org/wikipedia/commons/thumb/4/4e/M%C3%A4rstetten-blazon.svg/250px-M%C3%A4rstetten-blazon.svg.png"
4946,30.2,30.2,69.8,"Weinfelden (TG)","A Weinfelden, les citoyens rejettent à 69,8 pour cent l'initiative sur la neutralité.","https://thumb.wikimedia.org/wikipedia/commons/thumb/6/6d/Weinfelden-blazon.svg/250px-Weinfelden-blazon.svg.png"
4951,38.3,38.3,61.7,"Wigoltingen (TG)","L'initiative sur la neutralité n'a pas convaincu à Wigoltingen. Les citoyens de la commune ont refusé le texte à 61,7 pour cent.","https://thumb.wikimedia.org/wikipedia/commons/thumb/8/85/Wigoltingen-blazon.svg/250px-Wigoltingen-blazon.svg.png"
5001,46.2,46.2,53.8,"Arbedo-Castione (TI)","C'est non à l'initiative sur la neutralité à Arbedo-Castione. Les habitants ont refusé le texte à 53,8 pour cent.","https://thumb.wikimedia.org/wikipedia/commons/thumb/a/a2/CHE_Arbedo-Castione_COA.svg/500px-CHE_Arbedo-Castione_COA.svg.png"
5002,50,0,0,"Bellinzone (TI)","Les résultats ne sont pas encore connus dans cette commune.","https://thumb.wikimedia.org/wikipedia/commons/thumb/4/46/CHE_Bellinzona_COA-02.svg/500px-CHE_Bellinzona_COA-02.svg.png"
5003,59.4,59.4,40.6,"Cadenazzo (TI)","A Cadenazzo, les habitants disent oui à 59,4 pour cent à l'initiative sur la neutralité.","https://thumb.wikimedia.org/wikipedia/commons/thumb/3/35/Cadenazzo-coat_of_arms.svg/500px-Cadenazzo-coat_of_arms.svg.png"
5009,74.8,74.8,25.2,"Isone (TI)","Isone dit oui à 74,8 pour cent à l'initiative sur la neutralité.","https://thumb.wikimedia.org/wikipedia/commons/thumb/0/02/CHE_Isone_COA.svg/500px-CHE_Isone_COA.svg.png"
5010,49.5,49.5,50.5,"Lumino (TI)","L'initiative sur la neutralité est refusée à 50,5 pour cent à Lumino.","https://thumb.wikimedia.org/wikipedia/commons/thumb/8/8d/Lumino-coat_of_arms.svg/500px-Lumino-coat_of_arms.svg.png"
5017,55.2,55.2,44.8,"Sant'Antonino (TI)","La population de Sant'Antonino approuve à 55,2 pour cent l'initiative sur la neutralité.","https://thumb.wikimedia.org/wikipedia/commons/thumb/3/30/SantAntonino-coat_of_arms.svg/500px-SantAntonino-coat_of_arms.svg.png"
5048,52.7,52.7,47.3,"Acquarossa (TI)","Les habitants d'Acquarossa soutiennent à 52,7 pour cent l'initiative sur la neutralité.","https://thumb.wikimedia.org/wikipedia/commons/thumb/c/c7/CHE_Acquarossa_COA.svg/500px-CHE_Acquarossa_COA.svg.png"
5049,60.8,60.8,39.2,"Blenio (TI)","Les habitants de Blenio soutiennent à 60,8 pour cent l'initiative sur la neutralité.","https://thumb.wikimedia.org/wikipedia/commons/thumb/0/0d/CHE_Blenio_COA.svg/500px-CHE_Blenio_COA.svg.png"
5050,56.8,56.8,43.2,"Serravalle (TI)","La population de Serravalle approuve à 56,8 pour cent l'initiative sur la neutralité.","https://upload.wikimedia.org/wikipedia/de/3/31/Wappen.Serravalle.png"
5061,57.3,57.3,42.7,"Airolo (TI)","A Airolo, les habitants disent oui à 57,3 pour cent à l'initiative sur la neutralité.","https://thumb.wikimedia.org/wikipedia/commons/thumb/8/84/CHE_Airolo_COA.svg/500px-CHE_Airolo_COA.svg.png"
5063,79.1,79.1,20.9,"Bedretto (TI)","Les électeurs de la petite commune de Bedretto soutiennent l'initiative sur la neutralité. Ils ont dit oui au texte par 53 voix, contre 14.","https://thumb.wikimedia.org/wikipedia/commons/thumb/9/99/Bedretto-coat_of_arms.svg/500px-Bedretto-coat_of_arms.svg.png"
5071,37,37,63,"Dalpe (TI)","Les habitants de la petite commune de Dalpe ont refusé l'initiative sur la neutralité. Ils ont dit non à cet objet par 58 voix contre 34.","https://thumb.wikimedia.org/wikipedia/commons/thumb/0/06/Dalpe-coat_of_arms.svg/500px-Dalpe-coat_of_arms.svg.png"
5072,50.8,50.8,49.2,"Faido (TI)","La population de Faido approuve à 50,8 pour cent l'initiative sur la neutralité.","https://thumb.wikimedia.org/wikipedia/commons/thumb/1/11/CHE_Faido_COA.svg/500px-CHE_Faido_COA.svg.png"
5073,53.6,53.6,46.4,"Giornico (TI)","L'initiative sur la neutralité passe la rampe avec 53,6 pour cent de oui à Giornico.","https://thumb.wikimedia.org/wikipedia/commons/thumb/b/b6/CHE_Giornico_COA_2025.svg/960px-CHE_Giornico_COA_2025.svg.png"
5076,48.7,48.7,51.3,"Personico (TI)","L'initiative sur la neutralité n'a pas convaincu à Personico. Les citoyens de la commune ont refusé le texte à 51,3 pour cent.","https://thumb.wikimedia.org/wikipedia/commons/thumb/0/02/Personico-coat_of_arms.svg/500px-Personico-coat_of_arms.svg.png"
5077,51.5,51.5,48.5,"Pollegio (TI)","L'initiative sur la neutralité est approuvée à Pollegio par 51,5 pour cent des votants.","https://thumb.wikimedia.org/wikipedia/commons/thumb/c/ce/Pollegio-coat_of_arms.svg/500px-Pollegio-coat_of_arms.svg.png"
5079,53.7,53.7,46.3,"Quinto (TI)","Les habitants de Quinto acceptent à 53,7 pour cent l'initiative sur la neutralité.","https://thumb.wikimedia.org/wikipedia/commons/thumb/e/ee/CHE_Quinto_COA_2025.svg/500px-CHE_Quinto_COA_2025.svg.png"
5091,45.1,45.1,54.9,"Ascona (TI)","L'initiative sur la neutralité n'a pas trouvé grâce aux yeux des citoyens d'Ascona. Ils ont refusé le texte à 54,9 pour cent.","https://thumb.wikimedia.org/wikipedia/commons/thumb/c/c9/CHE_Ascona_COA.svg/500px-CHE_Ascona_COA.svg.png"
5096,49.4,49.4,50.6,"Brione sopra Minusio (TI)","Les habitants de Brione sopra Minusio s'opposent à l'initiative sur la neutralité par 50,6 pour cent des voix.","https://thumb.wikimedia.org/wikipedia/commons/thumb/4/4e/CHE_Brione_sopra_Minusio_TI_COA.svg/500px-CHE_Brione_sopra_Minusio_TI_COA.svg.png"
5097,48.5,48.5,51.5,"Brissago (TI)","C'est non à l'initiative sur la neutralité à Brissago. Les habitants ont refusé le texte à 51,5 pour cent.","https://thumb.wikimedia.org/wikipedia/commons/thumb/0/0e/Brissago-coat_of_arms.svg/500px-Brissago-coat_of_arms.svg.png"
5108,47.7,47.7,52.3,"Gordola (TI)","L'initiative sur la neutralité est refusée à 52,3 pour cent à Gordola.","https://thumb.wikimedia.org/wikipedia/commons/thumb/e/e8/CHE_Gordola_COA.svg/500px-CHE_Gordola_COA.svg.png"
5112,45.4,45.4,54.6,"Lavertezzo (TI)","Les habitants de Lavertezzo s'opposent à l'initiative sur la neutralité par 54,6 pour cent des voix.","https://thumb.wikimedia.org/wikipedia/commons/thumb/c/c5/Lavertezzo-coat_of_arms.svg/500px-Lavertezzo-coat_of_arms.svg.png"
5113,46.2,46.2,53.8,"Locarno (TI)","Les habitants de Locarno s'opposent à l'initiative sur la neutralité par 53,8 pour cent des voix.","https://thumb.wikimedia.org/wikipedia/commons/thumb/5/5a/CHE_Locarno_COA.svg/500px-CHE_Locarno_COA.svg.png"
5115,45.6,45.6,54.4,"Losone (TI)","A Losone, les citoyens rejettent à 54,4 pour cent l'initiative sur la neutralité.","https://thumb.wikimedia.org/wikipedia/commons/thumb/f/f1/CHE_Losone_COA.svg/500px-CHE_Losone_COA.svg.png"
5117,38,38,62,"Mergoscia (TI)","Les habitants de la petite commune de Mergoscia ont refusé l'initiative sur la neutralité. Ils ont dit non à cet objet par 49 voix contre 30.","https://thumb.wikimedia.org/wikipedia/commons/thumb/5/52/Mergoscia-coat_of_arms.svg/500px-Mergoscia-coat_of_arms.svg.png"
5118,44.2,44.2,55.8,"Minusio (TI)","L'initiative sur la neutralité n'a pas trouvé grâce aux yeux des citoyens de Minusio. Ils ont refusé le texte à 55,8 pour cent.","https://thumb.wikimedia.org/wikipedia/commons/thumb/0/01/Minusio-coat_of_arms.svg/500px-Minusio-coat_of_arms.svg.png"
5120,46.4,46.4,53.6,"Muralto (TI)","La population de Muralto rejette à 53,6 pour cent des voix l'initiative sur la neutralité.","https://thumb.wikimedia.org/wikipedia/commons/thumb/d/d9/Muralto-coat_of_arms.svg/500px-Muralto-coat_of_arms.svg.png"
5121,42.1,42.1,57.9,"Orselina (TI)","A Orselina, les citoyens rejettent à 57,9 pour cent l'initiative sur la neutralité.","https://thumb.wikimedia.org/wikipedia/commons/thumb/2/29/CHE_Orselina_COA.svg/500px-CHE_Orselina_COA.svg.png"
5125,37.6,37.6,62.4,"Ronco sopra Ascona (TI)","A Ronco sopra Ascona, les citoyens rejettent à 62,4 pour cent l'initiative sur la neutralité.","https://thumb.wikimedia.org/wikipedia/commons/thumb/2/2f/RoncoSopraAscona-coat_of_arms.svg/500px-RoncoSopraAscona-coat_of_arms.svg.png"
5131,47.2,47.2,52.8,"Tenero-Contra (TI)","L'initiative sur la neutralité n'a pas convaincu à Tenero-Contra. Les citoyens de la commune ont refusé le texte à 52,8 pour cent.","https://thumb.wikimedia.org/wikipedia/commons/thumb/a/a4/Tenero-Contra-coat_of_arms.svg/500px-Tenero-Contra-coat_of_arms.svg.png"
5136,48.3,48.3,51.7,"Onsernone (TI)","Les habitants d'Onsernone s'opposent à l'initiative sur la neutralité par 51,7 pour cent des voix.","https://thumb.wikimedia.org/wikipedia/commons/thumb/9/90/CHE_Onsernone_COA.svg/500px-CHE_Onsernone_COA.svg.png"
5138,45,45,55,"Cugnasco-Gerra (TI)","Les habitants de Cugnasco-Gerra s'opposent à l'initiative sur la neutralité par 55 pour cent des voix.","https://thumb.wikimedia.org/wikipedia/commons/thumb/1/16/CHE_Cugnasco-Gerra_COA.svg/500px-CHE_Cugnasco-Gerra_COA.svg.png"
5141,51.6,51.6,48.4,"Agno (TI)","Les habitants d'Agno acceptent à 51,6 pour cent l'initiative sur la neutralité.","https://thumb.wikimedia.org/wikipedia/commons/thumb/9/90/CHE_Agno_COA.svg/500px-CHE_Agno_COA.svg.png"
5143,38.5,38.5,61.5,"Aranno (TI)","C'est non à l'initiative sur la neutralité à Aranno. Les habitants ont refusé le texte à 61,5 pour cent.","https://thumb.wikimedia.org/wikipedia/commons/thumb/5/56/Aranno-coat_of_arms.svg/500px-Aranno-coat_of_arms.svg.png"
5144,51.1,51.1,48.9,"Arogno (TI)","L'initiative sur la neutralité est approuvée à Arogno par 51,1 pour cent des votants.","https://thumb.wikimedia.org/wikipedia/commons/thumb/f/fd/Arogno-coat_of_arms.svg/500px-Arogno-coat_of_arms.svg.png"
5148,55.5,55.5,44.5,"Bedano (TI)","L'initiative sur la neutralité passe la rampe avec 55,5 pour cent de oui à Bedano.","https://thumb.wikimedia.org/wikipedia/commons/thumb/6/60/Bedano-coat_of_arms.svg/500px-Bedano-coat_of_arms.svg.png"
5151,49.2,49.2,50.8,"Bioggio (TI)","L'initiative sur la neutralité est refusée à 50,8 pour cent à Bioggio.","https://thumb.wikimedia.org/wikipedia/commons/thumb/e/e4/CHE_Bioggio_COA.svg/500px-CHE_Bioggio_COA.svg.png"
5154,62.6,62.6,37.4,"Bissone (TI)","Les habitants de Bissone acceptent à 62,6 pour cent l'initiative sur la neutralité.","https://thumb.wikimedia.org/wikipedia/commons/thumb/3/37/CHE_Bissone_COA.svg/960px-CHE_Bissone_COA.svg.png"
5160,52.1,52.1,47.9,"Brusino Arsizio (TI)","Brusino Arsizio dit oui à 52,1 pour cent à l'initiative sur la neutralité.","https://thumb.wikimedia.org/wikipedia/commons/thumb/e/eb/BrusinoArsizio-coat_of_arms.svg/500px-BrusinoArsizio-coat_of_arms.svg.png"
5161,53.8,53.8,46.2,"Cademario (TI)","Les habitants de Cademario soutiennent à 53,8 pour cent l'initiative sur la neutralité.","https://thumb.wikimedia.org/wikipedia/commons/thumb/7/7d/Cademario-coat_of_arms.svg/500px-Cademario-coat_of_arms.svg.png"
5162,53.1,53.1,46.9,"Cadempino (TI)","L'initiative sur la neutralité passe la rampe avec 53,1 pour cent de oui à Cadempino.","https://thumb.wikimedia.org/wikipedia/commons/thumb/9/99/Cadempino-coat_of_arms.svg/500px-Cadempino-coat_of_arms.svg.png"
5167,49.3,49.3,50.7,"Canobbio (TI)","L'initiative sur la neutralité n'a pas convaincu à Canobbio. Les citoyens de la commune ont refusé le texte à 50,7 pour cent.","https://thumb.wikimedia.org/wikipedia/commons/thumb/3/34/CHE_Canobbio_COA.svg/500px-CHE_Canobbio_COA.svg.png"
5171,50.7,50.7,49.3,"Caslano (TI)","Les habitants de Caslano soutiennent à 50,7 pour cent l'initiative sur la neutralité.","https://thumb.wikimedia.org/wikipedia/commons/thumb/d/dd/Caslano-coat_of_arms.svg/500px-Caslano-coat_of_arms.svg.png"
5176,39.6,39.6,60.4,"Comano (TI)","C'est non à l'initiative sur la neutralité à Comano. Les habitants ont refusé le texte à 60,4 pour cent.","https://thumb.wikimedia.org/wikipedia/commons/thumb/7/7f/Comano-coat_of_arms.svg/500px-Comano-coat_of_arms.svg.png"
5180,42.3,42.3,57.7,"Cureglia (TI)","L'initiative sur la neutralité n'a pas trouvé grâce aux yeux des citoyens de Cureglia. Ils ont refusé le texte à 57,7 pour cent.","https://thumb.wikimedia.org/wikipedia/commons/thumb/4/47/Cureglia-coat_of_arms.svg/500px-Cureglia-coat_of_arms.svg.png"
5186,56.4,56.4,43.6,"Grancia (TI)","La population de Grancia approuve à 56,4 pour cent l'initiative sur la neutralité.","https://thumb.wikimedia.org/wikipedia/commons/thumb/7/79/Grancia-coat_of_arms.svg/500px-Grancia-coat_of_arms.svg.png"
5187,53.2,53.2,46.8,"Gravesano (TI)","L'initiative sur la neutralité passe la rampe avec 53,2 pour cent de oui à Gravesano.","https://thumb.wikimedia.org/wikipedia/commons/thumb/7/73/Gravesano-coat_of_arms.svg/500px-Gravesano-coat_of_arms.svg.png"
5189,52,52,48,"Lamone (TI)","L'initiative sur la neutralité passe la rampe avec 52 pour cent de oui à Lamone.","https://thumb.wikimedia.org/wikipedia/commons/thumb/8/80/CHE_Lamone_COA.svg/500px-CHE_Lamone_COA.svg.png"
5192,48.5,48.5,51.5,"Lugano (TI)","L'initiative sur la neutralité n'a pas convaincu à Lugano. Les citoyens de la commune ont refusé le texte à 51,5 pour cent.","https://thumb.wikimedia.org/wikipedia/commons/thumb/7/73/CHE_Lugano_COA.svg/960px-CHE_Lugano_COA.svg.png"
5193,50.9,50.9,49.1,"Magliaso (TI)","L'initiative sur la neutralité passe la rampe avec 50,9 pour cent de oui à Magliaso.","https://thumb.wikimedia.org/wikipedia/commons/thumb/f/f6/Magliaso-coat_of_arms.svg/500px-Magliaso-coat_of_arms.svg.png"
5194,55.9,55.9,44.1,"Manno (TI)","A Manno, les habitants disent oui à 55,9 pour cent à l'initiative sur la neutralité.","https://thumb.wikimedia.org/wikipedia/commons/thumb/b/bb/CHE_Manno_COA.svg/500px-CHE_Manno_COA.svg.png"
5196,42.2,42.2,57.8,"Massagno (TI)","L'initiative sur la neutralité est refusée à 57,8 pour cent à Massagno.","https://thumb.wikimedia.org/wikipedia/commons/thumb/2/2a/Massagno-coat_of_arms.svg/500px-Massagno-coat_of_arms.svg.png"
5198,50.8,50.8,49.2,"Melide (TI)","Les habitants de Melide soutiennent à 50,8 pour cent l'initiative sur la neutralité.","https://thumb.wikimedia.org/wikipedia/commons/thumb/3/36/CHE_Melide_COA.svg/500px-CHE_Melide_COA.svg.png"
5199,59.9,59.9,40.1,"Mezzovico-Vira (TI)","L'initiative sur la neutralité est approuvée à Mezzovico-Vira par 59,9 pour cent des votants.","https://thumb.wikimedia.org/wikipedia/commons/thumb/6/67/CHE_Mezzovico-Vira_COA.svg/500px-CHE_Mezzovico-Vira_COA.svg.png"
5203,53.5,53.5,46.5,"Morcote (TI)","L'initiative sur la neutralité passe la rampe avec 53,5 pour cent de oui à Morcote.","https://thumb.wikimedia.org/wikipedia/commons/thumb/f/f8/CHE_Morcote_COA.svg/500px-CHE_Morcote_COA.svg.png"
5205,47.7,47.7,52.3,"Muzzano (TI)","L'initiative sur la neutralité n'a pas trouvé grâce aux yeux des citoyens de Muzzano. Ils ont refusé le texte à 52,3 pour cent.","https://thumb.wikimedia.org/wikipedia/commons/thumb/5/55/CHE_Muzzano_COA.svg/500px-CHE_Muzzano_COA.svg.png"
5206,48.2,48.2,51.8,"Neggio (TI)","Les habitants de Neggio s'opposent à l'initiative sur la neutralité par 51,8 pour cent des voix.","https://thumb.wikimedia.org/wikipedia/commons/thumb/3/3f/Neggio-coat_of_arms.svg/500px-Neggio-coat_of_arms.svg.png"
5208,43.4,43.4,56.6,"Origlio (TI)","A Origlio, les citoyens rejettent à 56,6 pour cent l'initiative sur la neutralité.","https://thumb.wikimedia.org/wikipedia/commons/thumb/9/9c/Origlio-coat_of_arms.svg/500px-Origlio-coat_of_arms.svg.png"
5210,51.1,51.1,48.9,"Paradiso (TI)","A Paradiso, les habitants disent oui à 51,1 pour cent à l'initiative sur la neutralité.","https://thumb.wikimedia.org/wikipedia/commons/thumb/7/75/CHE_Paradiso_COA.svg/500px-CHE_Paradiso_COA.svg.png"
5212,44.7,44.7,55.3,"Ponte Capriasca (TI)","La population de Ponte Capriasca rejette à 55,3 pour cent des voix l'initiative sur la neutralité.","https://thumb.wikimedia.org/wikipedia/commons/thumb/8/89/PonteCapriasca-coat_of_arms.svg/500px-PonteCapriasca-coat_of_arms.svg.png"
5214,48.1,48.1,51.9,"Porza (TI)","La population de Porza rejette à 51,9 pour cent des voix l'initiative sur la neutralité.","https://thumb.wikimedia.org/wikipedia/commons/thumb/1/1f/CHE_Porza_COA.svg/500px-CHE_Porza_COA.svg.png"
5216,46.7,46.7,53.3,"Pura (TI)","L'initiative sur la neutralité n'a pas convaincu à Pura. Les citoyens de la commune ont refusé le texte à 53,3 pour cent.","https://thumb.wikimedia.org/wikipedia/commons/thumb/6/60/Pura-coat_of_arms.svg/500px-Pura-coat_of_arms.svg.png"
5221,43,43,57,"Savosa (TI)","L'initiative sur la neutralité est refusée à 57 pour cent à Savosa.","https://thumb.wikimedia.org/wikipedia/commons/thumb/8/8e/Savosa-coat_of_arms.svg/500px-Savosa-coat_of_arms.svg.png"
5225,42.7,42.7,57.3,"Sorengo (TI)","Les habitants de Sorengo s'opposent à l'initiative sur la neutralité par 57,3 pour cent des voix.","https://thumb.wikimedia.org/wikipedia/commons/thumb/1/18/Sorengo-coat_of_arms.svg/500px-Sorengo-coat_of_arms.svg.png"
5226,45.4,45.4,54.6,"Capriasca (TI)","La population de Capriasca rejette à 54,6 pour cent des voix l'initiative sur la neutralité.","https://thumb.wikimedia.org/wikipedia/commons/thumb/c/cc/Capriasca-coat_of_arms.svg/500px-Capriasca-coat_of_arms.svg.png"
5227,52.1,52.1,47.9,"Torricella-Taverne (TI)","Torricella-Taverne dit oui à 52,1 pour cent à l'initiative sur la neutralité.","https://thumb.wikimedia.org/wikipedia/commons/thumb/c/cc/Torricella-Taverne-coat_of_arms.svg/500px-Torricella-Taverne-coat_of_arms.svg.png"
5230,41.2,41.2,58.8,"Vernate (TI)","La population de Vernate rejette à 58,8 pour cent des voix l'initiative sur la neutralité.","https://thumb.wikimedia.org/wikipedia/commons/thumb/0/02/CHE_Vernate_COA.svg/500px-CHE_Vernate_COA.svg.png"
5231,47.1,47.1,52.9,"Vezia (TI)","L'initiative sur la neutralité n'a pas convaincu à Vezia. Les citoyens de la commune ont refusé le texte à 52,9 pour cent.","https://thumb.wikimedia.org/wikipedia/commons/thumb/e/e9/Vezia-coat_of_arms.svg/500px-Vezia-coat_of_arms.svg.png"
5233,46.7,46.7,53.3,"Vico Morcote (TI)","L'initiative sur la neutralité n'a pas convaincu à Vico Morcote. Les citoyens de la commune ont refusé le texte à 53,3 pour cent.","https://thumb.wikimedia.org/wikipedia/commons/thumb/b/ba/VicoMorcote-coat_of_arms.svg/500px-VicoMorcote-coat_of_arms.svg.png"
5236,44.2,44.2,55.8,"Collina d'Oro (TI)","A Collina d'Oro, les citoyens rejettent à 55,8 pour cent l'initiative sur la neutralité.","https://thumb.wikimedia.org/wikipedia/commons/thumb/b/bf/CHE_Collina_d%27Oro_COA.svg/500px-CHE_Collina_d%27Oro_COA.svg.png"
5237,52.9,52.9,47.1,"Alto Malcantone (TI)","L'initiative sur la neutralité est approuvée à Alto Malcantone par 52,9 pour cent des votants.","https://thumb.wikimedia.org/wikipedia/commons/thumb/d/d0/CHE_Alto_Malcantone_COA.svg/500px-CHE_Alto_Malcantone_COA.svg.png"
5238,55.8,55.8,44.2,"Monteceneri (TI)","A Monteceneri, les habitants disent oui à 55,8 pour cent à l'initiative sur la neutralité.","https://thumb.wikimedia.org/wikipedia/commons/thumb/e/ee/CHE_Monteceneri_COA.svg/500px-CHE_Monteceneri_COA.svg.png"
5239,52.9,52.9,47.1,"Tresa (TI)","Les habitants de Tresa acceptent à 52,9 pour cent l'initiative sur la neutralité.","https://thumb.wikimedia.org/wikipedia/commons/thumb/f/f0/CHE_Tresa_COA.svg/960px-CHE_Tresa_COA.svg.png"
5240,52.9,52.9,47.1,"Val Mara (TI)","Les habitants de Val Mara acceptent à 52,9 pour cent l'initiative sur la neutralité.","https://thumb.wikimedia.org/wikipedia/commons/thumb/8/81/CHE_Val_Mara_TI_COA.svg/500px-CHE_Val_Mara_TI_COA.svg.png"
5242,49.3,49.3,50.7,"Balerna (TI)","L'initiative sur la neutralité n'a pas convaincu à Balerna. Les citoyens de la commune ont refusé le texte à 50,7 pour cent.","https://thumb.wikimedia.org/wikipedia/commons/thumb/4/41/CHE_Balerna_COA.svg/500px-CHE_Balerna_COA.svg.png"
5249,49.2,49.2,50.8,"Castel San Pietro (TI)","C'est non à l'initiative sur la neutralité à Castel San Pietro. Les habitants ont refusé le texte à 50,8 pour cent.","https://thumb.wikimedia.org/wikipedia/commons/thumb/6/66/CastelSanPietro-blason.svg/500px-CastelSanPietro-blason.svg.png"
5250,52.8,52.8,47.2,"Chiasso (TI)","Chiasso dit oui à 52,8 pour cent à l'initiative sur la neutralité.","https://thumb.wikimedia.org/wikipedia/commons/thumb/4/47/Chiasso-coat_of_arms.svg/500px-Chiasso-coat_of_arms.svg.png"
5251,53.1,53.1,46.9,"Coldrerio (TI)","Les habitants de Coldrerio acceptent à 53,1 pour cent l'initiative sur la neutralité.","https://thumb.wikimedia.org/wikipedia/commons/thumb/7/74/Coldrerio-coat_of_arms.svg/500px-Coldrerio-coat_of_arms.svg.png"
5254,47.8,47.8,52.2,"Mendrisio (TI)","Les habitants de Mendrisio s'opposent à l'initiative sur la neutralité par 52,2 pour cent des voix.","https://thumb.wikimedia.org/wikipedia/commons/thumb/3/3e/CHE_Mendrisio_COA.svg/960px-CHE_Mendrisio_COA.svg.png"
5257,49.3,49.3,50.7,"Morbio Inferiore (TI)","L'initiative sur la neutralité n'a pas convaincu à Morbio Inferiore. Les citoyens de la commune ont refusé le texte à 50,7 pour cent.","https://thumb.wikimedia.org/wikipedia/commons/thumb/4/4c/CHE_Morbio_Inferiore_TI_COA.svg/500px-CHE_Morbio_Inferiore_TI_COA.svg.png"
5260,52,52,48,"Novazzano (TI)","Les habitants de Novazzano acceptent à 52 pour cent l'initiative sur la neutralité.","https://thumb.wikimedia.org/wikipedia/commons/thumb/e/e8/Novazzano-blason.svg/500px-Novazzano-blason.svg.png"
5263,54.2,54.2,45.8,"Riva San Vitale (TI)","L'initiative sur la neutralité passe la rampe avec 54,2 pour cent de oui à Riva San Vitale.","https://thumb.wikimedia.org/wikipedia/commons/thumb/e/e6/CHE_Riva_San_Vitale_COA.svg/500px-CHE_Riva_San_Vitale_COA.svg.png"
5266,51.6,51.6,48.4,"Stabio (TI)","Les habitants de Stabio soutiennent à 51,6 pour cent l'initiative sur la neutralité.","https://thumb.wikimedia.org/wikipedia/commons/thumb/4/46/CHE_Stabio_COA.svg/500px-CHE_Stabio_COA.svg.png"
5268,45.5,45.5,54.5,"Vacallo (TI)","C'est non à l'initiative sur la neutralité à Vacallo. Les habitants ont refusé le texte à 54,5 pour cent.","https://thumb.wikimedia.org/wikipedia/commons/thumb/1/16/Vacallo-coat_of_arms.svg/500px-Vacallo-coat_of_arms.svg.png"
5269,49.3,49.3,50.7,"Breggia (TI)","Les habitants de Breggia s'opposent à l'initiative sur la neutralité par 50,7 pour cent des voix.","https://thumb.wikimedia.org/wikipedia/commons/thumb/7/7b/Breggia_CoA.png/500px-Breggia_CoA.png"
5281,54.7,54.7,45.3,"Biasca (TI)","Les habitants de Biasca soutiennent à 54,7 pour cent l'initiative sur la neutralité.","https://thumb.wikimedia.org/wikipedia/commons/thumb/0/03/CHE_Biasca_TI_COA.svg/500px-CHE_Biasca_TI_COA.svg.png"
5287,53.5,53.5,46.5,"Riviera (TI)","La population de Riviera approuve à 53,5 pour cent l'initiative sur la neutralité.","https://thumb.wikimedia.org/wikipedia/commons/thumb/3/32/Blason_de_Riviera_%28Tessin%29.svg/500px-Blason_de_Riviera_%28Tessin%29.svg.png"
5304,21.1,21.1,78.9,"Bosco/Gurin (TI)","Les habitants de la petite commune de Bosco/Gurin ont refusé l'initiative sur la neutralité. Ils ont dit non à cet objet par 15 voix contre 4.","https://thumb.wikimedia.org/wikipedia/commons/thumb/2/2a/CHE_Bosco-Gurin_COA.svg/500px-CHE_Bosco-Gurin_COA.svg.png"
5307,60,60,40,"Campo (Vallemaggia) (TI)","Les électeurs de la petite commune de Campo (Vallemaggia) soutiennent l'initiative sur la neutralité. Ils ont dit oui au texte par 18 voix, contre 12.","https://thumb.wikimedia.org/wikipedia/commons/thumb/2/27/Campo%28Vallemaggia%29-coat_of_arms.svg/500px-Campo%28Vallemaggia%29-coat_of_arms.svg.png"
5309,27.8,27.8,72.2,"Cerentino (TI)","Les habitants de la petite commune de Cerentino ont refusé l'initiative sur la neutralité. Ils ont dit non à cet objet par 13 voix contre 5.","https://thumb.wikimedia.org/wikipedia/commons/thumb/8/8b/Cerentino-coat_of_arms.svg/500px-Cerentino-coat_of_arms.svg.png"
5310,47.5,47.5,52.5,"Cevio (TI)","L'initiative sur la neutralité n'a pas convaincu à Cevio. Les citoyens de la commune ont refusé le texte à 52,5 pour cent.","https://thumb.wikimedia.org/wikipedia/commons/thumb/8/8f/CHE_Cevio_COA.svg/500px-CHE_Cevio_COA.svg.png"
5315,25,25,75,"Linescio (TI)","Les habitants de la petite commune de Linescio ont refusé l'initiative sur la neutralité. Ils ont dit non à cet objet par 15 voix contre 5.","https://thumb.wikimedia.org/wikipedia/commons/thumb/3/33/Linescio-coat_of_arms.svg/500px-Linescio-coat_of_arms.svg.png"
5317,47.5,47.5,52.5,"Maggia (TI)","L'initiative sur la neutralité n'a pas convaincu à Maggia. Les citoyens de la commune ont refusé le texte à 52,5 pour cent.","https://thumb.wikimedia.org/wikipedia/commons/thumb/f/ff/CHE_Maggia_COA.svg/500px-CHE_Maggia_COA.svg.png"
5323,53,53,47,"Lavizzara (TI)","L'initiative sur la neutralité est approuvée à Lavizzara par 53 pour cent des votants.","https://thumb.wikimedia.org/wikipedia/commons/thumb/0/03/Lavizzara-coat_of_arms.svg/500px-Lavizzara-coat_of_arms.svg.png"
5324,46.1,46.1,53.9,"Avegno Gordevio (TI)","Les habitants d'Avegno Gordevio s'opposent à l'initiative sur la neutralité par 53,9 pour cent des voix.","https://thumb.wikimedia.org/wikipedia/commons/thumb/a/a0/CHE_Avegno_Gordevio_COA.svg/500px-CHE_Avegno_Gordevio_COA.svg.png"
5395,48.1,48.1,51.9,"Lema (TI)","A Lema, les citoyens rejettent à 51,9 pour cent l'initiative sur la neutralité.","https://thumb.wikimedia.org/wikipedia/commons/thumb/a/a8/CHE_Lema_COA.svg/500px-CHE_Lema_COA.svg.png"
5396,36.4,36.4,63.6,"Terre di Pedemonte (TI)","Les habitants de Terre di Pedemonte s'opposent à l'initiative sur la neutralité par 63,6 pour cent des voix.","https://thumb.wikimedia.org/wikipedia/commons/thumb/e/e4/CHE_Terre_di_Pedemonte_COA.svg/250px-CHE_Terre_di_Pedemonte_COA.svg.png"
5397,52,52,48,"Centovalli (TI)","L'initiative sur la neutralité est approuvée à Centovalli par 52 pour cent des votants.","https://thumb.wikimedia.org/wikipedia/commons/thumb/4/4b/CHE_Centovalli_TI_COA.png/500px-CHE_Centovalli_TI_COA.png"
5398,45.4,45.4,54.6,"Gambarogno (TI)","Les habitants de Gambarogno s'opposent à l'initiative sur la neutralité par 54,6 pour cent des voix.","https://thumb.wikimedia.org/wikipedia/commons/thumb/2/2b/CHE_Gambarogno_TI_COA.svg/500px-CHE_Gambarogno_TI_COA.svg.png"
5399,52,52,48,"Verzasca (TI)","Les habitants de Verzasca acceptent à 52 pour cent l'initiative sur la neutralité.","https://thumb.wikimedia.org/wikipedia/commons/thumb/c/cc/CHE_Verzasca_TI_COA.svg/500px-CHE_Verzasca_TI_COA.svg.png"
5401,31.5,31.5,68.5,"Aigle (VD)","La population d'Aigle rejette à 68,5 pour cent des voix l'initiative sur la neutralité.","https://thumb.wikimedia.org/wikipedia/commons/thumb/8/8f/CHE_Aigle_COA.svg/500px-CHE_Aigle_COA.svg.png"
5402,32.9,32.9,67.1,"Bex (VD)","L'initiative sur la neutralité est refusée à 67,1 pour cent à Bex.","https://thumb.wikimedia.org/wikipedia/commons/thumb/6/66/CHE_Bex_COA.svg/500px-CHE_Bex_COA.svg.png"
5403,32.2,32.2,67.8,"Chessel (VD)","Les habitants de Chessel s'opposent à l'initiative sur la neutralité par 67,8 pour cent des voix.","https://thumb.wikimedia.org/wikipedia/commons/thumb/8/85/CHE_Chessel_COA.svg/500px-CHE_Chessel_COA.svg.png"
5404,35.9,35.9,64.1,"Corbeyrier (VD)","C'est non à l'initiative sur la neutralité à Corbeyrier. Les habitants ont refusé le texte à 64,1 pour cent.","https://thumb.wikimedia.org/wikipedia/commons/thumb/9/99/CHE_Corbeyrier_COA.svg/500px-CHE_Corbeyrier_COA.svg.png"
5405,29.4,29.4,70.6,"Gryon (VD)","L'initiative sur la neutralité n'a pas trouvé grâce aux yeux des citoyens de Gryon. Ils ont refusé le texte à 70,6 pour cent.","https://thumb.wikimedia.org/wikipedia/commons/thumb/7/7e/CHE_Gryon_COA.svg/500px-CHE_Gryon_COA.svg.png"
5406,43.3,43.3,56.7,"Lavey-Morcles (VD)","A Lavey-Morcles, les citoyens rejettent à 56,7 pour cent l'initiative sur la neutralité.","https://thumb.wikimedia.org/wikipedia/commons/thumb/1/16/CHE_Lavey-Morcles_COA.svg/500px-CHE_Lavey-Morcles_COA.svg.png"
5407,30.5,30.5,69.5,"Leysin (VD)","C'est non à l'initiative sur la neutralité à Leysin. Les habitants ont refusé le texte à 69,5 pour cent.","https://thumb.wikimedia.org/wikipedia/commons/thumb/f/fe/CHE_Leysin_COA.svg/500px-CHE_Leysin_COA.svg.png"
5408,38.2,38.2,61.8,"Noville (VD)","L'initiative sur la neutralité n'a pas trouvé grâce aux yeux des citoyens de Noville. Ils ont refusé le texte à 61,8 pour cent.","https://thumb.wikimedia.org/wikipedia/commons/thumb/7/77/CHE_Noville_COA.svg/500px-CHE_Noville_COA.svg.png"
5409,28.5,28.5,71.5,"Ollon (VD)","C'est non à l'initiative sur la neutralité à Ollon. Les habitants ont refusé le texte à 71,5 pour cent.","https://thumb.wikimedia.org/wikipedia/commons/thumb/2/2d/CHE_Ollon_VD_COA.svg/500px-CHE_Ollon_VD_COA.svg.png"
5410,44.1,44.1,55.9,"Ormont-Dessous (VD)","L'initiative sur la neutralité est refusée à 55,9 pour cent à Ormont-Dessous.","https://thumb.wikimedia.org/wikipedia/commons/thumb/5/55/CHE_Ormont-Dessous_COA.svg/500px-CHE_Ormont-Dessous_COA.svg.png"
5411,35,35,65,"Ormont-Dessus (VD)","C'est non à l'initiative sur la neutralité à Ormont-Dessus. Les habitants ont refusé le texte à 65 pour cent.","https://thumb.wikimedia.org/wikipedia/commons/thumb/9/9d/CHE_Ormont-Dessus_COA.svg/500px-CHE_Ormont-Dessus_COA.svg.png"
5412,30,30,70,"Rennaz (VD)","L'initiative sur la neutralité n'a pas trouvé grâce aux yeux des citoyens de Rennaz. Ils ont refusé le texte à 70 pour cent.","https://thumb.wikimedia.org/wikipedia/commons/thumb/e/eb/CHE_Rennaz_COA.svg/500px-CHE_Rennaz_COA.svg.png"
5413,36.5,36.5,63.5,"Roche (VD)","A Roche (VD), les citoyens rejettent à 63,5 pour cent l'initiative sur la neutralité.","https://thumb.wikimedia.org/wikipedia/commons/thumb/a/a8/CHE_Roche_COA.svg/500px-CHE_Roche_COA.svg.png"
5414,34,34,66,"Villeneuve (VD)","A Villeneuve (VD), les citoyens rejettent à 66 pour cent l'initiative sur la neutralité.","https://thumb.wikimedia.org/wikipedia/commons/thumb/e/e9/CHE_Villeneuve_COA.svg/500px-CHE_Villeneuve_COA.svg.png"
5415,24.5,24.5,75.5,"Yvorne (VD)","L'initiative sur la neutralité n'a pas trouvé grâce aux yeux des citoyens d'Yvorne. Ils ont refusé le texte à 75,5 pour cent.","https://thumb.wikimedia.org/wikipedia/commons/thumb/5/5e/CHE_Yvorne_COA.svg/500px-CHE_Yvorne_COA.svg.png"
5422,25.8,25.8,74.2,"Aubonne (VD)","L'initiative sur la neutralité n'a pas trouvé grâce aux yeux des citoyens d'Aubonne. Ils ont refusé le texte à 74,2 pour cent.","https://thumb.wikimedia.org/wikipedia/commons/thumb/b/ba/CHE_Aubonne_COA.svg/500px-CHE_Aubonne_COA.svg.png"
5423,35.8,35.8,64.2,"Ballens (VD)","A Ballens, les citoyens rejettent à 64,2 pour cent l'initiative sur la neutralité.","https://thumb.wikimedia.org/wikipedia/commons/thumb/2/2d/CHE_Ballens_COA.svg/500px-CHE_Ballens_COA.svg.png"
5424,34.5,34.5,65.5,"Berolle (VD)","L'initiative sur la neutralité est refusée à 65,5 pour cent à Berolle.","https://thumb.wikimedia.org/wikipedia/commons/thumb/5/57/CHE_Berolle_COA.svg/500px-CHE_Berolle_COA.svg.png"
5425,42.1,42.1,57.9,"Bière (VD)","Les habitants de Bière s'opposent à l'initiative sur la neutralité par 57,9 pour cent des voix.","https://thumb.wikimedia.org/wikipedia/commons/thumb/d/d8/CHE_Bi%C3%A8re_COA.svg/500px-CHE_Bi%C3%A8re_COA.svg.png"
5426,27.3,27.3,72.7,"Bougy-Villars (VD)","L'initiative sur la neutralité n'a pas convaincu à Bougy-Villars. Les citoyens de la commune ont refusé le texte à 72,7 pour cent.","https://thumb.wikimedia.org/wikipedia/commons/thumb/6/6a/CHE_Bougy-Villars_COA.svg/500px-CHE_Bougy-Villars_COA.svg.png"
5427,25,25,75,"Féchy (VD)","A Féchy, les citoyens rejettent à 75 pour cent l'initiative sur la neutralité.","https://thumb.wikimedia.org/wikipedia/commons/thumb/8/83/CHE_F%C3%A9chy_COA.svg/500px-CHE_F%C3%A9chy_COA.svg.png"
5428,32.7,32.7,67.3,"Gimel (VD)","La population de Gimel rejette à 67,3 pour cent des voix l'initiative sur la neutralité.","https://thumb.wikimedia.org/wikipedia/commons/thumb/1/1f/CHE_Gimel_COA.svg/500px-CHE_Gimel_COA.svg.png"
5429,34.2,34.2,65.8,"Longirod (VD)","L'initiative sur la neutralité est refusée à 65,8 pour cent à Longirod.","https://thumb.wikimedia.org/wikipedia/commons/thumb/2/20/CHE_Longirod_COA.svg/500px-CHE_Longirod_COA.svg.png"
5430,30.1,30.1,69.9,"Marchissy (VD)","A Marchissy, les citoyens rejettent à 69,9 pour cent l'initiative sur la neutralité.","https://thumb.wikimedia.org/wikipedia/commons/thumb/d/d3/CHE_Marchissy_COA.svg/500px-CHE_Marchissy_COA.svg.png"
5431,39.8,39.8,60.2,"Mollens (VD)","C'est non à l'initiative sur la neutralité à Mollens (VD). Les habitants ont refusé le texte à 60,2 pour cent.","https://thumb.wikimedia.org/wikipedia/commons/thumb/b/b4/CHE_Mollens_COA.svg/500px-CHE_Mollens_COA.svg.png"
5434,33.8,33.8,66.2,"Saint-George (VD)","C'est non à l'initiative sur la neutralité à Saint-George. Les habitants ont refusé le texte à 66,2 pour cent.","https://thumb.wikimedia.org/wikipedia/commons/thumb/e/ec/CHE_Saint-George_COA.svg/500px-CHE_Saint-George_COA.svg.png"
5435,32.3,32.3,67.7,"Saint-Livres (VD)","La population de Saint-Livres rejette à 67,7 pour cent des voix l'initiative sur la neutralité.","https://thumb.wikimedia.org/wikipedia/commons/thumb/e/e2/CHE_Saint-Livres_COA.svg/500px-CHE_Saint-Livres_COA.svg.png"
5436,26.6,26.6,73.4,"Saint-Oyens (VD)","Les habitants de Saint-Oyens s'opposent à l'initiative sur la neutralité par 73,4 pour cent des voix.","https://thumb.wikimedia.org/wikipedia/commons/thumb/2/2e/CHE_Saint-Oyens_COA.svg/500px-CHE_Saint-Oyens_COA.svg.png"
5437,34.3,34.3,65.7,"Saubraz (VD)","A Saubraz, les citoyens rejettent à 65,7 pour cent l'initiative sur la neutralité.","https://thumb.wikimedia.org/wikipedia/commons/thumb/b/b1/CHE_Saubraz_COA.svg/500px-CHE_Saubraz_COA.svg.png"
5451,34.1,34.1,65.9,"Avenches (VD)","C'est non à l'initiative sur la neutralité à Avenches. Les habitants ont refusé le texte à 65,9 pour cent.","https://thumb.wikimedia.org/wikipedia/commons/thumb/8/8e/CHE_Avenches_COA.svg/500px-CHE_Avenches_COA.svg.png"
5456,32.7,32.7,67.3,"Cudrefin (VD)","A Cudrefin, les citoyens rejettent à 67,3 pour cent l'initiative sur la neutralité.","https://thumb.wikimedia.org/wikipedia/commons/thumb/a/af/CHE_Cudrefin_COA.svg/500px-CHE_Cudrefin_COA.svg.png"
5458,23.6,23.6,76.4,"Faoug (VD)","L'initiative sur la neutralité n'a pas trouvé grâce aux yeux des citoyens de Faoug. Ils ont refusé le texte à 76,4 pour cent.","https://thumb.wikimedia.org/wikipedia/commons/thumb/c/c6/CHE_Faoug_COA.svg/500px-CHE_Faoug_COA.svg.png"
5464,30,30,70,"Vully-les-Lacs (VD)","A Vully-les-Lacs, les citoyens rejettent à 70 pour cent l'initiative sur la neutralité.","https://thumb.wikimedia.org/wikipedia/commons/thumb/8/83/CHE_Vully-les-Lacs_COA.svg/500px-CHE_Vully-les-Lacs_COA.svg.png"
5471,32.5,32.5,67.5,"Bettens (VD)","C'est non à l'initiative sur la neutralité à Bettens. Les habitants ont refusé le texte à 67,5 pour cent.","https://thumb.wikimedia.org/wikipedia/commons/thumb/e/e4/CHE_Bettens_COA.svg/500px-CHE_Bettens_COA.svg.png"
5472,30.7,30.7,69.3,"Bournens (VD)","Les habitants de Bournens s'opposent à l'initiative sur la neutralité par 69,3 pour cent des voix.","https://thumb.wikimedia.org/wikipedia/commons/thumb/c/cc/CHE_Bournens_COA.svg/500px-CHE_Bournens_COA.svg.png"
5473,24.9,24.9,75.1,"Boussens (VD)","L'initiative sur la neutralité est refusée à 75,1 pour cent à Boussens.","https://thumb.wikimedia.org/wikipedia/commons/thumb/b/b5/CHE_Boussens_COA.svg/500px-CHE_Boussens_COA.svg.png"
5474,28,28,72,"La Chaux (Cossonay) (VD)","La population de La Chaux (Cossonay) rejette à 72 pour cent des voix l'initiative sur la neutralité.","https://thumb.wikimedia.org/wikipedia/commons/thumb/8/83/CHE_La_Chaux_%28Cossonay%29_COA.svg/500px-CHE_La_Chaux_%28Cossonay%29_COA.svg.png"
5475,31,31,69,"Chavannes-le-Veyron (VD)","Les habitants de la petite commune de Chavannes-le-Veyron ont refusé l'initiative sur la neutralité. Ils ont dit non à cet objet par 49 voix contre 22.","https://thumb.wikimedia.org/wikipedia/commons/thumb/6/69/CHE_Chavannes-le-Veyron_COA.svg/500px-CHE_Chavannes-le-Veyron_COA.svg.png"
5476,28.1,28.1,71.9,"Chevilly (VD)","L'initiative sur la neutralité n'a pas trouvé grâce aux yeux des citoyens de Chevilly. Ils ont refusé le texte à 71,9 pour cent.","https://thumb.wikimedia.org/wikipedia/commons/thumb/7/7b/CHE_Chevilly_COA.svg/500px-CHE_Chevilly_COA.svg.png"
5477,23.6,23.6,76.4,"Cossonay (VD)","L'initiative sur la neutralité est refusée à 76,4 pour cent à Cossonay.","https://thumb.wikimedia.org/wikipedia/commons/thumb/a/af/CHE_Cossonay_COA.svg/500px-CHE_Cossonay_COA.svg.png"
5479,25.7,25.7,74.3,"Cuarnens (VD)","L'initiative sur la neutralité n'a pas trouvé grâce aux yeux des citoyens de Cuarnens. Ils ont refusé le texte à 74,3 pour cent.","https://thumb.wikimedia.org/wikipedia/commons/thumb/d/dd/CHE_Cuarnens_COA.svg/500px-CHE_Cuarnens_COA.svg.png"
5480,22.4,22.4,77.6,"Daillens (VD)","Les habitants de Daillens s'opposent à l'initiative sur la neutralité par 77,6 pour cent des voix.","https://thumb.wikimedia.org/wikipedia/commons/thumb/6/66/CHE_Daillens_COA.svg/500px-CHE_Daillens_COA.svg.png"
5481,22.1,22.1,77.9,"Dizy (VD)","Les habitants de la petite commune de Dizy ont refusé l'initiative sur la neutralité. Ils ont dit non à cet objet par 74 voix contre 21.","https://thumb.wikimedia.org/wikipedia/commons/thumb/0/0d/CHE_Dizy_COA.svg/500px-CHE_Dizy_COA.svg.png"
5482,22.6,22.6,77.4,"Eclépens (VD)","L'initiative sur la neutralité est refusée à 77,4 pour cent à Eclépens.","https://thumb.wikimedia.org/wikipedia/commons/thumb/b/b7/CHE_Ecl%C3%A9pens_COA.svg/500px-CHE_Ecl%C3%A9pens_COA.svg.png"
5483,23.2,23.2,76.8,"Ferreyres (VD)","A Ferreyres, les citoyens rejettent à 76,8 pour cent l'initiative sur la neutralité.","https://thumb.wikimedia.org/wikipedia/commons/thumb/3/32/CHE_Ferreyres_COA.svg/500px-CHE_Ferreyres_COA.svg.png"
5484,28.1,28.1,71.9,"Gollion (VD)","La population de Gollion rejette à 71,9 pour cent des voix l'initiative sur la neutralité.","https://thumb.wikimedia.org/wikipedia/commons/thumb/2/24/CHE_Gollion_COA.svg/500px-CHE_Gollion_COA.svg.png"
5485,25.2,25.2,74.8,"Grancy (VD)","L'initiative sur la neutralité n'a pas convaincu à Grancy. Les citoyens de la commune ont refusé le texte à 74,8 pour cent.","https://thumb.wikimedia.org/wikipedia/commons/thumb/b/b0/CHE_Grancy_COA.svg/500px-CHE_Grancy_COA.svg.png"
5486,29.9,29.9,70.1,"L'Isle (VD)","L'initiative sur la neutralité n'a pas trouvé grâce aux yeux des citoyens de L'Isle. Ils ont refusé le texte à 70,1 pour cent.","https://thumb.wikimedia.org/wikipedia/commons/thumb/b/b1/CHE_L%27Isle_COA.svg/500px-CHE_L%27Isle_COA.svg.png"
5487,24.5,24.5,75.5,"Lussery-Villars (VD)","L'initiative sur la neutralité est refusée à 75,5 pour cent à Lussery-Villars.","https://thumb.wikimedia.org/wikipedia/commons/thumb/f/f8/CHE_Lussery-Villars_COA.svg/500px-CHE_Lussery-Villars_COA.svg.png"
5488,21.4,21.4,78.6,"Mauraz (VD)","Les habitants de la petite commune de Mauraz ont refusé l'initiative sur la neutralité. Ils ont dit non à cet objet par 22 voix contre 6.","https://thumb.wikimedia.org/wikipedia/commons/thumb/c/c4/CHE_Mauraz_COA.svg/500px-CHE_Mauraz_COA.svg.png"
5489,29,29,71,"Mex (VD)","La population de Mex (VD) rejette à 71 pour cent des voix l'initiative sur la neutralité.","https://thumb.wikimedia.org/wikipedia/commons/thumb/3/3d/CHE_Mex_VD_COA.svg/500px-CHE_Mex_VD_COA.svg.png"
5490,23.1,23.1,76.9,"Moiry (VD)","L'initiative sur la neutralité n'a pas convaincu à Moiry. Les citoyens de la commune ont refusé le texte à 76,9 pour cent.","https://thumb.wikimedia.org/wikipedia/commons/thumb/e/e9/CHE_Moiry_COA.svg/500px-CHE_Moiry_COA.svg.png"
5491,34,34,66,"Mont-la-Ville (VD)","L'initiative sur la neutralité n'a pas convaincu à Mont-la-Ville. Les citoyens de la commune ont refusé le texte à 66 pour cent.","https://thumb.wikimedia.org/wikipedia/commons/thumb/2/23/CHE_Mont-la-Ville_COA.svg/500px-CHE_Mont-la-Ville_COA.svg.png"
5492,33.1,33.1,66.9,"Montricher (VD)","L'initiative sur la neutralité n'a pas trouvé grâce aux yeux des citoyens de Montricher. Ils ont refusé le texte à 66,9 pour cent.","https://thumb.wikimedia.org/wikipedia/commons/thumb/1/1b/CHE_Montricher_COA.svg/500px-CHE_Montricher_COA.svg.png"
5493,33.1,33.1,66.9,"Orny (VD)","Les habitants d'Orny s'opposent à l'initiative sur la neutralité par 66,9 pour cent des voix.","https://thumb.wikimedia.org/wikipedia/commons/thumb/5/59/CHE_Orny_COA.svg/500px-CHE_Orny_COA.svg.png"
5495,26.7,26.7,73.3,"Penthalaz (VD)","A Penthalaz, les citoyens rejettent à 73,3 pour cent l'initiative sur la neutralité.","https://thumb.wikimedia.org/wikipedia/commons/thumb/2/2a/CHE_Penthalaz_COA.svg/500px-CHE_Penthalaz_COA.svg.png"
5496,29.3,29.3,70.7,"Penthaz (VD)","La population de Penthaz rejette à 70,7 pour cent des voix l'initiative sur la neutralité.","https://thumb.wikimedia.org/wikipedia/commons/thumb/c/cd/CHE_Penthaz_COA.svg/500px-CHE_Penthaz_COA.svg.png"
5497,30,30,70,"Pompaples (VD)","C'est non à l'initiative sur la neutralité à Pompaples. Les habitants ont refusé le texte à 70 pour cent.","https://thumb.wikimedia.org/wikipedia/commons/thumb/e/ea/CHE_Pompaples_COA.svg/500px-CHE_Pompaples_COA.svg.png"
5498,23.1,23.1,76.9,"La Sarraz (VD)","C'est non à l'initiative sur la neutralité à La Sarraz. Les habitants ont refusé le texte à 76,9 pour cent.","https://thumb.wikimedia.org/wikipedia/commons/thumb/6/69/CHE_La_Sarraz_COA.svg/500px-CHE_La_Sarraz_COA.svg.png"
5499,27.4,27.4,72.6,"Senarclens (VD)","L'initiative sur la neutralité est refusée à 72,6 pour cent à Senarclens.","https://thumb.wikimedia.org/wikipedia/commons/thumb/d/d9/CHE_Senarclens_COA.svg/500px-CHE_Senarclens_COA.svg.png"
5501,28.2,28.2,71.8,"Sullens (VD)","C'est non à l'initiative sur la neutralité à Sullens. Les habitants ont refusé le texte à 71,8 pour cent.","https://thumb.wikimedia.org/wikipedia/commons/thumb/f/fb/CHE_Sullens_COA.svg/500px-CHE_Sullens_COA.svg.png"
5503,25.2,25.2,74.8,"Vufflens-la-Ville (VD)","A Vufflens-la-Ville, les citoyens rejettent à 74,8 pour cent l'initiative sur la neutralité.","https://thumb.wikimedia.org/wikipedia/commons/thumb/8/8e/CHE_Vufflens-la-Ville_COA.svg/500px-CHE_Vufflens-la-Ville_COA.svg.png"
5511,26.2,26.2,73.8,"Assens (VD)","L'initiative sur la neutralité n'a pas trouvé grâce aux yeux des citoyens d'Assens. Ils ont refusé le texte à 73,8 pour cent.","https://thumb.wikimedia.org/wikipedia/commons/thumb/2/21/CHE_Assens_COA.svg/500px-CHE_Assens_COA.svg.png"
5512,25.8,25.8,74.2,"Bercher (VD)","L'initiative sur la neutralité n'a pas trouvé grâce aux yeux des citoyens de Bercher. Ils ont refusé le texte à 74,2 pour cent.","https://thumb.wikimedia.org/wikipedia/commons/thumb/2/2d/CHE_Bercher_COA.svg/500px-CHE_Bercher_COA.svg.png"
5514,30.7,30.7,69.3,"Bottens (VD)","La population de Bottens rejette à 69,3 pour cent des voix l'initiative sur la neutralité.","https://thumb.wikimedia.org/wikipedia/commons/thumb/9/96/CHE_Bottens_COA.svg/500px-CHE_Bottens_COA.svg.png"
5515,28,28,72,"Bretigny-sur-Morrens (VD)","La population de Bretigny-sur-Morrens rejette à 72 pour cent des voix l'initiative sur la neutralité.","https://thumb.wikimedia.org/wikipedia/commons/thumb/9/91/CHE_Bretigny-sur-Morrens_COA.svg/500px-CHE_Bretigny-sur-Morrens_COA.svg.png"
5516,24.7,24.7,75.3,"Cugy (VD)","A Cugy (VD), les citoyens rejettent à 75,3 pour cent l'initiative sur la neutralité.","https://thumb.wikimedia.org/wikipedia/commons/thumb/6/6b/CHE_Cugy_VD_COA.svg/500px-CHE_Cugy_VD_COA.svg.png"
5518,25.4,25.4,74.6,"Echallens (VD)","C'est non à l'initiative sur la neutralité à Echallens. Les habitants ont refusé le texte à 74,6 pour cent.","https://thumb.wikimedia.org/wikipedia/commons/thumb/7/70/CHE_Echallens_COA.svg/500px-CHE_Echallens_COA.svg.png"
5520,35.5,35.5,64.5,"Essertines-sur-Yverdon (VD)","L'initiative sur la neutralité n'a pas convaincu à Essertines-sur-Yverdon. Les citoyens de la commune ont refusé le texte à 64,5 pour cent.","https://thumb.wikimedia.org/wikipedia/commons/thumb/e/e9/CHE_Essertines-sur-Yverdon_COA.svg/500px-CHE_Essertines-sur-Yverdon_COA.svg.png"
5521,25.4,25.4,74.6,"Etagnières (VD)","A Etagnières, les citoyens rejettent à 74,6 pour cent l'initiative sur la neutralité.","https://thumb.wikimedia.org/wikipedia/commons/thumb/1/15/CHE_%C3%89tagni%C3%A8res_COA.svg/500px-CHE_%C3%89tagni%C3%A8res_COA.svg.png"
5522,28.4,28.4,71.6,"Fey (VD)","L'initiative sur la neutralité n'a pas convaincu à Fey. Les citoyens de la commune ont refusé le texte à 71,6 pour cent.","https://thumb.wikimedia.org/wikipedia/commons/thumb/b/bb/CHE_Fey_COA.svg/500px-CHE_Fey_COA.svg.png"
5523,30.7,30.7,69.3,"Froideville (VD)","A Froideville, les citoyens rejettent à 69,3 pour cent l'initiative sur la neutralité.","https://thumb.wikimedia.org/wikipedia/commons/thumb/c/c8/CHE_Froideville_COA.svg/500px-CHE_Froideville_COA.svg.png"
5527,30.2,30.2,69.8,"Morrens (VD)","L'initiative sur la neutralité n'a pas convaincu à Morrens (VD). Les citoyens de la commune ont refusé le texte à 69,8 pour cent.","https://thumb.wikimedia.org/wikipedia/commons/thumb/4/41/CHE_Morrens_COA.svg/500px-CHE_Morrens_COA.svg.png"
5529,31.3,31.3,68.7,"Oulens-sous-Echallens (VD)","L'initiative sur la neutralité n'a pas trouvé grâce aux yeux des citoyens d'Oulens-sous-Echallens. Ils ont refusé le texte à 68,7 pour cent.","https://thumb.wikimedia.org/wikipedia/commons/thumb/7/73/CHE_Oulens-sous-Echallens_COA.svg/500px-CHE_Oulens-sous-Echallens_COA.svg.png"
5530,37.9,37.9,62.1,"Pailly (VD)","A Pailly, les citoyens rejettent à 62,1 pour cent l'initiative sur la neutralité.","https://thumb.wikimedia.org/wikipedia/commons/thumb/1/1c/CHE_Pailly_COA.svg/500px-CHE_Pailly_COA.svg.png"
5531,25.1,25.1,74.9,"Penthéréaz (VD)","L'initiative sur la neutralité n'a pas convaincu à Penthéréaz. Les citoyens de la commune ont refusé le texte à 74,9 pour cent.","https://thumb.wikimedia.org/wikipedia/commons/thumb/8/82/CHE_Penth%C3%A9r%C3%A9az_COA.svg/500px-CHE_Penth%C3%A9r%C3%A9az_COA.svg.png"
5533,27.5,27.5,72.5,"Poliez-Pittet (VD)","La population de Poliez-Pittet rejette à 72,5 pour cent des voix l'initiative sur la neutralité.","https://thumb.wikimedia.org/wikipedia/commons/thumb/9/9b/CHE_Poliez-Pittet_COA.svg/500px-CHE_Poliez-Pittet_COA.svg.png"
5534,29,29,71,"Rueyres (VD)","L'initiative sur la neutralité n'a pas convaincu à Rueyres. Les citoyens de la commune ont refusé le texte à 71 pour cent.","https://thumb.wikimedia.org/wikipedia/commons/thumb/e/ea/CHE_Rueyres_COA.svg/500px-CHE_Rueyres_COA.svg.png"
5535,36.9,36.9,63.1,"Saint-Barthélemy (VD)","A Saint-Barthélemy (VD), les citoyens rejettent à 63,1 pour cent l'initiative sur la neutralité.","https://thumb.wikimedia.org/wikipedia/commons/thumb/1/1b/CHE_Saint-Barth%C3%A9lemy_COA.svg/500px-CHE_Saint-Barth%C3%A9lemy_COA.svg.png"
5537,28.3,28.3,71.7,"Villars-le-Terroir (VD)","Les habitants de Villars-le-Terroir s'opposent à l'initiative sur la neutralité par 71,7 pour cent des voix.","https://thumb.wikimedia.org/wikipedia/commons/thumb/f/f1/CHE_Villars-le-Terroir_COA.svg/500px-CHE_Villars-le-Terroir_COA.svg.png"
5539,34.3,34.3,65.7,"Vuarrens (VD)","Les habitants de Vuarrens s'opposent à l'initiative sur la neutralité par 65,7 pour cent des voix.","https://thumb.wikimedia.org/wikipedia/commons/thumb/d/d4/CHE_Vuarrens_COA.svg/500px-CHE_Vuarrens_COA.svg.png"
5540,30.1,30.1,69.9,"Montilliez (VD)","L'initiative sur la neutralité n'a pas convaincu à Montilliez. Les citoyens de la commune ont refusé le texte à 69,9 pour cent.","https://thumb.wikimedia.org/wikipedia/commons/thumb/5/58/CHE_Montilliez_COA.svg/500px-CHE_Montilliez_COA.svg.png"
5541,30.2,30.2,69.8,"Goumoëns (VD)","La population de Goumoëns rejette à 69,8 pour cent des voix l'initiative sur la neutralité.","https://thumb.wikimedia.org/wikipedia/commons/thumb/9/99/CHE_Goumo%C3%ABns_COA.svg/500px-CHE_Goumo%C3%ABns_COA.svg.png"
5551,26.2,26.2,73.8,"Bonvillars (VD)","L'initiative sur la neutralité n'a pas convaincu à Bonvillars. Les citoyens de la commune ont refusé le texte à 73,8 pour cent.","https://thumb.wikimedia.org/wikipedia/commons/thumb/3/37/CHE_Bonvillars_COA.svg/500px-CHE_Bonvillars_COA.svg.png"
5552,42.8,42.8,57.2,"Bullet (VD)","C'est non à l'initiative sur la neutralité à Bullet. Les habitants ont refusé le texte à 57,2 pour cent.","https://thumb.wikimedia.org/wikipedia/commons/thumb/8/80/CHE_Bullet_COA.svg/500px-CHE_Bullet_COA.svg.png"
5553,27.5,27.5,72.5,"Champagne (VD)","La population de Champagne rejette à 72,5 pour cent des voix l'initiative sur la neutralité.","https://thumb.wikimedia.org/wikipedia/commons/thumb/5/5a/CHE_Champagne_COA.svg/500px-CHE_Champagne_COA.svg.png"
5554,28.4,28.4,71.6,"Concise (VD)","C'est non à l'initiative sur la neutralité à Concise. Les habitants ont refusé le texte à 71,6 pour cent.","https://thumb.wikimedia.org/wikipedia/commons/thumb/9/96/CHE_Concise_COA.svg/500px-CHE_Concise_COA.svg.png"
5555,24.3,24.3,75.7,"Corcelles-près-Concise (VD)","L'initiative sur la neutralité n'a pas convaincu à Corcelles-près-Concise. Les citoyens de la commune ont refusé le texte à 75,7 pour cent.","https://thumb.wikimedia.org/wikipedia/commons/thumb/3/39/CHE_Corcelles-pr%C3%A8s-Concise_COA.svg/500px-CHE_Corcelles-pr%C3%A8s-Concise_COA.svg.png"
5556,21.4,21.4,78.6,"Fiez (VD)","C'est non à l'initiative sur la neutralité à Fiez. Les habitants ont refusé le texte à 78,6 pour cent.","https://thumb.wikimedia.org/wikipedia/commons/thumb/2/25/CHE_Fiez_COA.svg/500px-CHE_Fiez_COA.svg.png"
5557,38,38,62,"Fontaines-sur-Grandson (VD)","L'initiative sur la neutralité ne passe pas la rampe à Fontaines-sur-Grandson. Les habitants de cette petite commune l'ont rejetée par 49 voix, contre 30.","https://thumb.wikimedia.org/wikipedia/commons/thumb/d/d5/CHE_Fontaines-sur-Grandson_COA.svg/500px-CHE_Fontaines-sur-Grandson_COA.svg.png"
5559,31.8,31.8,68.2,"Giez (VD)","L'initiative sur la neutralité n'a pas convaincu à Giez. Les citoyens de la commune ont refusé le texte à 68,2 pour cent.","https://thumb.wikimedia.org/wikipedia/commons/thumb/5/5e/CHE_Giez_COA.svg/500px-CHE_Giez_COA.svg.png"
5560,26.2,26.2,73.8,"Grandevent (VD)","Les habitants de Grandevent s'opposent à l'initiative sur la neutralité par 73,8 pour cent des voix.","https://thumb.wikimedia.org/wikipedia/commons/thumb/e/eb/CHE_Grandevent_COA.svg/500px-CHE_Grandevent_COA.svg.png"
5561,26.3,26.3,73.7,"Grandson (VD)","L'initiative sur la neutralité est refusée à 73,7 pour cent à Grandson.","https://thumb.wikimedia.org/wikipedia/commons/thumb/7/7d/CHE_Grandson_COA.svg/500px-CHE_Grandson_COA.svg.png"
5562,40.7,40.7,59.3,"Mauborget (VD)","L'initiative sur la neutralité ne passe pas la rampe à Mauborget. Les habitants de cette petite commune l'ont rejetée par 35 voix, contre 24.","https://thumb.wikimedia.org/wikipedia/commons/thumb/f/fa/CHE_Mauborget_COA.svg/500px-CHE_Mauborget_COA.svg.png"
5563,54.8,54.8,45.2,"Mutrux (VD)","L'initiative sur la neutralité est validée à Mutrux. Les citoyens de cette petite commune sont 23 à soutenir le texte, contre 19 à le refuser.","https://thumb.wikimedia.org/wikipedia/commons/thumb/3/38/CHE_Mutrux_COA.svg/500px-CHE_Mutrux_COA.svg.png"
5564,25,25,75,"Novalles (VD)","L'initiative sur la neutralité ne passe pas la rampe à Novalles. Les habitants de cette petite commune l'ont rejetée par 36 voix, contre 12.","https://thumb.wikimedia.org/wikipedia/commons/thumb/c/c2/CHE_Novalles_COA.svg/500px-CHE_Novalles_COA.svg.png"
5565,28.3,28.3,71.7,"Onnens (VD)","La population d'Onnens (VD) rejette à 71,7 pour cent des voix l'initiative sur la neutralité.","https://thumb.wikimedia.org/wikipedia/commons/thumb/5/51/CHE_Onnens_COA.svg/500px-CHE_Onnens_COA.svg.png"
5566,36.7,36.7,63.3,"Provence (VD)","L'initiative sur la neutralité est refusée à 63,3 pour cent à Provence.","https://thumb.wikimedia.org/wikipedia/commons/thumb/f/f2/CHE_Provence_COA.svg/500px-CHE_Provence_COA.svg.png"
5568,41.5,41.5,58.5,"Sainte-Croix (VD)","L'initiative sur la neutralité est refusée à 58,5 pour cent à Sainte-Croix.","https://thumb.wikimedia.org/wikipedia/commons/thumb/4/4c/CHE_Sainte-Croix_COA.svg/500px-CHE_Sainte-Croix_COA.svg.png"
5571,34.7,34.7,65.3,"Tévenon (VD)","C'est non à l'initiative sur la neutralité à Tévenon. Les habitants ont refusé le texte à 65,3 pour cent.","https://thumb.wikimedia.org/wikipedia/commons/thumb/b/b2/CHE_T%C3%A9venon_COA.svg/500px-CHE_T%C3%A9venon_COA.svg.png"
5581,23.6,23.6,76.4,"Belmont-sur-Lausanne (VD)","C'est non à l'initiative sur la neutralité à Belmont-sur-Lausanne. Les habitants ont refusé le texte à 76,4 pour cent.","https://thumb.wikimedia.org/wikipedia/commons/thumb/4/48/CHE_Belmont-sur-Lausanne_COA.svg/500px-CHE_Belmont-sur-Lausanne_COA.svg.png"
5582,24.8,24.8,75.2,"Cheseaux-sur-Lausanne (VD)","L'initiative sur la neutralité n'a pas convaincu à Cheseaux-sur-Lausanne. Les citoyens de la commune ont refusé le texte à 75,2 pour cent.","https://thumb.wikimedia.org/wikipedia/commons/thumb/c/ce/CHE_Cheseaux-sur-Lausanne_COA.svg/500px-CHE_Cheseaux-sur-Lausanne_COA.svg.png"
5583,28.8,28.8,71.2,"Crissier (VD)","L'initiative sur la neutralité n'a pas trouvé grâce aux yeux des citoyens de Crissier. Ils ont refusé le texte à 71,2 pour cent.","https://thumb.wikimedia.org/wikipedia/commons/thumb/0/0e/CHE_Crissier_COA.svg/500px-CHE_Crissier_COA.svg.png"
5584,23.2,23.2,76.8,"Epalinges (VD)","C'est non à l'initiative sur la neutralité à Epalinges. Les habitants ont refusé le texte à 76,8 pour cent.","https://thumb.wikimedia.org/wikipedia/commons/thumb/9/9a/CHE_%C3%89palinges_COA.svg/500px-CHE_%C3%89palinges_COA.svg.png"
5585,27.3,27.3,72.7,"Jouxtens-Mézery (VD)","L'initiative sur la neutralité est refusée à 72,7 pour cent à Jouxtens-Mézery.","https://thumb.wikimedia.org/wikipedia/commons/thumb/8/82/CHE_Jouxtens-M%C3%A9zery_COA.svg/500px-CHE_Jouxtens-M%C3%A9zery_COA.svg.png"
5586,21.1,21.1,78.9,"Lausanne (VD)","A Lausanne, les citoyens rejettent à 78,9 pour cent l'initiative sur la neutralité.","https://thumb.wikimedia.org/wikipedia/commons/thumb/2/29/CHE_Lausanne_COA.svg/500px-CHE_Lausanne_COA.svg.png"
5587,23.8,23.8,76.2,"Le Mont-sur-Lausanne (VD)","Au Mont-sur-Lausanne, les citoyens rejettent à 76,2 pour cent l'initiative sur la neutralité.","https://thumb.wikimedia.org/wikipedia/commons/thumb/d/dc/CHE_Le_Mont-sur-Lausanne_COA.svg/500px-CHE_Le_Mont-sur-Lausanne_COA.svg.png"
5588,29.1,29.1,70.9,"Paudex (VD)","C'est non à l'initiative sur la neutralité à Paudex. Les habitants ont refusé le texte à 70,9 pour cent.","https://thumb.wikimedia.org/wikipedia/commons/thumb/5/5d/CHE_Paudex_COA.svg/500px-CHE_Paudex_COA.svg.png"
5589,23.7,23.7,76.3,"Prilly (VD)","A Prilly, les citoyens rejettent à 76,3 pour cent l'initiative sur la neutralité.","https://thumb.wikimedia.org/wikipedia/commons/thumb/8/86/CHE_Prilly_COA.svg/500px-CHE_Prilly_COA.svg.png"
5590,22,22,78,"Pully (VD)","La population de Pully rejette à 78 pour cent des voix l'initiative sur la neutralité.","https://thumb.wikimedia.org/wikipedia/commons/thumb/e/ec/CHE_Pully_COA.svg/960px-CHE_Pully_COA.svg.png"
5591,27.6,27.6,72.4,"Renens (VD)","A Renens (VD), les citoyens rejettent à 72,4 pour cent l'initiative sur la neutralité.","https://thumb.wikimedia.org/wikipedia/commons/thumb/0/0b/CHE_Renens_COA.svg/500px-CHE_Renens_COA.svg.png"
5592,28,28,72,"Romanel-sur-Lausanne (VD)","A Romanel-sur-Lausanne, les citoyens rejettent à 72 pour cent l'initiative sur la neutralité.","https://thumb.wikimedia.org/wikipedia/commons/thumb/c/c1/CHE_Romanel-sur-Lausanne_COA.svg/500px-CHE_Romanel-sur-Lausanne_COA.svg.png"
5601,24.6,24.6,75.4,"Chexbres (VD)","L'initiative sur la neutralité est refusée à 75,4 pour cent à Chexbres.","https://thumb.wikimedia.org/wikipedia/commons/thumb/9/9f/CHE_Chexbres_COA.svg/500px-CHE_Chexbres_COA.svg.png"
5604,30.4,30.4,69.6,"Forel (Lavaux) (VD)","C'est non à l'initiative sur la neutralité à Forel (Lavaux). Les habitants ont refusé le texte à 69,6 pour cent.","https://thumb.wikimedia.org/wikipedia/commons/thumb/5/5b/CHE_Forel_%28Lavaux%29_COA.svg/500px-CHE_Forel_%28Lavaux%29_COA.svg.png"
5606,50,0,0,"Lutry (VD)","Les résultats ne sont pas encore connus dans cette commune.","https://thumb.wikimedia.org/wikipedia/commons/thumb/2/26/CHE_Lutry_COA.svg/500px-CHE_Lutry_COA.svg.png"
5607,29,29,71,"Puidoux (VD)","La population de Puidoux rejette à 71 pour cent des voix l'initiative sur la neutralité.","https://thumb.wikimedia.org/wikipedia/commons/thumb/9/99/CHE_Puidoux_COA.svg/500px-CHE_Puidoux_COA.svg.png"
5609,19.9,19.9,80.1,"Rivaz (VD)","C'est non à l'initiative sur la neutralité à Rivaz. Les habitants ont refusé le texte à 80,1 pour cent.","https://thumb.wikimedia.org/wikipedia/commons/thumb/0/00/CHE_Rivaz_COA.svg/500px-CHE_Rivaz_COA.svg.png"
5610,51.7,51.7,48.3,"Saint-Saphorin (Lavaux) (VD)","Saint-Saphorin (Lavaux) dit oui à 51,7 pour cent à l'initiative sur la neutralité.","https://thumb.wikimedia.org/wikipedia/commons/thumb/4/46/CHE_Saint-Saphorin_COA.svg/500px-CHE_Saint-Saphorin_COA.svg.png"
5611,25.7,25.7,74.3,"Savigny (VD)","C'est non à l'initiative sur la neutralité à Savigny. Les habitants ont refusé le texte à 74,3 pour cent.","https://thumb.wikimedia.org/wikipedia/commons/thumb/6/67/CHE_Savigny_COA.svg/500px-CHE_Savigny_COA.svg.png"
5613,20,20,80,"Bourg-en-Lavaux (VD)","A Bourg-en-Lavaux, les citoyens rejettent à 80 pour cent l'initiative sur la neutralité.","https://thumb.wikimedia.org/wikipedia/commons/thumb/c/cf/CHE_Bourg-en-Lavaux_COA.svg/500px-CHE_Bourg-en-Lavaux_COA.svg.png"
5621,17.5,17.5,82.5,"Aclens (VD)","La population d'Aclens rejette à 82,5 pour cent des voix l'initiative sur la neutralité.","https://thumb.wikimedia.org/wikipedia/commons/thumb/c/cf/CHE_Aclens_COA.svg/500px-CHE_Aclens_COA.svg.png"
5622,26.6,26.6,73.4,"Bremblens (VD)","Les habitants de Bremblens s'opposent à l'initiative sur la neutralité par 73,4 pour cent des voix.","https://thumb.wikimedia.org/wikipedia/commons/thumb/3/3e/CHE_Bremblens_COA.svg/500px-CHE_Bremblens_COA.svg.png"
5623,28,28,72,"Buchillon (VD)","A Buchillon, les citoyens rejettent à 72 pour cent l'initiative sur la neutralité.","https://thumb.wikimedia.org/wikipedia/commons/thumb/1/19/CHE_Buchillon_COA.svg/500px-CHE_Buchillon_COA.svg.png"
5624,27.7,27.7,72.3,"Bussigny (VD)","L'initiative sur la neutralité n'a pas trouvé grâce aux yeux des citoyens de Bussigny. Ils ont refusé le texte à 72,3 pour cent.","https://thumb.wikimedia.org/wikipedia/commons/thumb/3/34/CHE_Bussigny_COA.svg/500px-CHE_Bussigny_COA.svg.png"
5627,29.4,29.4,70.6,"Chavannes-près-Renens (VD)","Les habitants de Chavannes-près-Renens s'opposent à l'initiative sur la neutralité par 70,6 pour cent des voix.","https://thumb.wikimedia.org/wikipedia/commons/thumb/f/f2/CHE_Chavannes-pr%C3%A8s-Renens_COA.svg/500px-CHE_Chavannes-pr%C3%A8s-Renens_COA.svg.png"
5628,21.5,21.5,78.5,"Chigny (VD)","L'initiative sur la neutralité est refusée à 78,5 pour cent à Chigny.","https://thumb.wikimedia.org/wikipedia/commons/thumb/7/73/CHE_Chigny_COA.svg/500px-CHE_Chigny_COA.svg.png"
5629,26.7,26.7,73.3,"Clarmont (VD)","Les habitants de la petite commune de Clarmont ont refusé l'initiative sur la neutralité. Ils ont dit non à cet objet par 55 voix contre 20.","https://thumb.wikimedia.org/wikipedia/commons/thumb/8/8c/CHE_Clarmont_COA.svg/500px-CHE_Clarmont_COA.svg.png"
5631,20.8,20.8,79.2,"Denens (VD)","L'initiative sur la neutralité est refusée à 79,2 pour cent à Denens.","https://thumb.wikimedia.org/wikipedia/commons/thumb/5/56/CHE_Denens_COA.svg/500px-CHE_Denens_COA.svg.png"
5632,23,23,77,"Denges (VD)","C'est non à l'initiative sur la neutralité à Denges. Les habitants ont refusé le texte à 77 pour cent.","https://thumb.wikimedia.org/wikipedia/commons/thumb/5/52/CHE_Denges_COA.svg/500px-CHE_Denges_COA.svg.png"
5633,23.2,23.2,76.8,"Echandens (VD)","C'est non à l'initiative sur la neutralité à Echandens. Les habitants ont refusé le texte à 76,8 pour cent.","https://thumb.wikimedia.org/wikipedia/commons/thumb/d/d1/CHE_Echandens_COA.svg/500px-CHE_Echandens_COA.svg.png"
5634,23.7,23.7,76.3,"Echichens (VD)","L'initiative sur la neutralité n'a pas trouvé grâce aux yeux des citoyens d'Echichens. Ils ont refusé le texte à 76,3 pour cent.","https://thumb.wikimedia.org/wikipedia/commons/thumb/e/eb/CHE_Echichens_COA.svg/500px-CHE_Echichens_COA.svg.png"
5635,27.8,27.8,72.2,"Ecublens (VD)","A Ecublens (VD), les citoyens rejettent à 72,2 pour cent l'initiative sur la neutralité.","https://thumb.wikimedia.org/wikipedia/commons/thumb/b/b7/CHE_Ecublens_VD_COA.svg/500px-CHE_Ecublens_VD_COA.svg.png"
5636,24.3,24.3,75.7,"Etoy (VD)","Les habitants d'Etoy s'opposent à l'initiative sur la neutralité par 75,7 pour cent des voix.","https://thumb.wikimedia.org/wikipedia/commons/thumb/a/ac/CHE_Etoy_COA.svg/500px-CHE_Etoy_COA.svg.png"
5637,22.5,22.5,77.5,"Lavigny (VD)","A Lavigny, les citoyens rejettent à 77,5 pour cent l'initiative sur la neutralité.","https://thumb.wikimedia.org/wikipedia/commons/thumb/6/67/CHE_Lavigny_COA.svg/500px-CHE_Lavigny_COA.svg.png"
5638,21.5,21.5,78.5,"Lonay (VD)","A Lonay, les citoyens rejettent à 78,5 pour cent l'initiative sur la neutralité.","https://thumb.wikimedia.org/wikipedia/commons/thumb/e/ea/CHE_Lonay_COA.svg/500px-CHE_Lonay_COA.svg.png"
5639,18.3,18.3,81.7,"Lully (VD)","L'initiative sur la neutralité n'a pas convaincu à Lully (VD). Les citoyens de la commune ont refusé le texte à 81,7 pour cent.","https://thumb.wikimedia.org/wikipedia/commons/thumb/e/ef/CHE_Lully_VD_COA.svg/500px-CHE_Lully_VD_COA.svg.png"
5640,12.3,12.3,87.7,"Lussy-sur-Morges (VD)","La population de Lussy-sur-Morges rejette à 87,7 pour cent des voix l'initiative sur la neutralité.","https://thumb.wikimedia.org/wikipedia/commons/thumb/2/23/CHE_Lussy-sur-Morges_COA.svg/500px-CHE_Lussy-sur-Morges_COA.svg.png"
5642,24.5,24.5,75.5,"Morges (VD)","A Morges, les citoyens rejettent à 75,5 pour cent l'initiative sur la neutralité.","https://thumb.wikimedia.org/wikipedia/commons/thumb/8/8f/CHE_Morges_COA.svg/500px-CHE_Morges_COA.svg.png"
5643,25.4,25.4,74.6,"Préverenges (VD)","L'initiative sur la neutralité n'a pas trouvé grâce aux yeux des citoyens de Préverenges. Ils ont refusé le texte à 74,6 pour cent.","https://thumb.wikimedia.org/wikipedia/commons/thumb/c/c3/CHE_Pr%C3%A9verenges_COA.svg/500px-CHE_Pr%C3%A9verenges_COA.svg.png"
5645,25.5,25.5,74.5,"Romanel-sur-Morges (VD)","L'initiative sur la neutralité n'a pas convaincu à Romanel-sur-Morges. Les citoyens de la commune ont refusé le texte à 74,5 pour cent.","https://thumb.wikimedia.org/wikipedia/commons/thumb/a/ab/CHE_Romanel-sur-Morges_COA.svg/500px-CHE_Romanel-sur-Morges_COA.svg.png"
5646,27.9,27.9,72.1,"Saint-Prex (VD)","L'initiative sur la neutralité n'a pas convaincu à Saint-Prex. Les citoyens de la commune ont refusé le texte à 72,1 pour cent.","https://thumb.wikimedia.org/wikipedia/commons/thumb/0/07/CHE_Saint-Prex_COA.svg/500px-CHE_Saint-Prex_COA.svg.png"
5648,25.8,25.8,74.2,"Saint-Sulpice (VD)","C'est non à l'initiative sur la neutralité à Saint-Sulpice (VD). Les habitants ont refusé le texte à 74,2 pour cent.","https://thumb.wikimedia.org/wikipedia/commons/thumb/5/57/CHE_Saint-Sulpice_VD_COA.svg/500px-CHE_Saint-Sulpice_VD_COA.svg.png"
5649,24.8,24.8,75.2,"Tolochenaz (VD)","A Tolochenaz, les citoyens rejettent à 75,2 pour cent l'initiative sur la neutralité.","https://thumb.wikimedia.org/wikipedia/commons/thumb/4/47/CHE_Tolochenaz_COA.svg/500px-CHE_Tolochenaz_COA.svg.png"
5650,26.8,26.8,73.2,"Vaux-sur-Morges (VD)","L'initiative sur la neutralité ne passe pas la rampe à Vaux-sur-Morges. Les habitants de cette petite commune l'ont rejetée par 60 voix, contre 22.","https://thumb.wikimedia.org/wikipedia/commons/thumb/a/a9/CHE_Vaux-sur-Morges_COA.svg/500px-CHE_Vaux-sur-Morges_COA.svg.png"
5651,32.5,32.5,67.5,"Villars-Sainte-Croix (VD)","A Villars-Sainte-Croix, les citoyens rejettent à 67,5 pour cent l'initiative sur la neutralité.","https://thumb.wikimedia.org/wikipedia/commons/thumb/3/3e/CHE_Villars-Sainte-Croix_COA.svg/500px-CHE_Villars-Sainte-Croix_COA.svg.png"
5652,29.5,29.5,70.5,"Villars-sous-Yens (VD)","Les habitants de Villars-sous-Yens s'opposent à l'initiative sur la neutralité par 70,5 pour cent des voix.","https://thumb.wikimedia.org/wikipedia/commons/thumb/9/94/CHE_Villars-sous-Yens_COA.svg/500px-CHE_Villars-sous-Yens_COA.svg.png"
5653,27.5,27.5,72.5,"Vufflens-le-Château (VD)","L'initiative sur la neutralité n'a pas convaincu à Vufflens-le-Château. Les citoyens de la commune ont refusé le texte à 72,5 pour cent.","https://thumb.wikimedia.org/wikipedia/commons/thumb/4/42/CHE_Vufflens-le-Ch%C3%A2teau_COA.svg/500px-CHE_Vufflens-le-Ch%C3%A2teau_COA.svg.png"
5654,22,22,78,"Vullierens (VD)","Les habitants de Vullierens s'opposent à l'initiative sur la neutralité par 78 pour cent des voix.","https://thumb.wikimedia.org/wikipedia/commons/thumb/1/11/CHE_Vullierens_COA.svg/500px-CHE_Vullierens_COA.svg.png"
5655,23.9,23.9,76.1,"Yens (VD)","A Yens, les citoyens rejettent à 76,1 pour cent l'initiative sur la neutralité.","https://thumb.wikimedia.org/wikipedia/commons/thumb/1/14/CHE_Yens_COA.svg/500px-CHE_Yens_COA.svg.png"
5656,26.8,26.8,73.2,"Hautemorges (VD)","La population de Hautemorges rejette à 73,2 pour cent des voix l'initiative sur la neutralité.","https://thumb.wikimedia.org/wikipedia/commons/thumb/2/2f/CHE_Hautemorges_COA.svg/500px-CHE_Hautemorges_COA.svg.png"
5661,36.2,36.2,63.8,"Boulens (VD)","C'est non à l'initiative sur la neutralité à Boulens. Les habitants ont refusé le texte à 63,8 pour cent.","https://thumb.wikimedia.org/wikipedia/commons/thumb/f/f0/CHE_Boulens_COA.svg/500px-CHE_Boulens_COA.svg.png"
5663,35,35,65,"Bussy-sur-Moudon (VD)","Les habitants de Bussy-sur-Moudon s'opposent à l'initiative sur la neutralité par 65 pour cent des voix.","https://thumb.wikimedia.org/wikipedia/commons/thumb/5/50/CHE_Bussy-sur-Moudon_COA.svg/500px-CHE_Bussy-sur-Moudon_COA.svg.png"
5665,54.7,54.7,45.3,"Chavannes-sur-Moudon (VD)","L'initiative sur la neutralité est validée à Chavannes-sur-Moudon. Les citoyens de cette petite commune sont 52 à soutenir le texte, contre 43 à le refuser.","https://thumb.wikimedia.org/wikipedia/commons/thumb/a/ab/CHE_Chavannes-sur-Moudon_COA.svg/500px-CHE_Chavannes-sur-Moudon_COA.svg.png"
5669,50,0,0,"Curtilles (VD)","Les résultats ne sont pas encore connus dans cette commune.","https://thumb.wikimedia.org/wikipedia/commons/thumb/f/f0/CHE_Curtilles_COA.svg/500px-CHE_Curtilles_COA.svg.png"
5671,38.8,38.8,61.2,"Dompierre (VD)","La population de Dompierre (VD) rejette à 61,2 pour cent des voix l'initiative sur la neutralité.","https://thumb.wikimedia.org/wikipedia/commons/thumb/9/90/CHE_Dompierre_VD_COA.svg/500px-CHE_Dompierre_VD_COA.svg.png"
5673,38.2,38.2,61.8,"Hermenches (VD)","A Hermenches, les citoyens rejettent à 61,8 pour cent l'initiative sur la neutralité.","https://thumb.wikimedia.org/wikipedia/commons/thumb/7/74/CHE_Hermenches_COA.svg/500px-CHE_Hermenches_COA.svg.png"
5674,25.9,25.9,74.1,"Lovatens (VD)","L'initiative sur la neutralité ne passe pas la rampe à Lovatens. Les habitants de cette petite commune l'ont rejetée par 43 voix, contre 15.","https://thumb.wikimedia.org/wikipedia/commons/thumb/1/1e/CHE_Lovatens_COA.svg/500px-CHE_Lovatens_COA.svg.png"
5675,50,0,0,"Lucens (VD)","Les résultats ne sont pas encore connus dans cette commune.","https://thumb.wikimedia.org/wikipedia/commons/thumb/3/31/CHE_Lucens_COA.svg/500px-CHE_Lucens_COA.svg.png"
5678,30.9,30.9,69.1,"Moudon (VD)","La population de Moudon rejette à 69,1 pour cent des voix l'initiative sur la neutralité.","https://thumb.wikimedia.org/wikipedia/commons/thumb/7/78/CHE_Moudon_COA.svg/500px-CHE_Moudon_COA.svg.png"
5680,37.6,37.6,62.4,"Ogens (VD)","L'initiative sur la neutralité est refusée à 62,4 pour cent à Ogens.","https://thumb.wikimedia.org/wikipedia/commons/thumb/1/1e/CHE_Ogens_COA.svg/500px-CHE_Ogens_COA.svg.png"
5683,36.1,36.1,63.9,"Prévonloup (VD)","L'initiative sur la neutralité ne passe pas la rampe à Prévonloup. Les habitants de cette petite commune l'ont rejetée par 53 voix, contre 30.","https://thumb.wikimedia.org/wikipedia/commons/thumb/a/a7/CHE_Pr%C3%A9vonloup_COA.svg/500px-CHE_Pr%C3%A9vonloup_COA.svg.png"
5684,34.5,34.5,65.5,"Rossenges (VD)","Les habitants de la petite commune de Rossenges ont refusé l'initiative sur la neutralité. Ils ont dit non à cet objet par 19 voix contre 10.","https://thumb.wikimedia.org/wikipedia/commons/thumb/c/cf/CHE_Rossenges_COA.svg/500px-CHE_Rossenges_COA.svg.png"
5688,28.6,28.6,71.4,"Syens (VD)","Les habitants de la petite commune de Syens ont refusé l'initiative sur la neutralité. Ils ont dit non à cet objet par 30 voix contre 12.","https://thumb.wikimedia.org/wikipedia/commons/thumb/e/e9/CHE_Syens_COA.svg/500px-CHE_Syens_COA.svg.png"
5690,39.3,39.3,60.7,"Villars-le-Comte (VD)","Les habitants de la petite commune de Villars-le-Comte ont refusé l'initiative sur la neutralité. Ils ont dit non à cet objet par 37 voix contre 24.","https://thumb.wikimedia.org/wikipedia/commons/thumb/d/d1/CHE_Villars-le-Comte_COA.svg/500px-CHE_Villars-le-Comte_COA.svg.png"
5692,28,28,72,"Vucherens (VD)","A Vucherens, les citoyens rejettent à 72 pour cent l'initiative sur la neutralité.","https://thumb.wikimedia.org/wikipedia/commons/thumb/3/31/CHE_Vucherens_COA.svg/500px-CHE_Vucherens_COA.svg.png"
5693,34.5,34.5,65.5,"Montanaire (VD)","L'initiative sur la neutralité est refusée à 65,5 pour cent à Montanaire.","https://thumb.wikimedia.org/wikipedia/commons/thumb/9/9d/CHE_Montanaire_COA.svg/500px-CHE_Montanaire_COA.svg.png"
5701,21.3,21.3,78.7,"Arnex-sur-Nyon (VD)","Les habitants de la petite commune d'Arnex-sur-Nyon ont refusé l'initiative sur la neutralité. Ils ont dit non à cet objet par 59 voix contre 16.","https://thumb.wikimedia.org/wikipedia/commons/thumb/3/30/CHE_Arnex-sur-Nyon_COA.svg/500px-CHE_Arnex-sur-Nyon_COA.svg.png"
5702,29,29,71,"Arzier-Le Muids (VD)","L'initiative sur la neutralité est refusée à 71 pour cent à Arzier-Le Muids.","https://thumb.wikimedia.org/wikipedia/commons/thumb/8/82/CHE_Arzier-Le_Muids_COA.svg/500px-CHE_Arzier-Le_Muids_COA.svg.png"
5703,25.6,25.6,74.4,"Bassins (VD)","A Bassins, les citoyens rejettent à 74,4 pour cent l'initiative sur la neutralité.","https://thumb.wikimedia.org/wikipedia/commons/thumb/c/c5/CHE_Bassins_COA.svg/500px-CHE_Bassins_COA.svg.png"
5704,29,29,71,"Begnins (VD)","La population de Begnins rejette à 71 pour cent des voix l'initiative sur la neutralité.","https://thumb.wikimedia.org/wikipedia/commons/thumb/6/6a/CHE_Begnins_COA.svg/500px-CHE_Begnins_COA.svg.png"
5705,21,21,79,"Bogis-Bossey (VD)","L'initiative sur la neutralité n'a pas convaincu à Bogis-Bossey. Les citoyens de la commune ont refusé le texte à 79 pour cent.","https://thumb.wikimedia.org/wikipedia/commons/thumb/1/17/CHE_Bogis-Bossey_COA.svg/500px-CHE_Bogis-Bossey_COA.svg.png"
5706,23.8,23.8,76.2,"Borex (VD)","A Borex, les citoyens rejettent à 76,2 pour cent l'initiative sur la neutralité.","https://thumb.wikimedia.org/wikipedia/commons/thumb/5/54/CHE_Borex_COA.svg/500px-CHE_Borex_COA.svg.png"
5707,30.7,30.7,69.3,"Chavannes-de-Bogis (VD)","Les habitants de Chavannes-de-Bogis s'opposent à l'initiative sur la neutralité par 69,3 pour cent des voix.","https://thumb.wikimedia.org/wikipedia/commons/thumb/9/93/CHE_Chavannes-de-Bogis_COA.svg/500px-CHE_Chavannes-de-Bogis_COA.svg.png"
5708,34,34,66,"Chavannes-des-Bois (VD)","L'initiative sur la neutralité n'a pas trouvé grâce aux yeux des citoyens de Chavannes-des-Bois. Ils ont refusé le texte à 66 pour cent.","https://thumb.wikimedia.org/wikipedia/commons/thumb/5/50/CHE_Chavannes-des-Bois_COA.svg/500px-CHE_Chavannes-des-Bois_COA.svg.png"
5709,29.3,29.3,70.7,"Chéserex (VD)","L'initiative sur la neutralité n'a pas trouvé grâce aux yeux des citoyens de Chéserex. Ils ont refusé le texte à 70,7 pour cent.","https://thumb.wikimedia.org/wikipedia/commons/thumb/5/55/CHE_Ch%C3%A9serex_COA.svg/500px-CHE_Ch%C3%A9serex_COA.svg.png"
5710,30.1,30.1,69.9,"Coinsins (VD)","L'initiative sur la neutralité est refusée à 69,9 pour cent à Coinsins.","https://thumb.wikimedia.org/wikipedia/commons/thumb/7/73/CHE_Coinsins_COA.svg/500px-CHE_Coinsins_COA.svg.png"
5711,27.1,27.1,72.9,"Commugny (VD)","L'initiative sur la neutralité n'a pas convaincu à Commugny. Les citoyens de la commune ont refusé le texte à 72,9 pour cent.","https://thumb.wikimedia.org/wikipedia/commons/thumb/0/01/CHE_Commugny_COA.svg/500px-CHE_Commugny_COA.svg.png"
5712,26.7,26.7,73.3,"Coppet (VD)","L'initiative sur la neutralité est refusée à 73,3 pour cent à Coppet.","https://thumb.wikimedia.org/wikipedia/commons/thumb/8/81/CHE_Coppet_COA.svg/500px-CHE_Coppet_COA.svg.png"
5713,26,26,74,"Crans-près-Céligny (VD)","L'initiative sur la neutralité n'a pas convaincu à Crans-près-Céligny. Les citoyens de la commune ont refusé le texte à 74 pour cent.","https://thumb.wikimedia.org/wikipedia/commons/thumb/9/98/CHE_Crans_VD_COA.svg/500px-CHE_Crans_VD_COA.svg.png"
5714,28.5,28.5,71.5,"Crassier (VD)","L'initiative sur la neutralité n'a pas trouvé grâce aux yeux des citoyens de Crassier. Ils ont refusé le texte à 71,5 pour cent.","https://thumb.wikimedia.org/wikipedia/commons/thumb/4/4f/CHE_Crassier_COA.svg/500px-CHE_Crassier_COA.svg.png"
5715,20.9,20.9,79.1,"Duillier (VD)","L'initiative sur la neutralité n'a pas convaincu à Duillier. Les citoyens de la commune ont refusé le texte à 79,1 pour cent.","https://thumb.wikimedia.org/wikipedia/commons/thumb/8/87/CHE_Duillier_COA.svg/500px-CHE_Duillier_COA.svg.png"
5716,26.4,26.4,73.6,"Eysins (VD)","L'initiative sur la neutralité n'a pas convaincu à Eysins. Les citoyens de la commune ont refusé le texte à 73,6 pour cent.","https://thumb.wikimedia.org/wikipedia/commons/thumb/b/bc/CHE_Eysins_COA.svg/500px-CHE_Eysins_COA.svg.png"
5717,29.2,29.2,70.8,"Founex (VD)","La population de Founex rejette à 70,8 pour cent des voix l'initiative sur la neutralité.","https://thumb.wikimedia.org/wikipedia/commons/thumb/7/7b/CHE_Founex_COA.svg/500px-CHE_Founex_COA.svg.png"
5718,26.9,26.9,73.1,"Genolier (VD)","C'est non à l'initiative sur la neutralité à Genolier. Les habitants ont refusé le texte à 73,1 pour cent.","https://thumb.wikimedia.org/wikipedia/commons/thumb/4/42/CHE_Genolier_COA.svg/500px-CHE_Genolier_COA.svg.png"
5719,29,29,71,"Gingins (VD)","L'initiative sur la neutralité n'a pas trouvé grâce aux yeux des citoyens de Gingins. Ils ont refusé le texte à 71 pour cent.","https://thumb.wikimedia.org/wikipedia/commons/thumb/c/c1/CHE_Gingins_COA.svg/500px-CHE_Gingins_COA.svg.png"
5720,25.8,25.8,74.2,"Givrins (VD)","La population de Givrins rejette à 74,2 pour cent des voix l'initiative sur la neutralité.","https://thumb.wikimedia.org/wikipedia/commons/thumb/c/c1/CHE_Givrins_COA.svg/500px-CHE_Givrins_COA.svg.png"
5721,30.4,30.4,69.6,"Gland (VD)","La population de Gland rejette à 69,6 pour cent des voix l'initiative sur la neutralité.","https://thumb.wikimedia.org/wikipedia/commons/thumb/6/62/CHE_Gland_COA.svg/500px-CHE_Gland_COA.svg.png"
5722,20.9,20.9,79.1,"Grens (VD)","A Grens, les citoyens rejettent à 79,1 pour cent l'initiative sur la neutralité.","https://thumb.wikimedia.org/wikipedia/commons/thumb/d/d9/CHE_Grens_COA.svg/500px-CHE_Grens_COA.svg.png"
5723,27.7,27.7,72.3,"Mies (VD)","A Mies, les citoyens rejettent à 72,3 pour cent l'initiative sur la neutralité.","https://thumb.wikimedia.org/wikipedia/commons/thumb/9/99/CHE_Mies_COA.svg/500px-CHE_Mies_COA.svg.png"
5724,24.6,24.6,75.4,"Nyon (VD)","C'est non à l'initiative sur la neutralité à Nyon. Les habitants ont refusé le texte à 75,4 pour cent.","https://thumb.wikimedia.org/wikipedia/commons/thumb/3/31/CHE_Nyon_COA.svg/500px-CHE_Nyon_COA.svg.png"
5725,25.3,25.3,74.7,"Prangins (VD)","L'initiative sur la neutralité n'a pas convaincu à Prangins. Les citoyens de la commune ont refusé le texte à 74,7 pour cent.","https://thumb.wikimedia.org/wikipedia/commons/thumb/e/e4/CHE_Prangins_COA.svg/500px-CHE_Prangins_COA.svg.png"
5726,37.1,37.1,62.9,"La Rippe (VD)","L'initiative sur la neutralité est refusée à 62,9 pour cent à La Rippe.","https://thumb.wikimedia.org/wikipedia/commons/thumb/9/92/CHE_La_Rippe_COA.svg/500px-CHE_La_Rippe_COA.svg.png"
5727,37.2,37.2,62.8,"Saint-Cergue (VD)","L'initiative sur la neutralité est refusée à 62,8 pour cent à Saint-Cergue.","https://thumb.wikimedia.org/wikipedia/commons/thumb/b/bf/CHE_Saint-Cergue_COA.svg/500px-CHE_Saint-Cergue_COA.svg.png"
5728,37.8,37.8,62.2,"Signy-Avenex (VD)","L'initiative sur la neutralité n'a pas trouvé grâce aux yeux des citoyens de Signy-Avenex. Ils ont refusé le texte à 62,2 pour cent.","https://thumb.wikimedia.org/wikipedia/commons/thumb/d/db/CHE_Signy-Avenex_COA.svg/500px-CHE_Signy-Avenex_COA.svg.png"
5729,29.3,29.3,70.7,"Tannay (VD)","C'est non à l'initiative sur la neutralité à Tannay. Les habitants ont refusé le texte à 70,7 pour cent.","https://thumb.wikimedia.org/wikipedia/commons/thumb/e/ea/CHE_Tannay_COA.svg/500px-CHE_Tannay_COA.svg.png"
5730,22.5,22.5,77.5,"Trélex (VD)","L'initiative sur la neutralité n'a pas convaincu à Trélex. Les citoyens de la commune ont refusé le texte à 77,5 pour cent.","https://thumb.wikimedia.org/wikipedia/commons/thumb/3/33/CHE_Tr%C3%A9lex_COA.svg/500px-CHE_Tr%C3%A9lex_COA.svg.png"
5731,25.4,25.4,74.6,"Le Vaud (VD)","Les habitants de Le Vaud s'opposent à l'initiative sur la neutralité par 74,6 pour cent des voix.","https://thumb.wikimedia.org/wikipedia/commons/thumb/1/15/CHE_Le_Vaud_COA.svg/500px-CHE_Le_Vaud_COA.svg.png"
5732,27,27,73,"Vich (VD)","L'initiative sur la neutralité est refusée à 73 pour cent à Vich.","https://thumb.wikimedia.org/wikipedia/commons/thumb/2/29/CHE_Vich_COA.svg/500px-CHE_Vich_COA.svg.png"
5741,36.3,36.3,63.7,"L'Abergement (VD)","L'initiative sur la neutralité n'a pas convaincu à L'Abergement. Les citoyens de la commune ont refusé le texte à 63,7 pour cent.","https://thumb.wikimedia.org/wikipedia/commons/thumb/2/20/CHE_L-Abergement_COA.svg/500px-CHE_L-Abergement_COA.svg.png"
5742,25.6,25.6,74.4,"Agiez (VD)","La population d'Agiez rejette à 74,4 pour cent des voix l'initiative sur la neutralité.","https://thumb.wikimedia.org/wikipedia/commons/thumb/b/ba/CHE_Agiez_COA.svg/500px-CHE_Agiez_COA.svg.png"
5743,28.7,28.7,71.3,"Arnex-sur-Orbe (VD)","A Arnex-sur-Orbe, les citoyens rejettent à 71,3 pour cent l'initiative sur la neutralité.","https://thumb.wikimedia.org/wikipedia/commons/thumb/d/d3/CHE_Arnex-sur-Orbe_COA.svg/500px-CHE_Arnex-sur-Orbe_COA.svg.png"
5744,35.9,35.9,64.1,"Ballaigues (VD)","Les habitants de Ballaigues s'opposent à l'initiative sur la neutralité par 64,1 pour cent des voix.","https://thumb.wikimedia.org/wikipedia/commons/thumb/4/4d/CHE_Ballaigues_COA.svg/500px-CHE_Ballaigues_COA.svg.png"
5745,36.1,36.1,63.9,"Baulmes (VD)","C'est non à l'initiative sur la neutralité à Baulmes. Les habitants ont refusé le texte à 63,9 pour cent.","https://thumb.wikimedia.org/wikipedia/commons/thumb/a/a7/CHE_Baulmes_COA.svg/500px-CHE_Baulmes_COA.svg.png"
5746,30.2,30.2,69.8,"Bavois (VD)","Les habitants de Bavois s'opposent à l'initiative sur la neutralité par 69,8 pour cent des voix.","https://thumb.wikimedia.org/wikipedia/commons/thumb/7/73/CHE_Bavois_COA.svg/500px-CHE_Bavois_COA.svg.png"
5747,30.4,30.4,69.6,"Bofflens (VD)","Les habitants de la petite commune de Bofflens ont refusé l'initiative sur la neutralité. Ils ont dit non à cet objet par 64 voix contre 28.","https://thumb.wikimedia.org/wikipedia/commons/thumb/3/3b/CHE_Bofflens_COA.svg/500px-CHE_Bofflens_COA.svg.png"
5748,40.4,40.4,59.6,"Bretonnières (VD)","La population de Bretonnières rejette à 59,6 pour cent des voix l'initiative sur la neutralité.","https://thumb.wikimedia.org/wikipedia/commons/thumb/2/2b/CHE_Bretonni%C3%A8res_COA.svg/500px-CHE_Bretonni%C3%A8res_COA.svg.png"
5749,29.8,29.8,70.2,"Chavornay (VD)","L'initiative sur la neutralité n'a pas convaincu à Chavornay. Les citoyens de la commune ont refusé le texte à 70,2 pour cent.","https://thumb.wikimedia.org/wikipedia/commons/thumb/f/f4/CHE_Chavornay_COA.svg/500px-CHE_Chavornay_COA.svg.png"
5750,26.4,26.4,73.6,"Les Clées (VD)","Les habitants de la petite commune des Clées ont refusé l'initiative sur la neutralité. Ils ont dit non à cet objet par 53 voix contre 19.","https://thumb.wikimedia.org/wikipedia/commons/thumb/9/99/CHE_Les_Cl%C3%A9es_COA.svg/500px-CHE_Les_Cl%C3%A9es_COA.svg.png"
5752,30.8,30.8,69.2,"Croy (VD)","A Croy, les citoyens rejettent à 69,2 pour cent l'initiative sur la neutralité.","https://thumb.wikimedia.org/wikipedia/commons/thumb/7/74/CHE_Croy_COA.svg/500px-CHE_Croy_COA.svg.png"
5754,34.6,34.6,65.4,"Juriens (VD)","A Juriens, les citoyens rejettent à 65,4 pour cent l'initiative sur la neutralité.","https://thumb.wikimedia.org/wikipedia/commons/thumb/1/1d/CHE_Juriens_COA.svg/500px-CHE_Juriens_COA.svg.png"
5755,31,31,69,"Lignerolle (VD)","La population de Lignerolle rejette à 69 pour cent des voix l'initiative sur la neutralité.","https://thumb.wikimedia.org/wikipedia/commons/thumb/7/78/CHE_Lignerolle_COA.svg/500px-CHE_Lignerolle_COA.svg.png"
5756,24.7,24.7,75.3,"Montcherand (VD)","L'initiative sur la neutralité n'a pas trouvé grâce aux yeux des citoyens de Montcherand. Ils ont refusé le texte à 75,3 pour cent.","https://thumb.wikimedia.org/wikipedia/commons/thumb/d/db/CHE_Montcherand_COA.svg/500px-CHE_Montcherand_COA.svg.png"
5757,30.5,30.5,69.5,"Orbe (VD)","C'est non à l'initiative sur la neutralité à Orbe. Les habitants ont refusé le texte à 69,5 pour cent.","https://thumb.wikimedia.org/wikipedia/commons/thumb/6/65/CHE_Orbe_COA.svg/500px-CHE_Orbe_COA.svg.png"
5758,40.9,40.9,59.1,"La Praz (VD)","L'initiative sur la neutralité ne passe pas la rampe à La Praz. Les habitants de cette petite commune l'ont rejetée par 55 voix, contre 38.","https://thumb.wikimedia.org/wikipedia/commons/thumb/9/97/CHE_La_Praz_COA.svg/500px-CHE_La_Praz_COA.svg.png"
5759,42.4,42.4,57.6,"Premier (VD)","Les habitants de Premier s'opposent à l'initiative sur la neutralité par 57,6 pour cent des voix.","https://thumb.wikimedia.org/wikipedia/commons/thumb/4/47/CHE_Premier_COA.svg/500px-CHE_Premier_COA.svg.png"
5760,31.7,31.7,68.3,"Rances (VD)","Les habitants de Rances s'opposent à l'initiative sur la neutralité par 68,3 pour cent des voix.","https://thumb.wikimedia.org/wikipedia/commons/thumb/6/69/CHE_Rances_COA.svg/500px-CHE_Rances_COA.svg.png"
5761,28.6,28.6,71.4,"Romainmôtier-Envy (VD)","L'initiative sur la neutralité n'a pas trouvé grâce aux yeux des citoyens de Romainmôtier-Envy. Ils ont refusé le texte à 71,4 pour cent.","https://thumb.wikimedia.org/wikipedia/commons/thumb/6/62/CHE_Romainmotier-Envy_COA.svg/500px-CHE_Romainmotier-Envy_COA.svg.png"
5762,43.8,43.8,56.2,"Sergey (VD)","Les habitants de la petite commune de Sergey ont refusé l'initiative sur la neutralité. Ils ont dit non à cet objet par 36 voix contre 28.","https://thumb.wikimedia.org/wikipedia/commons/thumb/6/62/CHE_Sergey_COA.svg/500px-CHE_Sergey_COA.svg.png"
5763,24.9,24.9,75.1,"Valeyres-sous-Rances (VD)","L'initiative sur la neutralité n'a pas convaincu à Valeyres-sous-Rances. Les citoyens de la commune ont refusé le texte à 75,1 pour cent.","https://thumb.wikimedia.org/wikipedia/commons/thumb/f/ff/CHE_Valeyres-sous-Rances_COA.svg/500px-CHE_Valeyres-sous-Rances_COA.svg.png"
5764,36.3,36.3,63.7,"Vallorbe (VD)","L'initiative sur la neutralité n'a pas trouvé grâce aux yeux des citoyens de Vallorbe. Ils ont refusé le texte à 63,7 pour cent.","https://thumb.wikimedia.org/wikipedia/commons/thumb/d/d8/CHE_Vallorbe_COA.svg/500px-CHE_Vallorbe_COA.svg.png"
5765,38.1,38.1,61.9,"Vaulion (VD)","L'initiative sur la neutralité n'a pas trouvé grâce aux yeux des citoyens de Vaulion. Ils ont refusé le texte à 61,9 pour cent.","https://thumb.wikimedia.org/wikipedia/commons/thumb/0/0c/CHE_Vaulion_COA.svg/500px-CHE_Vaulion_COA.svg.png"
5766,30.2,30.2,69.8,"Vuiteboeuf (VD)","C'est non à l'initiative sur la neutralité à Vuiteboeuf. Les habitants ont refusé le texte à 69,8 pour cent.","https://thumb.wikimedia.org/wikipedia/commons/thumb/a/a5/CHE_Vuiteboeuf_COA.svg/500px-CHE_Vuiteboeuf_COA.svg.png"
5785,30.7,30.7,69.3,"Corcelles-le-Jorat (VD)","Les habitants de Corcelles-le-Jorat s'opposent à l'initiative sur la neutralité par 69,3 pour cent des voix.","https://thumb.wikimedia.org/wikipedia/commons/thumb/2/24/CHE_Corcelles-le-Jorat_COA.svg/500px-CHE_Corcelles-le-Jorat_COA.svg.png"
5790,36.6,36.6,63.4,"Maracon (VD)","C'est non à l'initiative sur la neutralité à Maracon. Les habitants ont refusé le texte à 63,4 pour cent.","https://thumb.wikimedia.org/wikipedia/commons/thumb/1/10/CHE_Maracon_COA.svg/500px-CHE_Maracon_COA.svg.png"
5792,31.1,31.1,68.9,"Montpreveyres (VD)","L'initiative sur la neutralité est refusée à 68,9 pour cent à Montpreveyres.","https://thumb.wikimedia.org/wikipedia/commons/thumb/f/fd/CHE_Montpreveyres_COA.svg/500px-CHE_Montpreveyres_COA.svg.png"
5798,29.4,29.4,70.6,"Ropraz (VD)","L'initiative sur la neutralité est refusée à 70,6 pour cent à Ropraz.","https://thumb.wikimedia.org/wikipedia/commons/thumb/8/8d/CHE_Ropraz_COA.svg/500px-CHE_Ropraz_COA.svg.png"
5799,25.9,25.9,74.1,"Servion (VD)","Les habitants de Servion s'opposent à l'initiative sur la neutralité par 74,1 pour cent des voix.","https://thumb.wikimedia.org/wikipedia/commons/thumb/d/d0/CHE_Servion_COA.svg/500px-CHE_Servion_COA.svg.png"
5803,28.6,28.6,71.4,"Vulliens (VD)","La population de Vulliens rejette à 71,4 pour cent des voix l'initiative sur la neutralité.","https://thumb.wikimedia.org/wikipedia/commons/thumb/f/f1/CHE_Vulliens_COA.svg/500px-CHE_Vulliens_COA.svg.png"
5804,27.8,27.8,72.2,"Jorat-Menthue (VD)","C'est non à l'initiative sur la neutralité à Jorat-Menthue. Les habitants ont refusé le texte à 72,2 pour cent.","https://thumb.wikimedia.org/wikipedia/commons/thumb/e/e0/CHE_Jorat-Menthue_COA.svg/500px-CHE_Jorat-Menthue_COA.svg.png"
5805,29.7,29.7,70.3,"Oron (VD)","Les habitants d'Oron s'opposent à l'initiative sur la neutralité par 70,3 pour cent des voix.","https://thumb.wikimedia.org/wikipedia/commons/thumb/9/91/CHE_Oron_COA.svg/500px-CHE_Oron_COA.svg.png"
5806,26.5,26.5,73.5,"Jorat-Mézières (VD)","L'initiative sur la neutralité n'a pas convaincu à Jorat-Mézières. Les citoyens de la commune ont refusé le texte à 73,5 pour cent.","https://thumb.wikimedia.org/wikipedia/commons/thumb/8/8a/CHE_Jorat-M%C3%A9zi%C3%A8res_COA.svg/500px-CHE_Jorat-M%C3%A9zi%C3%A8res_COA.svg.png"
5812,50,50,50,"Champtauroz (VD)","Egalité parfaite à Champtauroz! Les électeurs de cette commune sont 37 à approuver l'initiative sur la neutralité et 37 à la refuser.","https://thumb.wikimedia.org/wikipedia/commons/thumb/b/bf/CHE_Champtauroz_COA.svg/500px-CHE_Champtauroz_COA.svg.png"
5813,37.1,37.1,62.9,"Chevroux (VD)","L'initiative sur la neutralité n'a pas convaincu à Chevroux. Les citoyens de la commune ont refusé le texte à 62,9 pour cent.","https://thumb.wikimedia.org/wikipedia/commons/thumb/0/0d/CHE_Chevroux_COA.svg/500px-CHE_Chevroux_COA.svg.png"
5816,32.8,32.8,67.2,"Corcelles-près-Payerne (VD)","L'initiative sur la neutralité n'a pas convaincu à Corcelles-près-Payerne. Les citoyens de la commune ont refusé le texte à 67,2 pour cent.","https://thumb.wikimedia.org/wikipedia/commons/thumb/4/40/CHE_Corcelles-pr%C3%A8s-Payerne_COA.svg/500px-CHE_Corcelles-pr%C3%A8s-Payerne_COA.svg.png"
5817,34.8,34.8,65.2,"Grandcour (VD)","L'initiative sur la neutralité n'a pas trouvé grâce aux yeux des citoyens de Grandcour. Ils ont refusé le texte à 65,2 pour cent.","https://thumb.wikimedia.org/wikipedia/commons/thumb/f/f8/CHE_Grandcour_COA.svg/500px-CHE_Grandcour_COA.svg.png"
5819,40.6,40.6,59.4,"Henniez (VD)","La population d'Henniez rejette à 59,4 pour cent des voix l'initiative sur la neutralité.","https://thumb.wikimedia.org/wikipedia/commons/thumb/7/7b/CHE_Henniez_COA.svg/500px-CHE_Henniez_COA.svg.png"
5821,28.7,28.7,71.3,"Missy (VD)","C'est non à l'initiative sur la neutralité à Missy. Les habitants ont refusé le texte à 71,3 pour cent.","https://thumb.wikimedia.org/wikipedia/commons/thumb/e/ef/CHE_Missy_COA.svg/500px-CHE_Missy_COA.svg.png"
5822,30.1,30.1,69.9,"Payerne (VD)","L'initiative sur la neutralité est refusée à 69,9 pour cent à Payerne.","https://thumb.wikimedia.org/wikipedia/commons/thumb/1/1b/CHE_Payerne_VD_COA.svg/500px-CHE_Payerne_VD_COA.svg.png"
5827,38.2,38.2,61.8,"Trey (VD)","A Trey, les citoyens rejettent à 61,8 pour cent l'initiative sur la neutralité.","https://thumb.wikimedia.org/wikipedia/commons/thumb/d/df/CHE_Trey_COA.svg/500px-CHE_Trey_COA.svg.png"
5828,46.3,46.3,53.7,"Treytorrens (Payerne) (VD)","Les habitants de la petite commune de Treytorrens (Payerne) ont refusé l'initiative sur la neutralité. Ils ont dit non à cet objet par 29 voix contre 25.","https://thumb.wikimedia.org/wikipedia/commons/thumb/9/97/CHE_Treytorrens_COA.svg/500px-CHE_Treytorrens_COA.svg.png"
5830,28.4,28.4,71.6,"Villarzel (VD)","L'initiative sur la neutralité est refusée à 71,6 pour cent à Villarzel.","https://thumb.wikimedia.org/wikipedia/commons/thumb/7/7b/CHE_Villarzel_COA.svg/500px-CHE_Villarzel_COA.svg.png"
5831,36.3,36.3,63.7,"Valbroye (VD)","Les habitants de Valbroye s'opposent à l'initiative sur la neutralité par 63,7 pour cent des voix.","https://thumb.wikimedia.org/wikipedia/commons/thumb/1/11/CHE_Valbroye_COA.svg/500px-CHE_Valbroye_COA.svg.png"
5841,33.2,33.2,66.8,"Château-d'Oex (VD)","L'initiative sur la neutralité est refusée à 66,8 pour cent à Château-d'Oex.","https://thumb.wikimedia.org/wikipedia/commons/thumb/b/b4/CHE_Ch%C3%A2teau_d%E2%80%99Oex_COA.svg/500px-CHE_Ch%C3%A2teau_d%E2%80%99Oex_COA.svg.png"
5842,25.9,25.9,74.1,"Rossinière (VD)","Les habitants de Rossinière s'opposent à l'initiative sur la neutralité par 74,1 pour cent des voix.","https://thumb.wikimedia.org/wikipedia/commons/thumb/a/a9/CHE_Rossini%C3%A8re_COA.svg/500px-CHE_Rossini%C3%A8re_COA.svg.png"
5843,40.7,40.7,59.3,"Rougemont (VD)","A Rougemont, les citoyens rejettent à 59,3 pour cent l'initiative sur la neutralité.","https://thumb.wikimedia.org/wikipedia/commons/thumb/0/0c/CHE_Rougemont_COA.svg/500px-CHE_Rougemont_COA.svg.png"
5851,24.8,24.8,75.2,"Allaman (VD)","L'initiative sur la neutralité n'a pas convaincu à Allaman. Les citoyens de la commune ont refusé le texte à 75,2 pour cent.","https://thumb.wikimedia.org/wikipedia/commons/thumb/e/e1/CHE_Allaman_COA.svg/500px-CHE_Allaman_COA.svg.png"
5852,29.4,29.4,70.6,"Bursinel (VD)","La population de Bursinel rejette à 70,6 pour cent des voix l'initiative sur la neutralité.","https://thumb.wikimedia.org/wikipedia/commons/thumb/6/6b/CHE_Bursinel_COA.svg/500px-CHE_Bursinel_COA.svg.png"
5853,25.3,25.3,74.7,"Bursins (VD)","L'initiative sur la neutralité n'a pas convaincu à Bursins. Les citoyens de la commune ont refusé le texte à 74,7 pour cent.","https://thumb.wikimedia.org/wikipedia/commons/thumb/f/fa/CHE_Bursins_COA.svg/500px-CHE_Bursins_COA.svg.png"
5854,35.8,35.8,64.2,"Burtigny (VD)","C'est non à l'initiative sur la neutralité à Burtigny. Les habitants ont refusé le texte à 64,2 pour cent.","https://thumb.wikimedia.org/wikipedia/commons/thumb/7/73/CHE_Burtigny_COA.svg/500px-CHE_Burtigny_COA.svg.png"
5855,29.6,29.6,70.4,"Dully (VD)","A Dully, les citoyens rejettent à 70,4 pour cent l'initiative sur la neutralité.","https://thumb.wikimedia.org/wikipedia/commons/thumb/d/dd/CHE_Dully_COA.svg/500px-CHE_Dully_COA.svg.png"
5856,23.8,23.8,76.2,"Essertines-sur-Rolle (VD)","L'initiative sur la neutralité n'a pas trouvé grâce aux yeux des citoyens d'Essertines-sur-Rolle. Ils ont refusé le texte à 76,2 pour cent.","https://thumb.wikimedia.org/wikipedia/commons/thumb/b/b0/CHE_Essertines-sur-Rolle_COA.svg/500px-CHE_Essertines-sur-Rolle_COA.svg.png"
5857,26.7,26.7,73.3,"Gilly (VD)","Les habitants de Gilly s'opposent à l'initiative sur la neutralité par 73,3 pour cent des voix.","https://thumb.wikimedia.org/wikipedia/commons/thumb/2/25/CHE_Gilly_COA.svg/500px-CHE_Gilly_COA.svg.png"
5858,30.5,30.5,69.5,"Luins (VD)","A Luins, les citoyens rejettent à 69,5 pour cent l'initiative sur la neutralité.","https://thumb.wikimedia.org/wikipedia/commons/thumb/5/54/CHE_Luins_COA.svg/500px-CHE_Luins_COA.svg.png"
5859,28.9,28.9,71.1,"Mont-sur-Rolle (VD)","L'initiative sur la neutralité est refusée à 71,1 pour cent à Mont-sur-Rolle.","https://thumb.wikimedia.org/wikipedia/commons/thumb/c/cd/CHE_Mont-sur-Rolle_COA.svg/500px-CHE_Mont-sur-Rolle_COA.svg.png"
5860,31.5,31.5,68.5,"Perroy (VD)","L'initiative sur la neutralité n'a pas convaincu à Perroy. Les citoyens de la commune ont refusé le texte à 68,5 pour cent.","https://thumb.wikimedia.org/wikipedia/commons/thumb/f/f2/CHE_Perroy_COA.svg/500px-CHE_Perroy_COA.svg.png"
5861,24.7,24.7,75.3,"Rolle (VD)","C'est non à l'initiative sur la neutralité à Rolle. Les habitants ont refusé le texte à 75,3 pour cent.","https://thumb.wikimedia.org/wikipedia/commons/thumb/b/be/CHE_Rolle_COA.svg/500px-CHE_Rolle_COA.svg.png"
5862,36,36,64,"Tartegnin (VD)","L'initiative sur la neutralité ne passe pas la rampe à Tartegnin. Les habitants de cette petite commune l'ont rejetée par 48 voix, contre 27.","https://thumb.wikimedia.org/wikipedia/commons/thumb/4/40/CHE_Tartegnin_COA.svg/500px-CHE_Tartegnin_COA.svg.png"
5863,25.5,25.5,74.5,"Vinzel (VD)","L'initiative sur la neutralité est refusée à 74,5 pour cent à Vinzel.","https://thumb.wikimedia.org/wikipedia/commons/thumb/2/28/CHE_Vinzel_COA.svg/500px-CHE_Vinzel_COA.svg.png"
5871,29.6,29.6,70.4,"L'Abbaye (VD)","L'initiative sur la neutralité est refusée à 70,4 pour cent à L'Abbaye.","https://thumb.wikimedia.org/wikipedia/commons/thumb/3/34/CHE_L%E2%80%99Abbaye_COA.svg/500px-CHE_L%E2%80%99Abbaye_COA.svg.png"
5872,32.3,32.3,67.7,"Le Chenit (VD)","L'initiative sur la neutralité n'a pas trouvé grâce aux yeux des citoyens du Chenit. Ils ont refusé le texte à 67,7 pour cent.","https://thumb.wikimedia.org/wikipedia/commons/thumb/3/33/CHE_Le_Chenit_COA.svg/500px-CHE_Le_Chenit_COA.svg.png"
5873,32,32,68,"Le Lieu (VD)","L'initiative sur la neutralité n'a pas trouvé grâce aux yeux des citoyens du Lieu. Ils ont refusé le texte à 68 pour cent.","https://thumb.wikimedia.org/wikipedia/commons/thumb/3/38/CHE_Le_Lieu_COA.svg/500px-CHE_Le_Lieu_COA.svg.png"
5882,25.7,25.7,74.3,"Chardonne (VD)","L'initiative sur la neutralité est refusée à 74,3 pour cent à Chardonne.","https://thumb.wikimedia.org/wikipedia/commons/thumb/1/1b/CHE_Chardonne_COA.svg/500px-CHE_Chardonne_COA.svg.png"
5883,22,22,78,"Corseaux (VD)","Les habitants de Corseaux s'opposent à l'initiative sur la neutralité par 78 pour cent des voix.","https://thumb.wikimedia.org/wikipedia/commons/thumb/e/e9/CHE_Corseaux_COA.svg/500px-CHE_Corseaux_COA.svg.png"
5884,30.6,30.6,69.4,"Corsier-sur-Vevey (VD)","Les habitants de Corsier-sur-Vevey s'opposent à l'initiative sur la neutralité par 69,4 pour cent des voix.","https://thumb.wikimedia.org/wikipedia/commons/thumb/2/23/CHE_Corsier-sur-Vevey_COA.svg/500px-CHE_Corsier-sur-Vevey_COA.svg.png"
5885,23,23,77,"Jongny (VD)","A Jongny, les citoyens rejettent à 77 pour cent l'initiative sur la neutralité.","https://thumb.wikimedia.org/wikipedia/commons/thumb/a/a8/CHE_Jongny_COA.svg/500px-CHE_Jongny_COA.svg.png"
5886,30.4,30.4,69.6,"Montreux (VD)","L'initiative sur la neutralité n'a pas trouvé grâce aux yeux des citoyens de Montreux. Ils ont refusé le texte à 69,6 pour cent.","https://thumb.wikimedia.org/wikipedia/commons/thumb/7/77/CHE_Montreux_COA.svg/500px-CHE_Montreux_COA.svg.png"
5889,23.4,23.4,76.6,"La Tour-de-Peilz (VD)","L'initiative sur la neutralité est refusée à 76,6 pour cent à La Tour-de-Peilz.","https://thumb.wikimedia.org/wikipedia/commons/thumb/0/05/CHE_La_Tour-de-Peilz_COA.svg/500px-CHE_La_Tour-de-Peilz_COA.svg.png"
5890,21.7,21.7,78.3,"Vevey (VD)","Les habitants de Vevey s'opposent à l'initiative sur la neutralité par 78,3 pour cent des voix.","https://thumb.wikimedia.org/wikipedia/commons/thumb/5/59/CHE_Vevey_COA.svg/500px-CHE_Vevey_COA.svg.png"
5891,32.6,32.6,67.4,"Veytaux (VD)","La population de Veytaux rejette à 67,4 pour cent des voix l'initiative sur la neutralité.","https://thumb.wikimedia.org/wikipedia/commons/thumb/6/62/CHE_Veytaux_COA.svg/500px-CHE_Veytaux_COA.svg.png"
5892,22.6,22.6,77.4,"Blonay-Saint-Légier (VD)","Les habitants de Blonay-Saint-Légier s'opposent à l'initiative sur la neutralité par 77,4 pour cent des voix.","https://thumb.wikimedia.org/wikipedia/commons/thumb/b/b4/CHE_Blonay-Saint-L%C3%A9gier_COA.svg/500px-CHE_Blonay-Saint-L%C3%A9gier_COA.svg.png"
5902,41.7,41.7,58.3,"Belmont-sur-Yverdon (VD)","Les habitants de Belmont-sur-Yverdon s'opposent à l'initiative sur la neutralité par 58,3 pour cent des voix.","https://thumb.wikimedia.org/wikipedia/commons/thumb/8/88/CHE_Belmont-sur-Yverdon_COA.svg/500px-CHE_Belmont-sur-Yverdon_COA.svg.png"
5903,39.5,39.5,60.5,"Bioley-Magnoux (VD)","A Bioley-Magnoux, les citoyens rejettent à 60,5 pour cent l'initiative sur la neutralité.","https://thumb.wikimedia.org/wikipedia/commons/thumb/e/e8/CHE_Bioley-Magnoux_COA.svg/500px-CHE_Bioley-Magnoux_COA.svg.png"
5904,25.2,25.2,74.8,"Chamblon (VD)","La population de Chamblon rejette à 74,8 pour cent des voix l'initiative sur la neutralité.","https://thumb.wikimedia.org/wikipedia/commons/thumb/5/54/CHE_Chamblon_COA.svg/500px-CHE_Chamblon_COA.svg.png"
5905,28,28,72,"Champvent (VD)","C'est non à l'initiative sur la neutralité à Champvent. Les habitants ont refusé le texte à 72 pour cent.","https://thumb.wikimedia.org/wikipedia/commons/thumb/c/ca/CHE_Champvent_COA.svg/500px-CHE_Champvent_COA.svg.png"
5907,35.5,35.5,64.5,"Chavannes-le-Chêne (VD)","L'initiative sur la neutralité est refusée à 64,5 pour cent à Chavannes-le-Chêne.","https://thumb.wikimedia.org/wikipedia/commons/thumb/5/53/CHE_Chavannes-le-Ch%C3%AAne_COA.svg/500px-CHE_Chavannes-le-Ch%C3%AAne_COA.svg.png"
5908,27.7,27.7,72.3,"Chêne-Pâquier (VD)","Les habitants de la petite commune de Chêne-Pâquier ont refusé l'initiative sur la neutralité. Ils ont dit non à cet objet par 47 voix contre 18.","https://thumb.wikimedia.org/wikipedia/commons/thumb/e/e3/CHE_Ch%C3%AAne-P%C3%A2quier_COA.svg/500px-CHE_Ch%C3%AAne-P%C3%A2quier_COA.svg.png"
5909,21.3,21.3,78.7,"Cheseaux-Noréaz (VD)","Les habitants de Cheseaux-Noréaz s'opposent à l'initiative sur la neutralité par 78,7 pour cent des voix.","https://thumb.wikimedia.org/wikipedia/commons/thumb/5/54/CHE_Cheseaux-Nor%C3%A9az_COA.svg/500px-CHE_Cheseaux-Nor%C3%A9az_COA.svg.png"
5910,28.9,28.9,71.1,"Cronay (VD)","A Cronay, les citoyens rejettent à 71,1 pour cent l'initiative sur la neutralité.","https://thumb.wikimedia.org/wikipedia/commons/thumb/c/ce/CHE_Cronay_COA.svg/500px-CHE_Cronay_COA.svg.png"
5911,42.2,42.2,57.8,"Cuarny (VD)","Les habitants de Cuarny s'opposent à l'initiative sur la neutralité par 57,8 pour cent des voix.","https://thumb.wikimedia.org/wikipedia/commons/thumb/0/05/CHE_Cuarny_COA.svg/500px-CHE_Cuarny_COA.svg.png"
5912,32.5,32.5,67.5,"Démoret (VD)","Les habitants de la petite commune de Démoret ont refusé l'initiative sur la neutralité. Ils ont dit non à cet objet par 52 voix contre 25.","https://thumb.wikimedia.org/wikipedia/commons/thumb/e/e6/CHE_D%C3%A9moret_COA.svg/500px-CHE_D%C3%A9moret_COA.svg.png"
5913,28.2,28.2,71.8,"Donneloye (VD)","L'initiative sur la neutralité n'a pas trouvé grâce aux yeux des citoyens de Donneloye. Ils ont refusé le texte à 71,8 pour cent.","https://thumb.wikimedia.org/wikipedia/commons/thumb/2/2c/CHE_Donneloye_COA.svg/500px-CHE_Donneloye_COA.svg.png"
5914,31.7,31.7,68.3,"Ependes (VD)","L'initiative sur la neutralité n'a pas trouvé grâce aux yeux des citoyens d'Ependes (VD). Ils ont refusé le texte à 68,3 pour cent.","https://thumb.wikimedia.org/wikipedia/commons/thumb/7/7d/CHE_Ependes_COA.svg/500px-CHE_Ependes_COA.svg.png"
5919,30.9,30.9,69.1,"Mathod (VD)","L'initiative sur la neutralité n'a pas trouvé grâce aux yeux des citoyens de Mathod. Ils ont refusé le texte à 69,1 pour cent.","https://thumb.wikimedia.org/wikipedia/commons/thumb/8/8d/CHE_Mathod_COA.svg/500px-CHE_Mathod_COA.svg.png"
5921,40.2,40.2,59.8,"Molondin (VD)","A Molondin, les citoyens rejettent à 59,8 pour cent l'initiative sur la neutralité.","https://thumb.wikimedia.org/wikipedia/commons/thumb/e/e7/CHE_Molondin_COA.svg/500px-CHE_Molondin_COA.svg.png"
5922,26.9,26.9,73.1,"Montagny-près-Yverdon (VD)","Les habitants de Montagny-près-Yverdon s'opposent à l'initiative sur la neutralité par 73,1 pour cent des voix.","https://thumb.wikimedia.org/wikipedia/commons/thumb/6/63/CHE_Montagny-pr%C3%A8s-Yverdon_COA.svg/500px-CHE_Montagny-pr%C3%A8s-Yverdon_COA.svg.png"
5923,38.2,38.2,61.8,"Oppens (VD)","L'initiative sur la neutralité ne passe pas la rampe à Oppens. Les habitants de cette petite commune l'ont rejetée par 47 voix, contre 29.","https://thumb.wikimedia.org/wikipedia/commons/thumb/9/9a/CHE_Oppens_COA.svg/500px-CHE_Oppens_COA.svg.png"
5924,29.3,29.3,70.7,"Orges (VD)","L'initiative sur la neutralité n'a pas trouvé grâce aux yeux des citoyens d'Orges. Ils ont refusé le texte à 70,7 pour cent.","https://thumb.wikimedia.org/wikipedia/commons/thumb/7/75/CHE_Orges_COA.svg/500px-CHE_Orges_COA.svg.png"
5925,41.6,41.6,58.4,"Orzens (VD)","A Orzens, les citoyens rejettent à 58,4 pour cent l'initiative sur la neutralité.","https://thumb.wikimedia.org/wikipedia/commons/thumb/a/a2/CHE_Orzens_COA.svg/500px-CHE_Orzens_COA.svg.png"
5926,32.7,32.7,67.3,"Pomy (VD)","L'initiative sur la neutralité n'a pas trouvé grâce aux yeux des citoyens de Pomy. Ils ont refusé le texte à 67,3 pour cent.","https://thumb.wikimedia.org/wikipedia/commons/thumb/7/79/CHE_Pomy_COA.svg/500px-CHE_Pomy_COA.svg.png"
5928,53,53,47,"Rovray (VD)","Les habitants de Rovray acceptent à 53 pour cent l'initiative sur la neutralité.","https://thumb.wikimedia.org/wikipedia/commons/thumb/3/30/CHE_Rovray_COA.svg/500px-CHE_Rovray_COA.svg.png"
5929,32,32,68,"Suchy (VD)","La population de Suchy rejette à 68 pour cent des voix l'initiative sur la neutralité.","https://thumb.wikimedia.org/wikipedia/commons/thumb/e/ea/CHE_Suchy_COA.svg/500px-CHE_Suchy_COA.svg.png"
5930,23.9,23.9,76.1,"Suscévaz (VD)","Les habitants de Suscévaz s'opposent à l'initiative sur la neutralité par 76,1 pour cent des voix.","https://thumb.wikimedia.org/wikipedia/commons/thumb/0/0e/CHE_Susc%C3%A9vaz_COA.svg/500px-CHE_Susc%C3%A9vaz_COA.svg.png"
5931,38.7,38.7,61.3,"Treycovagnes (VD)","Les habitants de Treycovagnes s'opposent à l'initiative sur la neutralité par 61,3 pour cent des voix.","https://thumb.wikimedia.org/wikipedia/commons/thumb/7/72/CHE_Treycovagnes_COA.svg/500px-CHE_Treycovagnes_COA.svg.png"
5932,17.3,17.3,82.7,"Ursins (VD)","Les habitants de la petite commune d'Ursins ont refusé l'initiative sur la neutralité. Ils ont dit non à cet objet par 81 voix contre 17.","https://thumb.wikimedia.org/wikipedia/commons/thumb/5/50/CHE_Ursins_COA.svg/500px-CHE_Ursins_COA.svg.png"
5933,28.2,28.2,71.8,"Valeyres-sous-Montagny (VD)","L'initiative sur la neutralité n'a pas trouvé grâce aux yeux des citoyens de Valeyres-sous-Montagny. Ils ont refusé le texte à 71,8 pour cent.","https://thumb.wikimedia.org/wikipedia/commons/thumb/0/00/CHE_Valeyres-sous-Montagny_COA.svg/500px-CHE_Valeyres-sous-Montagny_COA.svg.png"
5934,35.1,35.1,64.9,"Valeyres-sous-Ursins (VD)","La population de Valeyres-sous-Ursins rejette à 64,9 pour cent des voix l'initiative sur la neutralité.","https://thumb.wikimedia.org/wikipedia/commons/thumb/6/62/CHE_Valeyres-sous-Ursins_COA.svg/500px-CHE_Valeyres-sous-Ursins_COA.svg.png"
5935,42.6,42.6,57.4,"Villars-Epeney (VD)","Les habitants de la petite commune de Villars-Epeney ont refusé l'initiative sur la neutralité. Ils ont dit non à cet objet par 27 voix contre 20.","https://thumb.wikimedia.org/wikipedia/commons/thumb/e/e5/CHE_Villars-Epeney_COA.svg/500px-CHE_Villars-Epeney_COA.svg.png"
5937,50.9,50.9,49.1,"Vugelles-La Mothe (VD)","Les électeurs de la petite commune de Vugelles-La Mothe soutiennent l'initiative sur la neutralité. Ils ont dit oui au texte par 27 voix, contre 26.","https://thumb.wikimedia.org/wikipedia/commons/thumb/3/38/CHE_Vugelles-La_Mothe_COA.svg/500px-CHE_Vugelles-La_Mothe_COA.svg.png"
5938,28.6,28.6,71.4,"Yverdon-les-Bains (VD)","L'initiative sur la neutralité n'a pas trouvé grâce aux yeux des citoyens d'Yverdon-les-Bains. Ils ont refusé le texte à 71,4 pour cent.","https://thumb.wikimedia.org/wikipedia/commons/thumb/9/9c/CHE_Yverdon-les-Bains_VD_COA.svg/500px-CHE_Yverdon-les-Bains_VD_COA.svg.png"
5939,30.1,30.1,69.9,"Yvonand (VD)","C'est non à l'initiative sur la neutralité à Yvonand. Les habitants ont refusé le texte à 69,9 pour cent.","https://thumb.wikimedia.org/wikipedia/commons/thumb/5/55/CHE_Yvonand_COA.svg/500px-CHE_Yvonand_COA.svg.png"
6002,28.9,28.9,71.1,"Brigue-Glis (VS)","L'initiative sur la neutralité n'a pas convaincu à Brigue-Glis. Les citoyens de la commune ont refusé le texte à 71,1 pour cent. Brigue-Glis a dit non à l'initiative, tout comme le canton.","https://thumb.wikimedia.org/wikipedia/commons/thumb/e/ec/CHE_Brig-Glis_COA.svg/500px-CHE_Brig-Glis_COA.svg.png"
6004,36.4,36.4,63.6,"Eggerberg (VS)","Les habitants d'Eggerberg s'opposent à l'initiative sur la neutralité par 63,6 pour cent des voix. Eggerberg a dit non à l'initiative, tout comme le canton.","https://thumb.wikimedia.org/wikipedia/commons/thumb/0/08/CHE_Eggerberg_COA.svg/500px-CHE_Eggerberg_COA.svg.png"
6007,31,31,69,"Naters (VS)","Les habitants de Naters s'opposent à l'initiative sur la neutralité par 69 pour cent des voix. Naters a dit non à l'initiative, tout comme le canton.","https://thumb.wikimedia.org/wikipedia/commons/thumb/c/c8/CHE_Naters_COA.svg/500px-CHE_Naters_COA.svg.png"
6008,30,30,70,"Ried-Brig (VS)","L'initiative sur la neutralité n'a pas trouvé grâce aux yeux des citoyens de Ried-Brig. Ils ont refusé le texte à 70 pour cent. Ried-Brig a dit non à l'initiative, tout comme le canton.","https://thumb.wikimedia.org/wikipedia/commons/thumb/0/03/CHE_Ried-Brig_COA.svg/500px-CHE_Ried-Brig_COA.svg.png"
6009,21.3,21.3,78.7,"Simplon (VS)","A Simplon, les citoyens rejettent à 78,7 pour cent l'initiative sur la neutralité. Simplon a dit non à l'initiative, tout comme le canton.","https://thumb.wikimedia.org/wikipedia/commons/thumb/a/a7/CHE_Simplon_COA.svg/500px-CHE_Simplon_COA.svg.png"
6010,24.9,24.9,75.1,"Termen (VS)","L'initiative sur la neutralité est refusée à 75,1 pour cent à Termen. Termen a dit non à l'initiative, tout comme le canton.","https://thumb.wikimedia.org/wikipedia/commons/thumb/c/c4/CHE_Termen_COA.svg/500px-CHE_Termen_COA.svg.png"
6011,92,92,8,"Zwischbergen (VS)","Les électeurs de la petite commune de Zwischbergen soutiennent l'initiative sur la neutralité. Ils ont dit oui au texte par 23 voix, contre 2. Zwischbergen a dit oui à l'initiative, mais le canton a voté non.","https://thumb.wikimedia.org/wikipedia/commons/thumb/4/43/CHE_Zwischbergen_COA.svg/500px-CHE_Zwischbergen_COA.svg.png"
6021,34.2,34.2,65.8,"Ardon (VS)","L'initiative sur la neutralité est refusée à 65,8 pour cent à Ardon. Ardon a dit non à l'initiative, tout comme le canton.","https://thumb.wikimedia.org/wikipedia/commons/thumb/a/ad/CHE_Ardon_COA.svg/500px-CHE_Ardon_COA.svg.png"
6022,36.3,36.3,63.7,"Chamoson (VS)","L'initiative sur la neutralité n'a pas convaincu à Chamoson. Les citoyens de la commune ont refusé le texte à 63,7 pour cent. Chamoson a dit non à l'initiative, tout comme le canton.","https://thumb.wikimedia.org/wikipedia/commons/thumb/c/c4/CHE_Chamoson_COA.svg/500px-CHE_Chamoson_COA.svg.png"
6023,35.2,35.2,64.8,"Conthey (VS)","L'initiative sur la neutralité n'a pas trouvé grâce aux yeux des citoyens de Conthey. Ils ont refusé le texte à 64,8 pour cent. Conthey a dit non à l'initiative, tout comme le canton.","https://thumb.wikimedia.org/wikipedia/commons/thumb/3/31/CHE_Conthey_COA.svg/500px-CHE_Conthey_COA.svg.png"
6024,32.5,32.5,67.5,"Nendaz (VS)","A Nendaz, les citoyens rejettent à 67,5 pour cent l'initiative sur la neutralité. Nendaz a dit non à l'initiative, tout comme le canton.","https://thumb.wikimedia.org/wikipedia/commons/thumb/f/f1/CHE_Nendaz_COA.svg/500px-CHE_Nendaz_COA.svg.png"
6025,33.8,33.8,66.2,"Vétroz (VS)","L'initiative sur la neutralité n'a pas convaincu à Vétroz. Les citoyens de la commune ont refusé le texte à 66,2 pour cent. Vétroz a dit non à l'initiative, tout comme le canton.","https://thumb.wikimedia.org/wikipedia/commons/thumb/b/b4/CHE_V%C3%A9troz_COA.svg/500px-CHE_V%C3%A9troz_COA.svg.png"
6032,52,52,48,"Bourg-Saint-Pierre (VS)","L'initiative sur la neutralité est approuvée à Bourg-Saint-Pierre par 52 pour cent des votants. Bourg-Saint-Pierre a dit oui à l'initiative, mais le canton a voté non.","https://thumb.wikimedia.org/wikipedia/commons/thumb/2/23/CHE_Bourg-Saint-Pierre_COA.svg/500px-CHE_Bourg-Saint-Pierre_COA.svg.png"
6033,29.6,29.6,70.4,"Liddes (VS)","L'initiative sur la neutralité est refusée à 70,4 pour cent à Liddes. Liddes a dit non à l'initiative, tout comme le canton.","https://thumb.wikimedia.org/wikipedia/commons/thumb/c/c4/CHE_Liddes_COA.svg/500px-CHE_Liddes_COA.svg.png"
6034,33.3,33.3,66.7,"Orsières (VS)","L'initiative sur la neutralité n'a pas convaincu à Orsières. Les citoyens de la commune ont refusé le texte à 66,7 pour cent. Orsières a dit non à l'initiative, tout comme le canton.","https://thumb.wikimedia.org/wikipedia/commons/thumb/1/1b/CHE_Orsi%C3%A8res_COA.svg/500px-CHE_Orsi%C3%A8res_COA.svg.png"
6035,34.2,34.2,65.8,"Sembrancher (VS)","A Sembrancher, les citoyens rejettent à 65,8 pour cent l'initiative sur la neutralité. Sembrancher a dit non à l'initiative, tout comme le canton.","https://thumb.wikimedia.org/wikipedia/commons/thumb/a/a9/CHE_Sembrancher_COA.svg/500px-CHE_Sembrancher_COA.svg.png"
6037,27.1,27.1,72.9,"Val de Bagnes (VS)","L'initiative sur la neutralité n'a pas trouvé grâce aux yeux des citoyens de Val de Bagnes. Ils ont refusé le texte à 72,9 pour cent. Val de Bagnes a dit non à l'initiative, tout comme le canton.","https://thumb.wikimedia.org/wikipedia/commons/thumb/5/5d/CHE_Val_de_Bagnes_COA.svg/500px-CHE_Val_de_Bagnes_COA.svg.png"
6052,31.1,31.1,68.9,"Bellwald (VS)","L'initiative sur la neutralité n'a pas trouvé grâce aux yeux des citoyens de Bellwald. Ils ont refusé le texte à 68,9 pour cent. Bellwald a dit non à l'initiative, tout comme le canton.","https://thumb.wikimedia.org/wikipedia/commons/thumb/1/1c/CHE_Bellwald_COA.svg/500px-CHE_Bellwald_COA.svg.png"
6054,32.7,32.7,67.3,"Binn (VS)","L'initiative sur la neutralité ne passe pas la rampe à Binn. Les habitants de cette petite commune l'ont rejetée par 37 voix, contre 18. Binn a dit non à l'initiative, tout comme le canton.","https://thumb.wikimedia.org/wikipedia/commons/thumb/8/8e/CHE_Binn_COA.svg/500px-CHE_Binn_COA.svg.png"
6056,36,36,64,"Ernen (VS)","A Ernen, les citoyens rejettent à 64 pour cent l'initiative sur la neutralité. Ernen a dit non à l'initiative, tout comme le canton.","https://thumb.wikimedia.org/wikipedia/commons/thumb/9/90/CHE_Ernen_COA_alt.svg/500px-CHE_Ernen_COA_alt.svg.png"
6057,31.1,31.1,68.9,"Fiesch (VS)","A Fiesch, les citoyens rejettent à 68,9 pour cent l'initiative sur la neutralité. Fiesch a dit non à l'initiative, tout comme le canton.","https://thumb.wikimedia.org/wikipedia/commons/thumb/3/39/CHE_Fiesch_COA.svg/500px-CHE_Fiesch_COA.svg.png"
6058,32.8,32.8,67.2,"Fieschertal (VS)","L'initiative sur la neutralité n'a pas trouvé grâce aux yeux des citoyens de Fieschertal. Ils ont refusé le texte à 67,2 pour cent. Fieschertal a dit non à l'initiative, tout comme le canton.","https://thumb.wikimedia.org/wikipedia/commons/thumb/c/c1/CHE_Fieschertal_COA.svg/500px-CHE_Fieschertal_COA.svg.png"
6061,20.2,20.2,79.8,"Lax (VS)","Les habitants de Lax s'opposent à l'initiative sur la neutralité par 79,8 pour cent des voix. Lax a dit non à l'initiative, tout comme le canton.","https://thumb.wikimedia.org/wikipedia/commons/thumb/0/03/CHE_Lax_COA.svg/500px-CHE_Lax_COA.svg.png"
6076,35.9,35.9,64.1,"Obergoms (VS)","L'initiative sur la neutralité est refusée à 64,1 pour cent à Obergoms. Obergoms a dit non à l'initiative, tout comme le canton.","https://thumb.wikimedia.org/wikipedia/commons/thumb/e/e2/CHE_Obergoms_COA.svg/500px-CHE_Obergoms_COA.svg.png"
6077,25.7,25.7,74.3,"Goms (VS)","Les habitants de Goms s'opposent à l'initiative sur la neutralité par 74,3 pour cent des voix. Goms a dit non à l'initiative, tout comme le canton.","https://thumb.wikimedia.org/wikipedia/commons/thumb/a/aa/CHE_Goms_COA.svg/500px-CHE_Goms_COA.svg.png"
6082,26.6,26.6,73.4,"Ayent (VS)","La population d'Ayent rejette à 73,4 pour cent des voix l'initiative sur la neutralité. Ayent a dit non à l'initiative, tout comme le canton.","https://thumb.wikimedia.org/wikipedia/commons/thumb/1/16/CHE_Ayent_COA.svg/500px-CHE_Ayent_COA.svg.png"
6083,42.4,42.4,57.6,"Evolène (VS)","C'est non à l'initiative sur la neutralité à Evolène. Les habitants ont refusé le texte à 57,6 pour cent. Evolène a dit non à l'initiative, tout comme le canton.","https://thumb.wikimedia.org/wikipedia/commons/thumb/5/5c/CHE_Evol%C3%A8ne_COA.svg/500px-CHE_Evol%C3%A8ne_COA.svg.png"
6084,39.8,39.8,60.2,"Hérémence (VS)","Les habitants de Hérémence s'opposent à l'initiative sur la neutralité par 60,2 pour cent des voix. Hérémence a dit non à l'initiative, tout comme le canton.","https://thumb.wikimedia.org/wikipedia/commons/thumb/6/61/H%C3%A9r%C3%A9mence-blazon.svg/250px-H%C3%A9r%C3%A9mence-blazon.svg.png"
6087,29.9,29.9,70.1,"Saint-Martin (VS)","Les habitants de Saint-Martin (VS) s'opposent à l'initiative sur la neutralité par 70,1 pour cent des voix. Saint-Martin (VS) a dit non à l'initiative, tout comme le canton.","https://thumb.wikimedia.org/wikipedia/commons/thumb/4/4a/CHE_Saint-Martin_COA.svg/500px-CHE_Saint-Martin_COA.svg.png"
6089,36.4,36.4,63.6,"Vex (VS)","Les habitants de Vex s'opposent à l'initiative sur la neutralité par 63,6 pour cent des voix. Vex a dit non à l'initiative, tout comme le canton.","https://thumb.wikimedia.org/wikipedia/commons/thumb/c/ca/Vex-blazon.svg/250px-Vex-blazon.svg.png"
6090,30.6,30.6,69.4,"Mont-Noble (VS)","L'initiative sur la neutralité est refusée à 69,4 pour cent à Mont-Noble. Mont-Noble a dit non à l'initiative, tout comme le canton.","https://thumb.wikimedia.org/wikipedia/commons/thumb/d/d4/CHE_Mont-Noble_COA.svg/500px-CHE_Mont-Noble_COA.svg.png"
6101,43.6,43.6,56.4,"Agarn (VS)","L'initiative sur la neutralité n'a pas trouvé grâce aux yeux des citoyens d'Agarn. Ils ont refusé le texte à 56,4 pour cent. Agarn a dit non à l'initiative, tout comme le canton.","https://thumb.wikimedia.org/wikipedia/commons/thumb/2/24/CHE_Agarn_COA.svg/500px-CHE_Agarn_COA.svg.png"
6102,33,33,67,"Albinen (VS)","Les habitants d'Albinen s'opposent à l'initiative sur la neutralité par 67 pour cent des voix. Albinen a dit non à l'initiative, tout comme le canton.","https://thumb.wikimedia.org/wikipedia/commons/thumb/7/74/CHE_Albinen_COA_alt.svg/500px-CHE_Albinen_COA_alt.svg.png"
6104,48.6,48.6,51.4,"Ergisch (VS)","L'initiative sur la neutralité n'a pas trouvé grâce aux yeux des citoyens d'Ergisch. Ils ont refusé le texte à 51,4 pour cent. Ergisch a dit non à l'initiative, tout comme le canton.","https://thumb.wikimedia.org/wikipedia/commons/thumb/e/e2/CHE_Ergisch_COA.svg/500px-CHE_Ergisch_COA.svg.png"
6109,27.5,27.5,72.5,"Inden (VS)","L'initiative sur la neutralité ne passe pas la rampe à Inden. Les habitants de cette petite commune l'ont rejetée par 29 voix, contre 11. Inden a dit non à l'initiative, tout comme le canton.","https://thumb.wikimedia.org/wikipedia/commons/thumb/f/fb/CHE_Inden_COA.svg/500px-CHE_Inden_COA.svg.png"
6110,33,33,67,"Loèche (VS)","C'est non à l'initiative sur la neutralité à Loèche. Les habitants ont refusé le texte à 67 pour cent. Loèche a dit non à l'initiative, tout comme le canton.","https://thumb.wikimedia.org/wikipedia/commons/thumb/d/d3/CHE_Leuk_COA.svg/500px-CHE_Leuk_COA.svg.png"
6111,35.7,35.7,64.3,"Loèche-les-Bains (VS)","C'est non à l'initiative sur la neutralité à Loèche-les-Bains. Les habitants ont refusé le texte à 64,3 pour cent. Loèche-les-Bains a dit non à l'initiative, tout comme le canton.","https://thumb.wikimedia.org/wikipedia/commons/thumb/8/86/CHE_Leukerbad_COA.svg/500px-CHE_Leukerbad_COA.svg.png"
6112,39.3,39.3,60.7,"Oberems (VS)","L'initiative sur la neutralité ne passe pas la rampe à Oberems. Les habitants de cette petite commune l'ont rejetée par 34 voix, contre 22. Oberems a dit non à l'initiative, tout comme le canton.","https://thumb.wikimedia.org/wikipedia/commons/thumb/f/f1/CHE_Oberems_COA.svg/500px-CHE_Oberems_COA.svg.png"
6113,37.9,37.9,62.1,"Salquenen (VS)","Les habitants de Salquenen s'opposent à l'initiative sur la neutralité par 62,1 pour cent des voix. Salquenen a dit non à l'initiative, tout comme le canton.","https://thumb.wikimedia.org/wikipedia/commons/thumb/4/42/CHE_Salgesch_COA.svg/500px-CHE_Salgesch_COA.svg.png"
6116,32,32,68,"Varone (VS)","Les habitants de Varone s'opposent à l'initiative sur la neutralité par 68 pour cent des voix. Varone a dit non à l'initiative, tout comme le canton.","https://thumb.wikimedia.org/wikipedia/commons/thumb/3/3d/CHE_Varen_COA.svg/500px-CHE_Varen_COA.svg.png"
6117,42.4,42.4,57.6,"Guttet-Feschel (VS)","L'initiative sur la neutralité est refusée à 57,6 pour cent à Guttet-Feschel. Guttet-Feschel a dit non à l'initiative, tout comme le canton.","https://thumb.wikimedia.org/wikipedia/commons/thumb/4/4f/GuttetFeschel-blazon.svg/250px-GuttetFeschel-blazon.svg.png"
6118,36.6,36.6,63.4,"Gampel-Bratsch (VS)","L'initiative sur la neutralité n'a pas trouvé grâce aux yeux des citoyens de Gampel-Bratsch. Ils ont refusé le texte à 63,4 pour cent. Gampel-Bratsch a dit non à l'initiative, tout comme le canton.","https://thumb.wikimedia.org/wikipedia/commons/thumb/3/39/CHE_Gampel-Bratsch_COA.svg/500px-CHE_Gampel-Bratsch_COA.svg.png"
6119,38.2,38.2,61.8,"Turtmann-Unterems (VS)","L'initiative sur la neutralité n'a pas trouvé grâce aux yeux des citoyens de Turtmann-Unterems. Ils ont refusé le texte à 61,8 pour cent. Turtmann-Unterems a dit non à l'initiative, tout comme le canton.","https://thumb.wikimedia.org/wikipedia/commons/thumb/a/a3/Wappen_Wallis_matt.svg/500px-Wappen_Wallis_matt.svg.png"
6131,32.2,32.2,67.8,"Bovernier (VS)","L'initiative sur la neutralité n'a pas convaincu à Bovernier. Les citoyens de la commune ont refusé le texte à 67,8 pour cent. Bovernier a dit non à l'initiative, tout comme le canton.","https://thumb.wikimedia.org/wikipedia/commons/thumb/0/0a/CHE_Bovernier_COA.svg/500px-CHE_Bovernier_COA.svg.png"
6133,33.2,33.2,66.8,"Fully (VS)","Les habitants de Fully s'opposent à l'initiative sur la neutralité par 66,8 pour cent des voix. Fully a dit non à l'initiative, tout comme le canton.","https://thumb.wikimedia.org/wikipedia/commons/thumb/8/8d/CHE_Fully_COA.svg/500px-CHE_Fully_COA.svg.png"
6134,44.7,44.7,55.3,"Isérables (VS)","C'est non à l'initiative sur la neutralité à Isérables. Les habitants ont refusé le texte à 55,3 pour cent. Isérables a dit non à l'initiative, tout comme le canton.","https://thumb.wikimedia.org/wikipedia/commons/thumb/1/12/CHE_Is%C3%A9rables_COA.svg/500px-CHE_Is%C3%A9rables_COA.svg.png"
6135,39.7,39.7,60.3,"Leytron (VS)","C'est non à l'initiative sur la neutralité à Leytron. Les habitants ont refusé le texte à 60,3 pour cent. Leytron a dit non à l'initiative, tout comme le canton.","https://thumb.wikimedia.org/wikipedia/commons/thumb/c/ca/CHE_Leytron_COA.svg/500px-CHE_Leytron_COA.svg.png"
6136,30.9,30.9,69.1,"Martigny (VS)","C'est non à l'initiative sur la neutralité à Martigny. Les habitants ont refusé le texte à 69,1 pour cent. Martigny a dit non à l'initiative, tout comme le canton.","https://thumb.wikimedia.org/wikipedia/commons/thumb/f/f1/CHE_Martigny_COA.svg/500px-CHE_Martigny_COA.svg.png"
6137,29.6,29.6,70.4,"Martigny-Combe (VS)","La population de Martigny-Combe rejette à 70,4 pour cent des voix l'initiative sur la neutralité. Martigny-Combe a dit non à l'initiative, tout comme le canton.","https://thumb.wikimedia.org/wikipedia/commons/thumb/9/91/CHE_Martigny-Combe_COA.svg/500px-CHE_Martigny-Combe_COA.svg.png"
6139,37,37,63,"Riddes (VS)","L'initiative sur la neutralité n'a pas trouvé grâce aux yeux des citoyens de Riddes. Ils ont refusé le texte à 63 pour cent. Riddes a dit non à l'initiative, tout comme le canton.","https://thumb.wikimedia.org/wikipedia/commons/thumb/9/9f/CHE_Riddes_COA.svg/500px-CHE_Riddes_COA.svg.png"
6140,36.7,36.7,63.3,"Saillon (VS)","C'est non à l'initiative sur la neutralité à Saillon. Les habitants ont refusé le texte à 63,3 pour cent. Saillon a dit non à l'initiative, tout comme le canton.","https://thumb.wikimedia.org/wikipedia/commons/thumb/9/90/CHE_Saillon_COA.svg/500px-CHE_Saillon_COA.svg.png"
6141,46.5,46.5,53.5,"Saxon (VS)","La population de Saxon rejette à 53,5 pour cent des voix l'initiative sur la neutralité. Saxon a dit non à l'initiative, tout comme le canton.","https://thumb.wikimedia.org/wikipedia/commons/thumb/6/62/CHE_Saxon_COA.svg/500px-CHE_Saxon_COA.svg.png"
6142,37.7,37.7,62.3,"Trient (VS)","Les habitants de la petite commune de Trient ont refusé l'initiative sur la neutralité. Ils ont dit non à cet objet par 43 voix contre 26. Trient a dit non à l'initiative, tout comme le canton.","https://thumb.wikimedia.org/wikipedia/commons/thumb/9/96/CHE_Trient_COA.svg/500px-CHE_Trient_COA.svg.png"
6151,32.7,32.7,67.3,"Champéry (VS)","La population de Champéry rejette à 67,3 pour cent des voix l'initiative sur la neutralité. Champéry a dit non à l'initiative, tout comme le canton.","https://thumb.wikimedia.org/wikipedia/commons/thumb/6/69/CHE_Champ%C3%A9ry_COA.svg/500px-CHE_Champ%C3%A9ry_COA.svg.png"
6152,33.7,33.7,66.3,"Collombey-Muraz (VS)","C'est non à l'initiative sur la neutralité à Collombey-Muraz. Les habitants ont refusé le texte à 66,3 pour cent. Collombey-Muraz a dit non à l'initiative, tout comme le canton.","https://thumb.wikimedia.org/wikipedia/commons/thumb/a/aa/CHE_Collombey-Muraz_COA.svg/500px-CHE_Collombey-Muraz_COA.svg.png"
6153,34.1,34.1,65.9,"Monthey (VS)","A Monthey, les citoyens rejettent à 65,9 pour cent l'initiative sur la neutralité. Monthey a dit non à l'initiative, tout comme le canton.","https://thumb.wikimedia.org/wikipedia/commons/thumb/0/04/CHE_Monthey_COA.svg/500px-CHE_Monthey_COA.svg.png"
6154,34.9,34.9,65.1,"Port-Valais (VS)","La population de Port-Valais rejette à 65,1 pour cent des voix l'initiative sur la neutralité. Port-Valais a dit non à l'initiative, tout comme le canton.","https://thumb.wikimedia.org/wikipedia/commons/thumb/9/93/Port-Valais_Coat_of_Arms.svg/330px-Port-Valais_Coat_of_Arms.svg.png"
6155,37.4,37.4,62.6,"Saint-Gingolph (VS)","A Saint-Gingolph, les citoyens rejettent à 62,6 pour cent l'initiative sur la neutralité. Saint-Gingolph a dit non à l'initiative, tout comme le canton.","https://thumb.wikimedia.org/wikipedia/commons/thumb/d/dc/CHE_Saint-Gingolph_COA.svg/500px-CHE_Saint-Gingolph_COA.svg.png"
6156,38.5,38.5,61.5,"Troistorrents (VS)","L'initiative sur la neutralité est refusée à 61,5 pour cent à Troistorrents. Troistorrents a dit non à l'initiative, tout comme le canton.","https://thumb.wikimedia.org/wikipedia/commons/thumb/2/22/CHE_Troistorrents_COA.svg/500px-CHE_Troistorrents_COA.svg.png"
6157,45,45,55,"Val-d'Illiez (VS)","La population de Val-d'Illiez rejette à 55 pour cent des voix l'initiative sur la neutralité. Val-d'Illiez a dit non à l'initiative, tout comme le canton.","https://thumb.wikimedia.org/wikipedia/commons/thumb/a/ae/CHE_Val-d%27Illiez_COA.svg/500px-CHE_Val-d%27Illiez_COA.svg.png"
6158,34.4,34.4,65.6,"Vionnaz (VS)","La population de Vionnaz rejette à 65,6 pour cent des voix l'initiative sur la neutralité. Vionnaz a dit non à l'initiative, tout comme le canton.","https://thumb.wikimedia.org/wikipedia/commons/thumb/5/58/CHE_Vionnaz_COA.svg/500px-CHE_Vionnaz_COA.svg.png"
6159,31.7,31.7,68.3,"Vouvry (VS)","La population de Vouvry rejette à 68,3 pour cent des voix l'initiative sur la neutralité. Vouvry a dit non à l'initiative, tout comme le canton.","https://thumb.wikimedia.org/wikipedia/commons/thumb/1/18/CHE_Vouvry_COA.svg/500px-CHE_Vouvry_COA.svg.png"
6172,16.7,16.7,83.3,"Bister (VS)","L'initiative sur la neutralité ne passe pas la rampe à Bister. Les habitants de cette petite commune l'ont rejetée par 10 voix, contre 2. Bister a dit non à l'initiative, tout comme le canton.","https://thumb.wikimedia.org/wikipedia/commons/thumb/6/60/CHE_Bister_COA.svg/500px-CHE_Bister_COA.svg.png"
6173,40,40,60,"Bitsch (VS)","La population de Bitsch rejette à 60 pour cent des voix l'initiative sur la neutralité. Bitsch a dit non à l'initiative, tout comme le canton.","https://thumb.wikimedia.org/wikipedia/commons/thumb/4/41/CHE_Bitsch_COA.svg/500px-CHE_Bitsch_COA.svg.png"
6177,36.7,36.7,63.3,"Grengiols (VS)","La population de Grengiols rejette à 63,3 pour cent des voix l'initiative sur la neutralité. Grengiols a dit non à l'initiative, tout comme le canton.","https://thumb.wikimedia.org/wikipedia/commons/thumb/6/68/CHE_Grengiols_COA.svg/500px-CHE_Grengiols_COA.svg.png"
6181,30.6,30.6,69.4,"Riederalp (VS)","L'initiative sur la neutralité n'a pas trouvé grâce aux yeux des citoyens de Riederalp. Ils ont refusé le texte à 69,4 pour cent. Riederalp a dit non à l'initiative, tout comme le canton.","https://thumb.wikimedia.org/wikipedia/commons/thumb/7/75/CHE_Riederalp_COA.svg/500px-CHE_Riederalp_COA.svg.png"
6191,34,34,66,"Ausserberg (VS)","A Ausserberg, les citoyens rejettent à 66 pour cent l'initiative sur la neutralité. Ausserberg a dit non à l'initiative, tout comme le canton.","https://thumb.wikimedia.org/wikipedia/commons/thumb/a/ab/CHE_Ausserberg_COA.svg/500px-CHE_Ausserberg_COA.svg.png"
6192,32,32,68,"Blatten (VS)","L'initiative sur la neutralité n'a pas trouvé grâce aux yeux des citoyens de Blatten. Ils ont refusé le texte à 68 pour cent. Blatten a dit non à l'initiative, tout comme le canton.","https://thumb.wikimedia.org/wikipedia/commons/thumb/0/0d/CHE_Blatten_COA.svg/500px-CHE_Blatten_COA.svg.png"
6193,26.6,26.6,73.4,"Bürchen (VS)","L'initiative sur la neutralité n'a pas trouvé grâce aux yeux des citoyens de Bürchen. Ils ont refusé le texte à 73,4 pour cent. Bürchen a dit non à l'initiative, tout comme le canton.","https://thumb.wikimedia.org/wikipedia/commons/thumb/5/50/CHE_B%C3%BCrchen_COA_alt.svg/500px-CHE_B%C3%BCrchen_COA_alt.svg.png"
6194,37,37,63,"Eischoll (VS)","A Eischoll, les citoyens rejettent à 63 pour cent l'initiative sur la neutralité. Eischoll a dit non à l'initiative, tout comme le canton.","https://thumb.wikimedia.org/wikipedia/commons/thumb/3/37/CHE_Eischoll_COA.svg/500px-CHE_Eischoll_COA.svg.png"
6195,20.6,20.6,79.4,"Ferden (VS)","La population de Ferden rejette à 79,4 pour cent des voix l'initiative sur la neutralité. Ferden a dit non à l'initiative, tout comme le canton.","https://thumb.wikimedia.org/wikipedia/commons/thumb/8/83/CHE_Ferden_COA.svg/500px-CHE_Ferden_COA.svg.png"
6197,16.4,16.4,83.6,"Kippel (VS)","A Kippel, les citoyens rejettent à 83,6 pour cent l'initiative sur la neutralité. Kippel a dit non à l'initiative, tout comme le canton.","https://thumb.wikimedia.org/wikipedia/commons/thumb/0/00/CHE_Kippel_COA.svg/500px-CHE_Kippel_COA.svg.png"
6198,31.6,31.6,68.4,"Niedergesteln (VS)","Les habitants de Niedergesteln s'opposent à l'initiative sur la neutralité par 68,4 pour cent des voix. Niedergesteln a dit non à l'initiative, tout comme le canton.","https://thumb.wikimedia.org/wikipedia/commons/thumb/e/ee/CHE_Niedergesteln_COA.svg/500px-CHE_Niedergesteln_COA.svg.png"
6199,32.4,32.4,67.6,"Rarogne (VS)","L'initiative sur la neutralité est refusée à 67,6 pour cent à Rarogne. Rarogne a dit non à l'initiative, tout comme le canton.","https://thumb.wikimedia.org/wikipedia/commons/thumb/c/c5/CHE_Raron_COA.svg/500px-CHE_Raron_COA.svg.png"
6201,26.8,26.8,73.2,"Unterbäch (VS)","Les habitants d'Unterbäch s'opposent à l'initiative sur la neutralité par 73,2 pour cent des voix. Unterbäch a dit non à l'initiative, tout comme le canton.","https://thumb.wikimedia.org/wikipedia/commons/thumb/1/1d/CHE_Unterb%C3%A4ch_COA_alt.svg/500px-CHE_Unterb%C3%A4ch_COA_alt.svg.png"
6202,30.7,30.7,69.3,"Wiler (Lötschen) (VS)","La population de Wiler (Lötschen) rejette à 69,3 pour cent des voix l'initiative sur la neutralité. Wiler (Lötschen) a dit non à l'initiative, tout comme le canton.","https://thumb.wikimedia.org/wikipedia/commons/thumb/d/da/CHE_Wiler_COA.svg/500px-CHE_Wiler_COA.svg.png"
6203,25.5,25.5,74.5,"Mörel-Filet (VS)","Les habitants de Mörel-Filet s'opposent à l'initiative sur la neutralité par 74,5 pour cent des voix. Mörel-Filet a dit non à l'initiative, tout comme le canton.","https://thumb.wikimedia.org/wikipedia/commons/thumb/a/aa/CHE_Moerel-Filet_COA.svg/500px-CHE_Moerel-Filet_COA.svg.png"
6204,35.4,35.4,64.6,"Steg-Hohtenn (VS)","C'est non à l'initiative sur la neutralité à Steg-Hohtenn. Les habitants ont refusé le texte à 64,6 pour cent. Steg-Hohtenn a dit non à l'initiative, tout comme le canton.","https://thumb.wikimedia.org/wikipedia/commons/thumb/e/e7/CHE_Steg-Hohtenn_COA.svg/500px-CHE_Steg-Hohtenn_COA.svg.png"
6205,26,26,74,"Bettmeralp (VS)","L'initiative sur la neutralité n'a pas trouvé grâce aux yeux des citoyens de Bettmeralp. Ils ont refusé le texte à 74 pour cent. Bettmeralp a dit non à l'initiative, tout comme le canton.","https://thumb.wikimedia.org/wikipedia/commons/thumb/1/17/CHE_Betten_COA.svg/500px-CHE_Betten_COA.svg.png"
6211,30.4,30.4,69.6,"Collonges (VS)","L'initiative sur la neutralité n'a pas trouvé grâce aux yeux des citoyens de Collonges. Ils ont refusé le texte à 69,6 pour cent. Collonges a dit non à l'initiative, tout comme le canton.","https://thumb.wikimedia.org/wikipedia/commons/thumb/7/72/CHE_Collonges_COA.svg/500px-CHE_Collonges_COA.svg.png"
6212,41.2,41.2,58.8,"Dorénaz (VS)","L'initiative sur la neutralité n'a pas convaincu à Dorénaz. Les citoyens de la commune ont refusé le texte à 58,8 pour cent. Dorénaz a dit non à l'initiative, tout comme le canton.","https://thumb.wikimedia.org/wikipedia/commons/thumb/9/94/Dor%C3%A9naz-blazon.svg/250px-Dor%C3%A9naz-blazon.svg.png"
6213,45.5,45.5,54.5,"Evionnaz (VS)","A Evionnaz, les citoyens rejettent à 54,5 pour cent l'initiative sur la neutralité. Evionnaz a dit non à l'initiative, tout comme le canton.","https://thumb.wikimedia.org/wikipedia/commons/thumb/1/1b/CHE_Evionnaz_COA.svg/500px-CHE_Evionnaz_COA.svg.png"
6214,31.5,31.5,68.5,"Finhaut (VS)","L'initiative sur la neutralité n'a pas trouvé grâce aux yeux des citoyens de Finhaut. Ils ont refusé le texte à 68,5 pour cent. Finhaut a dit non à l'initiative, tout comme le canton.","https://thumb.wikimedia.org/wikipedia/commons/thumb/6/64/CHE_Finhaut_COA.svg/500px-CHE_Finhaut_COA.svg.png"
6215,34.2,34.2,65.8,"Massongex (VS)","L'initiative sur la neutralité est refusée à 65,8 pour cent à Massongex. Massongex a dit non à l'initiative, tout comme le canton.","https://thumb.wikimedia.org/wikipedia/commons/thumb/9/9e/CHE_Massongex_COA.svg/500px-CHE_Massongex_COA.svg.png"
6217,31.3,31.3,68.7,"Saint-Maurice (VS)","A Saint-Maurice, les citoyens rejettent à 68,7 pour cent l'initiative sur la neutralité. Saint-Maurice a dit non à l'initiative, tout comme le canton.","https://thumb.wikimedia.org/wikipedia/commons/thumb/6/62/CHE_St_Maurice_COA.svg/500px-CHE_St_Maurice_COA.svg.png"
6218,23.5,23.5,76.5,"Salvan (VS)","L'initiative sur la neutralité n'a pas trouvé grâce aux yeux des citoyens de Salvan. Ils ont refusé le texte à 76,5 pour cent. Salvan a dit non à l'initiative, tout comme le canton.","https://thumb.wikimedia.org/wikipedia/commons/thumb/f/fd/Salvan-blazon.svg/250px-Salvan-blazon.svg.png"
6219,32.1,32.1,67.9,"Vernayaz (VS)","A Vernayaz, les citoyens rejettent à 67,9 pour cent l'initiative sur la neutralité. Vernayaz a dit non à l'initiative, tout comme le canton.","https://thumb.wikimedia.org/wikipedia/commons/thumb/d/da/Vernayaz-blazon.svg/250px-Vernayaz-blazon.svg.png"
6220,35,35,65,"Vérossaz (VS)","L'initiative sur la neutralité n'a pas convaincu à Vérossaz. Les citoyens de la commune ont refusé le texte à 65 pour cent. Vérossaz a dit non à l'initiative, tout comme le canton.","https://thumb.wikimedia.org/wikipedia/commons/thumb/9/9c/V%C3%A9rossaz-blazon.svg/250px-V%C3%A9rossaz-blazon.svg.png"
6232,31.7,31.7,68.3,"Chalais (VS)","Les habitants de Chalais s'opposent à l'initiative sur la neutralité par 68,3 pour cent des voix. Chalais a dit non à l'initiative, tout comme le canton.","https://thumb.wikimedia.org/wikipedia/commons/thumb/1/15/CHE_Chalais_COA.svg/500px-CHE_Chalais_COA.svg.png"
6235,33.6,33.6,66.4,"Chippis (VS)","L'initiative sur la neutralité est refusée à 66,4 pour cent à Chippis. Chippis a dit non à l'initiative, tout comme le canton.","https://thumb.wikimedia.org/wikipedia/commons/thumb/b/b8/CHE_Chippis_COA.svg/500px-CHE_Chippis_COA.svg.png"
6238,33.7,33.7,66.3,"Grône (VS)","La population de Grône rejette à 66,3 pour cent des voix l'initiative sur la neutralité. Grône a dit non à l'initiative, tout comme le canton.","https://thumb.wikimedia.org/wikipedia/commons/thumb/6/6c/CHE_Gr%C3%B4ne_COA.svg/500px-CHE_Gr%C3%B4ne_COA.svg.png"
6239,30.7,30.7,69.3,"Icogne (VS)","C'est non à l'initiative sur la neutralité à Icogne. Les habitants ont refusé le texte à 69,3 pour cent. Icogne a dit non à l'initiative, tout comme le canton.","https://thumb.wikimedia.org/wikipedia/commons/thumb/f/f9/CHE_Icogne_COA.svg/500px-CHE_Icogne_COA.svg.png"
6240,34.4,34.4,65.6,"Lens (VS)","C'est non à l'initiative sur la neutralité à Lens. Les habitants ont refusé le texte à 65,6 pour cent. Lens a dit non à l'initiative, tout comme le canton.","https://thumb.wikimedia.org/wikipedia/commons/thumb/0/0a/CHE_Lens_COA.svg/500px-CHE_Lens_COA.svg.png"
6246,32.2,32.2,67.8,"Saint-Léonard (VS)","Les habitants de Saint-Léonard s'opposent à l'initiative sur la neutralité par 67,8 pour cent des voix. Saint-Léonard a dit non à l'initiative, tout comme le canton.","https://thumb.wikimedia.org/wikipedia/commons/thumb/a/a0/CHE_Saint-L%C3%A9onard_COA.svg/500px-CHE_Saint-L%C3%A9onard_COA.svg.png"
6248,32.2,32.2,67.8,"Sierre (VS)","L'initiative sur la neutralité n'a pas convaincu à Sierre. Les citoyens de la commune ont refusé le texte à 67,8 pour cent. Sierre a dit non à l'initiative, tout comme le canton.","https://thumb.wikimedia.org/wikipedia/commons/thumb/1/18/CHE_Sierre_COA.svg/500px-CHE_Sierre_COA.svg.png"
6252,27.2,27.2,72.8,"Anniviers (VS)","L'initiative sur la neutralité n'a pas trouvé grâce aux yeux des citoyens d'Anniviers. Ils ont refusé le texte à 72,8 pour cent. Anniviers a dit non à l'initiative, tout comme le canton.","https://thumb.wikimedia.org/wikipedia/commons/thumb/7/71/CHE_Anniviers_COA.svg/500px-CHE_Anniviers_COA.svg.png"
6253,37.8,37.8,62.2,"Crans-Montana (VS)","L'initiative sur la neutralité n'a pas convaincu à Crans-Montana. Les citoyens de la commune ont refusé le texte à 62,2 pour cent. Crans-Montana a dit non à l'initiative, tout comme le canton.","https://thumb.wikimedia.org/wikipedia/commons/thumb/9/94/CHE_Crans-Montana_COA.svg/500px-CHE_Crans-Montana_COA.svg.png"
6254,30.2,30.2,69.8,"Noble-Contrée (VS)","Les habitants de Noble-Contrée s'opposent à l'initiative sur la neutralité par 69,8 pour cent des voix. Noble-Contrée a dit non à l'initiative, tout comme le canton.","https://thumb.wikimedia.org/wikipedia/commons/thumb/9/98/CHE_Noble-Contr%C3%A9e_COA_alt.svg/500px-CHE_Noble-Contr%C3%A9e_COA_alt.svg.png"
6261,38.4,38.4,61.6,"Arbaz (VS)","L'initiative sur la neutralité n'a pas convaincu à Arbaz. Les citoyens de la commune ont refusé le texte à 61,6 pour cent. Arbaz a dit non à l'initiative, tout comme le canton.","https://thumb.wikimedia.org/wikipedia/commons/thumb/0/0a/CHE_Arbaz_COA.svg/500px-CHE_Arbaz_COA.svg.png"
6263,30.6,30.6,69.4,"Grimisuat (VS)","L'initiative sur la neutralité n'a pas trouvé grâce aux yeux des citoyens de Grimisuat. Ils ont refusé le texte à 69,4 pour cent. Grimisuat a dit non à l'initiative, tout comme le canton.","https://thumb.wikimedia.org/wikipedia/commons/thumb/f/f2/Grimisuat-blazon.svg/250px-Grimisuat-blazon.svg.png"
6265,33.2,33.2,66.8,"Savièse (VS)","L'initiative sur la neutralité est refusée à 66,8 pour cent à Savièse. Savièse a dit non à l'initiative, tout comme le canton.","https://thumb.wikimedia.org/wikipedia/commons/thumb/3/34/CHE_Savi%C3%A8se_COA.svg/500px-CHE_Savi%C3%A8se_COA.svg.png"
6266,28.9,28.9,71.1,"Sion (VS)","L'initiative sur la neutralité n'a pas trouvé grâce aux yeux des citoyens de Sion. Ils ont refusé le texte à 71,1 pour cent. Sion a dit non à l'initiative, tout comme le canton.","https://thumb.wikimedia.org/wikipedia/commons/thumb/d/d7/CHE_Sion_COA.svg/500px-CHE_Sion_COA.svg.png"
6267,34.3,34.3,65.7,"Veysonnaz (VS)","L'initiative sur la neutralité n'a pas convaincu à Veysonnaz. Les citoyens de la commune ont refusé le texte à 65,7 pour cent. Veysonnaz a dit non à l'initiative, tout comme le canton.","https://thumb.wikimedia.org/wikipedia/commons/thumb/2/28/CHE_Veysonnaz_COA.svg/500px-CHE_Veysonnaz_COA.svg.png"
6281,27.7,27.7,72.3,"Baltschieder (VS)","C'est non à l'initiative sur la neutralité à Baltschieder. Les habitants ont refusé le texte à 72,3 pour cent. Baltschieder a dit non à l'initiative, tout comme le canton.","https://thumb.wikimedia.org/wikipedia/commons/thumb/0/0d/CHE_Baltschieder_COA.svg/500px-CHE_Baltschieder_COA.svg.png"
6282,48.8,48.8,51.2,"Eisten (VS)","L'initiative sur la neutralité ne passe pas la rampe à Eisten. Les habitants de cette petite commune l'ont rejetée par 42 voix, contre 40. Eisten a dit non à l'initiative, tout comme le canton.","https://thumb.wikimedia.org/wikipedia/commons/thumb/1/16/CHE_Eisten_COA.svg/500px-CHE_Eisten_COA.svg.png"
6283,33.8,33.8,66.2,"Embd (VS)","Les habitants de la petite commune d'Embd ont refusé l'initiative sur la neutralité. Ils ont dit non à cet objet par 51 voix contre 26. Embd a dit non à l'initiative, tout comme le canton.","https://thumb.wikimedia.org/wikipedia/commons/thumb/1/10/CHE_Embd_COA.svg/500px-CHE_Embd_COA.svg.png"
6285,40.6,40.6,59.4,"Grächen (VS)","A Grächen, les citoyens rejettent à 59,4 pour cent l'initiative sur la neutralité. Grächen a dit non à l'initiative, tout comme le canton.","https://thumb.wikimedia.org/wikipedia/commons/thumb/c/cb/CHE_Graechen_COA.svg/500px-CHE_Graechen_COA.svg.png"
6286,30.6,30.6,69.4,"Lalden (VS)","A Lalden, les citoyens rejettent à 69,4 pour cent l'initiative sur la neutralité. Lalden a dit non à l'initiative, tout comme le canton.","https://thumb.wikimedia.org/wikipedia/commons/thumb/9/90/CHE_Lalden_COA.svg/500px-CHE_Lalden_COA.svg.png"
6287,49.6,49.6,50.4,"Randa (VS)","Les habitants de Randa s'opposent à l'initiative sur la neutralité par 50,4 pour cent des voix. Randa a dit non à l'initiative, tout comme le canton.","https://thumb.wikimedia.org/wikipedia/commons/thumb/f/f8/CHE_Randa_COA.svg/500px-CHE_Randa_COA.svg.png"
6288,48.3,48.3,51.7,"Saas-Almagell (VS)","L'initiative sur la neutralité n'a pas convaincu à Saas-Almagell. Les citoyens de la commune ont refusé le texte à 51,7 pour cent. Saas-Almagell a dit non à l'initiative, tout comme le canton.","https://thumb.wikimedia.org/wikipedia/commons/thumb/6/6e/CHE_Saas-Almagell_COA.svg/500px-CHE_Saas-Almagell_COA.svg.png"
6289,41.2,41.2,58.8,"Saas-Balen (VS)","Les habitants de Saas-Balen s'opposent à l'initiative sur la neutralité par 58,8 pour cent des voix. Saas-Balen a dit non à l'initiative, tout comme le canton.","https://thumb.wikimedia.org/wikipedia/commons/thumb/0/01/CHE_Saas-Balen_COA.svg/500px-CHE_Saas-Balen_COA.svg.png"
6290,21.6,21.6,78.4,"Saas-Fee (VS)","La population de Saas-Fee rejette à 78,4 pour cent des voix l'initiative sur la neutralité. Saas-Fee a dit non à l'initiative, tout comme le canton.","https://thumb.wikimedia.org/wikipedia/commons/thumb/9/90/CHE_Saas-Fee_COA.svg/500px-CHE_Saas-Fee_COA.svg.png"
6291,39.4,39.4,60.6,"Saas-Grund (VS)","La population de Saas-Grund rejette à 60,6 pour cent des voix l'initiative sur la neutralité. Saas-Grund a dit non à l'initiative, tout comme le canton.","https://thumb.wikimedia.org/wikipedia/commons/thumb/5/5d/CHE_Saas-Grund_COA.svg/500px-CHE_Saas-Grund_COA.svg.png"
6292,43.4,43.4,56.6,"Saint-Nicolas (VS)","A Saint-Nicolas, les citoyens rejettent à 56,6 pour cent l'initiative sur la neutralité. Saint-Nicolas a dit non à l'initiative, tout comme le canton.","https://thumb.wikimedia.org/wikipedia/commons/thumb/d/d2/CHE_St._Niklaus_COA.svg/500px-CHE_St._Niklaus_COA.svg.png"
6293,36.5,36.5,63.5,"Stalden (VS)","A Stalden (VS), les citoyens rejettent à 63,5 pour cent l'initiative sur la neutralité. Stalden (VS) a dit non à l'initiative, tout comme le canton.","https://thumb.wikimedia.org/wikipedia/commons/thumb/1/17/CHE_Stalden_COA.svg/500px-CHE_Stalden_COA.svg.png"
6294,34.2,34.2,65.8,"Staldenried (VS)","L'initiative sur la neutralité est refusée à 65,8 pour cent à Staldenried. Staldenried a dit non à l'initiative, tout comme le canton.","https://thumb.wikimedia.org/wikipedia/commons/thumb/9/9c/CHE_Staldenried_COA.svg/500px-CHE_Staldenried_COA.svg.png"
6295,41.8,41.8,58.2,"Täsch (VS)","L'initiative sur la neutralité n'a pas convaincu à Täsch. Les citoyens de la commune ont refusé le texte à 58,2 pour cent. Täsch a dit non à l'initiative, tout comme le canton.","https://thumb.wikimedia.org/wikipedia/commons/thumb/3/31/CHE_T%C3%A4sch_VS_COA.svg/500px-CHE_T%C3%A4sch_VS_COA.svg.png"
6296,41.3,41.3,58.7,"Törbel (VS)","L'initiative sur la neutralité n'a pas convaincu à Törbel. Les citoyens de la commune ont refusé le texte à 58,7 pour cent. Törbel a dit non à l'initiative, tout comme le canton.","https://thumb.wikimedia.org/wikipedia/commons/thumb/a/ab/CHE_T%C3%B6rbel_COA.svg/500px-CHE_T%C3%B6rbel_COA.svg.png"
6297,31.7,31.7,68.3,"Viège (VS)","L'initiative sur la neutralité n'a pas trouvé grâce aux yeux des citoyens de Viège. Ils ont refusé le texte à 68,3 pour cent. Viège a dit non à l'initiative, tout comme le canton.","https://thumb.wikimedia.org/wikipedia/commons/thumb/8/81/CHE_Visp_COA.svg/500px-CHE_Visp_COA.svg.png"
6298,18.8,18.8,81.2,"Visperterminen (VS)","L'initiative sur la neutralité n'a pas convaincu à Visperterminen. Les citoyens de la commune ont refusé le texte à 81,2 pour cent. Visperterminen a dit non à l'initiative, tout comme le canton.","https://thumb.wikimedia.org/wikipedia/commons/thumb/e/e9/CHE_Visperterminen_COA.svg/500px-CHE_Visperterminen_COA.svg.png"
6299,29.9,29.9,70.1,"Zeneggen (VS)","L'initiative sur la neutralité n'a pas trouvé grâce aux yeux des citoyens de Zeneggen. Ils ont refusé le texte à 70,1 pour cent. Zeneggen a dit non à l'initiative, tout comme le canton.","https://thumb.wikimedia.org/wikipedia/commons/thumb/f/f0/CHE_Zeneggen_COA.svg/500px-CHE_Zeneggen_COA.svg.png"
6300,32.3,32.3,67.7,"Zermatt (VS)","La population de Zermatt rejette à 67,7 pour cent des voix l'initiative sur la neutralité. Zermatt a dit non à l'initiative, tout comme le canton.","https://thumb.wikimedia.org/wikipedia/commons/thumb/5/50/CHE_Zermatt_COA.svg/500px-CHE_Zermatt_COA.svg.png"
6404,25.7,25.7,74.3,"Boudry (NE)","Les habitants de Boudry s'opposent à l'initiative sur la neutralité par 74,3 pour cent des voix.","https://thumb.wikimedia.org/wikipedia/commons/thumb/8/86/CHE_Boudry_COA.svg/250px-CHE_Boudry_COA.svg.png"
6408,20.9,20.9,79.1,"Cortaillod (NE)","L'initiative sur la neutralité n'a pas trouvé grâce aux yeux des citoyens de Cortaillod. Ils ont refusé le texte à 79,1 pour cent.","https://thumb.wikimedia.org/wikipedia/commons/thumb/5/5a/Cortaillod-blazon.svg/250px-Cortaillod-blazon.svg.png"
6413,25,25,75,"Rochefort (NE)","C'est non à l'initiative sur la neutralité à Rochefort. Les habitants ont refusé le texte à 75 pour cent.","https://thumb.wikimedia.org/wikipedia/commons/thumb/c/ca/Rochefort-blazon.svg/250px-Rochefort-blazon.svg.png"
6416,19.4,19.4,80.6,"Milvignes (NE)","L'initiative sur la neutralité n'a pas trouvé grâce aux yeux des citoyens de Milvignes. Ils ont refusé le texte à 80,6 pour cent.","https://thumb.wikimedia.org/wikipedia/commons/thumb/c/c5/Milvignes-blazon.svg/250px-Milvignes-blazon.svg.png"
6417,24.3,24.3,75.7,"La Grande Béroche (NE)","L'initiative sur la neutralité n'a pas trouvé grâce aux yeux des citoyens de La Grande Béroche. Ils ont refusé le texte à 75,7 pour cent.","https://thumb.wikimedia.org/wikipedia/commons/thumb/6/6e/LaGrandeB%C3%A9roche-blazon.svg/250px-LaGrandeB%C3%A9roche-blazon.svg.png"
6421,24.5,24.5,75.5,"La Chaux-de-Fonds (NE)","L'initiative sur la neutralité n'a pas trouvé grâce aux yeux des citoyens de La Chaux-de-Fonds. Ils ont refusé le texte à 75,5 pour cent.","https://thumb.wikimedia.org/wikipedia/commons/thumb/b/b3/CHE_La_Chaux-de-Fonds_COA.svg/500px-CHE_La_Chaux-de-Fonds_COA.svg.png"
6422,34.3,34.3,65.7,"Les Planchettes (NE)","Les habitants de la petite commune des Planchettes ont refusé l'initiative sur la neutralité. Ils ont dit non à cet objet par 46 voix contre 24.","https://thumb.wikimedia.org/wikipedia/commons/thumb/6/65/CHE_Les_Planchettes_COA.svg/500px-CHE_Les_Planchettes_COA.svg.png"
6423,33.3,33.3,66.7,"La Sagne (NE)","Les habitants de La Sagne s'opposent à l'initiative sur la neutralité par 66,7 pour cent des voix.","https://thumb.wikimedia.org/wikipedia/commons/thumb/8/86/La_Sagne-coat_of_arms.svg/500px-La_Sagne-coat_of_arms.svg.png"
6432,39.9,39.9,60.1,"La Brévine (NE)","Les habitants de La Brévine s'opposent à l'initiative sur la neutralité par 60,1 pour cent des voix.","https://thumb.wikimedia.org/wikipedia/commons/thumb/3/33/CHE_La_Br%C3%A9vine_COA.svg/500px-CHE_La_Br%C3%A9vine_COA.svg.png"
6433,32.7,32.7,67.3,"Brot-Plamboz (NE)","A Brot-Plamboz, les citoyens rejettent à 67,3 pour cent l'initiative sur la neutralité.","https://thumb.wikimedia.org/wikipedia/commons/thumb/4/48/Brot-Plamboz-coat_of_arms.svg/500px-Brot-Plamboz-coat_of_arms.svg.png"
6434,30.6,30.6,69.4,"Le Cerneux-Péquignot (NE)","L'initiative sur la neutralité n'a pas trouvé grâce aux yeux des citoyens du Cerneux-Péquignot. Ils ont refusé le texte à 69,4 pour cent.","https://thumb.wikimedia.org/wikipedia/commons/thumb/9/9e/Le_Cerneux-Pequignot-coat_of_arms.svg/500px-Le_Cerneux-Pequignot-coat_of_arms.svg.png"
6435,28.3,28.3,71.7,"La Chaux-du-Milieu (NE)","Les habitants de La Chaux-du-Milieu s'opposent à l'initiative sur la neutralité par 71,7 pour cent des voix.","https://thumb.wikimedia.org/wikipedia/commons/thumb/4/49/La_Chaux-du-Milieu-coat_of_arms.svg/500px-La_Chaux-du-Milieu-coat_of_arms.svg.png"
6436,30.7,30.7,69.3,"Le Locle (NE)","La population du Locle rejette à 69,3 pour cent des voix l'initiative sur la neutralité.","https://thumb.wikimedia.org/wikipedia/commons/thumb/4/4e/LeLocle-blazon.svg/250px-LeLocle-blazon.svg.png"
6437,42.4,42.4,57.6,"Les Ponts-de-Martel (NE)","C'est non à l'initiative sur la neutralité aux Ponts-de-Martel. Les habitants ont refusé le texte à 57,6 pour cent.","https://thumb.wikimedia.org/wikipedia/commons/thumb/8/8b/CHE_Les_Ponts-de-Martel_COA.svg/500px-CHE_Les_Ponts-de-Martel_COA.svg.png"
6451,27.2,27.2,72.8,"Cornaux (NE)","L'initiative sur la neutralité est refusée à 72,8 pour cent à Cornaux.","https://thumb.wikimedia.org/wikipedia/commons/thumb/2/29/CHE_Cornaux_COA.svg/500px-CHE_Cornaux_COA.svg.png"
6452,21.4,21.4,78.6,"Cressier (NE)","L'initiative sur la neutralité n'a pas convaincu à Cressier (NE). Les citoyens de la commune ont refusé le texte à 78,6 pour cent.","https://thumb.wikimedia.org/wikipedia/commons/thumb/d/d4/Cressier_NE-blazon.svg/250px-Cressier_NE-blazon.svg.png"
6455,23.7,23.7,76.3,"Le Landeron (NE)","La population du Landeron rejette à 76,3 pour cent des voix l'initiative sur la neutralité.","https://thumb.wikimedia.org/wikipedia/commons/thumb/0/01/LeLanderon-blazon.svg/250px-LeLanderon-blazon.svg.png"
6456,27.1,27.1,72.9,"Lignières (NE)","A Lignières, les citoyens rejettent à 72,9 pour cent l'initiative sur la neutralité.","https://thumb.wikimedia.org/wikipedia/commons/thumb/6/6f/CHE_Ligni%C3%A8res_COA.svg/500px-CHE_Ligni%C3%A8res_COA.svg.png"
6458,50,0,0,"Neuchâtel (NE)","Les résultats ne sont pas encore connus dans cette commune.","https://thumb.wikimedia.org/wikipedia/commons/thumb/0/04/CHE_Neuch%C3%A2tel_COA.svg/500px-CHE_Neuch%C3%A2tel_COA.svg.png"
6487,25.2,25.2,74.8,"Val-de-Ruz (NE)","L'initiative sur la neutralité n'a pas convaincu à Val-de-Ruz. Les citoyens de la commune ont refusé le texte à 74,8 pour cent.","https://thumb.wikimedia.org/wikipedia/commons/thumb/b/b1/CHE_Val-de-Ruz_COA.svg/500px-CHE_Val-de-Ruz_COA.svg.png"
6504,54.7,54.7,45.3,"La Côte-aux-Fées (NE)","La Côte-aux-Fées dit oui à 54,7 pour cent à l'initiative sur la neutralité.","https://thumb.wikimedia.org/wikipedia/commons/thumb/3/35/CHE_La_C%C3%B4te-aux-F%C3%A9es_COA.svg/500px-CHE_La_C%C3%B4te-aux-F%C3%A9es_COA.svg.png"
6511,43.2,43.2,56.8,"Les Verrières (NE)","C'est non à l'initiative sur la neutralité aux Verrières. Les habitants ont refusé le texte à 56,8 pour cent.","https://thumb.wikimedia.org/wikipedia/commons/thumb/6/6a/CHE_Les_Verri%C3%A8res_COA.svg/500px-CHE_Les_Verri%C3%A8res_COA.svg.png"
6512,35.1,35.1,64.9,"Val-de-Travers (NE)","L'initiative sur la neutralité est refusée à 64,9 pour cent à Val-de-Travers.","https://thumb.wikimedia.org/wikipedia/commons/thumb/f/f7/CHE_Val-de-Travers_COA.svg/250px-CHE_Val-de-Travers_COA.svg.png"
6513,20,20,80,"Laténa (NE)","A Laténa, les citoyens rejettent à 80 pour cent l'initiative sur la neutralité.","https://thumb.wikimedia.org/wikipedia/commons/thumb/0/0e/CHE_Lat%C3%A9na_COA.svg/500px-CHE_Lat%C3%A9na_COA.svg.png"
6601,50,0,0,"Aire-la-Ville (GE)","Les résultats ne sont pas encore connus dans cette commune.","https://thumb.wikimedia.org/wikipedia/commons/thumb/6/67/CHE_Aire-la-Ville_COA.svg/960px-CHE_Aire-la-Ville_COA.svg.png"
6602,50,0,0,"Anières (GE)","Les résultats ne sont pas encore connus dans cette commune.","https://thumb.wikimedia.org/wikipedia/commons/thumb/b/b8/CHE_Ani%C3%A8res_COA.svg/960px-CHE_Ani%C3%A8res_COA.svg.png"
6603,50,0,0,"Avully (GE)","Les résultats ne sont pas encore connus dans cette commune.","https://thumb.wikimedia.org/wikipedia/commons/thumb/4/4f/CHE_Avully_COA.svg/960px-CHE_Avully_COA.svg.png"
6604,50,0,0,"Avusy (GE)","Les résultats ne sont pas encore connus dans cette commune.","https://thumb.wikimedia.org/wikipedia/commons/thumb/e/e6/CHE_Avusy_COA.svg/960px-CHE_Avusy_COA.svg.png"
6605,50,0,0,"Bardonnex (GE)","Les résultats ne sont pas encore connus dans cette commune.","https://thumb.wikimedia.org/wikipedia/commons/thumb/1/15/CHE_Bardonnex_COA.svg/500px-CHE_Bardonnex_COA.svg.png"
6606,50,0,0,"Bellevue (GE)","Les résultats ne sont pas encore connus dans cette commune.","https://thumb.wikimedia.org/wikipedia/commons/thumb/0/09/CHE_Bellevue_COA.svg/960px-CHE_Bellevue_COA.svg.png"
6607,50,0,0,"Bernex (GE)","Les résultats ne sont pas encore connus dans cette commune.","https://thumb.wikimedia.org/wikipedia/commons/thumb/e/e4/CHE_Bernex_COA.svg/960px-CHE_Bernex_COA.svg.png"
6608,50,0,0,"Carouge (GE)","Les résultats ne sont pas encore connus dans cette commune.","https://thumb.wikimedia.org/wikipedia/commons/thumb/4/4b/CHE_Carouge_COA.svg/960px-CHE_Carouge_COA.svg.png"
6609,50,0,0,"Cartigny (GE)","Les résultats ne sont pas encore connus dans cette commune.","https://thumb.wikimedia.org/wikipedia/commons/thumb/3/30/CHE_Cartigny_COA.svg/960px-CHE_Cartigny_COA.svg.png"
6610,50,0,0,"Céligny (GE)","Les résultats ne sont pas encore connus dans cette commune.","https://thumb.wikimedia.org/wikipedia/commons/thumb/7/7b/CHE_C%C3%A9ligny_COA.svg/960px-CHE_C%C3%A9ligny_COA.svg.png"
6611,50,0,0,"Chancy (GE)","Les résultats ne sont pas encore connus dans cette commune.","https://thumb.wikimedia.org/wikipedia/commons/thumb/5/52/CHE_Chancy_COA.svg/960px-CHE_Chancy_COA.svg.png"
6612,50,0,0,"Chêne-Bougeries (GE)","Les résultats ne sont pas encore connus dans cette commune.","https://thumb.wikimedia.org/wikipedia/commons/thumb/f/f4/CHE_Ch%C3%AAne-Bougeries_COA.svg/500px-CHE_Ch%C3%AAne-Bougeries_COA.svg.png"
6613,50,0,0,"Chêne-Bourg (GE)","Les résultats ne sont pas encore connus dans cette commune.","https://thumb.wikimedia.org/wikipedia/commons/thumb/d/d3/CHE_Ch%C3%AAne-Bourg_COA.svg/960px-CHE_Ch%C3%AAne-Bourg_COA.svg.png"
6614,50,0,0,"Choulex (GE)","Les résultats ne sont pas encore connus dans cette commune.","https://thumb.wikimedia.org/wikipedia/commons/thumb/2/27/CHE_Choulex_COA.svg/960px-CHE_Choulex_COA.svg.png"
6615,50,0,0,"Collex-Bossy (GE)","Les résultats ne sont pas encore connus dans cette commune.","https://thumb.wikimedia.org/wikipedia/commons/thumb/f/f5/CHE_Collex-Bossy_COA.svg/960px-CHE_Collex-Bossy_COA.svg.png"
6616,50,0,0,"Collonge-Bellerive (GE)","Les résultats ne sont pas encore connus dans cette commune.","https://thumb.wikimedia.org/wikipedia/commons/thumb/f/f6/CHE_Collonge-Bellerive_COA.svg/960px-CHE_Collonge-Bellerive_COA.svg.png"
6617,50,0,0,"Cologny (GE)","Les résultats ne sont pas encore connus dans cette commune.","https://thumb.wikimedia.org/wikipedia/commons/thumb/a/a2/CHE_Cologny_COA.svg/960px-CHE_Cologny_COA.svg.png"
6618,50,0,0,"Confignon (GE)","Les résultats ne sont pas encore connus dans cette commune.","https://thumb.wikimedia.org/wikipedia/commons/thumb/5/58/CHE_Confignon_COA.svg/960px-CHE_Confignon_COA.svg.png"
6619,50,0,0,"Corsier (GE)","Les résultats ne sont pas encore connus dans cette commune.","https://thumb.wikimedia.org/wikipedia/commons/thumb/3/3c/CHE_Corsier_COA.svg/960px-CHE_Corsier_COA.svg.png"
6620,50,0,0,"Dardagny (GE)","Les résultats ne sont pas encore connus dans cette commune.","https://thumb.wikimedia.org/wikipedia/commons/thumb/2/26/CHE_Dardagny_COA.svg/960px-CHE_Dardagny_COA.svg.png"
6621,50,0,0,"Genève (GE)","Les résultats ne sont pas encore connus dans cette commune.","https://thumb.wikimedia.org/wikipedia/commons/thumb/4/4d/CHE_Gen%C3%A8ve_COA.svg/960px-CHE_Gen%C3%A8ve_COA.svg.png"
6622,50,0,0,"Genthod (GE)","Les résultats ne sont pas encore connus dans cette commune.","https://thumb.wikimedia.org/wikipedia/commons/thumb/f/f5/CHE_Genthod_COA.svg/960px-CHE_Genthod_COA.svg.png"
6623,50,0,0,"Le Grand-Saconnex (GE)","Les résultats ne sont pas encore connus dans cette commune.","https://thumb.wikimedia.org/wikipedia/commons/thumb/6/6a/CHE_Le_Grand-Saconnex_COA.svg/960px-CHE_Le_Grand-Saconnex_COA.svg.png"
6624,50,0,0,"Gy (GE)","Les résultats ne sont pas encore connus dans cette commune.","https://thumb.wikimedia.org/wikipedia/commons/thumb/f/f8/CHE_Gy_COA.svg/960px-CHE_Gy_COA.svg.png"
6625,50,0,0,"Hermance (GE)","Les résultats ne sont pas encore connus dans cette commune.","https://thumb.wikimedia.org/wikipedia/commons/thumb/b/b3/CHE_Hermance_COA.svg/960px-CHE_Hermance_COA.svg.png"
6626,50,0,0,"Jussy (GE)","Les résultats ne sont pas encore connus dans cette commune.","https://thumb.wikimedia.org/wikipedia/commons/thumb/3/31/CHE_Jussy_COA.svg/960px-CHE_Jussy_COA.svg.png"
6627,50,0,0,"Laconnex (GE)","Les résultats ne sont pas encore connus dans cette commune.","https://thumb.wikimedia.org/wikipedia/commons/thumb/9/97/CHE_Laconnex_COA.svg/960px-CHE_Laconnex_COA.svg.png"
6628,50,0,0,"Lancy (GE)","Les résultats ne sont pas encore connus dans cette commune.","https://thumb.wikimedia.org/wikipedia/commons/thumb/2/29/CHE_Lancy_COA.svg/960px-CHE_Lancy_COA.svg.png"
6629,50,0,0,"Meinier (GE)","Les résultats ne sont pas encore connus dans cette commune.","https://thumb.wikimedia.org/wikipedia/commons/thumb/a/a4/CHE_Meinier_COA.svg/960px-CHE_Meinier_COA.svg.png"
6630,50,0,0,"Meyrin (GE)","Les résultats ne sont pas encore connus dans cette commune.","https://thumb.wikimedia.org/wikipedia/commons/thumb/5/5a/CHE_Meyrin_COA.svg/960px-CHE_Meyrin_COA.svg.png"
6631,50,0,0,"Onex (GE)","Les résultats ne sont pas encore connus dans cette commune.","https://thumb.wikimedia.org/wikipedia/commons/thumb/b/b6/CHE_Onex_COA.svg/960px-CHE_Onex_COA.svg.png"
6632,50,0,0,"Perly-Certoux (GE)","Les résultats ne sont pas encore connus dans cette commune.","https://thumb.wikimedia.org/wikipedia/commons/thumb/e/ed/CHE_Perly-Certoux_COA.svg/960px-CHE_Perly-Certoux_COA.svg.png"
6633,50,0,0,"Plan-les-Ouates (GE)","Les résultats ne sont pas encore connus dans cette commune.","https://thumb.wikimedia.org/wikipedia/commons/thumb/6/66/CHE_Plan-les-Ouates_COA.svg/960px-CHE_Plan-les-Ouates_COA.svg.png"
6634,50,0,0,"Pregny-Chambésy (GE)","Les résultats ne sont pas encore connus dans cette commune.","https://thumb.wikimedia.org/wikipedia/commons/thumb/0/07/CHE_Pregny-Chamb%C3%A9sy_COA.svg/960px-CHE_Pregny-Chamb%C3%A9sy_COA.svg.png"
6635,50,0,0,"Presinge (GE)","Les résultats ne sont pas encore connus dans cette commune.","https://thumb.wikimedia.org/wikipedia/commons/thumb/b/b1/CHE_Presinge_COA.svg/960px-CHE_Presinge_COA.svg.png"
6636,50,0,0,"Puplinge (GE)","Les résultats ne sont pas encore connus dans cette commune.","https://thumb.wikimedia.org/wikipedia/commons/thumb/c/ce/CHE_Puplinge_COA.svg/960px-CHE_Puplinge_COA.svg.png"
6637,50,0,0,"Russin (GE)","Les résultats ne sont pas encore connus dans cette commune.","https://thumb.wikimedia.org/wikipedia/commons/thumb/4/49/CHE_Russin_COA.svg/960px-CHE_Russin_COA.svg.png"
6638,50,0,0,"Satigny (GE)","Les résultats ne sont pas encore connus dans cette commune.","https://thumb.wikimedia.org/wikipedia/commons/thumb/e/e6/CHE_Satigny_COA.svg/960px-CHE_Satigny_COA.svg.png"
6639,50,0,0,"Soral (GE)","Les résultats ne sont pas encore connus dans cette commune.","https://thumb.wikimedia.org/wikipedia/commons/thumb/d/de/CHE_Soral_COA.svg/960px-CHE_Soral_COA.svg.png"
6640,50,0,0,"Thônex (GE)","Les résultats ne sont pas encore connus dans cette commune.","https://thumb.wikimedia.org/wikipedia/commons/thumb/e/e5/CHE_Th%C3%B4nex_COA.svg/960px-CHE_Th%C3%B4nex_COA.svg.png"
6641,50,0,0,"Troinex (GE)","Les résultats ne sont pas encore connus dans cette commune.","https://thumb.wikimedia.org/wikipedia/commons/thumb/3/36/CHE_Troinex_COA.svg/960px-CHE_Troinex_COA.svg.png"
6642,50,0,0,"Vandoeuvres (GE)","Les résultats ne sont pas encore connus dans cette commune.","https://thumb.wikimedia.org/wikipedia/commons/thumb/7/70/CHE_Vand%C5%93uvres_COA.svg/960px-CHE_Vand%C5%93uvres_COA.svg.png"
6643,50,0,0,"Vernier (GE)","Les résultats ne sont pas encore connus dans cette commune.","https://thumb.wikimedia.org/wikipedia/commons/thumb/5/58/CHE_Vernier_COA.svg/960px-CHE_Vernier_COA.svg.png"
6644,50,0,0,"Versoix (GE)","Les résultats ne sont pas encore connus dans cette commune.","https://thumb.wikimedia.org/wikipedia/commons/thumb/e/e2/CHE_Versoix_COA.svg/960px-CHE_Versoix_COA.svg.png"
6645,50,0,0,"Veyrier (GE)","Les résultats ne sont pas encore connus dans cette commune.","https://thumb.wikimedia.org/wikipedia/commons/thumb/e/e9/CHE_Veyrier_COA.svg/960px-CHE_Veyrier_COA.svg.png"
6702,31,31,69,"Boécourt (JU)","A Boécourt, les citoyens rejettent à 69 pour cent l'initiative sur la neutralité.","https://thumb.wikimedia.org/wikipedia/commons/thumb/6/6b/CHE_Bo%C3%A9court_COA.svg/960px-CHE_Bo%C3%A9court_COA.svg.png"
6703,36.2,36.2,63.8,"Bourrignon (JU)","Les habitants de Bourrignon s'opposent à l'initiative sur la neutralité par 63,8 pour cent des voix.","https://thumb.wikimedia.org/wikipedia/commons/thumb/c/ca/Bourrignon-blazon.svg/250px-Bourrignon-blazon.svg.png"
6704,33.8,33.8,66.2,"Châtillon (JU)","L'initiative sur la neutralité est refusée à 66,2 pour cent à Châtillon (JU).","https://thumb.wikimedia.org/wikipedia/commons/thumb/b/bd/CHE_Ch%C3%A2tillon_COA.svg/250px-CHE_Ch%C3%A2tillon_COA.svg.png"
6706,22.4,22.4,77.6,"Courchapoix (JU)","A Courchapoix, les citoyens rejettent à 77,6 pour cent l'initiative sur la neutralité.","https://thumb.wikimedia.org/wikipedia/commons/thumb/d/de/CHE_Courchapoix_COA.svg/960px-CHE_Courchapoix_COA.svg.png"
6708,28.7,28.7,71.3,"Courrendlin (JU)","L'initiative sur la neutralité est refusée à 71,3 pour cent à Courrendlin.","https://thumb.wikimedia.org/wikipedia/commons/thumb/9/9f/CHE_Courrendlin_COA.svg/960px-CHE_Courrendlin_COA.svg.png"
6709,27.3,27.3,72.7,"Courroux (JU)","La population de Courroux rejette à 72,7 pour cent des voix l'initiative sur la neutralité.","https://thumb.wikimedia.org/wikipedia/commons/thumb/2/21/Courroux-blazon.svg/250px-Courroux-blazon.svg.png"
6710,28.5,28.5,71.5,"Courtételle (JU)","La population de Courtételle rejette à 71,5 pour cent des voix l'initiative sur la neutralité.","https://thumb.wikimedia.org/wikipedia/commons/thumb/0/02/CH_Courtetelle_COA.svg/500px-CH_Courtetelle_COA.svg.png"
6711,50,0,0,"Delémont (JU)","Les résultats ne sont pas encore connus dans cette commune.","https://thumb.wikimedia.org/wikipedia/commons/thumb/2/26/CHE_Del%C3%A9mont_COA.svg/500px-CHE_Del%C3%A9mont_COA.svg.png"
6712,23.6,23.6,76.4,"Develier (JU)","L'initiative sur la neutralité n'a pas trouvé grâce aux yeux des citoyens de Develier. Ils ont refusé le texte à 76,4 pour cent.","https://thumb.wikimedia.org/wikipedia/commons/thumb/2/25/CHE_Develier_COA.svg/960px-CHE_Develier_COA.svg.png"
6713,62.5,62.5,37.5,"Ederswiler (JU)","Les électeurs de la petite commune d'Ederswiler soutiennent l'initiative sur la neutralité. Ils ont dit oui au texte par 25 voix, contre 15.","https://thumb.wikimedia.org/wikipedia/commons/thumb/d/db/CHE_Ederswiler_COA.svg/960px-CHE_Ederswiler_COA.svg.png"
6715,29.6,29.6,70.4,"Mervelier (JU)","L'initiative sur la neutralité n'a pas convaincu à Mervelier. Les citoyens de la commune ont refusé le texte à 70,4 pour cent.","https://thumb.wikimedia.org/wikipedia/commons/thumb/a/ad/CHE_Mervelier_COA.svg/960px-CHE_Mervelier_COA.svg.png"
6716,31.2,31.2,68.8,"Mettembert (JU)","L'initiative sur la neutralité ne passe pas la rampe à Mettembert. Les habitants de cette petite commune l'ont rejetée par 33 voix, contre 15.","https://thumb.wikimedia.org/wikipedia/commons/thumb/8/8c/CHE_Mettembert_COA.svg/500px-CHE_Mettembert_COA.svg.png"
6718,50.7,50.7,49.3,"Movelier (JU)","Les habitants de Movelier soutiennent à 50,7 pour cent l'initiative sur la neutralité.","https://thumb.wikimedia.org/wikipedia/commons/thumb/7/7d/CHE_Movelier_COA.svg/960px-CHE_Movelier_COA.svg.png"
6719,31.7,31.7,68.3,"Pleigne (JU)","C'est non à l'initiative sur la neutralité à Pleigne. Les habitants ont refusé le texte à 68,3 pour cent.","https://thumb.wikimedia.org/wikipedia/commons/thumb/0/04/CHE_Pleigne_COA.svg/500px-CHE_Pleigne_COA.svg.png"
6721,20.6,20.6,79.4,"Rossemaison (JU)","Les habitants de Rossemaison s'opposent à l'initiative sur la neutralité par 79,4 pour cent des voix.","https://thumb.wikimedia.org/wikipedia/commons/thumb/d/d4/CHE_Rossemaison_COA.svg/960px-CHE_Rossemaison_COA.svg.png"
6722,23,23,77,"Saulcy (JU)","Les habitants de la petite commune de Saulcy ont refusé l'initiative sur la neutralité. Ils ont dit non à cet objet par 57 voix contre 17.","https://thumb.wikimedia.org/wikipedia/commons/thumb/0/0c/CHE_Saulcy_COA.svg/960px-CHE_Saulcy_COA.svg.png"
6724,45.5,45.5,54.5,"Soyhières (JU)","L'initiative sur la neutralité n'a pas trouvé grâce aux yeux des citoyens de Soyhières. Ils ont refusé le texte à 54,5 pour cent.","https://thumb.wikimedia.org/wikipedia/commons/thumb/3/30/CHE_Soyhi%C3%A8res_COA.svg/960px-CHE_Soyhi%C3%A8res_COA.svg.png"
6729,30,30,70,"Haute-Sorne (JU)","C'est non à l'initiative sur la neutralité à Haute-Sorne. Les habitants ont refusé le texte à 70 pour cent.","https://thumb.wikimedia.org/wikipedia/commons/thumb/2/2f/CHE_Haute-Sorne_COA.svg/500px-CHE_Haute-Sorne_COA.svg.png"
6730,28.4,28.4,71.6,"Val Terbi (JU)","L'initiative sur la neutralité n'a pas convaincu à Val Terbi. Les citoyens de la commune ont refusé le texte à 71,6 pour cent.","https://thumb.wikimedia.org/wikipedia/commons/thumb/c/c1/Coats_of_arms_of_None.svg/250px-Coats_of_arms_of_None.svg.png"
6741,24.3,24.3,75.7,"Le Bémont (JU)","Les habitants du Bémont (JU) s'opposent à l'initiative sur la neutralité par 75,7 pour cent des voix.","https://thumb.wikimedia.org/wikipedia/commons/thumb/8/81/CHE_Le_B%C3%A9mont_COA.svg/960px-CHE_Le_B%C3%A9mont_COA.svg.png"
6742,25.1,25.1,74.9,"Les Bois (JU)","C'est non à l'initiative sur la neutralité aux Bois. Les habitants ont refusé le texte à 74,9 pour cent.","https://thumb.wikimedia.org/wikipedia/commons/thumb/a/a5/CHE_Les_Bois_COA.svg/250px-CHE_Les_Bois_COA.svg.png"
6743,19.6,19.6,80.4,"Les Breuleux (JU)","Aux Breuleux, les citoyens rejettent à 80,4 pour cent l'initiative sur la neutralité.","https://thumb.wikimedia.org/wikipedia/commons/thumb/b/b4/CHE_Les_Breuleux_COA.svg/960px-CHE_Les_Breuleux_COA.svg.png"
6745,31.9,31.9,68.1,"Les Enfers (JU)","Les habitants de la petite commune des Enfers ont refusé l'initiative sur la neutralité. Ils ont dit non à cet objet par 47 voix contre 22.","https://thumb.wikimedia.org/wikipedia/commons/thumb/6/65/LesEnfers-blazon.svg/250px-LesEnfers-blazon.svg.png"
6748,29.7,29.7,70.3,"Les Genevez (JU)","L'initiative sur la neutralité n'a pas convaincu aux Genevez (JU). Les citoyens de la commune ont refusé le texte à 70,3 pour cent.","https://thumb.wikimedia.org/wikipedia/commons/thumb/8/83/CHE_Les_Genevez_COA.svg/500px-CHE_Les_Genevez_COA.svg.png"
6750,23.4,23.4,76.6,"Lajoux (JU)","C'est non à l'initiative sur la neutralité à Lajoux (JU). Les habitants ont refusé le texte à 76,6 pour cent.","https://thumb.wikimedia.org/wikipedia/commons/thumb/4/43/CHE_Lajoux_COA.svg/960px-CHE_Lajoux_COA.svg.png"
6751,27.5,27.5,72.5,"Montfaucon (JU)","Les habitants de Montfaucon s'opposent à l'initiative sur la neutralité par 72,5 pour cent des voix.","https://thumb.wikimedia.org/wikipedia/commons/thumb/e/e2/CHE_Montfaucon_COA.svg/960px-CHE_Montfaucon_COA.svg.png"
6753,19,19,81,"Muriaux (JU)","L'initiative sur la neutralité est refusée à 81 pour cent à Muriaux.","https://thumb.wikimedia.org/wikipedia/commons/thumb/9/96/CHE_Muriaux_COA.svg/960px-CHE_Muriaux_COA.svg.png"
6754,23.4,23.4,76.6,"Le Noirmont (JU)","L'initiative sur la neutralité est refusée à 76,6 pour cent au Noirmont.","https://thumb.wikimedia.org/wikipedia/commons/thumb/a/a9/CHE_Le_Noirmont_COA.svg/500px-CHE_Le_Noirmont_COA.svg.png"
6757,21.2,21.2,78.8,"Saignelégier (JU)","A Saignelégier, les citoyens rejettent à 78,8 pour cent l'initiative sur la neutralité.","https://thumb.wikimedia.org/wikipedia/commons/thumb/2/23/CHE_Saignel%C3%A9gier_COA.svg/960px-CHE_Saignel%C3%A9gier_COA.svg.png"
6758,27.4,27.4,72.6,"Saint-Brais (JU)","C'est non à l'initiative sur la neutralité à Saint-Brais. Les habitants ont refusé le texte à 72,6 pour cent.","https://thumb.wikimedia.org/wikipedia/commons/thumb/a/a2/CHE_Saint-Brais_COA.svg/960px-CHE_Saint-Brais_COA.svg.png"
6759,44.2,44.2,55.8,"Soubey (JU)","Les habitants de la petite commune de Soubey ont refusé l'initiative sur la neutralité. Ils ont dit non à cet objet par 29 voix contre 23.","https://thumb.wikimedia.org/wikipedia/commons/thumb/0/02/CHE_Soubey_COA.svg/960px-CHE_Soubey_COA.svg.png"
6771,31.1,31.1,68.9,"Alle (JU)","L'initiative sur la neutralité est refusée à 68,9 pour cent à Alle.","https://thumb.wikimedia.org/wikipedia/commons/thumb/9/9c/CHE_Alle_COA.svg/500px-CHE_Alle_COA.svg.png"
6774,31.8,31.8,68.2,"Boncourt (JU)","Les habitants de Boncourt s'opposent à l'initiative sur la neutralité par 68,2 pour cent des voix.","https://thumb.wikimedia.org/wikipedia/commons/thumb/6/64/Boncourt-blazon.svg/250px-Boncourt-blazon.svg.png"
6778,50,0,0,"Bure (JU)","Les résultats ne sont pas encore connus dans cette commune.","https://thumb.wikimedia.org/wikipedia/commons/thumb/1/1e/CHE_Bure_COA.svg/960px-CHE_Bure_COA.svg.png"
6781,28.3,28.3,71.7,"Coeuve (JU)","Les habitants de Coeuve s'opposent à l'initiative sur la neutralité par 71,7 pour cent des voix.","https://thumb.wikimedia.org/wikipedia/commons/thumb/5/57/Coeuve-blazon.svg/250px-Coeuve-blazon.svg.png"
6782,34.8,34.8,65.2,"Cornol (JU)","L'initiative sur la neutralité est refusée à 65,2 pour cent à Cornol.","https://thumb.wikimedia.org/wikipedia/commons/thumb/a/a0/CHE_Cornol_COA.svg/500px-CHE_Cornol_COA.svg.png"
6783,32.1,32.1,67.9,"Courchavon (JU)","Les habitants de Courchavon s'opposent à l'initiative sur la neutralité par 67,9 pour cent des voix.","https://thumb.wikimedia.org/wikipedia/commons/thumb/e/ef/Courchavon-blazon.svg/250px-Courchavon-blazon.svg.png"
6784,32.4,32.4,67.6,"Courgenay (JU)","L'initiative sur la neutralité est refusée à 67,6 pour cent à Courgenay.","https://thumb.wikimedia.org/wikipedia/commons/thumb/3/37/CHE_Courgenay_COA.svg/960px-CHE_Courgenay_COA.svg.png"
6785,33.3,33.3,66.7,"Courtedoux (JU)","La population de Courtedoux rejette à 66,7 pour cent des voix l'initiative sur la neutralité.","https://thumb.wikimedia.org/wikipedia/commons/thumb/1/1c/CHE_Courtedoux_COA.svg/960px-CHE_Courtedoux_COA.svg.png"
6789,49.3,49.3,50.7,"Fahy (JU)","L'initiative sur la neutralité n'a pas convaincu à Fahy. Les citoyens de la commune ont refusé le texte à 50,7 pour cent.","https://thumb.wikimedia.org/wikipedia/commons/thumb/5/58/CHE_Fahy_COA.svg/960px-CHE_Fahy_COA.svg.png"
6790,26.1,26.1,73.9,"Fontenais (JU)","L'initiative sur la neutralité est refusée à 73,9 pour cent à Fontenais.","https://thumb.wikimedia.org/wikipedia/commons/thumb/9/95/Fontenais-blazon.svg/250px-Fontenais-blazon.svg.png"
6792,41.7,41.7,58.3,"Grandfontaine (JU)","L'initiative sur la neutralité n'a pas convaincu à Grandfontaine. Les citoyens de la commune ont refusé le texte à 58,3 pour cent.","https://thumb.wikimedia.org/wikipedia/commons/thumb/0/02/Grandfontaine-blazon.svg/250px-Grandfontaine-blazon.svg.png"
6800,50,0,0,"Porrentruy (JU)","Les résultats ne sont pas encore connus dans cette commune.","https://thumb.wikimedia.org/wikipedia/commons/thumb/6/64/CHE_Porrentruy_JU_COA.svg/960px-CHE_Porrentruy_JU_COA.svg.png"
6806,34.7,34.7,65.3,"Vendlincourt (JU)","L'initiative sur la neutralité n'a pas convaincu à Vendlincourt. Les citoyens de la commune ont refusé le texte à 65,3 pour cent.","https://thumb.wikimedia.org/wikipedia/commons/thumb/0/07/CHE_Vendlincourt_COA.svg/500px-CHE_Vendlincourt_COA.svg.png"
6807,35.1,35.1,64.9,"Basse-Allaine (JU)","L'initiative sur la neutralité est refusée à 64,9 pour cent à Basse-Allaine.","https://thumb.wikimedia.org/wikipedia/commons/thumb/c/c4/BasseAllaine-blazon.svg/250px-BasseAllaine-blazon.svg.png"
6808,34.3,34.3,65.7,"Clos du Doubs (JU)","L'initiative sur la neutralité n'a pas trouvé grâce aux yeux des citoyens de Clos du Doubs. Ils ont refusé le texte à 65,7 pour cent.","https://thumb.wikimedia.org/wikipedia/commons/thumb/c/c0/ClosDuDoubs-blazon.svg/250px-ClosDuDoubs-blazon.svg.png"
6809,35.9,35.9,64.1,"Haute-Ajoie (JU)","L'initiative sur la neutralité n'a pas convaincu à Haute-Ajoie. Les citoyens de la commune ont refusé le texte à 64,1 pour cent.","https://thumb.wikimedia.org/wikipedia/commons/thumb/f/f0/Wappen_Jura_matt.svg/500px-Wappen_Jura_matt.svg.png"
6810,44.1,44.1,55.9,"La Baroche (JU)","L'initiative sur la neutralité est refusée à 55,9 pour cent à La Baroche.","https://thumb.wikimedia.org/wikipedia/commons/thumb/a/a1/CHE_La_Baroche_COA.svg/500px-CHE_La_Baroche_COA.svg.png"
6811,38.3,38.3,61.7,"Damphreux-Lugnez (JU)","L'initiative sur la neutralité est refusée à 61,7 pour cent à Damphreux-Lugnez.","https://thumb.wikimedia.org/wikipedia/commons/thumb/1/1d/CHE_Damphreux-Lugnez_COA.svg/960px-CHE_Damphreux-Lugnez_COA.svg.png"
6812,38.8,38.8,61.2,"Basse-Vendline (JU)","L'initiative sur la neutralité n'a pas trouvé grâce aux yeux des citoyens de Basse-Vendline. Ils ont refusé le texte à 61,2 pour cent.","https://thumb.wikimedia.org/wikipedia/commons/thumb/3/3f/CHE_Basse-Vendline_COA.svg/500px-CHE_Basse-Vendline_COA.svg.png"
6831,50,0,0,"Moutier (JU)","Les résultats ne sont pas encore connus dans cette commune.","https://thumb.wikimedia.org/wikipedia/commons/thumb/f/f0/CHE_Moutier_COA.svg/500px-CHE_Moutier_COA.svg.png"
