"Kantons_Nr","Gemeinde_Nr","Ja_Stimmen_In_Prozent","Ja_Stimmen_Absolut","Nein_Stimmen_Absolut","Stimmbeteiligung_In_Prozent","Eingelegte_Stimmzettel","Anzahl_Stimmberechtigte","Gueltige_Stimmen","Gebiet_Ausgezaehlt","Kanton_Short","Gemeinde_d","Gemeinde_f","Gemeinde_i","Gemeinde_KT_d","Gemeinde_KT_f","Gemeinde_KT_i","Kanton_d","Kanton_f","Kanton_i","link_wappen","Ja_Stimmen_In_Prozent_Kanton","Highest_Yes_Kant","Highest_No_Kant"
1,1,28.709288299,238,591,59.415121255,833,1402,829,TRUE,"ZH","Aeugst am Albis","Aeugst am Albis","Aeugst am Albis","Aeugst am Albis ZH","Aeugst am Albis (ZH)","Aeugst am Albis (ZH)","Zürich","Zurich","Zurigo","https://thumb.wikimedia.org/wikipedia/commons/thumb/5/58/CHE_Aeugst_am_Albis_COA.svg/250px-CHE_Aeugst_am_Albis_COA.svg.png",31.132234622,FALSE,FALSE
1,2,26.735294118,909,2491,46.827463341,3417,7297,3400,TRUE,"ZH","Affoltern am Albis","Affoltern am Albis","Affoltern am Albis","Affoltern am Albis ZH","Affoltern am Albis (ZH)","Affoltern am Albis (ZH)","Zürich","Zurich","Zurigo","https://thumb.wikimedia.org/wikipedia/commons/thumb/6/6c/CHE_Affoltern_am_Albis_COA.svg/250px-CHE_Affoltern_am_Albis_COA.svg.png",31.132234622,FALSE,FALSE
1,3,24.578527063,554,1700,61.347708895,2276,3710,2254,TRUE,"ZH","Bonstetten","Bonstetten","Bonstetten","Bonstetten ZH","Bonstetten (ZH)","Bonstetten (ZH)","Zürich","Zurich","Zurigo","https://thumb.wikimedia.org/wikipedia/commons/thumb/1/12/CHE_Bonstetten_COA.svg/330px-CHE_Bonstetten_COA.svg.png",31.132234622,FALSE,FALSE
1,4,29.057087877,453,1106,58.75748503,1570,2672,1559,TRUE,"ZH","Hausen am Albis","Hausen am Albis","Hausen am Albis","Hausen am Albis ZH","Hausen am Albis (ZH)","Hausen am Albis (ZH)","Zürich","Zurich","Zurigo","https://thumb.wikimedia.org/wikipedia/commons/thumb/a/a3/CHE_Hausen_am_Albis_COA.svg/250px-CHE_Hausen_am_Albis_COA.svg.png",31.132234622,FALSE,FALSE
1,5,25.230987918,355,1052,54.457738325,1411,2591,1407,TRUE,"ZH","Hedingen","Hedingen","Hedingen","Hedingen ZH","Hedingen (ZH)","Hedingen (ZH)","Zürich","Zurich","Zurigo","https://thumb.wikimedia.org/wikipedia/commons/thumb/c/cf/CHE_Hedingen_COA.svg/250px-CHE_Hedingen_COA.svg.png",31.132234622,FALSE,FALSE
1,6,36.63003663,200,346,60.913140312,547,898,546,TRUE,"ZH","Kappel am Albis","Kappel am Albis","Kappel am Albis","Kappel am Albis ZH","Kappel am Albis (ZH)","Kappel am Albis (ZH)","Zürich","Zurich","Zurigo","https://thumb.wikimedia.org/wikipedia/commons/thumb/6/62/CHE_Kappel_am_Albis_COA.svg/250px-CHE_Kappel_am_Albis_COA.svg.png",31.132234622,FALSE,FALSE
1,7,31.279620853,264,580,55.12987013,849,1540,844,TRUE,"ZH","Knonau","Knonau","Knonau","Knonau ZH","Knonau (ZH)","Knonau (ZH)","Zürich","Zurich","Zurigo","https://thumb.wikimedia.org/wikipedia/commons/thumb/7/70/CHE_Knonau_COA.svg/250px-CHE_Knonau_COA.svg.png",31.132234622,FALSE,FALSE
1,8,35.317460317,89,163,56.097560976,253,451,252,TRUE,"ZH","Maschwanden","Maschwanden","Maschwanden","Maschwanden ZH","Maschwanden (ZH)","Maschwanden (ZH)","Zürich","Zurich","Zurigo","https://thumb.wikimedia.org/wikipedia/commons/thumb/c/c8/CHE_Maschwanden_COA.svg/250px-CHE_Maschwanden_COA.svg.png",31.132234622,FALSE,FALSE
1,9,26.89270785,579,1574,55.921223115,2158,3859,2153,TRUE,"ZH","Mettmenstetten","Mettmenstetten","Mettmenstetten","Mettmenstetten ZH","Mettmenstetten (ZH)","Mettmenstetten (ZH)","Zürich","Zurich","Zurigo","https://thumb.wikimedia.org/wikipedia/commons/thumb/d/d8/CHE_Mettmenstetten_COA.svg/250px-CHE_Mettmenstetten_COA.svg.png",31.132234622,FALSE,FALSE
1,10,,,,,,,,FALSE,"ZH","Obfelden","Obfelden","Obfelden","Obfelden ZH","Obfelden (ZH)","Obfelden (ZH)","Zürich","Zurich","Zurigo","https://thumb.wikimedia.org/wikipedia/commons/thumb/3/37/CHE_Obfelden_COA.svg/250px-CHE_Obfelden_COA.svg.png",31.132234622,FALSE,FALSE
1,11,31.221303949,340,749,53.196681308,1090,2049,1089,TRUE,"ZH","Ottenbach","Ottenbach","Ottenbach","Ottenbach ZH","Ottenbach (ZH)","Ottenbach (ZH)","Zürich","Zurich","Zurigo","https://thumb.wikimedia.org/wikipedia/commons/thumb/2/28/CHE_Ottenbach_COA.svg/250px-CHE_Ottenbach_COA.svg.png",31.132234622,FALSE,FALSE
1,12,,,,,,,,FALSE,"ZH","Rifferswil","Rifferswil","Rifferswil","Rifferswil ZH","Rifferswil (ZH)","Rifferswil (ZH)","Zürich","Zurich","Zurigo","https://thumb.wikimedia.org/wikipedia/commons/thumb/f/fa/CHE_Rifferswil_COA.svg/250px-CHE_Rifferswil_COA.svg.png",31.132234622,FALSE,FALSE
1,13,27.574291638,399,1048,60.23150062,1457,2419,1447,TRUE,"ZH","Stallikon","Stallikon","Stallikon","Stallikon ZH","Stallikon (ZH)","Stallikon (ZH)","Zürich","Zurich","Zurigo","https://thumb.wikimedia.org/wikipedia/commons/thumb/2/22/CHE_Stallikon_COA.svg/250px-CHE_Stallikon_COA.svg.png",31.132234622,FALSE,FALSE
1,14,22.300351582,444,1547,56.192080876,2001,3561,1991,TRUE,"ZH","Wettswil am Albis","Wettswil am Albis","Wettswil am Albis","Wettswil am Albis ZH","Wettswil am Albis (ZH)","Wettswil am Albis (ZH)","Zürich","Zurich","Zurigo","https://thumb.wikimedia.org/wikipedia/commons/thumb/c/c6/CHE_Wettswil_am_Albis_COA.svg/250px-CHE_Wettswil_am_Albis_COA.svg.png",31.132234622,FALSE,FALSE
1,22,38.323353293,128,206,55.172413793,336,609,334,TRUE,"ZH","Benken ZH","Benken (ZH)","Benken ZH","Benken ZH","Benken (ZH)","Benken (ZH)","Zürich","Zurich","Zurigo","https://thumb.wikimedia.org/wikipedia/commons/thumb/2/2c/CHE_Benken_COA.svg/250px-CHE_Benken_COA.svg.png",31.132234622,FALSE,FALSE
1,23,37.79264214,113,186,64.025695931,299,467,299,TRUE,"ZH","Berg am Irchel","Berg am Irchel","Berg am Irchel","Berg am Irchel ZH","Berg am Irchel (ZH)","Berg am Irchel (ZH)","Zürich","Zurich","Zurigo","https://thumb.wikimedia.org/wikipedia/commons/thumb/b/b6/CHE_Berg_am_Irchel_COA.svg/250px-CHE_Berg_am_Irchel_COA.svg.png",31.132234622,FALSE,FALSE
1,24,33.566433566,144,285,57.96519411,433,747,429,TRUE,"ZH","Buch am Irchel","Buch am Irchel","Buch am Irchel","Buch am Irchel ZH","Buch am Irchel (ZH)","Buch am Irchel (ZH)","Zürich","Zurich","Zurigo","https://thumb.wikimedia.org/wikipedia/commons/thumb/a/ae/CHE_Buch_am_Irchel_COA.svg/250px-CHE_Buch_am_Irchel_COA.svg.png",31.132234622,FALSE,FALSE
1,25,24.823695346,176,533,52.549889135,711,1353,709,TRUE,"ZH","Dachsen","Dachsen","Dachsen","Dachsen ZH","Dachsen (ZH)","Dachsen (ZH)","Zürich","Zurich","Zurigo","https://thumb.wikimedia.org/wikipedia/commons/thumb/c/c5/CHE_Dachsen_COA.svg/330px-CHE_Dachsen_COA.svg.png",31.132234622,FALSE,FALSE
1,26,35.548172757,107,194,55.197132616,308,558,301,TRUE,"ZH","Dorf","Dorf","Dorf","Dorf ZH","Dorf (ZH)","Dorf (ZH)","Zürich","Zurich","Zurigo","https://thumb.wikimedia.org/wikipedia/commons/thumb/1/14/CHE_Dorf_COA.svg/250px-CHE_Dorf_COA.svg.png",31.132234622,FALSE,FALSE
1,27,25.240174672,289,856,48.878544223,1155,2363,1145,TRUE,"ZH","Feuerthalen","Feuerthalen","Feuerthalen","Feuerthalen ZH","Feuerthalen (ZH)","Feuerthalen (ZH)","Zürich","Zurich","Zurigo","https://thumb.wikimedia.org/wikipedia/commons/thumb/5/50/CHE_Feuerthalen_COA.svg/250px-CHE_Feuerthalen_COA.svg.png",31.132234622,FALSE,FALSE
1,28,40.201005025,240,357,56.436567164,605,1072,597,TRUE,"ZH","Flaach","Flaach","Flaach","Flaach ZH","Flaach (ZH)","Flaach (ZH)","Zürich","Zurich","Zurigo","https://thumb.wikimedia.org/wikipedia/commons/thumb/2/29/CHE_Flaach_COA.svg/250px-CHE_Flaach_COA.svg.png",31.132234622,FALSE,FALSE
1,29,20.302013423,121,475,59.723593287,605,1013,596,TRUE,"ZH","Flurlingen","Flurlingen","Flurlingen","Flurlingen ZH","Flurlingen (ZH)","Flurlingen (ZH)","Zürich","Zurich","Zurigo","https://thumb.wikimedia.org/wikipedia/commons/thumb/c/cc/CHE_Flurlingen_COA.svg/250px-CHE_Flurlingen_COA.svg.png",31.132234622,FALSE,FALSE
1,31,,,,,,,,FALSE,"ZH","Henggart","Henggart","Henggart","Henggart ZH","Henggart (ZH)","Henggart (ZH)","Zürich","Zurich","Zurigo","https://thumb.wikimedia.org/wikipedia/commons/thumb/7/78/CHE_Henggart_COA.svg/250px-CHE_Henggart_COA.svg.png",31.132234622,FALSE,FALSE
1,33,35.576923077,296,536,52.800503461,839,1589,832,TRUE,"ZH","Kleinandelfingen","Kleinandelfingen","Kleinandelfingen","Kleinandelfingen ZH","Kleinandelfingen (ZH)","Kleinandelfingen (ZH)","Zürich","Zurich","Zurigo","https://thumb.wikimedia.org/wikipedia/commons/thumb/6/6f/CHE_Kleinandelfingen_COA.svg/250px-CHE_Kleinandelfingen_COA.svg.png",31.132234622,FALSE,FALSE
1,34,30.1542777,215,498,54.270597128,718,1323,713,TRUE,"ZH","Laufen-Uhwiesen","Laufen-Uhwiesen","Laufen-Uhwiesen","Laufen-Uhwiesen ZH","Laufen-Uhwiesen (ZH)","Laufen-Uhwiesen (ZH)","Zürich","Zurich","Zurigo","https://thumb.wikimedia.org/wikipedia/commons/thumb/5/5d/CHE_Laufen-Uhwiesen_COA.svg/250px-CHE_Laufen-Uhwiesen_COA.svg.png",31.132234622,FALSE,FALSE
1,35,41.64556962,329,461,54.002713704,796,1474,790,TRUE,"ZH","Marthalen","Marthalen","Marthalen","Marthalen ZH","Marthalen (ZH)","Marthalen (ZH)","Zürich","Zurich","Zurigo","https://thumb.wikimedia.org/wikipedia/commons/thumb/a/a7/CHE_Marthalen_COA.svg/250px-CHE_Marthalen_COA.svg.png",31.132234622,FALSE,FALSE
1,37,30.329041488,212,487,54.160246533,703,1298,699,TRUE,"ZH","Ossingen","Ossingen","Ossingen","Ossingen ZH","Ossingen (ZH)","Ossingen (ZH)","Zürich","Zurich","Zurigo","https://thumb.wikimedia.org/wikipedia/commons/thumb/0/08/CHE_Ossingen_COA.svg/250px-CHE_Ossingen_COA.svg.png",31.132234622,FALSE,FALSE
1,38,30.145530146,145,336,56.300578035,487,865,481,TRUE,"ZH","Rheinau","Rheinau","Rheinau","Rheinau ZH","Rheinau (ZH)","Rheinau (ZH)","Zürich","Zurich","Zurigo","https://thumb.wikimedia.org/wikipedia/commons/thumb/8/8b/CHE_Rheinau_COA.svg/250px-CHE_Rheinau_COA.svg.png",31.132234622,FALSE,FALSE
1,39,,,,,,,,FALSE,"ZH","Thalheim an der Thur","Thalheim an der Thur","Thalheim an der Thur","Thalheim an der Thur ZH","Thalheim an der Thur (ZH)","Thalheim an der Thur (ZH)","Zürich","Zurich","Zurigo","https://thumb.wikimedia.org/wikipedia/commons/thumb/e/e3/CHE_Thalheim_COA.svg/250px-CHE_Thalheim_COA.svg.png",31.132234622,FALSE,FALSE
1,40,37.254901961,152,256,50.242130751,415,826,408,TRUE,"ZH","Trüllikon","Trüllikon","Trüllikon","Trüllikon ZH","Trüllikon (ZH)","Trüllikon (ZH)","Zürich","Zurich","Zurigo","https://thumb.wikimedia.org/wikipedia/commons/thumb/c/c8/CHE_Tr%C3%BCllikon_COA.svg/250px-CHE_Tr%C3%BCllikon_COA.svg.png",31.132234622,FALSE,FALSE
1,41,37.209302326,96,162,73.789173789,259,351,258,TRUE,"ZH","Truttikon","Truttikon","Truttikon","Truttikon ZH","Truttikon (ZH)","Truttikon (ZH)","Zürich","Zurich","Zurigo","https://thumb.wikimedia.org/wikipedia/commons/thumb/e/e1/CHE_Truttikon_COA.svg/250px-CHE_Truttikon_COA.svg.png",31.132234622,FALSE,FALSE
1,43,40.136054422,59,88,54.646840149,147,269,147,TRUE,"ZH","Volken","Volken","Volken","Volken ZH","Volken (ZH)","Volken (ZH)","Zürich","Zurich","Zurigo","https://thumb.wikimedia.org/wikipedia/commons/thumb/a/a9/CHE_Volken_COA.svg/250px-CHE_Volken_COA.svg.png",31.132234622,FALSE,FALSE
1,51,31.244239631,339,746,41.052631579,1092,2660,1085,TRUE,"ZH","Bachenbülach","Bachenbülach","Bachenbülach","Bachenbülach ZH","Bachenbülach (ZH)","Bachenbülach (ZH)","Zürich","Zurich","Zurigo","https://thumb.wikimedia.org/wikipedia/commons/thumb/a/a8/CHE_Bachenb%C3%BClach_COA.svg/250px-CHE_Bachenb%C3%BClach_COA.svg.png",31.132234622,FALSE,FALSE
1,52,,,,,,,,FALSE,"ZH","Bassersdorf","Bassersdorf","Bassersdorf","Bassersdorf ZH","Bassersdorf (ZH)","Bassersdorf (ZH)","Zürich","Zurich","Zurigo","https://thumb.wikimedia.org/wikipedia/commons/thumb/c/c7/CHE_Bassersdorf_COA.svg/250px-CHE_Bassersdorf_COA.svg.png",31.132234622,FALSE,FALSE
1,53,28.430138464,1581,3980,40.583400015,5579,13747,5561,TRUE,"ZH","Bülach","Bülach","Bülach","Bülach ZH","Bülach (ZH)","Bülach (ZH)","Zürich","Zurich","Zurigo","https://thumb.wikimedia.org/wikipedia/commons/thumb/f/fb/CHE_B%C3%BClach_COA.svg/250px-CHE_B%C3%BClach_COA.svg.png",31.132234622,FALSE,FALSE
1,54,25.982828739,575,1638,46.253122398,2222,4804,2213,TRUE,"ZH","Dietlikon","Dietlikon","Dietlikon","Dietlikon ZH","Dietlikon (ZH)","Dietlikon (ZH)","Zürich","Zurich","Zurigo","https://thumb.wikimedia.org/wikipedia/commons/thumb/4/42/CHE_Dietlikon_COA.svg/250px-CHE_Dietlikon_COA.svg.png",31.132234622,FALSE,FALSE
1,55,27.232635061,494,1320,51.921434671,1824,3513,1814,TRUE,"ZH","Eglisau","Eglisau","Eglisau","Eglisau ZH","Eglisau (ZH)","Eglisau (ZH)","Zürich","Zurich","Zurigo","https://thumb.wikimedia.org/wikipedia/commons/thumb/0/0c/CHE_Eglisau_COA.svg/250px-CHE_Eglisau_COA.svg.png",31.132234622,FALSE,FALSE
1,56,33.362445415,764,1526,39.447494852,2299,5828,2290,TRUE,"ZH","Embrach","Embrach","Embrach","Embrach ZH","Embrach (ZH)","Embrach (ZH)","Zürich","Zurich","Zurigo","https://thumb.wikimedia.org/wikipedia/commons/thumb/e/e2/CHE_Embrach_COA.svg/250px-CHE_Embrach_COA.svg.png",31.132234622,FALSE,FALSE
1,57,31.235431235,268,590,52.854511971,861,1629,858,TRUE,"ZH","Freienstein-Teufen","Freienstein-Teufen","Freienstein-Teufen","Freienstein-Teufen ZH","Freienstein-Teufen (ZH)","Freienstein-Teufen (ZH)","Zürich","Zurich","Zurigo","https://thumb.wikimedia.org/wikipedia/commons/thumb/0/06/CHE_Freienstein-Teufen_COA.svg/250px-CHE_Freienstein-Teufen_COA.svg.png",31.132234622,FALSE,FALSE
1,58,,,,,,,,FALSE,"ZH","Glattfelden","Glattfelden","Glattfelden","Glattfelden ZH","Glattfelden (ZH)","Glattfelden (ZH)","Zürich","Zurich","Zurigo","https://thumb.wikimedia.org/wikipedia/commons/thumb/6/69/CHE_Glattfelden_COA.svg/250px-CHE_Glattfelden_COA.svg.png",31.132234622,FALSE,FALSE
1,59,36.391437309,238,416,48.925129726,660,1349,654,TRUE,"ZH","Hochfelden","Hochfelden","Hochfelden","Hochfelden ZH","Hochfelden (ZH)","Hochfelden (ZH)","Zürich","Zurich","Zurigo","https://thumb.wikimedia.org/wikipedia/commons/thumb/d/d0/CHE_Hochfelden_COA.svg/250px-CHE_Hochfelden_COA.svg.png",31.132234622,FALSE,FALSE
1,60,39.482758621,229,351,33.257661748,586,1762,580,TRUE,"ZH","Höri","Höri","Höri","Höri ZH","Höri (ZH)","Höri (ZH)","Zürich","Zurich","Zurigo","https://thumb.wikimedia.org/wikipedia/commons/thumb/c/c5/CHE_H%C3%B6ri_COA.svg/250px-CHE_H%C3%B6ri_COA.svg.png",31.132234622,FALSE,FALSE
1,61,33.414634146,137,273,52.873563218,414,783,410,TRUE,"ZH","Hüntwangen","Hüntwangen","Hüntwangen","Hüntwangen ZH","Hüntwangen (ZH)","Hüntwangen (ZH)","Zürich","Zurich","Zurigo","https://thumb.wikimedia.org/wikipedia/commons/thumb/3/31/CHE_H%C3%BCntwangen_COA.svg/250px-CHE_H%C3%BCntwangen_COA.svg.png",31.132234622,FALSE,FALSE
1,62,33.248277622,1303,2616,35.257326662,3946,11192,3919,TRUE,"ZH","Kloten","Kloten","Kloten","Kloten ZH","Kloten (ZH)","Kloten (ZH)","Zürich","Zurich","Zurigo","https://thumb.wikimedia.org/wikipedia/commons/thumb/0/0b/CHE_Kloten_Brand_Mark.svg/500px-CHE_Kloten_Brand_Mark.svg.png",31.132234622,FALSE,FALSE
1,63,33.530805687,283,561,47.904869762,846,1766,844,TRUE,"ZH","Lufingen","Lufingen","Lufingen","Lufingen ZH","Lufingen (ZH)","Lufingen (ZH)","Zürich","Zurich","Zurigo","https://thumb.wikimedia.org/wikipedia/commons/thumb/3/39/CHE_Lufingen_COA.svg/250px-CHE_Lufingen_COA.svg.png",31.132234622,FALSE,FALSE
1,64,,,,,,,,FALSE,"ZH","Nürensdorf","Nürensdorf","Nürensdorf","Nürensdorf ZH","Nürensdorf (ZH)","Nürensdorf (ZH)","Zürich","Zurich","Zurigo","https://thumb.wikimedia.org/wikipedia/commons/thumb/e/e2/CHE_N%C3%BCrensdorf_COA.svg/250px-CHE_N%C3%BCrensdorf_COA.svg.png",31.132234622,FALSE,FALSE
1,65,42.290748899,192,262,56.242274413,455,809,454,TRUE,"ZH","Oberembrach","Oberembrach","Oberembrach","Oberembrach ZH","Oberembrach (ZH)","Oberembrach (ZH)","Zürich","Zurich","Zurigo","https://thumb.wikimedia.org/wikipedia/commons/thumb/4/44/CHE_Oberembrach_COA.svg/250px-CHE_Oberembrach_COA.svg.png",31.132234622,FALSE,FALSE
1,66,33.796139519,998,1955,32.457005148,2963,9129,2953,TRUE,"ZH","Opfikon","Opfikon","Opfikon","Opfikon ZH","Opfikon (ZH)","Opfikon (ZH)","Zürich","Zurich","Zurigo","https://thumb.wikimedia.org/wikipedia/commons/thumb/0/0b/CHE_Opfikon_COA.svg/250px-CHE_Opfikon_COA.svg.png",31.132234622,FALSE,FALSE
1,67,31.073074391,472,1047,50.892857143,1539,3024,1519,TRUE,"ZH","Rafz","Rafz","Rafz","Rafz ZH","Rafz (ZH)","Rafz (ZH)","Zürich","Zurich","Zurigo","https://thumb.wikimedia.org/wikipedia/commons/thumb/c/cc/CHE_Rafz_COA.svg/250px-CHE_Rafz_COA.svg.png",31.132234622,FALSE,FALSE
1,68,37.774524158,258,425,39.406053684,690,1751,683,TRUE,"ZH","Rorbas","Rorbas","Rorbas","Rorbas ZH","Rorbas (ZH)","Rorbas (ZH)","Zürich","Zurich","Zurigo","https://thumb.wikimedia.org/wikipedia/commons/thumb/d/d6/CHE_Rorbas_COA.svg/250px-CHE_Rorbas_COA.svg.png",31.132234622,FALSE,FALSE
1,69,26.16091954,1138,3212,44.862978549,4371,9743,4350,TRUE,"ZH","Wallisellen","Wallisellen","Wallisellen","Wallisellen ZH","Wallisellen (ZH)","Wallisellen (ZH)","Zürich","Zurich","Zurigo","https://thumb.wikimedia.org/wikipedia/commons/thumb/3/3b/CHE_Wallisellen_COA.svg/250px-CHE_Wallisellen_COA.svg.png",31.132234622,FALSE,FALSE
1,70,29.716981132,63,149,50,212,424,212,TRUE,"ZH","Wasterkingen","Wasterkingen","Wasterkingen","Wasterkingen ZH","Wasterkingen (ZH)","Wasterkingen (ZH)","Zürich","Zurich","Zurigo","https://thumb.wikimedia.org/wikipedia/commons/thumb/4/47/CHE_Wasterkingen_COA.svg/250px-CHE_Wasterkingen_COA.svg.png",31.132234622,FALSE,FALSE
1,71,36.073825503,215,381,54.995417049,600,1091,596,TRUE,"ZH","Wil ZH","Wil (ZH)","Wil ZH","Wil ZH","Wil (ZH)","Wil (ZH)","Zürich","Zurich","Zurigo","https://thumb.wikimedia.org/wikipedia/commons/thumb/d/de/CHE_Wil_ZH_COA.svg/250px-CHE_Wil_ZH_COA.svg.png",31.132234622,FALSE,FALSE
1,72,31.768746422,555,1192,50.943944235,1754,3443,1747,TRUE,"ZH","Winkel","Winkel","Winkel","Winkel ZH","Winkel (ZH)","Winkel (ZH)","Zürich","Zurich","Zurigo","https://thumb.wikimedia.org/wikipedia/commons/thumb/6/63/CHE_Winkel_COA.svg/330px-CHE_Winkel_COA.svg.png",31.132234622,FALSE,FALSE
1,81,39.112903226,97,151,53.76344086,250,465,248,TRUE,"ZH","Bachs","Bachs","Bachs","Bachs ZH","Bachs (ZH)","Bachs (ZH)","Zürich","Zurich","Zurigo","https://thumb.wikimedia.org/wikipedia/commons/thumb/0/0b/CHE_Bachs_COA.svg/250px-CHE_Bachs_COA.svg.png",31.132234622,FALSE,FALSE
1,82,31.238779174,174,383,55.019685039,559,1016,557,TRUE,"ZH","Boppelsen","Boppelsen","Boppelsen","Boppelsen ZH","Boppelsen (ZH)","Boppelsen (ZH)","Zürich","Zurich","Zurigo","https://thumb.wikimedia.org/wikipedia/commons/thumb/5/50/CHE_Boppelsen_COA.svg/330px-CHE_Boppelsen_COA.svg.png",31.132234622,FALSE,FALSE
1,83,33.23019802,537,1079,41.439142638,1624,3919,1616,TRUE,"ZH","Buchs ZH","Buchs (ZH)","Buchs ZH","Buchs ZH","Buchs (ZH)","Buchs (ZH)","Zürich","Zurich","Zurigo","https://thumb.wikimedia.org/wikipedia/commons/thumb/0/0c/CHE_Buchs_COA.svg/250px-CHE_Buchs_COA.svg.png",31.132234622,FALSE,FALSE
1,84,37.868020305,373,612,40.342997142,988,2449,985,TRUE,"ZH","Dällikon","Dällikon","Dällikon","Dällikon ZH","Dällikon (ZH)","Dällikon (ZH)","Zürich","Zurich","Zurigo","https://thumb.wikimedia.org/wikipedia/commons/thumb/e/ef/CHE_D%C3%A4llikon_COA.svg/250px-CHE_D%C3%A4llikon_COA.svg.png",31.132234622,FALSE,FALSE
1,85,34.865900383,182,340,49.670122526,527,1061,522,TRUE,"ZH","Dänikon","Dänikon","Dänikon","Dänikon ZH","Dänikon (ZH)","Dänikon (ZH)","Zürich","Zurich","Zurigo","https://thumb.wikimedia.org/wikipedia/commons/thumb/5/58/CHE_D%C3%A4nikon_COA.svg/250px-CHE_D%C3%A4nikon_COA.svg.png",31.132234622,FALSE,FALSE
1,86,33.758389262,503,987,41.63208852,1505,3615,1490,TRUE,"ZH","Dielsdorf","Dielsdorf","Dielsdorf","Dielsdorf ZH","Dielsdorf (ZH)","Dielsdorf (ZH)","Zürich","Zurich","Zurigo","https://thumb.wikimedia.org/wikipedia/commons/thumb/e/e1/CHE_Dielsdorf_COA.svg/250px-CHE_Dielsdorf_COA.svg.png",31.132234622,FALSE,FALSE
1,87,40,122,183,52.107925801,309,593,305,TRUE,"ZH","Hüttikon","Hüttikon","Hüttikon","Hüttikon ZH","Hüttikon (ZH)","Hüttikon (ZH)","Zürich","Zurich","Zurigo","https://thumb.wikimedia.org/wikipedia/commons/thumb/5/5e/CHE_H%C3%BCttikon_COA.svg/250px-CHE_H%C3%BCttikon_COA.svg.png",31.132234622,FALSE,FALSE
1,88,,,,,,,,FALSE,"ZH","Neerach","Neerach","Neerach","Neerach ZH","Neerach (ZH)","Neerach (ZH)","Zürich","Zurich","Zurigo","https://thumb.wikimedia.org/wikipedia/commons/thumb/c/c8/CHE_Neerach_COA.svg/250px-CHE_Neerach_COA.svg.png",31.132234622,FALSE,FALSE
1,89,38.125,549,891,44.680196802,1453,3252,1440,TRUE,"ZH","Niederglatt","Niederglatt","Niederglatt","Niederglatt ZH","Niederglatt (ZH)","Niederglatt (ZH)","Zürich","Zurich","Zurigo","https://thumb.wikimedia.org/wikipedia/commons/thumb/b/be/CHE_Niederglatt_COA.svg/250px-CHE_Niederglatt_COA.svg.png",31.132234622,FALSE,FALSE
1,90,37.400419287,892,1493,42.21673138,2392,5666,2385,TRUE,"ZH","Niederhasli","Niederhasli","Niederhasli","Niederhasli ZH","Niederhasli (ZH)","Niederhasli (ZH)","Zürich","Zurich","Zurigo","https://thumb.wikimedia.org/wikipedia/commons/thumb/e/e6/CHE_Niederhasli_COA_%28side%29.svg/250px-CHE_Niederhasli_COA_%28side%29.svg.png",31.132234622,FALSE,FALSE
1,91,25.570776256,280,815,51.815181518,1099,2121,1095,TRUE,"ZH","Niederweningen","Niederweningen","Niederweningen","Niederweningen ZH","Niederweningen (ZH)","Niederweningen (ZH)","Zürich","Zurich","Zurigo","https://thumb.wikimedia.org/wikipedia/commons/thumb/2/2a/CHE_Niederweningen_COA.svg/250px-CHE_Niederweningen_COA.svg.png",31.132234622,FALSE,FALSE
1,92,41.666666667,560,784,35.981929312,1354,3763,1344,TRUE,"ZH","Oberglatt","Oberglatt","Oberglatt","Oberglatt ZH","Oberglatt (ZH)","Oberglatt (ZH)","Zürich","Zurich","Zurigo","https://thumb.wikimedia.org/wikipedia/commons/thumb/7/7c/CHE_Oberglatt_COA.svg/250px-CHE_Oberglatt_COA.svg.png",31.132234622,FALSE,FALSE
1,93,30.64516129,190,430,51.437962202,626,1217,620,TRUE,"ZH","Oberweningen","Oberweningen","Oberweningen","Oberweningen ZH","Oberweningen (ZH)","Oberweningen (ZH)","Zürich","Zurich","Zurigo","https://thumb.wikimedia.org/wikipedia/commons/thumb/b/b9/CHE_Oberweningen_COA.svg/250px-CHE_Oberweningen_COA.svg.png",31.132234622,FALSE,FALSE
1,94,,,,,,,,FALSE,"ZH","Otelfingen","Otelfingen","Otelfingen","Otelfingen ZH","Otelfingen (ZH)","Otelfingen (ZH)","Zürich","Zurich","Zurigo","https://thumb.wikimedia.org/wikipedia/commons/thumb/8/8a/CHE_Otelfingen_COA.svg/250px-CHE_Otelfingen_COA.svg.png",31.132234622,FALSE,FALSE
1,95,25.641025641,50,145,63.225806452,196,310,195,TRUE,"ZH","Regensberg","Regensberg","Regensberg","Regensberg ZH","Regensberg (ZH)","Regensberg (ZH)","Zürich","Zurich","Zurigo","https://thumb.wikimedia.org/wikipedia/commons/thumb/1/15/CHE_Regensberg_COA.svg/250px-CHE_Regensberg_COA.svg.png",31.132234622,FALSE,FALSE
1,96,36.543632364,1495,2596,39.035916824,4130,10580,4091,TRUE,"ZH","Regensdorf","Regensdorf","Regensdorf","Regensdorf ZH","Regensdorf (ZH)","Regensdorf (ZH)","Zürich","Zurich","Zurigo","https://thumb.wikimedia.org/wikipedia/commons/thumb/d/dc/Wappen_Regensberg.svg/500px-Wappen_Regensberg.svg.png",31.132234622,FALSE,FALSE
1,97,,,,,,,,FALSE,"ZH","Rümlang","Rümlang","Rümlang","Rümlang ZH","Rümlang (ZH)","Rümlang (ZH)","Zürich","Zurich","Zurigo","https://thumb.wikimedia.org/wikipedia/commons/thumb/1/1e/CHE_R%C3%BCmlang_COA.svg/250px-CHE_R%C3%BCmlang_COA.svg.png",31.132234622,FALSE,FALSE
1,98,39.202657807,118,183,48.325358852,303,627,301,TRUE,"ZH","Schleinikon","Schleinikon","Schleinikon","Schleinikon ZH","Schleinikon (ZH)","Schleinikon (ZH)","Zürich","Zurich","Zurigo","https://thumb.wikimedia.org/wikipedia/commons/thumb/c/ca/CHE_Schleinikon_COA.svg/250px-CHE_Schleinikon_COA.svg.png",31.132234622,FALSE,FALSE
1,99,34.865900383,182,340,54.926624738,524,954,522,TRUE,"ZH","Schöfflisdorf","Schöfflisdorf","Schöfflisdorf","Schöfflisdorf ZH","Schöfflisdorf (ZH)","Schöfflisdorf (ZH)","Zürich","Zurich","Zurigo","https://thumb.wikimedia.org/wikipedia/commons/thumb/3/3b/CHE_Sch%C3%B6fflisdorf_COA.svg/250px-CHE_Sch%C3%B6fflisdorf_COA.svg.png",31.132234622,FALSE,FALSE
1,100,40,298,447,44.878626406,758,1689,745,TRUE,"ZH","Stadel","Stadel","Stadel","Stadel ZH","Stadel (ZH)","Stadel (ZH)","Zürich","Zurich","Zurigo","https://thumb.wikimedia.org/wikipedia/commons/thumb/2/25/CHE_Stadel_COA.svg/250px-CHE_Stadel_COA.svg.png",31.132234622,FALSE,FALSE
1,101,32.551594747,347,719,49.153318078,1074,2185,1066,TRUE,"ZH","Steinmaur","Steinmaur","Steinmaur","Steinmaur ZH","Steinmaur (ZH)","Steinmaur (ZH)","Zürich","Zurich","Zurigo","https://thumb.wikimedia.org/wikipedia/commons/thumb/f/f3/CHE_Steinmaur_COA.svg/250px-CHE_Steinmaur_COA.svg.png",31.132234622,FALSE,FALSE
1,102,41.592920354,188,264,36.782538399,455,1237,452,TRUE,"ZH","Weiach","Weiach","Weiach","Weiach ZH","Weiach (ZH)","Weiach (ZH)","Zürich","Zurich","Zurigo","https://thumb.wikimedia.org/wikipedia/commons/thumb/8/8f/CHE_Weiach_COA.svg/250px-CHE_Weiach_COA.svg.png",31.132234622,FALSE,FALSE
1,111,,,,,,,,FALSE,"ZH","Bäretswil","Bäretswil","Bäretswil","Bäretswil ZH","Bäretswil (ZH)","Bäretswil (ZH)","Zürich","Zurich","Zurigo","https://thumb.wikimedia.org/wikipedia/commons/thumb/a/a2/CHE_B%C3%A4retswil_COA.svg/960px-CHE_B%C3%A4retswil_COA.svg.png",31.132234622,FALSE,FALSE
1,112,32.787422208,1001,2052,56.111416529,3062,5457,3053,TRUE,"ZH","Bubikon","Bubikon","Bubikon","Bubikon ZH","Bubikon (ZH)","Bubikon (ZH)","Zürich","Zurich","Zurigo","https://thumb.wikimedia.org/wikipedia/commons/thumb/0/0e/CHE_Bubikon_COA.svg/250px-CHE_Bubikon_COA.svg.png",31.132234622,FALSE,FALSE
1,113,34.766214178,922,1730,50.927519602,2663,5229,2652,TRUE,"ZH","Dürnten","Dürnten","Dürnten","Dürnten ZH","Dürnten (ZH)","Dürnten (ZH)","Zürich","Zurich","Zurigo","https://thumb.wikimedia.org/wikipedia/commons/thumb/6/63/CHE_D%C3%BCrnten_COA.svg/250px-CHE_D%C3%BCrnten_COA.svg.png",31.132234622,FALSE,FALSE
1,114,,,,,,,,FALSE,"ZH","Fischenthal","Fischenthal","Fischenthal","Fischenthal ZH","Fischenthal (ZH)","Fischenthal (ZH)","Zürich","Zurich","Zurigo","https://thumb.wikimedia.org/wikipedia/commons/thumb/1/1f/CHE_Fischenthal_COA.svg/250px-CHE_Fischenthal_COA.svg.png",31.132234622,FALSE,FALSE
1,115,35.39445629,1162,2121,45.568400771,3311,7266,3283,TRUE,"ZH","Gossau ZH","Gossau (ZH)","Gossau ZH","Gossau ZH","Gossau (ZH)","Gossau (ZH)","Zürich","Zurich","Zurigo","https://thumb.wikimedia.org/wikipedia/commons/thumb/3/33/CHE_Gossau_ZH_COA.svg/250px-CHE_Gossau_ZH_COA.svg.png",31.132234622,FALSE,FALSE
1,116,33.383685801,442,882,50.207625519,1330,2649,1324,TRUE,"ZH","Grüningen","Grüningen","Grüningen","Grüningen ZH","Grüningen (ZH)","Grüningen (ZH)","Zürich","Zurich","Zurigo","https://thumb.wikimedia.org/wikipedia/commons/thumb/f/fc/CHE_Gr%C3%BCningen_COA.svg/250px-CHE_Gr%C3%BCningen_COA.svg.png",31.132234622,FALSE,FALSE
1,117,,,,,,,,FALSE,"ZH","Hinwil","Hinwil","Hinwil","Hinwil ZH","Hinwil (ZH)","Hinwil (ZH)","Zürich","Zurich","Zurigo","https://thumb.wikimedia.org/wikipedia/commons/thumb/0/00/CHE_Hinwil_COA.svg/250px-CHE_Hinwil_COA.svg.png",31.132234622,FALSE,FALSE
1,118,,,,,,,,FALSE,"ZH","Rüti ZH","Rüti (ZH)","Rüti ZH","Rüti ZH","Rüti (ZH)","Rüti (ZH)","Zürich","Zurich","Zurigo","https://thumb.wikimedia.org/wikipedia/commons/thumb/e/e7/CHE_R%C3%BCti_ZH_COA.svg/250px-CHE_R%C3%BCti_ZH_COA.svg.png",31.132234622,FALSE,FALSE
1,119,31.238779174,174,383,56.954314721,561,985,557,TRUE,"ZH","Seegräben","Seegräben","Seegräben","Seegräben ZH","Seegräben (ZH)","Seegräben (ZH)","Zürich","Zurich","Zurigo","https://thumb.wikimedia.org/wikipedia/commons/thumb/2/29/CHE_Seegr%C3%A4ben_COA.svg/250px-CHE_Seegr%C3%A4ben_COA.svg.png",31.132234622,FALSE,FALSE
1,120,36.369863014,1062,1858,46.310312204,2937,6342,2920,TRUE,"ZH","Wald ZH","Wald (ZH)","Wald ZH","Wald ZH","Wald (ZH)","Wald (ZH)","Zürich","Zurich","Zurigo","https://thumb.wikimedia.org/wikipedia/commons/thumb/4/45/Wald-blazon-modern.svg/250px-Wald-blazon-modern.svg.png",31.132234622,FALSE,FALSE
1,121,,,,,,,,FALSE,"ZH","Wetzikon ZH","Wetzikon (ZH)","Wetzikon ZH","Wetzikon ZH","Wetzikon (ZH)","Wetzikon (ZH)","Zürich","Zurich","Zurigo","https://thumb.wikimedia.org/wikipedia/commons/thumb/0/0b/CHE_Wetzikon_COA.svg/250px-CHE_Wetzikon_COA.svg.png",31.132234622,FALSE,FALSE
1,131,,,,,,,,FALSE,"ZH","Adliswil","Adliswil","Adliswil","Adliswil ZH","Adliswil (ZH)","Adliswil (ZH)","Zürich","Zurich","Zurigo","https://thumb.wikimedia.org/wikipedia/commons/thumb/0/0e/CHE_Adliswil_COA.svg/250px-CHE_Adliswil_COA.svg.png",31.132234622,FALSE,FALSE
1,135,,,,,,,,FALSE,"ZH","Kilchberg ZH","Kilchberg (ZH)","Kilchberg ZH","Kilchberg ZH","Kilchberg (ZH)","Kilchberg (ZH)","Zürich","Zurich","Zurigo","https://thumb.wikimedia.org/wikipedia/commons/thumb/f/fd/CHE_Kilchberg_COA.svg/250px-CHE_Kilchberg_COA.svg.png",31.132234622,FALSE,FALSE
1,136,,,,,,,,FALSE,"ZH","Langnau am Albis","Langnau am Albis","Langnau am Albis","Langnau am Albis ZH","Langnau am Albis (ZH)","Langnau am Albis (ZH)","Zürich","Zurich","Zurigo","https://thumb.wikimedia.org/wikipedia/commons/thumb/a/a5/CHE_Langnau_am_Albis_COA.svg/250px-CHE_Langnau_am_Albis_COA.svg.png",31.132234622,FALSE,FALSE
1,137,21.121778676,418,1561,59.427207637,1992,3352,1979,TRUE,"ZH","Oberrieden","Oberrieden","Oberrieden","Oberrieden ZH","Oberrieden (ZH)","Oberrieden (ZH)","Zürich","Zurich","Zurigo","https://thumb.wikimedia.org/wikipedia/commons/thumb/7/73/CHE_Oberrieden_COA.svg/250px-CHE_Oberrieden_COA.svg.png",31.132234622,FALSE,FALSE
1,138,,,,,,,,FALSE,"ZH","Richterswil","Richterswil","Richterswil","Richterswil ZH","Richterswil (ZH)","Richterswil (ZH)","Zürich","Zurich","Zurigo","https://thumb.wikimedia.org/wikipedia/commons/thumb/b/b0/CHE_Richterswil_COA.svg/960px-CHE_Richterswil_COA.svg.png",31.132234622,FALSE,FALSE
1,139,,,,,,,,FALSE,"ZH","Rüschlikon","Rüschlikon","Rüschlikon","Rüschlikon ZH","Rüschlikon (ZH)","Rüschlikon (ZH)","Zürich","Zurich","Zurigo","https://thumb.wikimedia.org/wikipedia/commons/thumb/b/bb/CHE_R%C3%BCschlikon_COA.svg/250px-CHE_R%C3%BCschlikon_COA.svg.png",31.132234622,FALSE,FALSE
1,141,,,,,,,,FALSE,"ZH","Thalwil","Thalwil","Thalwil","Thalwil ZH","Thalwil (ZH)","Thalwil (ZH)","Zürich","Zurich","Zurigo","https://thumb.wikimedia.org/wikipedia/commons/thumb/3/33/CHE_Thalwil_COA.svg/250px-CHE_Thalwil_COA.svg.png",31.132234622,FALSE,FALSE
1,151,,,,,,,,FALSE,"ZH","Erlenbach ZH","Erlenbach (ZH)","Erlenbach ZH","Erlenbach ZH","Erlenbach (ZH)","Erlenbach (ZH)","Zürich","Zurich","Zurigo","https://thumb.wikimedia.org/wikipedia/commons/thumb/d/d8/CHE_Erlenbach_COA.svg/250px-CHE_Erlenbach_COA.svg.png",31.132234622,FALSE,FALSE
1,152,30.457256461,766,1749,60.22917164,2523,4189,2515,TRUE,"ZH","Herrliberg","Herrliberg","Herrliberg","Herrliberg ZH","Herrliberg (ZH)","Herrliberg (ZH)","Zürich","Zurich","Zurigo","https://thumb.wikimedia.org/wikipedia/commons/thumb/b/b2/CHE_Herrliberg_COA.svg/250px-CHE_Herrliberg_COA.svg.png",31.132234622,FALSE,FALSE
1,153,33.152726041,979,1974,50.075898128,2969,5929,2953,TRUE,"ZH","Hombrechtikon","Hombrechtikon","Hombrechtikon","Hombrechtikon ZH","Hombrechtikon (ZH)","Hombrechtikon (ZH)","Zürich","Zurich","Zurigo","https://thumb.wikimedia.org/wikipedia/commons/thumb/1/18/CHE_Hombrechtikon_COA.svg/250px-CHE_Hombrechtikon_COA.svg.png",31.132234622,FALSE,FALSE
1,154,25.697016962,1318,3811,57.685433423,5164,8952,5129,TRUE,"ZH","Küsnacht ZH","Küsnacht (ZH)","Küsnacht ZH","Küsnacht ZH","Küsnacht (ZH)","Küsnacht (ZH)","Zürich","Zurich","Zurigo","https://thumb.wikimedia.org/wikipedia/commons/thumb/4/49/CHE_K%C3%BCsnacht_COA.svg/250px-CHE_K%C3%BCsnacht_COA.svg.png",31.132234622,FALSE,FALSE
1,155,,,,,,,,FALSE,"ZH","Männedorf","Männedorf","Männedorf","Männedorf ZH","Männedorf (ZH)","Männedorf (ZH)","Zürich","Zurich","Zurigo","https://thumb.wikimedia.org/wikipedia/commons/thumb/9/9a/CHE_M%C3%A4nnedorf_COA.svg/250px-CHE_M%C3%A4nnedorf_COA.svg.png",31.132234622,FALSE,FALSE
1,156,,,,,,,,FALSE,"ZH","Meilen","Meilen","Meilen","Meilen ZH","Meilen (ZH)","Meilen (ZH)","Zürich","Zurich","Zurigo","https://thumb.wikimedia.org/wikipedia/commons/thumb/b/bc/CHE_Meilen_COA.svg/250px-CHE_Meilen_COA.svg.png",31.132234622,FALSE,FALSE
1,157,36.340425532,427,748,41.587636108,1184,2847,1175,TRUE,"ZH","Oetwil am See","Oetwil am See","Oetwil am See","Oetwil am See ZH","Oetwil am See (ZH)","Oetwil am See (ZH)","Zürich","Zurich","Zurigo","https://thumb.wikimedia.org/wikipedia/commons/thumb/d/db/CHE_Oetwil_am_See_COA.svg/250px-CHE_Oetwil_am_See_COA.svg.png",31.132234622,FALSE,FALSE
1,158,,,,,,,,FALSE,"ZH","Stäfa","Stäfa","Stäfa","Stäfa ZH","Stäfa (ZH)","Stäfa (ZH)","Zürich","Zurich","Zurigo","https://thumb.wikimedia.org/wikipedia/commons/thumb/5/5e/CHE_St%C3%A4fa_COA.svg/250px-CHE_St%C3%A4fa_COA.svg.png",31.132234622,FALSE,FALSE
1,159,,,,,,,,FALSE,"ZH","Uetikon am See","Uetikon am See","Uetikon am See","Uetikon am See ZH","Uetikon am See (ZH)","Uetikon am See (ZH)","Zürich","Zurich","Zurigo","https://thumb.wikimedia.org/wikipedia/commons/thumb/4/42/CHE_Uetikon_COA.svg/250px-CHE_Uetikon_COA.svg.png",31.132234622,FALSE,FALSE
1,160,25.423728814,555,1628,60.692520776,2191,3610,2183,TRUE,"ZH","Zumikon","Zumikon","Zumikon","Zumikon ZH","Zumikon (ZH)","Zumikon (ZH)","Zürich","Zurich","Zurigo","https://thumb.wikimedia.org/wikipedia/commons/thumb/1/13/CHE_Zumikon_COA.svg/250px-CHE_Zumikon_COA.svg.png",31.132234622,FALSE,FALSE
1,161,,,,,,,,FALSE,"ZH","Zollikon","Zollikon","Zollikon","Zollikon ZH","Zollikon (ZH)","Zollikon (ZH)","Zürich","Zurich","Zurigo","https://thumb.wikimedia.org/wikipedia/commons/thumb/2/2a/CHE_Zollikon_COA.svg/250px-CHE_Zollikon_COA.svg.png",31.132234622,FALSE,FALSE
1,172,,,,,,,,FALSE,"ZH","Fehraltorf","Fehraltorf","Fehraltorf","Fehraltorf ZH","Fehraltorf (ZH)","Fehraltorf (ZH)","Zürich","Zurich","Zurigo","https://thumb.wikimedia.org/wikipedia/commons/thumb/a/ad/CHE_Fehraltorf_COA.svg/330px-CHE_Fehraltorf_COA.svg.png",31.132234622,FALSE,FALSE
1,173,35.27607362,575,1055,57.626527051,1651,2865,1630,TRUE,"ZH","Hittnau","Hittnau","Hittnau","Hittnau ZH","Hittnau (ZH)","Hittnau (ZH)","Zürich","Zurich","Zurigo","https://thumb.wikimedia.org/wikipedia/commons/thumb/d/d5/CHE_Hittnau_COA.svg/250px-CHE_Hittnau_COA.svg.png",31.132234622,FALSE,FALSE
1,176,,,,,,,,FALSE,"ZH","Lindau","Lindau","Lindau","Lindau ZH","Lindau (ZH)","Lindau (ZH)","Zürich","Zurich","Zurigo","https://thumb.wikimedia.org/wikipedia/commons/thumb/8/86/CHE_Lindau_COA.svg/250px-CHE_Lindau_COA.svg.png",31.132234622,FALSE,FALSE
1,177,,,,,,,,FALSE,"ZH","Pfäffikon","Pfäffikon","Pfäffikon","Pfäffikon ZH","Pfäffikon (ZH)","Pfäffikon (ZH)","Zürich","Zurich","Zurigo","https://thumb.wikimedia.org/wikipedia/commons/thumb/6/61/CHE_Pf%C3%A4ffikon_ZH_COA.svg/960px-CHE_Pf%C3%A4ffikon_ZH_COA.svg.png",31.132234622,FALSE,FALSE
1,178,35.95505618,640,1140,54.684629516,1786,3266,1780,TRUE,"ZH","Russikon","Russikon","Russikon","Russikon ZH","Russikon (ZH)","Russikon (ZH)","Zürich","Zurich","Zurigo","https://thumb.wikimedia.org/wikipedia/commons/thumb/2/2f/CHE_Russikon_COA.svg/250px-CHE_Russikon_COA.svg.png",31.132234622,FALSE,FALSE
1,180,35.714285714,455,819,52.371218316,1281,2446,1274,TRUE,"ZH","Weisslingen","Weisslingen","Weisslingen","Weisslingen ZH","Weisslingen (ZH)","Weisslingen (ZH)","Zürich","Zurich","Zurigo","https://thumb.wikimedia.org/wikipedia/commons/thumb/3/39/CHE_Weisslingen_COA.svg/250px-CHE_Weisslingen_COA.svg.png",31.132234622,FALSE,FALSE
1,181,,,,,,,,FALSE,"ZH","Wila","Wila","Wila","Wila ZH","Wila (ZH)","Wila (ZH)","Zürich","Zurich","Zurigo","https://thumb.wikimedia.org/wikipedia/commons/thumb/1/16/CHE_Wila_COA.svg/250px-CHE_Wila_COA.svg.png",31.132234622,FALSE,FALSE
1,182,,,,,,,,FALSE,"ZH","Wildberg","Wildberg","Wildberg","Wildberg ZH","Wildberg (ZH)","Wildberg (ZH)","Zürich","Zurich","Zurigo","https://thumb.wikimedia.org/wikipedia/commons/thumb/0/0b/CHE_Wildberg_COA.svg/250px-CHE_Wildberg_COA.svg.png",31.132234622,FALSE,FALSE
1,191,,,,,,,,FALSE,"ZH","Dübendorf","Dübendorf","Dübendorf","Dübendorf ZH","Dübendorf (ZH)","Dübendorf (ZH)","Zürich","Zurich","Zurigo","https://thumb.wikimedia.org/wikipedia/commons/thumb/f/f7/CHE_D%C3%BCbendorf_COA.svg/250px-CHE_D%C3%BCbendorf_COA.svg.png",31.132234622,FALSE,FALSE
1,192,31.400628711,899,1964,51.328696273,2878,5607,2863,TRUE,"ZH","Egg","Egg","Egg","Egg ZH","Egg (ZH)","Egg (ZH)","Zürich","Zurich","Zurigo","https://thumb.wikimedia.org/wikipedia/commons/thumb/6/6a/CHE_Egg_COA_%28variant%29.svg/250px-CHE_Egg_COA_%28variant%29.svg.png",31.132234622,FALSE,FALSE
1,193,,,,,,,,FALSE,"ZH","Fällanden","Fällanden","Fällanden","Fällanden ZH","Fällanden (ZH)","Fällanden (ZH)","Zürich","Zurich","Zurigo","https://thumb.wikimedia.org/wikipedia/commons/thumb/c/c4/CHE_F%C3%A4llanden_COA.svg/250px-CHE_F%C3%A4llanden_COA.svg.png",31.132234622,FALSE,FALSE
1,194,,,,,,,,FALSE,"ZH","Greifensee","Greifensee","Greifensee","Greifensee ZH","Greifensee (ZH)","Greifensee (ZH)","Zürich","Zurich","Zurigo","https://thumb.wikimedia.org/wikipedia/commons/thumb/7/76/CHE_Greifensee_COA.svg/250px-CHE_Greifensee_COA.svg.png",31.132234622,FALSE,FALSE
1,195,,,,,,,,FALSE,"ZH","Maur","Maur","Maur","Maur ZH","Maur (ZH)","Maur (ZH)","Zürich","Zurich","Zurigo","https://thumb.wikimedia.org/wikipedia/commons/thumb/c/cf/CHE_Maur_COA.svg/250px-CHE_Maur_COA.svg.png",31.132234622,FALSE,FALSE
1,196,,,,,,,,FALSE,"ZH","Mönchaltorf","Mönchaltorf","Mönchaltorf","Mönchaltorf ZH","Mönchaltorf (ZH)","Mönchaltorf (ZH)","Zürich","Zurich","Zurigo","https://thumb.wikimedia.org/wikipedia/commons/thumb/d/d1/CHE_M%C3%B6nchaltorf_COA.svg/250px-CHE_M%C3%B6nchaltorf_COA.svg.png",31.132234622,FALSE,FALSE
1,197,,,,,,,,FALSE,"ZH","Schwerzenbach","Schwerzenbach","Schwerzenbach","Schwerzenbach ZH","Schwerzenbach (ZH)","Schwerzenbach (ZH)","Zürich","Zurich","Zurigo","https://thumb.wikimedia.org/wikipedia/commons/thumb/d/da/CHE_Schwerzenbach_COA.svg/250px-CHE_Schwerzenbach_COA.svg.png",31.132234622,FALSE,FALSE
1,198,,,,,,,,FALSE,"ZH","Uster","Uster","Uster","Uster ZH","Uster (ZH)","Uster (ZH)","Zürich","Zurich","Zurigo","https://thumb.wikimedia.org/wikipedia/commons/thumb/2/2d/CHE_Uster_COA.svg/250px-CHE_Uster_COA.svg.png",31.132234622,FALSE,FALSE
1,199,31.940481044,1567,3339,42.158371815,4930,11694,4906,TRUE,"ZH","Volketswil","Volketswil","Volketswil","Volketswil ZH","Volketswil (ZH)","Volketswil (ZH)","Zürich","Zurich","Zurigo","https://thumb.wikimedia.org/wikipedia/commons/thumb/9/94/CHE_Volketswil_COA.svg/250px-CHE_Volketswil_COA.svg.png",31.132234622,FALSE,FALSE
1,200,30.802919708,633,1422,43.322133557,2063,4762,2055,TRUE,"ZH","Wangen-Brüttisellen","Wangen-Brüttisellen","Wangen-Brüttisellen","Wangen-Brüttisellen ZH","Wangen-Brüttisellen (ZH)","Wangen-Brüttisellen (ZH)","Zürich","Zurich","Zurigo","https://thumb.wikimedia.org/wikipedia/commons/thumb/5/5b/CHE_Wangen-Br%C3%BCttisellen_COA.svg/250px-CHE_Wangen-Br%C3%BCttisellen_COA.svg.png",31.132234622,FALSE,FALSE
1,211,41.317365269,138,196,60.36036036,335,555,334,TRUE,"ZH","Altikon","Altikon","Altikon","Altikon ZH","Altikon (ZH)","Altikon (ZH)","Zürich","Zurich","Zurigo","https://thumb.wikimedia.org/wikipedia/commons/thumb/a/ab/CHE_Altikon_COA.svg/250px-CHE_Altikon_COA.svg.png",31.132234622,FALSE,FALSE
1,213,,,,,,,,FALSE,"ZH","Brütten","Brütten","Brütten","Brütten ZH","Brütten (ZH)","Brütten (ZH)","Zürich","Zurich","Zurigo","https://thumb.wikimedia.org/wikipedia/commons/thumb/4/40/CHE_Br%C3%BCtten_COA.svg/250px-CHE_Br%C3%BCtten_COA.svg.png",31.132234622,FALSE,FALSE
1,214,31.650485437,163,352,57.127192982,521,912,515,TRUE,"ZH","Dägerlen","Dägerlen","Dägerlen","Dägerlen ZH","Dägerlen (ZH)","Dägerlen (ZH)","Zürich","Zurich","Zurigo","https://thumb.wikimedia.org/wikipedia/commons/thumb/e/eb/CHE_D%C3%A4gerlen_COA.svg/250px-CHE_D%C3%A4gerlen_COA.svg.png",31.132234622,FALSE,FALSE
1,215,22.693266833,91,310,64.376996805,403,626,401,TRUE,"ZH","Dättlikon","Dättlikon","Dättlikon","Dättlikon ZH","Dättlikon (ZH)","Dättlikon (ZH)","Zürich","Zurich","Zurigo","https://thumb.wikimedia.org/wikipedia/commons/thumb/a/a7/CHE_D%C3%A4ttlikon_COA.svg/250px-CHE_D%C3%A4ttlikon_COA.svg.png",31.132234622,FALSE,FALSE
1,216,36.689655172,266,459,57.753164557,730,1264,725,TRUE,"ZH","Dinhard","Dinhard","Dinhard","Dinhard ZH","Dinhard (ZH)","Dinhard (ZH)","Zürich","Zurich","Zurigo","https://thumb.wikimedia.org/wikipedia/commons/thumb/2/2d/CHE_Dinhard_COA.svg/250px-CHE_Dinhard_COA.svg.png",31.132234622,FALSE,FALSE
1,218,37.203166227,141,238,52.120383037,381,731,379,TRUE,"ZH","Ellikon an der Thur","Ellikon an der Thur","Ellikon an der Thur","Ellikon an der Thur ZH","Ellikon an der Thur (ZH)","Ellikon an der Thur (ZH)","Zürich","Zurich","Zurigo","https://thumb.wikimedia.org/wikipedia/commons/thumb/a/a5/CHE_Ellikon_an_der_Thur_COA.svg/250px-CHE_Ellikon_an_der_Thur_COA.svg.png",31.132234622,FALSE,FALSE
1,219,28.629579376,422,1052,56.616800921,1476,2607,1474,TRUE,"ZH","Elsau","Elsau","Elsau","Elsau ZH","Elsau (ZH)","Elsau (ZH)","Zürich","Zurich","Zurigo","https://thumb.wikimedia.org/wikipedia/commons/thumb/4/4c/CHE_Elsau_COA.svg/330px-CHE_Elsau_COA.svg.png",31.132234622,FALSE,FALSE
1,220,42.180094787,178,244,53.64321608,427,796,422,TRUE,"ZH","Hagenbuch","Hagenbuch","Hagenbuch","Hagenbuch ZH","Hagenbuch (ZH)","Hagenbuch (ZH)","Zürich","Zurich","Zurigo","https://thumb.wikimedia.org/wikipedia/commons/thumb/6/6c/CHE_Hagenbuch_COA.svg/250px-CHE_Hagenbuch_COA.svg.png",31.132234622,FALSE,FALSE
1,221,24.820659971,346,1048,60.111635895,1400,2329,1394,TRUE,"ZH","Hettlingen","Hettlingen","Hettlingen","Hettlingen ZH","Hettlingen (ZH)","Hettlingen (ZH)","Zürich","Zurich","Zurigo","https://thumb.wikimedia.org/wikipedia/commons/thumb/8/80/CHE_Hettlingen_COA.svg/250px-CHE_Hettlingen_COA.svg.png",31.132234622,FALSE,FALSE
1,223,,,,,,,,FALSE,"ZH","Neftenbach","Neftenbach","Neftenbach","Neftenbach ZH","Neftenbach (ZH)","Neftenbach (ZH)","Zürich","Zurich","Zurigo","https://thumb.wikimedia.org/wikipedia/commons/thumb/d/d2/CHE_Neftenbach_COA.svg/250px-CHE_Neftenbach_COA.svg.png",31.132234622,FALSE,FALSE
1,224,33.176248822,352,709,43.186413263,1068,2473,1061,TRUE,"ZH","Pfungen","Pfungen","Pfungen","Pfungen ZH","Pfungen (ZH)","Pfungen (ZH)","Zürich","Zurich","Zurigo","https://thumb.wikimedia.org/wikipedia/commons/thumb/e/e8/CHE_Pfungen_COA.svg/250px-CHE_Pfungen_COA.svg.png",31.132234622,FALSE,FALSE
1,225,30.984555985,321,715,52.96803653,1044,1971,1036,TRUE,"ZH","Rickenbach ZH","Rickenbach (ZH)","Rickenbach ZH","Rickenbach ZH","Rickenbach (ZH)","Rickenbach (ZH)","Zürich","Zurich","Zurigo","https://thumb.wikimedia.org/wikipedia/commons/thumb/0/05/CHE_Rickenbach_COA.svg/250px-CHE_Rickenbach_COA.svg.png",31.132234622,FALSE,FALSE
1,226,,,,,,,,FALSE,"ZH","Schlatt ZH","Schlatt (ZH)","Schlatt ZH","Schlatt ZH","Schlatt (ZH)","Schlatt (ZH)","Zürich","Zurich","Zurigo","https://thumb.wikimedia.org/wikipedia/commons/thumb/b/bb/CHE_Schlatt_COA.svg/250px-CHE_Schlatt_COA.svg.png",31.132234622,FALSE,FALSE
1,227,27.703398558,807,2106,52.720785013,2955,5605,2913,TRUE,"ZH","Seuzach","Seuzach","Seuzach","Seuzach ZH","Seuzach (ZH)","Seuzach (ZH)","Zürich","Zurich","Zurigo","https://thumb.wikimedia.org/wikipedia/commons/thumb/9/98/CHE_Seuzach_COA.svg/250px-CHE_Seuzach_COA.svg.png",31.132234622,FALSE,FALSE
1,228,,,,,,,,FALSE,"ZH","Turbenthal","Turbenthal","Turbenthal","Turbenthal ZH","Turbenthal (ZH)","Turbenthal (ZH)","Zürich","Zurich","Zurigo","https://thumb.wikimedia.org/wikipedia/commons/thumb/a/ae/CHE_Turbenthal_COA.svg/250px-CHE_Turbenthal_COA.svg.png",31.132234622,FALSE,FALSE
1,230,,,,,,,,FALSE,"ZH","Winterthur","Winterthour","Winterthour","Winterthur ZH","Winterthour (ZH)","Winterthour (ZH)","Zürich","Zurich","Zurigo","https://thumb.wikimedia.org/wikipedia/commons/thumb/b/b8/Wappen_Winterthur.svg/960px-Wappen_Winterthur.svg.png",31.132234622,FALSE,FALSE
1,231,,,,,,,,FALSE,"ZH","Zell ZH","Zell (ZH)","Zell ZH","Zell ZH","Zell (ZH)","Zell (ZH)","Zürich","Zurich","Zurigo","https://thumb.wikimedia.org/wikipedia/commons/thumb/1/13/CHE_Zell_COA.svg/250px-CHE_Zell_COA.svg.png",31.132234622,FALSE,FALSE
1,241,26.09375,167,473,59.466911765,647,1088,640,TRUE,"ZH","Aesch ZH","Aesch (ZH)","Aesch ZH","Aesch ZH","Aesch (ZH)","Aesch (ZH)","Zürich","Zurich","Zurigo","https://thumb.wikimedia.org/wikipedia/commons/thumb/1/19/CHE_Aesch_COA.svg/250px-CHE_Aesch_COA.svg.png",31.132234622,FALSE,FALSE
1,242,25.271857329,581,1718,51.232511659,2307,4503,2299,TRUE,"ZH","Birmensdorf ZH","Birmensdorf (ZH)","Birmensdorf ZH","Birmensdorf ZH","Birmensdorf (ZH)","Birmensdorf (ZH)","Zürich","Zurich","Zurigo","https://thumb.wikimedia.org/wikipedia/commons/thumb/2/23/CHE_Birmensdorf_COA.svg/250px-CHE_Birmensdorf_COA.svg.png",31.132234622,FALSE,FALSE
1,243,,,,,,,,FALSE,"ZH","Dietikon","Dietikon","Dietikon","Dietikon ZH","Dietikon (ZH)","Dietikon (ZH)","Zürich","Zurich","Zurigo","https://thumb.wikimedia.org/wikipedia/commons/thumb/a/a0/CHE_Dietikon_COA.svg/250px-CHE_Dietikon_COA.svg.png",31.132234622,FALSE,FALSE
1,244,,,,,,,,FALSE,"ZH","Geroldswil","Geroldswil","Geroldswil","Geroldswil ZH","Geroldswil (ZH)","Geroldswil (ZH)","Zürich","Zurich","Zurigo","https://thumb.wikimedia.org/wikipedia/commons/thumb/a/ae/CHE_Geroldswil_COA.svg/250px-CHE_Geroldswil_COA.svg.png",31.132234622,FALSE,FALSE
1,245,24.268054652,373,1164,41.229946524,1542,3740,1537,TRUE,"ZH","Oberengstringen","Oberengstringen","Oberengstringen","Oberengstringen ZH","Oberengstringen (ZH)","Oberengstringen (ZH)","Zürich","Zurich","Zurigo","https://thumb.wikimedia.org/wikipedia/commons/thumb/a/ac/CHE_Oberengstringen_COA.svg/250px-CHE_Oberengstringen_COA.svg.png",31.132234622,FALSE,FALSE
1,246,31.265206813,257,565,48.083623693,828,1722,822,TRUE,"ZH","Oetwil an der Limmat","Oetwil an der Limmat","Oetwil an der Limmat","Oetwil an der Limmat ZH","Oetwil an der Limmat (ZH)","Oetwil an der Limmat (ZH)","Zürich","Zurich","Zurigo","https://thumb.wikimedia.org/wikipedia/commons/thumb/8/87/CHE_Oetwil_an_der_Limmat_COA.svg/960px-CHE_Oetwil_an_der_Limmat_COA.svg.png",31.132234622,FALSE,FALSE
1,247,,,,,,,,FALSE,"ZH","Schlieren","Schlieren","Schlieren","Schlieren ZH","Schlieren (ZH)","Schlieren (ZH)","Zürich","Zurich","Zurigo","https://thumb.wikimedia.org/wikipedia/commons/thumb/3/38/CHE_Schlieren_COA.svg/250px-CHE_Schlieren_COA.svg.png",31.132234622,FALSE,FALSE
1,248,,,,,,,,FALSE,"ZH","Uitikon","Uitikon","Uitikon","Uitikon ZH","Uitikon (ZH)","Uitikon (ZH)","Zürich","Zurich","Zurigo","https://thumb.wikimedia.org/wikipedia/commons/thumb/6/69/CHE_Uitikon_COA.svg/250px-CHE_Uitikon_COA.svg.png",31.132234622,FALSE,FALSE
1,249,29.847144006,371,872,47.889485802,1248,2606,1243,TRUE,"ZH","Unterengstringen","Unterengstringen","Unterengstringen","Unterengstringen ZH","Unterengstringen (ZH)","Unterengstringen (ZH)","Zürich","Zurich","Zurigo","https://thumb.wikimedia.org/wikipedia/commons/thumb/6/61/CHE_Unterengstringen_COA.svg/250px-CHE_Unterengstringen_COA.svg.png",31.132234622,FALSE,FALSE
1,250,,,,,,,,FALSE,"ZH","Urdorf","Urdorf","Urdorf","Urdorf ZH","Urdorf (ZH)","Urdorf (ZH)","Zürich","Zurich","Zurigo","https://thumb.wikimedia.org/wikipedia/commons/thumb/c/ce/CHE_Urdorf_COA.svg/250px-CHE_Urdorf_COA.svg.png",31.132234622,FALSE,FALSE
1,251,33.359253499,429,857,44.162957891,1290,2921,1286,TRUE,"ZH","Weiningen ZH","Weiningen (ZH)","Weiningen ZH","Weiningen ZH","Weiningen (ZH)","Weiningen (ZH)","Zürich","Zurich","Zurigo","https://thumb.wikimedia.org/wikipedia/commons/thumb/7/77/CHE_Weiningen_COA.svg/250px-CHE_Weiningen_COA.svg.png",31.132234622,FALSE,FALSE
1,261,,,,,,,,FALSE,"ZH","Zürich","Zurich","Zurigo","Zürich ZH","Zurich (ZH)","Zurigo (ZH)","Zürich","Zurich","Zurigo","https://thumb.wikimedia.org/wikipedia/commons/thumb/4/4a/CHE_Z%C3%BCrich_COA.svg/250px-CHE_Z%C3%BCrich_COA.svg.png",31.132234622,FALSE,FALSE
1,291,31.186440678,460,1015,57.931570762,1490,2572,1475,TRUE,"ZH","Andelfingen","Andelfingen","Andelfingen","Andelfingen ZH","Andelfingen (ZH)","Andelfingen (ZH)","Zürich","Zurich","Zurigo","https://thumb.wikimedia.org/wikipedia/commons/thumb/7/7d/CHE_Andelfingen_COA.svg/250px-CHE_Andelfingen_COA.svg.png",31.132234622,FALSE,FALSE
1,292,33.991769547,413,802,57.0497906,1226,2149,1215,TRUE,"ZH","Stammheim","Stammheim","Stammheim","Stammheim ZH","Stammheim (ZH)","Stammheim (ZH)","Zürich","Zurich","Zurigo","https://thumb.wikimedia.org/wikipedia/commons/thumb/d/de/CHE_Stammheim_COA.svg/250px-CHE_Stammheim_COA.svg.png",31.132234622,FALSE,FALSE
1,293,,,,,,,,FALSE,"ZH","Wädenswil","Wädenswil","Wädenswil","Wädenswil ZH","Wädenswil (ZH)","Wädenswil (ZH)","Zürich","Zurich","Zurigo","https://thumb.wikimedia.org/wikipedia/commons/thumb/b/b0/CHE_W%C3%A4denswil_COA.svg/250px-CHE_W%C3%A4denswil_COA.svg.png",31.132234622,FALSE,FALSE
1,294,31.15902965,578,1277,53.618609994,1867,3482,1855,TRUE,"ZH","Elgg","Elgg","Elgg","Elgg ZH","Elgg (ZH)","Elgg (ZH)","Zürich","Zurich","Zurigo","https://thumb.wikimedia.org/wikipedia/commons/thumb/5/56/CHE_Elgg_COA.svg/250px-CHE_Elgg_COA.svg.png",31.132234622,FALSE,FALSE
1,295,,,,,,,,FALSE,"ZH","Horgen","Horgen","Horgen","Horgen ZH","Horgen (ZH)","Horgen (ZH)","Zürich","Zurich","Zurigo","https://thumb.wikimedia.org/wikipedia/commons/thumb/1/1a/CHE_Horgen_COA.svg/250px-CHE_Horgen_COA.svg.png",31.132234622,FALSE,FALSE
1,296,29.732510288,1445,3415,47.028224641,4882,10381,4860,TRUE,"ZH","Illnau-Effretikon","Illnau-Effretikon","Illnau-Effretikon","Illnau-Effretikon ZH","Illnau-Effretikon (ZH)","Illnau-Effretikon (ZH)","Zürich","Zurich","Zurigo","https://upload.wikimedia.org/wikipedia/commons/7/7e/Wappen-Illnau-Effretikon.jpg",31.132234622,FALSE,FALSE
1,297,,,,,,,,FALSE,"ZH","Bauma","Bauma","Bauma","Bauma ZH","Bauma (ZH)","Bauma (ZH)","Zürich","Zurich","Zurigo","https://thumb.wikimedia.org/wikipedia/commons/thumb/b/b3/CHE_Bauma_COA.svg/250px-CHE_Bauma_COA.svg.png",31.132234622,FALSE,FALSE
1,298,28.921745402,802,1971,56.776034237,2786,4907,2773,TRUE,"ZH","Wiesendangen","Wiesendangen","Wiesendangen","Wiesendangen ZH","Wiesendangen (ZH)","Wiesendangen (ZH)","Zürich","Zurich","Zurigo","https://thumb.wikimedia.org/wikipedia/commons/thumb/4/42/CHE_Wiesendangen_COA.svg/250px-CHE_Wiesendangen_COA.svg.png",31.132234622,FALSE,FALSE
2,301,,,,,,,,FALSE,"BE","Aarberg","Aarberg","Aarberg","Aarberg BE","Aarberg (BE)","Aarberg (BE)","Bern","Berne","Berna","https://thumb.wikimedia.org/wikipedia/commons/thumb/b/be/CHE_Aarberg_BE_COA.svg/500px-CHE_Aarberg_BE_COA.svg.png",36.005717256,FALSE,FALSE
2,302,,,,,,,,FALSE,"BE","Bargen BE","Bargen (BE)","Bargen BE","Bargen BE","Bargen (BE)","Bargen (BE)","Bern","Berne","Berna","https://thumb.wikimedia.org/wikipedia/commons/thumb/7/77/CHE_Bargen_BE_COA.svg/500px-CHE_Bargen_BE_COA.svg.png",36.005717256,FALSE,FALSE
2,303,,,,,,,,FALSE,"BE","Grossaffoltern","Grossaffoltern","Grossaffoltern","Grossaffoltern BE","Grossaffoltern (BE)","Grossaffoltern (BE)","Bern","Berne","Berna","https://thumb.wikimedia.org/wikipedia/commons/thumb/2/23/CHE_Grossaffoltern_BE_COA.svg/500px-CHE_Grossaffoltern_BE_COA.svg.png",36.005717256,FALSE,FALSE
2,304,,,,,,,,FALSE,"BE","Kallnach","Kallnach","Kallnach","Kallnach BE","Kallnach (BE)","Kallnach (BE)","Bern","Berne","Berna","https://thumb.wikimedia.org/wikipedia/commons/thumb/1/17/CHE_Kallnach_COA.svg/500px-CHE_Kallnach_COA.svg.png",36.005717256,FALSE,FALSE
2,305,,,,,,,,FALSE,"BE","Kappelen","Kappelen","Kappelen","Kappelen BE","Kappelen (BE)","Kappelen (BE)","Bern","Berne","Berna","https://thumb.wikimedia.org/wikipedia/commons/thumb/7/72/CHE_Kappelen_BE_COA.svg/500px-CHE_Kappelen_BE_COA.svg.png",36.005717256,FALSE,FALSE
2,306,,,,,,,,FALSE,"BE","Lyss","Lyss","Lyss","Lyss BE","Lyss (BE)","Lyss (BE)","Bern","Berne","Berna","https://thumb.wikimedia.org/wikipedia/commons/thumb/8/88/CHE_Lyss_COA.svg/500px-CHE_Lyss_COA.svg.png",36.005717256,FALSE,FALSE
2,307,,,,,,,,FALSE,"BE","Meikirch","Meikirch","Meikirch","Meikirch BE","Meikirch (BE)","Meikirch (BE)","Bern","Berne","Berna","https://thumb.wikimedia.org/wikipedia/commons/thumb/f/f0/CHE_Meikirch_COA.svg/500px-CHE_Meikirch_COA.svg.png",36.005717256,FALSE,FALSE
2,309,,,,,,,,FALSE,"BE","Radelfingen","Radelfingen","Radelfingen","Radelfingen BE","Radelfingen (BE)","Radelfingen (BE)","Bern","Berne","Berna","https://thumb.wikimedia.org/wikipedia/commons/thumb/0/05/CHE_Radelfingen_BE_COA.svg/500px-CHE_Radelfingen_BE_COA.svg.png",36.005717256,FALSE,FALSE
2,310,,,,,,,,FALSE,"BE","Rapperswil BE","Rapperswil (BE)","Rapperswil BE","Rapperswil BE","Rapperswil (BE)","Rapperswil (BE)","Bern","Berne","Berna","https://thumb.wikimedia.org/wikipedia/commons/thumb/8/8f/CHE_Rapperswil_BE_official_COA.svg/500px-CHE_Rapperswil_BE_official_COA.svg.png",36.005717256,FALSE,FALSE
2,311,,,,,,,,FALSE,"BE","Schüpfen","Schüpfen","Schüpfen","Schüpfen BE","Schüpfen (BE)","Schüpfen (BE)","Bern","Berne","Berna","https://thumb.wikimedia.org/wikipedia/commons/thumb/8/8e/CHE_Sch%C3%BCpfen_BE_COA.svg/500px-CHE_Sch%C3%BCpfen_BE_COA.svg.png",36.005717256,FALSE,FALSE
2,312,,,,,,,,FALSE,"BE","Seedorf BE","Seedorf (BE)","Seedorf BE","Seedorf BE","Seedorf (BE)","Seedorf (BE)","Bern","Berne","Berna","https://thumb.wikimedia.org/wikipedia/commons/thumb/7/7a/CHE_Seedorf_BE_COA.svg/960px-CHE_Seedorf_BE_COA.svg.png",36.005717256,FALSE,FALSE
2,321,,,,,,,,FALSE,"BE","Aarwangen","Aarwangen","Aarwangen","Aarwangen BE","Aarwangen (BE)","Aarwangen (BE)","Bern","Berne","Berna","https://thumb.wikimedia.org/wikipedia/commons/thumb/d/dd/CHE_Aarwangen_COA.svg/960px-CHE_Aarwangen_COA.svg.png",36.005717256,FALSE,FALSE
2,322,,,,,,,,FALSE,"BE","Auswil","Auswil","Auswil","Auswil BE","Auswil (BE)","Auswil (BE)","Bern","Berne","Berna","https://thumb.wikimedia.org/wikipedia/commons/thumb/0/07/CHE_Auswil_COA.svg/960px-CHE_Auswil_COA.svg.png",36.005717256,FALSE,FALSE
2,323,,,,,,,,FALSE,"BE","Bannwil","Bannwil","Bannwil","Bannwil BE","Bannwil (BE)","Bannwil (BE)","Bern","Berne","Berna","https://thumb.wikimedia.org/wikipedia/commons/thumb/b/b3/CHE_Bannwil_COA.svg/500px-CHE_Bannwil_COA.svg.png",36.005717256,FALSE,FALSE
2,324,,,,,,,,FALSE,"BE","Bleienbach","Bleienbach","Bleienbach","Bleienbach BE","Bleienbach (BE)","Bleienbach (BE)","Bern","Berne","Berna","https://thumb.wikimedia.org/wikipedia/commons/thumb/c/ce/CHE_Bleienbach_COA.svg/960px-CHE_Bleienbach_COA.svg.png",36.005717256,FALSE,FALSE
2,325,,,,,,,,FALSE,"BE","Busswil bei Melchnau","Busswil bei Melchnau","Busswil bei Melchnau","Busswil bei Melchnau BE","Busswil bei Melchnau (BE)","Busswil bei Melchnau (BE)","Bern","Berne","Berna","https://thumb.wikimedia.org/wikipedia/commons/thumb/f/f7/CHE_Busswil_bei_Melchnau_COA.svg/500px-CHE_Busswil_bei_Melchnau_COA.svg.png",36.005717256,FALSE,FALSE
2,326,,,,,,,,FALSE,"BE","Gondiswil","Gondiswil","Gondiswil","Gondiswil BE","Gondiswil (BE)","Gondiswil (BE)","Bern","Berne","Berna","https://thumb.wikimedia.org/wikipedia/commons/thumb/f/f4/CHE_Gondiswil_COA.svg/960px-CHE_Gondiswil_COA.svg.png",36.005717256,FALSE,FALSE
2,329,,,,,,,,FALSE,"BE","Langenthal","Langenthal","Langenthal","Langenthal BE","Langenthal (BE)","Langenthal (BE)","Bern","Berne","Berna","https://thumb.wikimedia.org/wikipedia/commons/thumb/f/f2/CHE_Langenthal_COA.svg/960px-CHE_Langenthal_COA.svg.png",36.005717256,FALSE,FALSE
2,331,,,,,,,,FALSE,"BE","Lotzwil","Lotzwil","Lotzwil","Lotzwil BE","Lotzwil (BE)","Lotzwil (BE)","Bern","Berne","Berna","https://thumb.wikimedia.org/wikipedia/commons/thumb/6/64/CHE_Lotzwil_COA.svg/500px-CHE_Lotzwil_COA.svg.png",36.005717256,FALSE,FALSE
2,332,,,,,,,,FALSE,"BE","Madiswil","Madiswil","Madiswil","Madiswil BE","Madiswil (BE)","Madiswil (BE)","Bern","Berne","Berna","https://thumb.wikimedia.org/wikipedia/commons/thumb/4/45/CHE_Madiswil_COA.svg/500px-CHE_Madiswil_COA.svg.png",36.005717256,FALSE,FALSE
2,333,,,,,,,,FALSE,"BE","Melchnau","Melchnau","Melchnau","Melchnau BE","Melchnau (BE)","Melchnau (BE)","Bern","Berne","Berna","https://thumb.wikimedia.org/wikipedia/commons/thumb/e/e7/CHE_Melchnau_COA.svg/500px-CHE_Melchnau_COA.svg.png",36.005717256,FALSE,FALSE
2,335,,,,,,,,FALSE,"BE","Oeschenbach","Oeschenbach","Oeschenbach","Oeschenbach BE","Oeschenbach (BE)","Oeschenbach (BE)","Bern","Berne","Berna","https://thumb.wikimedia.org/wikipedia/commons/thumb/a/a7/CHE_Oeschenbach_COA.svg/500px-CHE_Oeschenbach_COA.svg.png",36.005717256,FALSE,FALSE
2,336,,,,,,,,FALSE,"BE","Reisiswil","Reisiswil","Reisiswil","Reisiswil BE","Reisiswil (BE)","Reisiswil (BE)","Bern","Berne","Berna","https://thumb.wikimedia.org/wikipedia/commons/thumb/5/5b/CHE_Reisiswil_COA.svg/500px-CHE_Reisiswil_COA.svg.png",36.005717256,FALSE,FALSE
2,337,,,,,,,,FALSE,"BE","Roggwil BE","Roggwil (BE)","Roggwil BE","Roggwil BE","Roggwil (BE)","Roggwil (BE)","Bern","Berne","Berna","https://thumb.wikimedia.org/wikipedia/commons/thumb/e/e0/CHE_Roggwil_BE_COA.svg/500px-CHE_Roggwil_BE_COA.svg.png",36.005717256,FALSE,FALSE
2,338,,,,,,,,FALSE,"BE","Rohrbach","Rohrbach","Rohrbach","Rohrbach BE","Rohrbach (BE)","Rohrbach (BE)","Bern","Berne","Berna","https://thumb.wikimedia.org/wikipedia/commons/thumb/8/81/CHE_Rohrbach_COA.svg/960px-CHE_Rohrbach_COA.svg.png",36.005717256,FALSE,FALSE
2,339,,,,,,,,FALSE,"BE","Rohrbachgraben","Rohrbachgraben","Rohrbachgraben","Rohrbachgraben BE","Rohrbachgraben (BE)","Rohrbachgraben (BE)","Bern","Berne","Berna","https://thumb.wikimedia.org/wikipedia/commons/thumb/8/86/CHE_Rohrbachgraben_COA.svg/500px-CHE_Rohrbachgraben_COA.svg.png",36.005717256,FALSE,FALSE
2,340,,,,,,,,FALSE,"BE","Rütschelen","Rütschelen","Rütschelen","Rütschelen BE","Rütschelen (BE)","Rütschelen (BE)","Bern","Berne","Berna","https://thumb.wikimedia.org/wikipedia/commons/thumb/c/c1/CHE_R%C3%BCtschelen_COA.svg/960px-CHE_R%C3%BCtschelen_COA.svg.png",36.005717256,FALSE,FALSE
2,341,,,,,,,,FALSE,"BE","Schwarzhäusern","Schwarzhäusern","Schwarzhäusern","Schwarzhäusern BE","Schwarzhäusern (BE)","Schwarzhäusern (BE)","Bern","Berne","Berna","https://thumb.wikimedia.org/wikipedia/commons/thumb/5/5b/CHE_Schwarzh%C3%A4usern_COA.svg/500px-CHE_Schwarzh%C3%A4usern_COA.svg.png",36.005717256,FALSE,FALSE
2,342,,,,,,,,FALSE,"BE","Thunstetten","Thunstetten","Thunstetten","Thunstetten BE","Thunstetten (BE)","Thunstetten (BE)","Bern","Berne","Berna","https://thumb.wikimedia.org/wikipedia/commons/thumb/e/e5/CHE_Thunstetten_COA.svg/500px-CHE_Thunstetten_COA.svg.png",36.005717256,FALSE,FALSE
2,344,,,,,,,,FALSE,"BE","Ursenbach","Ursenbach","Ursenbach","Ursenbach BE","Ursenbach (BE)","Ursenbach (BE)","Bern","Berne","Berna","https://thumb.wikimedia.org/wikipedia/commons/thumb/0/08/CHE_Ursenbach_COA.svg/500px-CHE_Ursenbach_COA.svg.png",36.005717256,FALSE,FALSE
2,345,,,,,,,,FALSE,"BE","Wynau","Wynau","Wynau","Wynau BE","Wynau (BE)","Wynau (BE)","Bern","Berne","Berna","https://thumb.wikimedia.org/wikipedia/commons/thumb/a/ab/CHE_Wynau_COA.svg/500px-CHE_Wynau_COA.svg.png",36.005717256,FALSE,FALSE
2,351,,,,,,,,FALSE,"BE","Bern","Berne","Berna","Bern BE","Berne (BE)","Berna (BE)","Bern","Berne","Berna","https://thumb.wikimedia.org/wikipedia/commons/thumb/9/91/CHE_Bern_BE_COA.svg/960px-CHE_Bern_BE_COA.svg.png",36.005717256,FALSE,FALSE
2,352,,,,,,,,FALSE,"BE","Bolligen","Bolligen","Bolligen","Bolligen BE","Bolligen (BE)","Bolligen (BE)","Bern","Berne","Berna","https://thumb.wikimedia.org/wikipedia/commons/thumb/b/ba/CHE_Bolligen_COA.svg/500px-CHE_Bolligen_COA.svg.png",36.005717256,FALSE,FALSE
2,353,,,,,,,,FALSE,"BE","Bremgarten bei Bern","Bremgarten bei Bern","Bremgarten bei Bern","Bremgarten bei Bern BE","Bremgarten bei Bern (BE)","Bremgarten bei Bern (BE)","Bern","Berne","Berna","https://thumb.wikimedia.org/wikipedia/commons/thumb/1/1f/CHE_Bremgarten_bei_Bern_COA.svg/500px-CHE_Bremgarten_bei_Bern_COA.svg.png",36.005717256,FALSE,FALSE
2,354,,,,,,,,FALSE,"BE","Kirchlindach","Kirchlindach","Kirchlindach","Kirchlindach BE","Kirchlindach (BE)","Kirchlindach (BE)","Bern","Berne","Berna","https://thumb.wikimedia.org/wikipedia/commons/thumb/0/0f/CHE_Kirchlindach_COA.svg/500px-CHE_Kirchlindach_COA.svg.png",36.005717256,FALSE,FALSE
2,355,,,,,,,,FALSE,"BE","Köniz","Köniz","Köniz","Köniz BE","Köniz (BE)","Köniz (BE)","Bern","Berne","Berna","https://thumb.wikimedia.org/wikipedia/commons/thumb/e/e3/CHE_K%C3%B6niz_COA.svg/960px-CHE_K%C3%B6niz_COA.svg.png",36.005717256,FALSE,FALSE
2,356,,,,,,,,FALSE,"BE","Muri bei Bern","Muri bei Bern","Muri bei Bern","Muri bei Bern BE","Muri bei Bern (BE)","Muri bei Bern (BE)","Bern","Berne","Berna","https://thumb.wikimedia.org/wikipedia/commons/thumb/8/85/CHE_Muri_bei_Bern_COA.svg/500px-CHE_Muri_bei_Bern_COA.svg.png",36.005717256,FALSE,FALSE
2,357,,,,,,,,FALSE,"BE","Oberbalm","Oberbalm","Oberbalm","Oberbalm BE","Oberbalm (BE)","Oberbalm (BE)","Bern","Berne","Berna","https://thumb.wikimedia.org/wikipedia/commons/thumb/5/5b/CHE_Oberbalm_COA.svg/500px-CHE_Oberbalm_COA.svg.png",36.005717256,FALSE,FALSE
2,358,,,,,,,,FALSE,"BE","Stettlen","Stettlen","Stettlen","Stettlen BE","Stettlen (BE)","Stettlen (BE)","Bern","Berne","Berna","https://thumb.wikimedia.org/wikipedia/commons/thumb/9/9d/CHE_Stettlen_COA.svg/500px-CHE_Stettlen_COA.svg.png",36.005717256,FALSE,FALSE
2,359,,,,,,,,FALSE,"BE","Vechigen","Vechigen","Vechigen","Vechigen BE","Vechigen (BE)","Vechigen (BE)","Bern","Berne","Berna","https://thumb.wikimedia.org/wikipedia/commons/thumb/d/df/CHE_Vechigen_COA.svg/500px-CHE_Vechigen_COA.svg.png",36.005717256,FALSE,FALSE
2,360,,,,,,,,FALSE,"BE","Wohlen bei Bern","Wohlen bei Bern","Wohlen bei Bern","Wohlen bei Bern BE","Wohlen bei Bern (BE)","Wohlen bei Bern (BE)","Bern","Berne","Berna","https://thumb.wikimedia.org/wikipedia/commons/thumb/d/de/CHE_Wohlen_bei_Bern_COA.svg/500px-CHE_Wohlen_bei_Bern_COA.svg.png",36.005717256,FALSE,FALSE
2,361,,,,,,,,FALSE,"BE","Zollikofen","Zollikofen","Zollikofen","Zollikofen BE","Zollikofen (BE)","Zollikofen (BE)","Bern","Berne","Berna","https://thumb.wikimedia.org/wikipedia/commons/thumb/7/72/CHE_Zollikofen_COA.svg/500px-CHE_Zollikofen_COA.svg.png",36.005717256,FALSE,FALSE
2,362,,,,,,,,FALSE,"BE","Ittigen","Ittigen","Ittigen","Ittigen BE","Ittigen (BE)","Ittigen (BE)","Bern","Berne","Berna","https://thumb.wikimedia.org/wikipedia/commons/thumb/2/21/CHE_Ittigen_COA.svg/960px-CHE_Ittigen_COA.svg.png",36.005717256,FALSE,FALSE
2,363,,,,,,,,FALSE,"BE","Ostermundigen","Ostermundigen","Ostermundigen","Ostermundigen BE","Ostermundigen (BE)","Ostermundigen (BE)","Bern","Berne","Berna","https://thumb.wikimedia.org/wikipedia/commons/thumb/0/08/CHE_Ostermundigen_COA.svg/500px-CHE_Ostermundigen_COA.svg.png",36.005717256,FALSE,FALSE
2,371,,,,,,,,FALSE,"BE","Biel BE","Bienne","Bienne","Biel BE","Bienne (BE)","Bienne (BE)","Bern","Berne","Berna","https://thumb.wikimedia.org/wikipedia/commons/thumb/3/39/CHE_Biel_COA.svg/960px-CHE_Biel_COA.svg.png",36.005717256,FALSE,FALSE
2,372,,,,,,,,FALSE,"BE","Leubringen","Evilard","Evilard","Leubringen BE","Evilard (BE)","Evilard (BE)","Bern","Berne","Berna","https://thumb.wikimedia.org/wikipedia/commons/thumb/5/5b/CHE_Evilard_COA.svg/500px-CHE_Evilard_COA.svg.png",36.005717256,FALSE,FALSE
2,381,,,,,,,,FALSE,"BE","Arch","Arch","Arch","Arch BE","Arch (BE)","Arch (BE)","Bern","Berne","Berna","https://thumb.wikimedia.org/wikipedia/commons/thumb/4/48/CHE_Arch_COA.svg/500px-CHE_Arch_COA.svg.png",36.005717256,FALSE,FALSE
2,382,,,,,,,,FALSE,"BE","Büetigen","Büetigen","Büetigen","Büetigen BE","Büetigen (BE)","Büetigen (BE)","Bern","Berne","Berna","https://thumb.wikimedia.org/wikipedia/commons/thumb/e/e0/CHE_B%C3%BCetigen_COA.svg/500px-CHE_B%C3%BCetigen_COA.svg.png",36.005717256,FALSE,FALSE
2,383,,,,,,,,FALSE,"BE","Büren an der Aare","Büren an der Aare","Büren an der Aare","Büren an der Aare BE","Büren an der Aare (BE)","Büren an der Aare (BE)","Bern","Berne","Berna","https://thumb.wikimedia.org/wikipedia/commons/thumb/5/55/CHE_B%C3%BCren_an_der_Aare_COA.svg/500px-CHE_B%C3%BCren_an_der_Aare_COA.svg.png",36.005717256,FALSE,FALSE
2,385,,,,,,,,FALSE,"BE","Diessbach bei Büren","Diessbach bei Büren","Diessbach bei Büren","Diessbach bei Büren BE","Diessbach bei Büren (BE)","Diessbach bei Büren (BE)","Bern","Berne","Berna","https://thumb.wikimedia.org/wikipedia/commons/thumb/1/1b/CHE_Diessbach_bei_B%C3%BCren_COA.svg/500px-CHE_Diessbach_bei_B%C3%BCren_COA.svg.png",36.005717256,FALSE,FALSE
2,386,,,,,,,,FALSE,"BE","Dotzigen","Dotzigen","Dotzigen","Dotzigen BE","Dotzigen (BE)","Dotzigen (BE)","Bern","Berne","Berna","https://thumb.wikimedia.org/wikipedia/commons/thumb/a/aa/CHE_Dotzigen_BE_COA.svg/500px-CHE_Dotzigen_BE_COA.svg.png",36.005717256,FALSE,FALSE
2,387,,,,,,,,FALSE,"BE","Lengnau BE","Longeau","Longeau","Lengnau BE","Longeau (BE)","Longeau (BE)","Bern","Berne","Berna","https://thumb.wikimedia.org/wikipedia/commons/thumb/d/dd/CHE_Lengnau_BE_COA.svg/500px-CHE_Lengnau_BE_COA.svg.png",36.005717256,FALSE,FALSE
2,388,,,,,,,,FALSE,"BE","Leuzigen","Leuzigen","Leuzigen","Leuzigen BE","Leuzigen (BE)","Leuzigen (BE)","Bern","Berne","Berna","https://thumb.wikimedia.org/wikipedia/commons/thumb/b/ba/CHE_Leuzigen_COA.svg/500px-CHE_Leuzigen_COA.svg.png",36.005717256,FALSE,FALSE
2,390,,,,,,,,FALSE,"BE","Meinisberg","Meinisberg","Meinisberg","Meinisberg BE","Meinisberg (BE)","Meinisberg (BE)","Bern","Berne","Berna","https://thumb.wikimedia.org/wikipedia/commons/thumb/9/99/CHE_Meinisberg_COA.svg/500px-CHE_Meinisberg_COA.svg.png",36.005717256,FALSE,FALSE
2,391,,,,,,,,FALSE,"BE","Oberwil bei Büren","Oberwil bei Büren","Oberwil bei Büren","Oberwil bei Büren BE","Oberwil bei Büren (BE)","Oberwil bei Büren (BE)","Bern","Berne","Berna","https://thumb.wikimedia.org/wikipedia/commons/thumb/0/08/CHE_Oberwil_bei_B%C3%BCren_COA.svg/960px-CHE_Oberwil_bei_B%C3%BCren_COA.svg.png",36.005717256,FALSE,FALSE
2,392,,,,,,,,FALSE,"BE","Pieterlen","Perles","Perles","Pieterlen BE","Perles (BE)","Perles (BE)","Bern","Berne","Berna","https://thumb.wikimedia.org/wikipedia/commons/thumb/b/bc/CHE_Pieterlen_COA.svg/500px-CHE_Pieterlen_COA.svg.png",36.005717256,FALSE,FALSE
2,393,,,,,,,,FALSE,"BE","Rüti bei Büren","Rüti bei Büren","Rüti bei Büren","Rüti bei Büren BE","Rüti bei Büren (BE)","Rüti bei Büren (BE)","Bern","Berne","Berna","https://thumb.wikimedia.org/wikipedia/commons/thumb/1/18/CHE_R%C3%BCti_bei_B%C3%BCren_COA.svg/500px-CHE_R%C3%BCti_bei_B%C3%BCren_COA.svg.png",36.005717256,FALSE,FALSE
2,394,,,,,,,,FALSE,"BE","Wengi","Wengi","Wengi","Wengi BE","Wengi (BE)","Wengi (BE)","Bern","Berne","Berna","https://thumb.wikimedia.org/wikipedia/commons/thumb/6/66/CHE_Wengi_COA.svg/500px-CHE_Wengi_COA.svg.png",36.005717256,FALSE,FALSE
2,401,,,,,,,,FALSE,"BE","Aefligen","Aefligen","Aefligen","Aefligen BE","Aefligen (BE)","Aefligen (BE)","Bern","Berne","Berna","https://thumb.wikimedia.org/wikipedia/commons/thumb/5/57/CHE_Aefligen_COA.svg/500px-CHE_Aefligen_COA.svg.png",36.005717256,FALSE,FALSE
2,402,,,,,,,,FALSE,"BE","Alchenstorf","Alchenstorf","Alchenstorf","Alchenstorf BE","Alchenstorf (BE)","Alchenstorf (BE)","Bern","Berne","Berna","https://thumb.wikimedia.org/wikipedia/commons/thumb/6/65/CHE_Alchenstorf_COA.svg/500px-CHE_Alchenstorf_COA.svg.png",36.005717256,FALSE,FALSE
2,403,,,,,,,,FALSE,"BE","Bäriswil","Bäriswil","Bäriswil","Bäriswil BE","Bäriswil (BE)","Bäriswil (BE)","Bern","Berne","Berna","https://thumb.wikimedia.org/wikipedia/commons/thumb/b/b6/CHE_B%C3%A4riswil_COA.svg/500px-CHE_B%C3%A4riswil_COA.svg.png",36.005717256,FALSE,FALSE
2,404,,,,,,,,FALSE,"BE","Burgdorf","Berthoud","Berthoud","Burgdorf BE","Berthoud (BE)","Berthoud (BE)","Bern","Berne","Berna","https://thumb.wikimedia.org/wikipedia/commons/thumb/8/80/CHE_Burgdorf_BE_COA.svg/500px-CHE_Burgdorf_BE_COA.svg.png",36.005717256,FALSE,FALSE
2,405,,,,,,,,FALSE,"BE","Ersigen","Ersigen","Ersigen","Ersigen BE","Ersigen (BE)","Ersigen (BE)","Bern","Berne","Berna","https://thumb.wikimedia.org/wikipedia/commons/thumb/0/0c/CHE_Ersigen_COA.svg/500px-CHE_Ersigen_COA.svg.png",36.005717256,FALSE,FALSE
2,406,,,,,,,,FALSE,"BE","Hasle bei Burgdorf","Hasle bei Burgdorf","Hasle bei Burgdorf","Hasle bei Burgdorf BE","Hasle bei Burgdorf (BE)","Hasle bei Burgdorf (BE)","Bern","Berne","Berna","https://thumb.wikimedia.org/wikipedia/commons/thumb/5/5e/CHE_Hasle_bei_Burgdorf_COA.svg/500px-CHE_Hasle_bei_Burgdorf_COA.svg.png",36.005717256,FALSE,FALSE
2,407,,,,,,,,FALSE,"BE","Heimiswil","Heimiswil","Heimiswil","Heimiswil BE","Heimiswil (BE)","Heimiswil (BE)","Bern","Berne","Berna","https://thumb.wikimedia.org/wikipedia/commons/thumb/c/ca/CHE_Heimiswil_COA.svg/500px-CHE_Heimiswil_COA.svg.png",36.005717256,FALSE,FALSE
2,409,,,,,,,,FALSE,"BE","Hindelbank","Hindelbank","Hindelbank","Hindelbank BE","Hindelbank (BE)","Hindelbank (BE)","Bern","Berne","Berna","https://thumb.wikimedia.org/wikipedia/commons/thumb/0/0d/CHE_Hindelbank_COA.svg/500px-CHE_Hindelbank_COA.svg.png",36.005717256,FALSE,FALSE
2,410,,,,,,,,FALSE,"BE","Höchstetten","Höchstetten","Höchstetten","Höchstetten BE","Höchstetten (BE)","Höchstetten (BE)","Bern","Berne","Berna","https://thumb.wikimedia.org/wikipedia/commons/thumb/8/8c/CHE_H%C3%B6chstetten_COA.svg/500px-CHE_H%C3%B6chstetten_COA.svg.png",36.005717256,FALSE,FALSE
2,411,,,,,,,,FALSE,"BE","Kernenried","Kernenried","Kernenried","Kernenried BE","Kernenried (BE)","Kernenried (BE)","Bern","Berne","Berna","https://thumb.wikimedia.org/wikipedia/commons/thumb/e/ec/CHE_Kernenried_COA.svg/500px-CHE_Kernenried_COA.svg.png",36.005717256,FALSE,FALSE
2,412,,,,,,,,FALSE,"BE","Kirchberg BE","Kirchberg (BE)","Kirchberg BE","Kirchberg BE","Kirchberg (BE)","Kirchberg (BE)","Bern","Berne","Berna","https://thumb.wikimedia.org/wikipedia/commons/thumb/1/1d/CHE_Kirchberg_BE_COA.svg/960px-CHE_Kirchberg_BE_COA.svg.png",36.005717256,FALSE,FALSE
2,413,,,,,,,,FALSE,"BE","Koppigen","Koppigen","Koppigen","Koppigen BE","Koppigen (BE)","Koppigen (BE)","Bern","Berne","Berna","https://thumb.wikimedia.org/wikipedia/commons/thumb/0/02/CHE_Koppigen_COA.svg/500px-CHE_Koppigen_COA.svg.png",36.005717256,FALSE,FALSE
2,414,,,,,,,,FALSE,"BE","Krauchthal","Krauchthal","Krauchthal","Krauchthal BE","Krauchthal (BE)","Krauchthal (BE)","Bern","Berne","Berna","https://thumb.wikimedia.org/wikipedia/commons/thumb/f/f0/CHE_Krauchthal_COA.svg/500px-CHE_Krauchthal_COA.svg.png",36.005717256,FALSE,FALSE
2,415,,,,,,,,FALSE,"BE","Lyssach","Lyssach","Lyssach","Lyssach BE","Lyssach (BE)","Lyssach (BE)","Bern","Berne","Berna","https://thumb.wikimedia.org/wikipedia/commons/thumb/3/3a/CHE_Lyssach_COA.svg/500px-CHE_Lyssach_COA.svg.png",36.005717256,FALSE,FALSE
2,418,,,,,,,,FALSE,"BE","Oberburg","Oberburg","Oberburg","Oberburg BE","Oberburg (BE)","Oberburg (BE)","Bern","Berne","Berna","https://thumb.wikimedia.org/wikipedia/commons/thumb/e/e3/CHE_Oberburg_COA.svg/960px-CHE_Oberburg_COA.svg.png",36.005717256,FALSE,FALSE
2,420,,,,,,,,FALSE,"BE","Rüdtligen-Alchenflüh","Rüdtligen-Alchenflüh","Rüdtligen-Alchenflüh","Rüdtligen-Alchenflüh BE","Rüdtligen-Alchenflüh (BE)","Rüdtligen-Alchenflüh (BE)","Bern","Berne","Berna","https://thumb.wikimedia.org/wikipedia/commons/thumb/a/af/CHE_R%C3%BCdtligen-Alchenfl%C3%BCh_COA.svg/500px-CHE_R%C3%BCdtligen-Alchenfl%C3%BCh_COA.svg.png",36.005717256,FALSE,FALSE
2,421,,,,,,,,FALSE,"BE","Rumendingen","Rumendingen","Rumendingen","Rumendingen BE","Rumendingen (BE)","Rumendingen (BE)","Bern","Berne","Berna","https://thumb.wikimedia.org/wikipedia/commons/thumb/a/a0/CHE_Rumendingen_COA.svg/500px-CHE_Rumendingen_COA.svg.png",36.005717256,FALSE,FALSE
2,422,,,,,,,,FALSE,"BE","Rüti bei Lyssach","Rüti bei Lyssach","Rüti bei Lyssach","Rüti bei Lyssach BE","Rüti bei Lyssach (BE)","Rüti bei Lyssach (BE)","Bern","Berne","Berna","https://thumb.wikimedia.org/wikipedia/commons/thumb/d/d8/CHE_R%C3%BCti_bei_Lyssach_COA.svg/500px-CHE_R%C3%BCti_bei_Lyssach_COA.svg.png",36.005717256,FALSE,FALSE
2,423,,,,,,,,FALSE,"BE","Willadingen","Willadingen","Willadingen","Willadingen BE","Willadingen (BE)","Willadingen (BE)","Bern","Berne","Berna","https://thumb.wikimedia.org/wikipedia/commons/thumb/a/a7/CHE_Willadingen_COA.svg/500px-CHE_Willadingen_COA.svg.png",36.005717256,FALSE,FALSE
2,424,,,,,,,,FALSE,"BE","Wynigen","Wynigen","Wynigen","Wynigen BE","Wynigen (BE)","Wynigen (BE)","Bern","Berne","Berna","https://thumb.wikimedia.org/wikipedia/commons/thumb/1/17/CHE_Wynigen_COA.svg/960px-CHE_Wynigen_COA.svg.png",36.005717256,FALSE,FALSE
2,431,,,,,,,,FALSE,"BE","Corgémont","Corgémont","Corgémont","Corgémont BE","Corgémont (BE)","Corgémont (BE)","Bern","Berne","Berna","https://thumb.wikimedia.org/wikipedia/commons/thumb/b/b3/CHE_Corg%C3%A9mont_COA.svg/500px-CHE_Corg%C3%A9mont_COA.svg.png",36.005717256,FALSE,FALSE
2,432,,,,,,,,FALSE,"BE","Cormoret","Cormoret","Cormoret","Cormoret BE","Cormoret (BE)","Cormoret (BE)","Bern","Berne","Berna","https://thumb.wikimedia.org/wikipedia/commons/thumb/d/d6/CHE_Cormoret_COA.svg/500px-CHE_Cormoret_COA.svg.png",36.005717256,FALSE,FALSE
2,433,,,,,,,,FALSE,"BE","Cortébert","Cortébert","Cortébert","Cortébert BE","Cortébert (BE)","Cortébert (BE)","Bern","Berne","Berna","https://thumb.wikimedia.org/wikipedia/commons/thumb/7/73/CHE_Cort%C3%A9bert_COA.svg/500px-CHE_Cort%C3%A9bert_COA.svg.png",36.005717256,FALSE,FALSE
2,434,,,,,,,,FALSE,"BE","Courtelary","Courtelary","Courtelary","Courtelary BE","Courtelary (BE)","Courtelary (BE)","Bern","Berne","Berna","https://thumb.wikimedia.org/wikipedia/commons/thumb/6/6b/CHE_Courtelary_COA.svg/500px-CHE_Courtelary_COA.svg.png",36.005717256,FALSE,FALSE
2,435,,,,,,,,FALSE,"BE","La Ferrière","La Ferrière","La Ferrière","La Ferrière BE","La Ferrière (BE)","La Ferrière (BE)","Bern","Berne","Berna","https://thumb.wikimedia.org/wikipedia/commons/thumb/2/24/CHE_La_Ferri%C3%A8re_COA.svg/500px-CHE_La_Ferri%C3%A8re_COA.svg.png",36.005717256,FALSE,FALSE
2,437,,,,,,,,FALSE,"BE","Mont-Tramelan","Mont-Tramelan","Mont-Tramelan","Mont-Tramelan BE","Mont-Tramelan (BE)","Mont-Tramelan (BE)","Bern","Berne","Berna","https://thumb.wikimedia.org/wikipedia/commons/thumb/4/4c/CHE_Mont-Tramelan_COA.svg/500px-CHE_Mont-Tramelan_COA.svg.png",36.005717256,FALSE,FALSE
2,438,,,,,,,,FALSE,"BE","Orvin","Orvin","Orvin","Orvin BE","Orvin (BE)","Orvin (BE)","Bern","Berne","Berna","https://thumb.wikimedia.org/wikipedia/commons/thumb/c/cf/CHE_Orvin_COA.svg/500px-CHE_Orvin_COA.svg.png",36.005717256,FALSE,FALSE
2,441,,,,,,,,FALSE,"BE","Renan BE","Renan (BE)","Renan BE","Renan BE","Renan (BE)","Renan (BE)","Bern","Berne","Berna","https://thumb.wikimedia.org/wikipedia/commons/thumb/0/08/CHE_Renan_COA.svg/500px-CHE_Renan_COA.svg.png",36.005717256,FALSE,FALSE
2,442,,,,,,,,FALSE,"BE","Romont BE","Romont (BE)","Romont BE","Romont BE","Romont (BE)","Romont (BE)","Bern","Berne","Berna","https://thumb.wikimedia.org/wikipedia/commons/thumb/4/4c/CHE_Romont_BE_COA.svg/500px-CHE_Romont_BE_COA.svg.png",36.005717256,FALSE,FALSE
2,443,,,,,,,,FALSE,"BE","St. Immer","Saint-Imier","Saint-Imier","St. Immer BE","Saint-Imier (BE)","Saint-Imier (BE)","Bern","Berne","Berna","https://thumb.wikimedia.org/wikipedia/commons/thumb/4/4a/CHE_Saint-Imier_COA.svg/500px-CHE_Saint-Imier_COA.svg.png",36.005717256,FALSE,FALSE
2,444,,,,,,,,FALSE,"BE","Sonceboz-Sombeval","Sonceboz-Sombeval","Sonceboz-Sombeval","Sonceboz-Sombeval BE","Sonceboz-Sombeval (BE)","Sonceboz-Sombeval (BE)","Bern","Berne","Berna","https://thumb.wikimedia.org/wikipedia/commons/thumb/9/9d/CHE_Sonceboz-Sombeval_COA.svg/500px-CHE_Sonceboz-Sombeval_COA.svg.png",36.005717256,FALSE,FALSE
2,445,,,,,,,,FALSE,"BE","Sonvilier","Sonvilier","Sonvilier","Sonvilier BE","Sonvilier (BE)","Sonvilier (BE)","Bern","Berne","Berna","https://thumb.wikimedia.org/wikipedia/commons/thumb/b/bd/CHE_Sonvilier_COA.svg/500px-CHE_Sonvilier_COA.svg.png",36.005717256,FALSE,FALSE
2,446,,,,,,,,FALSE,"BE","Tramelan","Tramelan","Tramelan","Tramelan BE","Tramelan (BE)","Tramelan (BE)","Bern","Berne","Berna","https://thumb.wikimedia.org/wikipedia/commons/thumb/4/49/CHE_Tramelan_COA.svg/500px-CHE_Tramelan_COA.svg.png",36.005717256,FALSE,FALSE
2,448,,,,,,,,FALSE,"BE","Villeret","Villeret","Villeret","Villeret BE","Villeret (BE)","Villeret (BE)","Bern","Berne","Berna","https://thumb.wikimedia.org/wikipedia/commons/thumb/8/8a/CHE_Villeret_COA.svg/500px-CHE_Villeret_COA.svg.png",36.005717256,FALSE,FALSE
2,449,,,,,,,,FALSE,"BE","Sauge","Sauge","Sauge","Sauge BE","Sauge (BE)","Sauge (BE)","Bern","Berne","Berna","https://thumb.wikimedia.org/wikipedia/commons/thumb/f/fd/CHE_Sauge_COA.svg/500px-CHE_Sauge_COA.svg.png",36.005717256,FALSE,FALSE
2,450,,,,,,,,FALSE,"BE","Péry-La Heutte","Péry-La Heutte","Péry-La Heutte","Péry-La Heutte BE","Péry-La Heutte (BE)","Péry-La Heutte (BE)","Bern","Berne","Berna","https://thumb.wikimedia.org/wikipedia/commons/thumb/0/02/CHE_P%C3%A9ry-La_Heutte_COA.svg/500px-CHE_P%C3%A9ry-La_Heutte_COA.svg.png",36.005717256,FALSE,FALSE
2,491,,,,,,,,FALSE,"BE","Brüttelen","Brüttelen","Brüttelen","Brüttelen BE","Brüttelen (BE)","Brüttelen (BE)","Bern","Berne","Berna","https://thumb.wikimedia.org/wikipedia/commons/thumb/f/f8/CHE_Br%C3%BCttelen_COA.svg/500px-CHE_Br%C3%BCttelen_COA.svg.png",36.005717256,FALSE,FALSE
2,492,,,,,,,,FALSE,"BE","Erlach","Cerlier","Erlach","Erlach BE","Cerlier (BE)","Cerlier (BE)","Bern","Berne","Berna","https://thumb.wikimedia.org/wikipedia/commons/thumb/b/b4/CHE_Erlach_COA.svg/500px-CHE_Erlach_COA.svg.png",36.005717256,FALSE,FALSE
2,493,,,,,,,,FALSE,"BE","Finsterhennen","Finsterhennen","Finsterhennen","Finsterhennen BE","Finsterhennen (BE)","Finsterhennen (BE)","Bern","Berne","Berna","https://thumb.wikimedia.org/wikipedia/commons/thumb/c/c5/CHE_Finsterhennen_BE_COA.svg/500px-CHE_Finsterhennen_BE_COA.svg.png",36.005717256,FALSE,FALSE
2,494,,,,,,,,FALSE,"BE","Gals","Gals","Gals","Gals BE","Gals (BE)","Gals (BE)","Bern","Berne","Berna","https://thumb.wikimedia.org/wikipedia/commons/thumb/2/29/CHE_Gals_COA.svg/500px-CHE_Gals_COA.svg.png",36.005717256,FALSE,FALSE
2,495,,,,,,,,FALSE,"BE","Gampelen","Champion (Gampelen)","Gampelen","Gampelen BE","Champion (Gampelen) (BE)","Gampelen (BE)","Bern","Berne","Berna","https://thumb.wikimedia.org/wikipedia/commons/thumb/5/50/CHE_Gampelen_COA.svg/500px-CHE_Gampelen_COA.svg.png",36.005717256,FALSE,FALSE
2,496,,,,,,,,FALSE,"BE","Ins","Anet","Anet","Ins BE","Anet (BE)","Anet (BE)","Bern","Berne","Berna","https://thumb.wikimedia.org/wikipedia/commons/thumb/6/6b/CHE_Ins_COA.svg/500px-CHE_Ins_COA.svg.png",36.005717256,FALSE,FALSE
2,497,,,,,,,,FALSE,"BE","Lüscherz","Lüscherz","Lüscherz","Lüscherz BE","Lüscherz (BE)","Lüscherz (BE)","Bern","Berne","Berna","https://thumb.wikimedia.org/wikipedia/commons/thumb/8/8b/CHE_L%C3%BCscherz_COA.svg/500px-CHE_L%C3%BCscherz_COA.svg.png",36.005717256,FALSE,FALSE
2,498,,,,,,,,FALSE,"BE","Müntschemier","Müntschemier","Müntschemier","Müntschemier BE","Müntschemier (BE)","Müntschemier (BE)","Bern","Berne","Berna","https://thumb.wikimedia.org/wikipedia/commons/thumb/a/a8/CHE_M%C3%BCntschemier_COA.svg/500px-CHE_M%C3%BCntschemier_COA.svg.png",36.005717256,FALSE,FALSE
2,499,,,,,,,,FALSE,"BE","Siselen","Siselen","Siselen","Siselen BE","Siselen (BE)","Siselen (BE)","Bern","Berne","Berna","https://thumb.wikimedia.org/wikipedia/commons/thumb/9/97/CHE_Siselen_COA.svg/500px-CHE_Siselen_COA.svg.png",36.005717256,FALSE,FALSE
2,500,,,,,,,,FALSE,"BE","Treiten","Treiten","Treiten","Treiten BE","Treiten (BE)","Treiten (BE)","Bern","Berne","Berna","https://thumb.wikimedia.org/wikipedia/commons/thumb/8/81/CHE_Treiten_COA.svg/500px-CHE_Treiten_COA.svg.png",36.005717256,FALSE,FALSE
2,501,,,,,,,,FALSE,"BE","Tschugg","Tschugg","Tschugg","Tschugg BE","Tschugg (BE)","Tschugg (BE)","Bern","Berne","Berna","https://thumb.wikimedia.org/wikipedia/commons/thumb/b/b8/CHE_Tschugg_COA.svg/500px-CHE_Tschugg_COA.svg.png",36.005717256,FALSE,FALSE
2,502,,,,,,,,FALSE,"BE","Vinelz","Vinelz","Vinelz","Vinelz BE","Vinelz (BE)","Vinelz (BE)","Bern","Berne","Berna","https://thumb.wikimedia.org/wikipedia/commons/thumb/d/d3/CHE_Vinelz_COA.svg/500px-CHE_Vinelz_COA.svg.png",36.005717256,FALSE,FALSE
2,533,,,,,,,,FALSE,"BE","Bätterkinden","Bätterkinden","Bätterkinden","Bätterkinden BE","Bätterkinden (BE)","Bätterkinden (BE)","Bern","Berne","Berna","https://thumb.wikimedia.org/wikipedia/commons/thumb/7/7b/CHE_B%C3%A4tterkinden_COA.svg/500px-CHE_B%C3%A4tterkinden_COA.svg.png",36.005717256,FALSE,FALSE
2,538,,,,,,,,FALSE,"BE","Fraubrunnen","Fraubrunnen","Fraubrunnen","Fraubrunnen BE","Fraubrunnen (BE)","Fraubrunnen (BE)","Bern","Berne","Berna","https://thumb.wikimedia.org/wikipedia/commons/thumb/2/2e/CHE_Fraubrunnen_COA.svg/500px-CHE_Fraubrunnen_COA.svg.png",36.005717256,FALSE,FALSE
2,540,,,,,,,,FALSE,"BE","Jegenstorf","Jegenstorf","Jegenstorf","Jegenstorf BE","Jegenstorf (BE)","Jegenstorf (BE)","Bern","Berne","Berna","https://thumb.wikimedia.org/wikipedia/commons/thumb/1/10/CHE_Jegenstorf_COA.svg/500px-CHE_Jegenstorf_COA.svg.png",36.005717256,FALSE,FALSE
2,541,,,,,,,,FALSE,"BE","Iffwil","Iffwil","Iffwil","Iffwil BE","Iffwil (BE)","Iffwil (BE)","Bern","Berne","Berna","https://thumb.wikimedia.org/wikipedia/commons/thumb/3/36/CHE_Iffwil_COA.svg/500px-CHE_Iffwil_COA.svg.png",36.005717256,FALSE,FALSE
2,543,,,,,,,,FALSE,"BE","Mattstetten","Mattstetten","Mattstetten","Mattstetten BE","Mattstetten (BE)","Mattstetten (BE)","Bern","Berne","Berna","https://thumb.wikimedia.org/wikipedia/commons/thumb/f/f5/CHE_Mattstetten_COA.svg/500px-CHE_Mattstetten_COA.svg.png",36.005717256,FALSE,FALSE
2,544,,,,,,,,FALSE,"BE","Moosseedorf","Moosseedorf","Moosseedorf","Moosseedorf BE","Moosseedorf (BE)","Moosseedorf (BE)","Bern","Berne","Berna","https://thumb.wikimedia.org/wikipedia/commons/thumb/6/6f/CHE_Moosseedorf_COA.svg/500px-CHE_Moosseedorf_COA.svg.png",36.005717256,FALSE,FALSE
2,546,,,,,,,,FALSE,"BE","Münchenbuchsee","Münchenbuchsee","Münchenbuchsee","Münchenbuchsee BE","Münchenbuchsee (BE)","Münchenbuchsee (BE)","Bern","Berne","Berna","https://thumb.wikimedia.org/wikipedia/commons/thumb/a/a9/CHE_M%C3%BCnchenbuchsee_COA.svg/500px-CHE_M%C3%BCnchenbuchsee_COA.svg.png",36.005717256,FALSE,FALSE
2,551,,,,,,,,FALSE,"BE","Urtenen-Schönbühl","Urtenen-Schönbühl","Urtenen-Schönbühl","Urtenen-Schönbühl BE","Urtenen-Schönbühl (BE)","Urtenen-Schönbühl (BE)","Bern","Berne","Berna","https://thumb.wikimedia.org/wikipedia/commons/thumb/a/a2/CHE_Urtenen-Sch%C3%B6nb%C3%BChl_COA.svg/500px-CHE_Urtenen-Sch%C3%B6nb%C3%BChl_COA.svg.png",36.005717256,FALSE,FALSE
2,552,,,,,,,,FALSE,"BE","Utzenstorf","Utzenstorf","Utzenstorf","Utzenstorf BE","Utzenstorf (BE)","Utzenstorf (BE)","Bern","Berne","Berna","https://thumb.wikimedia.org/wikipedia/commons/thumb/f/f7/CHE_Utzenstorf_COA.svg/500px-CHE_Utzenstorf_COA.svg.png",36.005717256,FALSE,FALSE
2,553,,,,,,,,FALSE,"BE","Wiggiswil","Wiggiswil","Wiggiswil","Wiggiswil BE","Wiggiswil (BE)","Wiggiswil (BE)","Bern","Berne","Berna","https://thumb.wikimedia.org/wikipedia/commons/thumb/5/55/CHE_Wiggiswil_COA.svg/500px-CHE_Wiggiswil_COA.svg.png",36.005717256,FALSE,FALSE
2,554,,,,,,,,FALSE,"BE","Wiler bei Utzenstorf","Wiler bei Utzenstorf","Wiler bei Utzenstorf","Wiler bei Utzenstorf BE","Wiler bei Utzenstorf (BE)","Wiler bei Utzenstorf (BE)","Bern","Berne","Berna","https://thumb.wikimedia.org/wikipedia/commons/thumb/3/35/CHE_Wiler_bei_Utzenstorf_COA.svg/500px-CHE_Wiler_bei_Utzenstorf_COA.svg.png",36.005717256,FALSE,FALSE
2,556,,,,,,,,FALSE,"BE","Zielebach","Zielebach","Zielebach","Zielebach BE","Zielebach (BE)","Zielebach (BE)","Bern","Berne","Berna","https://thumb.wikimedia.org/wikipedia/commons/thumb/8/8e/CHE_Zielebach_COA.svg/500px-CHE_Zielebach_COA.svg.png",36.005717256,FALSE,FALSE
2,557,,,,,,,,FALSE,"BE","Zuzwil BE","Zuzwil (BE)","Zuzwil BE","Zuzwil BE","Zuzwil (BE)","Zuzwil (BE)","Bern","Berne","Berna","https://thumb.wikimedia.org/wikipedia/commons/thumb/1/1e/CHE_Zuzwil_BE_COA.svg/500px-CHE_Zuzwil_BE_COA.svg.png",36.005717256,FALSE,FALSE
2,561,,,,,,,,FALSE,"BE","Adelboden","Adelboden","Adelboden","Adelboden BE","Adelboden (BE)","Adelboden (BE)","Bern","Berne","Berna","https://thumb.wikimedia.org/wikipedia/commons/thumb/2/21/CHE_Adelboden_COA.svg/500px-CHE_Adelboden_COA.svg.png",36.005717256,FALSE,FALSE
2,562,,,,,,,,FALSE,"BE","Aeschi bei Spiez","Aeschi bei Spiez","Aeschi bei Spiez","Aeschi bei Spiez BE","Aeschi bei Spiez (BE)","Aeschi bei Spiez (BE)","Bern","Berne","Berna","https://thumb.wikimedia.org/wikipedia/commons/thumb/9/93/CHE_Aeschi_bei_Spiez_COA.svg/500px-CHE_Aeschi_bei_Spiez_COA.svg.png",36.005717256,FALSE,FALSE
2,563,,,,,,,,FALSE,"BE","Frutigen","Frutigen","Frutigen","Frutigen BE","Frutigen (BE)","Frutigen (BE)","Bern","Berne","Berna","https://thumb.wikimedia.org/wikipedia/commons/thumb/e/e5/CHE_Frutigen_COA.svg/500px-CHE_Frutigen_COA.svg.png",36.005717256,FALSE,FALSE
2,564,,,,,,,,FALSE,"BE","Kandergrund","Kandergrund","Kandergrund","Kandergrund BE","Kandergrund (BE)","Kandergrund (BE)","Bern","Berne","Berna","https://thumb.wikimedia.org/wikipedia/commons/thumb/3/36/CHE_Kandergrund_COA.svg/500px-CHE_Kandergrund_COA.svg.png",36.005717256,FALSE,FALSE
2,565,,,,,,,,FALSE,"BE","Kandersteg","Kandersteg","Kandersteg","Kandersteg BE","Kandersteg (BE)","Kandersteg (BE)","Bern","Berne","Berna","https://thumb.wikimedia.org/wikipedia/commons/thumb/b/b1/CHE_Kandersteg_COA.svg/500px-CHE_Kandersteg_COA.svg.png",36.005717256,FALSE,FALSE
2,566,,,,,,,,FALSE,"BE","Krattigen","Krattigen","Krattigen","Krattigen BE","Krattigen (BE)","Krattigen (BE)","Bern","Berne","Berna","https://thumb.wikimedia.org/wikipedia/commons/thumb/8/80/CHE_Krattigen_COA.svg/960px-CHE_Krattigen_COA.svg.png",36.005717256,FALSE,FALSE
2,567,,,,,,,,FALSE,"BE","Reichenbach im Kandertal","Reichenbach im Kandertal","Reichenbach im Kandertal","Reichenbach im Kandertal BE","Reichenbach im Kandertal (BE)","Reichenbach im Kandertal (BE)","Bern","Berne","Berna","https://thumb.wikimedia.org/wikipedia/commons/thumb/e/ea/CHE_Reichenbach_im_Kandertal_COA.svg/500px-CHE_Reichenbach_im_Kandertal_COA.svg.png",36.005717256,FALSE,FALSE
2,571,50.561797753,225,220,51.255707763,449,876,445,TRUE,"BE","Beatenberg","Beatenberg","Beatenberg","Beatenberg BE","Beatenberg (BE)","Beatenberg (BE)","Bern","Berne","Berna","https://thumb.wikimedia.org/wikipedia/commons/thumb/a/a9/CHE_Beatenberg_COA.svg/500px-CHE_Beatenberg_COA.svg.png",36.005717256,FALSE,FALSE
2,572,30.235162374,270,623,44.241225902,895,2023,893,TRUE,"BE","Bönigen","Bönigen","Bönigen","Bönigen BE","Bönigen (BE)","Bönigen (BE)","Bern","Berne","Berna","https://thumb.wikimedia.org/wikipedia/commons/thumb/3/39/CHE_B%C3%B6nigen_BE_COA.svg/500px-CHE_B%C3%B6nigen_BE_COA.svg.png",36.005717256,FALSE,FALSE
2,573,36.19133574,401,707,45.682565789,1111,2432,1108,TRUE,"BE","Brienz BE","Brienz (BE)","Brienz BE","Brienz BE","Brienz (BE)","Brienz (BE)","Bern","Berne","Berna","https://thumb.wikimedia.org/wikipedia/commons/thumb/2/25/CHE_Brienz_COA.svg/960px-CHE_Brienz_COA.svg.png",36.005717256,FALSE,FALSE
2,574,46.907216495,91,103,48.743718593,194,398,194,TRUE,"BE","Brienzwiler","Brienzwiler","Brienzwiler","Brienzwiler BE","Brienzwiler (BE)","Brienzwiler (BE)","Bern","Berne","Berna","https://thumb.wikimedia.org/wikipedia/commons/thumb/e/ef/CHE_Brienzwiler_COA.svg/500px-CHE_Brienzwiler_COA.svg.png",36.005717256,FALSE,FALSE
2,575,33.333333333,38,76,36.507936508,115,315,114,TRUE,"BE","Därligen","Därligen","Därligen","Därligen BE","Därligen (BE)","Därligen (BE)","Bern","Berne","Berna","https://thumb.wikimedia.org/wikipedia/commons/thumb/c/cf/CHE_D%C3%A4rligen_COA.svg/500px-CHE_D%C3%A4rligen_COA.svg.png",36.005717256,FALSE,FALSE
2,576,50,617,617,50.141185962,1243,2479,1234,TRUE,"BE","Grindelwald","Grindelwald","Grindelwald","Grindelwald BE","Grindelwald (BE)","Grindelwald (BE)","Bern","Berne","Berna","https://thumb.wikimedia.org/wikipedia/commons/thumb/2/28/CHE_Grindelwald_COA.svg/500px-CHE_Grindelwald_COA.svg.png",36.005717256,FALSE,FALSE
2,577,42.038216561,66,91,48.757763975,157,322,157,TRUE,"BE","Gsteigwiler","Gsteigwiler","Gsteigwiler","Gsteigwiler BE","Gsteigwiler (BE)","Gsteigwiler (BE)","Bern","Berne","Berna","https://thumb.wikimedia.org/wikipedia/commons/thumb/5/5c/CHE_Gsteigwiler_COA.svg/500px-CHE_Gsteigwiler_COA.svg.png",36.005717256,FALSE,FALSE
2,578,56.756756757,63,48,49.777777778,112,225,111,TRUE,"BE","Gündlischwand","Gündlischwand","Gündlischwand","Gündlischwand BE","Gündlischwand (BE)","Gündlischwand (BE)","Bern","Berne","Berna","https://thumb.wikimedia.org/wikipedia/commons/thumb/c/c6/CHE_G%C3%BCndlischwand_COA.svg/500px-CHE_G%C3%BCndlischwand_COA.svg.png",36.005717256,FALSE,FALSE
2,579,59.832635983,143,96,46.6796875,239,512,239,TRUE,"BE","Habkern","Habkern","Habkern","Habkern BE","Habkern (BE)","Habkern (BE)","Bern","Berne","Berna","https://thumb.wikimedia.org/wikipedia/commons/thumb/5/5b/CHE_Habkern_COA.svg/960px-CHE_Habkern_COA.svg.png",36.005717256,FALSE,FALSE
2,580,45.933014354,96,113,45.733041575,209,457,209,TRUE,"BE","Hofstetten bei Brienz","Hofstetten bei Brienz","Hofstetten bei Brienz","Hofstetten bei Brienz BE","Hofstetten bei Brienz (BE)","Hofstetten bei Brienz (BE)","Bern","Berne","Berna","https://thumb.wikimedia.org/wikipedia/commons/thumb/6/62/CHE_Hofstetten_bei_Brienz_COA.svg/500px-CHE_Hofstetten_bei_Brienz_COA.svg.png",36.005717256,FALSE,FALSE
2,581,28.722700199,434,1077,44.871415903,1518,3383,1511,TRUE,"BE","Interlaken","Interlaken","Interlaken","Interlaken BE","Interlaken (BE)","Interlaken (BE)","Bern","Berne","Berna","https://thumb.wikimedia.org/wikipedia/commons/thumb/9/96/CHE_Interlaken_COA.svg/500px-CHE_Interlaken_COA.svg.png",36.005717256,FALSE,FALSE
2,582,40,56,84,43.827160494,142,324,140,TRUE,"BE","Iseltwald","Iseltwald","Iseltwald","Iseltwald BE","Iseltwald (BE)","Iseltwald (BE)","Bern","Berne","Berna","https://thumb.wikimedia.org/wikipedia/commons/thumb/b/b8/CHE_Iseltwald_COA.svg/500px-CHE_Iseltwald_COA.svg.png",36.005717256,FALSE,FALSE
2,584,33.480825959,227,451,46.138211382,681,1476,678,TRUE,"BE","Lauterbrunnen","Lauterbrunnen","Lauterbrunnen","Lauterbrunnen BE","Lauterbrunnen (BE)","Lauterbrunnen (BE)","Bern","Berne","Berna","https://thumb.wikimedia.org/wikipedia/commons/thumb/0/0b/CHE_Lauterbrunnen_COA.svg/500px-CHE_Lauterbrunnen_COA.svg.png",36.005717256,FALSE,FALSE
2,585,37.471783296,166,277,51.146788991,446,872,443,TRUE,"BE","Leissigen","Leissigen","Leissigen","Leissigen BE","Leissigen (BE)","Leissigen (BE)","Bern","Berne","Berna","https://thumb.wikimedia.org/wikipedia/commons/thumb/2/24/CHE_Leissigen_COA.svg/500px-CHE_Leissigen_COA.svg.png",36.005717256,FALSE,FALSE
2,586,54.929577465,39,32,41.279069767,71,172,71,TRUE,"BE","Lütschental","Lütschental","Lütschental","Lütschental BE","Lütschental (BE)","Lütschental (BE)","Bern","Berne","Berna","https://thumb.wikimedia.org/wikipedia/commons/thumb/c/c1/CHE_L%C3%BCtschental_COA.svg/500px-CHE_L%C3%BCtschental_COA.svg.png",36.005717256,FALSE,FALSE
2,587,27.687016337,322,841,43.019005848,1177,2736,1163,TRUE,"BE","Matten bei Interlaken","Matten bei Interlaken","Matten bei Interlaken","Matten bei Interlaken BE","Matten bei Interlaken (BE)","Matten bei Interlaken (BE)","Bern","Berne","Berna","https://thumb.wikimedia.org/wikipedia/commons/thumb/2/22/CHE_Matten_bei_Interlaken_COA.svg/500px-CHE_Matten_bei_Interlaken_COA.svg.png",36.005717256,FALSE,FALSE
2,588,33.088235294,45,91,50,136,272,136,TRUE,"BE","Niederried bei Interlaken","Niederried bei Interlaken","Niederried bei Interlaken","Niederried bei Interlaken BE","Niederried bei Interlaken (BE)","Niederried bei Interlaken (BE)","Bern","Berne","Berna","https://thumb.wikimedia.org/wikipedia/commons/thumb/3/39/CHE_Niederried_bei_Interlaken_COA.svg/500px-CHE_Niederried_bei_Interlaken_COA.svg.png",36.005717256,FALSE,FALSE
2,589,32.413793103,47,98,40.591397849,151,372,145,TRUE,"BE","Oberried am Brienzersee","Oberried am Brienzersee","Oberried am Brienzersee","Oberried am Brienzersee BE","Oberried am Brienzersee (BE)","Oberried am Brienzersee (BE)","Bern","Berne","Berna","https://thumb.wikimedia.org/wikipedia/commons/thumb/b/b5/CHE_Oberried_am_Brienzersee_COA.svg/500px-CHE_Oberried_am_Brienzersee_COA.svg.png",36.005717256,FALSE,FALSE
2,590,34.538653367,277,525,41.705668227,802,1923,802,TRUE,"BE","Ringgenberg BE","Ringgenberg (BE)","Ringgenberg BE","Ringgenberg BE","Ringgenberg (BE)","Ringgenberg (BE)","Bern","Berne","Berna","https://thumb.wikimedia.org/wikipedia/commons/thumb/9/95/CHE_Ringgenberg_COA.svg/500px-CHE_Ringgenberg_COA.svg.png",36.005717256,FALSE,FALSE
2,591,53.658536585,22,19,47.674418605,41,86,41,TRUE,"BE","Saxeten","Saxeten","Saxeten","Saxeten BE","Saxeten (BE)","Saxeten (BE)","Bern","Berne","Berna","https://thumb.wikimedia.org/wikipedia/commons/thumb/5/5b/CHE_Saxeten_COA.svg/500px-CHE_Saxeten_COA.svg.png",36.005717256,FALSE,FALSE
2,592,21.653543307,55,199,49.609375,254,512,254,TRUE,"BE","Schwanden bei Brienz","Schwanden bei Brienz","Schwanden bei Brienz","Schwanden bei Brienz BE","Schwanden bei Brienz (BE)","Schwanden bei Brienz (BE)","Bern","Berne","Berna","https://upload.wikimedia.org/wikipedia/commons/4/4f/Wappen-gross.gif",36.005717256,FALSE,FALSE
2,593,30.118009236,587,1362,49.77110885,1957,3932,1949,TRUE,"BE","Unterseen","Unterseen","Unterseen","Unterseen BE","Unterseen (BE)","Unterseen (BE)","Bern","Berne","Berna","https://thumb.wikimedia.org/wikipedia/commons/thumb/b/b9/CHE_Unterseen_COA.svg/500px-CHE_Unterseen_COA.svg.png",36.005717256,FALSE,FALSE
2,594,40.23255814,346,514,45.806794055,863,1884,860,TRUE,"BE","Wilderswil","Wilderswil","Wilderswil","Wilderswil BE","Wilderswil (BE)","Wilderswil (BE)","Bern","Berne","Berna","https://thumb.wikimedia.org/wikipedia/commons/thumb/7/79/CHE_Wilderswil_COA.svg/500px-CHE_Wilderswil_COA.svg.png",36.005717256,FALSE,FALSE
2,602,,,,,,,,FALSE,"BE","Arni BE","Arni (BE)","Arni BE","Arni BE","Arni (BE)","Arni (BE)","Bern","Berne","Berna","https://thumb.wikimedia.org/wikipedia/commons/thumb/a/a7/CHE_Arni_BE_COA.svg/960px-CHE_Arni_BE_COA.svg.png",36.005717256,FALSE,FALSE
2,603,,,,,,,,FALSE,"BE","Biglen","Biglen","Biglen","Biglen BE","Biglen (BE)","Biglen (BE)","Bern","Berne","Berna","https://thumb.wikimedia.org/wikipedia/commons/thumb/9/9d/CHE_Biglen_COA.svg/500px-CHE_Biglen_COA.svg.png",36.005717256,FALSE,FALSE
2,605,,,,,,,,FALSE,"BE","Bowil","Bowil","Bowil","Bowil BE","Bowil (BE)","Bowil (BE)","Bern","Berne","Berna","https://thumb.wikimedia.org/wikipedia/commons/thumb/4/4a/CHE_Bowil_COA.svg/960px-CHE_Bowil_COA.svg.png",36.005717256,FALSE,FALSE
2,606,,,,,,,,FALSE,"BE","Brenzikofen","Brenzikofen","Brenzikofen","Brenzikofen BE","Brenzikofen (BE)","Brenzikofen (BE)","Bern","Berne","Berna","https://thumb.wikimedia.org/wikipedia/commons/thumb/2/24/CHE_Brenzikofen_COA.svg/500px-CHE_Brenzikofen_COA.svg.png",36.005717256,FALSE,FALSE
2,607,,,,,,,,FALSE,"BE","Freimettigen","Freimettigen","Freimettigen","Freimettigen BE","Freimettigen (BE)","Freimettigen (BE)","Bern","Berne","Berna","https://thumb.wikimedia.org/wikipedia/commons/thumb/3/38/CHE_Freimettigen_COA.svg/500px-CHE_Freimettigen_COA.svg.png",36.005717256,FALSE,FALSE
2,608,,,,,,,,FALSE,"BE","Grosshöchstetten","Grosshöchstetten","Grosshöchstetten","Grosshöchstetten BE","Grosshöchstetten (BE)","Grosshöchstetten (BE)","Bern","Berne","Berna","https://thumb.wikimedia.org/wikipedia/commons/thumb/0/01/CHE_Grossh%C3%B6chstetten_COA.svg/500px-CHE_Grossh%C3%B6chstetten_COA.svg.png",36.005717256,FALSE,FALSE
2,609,,,,,,,,FALSE,"BE","Häutligen","Häutligen","Häutligen","Häutligen BE","Häutligen (BE)","Häutligen (BE)","Bern","Berne","Berna","https://thumb.wikimedia.org/wikipedia/commons/thumb/f/fe/CHE_H%C3%A4utligen_COA.svg/500px-CHE_H%C3%A4utligen_COA.svg.png",36.005717256,FALSE,FALSE
2,610,,,,,,,,FALSE,"BE","Herbligen","Herbligen","Herbligen","Herbligen BE","Herbligen (BE)","Herbligen (BE)","Bern","Berne","Berna","https://thumb.wikimedia.org/wikipedia/commons/thumb/6/6e/CHE_Herbligen_COA.svg/500px-CHE_Herbligen_COA.svg.png",36.005717256,FALSE,FALSE
2,611,,,,,,,,FALSE,"BE","Kiesen","Kiesen","Kiesen","Kiesen BE","Kiesen (BE)","Kiesen (BE)","Bern","Berne","Berna","https://thumb.wikimedia.org/wikipedia/commons/thumb/6/6b/CHE_Kiesen_COA.svg/960px-CHE_Kiesen_COA.svg.png",36.005717256,FALSE,FALSE
2,612,,,,,,,,FALSE,"BE","Konolfingen","Konolfingen","Konolfingen","Konolfingen BE","Konolfingen (BE)","Konolfingen (BE)","Bern","Berne","Berna","https://thumb.wikimedia.org/wikipedia/commons/thumb/d/d8/CHE_Konolfingen_COA.svg/960px-CHE_Konolfingen_COA.svg.png",36.005717256,FALSE,FALSE
2,613,,,,,,,,FALSE,"BE","Landiswil","Landiswil","Landiswil","Landiswil BE","Landiswil (BE)","Landiswil (BE)","Bern","Berne","Berna","https://thumb.wikimedia.org/wikipedia/commons/thumb/8/8c/CHE_Landiswil_COA.svg/500px-CHE_Landiswil_COA.svg.png",36.005717256,FALSE,FALSE
2,614,,,,,,,,FALSE,"BE","Linden","Linden","Linden","Linden BE","Linden (BE)","Linden (BE)","Bern","Berne","Berna","https://thumb.wikimedia.org/wikipedia/commons/thumb/e/ea/CHE_Linden_COA.svg/500px-CHE_Linden_COA.svg.png",36.005717256,FALSE,FALSE
2,615,,,,,,,,FALSE,"BE","Mirchel","Mirchel","Mirchel","Mirchel BE","Mirchel (BE)","Mirchel (BE)","Bern","Berne","Berna","https://thumb.wikimedia.org/wikipedia/commons/thumb/1/1b/CHE_Mirchel_COA.svg/500px-CHE_Mirchel_COA.svg.png",36.005717256,FALSE,FALSE
2,616,,,,,,,,FALSE,"BE","Münsingen","Münsingen","Münsingen","Münsingen BE","Münsingen (BE)","Münsingen (BE)","Bern","Berne","Berna","https://thumb.wikimedia.org/wikipedia/commons/thumb/c/c0/CHE_M%C3%BCnsingen_COA.svg/500px-CHE_M%C3%BCnsingen_COA.svg.png",36.005717256,FALSE,FALSE
2,617,,,,,,,,FALSE,"BE","Niederhünigen","Niederhünigen","Niederhünigen","Niederhünigen BE","Niederhünigen (BE)","Niederhünigen (BE)","Bern","Berne","Berna","https://thumb.wikimedia.org/wikipedia/commons/thumb/d/d4/CHE_Niederh%C3%BCnigen_COA.svg/500px-CHE_Niederh%C3%BCnigen_COA.svg.png",36.005717256,FALSE,FALSE
2,619,,,,,,,,FALSE,"BE","Oberdiessbach","Oberdiessbach","Oberdiessbach","Oberdiessbach BE","Oberdiessbach (BE)","Oberdiessbach (BE)","Bern","Berne","Berna","https://thumb.wikimedia.org/wikipedia/commons/thumb/8/84/CHE_Oberdiessbach_COA.svg/500px-CHE_Oberdiessbach_COA.svg.png",36.005717256,FALSE,FALSE
2,620,,,,,,,,FALSE,"BE","Oberthal","Oberthal","Oberthal","Oberthal BE","Oberthal (BE)","Oberthal (BE)","Bern","Berne","Berna","https://thumb.wikimedia.org/wikipedia/commons/thumb/d/d5/CHE_Oberthal_COA.svg/500px-CHE_Oberthal_COA.svg.png",36.005717256,FALSE,FALSE
2,622,,,,,,,,FALSE,"BE","Oppligen","Oppligen","Oppligen","Oppligen BE","Oppligen (BE)","Oppligen (BE)","Bern","Berne","Berna","https://thumb.wikimedia.org/wikipedia/commons/thumb/f/f1/CHE_Oppligen_COA.svg/500px-CHE_Oppligen_COA.svg.png",36.005717256,FALSE,FALSE
2,623,,,,,,,,FALSE,"BE","Rubigen","Rubigen","Rubigen","Rubigen BE","Rubigen (BE)","Rubigen (BE)","Bern","Berne","Berna","https://thumb.wikimedia.org/wikipedia/commons/thumb/5/5f/CHE_Rubigen_COA.svg/500px-CHE_Rubigen_COA.svg.png",36.005717256,FALSE,FALSE
2,626,,,,,,,,FALSE,"BE","Walkringen","Walkringen","Walkringen","Walkringen BE","Walkringen (BE)","Walkringen (BE)","Bern","Berne","Berna","https://thumb.wikimedia.org/wikipedia/commons/thumb/a/a8/CHE_Walkringen_COA.svg/960px-CHE_Walkringen_COA.svg.png",36.005717256,FALSE,FALSE
2,627,,,,,,,,FALSE,"BE","Worb","Worb","Worb","Worb BE","Worb (BE)","Worb (BE)","Bern","Berne","Berna","https://thumb.wikimedia.org/wikipedia/commons/thumb/8/8d/CHE_Worb_COA.svg/960px-CHE_Worb_COA.svg.png",36.005717256,FALSE,FALSE
2,628,,,,,,,,FALSE,"BE","Zäziwil","Zäziwil","Zäziwil","Zäziwil BE","Zäziwil (BE)","Zäziwil (BE)","Bern","Berne","Berna","https://thumb.wikimedia.org/wikipedia/commons/thumb/1/1a/CHE_Z%C3%A4ziwil_COA.svg/960px-CHE_Z%C3%A4ziwil_COA.svg.png",36.005717256,FALSE,FALSE
2,630,,,,,,,,FALSE,"BE","Allmendingen","Allmendingen","Allmendingen","Allmendingen BE","Allmendingen (BE)","Allmendingen (BE)","Bern","Berne","Berna","https://thumb.wikimedia.org/wikipedia/commons/thumb/e/e2/CHE_Allmendingen_bei_Bern_COA.svg/500px-CHE_Allmendingen_bei_Bern_COA.svg.png",36.005717256,FALSE,FALSE
2,632,,,,,,,,FALSE,"BE","Wichtrach","Wichtrach","Wichtrach","Wichtrach BE","Wichtrach (BE)","Wichtrach (BE)","Bern","Berne","Berna","https://thumb.wikimedia.org/wikipedia/commons/thumb/7/71/CHE_Wichtrach_COA.svg/500px-CHE_Wichtrach_COA.svg.png",36.005717256,FALSE,FALSE
2,662,,,,,,,,FALSE,"BE","Ferenbalm","Ferenbalm","Ferenbalm","Ferenbalm BE","Ferenbalm (BE)","Ferenbalm (BE)","Bern","Berne","Berna","https://thumb.wikimedia.org/wikipedia/commons/thumb/6/64/CHE_Ferenbalm_COA.svg/500px-CHE_Ferenbalm_COA.svg.png",36.005717256,FALSE,FALSE
2,663,,,,,,,,FALSE,"BE","Frauenkappelen","Frauenkappelen","Frauenkappelen","Frauenkappelen BE","Frauenkappelen (BE)","Frauenkappelen (BE)","Bern","Berne","Berna","https://thumb.wikimedia.org/wikipedia/commons/thumb/e/e0/CHE_Frauenkappelen_COA.svg/500px-CHE_Frauenkappelen_COA.svg.png",36.005717256,FALSE,FALSE
2,665,,,,,,,,FALSE,"BE","Gurbrü","Gurbrü","Gurbrü","Gurbrü BE","Gurbrü (BE)","Gurbrü (BE)","Bern","Berne","Berna","https://thumb.wikimedia.org/wikipedia/commons/thumb/e/e1/CHE_Gurbr%C3%BC_BE_COA.svg/500px-CHE_Gurbr%C3%BC_BE_COA.svg.png",36.005717256,FALSE,FALSE
2,666,,,,,,,,FALSE,"BE","Kriechenwil","Kriechenwil","Kriechenwil","Kriechenwil BE","Kriechenwil (BE)","Kriechenwil (BE)","Bern","Berne","Berna","https://thumb.wikimedia.org/wikipedia/commons/thumb/8/86/CHE_Kriechenwil_COA.svg/960px-CHE_Kriechenwil_COA.svg.png",36.005717256,FALSE,FALSE
2,667,,,,,,,,FALSE,"BE","Laupen","Laupen","Laupen","Laupen BE","Laupen (BE)","Laupen (BE)","Bern","Berne","Berna","https://thumb.wikimedia.org/wikipedia/commons/thumb/4/46/CHE_Laupen_BE_COA.svg/500px-CHE_Laupen_BE_COA.svg.png",36.005717256,FALSE,FALSE
2,668,,,,,,,,FALSE,"BE","Mühleberg","Mühleberg","Mühleberg","Mühleberg BE","Mühleberg (BE)","Mühleberg (BE)","Bern","Berne","Berna","https://thumb.wikimedia.org/wikipedia/commons/thumb/6/6c/CHE_M%C3%BChleberg_COA.svg/500px-CHE_M%C3%BChleberg_COA.svg.png",36.005717256,FALSE,FALSE
2,669,,,,,,,,FALSE,"BE","Münchenwiler","Villars-les-Moines","Villars-les-Moines","Münchenwiler BE","Villars-les-Moines (BE)","Villars-les-Moines (BE)","Bern","Berne","Berna","https://thumb.wikimedia.org/wikipedia/commons/thumb/b/b5/CHE_M%C3%BCnchenwiler_COA.svg/500px-CHE_M%C3%BCnchenwiler_COA.svg.png",36.005717256,FALSE,FALSE
2,670,,,,,,,,FALSE,"BE","Neuenegg","Neuenegg","Neuenegg","Neuenegg BE","Neuenegg (BE)","Neuenegg (BE)","Bern","Berne","Berna","https://thumb.wikimedia.org/wikipedia/commons/thumb/7/7d/CHE_Neuenegg_COA.svg/500px-CHE_Neuenegg_COA.svg.png",36.005717256,FALSE,FALSE
2,671,,,,,,,,FALSE,"BE","Wileroltigen","Wileroltigen","Wileroltigen","Wileroltigen BE","Wileroltigen (BE)","Wileroltigen (BE)","Bern","Berne","Berna","https://thumb.wikimedia.org/wikipedia/commons/thumb/b/b4/CHE_Wileroltigen_COA.svg/500px-CHE_Wileroltigen_COA.svg.png",36.005717256,FALSE,FALSE
2,681,,,,,,,,FALSE,"BE","Belprahon","Belprahon","Belprahon","Belprahon BE","Belprahon (BE)","Belprahon (BE)","Bern","Berne","Berna","https://thumb.wikimedia.org/wikipedia/commons/thumb/d/df/CHE_Belprahon_COA.svg/500px-CHE_Belprahon_COA.svg.png",36.005717256,FALSE,FALSE
2,683,,,,,,,,FALSE,"BE","Champoz","Champoz","Champoz","Champoz BE","Champoz (BE)","Champoz (BE)","Bern","Berne","Berna","https://thumb.wikimedia.org/wikipedia/commons/thumb/8/89/CHE_Champoz_COA.svg/500px-CHE_Champoz_COA.svg.png",36.005717256,FALSE,FALSE
2,687,,,,,,,,FALSE,"BE","Corcelles BE","Corcelles (BE)","Corcelles BE","Corcelles BE","Corcelles (BE)","Corcelles (BE)","Bern","Berne","Berna","https://thumb.wikimedia.org/wikipedia/commons/thumb/f/f4/CHE_Corcelles_COA.svg/500px-CHE_Corcelles_COA.svg.png",36.005717256,FALSE,FALSE
2,690,,,,,,,,FALSE,"BE","Court","Court","Court","Court BE","Court (BE)","Court (BE)","Bern","Berne","Berna","https://thumb.wikimedia.org/wikipedia/commons/thumb/2/2e/CHE_Court_COA.svg/500px-CHE_Court_COA.svg.png",36.005717256,FALSE,FALSE
2,691,,,,,,,,FALSE,"BE","Crémines","Crémines","Crémines","Crémines BE","Crémines (BE)","Crémines (BE)","Bern","Berne","Berna","https://thumb.wikimedia.org/wikipedia/commons/thumb/4/43/CHE_Cr%C3%A9mines_COA.svg/500px-CHE_Cr%C3%A9mines_COA.svg.png",36.005717256,FALSE,FALSE
2,692,,,,,,,,FALSE,"BE","Eschert","Eschert","Eschert","Eschert BE","Eschert (BE)","Eschert (BE)","Bern","Berne","Berna","https://thumb.wikimedia.org/wikipedia/commons/thumb/7/7d/CHE_Eschert_COA.svg/500px-CHE_Eschert_COA.svg.png",36.005717256,FALSE,FALSE
2,694,,,,,,,,FALSE,"BE","Grandval","Grandval","Grandval","Grandval BE","Grandval (BE)","Grandval (BE)","Bern","Berne","Berna","https://thumb.wikimedia.org/wikipedia/commons/thumb/b/be/CHE_Grandval_COA.svg/500px-CHE_Grandval_COA.svg.png",36.005717256,FALSE,FALSE
2,696,,,,,,,,FALSE,"BE","Loveresse","Loveresse","Loveresse","Loveresse BE","Loveresse (BE)","Loveresse (BE)","Bern","Berne","Berna","https://thumb.wikimedia.org/wikipedia/commons/thumb/2/20/CHE_Loveresse_COA.svg/500px-CHE_Loveresse_COA.svg.png",36.005717256,FALSE,FALSE
2,701,,,,,,,,FALSE,"BE","Perrefitte","Perrefitte","Perrefitte","Perrefitte BE","Perrefitte (BE)","Perrefitte (BE)","Bern","Berne","Berna","https://thumb.wikimedia.org/wikipedia/commons/thumb/5/58/CHE_Perrefitte_COA.svg/500px-CHE_Perrefitte_COA.svg.png",36.005717256,FALSE,FALSE
2,703,,,,,,,,FALSE,"BE","Reconvilier","Reconvilier","Reconvilier","Reconvilier BE","Reconvilier (BE)","Reconvilier (BE)","Bern","Berne","Berna","https://thumb.wikimedia.org/wikipedia/commons/thumb/a/a3/CHE_Reconvilier_COA.svg/500px-CHE_Reconvilier_COA.svg.png",36.005717256,FALSE,FALSE
2,704,,,,,,,,FALSE,"BE","Roches BE","Roches (BE)","Roches BE","Roches BE","Roches (BE)","Roches (BE)","Bern","Berne","Berna","https://thumb.wikimedia.org/wikipedia/commons/thumb/9/90/CHE_Roches_COA.svg/500px-CHE_Roches_COA.svg.png",36.005717256,FALSE,FALSE
2,706,,,,,,,,FALSE,"BE","Saicourt","Saicourt","Saicourt","Saicourt BE","Saicourt (BE)","Saicourt (BE)","Bern","Berne","Berna","https://thumb.wikimedia.org/wikipedia/commons/thumb/6/69/CHE_Saicourt_COA.svg/500px-CHE_Saicourt_COA.svg.png",36.005717256,FALSE,FALSE
2,707,,,,,,,,FALSE,"BE","Saules BE","Saules (BE)","Saules BE","Saules BE","Saules (BE)","Saules (BE)","Bern","Berne","Berna","https://thumb.wikimedia.org/wikipedia/commons/thumb/8/84/CHE_Saules_COA.svg/500px-CHE_Saules_COA.svg.png",36.005717256,FALSE,FALSE
2,708,,,,,,,,FALSE,"BE","Schelten","La Scheulte","La Scheulte","Schelten BE","La Scheulte (BE)","La Scheulte (BE)","Bern","Berne","Berna","https://thumb.wikimedia.org/wikipedia/commons/thumb/e/e5/CHE_Schelten_COA.svg/500px-CHE_Schelten_COA.svg.png",36.005717256,FALSE,FALSE
2,709,,,,,,,,FALSE,"BE","Seehof","Seehof","Seehof","Seehof BE","Seehof (BE)","Seehof (BE)","Bern","Berne","Berna","https://thumb.wikimedia.org/wikipedia/commons/thumb/1/1b/CHE_Seehof_COA.svg/500px-CHE_Seehof_COA.svg.png",36.005717256,FALSE,FALSE
2,711,,,,,,,,FALSE,"BE","Sorvilier","Sorvilier","Sorvilier","Sorvilier BE","Sorvilier (BE)","Sorvilier (BE)","Bern","Berne","Berna","https://thumb.wikimedia.org/wikipedia/commons/thumb/b/b4/CHE_Sorvilier_COA.svg/500px-CHE_Sorvilier_COA.svg.png",36.005717256,FALSE,FALSE
2,713,,,,,,,,FALSE,"BE","Tavannes","Tavannes","Tavannes","Tavannes BE","Tavannes (BE)","Tavannes (BE)","Bern","Berne","Berna","https://thumb.wikimedia.org/wikipedia/commons/thumb/2/29/CHE_Tavannes_COA.svg/500px-CHE_Tavannes_COA.svg.png",36.005717256,FALSE,FALSE
2,715,,,,,,,,FALSE,"BE","Rebévelier","Rebévelier","Rebévelier","Rebévelier BE","Rebévelier (BE)","Rebévelier (BE)","Bern","Berne","Berna","https://thumb.wikimedia.org/wikipedia/commons/thumb/4/4d/CHE_Reb%C3%A9velier_COA.svg/500px-CHE_Reb%C3%A9velier_COA.svg.png",36.005717256,FALSE,FALSE
2,716,,,,,,,,FALSE,"BE","Petit-Val","Petit-Val","Petit-Val","Petit-Val BE","Petit-Val (BE)","Petit-Val (BE)","Bern","Berne","Berna","https://thumb.wikimedia.org/wikipedia/commons/thumb/4/40/CHE_Petit-Val_COA.svg/500px-CHE_Petit-Val_COA.svg.png",36.005717256,FALSE,FALSE
2,717,,,,,,,,FALSE,"BE","Valbirse","Valbirse","Valbirse","Valbirse BE","Valbirse (BE)","Valbirse (BE)","Bern","Berne","Berna","https://thumb.wikimedia.org/wikipedia/commons/thumb/a/a9/CHE_Valbirse_COA.svg/960px-CHE_Valbirse_COA.svg.png",36.005717256,FALSE,FALSE
2,723,,,,,,,,FALSE,"BE","Neuenstadt","La Neuveville","La Neuveville","Neuenstadt BE","La Neuveville (BE)","La Neuveville (BE)","Bern","Berne","Berna","https://thumb.wikimedia.org/wikipedia/commons/thumb/b/b7/CHE_La_Neuveville_COA.svg/960px-CHE_La_Neuveville_COA.svg.png",36.005717256,FALSE,FALSE
2,724,,,,,,,,FALSE,"BE","Nods","Nods","Nods","Nods BE","Nods (BE)","Nods (BE)","Bern","Berne","Berna","https://thumb.wikimedia.org/wikipedia/commons/thumb/0/0a/CHE_Nods_COA.svg/500px-CHE_Nods_COA.svg.png",36.005717256,FALSE,FALSE
2,726,,,,,,,,FALSE,"BE","Plateau de Diesse","Plateau de Diesse","Plateau de Diesse","Plateau de Diesse BE","Plateau de Diesse (BE)","Plateau de Diesse (BE)","Bern","Berne","Berna","https://upload.wikimedia.org/wikipedia/de/0/02/GW-BE-Plateau-de-Diesse.png",36.005717256,FALSE,FALSE
2,731,,,,,,,,FALSE,"BE","Aegerten","Aegerten","Aegerten","Aegerten BE","Aegerten (BE)","Aegerten (BE)","Bern","Berne","Berna","https://thumb.wikimedia.org/wikipedia/commons/thumb/b/b0/CHE_Aegerten_COA.svg/960px-CHE_Aegerten_COA.svg.png",36.005717256,FALSE,FALSE
2,732,,,,,,,,FALSE,"BE","Bellmund","Bellmund","Bellmund","Bellmund BE","Bellmund (BE)","Bellmund (BE)","Bern","Berne","Berna","https://thumb.wikimedia.org/wikipedia/commons/thumb/6/62/CHE_Bellmund_COA.svg/960px-CHE_Bellmund_COA.svg.png",36.005717256,FALSE,FALSE
2,733,,,,,,,,FALSE,"BE","Brügg","Brügg","Brügg","Brügg BE","Brügg (BE)","Brügg (BE)","Bern","Berne","Berna","https://thumb.wikimedia.org/wikipedia/commons/thumb/a/a0/CHE_Br%C3%BCgg_COA.svg/500px-CHE_Br%C3%BCgg_COA.svg.png",36.005717256,FALSE,FALSE
2,734,,,,,,,,FALSE,"BE","Bühl","Bühl","Bühl","Bühl BE","Bühl (BE)","Bühl (BE)","Bern","Berne","Berna","https://thumb.wikimedia.org/wikipedia/commons/thumb/c/cd/CHE_B%C3%BChl_COA.svg/500px-CHE_B%C3%BChl_COA.svg.png",36.005717256,FALSE,FALSE
2,735,,,,,,,,FALSE,"BE","Epsach","Epsach","Epsach","Epsach BE","Epsach (BE)","Epsach (BE)","Bern","Berne","Berna","https://thumb.wikimedia.org/wikipedia/commons/thumb/a/ad/CHE_Epsach_COA.svg/500px-CHE_Epsach_COA.svg.png",36.005717256,FALSE,FALSE
2,736,,,,,,,,FALSE,"BE","Hagneck","Hagneck","Hagneck","Hagneck BE","Hagneck (BE)","Hagneck (BE)","Bern","Berne","Berna","https://thumb.wikimedia.org/wikipedia/commons/thumb/9/92/CHE_Hagneck_COA.svg/500px-CHE_Hagneck_COA.svg.png",36.005717256,FALSE,FALSE
2,737,,,,,,,,FALSE,"BE","Hermrigen","Hermrigen","Hermrigen","Hermrigen BE","Hermrigen (BE)","Hermrigen (BE)","Bern","Berne","Berna","https://thumb.wikimedia.org/wikipedia/commons/thumb/3/33/CHE_Hermrigen_COA.svg/500px-CHE_Hermrigen_COA.svg.png",36.005717256,FALSE,FALSE
2,738,,,,,,,,FALSE,"BE","Jens","Jens","Jens","Jens BE","Jens (BE)","Jens (BE)","Bern","Berne","Berna","https://thumb.wikimedia.org/wikipedia/commons/thumb/5/53/CHE_Jens_COA.svg/500px-CHE_Jens_COA.svg.png",36.005717256,FALSE,FALSE
2,739,,,,,,,,FALSE,"BE","Ipsach","Ipsach","Ipsach","Ipsach BE","Ipsach (BE)","Ipsach (BE)","Bern","Berne","Berna","https://thumb.wikimedia.org/wikipedia/commons/thumb/7/75/CHE_Ipsach_COA.svg/960px-CHE_Ipsach_COA.svg.png",36.005717256,FALSE,FALSE
2,740,,,,,,,,FALSE,"BE","Ligerz","Gléresse","Gléresse","Ligerz BE","Gléresse (BE)","Gléresse (BE)","Bern","Berne","Berna","https://thumb.wikimedia.org/wikipedia/commons/thumb/e/e9/CHE_Ligerz_COA.svg/500px-CHE_Ligerz_COA.svg.png",36.005717256,FALSE,FALSE
2,741,,,,,,,,FALSE,"BE","Merzligen","Merzligen","Merzligen","Merzligen BE","Merzligen (BE)","Merzligen (BE)","Bern","Berne","Berna","https://thumb.wikimedia.org/wikipedia/commons/thumb/2/2d/CHE_Merzligen_COA.svg/500px-CHE_Merzligen_COA.svg.png",36.005717256,FALSE,FALSE
2,742,,,,,,,,FALSE,"BE","Mörigen","Mörigen","Mörigen","Mörigen BE","Mörigen (BE)","Mörigen (BE)","Bern","Berne","Berna","https://thumb.wikimedia.org/wikipedia/commons/thumb/b/b5/CHE_M%C3%B6rigen_COA.svg/500px-CHE_M%C3%B6rigen_COA.svg.png",36.005717256,FALSE,FALSE
2,743,,,,,,,,FALSE,"BE","Nidau","Nidau","Nidau","Nidau BE","Nidau (BE)","Nidau (BE)","Bern","Berne","Berna","https://thumb.wikimedia.org/wikipedia/commons/thumb/3/39/CHE_Nidau_COA.svg/960px-CHE_Nidau_COA.svg.png",36.005717256,FALSE,FALSE
2,744,,,,,,,,FALSE,"BE","Orpund","Orpund","Orpund","Orpund BE","Orpund (BE)","Orpund (BE)","Bern","Berne","Berna","https://thumb.wikimedia.org/wikipedia/commons/thumb/7/76/CHE_Orpund_COA.svg/500px-CHE_Orpund_COA.svg.png",36.005717256,FALSE,FALSE
2,745,,,,,,,,FALSE,"BE","Port","Port","Port","Port BE","Port (BE)","Port (BE)","Bern","Berne","Berna","https://thumb.wikimedia.org/wikipedia/commons/thumb/4/44/CHE_Port_BE_COA.svg/500px-CHE_Port_BE_COA.svg.png",36.005717256,FALSE,FALSE
2,746,,,,,,,,FALSE,"BE","Safnern","Safnern","Safnern","Safnern BE","Safnern (BE)","Safnern (BE)","Bern","Berne","Berna","https://thumb.wikimedia.org/wikipedia/commons/thumb/9/90/CHE_Safnern_COA.svg/500px-CHE_Safnern_COA.svg.png",36.005717256,FALSE,FALSE
2,747,,,,,,,,FALSE,"BE","Scheuren","Scheuren","Scheuren","Scheuren BE","Scheuren (BE)","Scheuren (BE)","Bern","Berne","Berna","https://thumb.wikimedia.org/wikipedia/commons/thumb/e/eb/CHE_Scheuren_COA.svg/500px-CHE_Scheuren_COA.svg.png",36.005717256,FALSE,FALSE
2,748,,,,,,,,FALSE,"BE","Schwadernau","Schwadernau","Schwadernau","Schwadernau BE","Schwadernau (BE)","Schwadernau (BE)","Bern","Berne","Berna","https://thumb.wikimedia.org/wikipedia/commons/thumb/a/af/CHE_Schwadernau_COA.svg/500px-CHE_Schwadernau_COA.svg.png",36.005717256,FALSE,FALSE
2,749,,,,,,,,FALSE,"BE","Studen BE","Studen (BE)","Studen BE","Studen BE","Studen (BE)","Studen (BE)","Bern","Berne","Berna","https://thumb.wikimedia.org/wikipedia/commons/thumb/c/c8/CHE_Studen_COA.svg/500px-CHE_Studen_COA.svg.png",36.005717256,FALSE,FALSE
2,750,,,,,,,,FALSE,"BE","Sutz-Lattrigen","Sutz-Lattrigen","Sutz-Lattrigen","Sutz-Lattrigen BE","Sutz-Lattrigen (BE)","Sutz-Lattrigen (BE)","Bern","Berne","Berna","https://thumb.wikimedia.org/wikipedia/commons/thumb/4/4e/CHE_Sutz-Lattrigen_COA.svg/500px-CHE_Sutz-Lattrigen_COA.svg.png",36.005717256,FALSE,FALSE
2,751,,,,,,,,FALSE,"BE","Täuffelen","Täuffelen","Täuffelen","Täuffelen BE","Täuffelen (BE)","Täuffelen (BE)","Bern","Berne","Berna","https://thumb.wikimedia.org/wikipedia/commons/thumb/1/19/CHE_T%C3%A4uffelen_COA.svg/500px-CHE_T%C3%A4uffelen_COA.svg.png",36.005717256,FALSE,FALSE
2,754,,,,,,,,FALSE,"BE","Walperswil","Walperswil","Walperswil","Walperswil BE","Walperswil (BE)","Walperswil (BE)","Bern","Berne","Berna","https://thumb.wikimedia.org/wikipedia/commons/thumb/c/c3/CHE_Walperswil_COA.svg/960px-CHE_Walperswil_COA.svg.png",36.005717256,FALSE,FALSE
2,755,,,,,,,,FALSE,"BE","Worben","Worben","Worben","Worben BE","Worben (BE)","Worben (BE)","Bern","Berne","Berna","https://thumb.wikimedia.org/wikipedia/commons/thumb/1/11/CHE_Worben_COA.svg/500px-CHE_Worben_COA.svg.png",36.005717256,FALSE,FALSE
2,756,,,,,,,,FALSE,"BE","Twann-Tüscherz","Douanne-Daucher","Douanne-Daucher","Twann-Tüscherz BE","Douanne-Daucher (BE)","Douanne-Daucher (BE)","Bern","Berne","Berna","https://thumb.wikimedia.org/wikipedia/commons/thumb/2/2a/CHE_Twann-T%C3%BCscherz_COA.svg/500px-CHE_Twann-T%C3%BCscherz_COA.svg.png",36.005717256,FALSE,FALSE
2,761,,,,,,,,FALSE,"BE","Därstetten","Därstetten","Därstetten","Därstetten BE","Därstetten (BE)","Därstetten (BE)","Bern","Berne","Berna","https://thumb.wikimedia.org/wikipedia/commons/thumb/2/2e/CHE_D%C3%A4rstetten_COA.svg/960px-CHE_D%C3%A4rstetten_COA.svg.png",36.005717256,FALSE,FALSE
2,762,,,,,,,,FALSE,"BE","Diemtigen","Diemtigen","Diemtigen","Diemtigen BE","Diemtigen (BE)","Diemtigen (BE)","Bern","Berne","Berna","https://thumb.wikimedia.org/wikipedia/commons/thumb/4/45/CHE_Diemtigen_COA.svg/500px-CHE_Diemtigen_COA.svg.png",36.005717256,FALSE,FALSE
2,763,,,,,,,,FALSE,"BE","Erlenbach im Simmental","Erlenbach im Simmental","Erlenbach im Simmental","Erlenbach im Simmental BE","Erlenbach im Simmental (BE)","Erlenbach im Simmental (BE)","Bern","Berne","Berna","https://thumb.wikimedia.org/wikipedia/commons/thumb/0/01/CHE_Erlenbach_im_Simmental_COA.svg/500px-CHE_Erlenbach_im_Simmental_COA.svg.png",36.005717256,FALSE,FALSE
2,766,,,,,,,,FALSE,"BE","Oberwil im Simmental","Oberwil im Simmental","Oberwil im Simmental","Oberwil im Simmental BE","Oberwil im Simmental (BE)","Oberwil im Simmental (BE)","Bern","Berne","Berna","https://thumb.wikimedia.org/wikipedia/commons/thumb/b/b8/CHE_Oberwil_im_Simmental_COA.svg/500px-CHE_Oberwil_im_Simmental_COA.svg.png",36.005717256,FALSE,FALSE
2,767,,,,,,,,FALSE,"BE","Reutigen","Reutigen","Reutigen","Reutigen BE","Reutigen (BE)","Reutigen (BE)","Bern","Berne","Berna","https://thumb.wikimedia.org/wikipedia/commons/thumb/d/d3/CHE_Reutigen_COA.svg/960px-CHE_Reutigen_COA.svg.png",36.005717256,FALSE,FALSE
2,768,,,,,,,,FALSE,"BE","Spiez","Spiez","Spiez","Spiez BE","Spiez (BE)","Spiez (BE)","Bern","Berne","Berna","https://thumb.wikimedia.org/wikipedia/commons/thumb/4/4b/CHE_Spiez_COA.svg/500px-CHE_Spiez_COA.svg.png",36.005717256,FALSE,FALSE
2,769,,,,,,,,FALSE,"BE","Wimmis","Wimmis","Wimmis","Wimmis BE","Wimmis (BE)","Wimmis (BE)","Bern","Berne","Berna","https://thumb.wikimedia.org/wikipedia/commons/thumb/a/a4/CHE_Wimmis_COA.svg/500px-CHE_Wimmis_COA.svg.png",36.005717256,FALSE,FALSE
2,770,,,,,,,,FALSE,"BE","Stocken-Höfen","Stocken-Höfen","Stocken-Höfen","Stocken-Höfen BE","Stocken-Höfen (BE)","Stocken-Höfen (BE)","Bern","Berne","Berna","https://thumb.wikimedia.org/wikipedia/commons/thumb/3/34/CHE_Stocken-H%C3%B6fen_COA.svg/960px-CHE_Stocken-H%C3%B6fen_COA.svg.png",36.005717256,FALSE,FALSE
2,782,28.571428571,28,70,50.777202073,98,193,98,TRUE,"BE","Guttannen","Guttannen","Guttannen","Guttannen BE","Guttannen (BE)","Guttannen (BE)","Bern","Berne","Berna","https://thumb.wikimedia.org/wikipedia/commons/thumb/1/13/CHE_Guttannen_COA.svg/500px-CHE_Guttannen_COA.svg.png",36.005717256,FALSE,FALSE
2,783,42.857142857,168,224,49.125,393,800,392,TRUE,"BE","Hasliberg","Hasliberg","Hasliberg","Hasliberg BE","Hasliberg (BE)","Hasliberg (BE)","Bern","Berne","Berna","https://thumb.wikimedia.org/wikipedia/commons/thumb/8/83/CHE_Hasliberg_COA.svg/500px-CHE_Hasliberg_COA.svg.png",36.005717256,FALSE,FALSE
2,784,42.934782609,158,210,41.789354473,369,883,368,TRUE,"BE","Innertkirchen","Innertkirchen","Innertkirchen","Innertkirchen BE","Innertkirchen (BE)","Innertkirchen (BE)","Bern","Berne","Berna","https://thumb.wikimedia.org/wikipedia/commons/thumb/4/42/CHE_Innertkirchen_COA.svg/500px-CHE_Innertkirchen_COA.svg.png",36.005717256,FALSE,FALSE
2,785,32.260321903,461,968,45.04391468,1436,3188,1429,TRUE,"BE","Meiringen","Meiringen","Meiringen","Meiringen BE","Meiringen (BE)","Meiringen (BE)","Bern","Berne","Berna","https://thumb.wikimedia.org/wikipedia/commons/thumb/8/8b/CHE_Meiringen_COA.svg/500px-CHE_Meiringen_COA.svg.png",36.005717256,FALSE,FALSE
2,786,45.192307692,94,114,46.578366446,211,453,208,TRUE,"BE","Schattenhalb","Schattenhalb","Schattenhalb","Schattenhalb BE","Schattenhalb (BE)","Schattenhalb (BE)","Bern","Berne","Berna","https://thumb.wikimedia.org/wikipedia/commons/thumb/0/0b/CHE_Schattenhalb_COA.svg/500px-CHE_Schattenhalb_COA.svg.png",36.005717256,FALSE,FALSE
2,791,,,,,,,,FALSE,"BE","Boltigen","Boltigen","Boltigen","Boltigen BE","Boltigen (BE)","Boltigen (BE)","Bern","Berne","Berna","https://thumb.wikimedia.org/wikipedia/commons/thumb/9/95/CHE_Boltigen_COA.svg/500px-CHE_Boltigen_COA.svg.png",36.005717256,FALSE,FALSE
2,792,,,,,,,,FALSE,"BE","Lenk","Lenk","Lenk","Lenk BE","Lenk (BE)","Lenk (BE)","Bern","Berne","Berna","https://thumb.wikimedia.org/wikipedia/commons/thumb/1/13/CHE_Lenk_COA.svg/500px-CHE_Lenk_COA.svg.png",36.005717256,FALSE,FALSE
2,793,,,,,,,,FALSE,"BE","St. Stephan","Saint-Etienne","Saint-Etienne","St. Stephan BE","Saint-Etienne (BE)","Saint-Etienne (BE)","Bern","Berne","Berna","https://thumb.wikimedia.org/wikipedia/commons/thumb/f/f9/CHE_St_Stephan_COA.svg/500px-CHE_St_Stephan_COA.svg.png",36.005717256,FALSE,FALSE
2,794,,,,,,,,FALSE,"BE","Zweisimmen","Zweisimmen","Zweisimmen","Zweisimmen BE","Zweisimmen (BE)","Zweisimmen (BE)","Bern","Berne","Berna","https://thumb.wikimedia.org/wikipedia/commons/thumb/e/ec/CHE_Zweisimmen_COA.svg/960px-CHE_Zweisimmen_COA.svg.png",36.005717256,FALSE,FALSE
2,841,,,,,,,,FALSE,"BE","Gsteig","Gsteig","Gsteig","Gsteig BE","Gsteig (BE)","Gsteig (BE)","Bern","Berne","Berna","https://thumb.wikimedia.org/wikipedia/commons/thumb/8/85/CHE_Gsteig_bei_Gstaad_COA.svg/500px-CHE_Gsteig_bei_Gstaad_COA.svg.png",36.005717256,FALSE,FALSE
2,842,,,,,,,,FALSE,"BE","Lauenen","Lauenen","Lauenen","Lauenen BE","Lauenen (BE)","Lauenen (BE)","Bern","Berne","Berna","https://thumb.wikimedia.org/wikipedia/commons/thumb/c/c8/CHE_Lauenen_COA.svg/500px-CHE_Lauenen_COA.svg.png",36.005717256,FALSE,FALSE
2,843,,,,,,,,FALSE,"BE","Saanen","Gessenay","Gessenay","Saanen BE","Gessenay (BE)","Gessenay (BE)","Bern","Berne","Berna","https://thumb.wikimedia.org/wikipedia/commons/thumb/a/a7/CHE_Saanen_COA.svg/500px-CHE_Saanen_COA.svg.png",36.005717256,FALSE,FALSE
2,852,,,,,,,,FALSE,"BE","Guggisberg","Guggisberg","Guggisberg","Guggisberg BE","Guggisberg (BE)","Guggisberg (BE)","Bern","Berne","Berna","https://thumb.wikimedia.org/wikipedia/commons/thumb/d/d1/CHE_Guggisberg_COA.svg/500px-CHE_Guggisberg_COA.svg.png",36.005717256,FALSE,FALSE
2,853,,,,,,,,FALSE,"BE","Rüschegg","Rüschegg","Rüschegg","Rüschegg BE","Rüschegg (BE)","Rüschegg (BE)","Bern","Berne","Berna","https://thumb.wikimedia.org/wikipedia/commons/thumb/c/c8/CHE_R%C3%BCschegg_COA.svg/500px-CHE_R%C3%BCschegg_COA.svg.png",36.005717256,FALSE,FALSE
2,855,,,,,,,,FALSE,"BE","Schwarzenburg","Schwarzenburg","Schwarzenburg","Schwarzenburg BE","Schwarzenburg (BE)","Schwarzenburg (BE)","Bern","Berne","Berna","https://thumb.wikimedia.org/wikipedia/commons/thumb/5/50/CHE_Schwarzenburg_COA.svg/960px-CHE_Schwarzenburg_COA.svg.png",36.005717256,FALSE,FALSE
2,861,,,,,,,,FALSE,"BE","Belp","Belp","Belp","Belp BE","Belp (BE)","Belp (BE)","Bern","Berne","Berna","https://thumb.wikimedia.org/wikipedia/commons/thumb/4/44/CHE_Belp_BE_COA.svg/500px-CHE_Belp_BE_COA.svg.png",36.005717256,FALSE,FALSE
2,863,,,,,,,,FALSE,"BE","Burgistein","Burgistein","Burgistein","Burgistein BE","Burgistein (BE)","Burgistein (BE)","Bern","Berne","Berna","https://thumb.wikimedia.org/wikipedia/commons/thumb/a/ad/CHE_Burgistein_COA.svg/500px-CHE_Burgistein_COA.svg.png",36.005717256,FALSE,FALSE
2,866,,,,,,,,FALSE,"BE","Gerzensee","Gerzensee","Gerzensee","Gerzensee BE","Gerzensee (BE)","Gerzensee (BE)","Bern","Berne","Berna","https://thumb.wikimedia.org/wikipedia/commons/thumb/1/10/CHE_Gerzensee_COA.svg/500px-CHE_Gerzensee_COA.svg.png",36.005717256,FALSE,FALSE
2,867,,,,,,,,FALSE,"BE","Gurzelen","Gurzelen","Gurzelen","Gurzelen BE","Gurzelen (BE)","Gurzelen (BE)","Bern","Berne","Berna","https://thumb.wikimedia.org/wikipedia/commons/thumb/9/99/CHE_Gurzelen_COA.svg/960px-CHE_Gurzelen_COA.svg.png",36.005717256,FALSE,FALSE
2,868,,,,,,,,FALSE,"BE","Jaberg","Jaberg","Jaberg","Jaberg BE","Jaberg (BE)","Jaberg (BE)","Bern","Berne","Berna","https://thumb.wikimedia.org/wikipedia/commons/thumb/5/52/CHE_Jaberg_COA.svg/500px-CHE_Jaberg_COA.svg.png",36.005717256,FALSE,FALSE
2,869,,,,,,,,FALSE,"BE","Kaufdorf","Kaufdorf","Kaufdorf","Kaufdorf BE","Kaufdorf (BE)","Kaufdorf (BE)","Bern","Berne","Berna","https://thumb.wikimedia.org/wikipedia/commons/thumb/3/3b/CHE_Kaufdorf_COA.svg/500px-CHE_Kaufdorf_COA.svg.png",36.005717256,FALSE,FALSE
2,870,,,,,,,,FALSE,"BE","Kehrsatz","Kehrsatz","Kehrsatz","Kehrsatz BE","Kehrsatz (BE)","Kehrsatz (BE)","Bern","Berne","Berna","https://thumb.wikimedia.org/wikipedia/commons/thumb/b/b7/CHE_Kehrsatz_COA.svg/960px-CHE_Kehrsatz_COA.svg.png",36.005717256,FALSE,FALSE
2,872,,,,,,,,FALSE,"BE","Kirchdorf BE","Kirchdorf (BE)","Kirchdorf BE","Kirchdorf BE","Kirchdorf (BE)","Kirchdorf (BE)","Bern","Berne","Berna","https://thumb.wikimedia.org/wikipedia/commons/thumb/5/5c/CHE_Kirchdorf_COA.svg/500px-CHE_Kirchdorf_COA.svg.png",36.005717256,FALSE,FALSE
2,879,,,,,,,,FALSE,"BE","Riggisberg","Riggisberg","Riggisberg","Riggisberg BE","Riggisberg (BE)","Riggisberg (BE)","Bern","Berne","Berna","https://thumb.wikimedia.org/wikipedia/commons/thumb/f/f4/CHE_Riggisberg_COA.svg/960px-CHE_Riggisberg_COA.svg.png",36.005717256,FALSE,FALSE
2,880,,,,,,,,FALSE,"BE","Rüeggisberg","Rüeggisberg","Rüeggisberg","Rüeggisberg BE","Rüeggisberg (BE)","Rüeggisberg (BE)","Bern","Berne","Berna","https://thumb.wikimedia.org/wikipedia/commons/thumb/3/3c/CHE_R%C3%BCeggisberg_COA.svg/500px-CHE_R%C3%BCeggisberg_COA.svg.png",36.005717256,FALSE,FALSE
2,883,,,,,,,,FALSE,"BE","Seftigen","Seftigen","Seftigen","Seftigen BE","Seftigen (BE)","Seftigen (BE)","Bern","Berne","Berna","https://thumb.wikimedia.org/wikipedia/commons/thumb/2/2b/CHE_Seftigen_COA.svg/500px-CHE_Seftigen_COA.svg.png",36.005717256,FALSE,FALSE
2,884,,,,,,,,FALSE,"BE","Toffen","Toffen","Toffen","Toffen BE","Toffen (BE)","Toffen (BE)","Bern","Berne","Berna","https://thumb.wikimedia.org/wikipedia/commons/thumb/7/71/CHE_Toffen_COA.svg/500px-CHE_Toffen_COA.svg.png",36.005717256,FALSE,FALSE
2,885,,,,,,,,FALSE,"BE","Uttigen","Uttigen","Uttigen","Uttigen BE","Uttigen (BE)","Uttigen (BE)","Bern","Berne","Berna","https://thumb.wikimedia.org/wikipedia/commons/thumb/b/bc/CHE_Uttigen_COA.svg/500px-CHE_Uttigen_COA.svg.png",36.005717256,FALSE,FALSE
2,886,,,,,,,,FALSE,"BE","Wattenwil","Wattenwil","Wattenwil","Wattenwil BE","Wattenwil (BE)","Wattenwil (BE)","Bern","Berne","Berna","https://thumb.wikimedia.org/wikipedia/commons/thumb/3/34/CHE_Wattenwil_COA.svg/500px-CHE_Wattenwil_COA.svg.png",36.005717256,FALSE,FALSE
2,888,,,,,,,,FALSE,"BE","Wald BE","Wald (BE)","Wald BE","Wald BE","Wald (BE)","Wald (BE)","Bern","Berne","Berna","https://thumb.wikimedia.org/wikipedia/commons/thumb/0/01/CHE_Wald_BE_COA.svg/960px-CHE_Wald_BE_COA.svg.png",36.005717256,FALSE,FALSE
2,889,,,,,,,,FALSE,"BE","Thurnen","Thurnen","Thurnen","Thurnen BE","Thurnen (BE)","Thurnen (BE)","Bern","Berne","Berna","https://thumb.wikimedia.org/wikipedia/commons/thumb/f/f1/CHE_Thurnen_COA.svg/500px-CHE_Thurnen_COA.svg.png",36.005717256,FALSE,FALSE
2,901,,,,,,,,FALSE,"BE","Eggiwil","Eggiwil","Eggiwil","Eggiwil BE","Eggiwil (BE)","Eggiwil (BE)","Bern","Berne","Berna","https://thumb.wikimedia.org/wikipedia/commons/thumb/a/a0/CHE_Eggiwil_COA.svg/500px-CHE_Eggiwil_COA.svg.png",36.005717256,FALSE,FALSE
2,902,,,,,,,,FALSE,"BE","Langnau im Emmental","Langnau im Emmental","Langnau im Emmental","Langnau im Emmental BE","Langnau im Emmental (BE)","Langnau im Emmental (BE)","Bern","Berne","Berna","https://thumb.wikimedia.org/wikipedia/commons/thumb/3/32/CHE_Langnau_im_Emmental_COA.svg/500px-CHE_Langnau_im_Emmental_COA.svg.png",36.005717256,FALSE,FALSE
2,903,,,,,,,,FALSE,"BE","Lauperswil","Lauperswil","Lauperswil","Lauperswil BE","Lauperswil (BE)","Lauperswil (BE)","Bern","Berne","Berna","https://thumb.wikimedia.org/wikipedia/commons/thumb/3/38/CHE_Lauperswil_COA.svg/500px-CHE_Lauperswil_COA.svg.png",36.005717256,FALSE,FALSE
2,904,,,,,,,,FALSE,"BE","Röthenbach im Emmental","Röthenbach im Emmental","Röthenbach im Emmental","Röthenbach im Emmental BE","Röthenbach im Emmental (BE)","Röthenbach im Emmental (BE)","Bern","Berne","Berna","https://thumb.wikimedia.org/wikipedia/commons/thumb/2/2a/CHE_R%C3%B6thenbach_im_Emmental_COA.svg/500px-CHE_R%C3%B6thenbach_im_Emmental_COA.svg.png",36.005717256,FALSE,FALSE
2,905,,,,,,,,FALSE,"BE","Rüderswil","Rüderswil","Rüderswil","Rüderswil BE","Rüderswil (BE)","Rüderswil (BE)","Bern","Berne","Berna","https://thumb.wikimedia.org/wikipedia/commons/thumb/d/d8/CHE_R%C3%BCderswil_COA.svg/500px-CHE_R%C3%BCderswil_COA.svg.png",36.005717256,FALSE,FALSE
2,906,,,,,,,,FALSE,"BE","Schangnau","Schangnau","Schangnau","Schangnau BE","Schangnau (BE)","Schangnau (BE)","Bern","Berne","Berna","https://thumb.wikimedia.org/wikipedia/commons/thumb/4/45/CHE_Schangnau_COA.svg/960px-CHE_Schangnau_COA.svg.png",36.005717256,FALSE,FALSE
2,907,,,,,,,,FALSE,"BE","Signau","Signau","Signau","Signau BE","Signau (BE)","Signau (BE)","Bern","Berne","Berna","https://thumb.wikimedia.org/wikipedia/commons/thumb/a/a2/CHE_Signau_COA.svg/960px-CHE_Signau_COA.svg.png",36.005717256,FALSE,FALSE
2,908,,,,,,,,FALSE,"BE","Trub","Trub","Trub","Trub BE","Trub (BE)","Trub (BE)","Bern","Berne","Berna","https://thumb.wikimedia.org/wikipedia/commons/thumb/4/47/CHE_Trub_COA.svg/500px-CHE_Trub_COA.svg.png",36.005717256,FALSE,FALSE
2,909,,,,,,,,FALSE,"BE","Trubschachen","Trubschachen","Trubschachen","Trubschachen BE","Trubschachen (BE)","Trubschachen (BE)","Bern","Berne","Berna","https://thumb.wikimedia.org/wikipedia/commons/thumb/f/ff/CHE_Trubschachen_COA.svg/500px-CHE_Trubschachen_COA.svg.png",36.005717256,FALSE,FALSE
2,921,,,,,,,,FALSE,"BE","Amsoldingen","Amsoldingen","Amsoldingen","Amsoldingen BE","Amsoldingen (BE)","Amsoldingen (BE)","Bern","Berne","Berna","https://thumb.wikimedia.org/wikipedia/commons/thumb/2/27/CHE_Amsoldingen_COA.svg/960px-CHE_Amsoldingen_COA.svg.png",36.005717256,FALSE,FALSE
2,922,,,,,,,,FALSE,"BE","Blumenstein","Blumenstein","Blumenstein","Blumenstein BE","Blumenstein (BE)","Blumenstein (BE)","Bern","Berne","Berna","https://thumb.wikimedia.org/wikipedia/commons/thumb/7/73/CHE_Blumenstein_COA.svg/500px-CHE_Blumenstein_COA.svg.png",36.005717256,FALSE,FALSE
2,923,,,,,,,,FALSE,"BE","Buchholterberg","Buchholterberg","Buchholterberg","Buchholterberg BE","Buchholterberg (BE)","Buchholterberg (BE)","Bern","Berne","Berna","https://thumb.wikimedia.org/wikipedia/commons/thumb/e/e4/CHE_Buchholterberg_COA.svg/500px-CHE_Buchholterberg_COA.svg.png",36.005717256,FALSE,FALSE
2,924,,,,,,,,FALSE,"BE","Eriz","Eriz","Eriz","Eriz BE","Eriz (BE)","Eriz (BE)","Bern","Berne","Berna","https://thumb.wikimedia.org/wikipedia/commons/thumb/b/b9/CHE_Eriz_COA.svg/500px-CHE_Eriz_COA.svg.png",36.005717256,FALSE,FALSE
2,925,,,,,,,,FALSE,"BE","Fahrni","Fahrni","Fahrni","Fahrni BE","Fahrni (BE)","Fahrni (BE)","Bern","Berne","Berna","https://thumb.wikimedia.org/wikipedia/commons/thumb/1/1f/CHE_Fahrni_COA.svg/960px-CHE_Fahrni_COA.svg.png",36.005717256,FALSE,FALSE
2,927,,,,,,,,FALSE,"BE","Heiligenschwendi","Heiligenschwendi","Heiligenschwendi","Heiligenschwendi BE","Heiligenschwendi (BE)","Heiligenschwendi (BE)","Bern","Berne","Berna","https://thumb.wikimedia.org/wikipedia/commons/thumb/c/c7/CHE_Heiligenschwendi_COA.svg/500px-CHE_Heiligenschwendi_COA.svg.png",36.005717256,FALSE,FALSE
2,928,,,,,,,,FALSE,"BE","Heimberg","Heimberg","Heimberg","Heimberg BE","Heimberg (BE)","Heimberg (BE)","Bern","Berne","Berna","https://thumb.wikimedia.org/wikipedia/commons/thumb/f/f7/CHE_Heimberg_COA.svg/500px-CHE_Heimberg_COA.svg.png",36.005717256,FALSE,FALSE
2,929,,,,,,,,FALSE,"BE","Hilterfingen","Hilterfingen","Hilterfingen","Hilterfingen BE","Hilterfingen (BE)","Hilterfingen (BE)","Bern","Berne","Berna","https://thumb.wikimedia.org/wikipedia/commons/thumb/0/09/CHE_Hilterfingen_COA.svg/500px-CHE_Hilterfingen_COA.svg.png",36.005717256,FALSE,FALSE
2,931,,,,,,,,FALSE,"BE","Homberg","Homberg","Homberg","Homberg BE","Homberg (BE)","Homberg (BE)","Bern","Berne","Berna","https://thumb.wikimedia.org/wikipedia/commons/thumb/4/4c/CHE_Homberg_COA.svg/500px-CHE_Homberg_COA.svg.png",36.005717256,FALSE,FALSE
2,932,,,,,,,,FALSE,"BE","Horrenbach-Buchen","Horrenbach-Buchen","Horrenbach-Buchen","Horrenbach-Buchen BE","Horrenbach-Buchen (BE)","Horrenbach-Buchen (BE)","Bern","Berne","Berna","https://thumb.wikimedia.org/wikipedia/commons/thumb/d/d9/CHE_Horrenbach-Buchen_COA.svg/500px-CHE_Horrenbach-Buchen_COA.svg.png",36.005717256,FALSE,FALSE
2,934,,,,,,,,FALSE,"BE","Oberhofen am Thunersee","Oberhofen am Thunersee","Oberhofen am Thunersee","Oberhofen am Thunersee BE","Oberhofen am Thunersee (BE)","Oberhofen am Thunersee (BE)","Bern","Berne","Berna","https://thumb.wikimedia.org/wikipedia/commons/thumb/0/01/CHE_Oberhofen_am_Thunersee_COA.svg/500px-CHE_Oberhofen_am_Thunersee_COA.svg.png",36.005717256,FALSE,FALSE
2,935,,,,,,,,FALSE,"BE","Oberlangenegg","Oberlangenegg","Oberlangenegg","Oberlangenegg BE","Oberlangenegg (BE)","Oberlangenegg (BE)","Bern","Berne","Berna","https://thumb.wikimedia.org/wikipedia/commons/thumb/6/63/CHE_Oberlangenegg_COA.svg/500px-CHE_Oberlangenegg_COA.svg.png",36.005717256,FALSE,FALSE
2,936,,,,,,,,FALSE,"BE","Pohlern","Pohlern","Pohlern","Pohlern BE","Pohlern (BE)","Pohlern (BE)","Bern","Berne","Berna","https://thumb.wikimedia.org/wikipedia/commons/thumb/b/b9/CHE_Pohlern_COA.svg/500px-CHE_Pohlern_COA.svg.png",36.005717256,FALSE,FALSE
2,938,,,,,,,,FALSE,"BE","Sigriswil","Sigriswil","Sigriswil","Sigriswil BE","Sigriswil (BE)","Sigriswil (BE)","Bern","Berne","Berna","https://thumb.wikimedia.org/wikipedia/commons/thumb/2/2e/CHE_Sigriswil_COA.svg/500px-CHE_Sigriswil_COA.svg.png",36.005717256,FALSE,FALSE
2,939,,,,,,,,FALSE,"BE","Steffisburg","Steffisburg","Steffisburg","Steffisburg BE","Steffisburg (BE)","Steffisburg (BE)","Bern","Berne","Berna","https://thumb.wikimedia.org/wikipedia/commons/thumb/8/87/CHE_Steffisburg_COA.svg/500px-CHE_Steffisburg_COA.svg.png",36.005717256,FALSE,FALSE
2,940,,,,,,,,FALSE,"BE","Teuffenthal BE","Teuffenthal (BE)","Teuffenthal BE","Teuffenthal BE","Teuffenthal (BE)","Teuffenthal (BE)","Bern","Berne","Berna","https://thumb.wikimedia.org/wikipedia/commons/thumb/a/a3/CHE_Teuffenthal_COA.svg/500px-CHE_Teuffenthal_COA.svg.png",36.005717256,FALSE,FALSE
2,941,,,,,,,,FALSE,"BE","Thierachern","Thierachern","Thierachern","Thierachern BE","Thierachern (BE)","Thierachern (BE)","Bern","Berne","Berna","https://thumb.wikimedia.org/wikipedia/commons/thumb/1/1f/CHE_Thierachern_COA.svg/500px-CHE_Thierachern_COA.svg.png",36.005717256,FALSE,FALSE
2,942,,,,,,,,FALSE,"BE","Thun","Thoune","Thoune","Thun BE","Thoune (BE)","Thoune (BE)","Bern","Berne","Berna","https://thumb.wikimedia.org/wikipedia/commons/thumb/c/cf/CHE_Thun_BE_COA.svg/960px-CHE_Thun_BE_COA.svg.png",36.005717256,FALSE,FALSE
2,943,,,,,,,,FALSE,"BE","Uebeschi","Uebeschi","Uebeschi","Uebeschi BE","Uebeschi (BE)","Uebeschi (BE)","Bern","Berne","Berna","https://thumb.wikimedia.org/wikipedia/commons/thumb/9/91/CHE_Uebeschi_BE_COA.svg/500px-CHE_Uebeschi_BE_COA.svg.png",36.005717256,FALSE,FALSE
2,944,,,,,,,,FALSE,"BE","Uetendorf","Uetendorf","Uetendorf","Uetendorf BE","Uetendorf (BE)","Uetendorf (BE)","Bern","Berne","Berna","https://thumb.wikimedia.org/wikipedia/commons/thumb/4/4f/CHE_Uetendorf_COA.svg/500px-CHE_Uetendorf_COA.svg.png",36.005717256,FALSE,FALSE
2,945,,,,,,,,FALSE,"BE","Unterlangenegg","Unterlangenegg","Unterlangenegg","Unterlangenegg BE","Unterlangenegg (BE)","Unterlangenegg (BE)","Bern","Berne","Berna","https://thumb.wikimedia.org/wikipedia/commons/thumb/a/aa/CHE_Unterlangenegg_COA.svg/500px-CHE_Unterlangenegg_COA.svg.png",36.005717256,FALSE,FALSE
2,946,,,,,,,,FALSE,"BE","Wachseldorn","Wachseldorn","Wachseldorn","Wachseldorn BE","Wachseldorn (BE)","Wachseldorn (BE)","Bern","Berne","Berna","https://thumb.wikimedia.org/wikipedia/commons/thumb/8/86/CHE_Wachseldorn_COA.svg/500px-CHE_Wachseldorn_COA.svg.png",36.005717256,FALSE,FALSE
2,948,,,,,,,,FALSE,"BE","Forst-Längenbühl","Forst-Längenbühl","Forst-Längenbühl","Forst-Längenbühl BE","Forst-Längenbühl (BE)","Forst-Längenbühl (BE)","Bern","Berne","Berna","https://thumb.wikimedia.org/wikipedia/commons/thumb/a/af/CHE_Forst-L%C3%A4ngenb%C3%BChl_COA.svg/500px-CHE_Forst-L%C3%A4ngenb%C3%BChl_COA.svg.png",36.005717256,FALSE,FALSE
2,951,,,,,,,,FALSE,"BE","Affoltern im Emmental","Affoltern im Emmental","Affoltern im Emmental","Affoltern im Emmental BE","Affoltern im Emmental (BE)","Affoltern im Emmental (BE)","Bern","Berne","Berna","https://thumb.wikimedia.org/wikipedia/commons/thumb/5/5d/CHE_Affoltern_im_Emmental_COA.svg/500px-CHE_Affoltern_im_Emmental_COA.svg.png",36.005717256,FALSE,FALSE
2,952,,,,,,,,FALSE,"BE","Dürrenroth","Dürrenroth","Dürrenroth","Dürrenroth BE","Dürrenroth (BE)","Dürrenroth (BE)","Bern","Berne","Berna","https://thumb.wikimedia.org/wikipedia/commons/thumb/5/5d/CHE_D%C3%BCrrenroth_COA.svg/960px-CHE_D%C3%BCrrenroth_COA.svg.png",36.005717256,FALSE,FALSE
2,953,,,,,,,,FALSE,"BE","Eriswil","Eriswil","Eriswil","Eriswil BE","Eriswil (BE)","Eriswil (BE)","Bern","Berne","Berna","https://thumb.wikimedia.org/wikipedia/commons/thumb/1/15/CHE_Eriswil_COA.svg/500px-CHE_Eriswil_COA.svg.png",36.005717256,FALSE,FALSE
2,954,,,,,,,,FALSE,"BE","Huttwil","Huttwil","Huttwil","Huttwil BE","Huttwil (BE)","Huttwil (BE)","Bern","Berne","Berna","https://thumb.wikimedia.org/wikipedia/commons/thumb/0/06/CHE_Huttwil_COA.svg/500px-CHE_Huttwil_COA.svg.png",36.005717256,FALSE,FALSE
2,955,,,,,,,,FALSE,"BE","Lützelflüh","Lützelflüh","Lützelflüh","Lützelflüh BE","Lützelflüh (BE)","Lützelflüh (BE)","Bern","Berne","Berna","https://thumb.wikimedia.org/wikipedia/commons/thumb/3/3c/CHE_L%C3%BCtzelfl%C3%BCh_COA.svg/500px-CHE_L%C3%BCtzelfl%C3%BCh_COA.svg.png",36.005717256,FALSE,FALSE
2,956,,,,,,,,FALSE,"BE","Rüegsau","Rüegsau","Rüegsau","Rüegsau BE","Rüegsau (BE)","Rüegsau (BE)","Bern","Berne","Berna","https://thumb.wikimedia.org/wikipedia/commons/thumb/1/1d/CHE_R%C3%BCegsau_COA.svg/500px-CHE_R%C3%BCegsau_COA.svg.png",36.005717256,FALSE,FALSE
2,957,,,,,,,,FALSE,"BE","Sumiswald","Sumiswald","Sumiswald","Sumiswald BE","Sumiswald (BE)","Sumiswald (BE)","Bern","Berne","Berna","https://thumb.wikimedia.org/wikipedia/commons/thumb/1/19/CHE_Sumiswald_COA.svg/960px-CHE_Sumiswald_COA.svg.png",36.005717256,FALSE,FALSE
2,958,,,,,,,,FALSE,"BE","Trachselwald","Trachselwald","Trachselwald","Trachselwald BE","Trachselwald (BE)","Trachselwald (BE)","Bern","Berne","Berna","https://thumb.wikimedia.org/wikipedia/commons/thumb/9/93/CHE_Trachselwald_COA.svg/500px-CHE_Trachselwald_COA.svg.png",36.005717256,FALSE,FALSE
2,959,,,,,,,,FALSE,"BE","Walterswil BE","Walterswil (BE)","Walterswil BE","Walterswil BE","Walterswil (BE)","Walterswil (BE)","Bern","Berne","Berna","https://thumb.wikimedia.org/wikipedia/commons/thumb/d/de/CHE_Walterswil_BE_COA.svg/500px-CHE_Walterswil_BE_COA.svg.png",36.005717256,FALSE,FALSE
2,960,,,,,,,,FALSE,"BE","Wyssachen","Wyssachen","Wyssachen","Wyssachen BE","Wyssachen (BE)","Wyssachen (BE)","Bern","Berne","Berna","https://thumb.wikimedia.org/wikipedia/commons/thumb/e/e9/CHE_Wyssachen_COA.svg/500px-CHE_Wyssachen_COA.svg.png",36.005717256,FALSE,FALSE
2,971,,,,,,,,FALSE,"BE","Attiswil","Attiswil","Attiswil","Attiswil BE","Attiswil (BE)","Attiswil (BE)","Bern","Berne","Berna","https://thumb.wikimedia.org/wikipedia/commons/thumb/1/15/CHE_Attiswil_COA.svg/500px-CHE_Attiswil_COA.svg.png",36.005717256,FALSE,FALSE
2,972,,,,,,,,FALSE,"BE","Berken","Berken","Berken","Berken BE","Berken (BE)","Berken (BE)","Bern","Berne","Berna","https://thumb.wikimedia.org/wikipedia/commons/thumb/7/77/CHE_Berken_COA.svg/500px-CHE_Berken_COA.svg.png",36.005717256,FALSE,FALSE
2,973,,,,,,,,FALSE,"BE","Bettenhausen","Bettenhausen","Bettenhausen","Bettenhausen BE","Bettenhausen (BE)","Bettenhausen (BE)","Bern","Berne","Berna","https://thumb.wikimedia.org/wikipedia/commons/thumb/0/01/CHE_Bettenhausen_COA.svg/500px-CHE_Bettenhausen_COA.svg.png",36.005717256,FALSE,FALSE
2,975,,,,,,,,FALSE,"BE","Farnern","Farnern","Farnern","Farnern BE","Farnern (BE)","Farnern (BE)","Bern","Berne","Berna","https://thumb.wikimedia.org/wikipedia/commons/thumb/3/32/CHE_Farnern_COA.svg/500px-CHE_Farnern_COA.svg.png",36.005717256,FALSE,FALSE
2,976,,,,,,,,FALSE,"BE","Graben","Graben","Graben","Graben BE","Graben (BE)","Graben (BE)","Bern","Berne","Berna","https://thumb.wikimedia.org/wikipedia/commons/thumb/6/6c/CHE_Graben_BE_COA.svg/960px-CHE_Graben_BE_COA.svg.png",36.005717256,FALSE,FALSE
2,977,,,,,,,,FALSE,"BE","Heimenhausen","Heimenhausen","Heimenhausen","Heimenhausen BE","Heimenhausen (BE)","Heimenhausen (BE)","Bern","Berne","Berna","https://thumb.wikimedia.org/wikipedia/commons/thumb/f/f5/CHE_Heimenhausen_COA.svg/500px-CHE_Heimenhausen_COA.svg.png",36.005717256,FALSE,FALSE
2,979,,,,,,,,FALSE,"BE","Herzogenbuchsee","Herzogenbuchsee","Herzogenbuchsee","Herzogenbuchsee BE","Herzogenbuchsee (BE)","Herzogenbuchsee (BE)","Bern","Berne","Berna","https://thumb.wikimedia.org/wikipedia/commons/thumb/1/14/CHE_Herzogenbuchsee_COA.svg/500px-CHE_Herzogenbuchsee_COA.svg.png",36.005717256,FALSE,FALSE
2,980,,,,,,,,FALSE,"BE","Inkwil","Inkwil","Inkwil","Inkwil BE","Inkwil (BE)","Inkwil (BE)","Bern","Berne","Berna","https://thumb.wikimedia.org/wikipedia/commons/thumb/8/85/CHE_Inkwil_COA.svg/500px-CHE_Inkwil_COA.svg.png",36.005717256,FALSE,FALSE
2,981,,,,,,,,FALSE,"BE","Niederbipp","Niederbipp","Niederbipp","Niederbipp BE","Niederbipp (BE)","Niederbipp (BE)","Bern","Berne","Berna","https://thumb.wikimedia.org/wikipedia/commons/thumb/1/16/CHE_Niederbipp_COA.svg/500px-CHE_Niederbipp_COA.svg.png",36.005717256,FALSE,FALSE
2,982,,,,,,,,FALSE,"BE","Niederönz","Niederönz","Niederönz","Niederönz BE","Niederönz (BE)","Niederönz (BE)","Bern","Berne","Berna","https://thumb.wikimedia.org/wikipedia/commons/thumb/1/18/CHE_Nieder%C3%B6nz_COA.svg/500px-CHE_Nieder%C3%B6nz_COA.svg.png",36.005717256,FALSE,FALSE
2,983,,,,,,,,FALSE,"BE","Oberbipp","Oberbipp","Oberbipp","Oberbipp BE","Oberbipp (BE)","Oberbipp (BE)","Bern","Berne","Berna","https://thumb.wikimedia.org/wikipedia/commons/thumb/b/bd/CHE_Oberbipp_COA.svg/500px-CHE_Oberbipp_COA.svg.png",36.005717256,FALSE,FALSE
2,985,,,,,,,,FALSE,"BE","Ochlenberg","Ochlenberg","Ochlenberg","Ochlenberg BE","Ochlenberg (BE)","Ochlenberg (BE)","Bern","Berne","Berna","https://thumb.wikimedia.org/wikipedia/commons/thumb/4/4d/CHE_Ochlenberg_COA.svg/500px-CHE_Ochlenberg_COA.svg.png",36.005717256,FALSE,FALSE
2,987,,,,,,,,FALSE,"BE","Rumisberg","Rumisberg","Rumisberg","Rumisberg BE","Rumisberg (BE)","Rumisberg (BE)","Bern","Berne","Berna","https://thumb.wikimedia.org/wikipedia/commons/thumb/9/91/CHE_Rumisberg_COA.svg/500px-CHE_Rumisberg_COA.svg.png",36.005717256,FALSE,FALSE
2,988,,,,,,,,FALSE,"BE","Seeberg","Seeberg","Seeberg","Seeberg BE","Seeberg (BE)","Seeberg (BE)","Bern","Berne","Berna","https://thumb.wikimedia.org/wikipedia/commons/thumb/0/0d/CHE_Seeberg_COA.svg/960px-CHE_Seeberg_COA.svg.png",36.005717256,FALSE,FALSE
2,989,,,,,,,,FALSE,"BE","Thörigen","Thörigen","Thörigen","Thörigen BE","Thörigen (BE)","Thörigen (BE)","Bern","Berne","Berna","https://thumb.wikimedia.org/wikipedia/commons/thumb/7/7c/CHE_Th%C3%B6rigen_COA.svg/500px-CHE_Th%C3%B6rigen_COA.svg.png",36.005717256,FALSE,FALSE
2,990,,,,,,,,FALSE,"BE","Walliswil bei Niederbipp","Walliswil bei Niederbipp","Walliswil bei Niederbipp","Walliswil bei Niederbipp BE","Walliswil bei Niederbipp (BE)","Walliswil bei Niederbipp (BE)","Bern","Berne","Berna","https://thumb.wikimedia.org/wikipedia/commons/thumb/e/e0/CHE_Walliswil_bei_Niederbipp_COA.svg/500px-CHE_Walliswil_bei_Niederbipp_COA.svg.png",36.005717256,FALSE,FALSE
2,991,,,,,,,,FALSE,"BE","Walliswil bei Wangen","Walliswil bei Wangen","Walliswil bei Wangen","Walliswil bei Wangen BE","Walliswil bei Wangen (BE)","Walliswil bei Wangen (BE)","Bern","Berne","Berna","https://thumb.wikimedia.org/wikipedia/commons/thumb/3/39/CHE_Walliswil_bei_Wangen_COA.svg/960px-CHE_Walliswil_bei_Wangen_COA.svg.png",36.005717256,FALSE,FALSE
2,992,,,,,,,,FALSE,"BE","Wangen an der Aare","Wangen an der Aare","Wangen an der Aare","Wangen an der Aare BE","Wangen an der Aare (BE)","Wangen an der Aare (BE)","Bern","Berne","Berna","https://thumb.wikimedia.org/wikipedia/commons/thumb/d/d4/CHE_Wangen_an_der_Aare_COA.svg/500px-CHE_Wangen_an_der_Aare_COA.svg.png",36.005717256,FALSE,FALSE
2,995,,,,,,,,FALSE,"BE","Wiedlisbach","Wiedlisbach","Wiedlisbach","Wiedlisbach BE","Wiedlisbach (BE)","Wiedlisbach (BE)","Bern","Berne","Berna","https://thumb.wikimedia.org/wikipedia/commons/thumb/b/bc/CHE_Wiedlisbach_COA.svg/500px-CHE_Wiedlisbach_COA.svg.png",36.005717256,FALSE,FALSE
3,1001,50.137741047,182,181,58.917197452,370,628,363,TRUE,"LU","Doppleschwand","Doppleschwand","Doppleschwand","Doppleschwand LU","Doppleschwand (LU)","Doppleschwand (LU)","Luzern","Lucerne","Lucerna","https://thumb.wikimedia.org/wikipedia/commons/thumb/1/14/CHE_Doppleschwand_COA.svg/960px-CHE_Doppleschwand_COA.svg.png",28.832626249,FALSE,FALSE
3,1002,48.788115715,624,655,52.425222312,1297,2474,1279,TRUE,"LU","Entlebuch","Entlebuch","Entlebuch","Entlebuch LU","Entlebuch (LU)","Entlebuch (LU)","Luzern","Lucerne","Lucerna","https://thumb.wikimedia.org/wikipedia/commons/thumb/8/85/CHE_Entlebuch_COA.svg/960px-CHE_Entlebuch_COA.svg.png",28.832626249,FALSE,FALSE
3,1004,46.197183099,328,382,54.973014649,713,1297,710,TRUE,"LU","Flühli","Flühli","Flühli","Flühli LU","Flühli (LU)","Flühli (LU)","Luzern","Lucerne","Lucerna","https://thumb.wikimedia.org/wikipedia/commons/thumb/6/65/CHE_Fluehli_COA.svg/960px-CHE_Fluehli_COA.svg.png",28.832626249,FALSE,FALSE
3,1005,57.394843962,423,314,54.306569343,744,1370,737,TRUE,"LU","Hasle LU","Hasle (LU)","Hasle LU","Hasle LU","Hasle (LU)","Hasle (LU)","Luzern","Lucerne","Lucerna","https://thumb.wikimedia.org/wikipedia/commons/thumb/a/ac/CHE_Hasle_LU_COA.svg/960px-CHE_Hasle_LU_COA.svg.png",28.832626249,FALSE,FALSE
3,1007,49.64028777,138,140,59.619450317,282,473,278,TRUE,"LU","Romoos","Romoos","Romoos","Romoos LU","Romoos (LU)","Romoos (LU)","Luzern","Lucerne","Lucerna","https://thumb.wikimedia.org/wikipedia/commons/thumb/9/96/CHE_Romoos_COA.svg/960px-CHE_Romoos_COA.svg.png",28.832626249,FALSE,FALSE
3,1008,35.834333733,597,1069,53.730867347,1685,3136,1666,TRUE,"LU","Schüpfheim","Schüpfheim","Schüpfheim","Schüpfheim LU","Schüpfheim (LU)","Schüpfheim (LU)","Luzern","Lucerne","Lucerna","https://upload.wikimedia.org/wikipedia/commons/7/75/CHE_Schuepfheim_COA.png",28.832626249,FALSE,FALSE
3,1009,45.973645681,314,369,49.534717251,692,1397,683,TRUE,"LU","Werthenstein","Werthenstein","Werthenstein","Werthenstein LU","Werthenstein (LU)","Werthenstein (LU)","Luzern","Lucerne","Lucerna","https://thumb.wikimedia.org/wikipedia/commons/thumb/e/ec/CHE_Werthenstein_COA.svg/960px-CHE_Werthenstein_COA.svg.png",28.832626249,FALSE,FALSE
3,1010,46.698872786,870,993,55.309863253,1901,3437,1863,TRUE,"LU","Escholzmatt-Marbach","Escholzmatt-Marbach","Escholzmatt-Marbach","Escholzmatt-Marbach LU","Escholzmatt-Marbach (LU)","Escholzmatt-Marbach (LU)","Luzern","Lucerne","Lucerna","https://thumb.wikimedia.org/wikipedia/commons/thumb/2/25/CHE_Escholzmatt-Marbach_COA.svg/960px-CHE_Escholzmatt-Marbach_COA.svg.png",28.832626249,FALSE,FALSE
3,1021,41.535433071,211,297,49.854791868,515,1033,508,TRUE,"LU","Aesch LU","Aesch (LU)","Aesch LU","Aesch LU","Aesch (LU)","Aesch (LU)","Luzern","Lucerne","Lucerna","https://thumb.wikimedia.org/wikipedia/commons/thumb/2/29/CHE_Aesch_LU_COA.svg/960px-CHE_Aesch_LU_COA.svg.png",28.832626249,FALSE,FALSE
3,1023,33.936261843,394,767,55.82272513,1184,2121,1161,TRUE,"LU","Ballwil","Ballwil","Ballwil","Ballwil LU","Ballwil (LU)","Ballwil (LU)","Luzern","Lucerne","Lucerna","https://thumb.wikimedia.org/wikipedia/commons/thumb/d/de/CHE_Ballwil_COA.svg/960px-CHE_Ballwil_COA.svg.png",28.832626249,FALSE,FALSE
3,1024,28.860594189,1768,4358,37.89531748,6183,16316,6126,TRUE,"LU","Emmen","Emmen","Emmen","Emmen LU","Emmen (LU)","Emmen (LU)","Luzern","Lucerne","Lucerna","https://thumb.wikimedia.org/wikipedia/commons/thumb/7/7c/CHE_Emmen_COA.svg/960px-CHE_Emmen_COA.svg.png",28.832626249,FALSE,FALSE
3,1025,36.446469248,160,279,58.453473132,446,763,439,TRUE,"LU","Ermensee","Ermensee","Ermensee","Ermensee LU","Ermensee (LU)","Ermensee (LU)","Luzern","Lucerne","Lucerna","https://thumb.wikimedia.org/wikipedia/commons/thumb/2/2d/CHE_Ermensee_COA.svg/960px-CHE_Ermensee_COA.svg.png",28.832626249,FALSE,FALSE
3,1026,29.829545455,420,988,54.328018223,1431,2634,1408,TRUE,"LU","Eschenbach LU","Eschenbach (LU)","Eschenbach LU","Eschenbach LU","Eschenbach (LU)","Eschenbach (LU)","Luzern","Lucerne","Lucerna","https://thumb.wikimedia.org/wikipedia/commons/thumb/4/4a/CHE_Eschenbach_LU_COA.svg/960px-CHE_Eschenbach_LU_COA.svg.png",28.832626249,FALSE,FALSE
3,1030,33.18986131,694,1397,52.166462668,2131,4085,2091,TRUE,"LU","Hitzkirch","Hitzkirch","Hitzkirch","Hitzkirch LU","Hitzkirch (LU)","Hitzkirch (LU)","Luzern","Lucerne","Lucerna","https://thumb.wikimedia.org/wikipedia/commons/thumb/1/1f/Coat_of_arms_of_Hitzkirch.svg/960px-Coat_of_arms_of_Hitzkirch.svg.png",28.832626249,FALSE,FALSE
3,1031,,,,,,,,FALSE,"LU","Hochdorf","Hochdorf","Hochdorf","Hochdorf LU","Hochdorf (LU)","Hochdorf (LU)","Luzern","Lucerne","Lucerna","https://thumb.wikimedia.org/wikipedia/commons/thumb/3/37/CHE_Hochdorf_COA.svg/960px-CHE_Hochdorf_COA.svg.png",28.832626249,FALSE,FALSE
3,1032,39.667705088,382,581,54.918493536,977,1779,963,TRUE,"LU","Hohenrain","Hohenrain","Hohenrain","Hohenrain LU","Hohenrain (LU)","Hohenrain (LU)","Luzern","Lucerne","Lucerna","https://thumb.wikimedia.org/wikipedia/commons/thumb/6/62/CHE_Hohenrain_COA.svg/960px-CHE_Hohenrain_COA.svg.png",28.832626249,FALSE,FALSE
3,1033,31.43683703,326,711,52.776388194,1055,1999,1037,TRUE,"LU","Inwil","Inwil","Inwil","Inwil LU","Inwil (LU)","Inwil (LU)","Luzern","Lucerne","Lucerna","https://thumb.wikimedia.org/wikipedia/commons/thumb/1/14/Coat_of_arms_of_Inwil_LU.svg/960px-Coat_of_arms_of_Inwil_LU.svg.png",28.832626249,FALSE,FALSE
3,1037,,,,,,,,FALSE,"LU","Rain","Rain","Rain","Rain LU","Rain (LU)","Rain (LU)","Luzern","Lucerne","Lucerna","https://thumb.wikimedia.org/wikipedia/commons/thumb/f/fd/Coat_of_arms_of_Rain_LU.svg/960px-Coat_of_arms_of_Rain_LU.svg.png",28.832626249,FALSE,FALSE
3,1039,36.475409836,267,465,58.280757098,739,1268,732,TRUE,"LU","Römerswil","Römerswil","Römerswil","Römerswil LU","Römerswil (LU)","Römerswil (LU)","Luzern","Lucerne","Lucerna","https://thumb.wikimedia.org/wikipedia/commons/thumb/6/68/CHE_R%C3%B6merswil_COA.svg/960px-CHE_R%C3%B6merswil_COA.svg.png",28.832626249,FALSE,FALSE
3,1040,,,,,,,,FALSE,"LU","Rothenburg","Rothenburg","Rothenburg","Rothenburg LU","Rothenburg (LU)","Rothenburg (LU)","Luzern","Lucerne","Lucerna","https://thumb.wikimedia.org/wikipedia/commons/thumb/e/ee/CHE_Rothenburg_COA.svg/960px-CHE_Rothenburg_COA.svg.png",28.832626249,FALSE,FALSE
3,1041,43.82566586,181,232,53.955901427,416,771,413,TRUE,"LU","Schongau","Schongau","Schongau","Schongau LU","Schongau (LU)","Schongau (LU)","Luzern","Lucerne","Lucerna","https://thumb.wikimedia.org/wikipedia/commons/thumb/5/5d/CHE_Schongau_COA.svg/960px-CHE_Schongau_COA.svg.png",28.832626249,FALSE,FALSE
3,1051,23.334784502,536,1761,57.739130435,2324,4025,2297,TRUE,"LU","Adligenswil","Adligenswil","Adligenswil","Adligenswil LU","Adligenswil (LU)","Adligenswil (LU)","Luzern","Lucerne","Lucerna","https://upload.wikimedia.org/wikipedia/commons/b/bc/CHE_Adligenswil_COA.png",28.832626249,FALSE,FALSE
3,1052,24.776564052,499,1515,47.000461467,2037,4334,2014,TRUE,"LU","Buchrain","Buchrain","Buchrain","Buchrain LU","Buchrain (LU)","Buchrain (LU)","Luzern","Lucerne","Lucerna","https://thumb.wikimedia.org/wikipedia/commons/thumb/d/d1/CHE_Buchrain_COA.svg/960px-CHE_Buchrain_COA.svg.png",28.832626249,FALSE,FALSE
3,1053,37.866666667,142,233,36.997055937,377,1019,375,TRUE,"LU","Dierikon","Dierikon","Dierikon","Dierikon LU","Dierikon (LU)","Dierikon (LU)","Luzern","Lucerne","Lucerna","https://thumb.wikimedia.org/wikipedia/commons/thumb/0/0b/CHE_Dierikon_COA.svg/960px-CHE_Dierikon_COA.svg.png",28.832626249,FALSE,FALSE
3,1054,,,,,,,,FALSE,"LU","Ebikon","Ebikon","Ebikon","Ebikon LU","Ebikon (LU)","Ebikon (LU)","Luzern","Lucerne","Lucerna","https://thumb.wikimedia.org/wikipedia/commons/thumb/d/d9/CHE_Ebikon_COA.svg/960px-CHE_Ebikon_COA.svg.png",28.832626249,FALSE,FALSE
3,1055,,,,,,,,FALSE,"LU","Gisikon","Gisikon","Gisikon","Gisikon LU","Gisikon (LU)","Gisikon (LU)","Luzern","Lucerne","Lucerna","https://thumb.wikimedia.org/wikipedia/commons/thumb/f/fb/CHE_Gisikon_COA.svg/960px-CHE_Gisikon_COA.svg.png",28.832626249,FALSE,FALSE
3,1056,30.982905983,145,323,60.506329114,478,790,468,TRUE,"LU","Greppen","Greppen","Greppen","Greppen LU","Greppen (LU)","Greppen (LU)","Luzern","Lucerne","Lucerna","https://thumb.wikimedia.org/wikipedia/commons/thumb/9/9d/Coat_of_arms_of_Greppen.svg/960px-Coat_of_arms_of_Greppen.svg.png",28.832626249,FALSE,FALSE
3,1058,,,,,,,,FALSE,"LU","Horw","Horw","Horw","Horw LU","Horw (LU)","Horw (LU)","Luzern","Lucerne","Lucerna","https://thumb.wikimedia.org/wikipedia/commons/thumb/6/64/CHE_Horw_COA_2025.svg/960px-CHE_Horw_COA_2025.svg.png",28.832626249,FALSE,FALSE
3,1059,,,,,,,,FALSE,"LU","Kriens","Kriens","Kriens","Kriens LU","Kriens (LU)","Kriens (LU)","Luzern","Lucerne","Lucerna","https://thumb.wikimedia.org/wikipedia/commons/thumb/3/30/CHE_Kriens_COA.svg/960px-CHE_Kriens_COA.svg.png",28.832626249,FALSE,FALSE
3,1061,19.114998714,5201,22008,51.570925704,27543,53408,27209,TRUE,"LU","Luzern","Lucerne","Lucerna","Luzern LU","Lucerne (LU)","Lucerna (LU)","Luzern","Lucerne","Lucerna","https://thumb.wikimedia.org/wikipedia/commons/thumb/d/da/CHE_Stadt_Luzern_COA.gif/960px-CHE_Stadt_Luzern_COA.gif",28.832626249,FALSE,FALSE
3,1062,31.238309016,835,1838,50.455983622,2711,5373,2673,TRUE,"LU","Malters","Malters","Malters","Malters LU","Malters (LU)","Malters (LU)","Luzern","Lucerne","Lucerna","https://thumb.wikimedia.org/wikipedia/commons/thumb/d/d1/Coat_of_arms_of_Malters.svg/960px-Coat_of_arms_of_Malters.svg.png",28.832626249,FALSE,FALSE
3,1063,25.866830316,843,2416,61.874294317,3288,5314,3259,TRUE,"LU","Meggen","Meggen","Meggen","Meggen LU","Meggen (LU)","Meggen (LU)","Luzern","Lucerne","Lucerna","https://thumb.wikimedia.org/wikipedia/commons/thumb/0/04/CHE_Meggen_COA.svg/960px-CHE_Meggen_COA.svg.png",28.832626249,FALSE,FALSE
3,1064,35.883424408,197,352,55.376884422,551,995,549,TRUE,"LU","Meierskappel","Meierskappel","Meierskappel","Meierskappel LU","Meierskappel (LU)","Meierskappel (LU)","Luzern","Lucerne","Lucerna","https://thumb.wikimedia.org/wikipedia/commons/thumb/2/2f/CHE_Meierskappel_COA.svg/960px-CHE_Meierskappel_COA.svg.png",28.832626249,FALSE,FALSE
3,1065,29.860228717,470,1104,40.948942754,1588,3878,1574,TRUE,"LU","Root","Root","Root","Root LU","Root (LU)","Root (LU)","Luzern","Lucerne","Lucerna","https://thumb.wikimedia.org/wikipedia/commons/thumb/d/df/CHE_Root_COA2.svg/500px-CHE_Root_COA2.svg.png",28.832626249,FALSE,FALSE
3,1066,32.952924394,231,470,54.923076923,714,1300,701,TRUE,"LU","Schwarzenberg","Schwarzenberg","Schwarzenberg","Schwarzenberg LU","Schwarzenberg (LU)","Schwarzenberg (LU)","Luzern","Lucerne","Lucerna","https://thumb.wikimedia.org/wikipedia/commons/thumb/c/cb/Coat_of_arms_of_Schwarzenberg_LU.svg/960px-Coat_of_arms_of_Schwarzenberg_LU.svg.png",28.832626249,FALSE,FALSE
3,1067,25.219084713,259,768,60.315604909,1032,1711,1027,TRUE,"LU","Udligenswil","Udligenswil","Udligenswil","Udligenswil LU","Udligenswil (LU)","Udligenswil (LU)","Luzern","Lucerne","Lucerna","https://thumb.wikimedia.org/wikipedia/commons/thumb/a/a0/CHE_Udligenswil_COA.svg/960px-CHE_Udligenswil_COA.svg.png",28.832626249,FALSE,FALSE
3,1068,36.520076482,191,332,58.934517203,531,901,523,TRUE,"LU","Vitznau","Vitznau","Vitznau","Vitznau LU","Vitznau (LU)","Vitznau (LU)","Luzern","Lucerne","Lucerna","https://thumb.wikimedia.org/wikipedia/commons/thumb/8/86/CHE_Vitznau_COA.svg/960px-CHE_Vitznau_COA.svg.png",28.832626249,FALSE,FALSE
3,1069,34.550408719,634,1201,62.386248736,1851,2967,1835,TRUE,"LU","Weggis","Weggis","Weggis","Weggis LU","Weggis (LU)","Weggis (LU)","Luzern","Lucerne","Lucerna","https://thumb.wikimedia.org/wikipedia/commons/thumb/c/cf/CHE_Weggis_COA.svg/960px-CHE_Weggis_COA.svg.png",28.832626249,FALSE,FALSE
3,1081,31.524008351,755,1640,51.21899958,2437,4758,2395,TRUE,"LU","Beromünster","Beromünster","Beromünster","Beromünster LU","Beromünster (LU)","Beromünster (LU)","Luzern","Lucerne","Lucerna","https://thumb.wikimedia.org/wikipedia/commons/thumb/4/45/CHE_Berom%C3%BCnster_COA.svg/960px-CHE_Berom%C3%BCnster_COA.svg.png",28.832626249,FALSE,FALSE
3,1082,34.255599473,260,499,46.409173205,769,1657,759,TRUE,"LU","Büron","Büron","Büron","Büron LU","Büron (LU)","Büron (LU)","Luzern","Lucerne","Lucerna","https://thumb.wikimedia.org/wikipedia/commons/thumb/3/3d/CHE_B%C3%BCron_COA.svg/960px-CHE_B%C3%BCron_COA.svg.png",28.832626249,FALSE,FALSE
3,1083,30.551053485,377,857,51.953449709,1250,2406,1234,TRUE,"LU","Buttisholz","Buttisholz","Buttisholz","Buttisholz LU","Buttisholz (LU)","Buttisholz (LU)","Luzern","Lucerne","Lucerna","https://thumb.wikimedia.org/wikipedia/commons/thumb/d/dc/Coat_of_arms_of_Buttisholz.svg/500px-Coat_of_arms_of_Buttisholz.svg.png",28.832626249,FALSE,FALSE
3,1084,34.620505992,260,491,56.263899185,759,1349,751,TRUE,"LU","Eich","Eich","Eich","Eich LU","Eich (LU)","Eich (LU)","Luzern","Lucerne","Lucerna","https://thumb.wikimedia.org/wikipedia/commons/thumb/d/d8/CHE_Eich_COA.svg/960px-CHE_Eich_COA.svg.png",28.832626249,FALSE,FALSE
3,1085,31.63507109,267,577,45.835572273,853,1861,844,TRUE,"LU","Geuensee","Geuensee","Geuensee","Geuensee LU","Geuensee (LU)","Geuensee (LU)","Luzern","Lucerne","Lucerna","https://thumb.wikimedia.org/wikipedia/commons/thumb/7/73/CHE_Geuensee_COA.svg/250px-CHE_Geuensee_COA.svg.png",28.832626249,FALSE,FALSE
3,1086,33.303964758,378,757,48.974358974,1146,2340,1135,TRUE,"LU","Grosswangen","Grosswangen","Grosswangen","Grosswangen LU","Grosswangen (LU)","Grosswangen (LU)","Luzern","Lucerne","Lucerna","https://thumb.wikimedia.org/wikipedia/commons/thumb/d/d3/CHE_Grosswangen_COA.svg/960px-CHE_Grosswangen_COA.svg.png",28.832626249,FALSE,FALSE
3,1088,26.736842105,254,696,54.592422503,951,1742,950,TRUE,"LU","Hildisrieden","Hildisrieden","Hildisrieden","Hildisrieden LU","Hildisrieden (LU)","Hildisrieden (LU)","Luzern","Lucerne","Lucerna","https://upload.wikimedia.org/wikipedia/commons/f/fd/Pic_Hildisrieden.png",28.832626249,FALSE,FALSE
3,1089,27.564894932,223,586,46.395881007,811,1748,809,TRUE,"LU","Knutwil","Knutwil","Knutwil","Knutwil LU","Knutwil (LU)","Knutwil (LU)","Luzern","Lucerne","Lucerna","https://thumb.wikimedia.org/wikipedia/commons/thumb/3/33/Coat_of_arms_of_Knutwil.svg/960px-Coat_of_arms_of_Knutwil.svg.png",28.832626249,FALSE,FALSE
3,1091,26.527050611,152,421,51.315789474,585,1140,573,TRUE,"LU","Mauensee","Mauensee","Mauensee","Mauensee LU","Mauensee (LU)","Mauensee (LU)","Luzern","Lucerne","Lucerna","https://thumb.wikimedia.org/wikipedia/commons/thumb/7/71/CHE_Mauensee_COA.svg/960px-CHE_Mauensee_COA.svg.png",28.832626249,FALSE,FALSE
3,1093,30.520231214,792,1803,51.20281635,2618,5113,2595,TRUE,"LU","Neuenkirch","Neuenkirch","Neuenkirch","Neuenkirch LU","Neuenkirch (LU)","Neuenkirch (LU)","Luzern","Lucerne","Lucerna","https://thumb.wikimedia.org/wikipedia/commons/thumb/d/d1/CHE_Neuenkirch_COA.svg/960px-CHE_Neuenkirch_COA.svg.png",28.832626249,FALSE,FALSE
3,1094,,,,,,,,FALSE,"LU","Nottwil","Nottwil","Nottwil","Nottwil LU","Nottwil (LU)","Nottwil (LU)","Luzern","Lucerne","Lucerna","https://thumb.wikimedia.org/wikipedia/commons/thumb/4/44/Coat_of_arms_of_Nottwil.svg/960px-Coat_of_arms_of_Nottwil.svg.png",28.832626249,FALSE,FALSE
3,1095,22.412008282,433,1499,54.728033473,1962,3585,1932,TRUE,"LU","Oberkirch","Oberkirch","Oberkirch","Oberkirch LU","Oberkirch (LU)","Oberkirch (LU)","Luzern","Lucerne","Lucerna","https://thumb.wikimedia.org/wikipedia/commons/thumb/0/02/CHE_Oberkirch_COA.svg/960px-CHE_Oberkirch_COA.svg.png",28.832626249,FALSE,FALSE
3,1097,36.913357401,409,699,46.628051303,1127,2417,1108,TRUE,"LU","Rickenbach LU","Rickenbach (LU)","Rickenbach LU","Rickenbach LU","Rickenbach (LU)","Rickenbach (LU)","Luzern","Lucerne","Lucerna","https://thumb.wikimedia.org/wikipedia/commons/thumb/0/0f/CHE_Rickenbach_LU_COA.svg/500px-CHE_Rickenbach_LU_COA.svg.png",28.832626249,FALSE,FALSE
3,1098,34.111638088,935,1806,51.391705069,2788,5425,2741,TRUE,"LU","Ruswil","Ruswil","Ruswil","Ruswil LU","Ruswil (LU)","Ruswil (LU)","Luzern","Lucerne","Lucerna","https://upload.wikimedia.org/wikipedia/commons/5/5b/CHE_Ruswil_COA.png",28.832626249,FALSE,FALSE
3,1099,27.644787645,358,937,55.635899617,1308,2351,1295,TRUE,"LU","Schenkon","Schenkon","Schenkon","Schenkon LU","Schenkon (LU)","Schenkon (LU)","Luzern","Lucerne","Lucerna","https://thumb.wikimedia.org/wikipedia/commons/thumb/f/f8/Coat_of_arms_of_Schenkon.svg/960px-Coat_of_arms_of_Schenkon.svg.png",28.832626249,FALSE,FALSE
3,1100,29.927007299,123,288,59.598853868,416,698,411,TRUE,"LU","Schlierbach","Schlierbach","Schlierbach","Schlierbach LU","Schlierbach (LU)","Schlierbach (LU)","Luzern","Lucerne","Lucerna","https://thumb.wikimedia.org/wikipedia/commons/thumb/8/8b/Coat_of_arms_of_Schlierbach_LU.svg/960px-Coat_of_arms_of_Schlierbach_LU.svg.png",28.832626249,FALSE,FALSE
3,1102,20.222222222,364,1436,56.959649672,1821,3197,1800,TRUE,"LU","Sempach","Sempach","Sempach","Sempach LU","Sempach (LU)","Sempach (LU)","Luzern","Lucerne","Lucerna","https://upload.wikimedia.org/wikipedia/commons/a/a6/CHE_Sempach_COA.png",28.832626249,FALSE,FALSE
3,1103,19.812620557,719,2910,49.158204169,3679,7484,3629,TRUE,"LU","Sursee","Sursee","Sursee","Sursee LU","Sursee (LU)","Sursee (LU)","Luzern","Lucerne","Lucerna","https://thumb.wikimedia.org/wikipedia/commons/thumb/e/e6/Coat_of_arms_of_Sursee.svg/960px-Coat_of_arms_of_Sursee.svg.png",28.832626249,FALSE,FALSE
3,1104,36.261419536,516,907,48.37846874,1447,2991,1423,TRUE,"LU","Triengen","Triengen","Triengen","Triengen LU","Triengen (LU)","Triengen (LU)","Luzern","Lucerne","Lucerna","https://thumb.wikimedia.org/wikipedia/commons/thumb/e/ea/CHE_Triengen_COA.svg/960px-CHE_Triengen_COA.svg.png",28.832626249,FALSE,FALSE
3,1107,36.96128561,506,863,49.172243748,1396,2839,1369,TRUE,"LU","Wolhusen","Wolhusen","Wolhusen","Wolhusen LU","Wolhusen (LU)","Wolhusen (LU)","Luzern","Lucerne","Lucerna","https://thumb.wikimedia.org/wikipedia/commons/thumb/c/c1/CHE_Wolhusen_COA_03.svg/960px-CHE_Wolhusen_COA_03.svg.png",28.832626249,FALSE,FALSE
3,1121,40.707964602,92,134,45.983935743,229,498,226,TRUE,"LU","Alberswil","Alberswil","Alberswil","Alberswil LU","Alberswil (LU)","Alberswil (LU)","Luzern","Lucerne","Lucerna","https://thumb.wikimedia.org/wikipedia/commons/thumb/8/8b/Coat_of_arms_of_Alberswil.svg/960px-Coat_of_arms_of_Alberswil.svg.png",28.832626249,FALSE,FALSE
3,1122,40.782122905,146,212,50.484094053,365,723,358,TRUE,"LU","Altbüron","Altbüron","Altbüron","Altbüron LU","Altbüron (LU)","Altbüron (LU)","Luzern","Lucerne","Lucerna","https://thumb.wikimedia.org/wikipedia/commons/thumb/7/76/CHE_Altb%C3%BCron_COA.svg/960px-CHE_Altb%C3%BCron_COA.svg.png",28.832626249,FALSE,FALSE
3,1123,30.897009967,186,416,47.611589663,608,1277,602,TRUE,"LU","Altishofen","Altishofen","Altishofen","Altishofen LU","Altishofen (LU)","Altishofen (LU)","Luzern","Lucerne","Lucerna","https://thumb.wikimedia.org/wikipedia/commons/thumb/f/f0/CHE_Altishofen_COA.svg/960px-CHE_Altishofen_COA.svg.png",28.832626249,FALSE,FALSE
3,1125,33.548766157,571,1131,43.691052766,1714,3923,1702,TRUE,"LU","Dagmersellen","Dagmersellen","Dagmersellen","Dagmersellen LU","Dagmersellen (LU)","Dagmersellen (LU)","Luzern","Lucerne","Lucerna","https://thumb.wikimedia.org/wikipedia/commons/thumb/4/44/CHE_Dagmersellen_COA.svg/960px-CHE_Dagmersellen_COA.svg.png",28.832626249,FALSE,FALSE
3,1127,29.401088929,162,389,48.302872063,555,1149,551,TRUE,"LU","Egolzwil","Egolzwil","Egolzwil","Egolzwil LU","Egolzwil (LU)","Egolzwil (LU)","Luzern","Lucerne","Lucerna","https://thumb.wikimedia.org/wikipedia/commons/thumb/e/e8/CHE_Egolzwil_COA.svg/960px-CHE_Egolzwil_COA.svg.png",28.832626249,FALSE,FALSE
3,1128,,,,,,,,FALSE,"LU","Ettiswil","Ettiswil","Ettiswil","Ettiswil LU","Ettiswil (LU)","Ettiswil (LU)","Luzern","Lucerne","Lucerna","https://thumb.wikimedia.org/wikipedia/commons/thumb/f/fc/CHE_Ettiswil_COA.svg/250px-CHE_Ettiswil_COA.svg.png",28.832626249,FALSE,FALSE
3,1129,54.752851711,144,119,50.863723608,265,521,263,TRUE,"LU","Fischbach","Fischbach","Fischbach","Fischbach LU","Fischbach (LU)","Fischbach (LU)","Luzern","Lucerne","Lucerna","https://thumb.wikimedia.org/wikipedia/commons/thumb/8/8e/CHE_Fischbach_LU_COA.svg/960px-CHE_Fischbach_LU_COA.svg.png",28.832626249,FALSE,FALSE
3,1131,34.674922601,112,211,50.074738416,335,669,323,TRUE,"LU","Grossdietwil","Grossdietwil","Grossdietwil","Grossdietwil LU","Grossdietwil (LU)","Grossdietwil (LU)","Luzern","Lucerne","Lucerna","https://thumb.wikimedia.org/wikipedia/commons/thumb/e/e1/CHE_Grossdietwil_COA.svg/960px-CHE_Grossdietwil_COA.svg.png",28.832626249,FALSE,FALSE
3,1132,44.507042254,316,394,51.069900143,716,1402,710,TRUE,"LU","Hergiswil bei Willisau","Hergiswil bei Willisau","Hergiswil bei Willisau","Hergiswil bei Willisau LU","Hergiswil bei Willisau (LU)","Hergiswil bei Willisau (LU)","Luzern","Lucerne","Lucerna","https://thumb.wikimedia.org/wikipedia/commons/thumb/b/b6/CHE_Hergiswil_bei_Willisau_COA.svg/960px-CHE_Hergiswil_bei_Willisau_COA.svg.png",28.832626249,FALSE,FALSE
3,1135,,,,,,,,FALSE,"LU","Luthern","Luthern","Luthern","Luthern LU","Luthern (LU)","Luthern (LU)","Luzern","Lucerne","Lucerna","https://thumb.wikimedia.org/wikipedia/commons/thumb/6/6f/CHE_Luthern_COA.svg/960px-CHE_Luthern_COA.svg.png",28.832626249,FALSE,FALSE
3,1136,39.806763285,412,623,48.45122515,1048,2163,1035,TRUE,"LU","Menznau","Menznau","Menznau","Menznau LU","Menznau (LU)","Menznau (LU)","Luzern","Lucerne","Lucerna","https://thumb.wikimedia.org/wikipedia/commons/thumb/a/aa/Coat_of_arms_of_Menznau.svg/960px-Coat_of_arms_of_Menznau.svg.png",28.832626249,FALSE,FALSE
3,1137,26.822558459,195,532,47.432605905,739,1558,727,TRUE,"LU","Nebikon","Nebikon","Nebikon","Nebikon LU","Nebikon (LU)","Nebikon (LU)","Luzern","Lucerne","Lucerna","https://upload.wikimedia.org/wikipedia/commons/6/6d/CHE_Nebikon_COA.png",28.832626249,FALSE,FALSE
3,1139,37.620192308,313,519,46.707249585,844,1807,832,TRUE,"LU","Pfaffnau","Pfaffnau","Pfaffnau","Pfaffnau LU","Pfaffnau (LU)","Pfaffnau (LU)","Luzern","Lucerne","Lucerna","https://thumb.wikimedia.org/wikipedia/commons/thumb/0/09/CHE_Pfaffnau_COA.svg/960px-CHE_Pfaffnau_COA.svg.png",28.832626249,FALSE,FALSE
3,1140,30.910099889,557,1245,40.127528584,1825,4548,1802,TRUE,"LU","Reiden","Reiden","Reiden","Reiden LU","Reiden (LU)","Reiden (LU)","Luzern","Lucerne","Lucerna","https://thumb.wikimedia.org/wikipedia/commons/thumb/7/7c/Wappen_Reiden.svg/960px-Wappen_Reiden.svg.png",28.832626249,FALSE,FALSE
3,1142,40.453074434,125,184,52.881355932,312,590,309,TRUE,"LU","Roggliswil","Roggliswil","Roggliswil","Roggliswil LU","Roggliswil (LU)","Roggliswil (LU)","Luzern","Lucerne","Lucerna","https://thumb.wikimedia.org/wikipedia/commons/thumb/6/68/Coat_of_arms_of_Roggliswil.svg/960px-Coat_of_arms_of_Roggliswil.svg.png",28.832626249,FALSE,FALSE
3,1143,32.56006628,393,814,40.686922061,1232,3028,1207,TRUE,"LU","Schötz","Schötz","Schötz","Schötz LU","Schötz (LU)","Schötz (LU)","Luzern","Lucerne","Lucerna","https://thumb.wikimedia.org/wikipedia/commons/thumb/9/95/Coat_of_arms_of_Sch%C3%B6tz.svg/960px-Coat_of_arms_of_Sch%C3%B6tz.svg.png",28.832626249,FALSE,FALSE
3,1145,44.632768362,158,196,51.640513552,362,701,354,TRUE,"LU","Ufhusen","Ufhusen","Ufhusen","Ufhusen LU","Ufhusen (LU)","Ufhusen (LU)","Luzern","Lucerne","Lucerna","https://thumb.wikimedia.org/wikipedia/commons/thumb/c/cd/Coat_of_arms_of_Ufhusen.svg/960px-Coat_of_arms_of_Ufhusen.svg.png",28.832626249,FALSE,FALSE
3,1146,33.333333333,269,538,49.246534057,817,1659,807,TRUE,"LU","Wauwil","Wauwil","Wauwil","Wauwil LU","Wauwil (LU)","Wauwil (LU)","Luzern","Lucerne","Lucerna","https://thumb.wikimedia.org/wikipedia/commons/thumb/4/46/CHE_Wauwil_COA.svg/960px-CHE_Wauwil_COA.svg.png",28.832626249,FALSE,FALSE
3,1147,32.873563218,143,292,45.492227979,439,965,435,TRUE,"LU","Wikon","Wikon","Wikon","Wikon LU","Wikon (LU)","Wikon (LU)","Luzern","Lucerne","Lucerna","https://thumb.wikimedia.org/wikipedia/commons/thumb/f/fe/CHE_Wikon_COA.svg/960px-CHE_Wikon_COA.svg.png",28.832626249,FALSE,FALSE
3,1150,38.990182328,278,435,45.993690852,729,1585,713,TRUE,"LU","Zell LU","Zell (LU)","Zell LU","Zell LU","Zell (LU)","Zell (LU) (LU)","Luzern","Lucerne","Lucerna","https://thumb.wikimedia.org/wikipedia/commons/thumb/7/75/CHE_Zell_LU_COA.svg/960px-CHE_Zell_LU_COA.svg.png",28.832626249,FALSE,FALSE
3,1151,,,,,,,,FALSE,"LU","Willisau","Willisau","Willisau","Willisau LU","Willisau (LU)","Willisau (LU)","Luzern","Lucerne","Lucerna","https://upload.wikimedia.org/wikipedia/commons/3/33/CHE_Willisau_COA.png",28.832626249,FALSE,FALSE
4,1201,,,,,,,,FALSE,"UR","Altdorf UR","Altdorf (UR)","Altdorf UR","Altdorf UR","Altdorf (UR)","Altdorf (UR)","Uri","Uri","Uri","https://thumb.wikimedia.org/wikipedia/commons/thumb/a/af/CHE_Altdorf_COA.svg/960px-CHE_Altdorf_COA.svg.png",,FALSE,FALSE
4,1202,,,,,,,,FALSE,"UR","Andermatt","Andermatt","Andermatt","Andermatt UR","Andermatt (UR)","Andermatt (UR)","Uri","Uri","Uri","https://thumb.wikimedia.org/wikipedia/commons/thumb/f/fe/Andermatt-coat_of_arms.svg/500px-Andermatt-coat_of_arms.svg.png",,FALSE,FALSE
4,1203,,,,,,,,FALSE,"UR","Attinghausen","Attinghausen","Attinghausen","Attinghausen UR","Attinghausen (UR)","Attinghausen (UR)","Uri","Uri","Uri","https://thumb.wikimedia.org/wikipedia/commons/thumb/d/d1/CHE_Attinghausen_COA.svg/500px-CHE_Attinghausen_COA.svg.png",,FALSE,FALSE
4,1205,,,,,,,,FALSE,"UR","Bürglen UR","Bürglen (UR)","Bürglen UR","Bürglen UR","Bürglen (UR)","Bürglen (UR) (UR)","Uri","Uri","Uri","https://thumb.wikimedia.org/wikipedia/commons/thumb/b/b9/Wappen_B%C3%BCrglen_UR.svg/500px-Wappen_B%C3%BCrglen_UR.svg.png",,FALSE,FALSE
4,1206,,,,,,,,FALSE,"UR","Erstfeld","Erstfeld","Erstfeld","Erstfeld UR","Erstfeld (UR)","Erstfeld (UR)","Uri","Uri","Uri","https://thumb.wikimedia.org/wikipedia/commons/thumb/2/27/CHE_Erstfeld_COA.svg/960px-CHE_Erstfeld_COA.svg.png",,FALSE,FALSE
4,1207,,,,,,,,FALSE,"UR","Flüelen","Flüelen","Flüelen","Flüelen UR","Flüelen (UR)","Flüelen (UR)","Uri","Uri","Uri","https://thumb.wikimedia.org/wikipedia/commons/thumb/2/2e/Fl%C3%BCelen-coat_of_arms.svg/960px-Fl%C3%BCelen-coat_of_arms.svg.png",,FALSE,FALSE
4,1208,,,,,,,,FALSE,"UR","Göschenen","Göschenen","Göschenen","Göschenen UR","Göschenen (UR)","Göschenen (UR)","Uri","Uri","Uri","https://thumb.wikimedia.org/wikipedia/commons/thumb/6/6f/G%C3%B6schenen-coat_of_arms.svg/500px-G%C3%B6schenen-coat_of_arms.svg.png",,FALSE,FALSE
4,1209,,,,,,,,FALSE,"UR","Gurtnellen","Gurtnellen","Gurtnellen","Gurtnellen UR","Gurtnellen (UR)","Gurtnellen (UR)","Uri","Uri","Uri","https://thumb.wikimedia.org/wikipedia/commons/thumb/c/c5/Gurtnellen_Wappen.svg/960px-Gurtnellen_Wappen.svg.png",,FALSE,FALSE
4,1210,,,,,,,,FALSE,"UR","Hospental","Hospental","Hospental","Hospental UR","Hospental (UR)","Hospental (UR)","Uri","Uri","Uri","https://thumb.wikimedia.org/wikipedia/commons/thumb/2/21/Wappen_Hospental.svg/500px-Wappen_Hospental.svg.png",,FALSE,FALSE
4,1211,,,,,,,,FALSE,"UR","Isenthal","Isenthal","Isenthal","Isenthal UR","Isenthal (UR)","Isenthal (UR)","Uri","Uri","Uri","https://thumb.wikimedia.org/wikipedia/commons/thumb/5/5c/Isenthal-coat_of_arms.svg/500px-Isenthal-coat_of_arms.svg.png",,FALSE,FALSE
4,1212,,,,,,,,FALSE,"UR","Realp","Realp","Realp","Realp UR","Realp (UR)","Realp (UR)","Uri","Uri","Uri","https://thumb.wikimedia.org/wikipedia/commons/thumb/6/66/Realp-coat_of_arms.svg/500px-Realp-coat_of_arms.svg.png",,FALSE,FALSE
4,1213,,,,,,,,FALSE,"UR","Schattdorf","Schattdorf","Schattdorf","Schattdorf UR","Schattdorf (UR)","Schattdorf (UR)","Uri","Uri","Uri","https://thumb.wikimedia.org/wikipedia/commons/thumb/b/bb/Wappen_Schattdorf.svg/500px-Wappen_Schattdorf.svg.png",,FALSE,FALSE
4,1214,,,,,,,,FALSE,"UR","Seedorf UR","Seedorf (UR)","Seedorf UR","Seedorf UR","Seedorf (UR)","Seedorf (UR)","Uri","Uri","Uri","https://thumb.wikimedia.org/wikipedia/commons/thumb/7/7e/CHE_Seedorf_UR_COA.svg/960px-CHE_Seedorf_UR_COA.svg.png",,FALSE,FALSE
4,1215,,,,,,,,FALSE,"UR","Seelisberg","Seelisberg","Seelisberg","Seelisberg UR","Seelisberg (UR)","Seelisberg (UR)","Uri","Uri","Uri","https://thumb.wikimedia.org/wikipedia/commons/thumb/9/90/Wappen_Seelisberg_UR.svg/500px-Wappen_Seelisberg_UR.svg.png",,FALSE,FALSE
4,1216,,,,,,,,FALSE,"UR","Silenen","Silenen","Silenen","Silenen UR","Silenen (UR)","Silenen (UR)","Uri","Uri","Uri","https://thumb.wikimedia.org/wikipedia/commons/thumb/a/a3/Wappen_Silenen.svg/500px-Wappen_Silenen.svg.png",,FALSE,FALSE
4,1217,,,,,,,,FALSE,"UR","Sisikon","Sisikon","Sisikon","Sisikon UR","Sisikon (UR)","Sisikon (UR)","Uri","Uri","Uri","https://thumb.wikimedia.org/wikipedia/commons/thumb/4/46/Sisikon-coat_of_arms.svg/500px-Sisikon-coat_of_arms.svg.png",,FALSE,FALSE
4,1218,,,,,,,,FALSE,"UR","Spiringen","Spiringen","Spiringen","Spiringen UR","Spiringen (UR)","Spiringen (UR)","Uri","Uri","Uri","https://thumb.wikimedia.org/wikipedia/commons/thumb/a/a0/CHE_Spiringen_COA.svg/960px-CHE_Spiringen_COA.svg.png",,FALSE,FALSE
4,1219,,,,,,,,FALSE,"UR","Unterschächen","Unterschächen","Unterschächen","Unterschächen UR","Unterschächen (UR)","Unterschächen (UR)","Uri","Uri","Uri","https://thumb.wikimedia.org/wikipedia/commons/thumb/5/53/CHE_Unterschaechen_COA.svg/500px-CHE_Unterschaechen_COA.svg.png",,FALSE,FALSE
4,1220,,,,,,,,FALSE,"UR","Wassen","Wassen","Wassen","Wassen UR","Wassen (UR)","Wassen (UR)","Uri","Uri","Uri","https://thumb.wikimedia.org/wikipedia/commons/thumb/e/e9/Wappen_Wassen.svg/500px-Wappen_Wassen.svg.png",,FALSE,FALSE
5,1301,44.611689351,2786,3459,54.032605883,6264,11593,6245,TRUE,"SZ","Einsiedeln","Einsiedeln","Einsiedeln","Einsiedeln SZ","Einsiedeln (SZ)","Einsiedeln (SZ)","Schwyz","Schwyz","Svitto","https://thumb.wikimedia.org/wikipedia/commons/thumb/5/56/Einsiedeln-coat_of_arms.svg/500px-Einsiedeln-coat_of_arms.svg.png",43.026350812,FALSE,FALSE
5,1311,34.911242604,295,550,53.846153846,847,1573,845,TRUE,"SZ","Gersau","Gersau","Gersau","Gersau SZ","Gersau (SZ)","Gersau (SZ)","Schwyz","Schwyz","Svitto","https://thumb.wikimedia.org/wikipedia/commons/thumb/1/11/Wappen_Gersau.svg/250px-Wappen_Gersau.svg.png",43.026350812,FALSE,FALSE
5,1321,41.953727506,816,1129,55.029585799,1953,3549,1945,TRUE,"SZ","Feusisberg","Feusisberg","Feusisberg","Feusisberg SZ","Feusisberg (SZ)","Feusisberg (SZ)","Schwyz","Schwyz","Svitto","https://thumb.wikimedia.org/wikipedia/commons/thumb/d/d2/Feusisberg-blazon.svg/250px-Feusisberg-blazon.svg.png",43.026350812,FALSE,FALSE
5,1322,,,,,,,,FALSE,"SZ","Freienbach","Freienbach","Freienbach","Freienbach SZ","Freienbach (SZ)","Freienbach (SZ)","Schwyz","Schwyz","Svitto","https://thumb.wikimedia.org/wikipedia/commons/thumb/3/34/CHE_Freienbach_SZ_COA.svg/960px-CHE_Freienbach_SZ_COA.svg.png",43.026350812,FALSE,FALSE
5,1323,40.430267062,1090,1606,55.287872601,2708,4898,2696,TRUE,"SZ","Wollerau","Wollerau","Wollerau","Wollerau SZ","Wollerau (SZ)","Wollerau (SZ)","Schwyz","Schwyz","Svitto","https://thumb.wikimedia.org/wikipedia/commons/thumb/9/90/CHE_Wollerau_COA.svg/250px-CHE_Wollerau_COA.svg.png",43.026350812,FALSE,FALSE
5,1331,32.131011609,1550,3274,54.367841904,4842,8906,4824,TRUE,"SZ","Küssnacht SZ","Küssnacht (SZ)","Küssnacht SZ","Küssnacht SZ","Küssnacht (SZ)","Küssnacht (SZ)","Schwyz","Schwyz","Svitto","https://thumb.wikimedia.org/wikipedia/commons/thumb/e/ea/CHE_K%C3%BCssnacht_COA.svg/500px-CHE_K%C3%BCssnacht_COA.svg.png",43.026350812,FALSE,FALSE
5,1341,39.137510171,962,1496,50.688026289,2468,4869,2458,TRUE,"SZ","Altendorf","Altendorf","Altendorf","Altendorf SZ","Altendorf (SZ)","Altendorf (SZ)","Schwyz","Schwyz","Svitto","https://thumb.wikimedia.org/wikipedia/de/thumb/e/e3/Wappen_Altendorf_SZ.svg/960px-Wappen_Altendorf_SZ.svg.png",43.026350812,FALSE,FALSE
5,1342,45.365321701,832,1002,50.912106136,1842,3618,1834,TRUE,"SZ","Galgenen","Galgenen","Galgenen","Galgenen SZ","Galgenen (SZ)","Galgenen (SZ)","Schwyz","Schwyz","Svitto","https://thumb.wikimedia.org/wikipedia/commons/thumb/9/99/CHE_Galgenen_COA.svg/500px-CHE_Galgenen_COA.svg.png",43.026350812,FALSE,FALSE
5,1343,55,55,45,61.349693252,100,163,100,TRUE,"SZ","Innerthal","Innerthal","Innerthal","Innerthal SZ","Innerthal (SZ)","Innerthal (SZ)","Schwyz","Schwyz","Svitto","https://thumb.wikimedia.org/wikipedia/commons/thumb/1/1b/Innerthal-blazon.svg/250px-Innerthal-blazon.svg.png",43.026350812,FALSE,FALSE
5,1344,31.616541353,841,1819,48.918621701,2669,5456,2660,TRUE,"SZ","Lachen","Lachen","Lachen","Lachen SZ","Lachen (SZ)","Lachen (SZ)","Schwyz","Schwyz","Svitto","https://thumb.wikimedia.org/wikipedia/de/thumb/5/55/Wappen_Lachen_SZ.svg/500px-Wappen_Lachen_SZ.svg.png",43.026350812,FALSE,FALSE
5,1345,36.24220837,407,716,45.311871227,1126,2485,1123,TRUE,"SZ","Reichenburg","Reichenburg","Reichenburg","Reichenburg SZ","Reichenburg (SZ)","Reichenburg (SZ)","Schwyz","Schwyz","Svitto","https://thumb.wikimedia.org/wikipedia/de/thumb/0/02/Wappen_Reichenburg.svg/960px-Wappen_Reichenburg.svg.png",43.026350812,FALSE,FALSE
5,1346,43.86381631,1108,1418,45.465994962,2527,5558,2526,TRUE,"SZ","Schübelbach","Schübelbach","Schübelbach","Schübelbach SZ","Schübelbach (SZ)","Schübelbach (SZ)","Schwyz","Schwyz","Svitto","https://thumb.wikimedia.org/wikipedia/de/thumb/b/bf/Wappen_Sch%C3%BCbelbach.svg/960px-Wappen_Sch%C3%BCbelbach.svg.png",43.026350812,FALSE,FALSE
5,1347,47.666971638,521,572,45.628642798,1096,2402,1093,TRUE,"SZ","Tuggen","Tuggen","Tuggen","Tuggen SZ","Tuggen (SZ)","Tuggen (SZ)","Schwyz","Schwyz","Svitto","https://upload.wikimedia.org/wikipedia/commons/c/cc/Wappen_tuggen.png",43.026350812,FALSE,FALSE
5,1348,69.312169312,262,116,48.288973384,381,789,378,TRUE,"SZ","Vorderthal","Vorderthal","Vorderthal","Vorderthal SZ","Vorderthal (SZ)","Vorderthal (SZ)","Schwyz","Schwyz","Svitto","https://thumb.wikimedia.org/wikipedia/commons/thumb/8/8a/CHE_Vorderthal_COA.svg/500px-CHE_Vorderthal_COA.svg.png",43.026350812,FALSE,FALSE
5,1349,43.567567568,806,1044,48.880105402,1855,3795,1850,TRUE,"SZ","Wangen SZ","Wangen (SZ)","Wangen SZ","Wangen SZ","Wangen (SZ)","Wangen (SZ)","Schwyz","Schwyz","Svitto","https://thumb.wikimedia.org/wikipedia/commons/thumb/7/78/Wangen_SZ-blazon.svg/250px-Wangen_SZ-blazon.svg.png",43.026350812,FALSE,FALSE
5,1361,71.034482759,206,84,58,290,500,290,TRUE,"SZ","Alpthal","Alpthal","Alpthal","Alpthal SZ","Alpthal (SZ)","Alpthal (SZ)","Schwyz","Schwyz","Svitto","https://thumb.wikimedia.org/wikipedia/commons/thumb/3/3b/CHE_Alpthal_COA.svg/250px-CHE_Alpthal_COA.svg.png",43.026350812,FALSE,FALSE
5,1362,37.63470572,1362,2257,49.794464237,3634,7298,3619,TRUE,"SZ","Arth","Arth","Arth","Arth SZ","Arth (SZ)","Arth (SZ)","Schwyz","Schwyz","Svitto","https://thumb.wikimedia.org/wikipedia/commons/thumb/e/e8/CHE_Arth_COA.svg/500px-CHE_Arth_COA.svg.png",43.026350812,FALSE,FALSE
5,1363,68.194070081,253,118,58.00933126,373,643,371,TRUE,"SZ","Illgau","Illgau","Illgau","Illgau SZ","Illgau (SZ)","Illgau (SZ)","Schwyz","Schwyz","Svitto","https://thumb.wikimedia.org/wikipedia/commons/thumb/6/6d/Illgau-blazon.svg/250px-Illgau-blazon.svg.png",43.026350812,FALSE,FALSE
5,1364,35.608747045,1205,2179,53.581571474,3396,6338,3384,TRUE,"SZ","Ingenbohl","Ingenbohl","Ingenbohl","Ingenbohl SZ","Ingenbohl (SZ)","Ingenbohl (SZ)","Schwyz","Schwyz","Svitto","https://thumb.wikimedia.org/wikipedia/commons/thumb/9/92/Ingenbohl-blazon.svg/250px-Ingenbohl-blazon.svg.png",43.026350812,FALSE,FALSE
5,1365,52.016985138,245,226,56.936067551,472,829,471,TRUE,"SZ","Lauerz","Lauerz","Lauerz","Lauerz SZ","Lauerz (SZ)","Lauerz (SZ)","Schwyz","Schwyz","Svitto","https://thumb.wikimedia.org/wikipedia/commons/thumb/a/aa/Lauerz-blazon.svg/250px-Lauerz-blazon.svg.png",43.026350812,FALSE,FALSE
5,1366,46.70781893,227,259,55.530216648,487,877,486,TRUE,"SZ","Morschach","Morschach","Morschach","Morschach SZ","Morschach (SZ)","Morschach (SZ)","Schwyz","Schwyz","Svitto","https://thumb.wikimedia.org/wikipedia/commons/thumb/d/d5/Morschach-blazon.svg/250px-Morschach-blazon.svg.png",43.026350812,FALSE,FALSE
5,1367,65.220338983,962,513,54.133138259,1480,2734,1475,TRUE,"SZ","Muotathal","Muotathal","Muotathal","Muotathal SZ","Muotathal (SZ)","Muotathal (SZ)","Schwyz","Schwyz","Svitto","https://thumb.wikimedia.org/wikipedia/commons/thumb/3/35/Muotathal-blazon.svg/250px-Muotathal-blazon.svg.png",43.026350812,FALSE,FALSE
5,1368,57.451403888,266,197,62.032085561,464,748,463,TRUE,"SZ","Oberiberg","Oberiberg","Oberiberg","Oberiberg SZ","Oberiberg (SZ)","Oberiberg (SZ)","Schwyz","Schwyz","Svitto","https://thumb.wikimedia.org/wikipedia/commons/thumb/e/e9/Oberiberg-blazon.svg/250px-Oberiberg-blazon.svg.png",43.026350812,FALSE,FALSE
5,1369,63.414634146,26,15,63.076923077,41,65,41,TRUE,"SZ","Riemenstalden","Riemenstalden","Riemenstalden","Riemenstalden SZ","Riemenstalden (SZ)","Riemenstalden (SZ)","Schwyz","Schwyz","Svitto","https://thumb.wikimedia.org/wikipedia/commons/thumb/e/eb/Riemenstalden-blazon.svg/250px-Riemenstalden-blazon.svg.png",43.026350812,FALSE,FALSE
5,1370,63.548387097,591,339,52.631578947,930,1767,930,TRUE,"SZ","Rothenthurm","Rothenthurm","Rothenthurm","Rothenthurm SZ","Rothenthurm (SZ)","Rothenthurm (SZ)","Schwyz","Schwyz","Svitto","https://thumb.wikimedia.org/wikipedia/commons/thumb/d/d3/CHE_Rothenthurm_COA.svg/500px-CHE_Rothenthurm_COA.svg.png",43.026350812,FALSE,FALSE
5,1371,,,,,,,,FALSE,"SZ","Sattel","Sattel","Sattel","Sattel SZ","Sattel (SZ)","Sattel (SZ)","Schwyz","Schwyz","Svitto","https://thumb.wikimedia.org/wikipedia/commons/thumb/8/8e/Sattel-blazon.svg/250px-Sattel-blazon.svg.png",43.026350812,FALSE,FALSE
5,1372,,,,,,,,FALSE,"SZ","Schwyz","Schwyz","Svitto","Schwyz SZ","Schwyz (SZ)","Svitto (SZ)","Schwyz","Schwyz","Svitto","https://thumb.wikimedia.org/wikipedia/commons/thumb/1/12/CHE_Schwyz_SZ_COA.svg/500px-CHE_Schwyz_SZ_COA.svg.png",43.026350812,FALSE,FALSE
5,1373,45.902731512,689,812,54.545454545,1506,2761,1501,TRUE,"SZ","Steinen","Steinen","Steinen","Steinen SZ","Steinen (SZ)","Steinen (SZ)","Schwyz","Schwyz","Svitto","https://thumb.wikimedia.org/wikipedia/commons/thumb/6/6f/Steinen_SZ-blazon.svg/250px-Steinen_SZ-blazon.svg.png",43.026350812,FALSE,FALSE
5,1374,59.431524548,230,157,54.647887324,388,710,387,TRUE,"SZ","Steinerberg","Steinerberg","Steinerberg","Steinerberg SZ","Steinerberg (SZ)","Steinerberg (SZ)","Schwyz","Schwyz","Svitto","https://thumb.wikimedia.org/wikipedia/commons/thumb/2/25/Steinerberg-blazon.svg/250px-Steinerberg-blazon.svg.png",43.026350812,FALSE,FALSE
5,1375,73.921028466,805,284,58.511777302,1093,1868,1089,TRUE,"SZ","Unteriberg","Unteriberg","Unteriberg","Unteriberg SZ","Unteriberg (SZ)","Unteriberg (SZ)","Schwyz","Schwyz","Svitto","https://thumb.wikimedia.org/wikipedia/commons/thumb/1/16/Unteriberg-blazon.svg/250px-Unteriberg-blazon.svg.png",43.026350812,FALSE,FALSE
6,1401,34.370645611,740,1413,48.88938748,2179,4457,2153,TRUE,"OW","Alpnach","Alpnach","Alpnach","Alpnach OW","Alpnach (OW)","Alpnach (OW)","Obwalden","Obwald","Obvaldo","https://thumb.wikimedia.org/wikipedia/commons/thumb/a/ab/CHE_Alpnach_COA.svg/960px-CHE_Alpnach_COA.svg.png",35.473394954,FALSE,FALSE
6,1402,33.1769437,495,997,56.032269894,1528,2727,1492,TRUE,"OW","Engelberg","Engelberg","Engelberg","Engelberg OW","Engelberg (OW)","Engelberg (OW)","Obwalden","Obwald","Obvaldo","https://thumb.wikimedia.org/wikipedia/commons/thumb/b/bb/CHE_Engelberg_COA.svg/960px-CHE_Engelberg_COA.svg.png",35.473394954,FALSE,FALSE
6,1403,41.074983411,619,888,52.811314246,1531,2899,1507,TRUE,"OW","Giswil","Giswil","Giswil","Giswil OW","Giswil (OW)","Giswil (OW)","Obwalden","Obwald","Obvaldo","https://thumb.wikimedia.org/wikipedia/commons/thumb/1/1d/CHE_Giswil_COA.svg/960px-CHE_Giswil_COA.svg.png",35.473394954,FALSE,FALSE
6,1404,,,,,,,,FALSE,"OW","Kerns","Kerns","Kerns","Kerns OW","Kerns (OW)","Kerns (OW)","Obwalden","Obwald","Obvaldo","https://thumb.wikimedia.org/wikipedia/commons/thumb/6/63/CHE_Kerns_COA.svg/500px-CHE_Kerns_COA.svg.png",35.473394954,FALSE,FALSE
6,1405,36.674528302,311,537,52.762598664,869,1647,848,TRUE,"OW","Lungern","Lungern","Lungern","Lungern OW","Lungern (OW)","Lungern (OW)","Obwalden","Obwald","Obvaldo","https://thumb.wikimedia.org/wikipedia/commons/thumb/3/32/CHE_Lungern_COA.svg/500px-CHE_Lungern_COA.svg.png",35.473394954,FALSE,FALSE
6,1406,33.649052841,675,1331,52.418939784,2037,3886,2006,TRUE,"OW","Sachseln","Sachseln","Sachseln","Sachseln OW","Sachseln (OW)","Sachseln (OW)","Obwalden","Obwald","Obvaldo","https://thumb.wikimedia.org/wikipedia/commons/thumb/0/02/CHE_Sachseln_COA.svg/960px-CHE_Sachseln_COA.svg.png",35.473394954,FALSE,FALSE
6,1407,,,,,,,,FALSE,"OW","Sarnen","Sarnen","Sarnen","Sarnen OW","Sarnen (OW)","Sarnen (OW)","Obwalden","Obwald","Obvaldo","https://thumb.wikimedia.org/wikipedia/commons/thumb/a/a6/CHE_Sarnen_COA.svg/960px-CHE_Sarnen_COA.svg.png",35.473394954,FALSE,FALSE
7,1501,35.260115607,488,896,50.377833753,1400,2779,1384,TRUE,"NW","Beckenried","Beckenried","Beckenried","Beckenried NW","Beckenried (NW)","Beckenried (NW)","Nidwalden","Nidwald","Nidvaldo","https://thumb.wikimedia.org/wikipedia/commons/thumb/0/0d/CHE_Beckenried_COA.svg/960px-CHE_Beckenried_COA.svg.png",33.036674232,FALSE,FALSE
7,1502,31.756046267,604,1298,49.052254098,1915,3904,1902,TRUE,"NW","Buochs","Buochs","Buochs","Buochs NW","Buochs (NW)","Buochs (NW)","Nidwalden","Nidwald","Nidvaldo","https://thumb.wikimedia.org/wikipedia/commons/thumb/8/8c/CHE_Buochs_COA.svg/960px-CHE_Buochs_COA.svg.png",33.036674232,FALSE,FALSE
7,1503,42.14002642,319,438,52.711050103,768,1457,757,TRUE,"NW","Dallenwil","Dallenwil","Dallenwil","Dallenwil NW","Dallenwil (NW)","Dallenwil (NW)","Nidwalden","Nidwald","Nidvaldo","https://thumb.wikimedia.org/wikipedia/commons/thumb/c/cc/CHE_Dallenwil_COA.svg/500px-CHE_Dallenwil_COA.svg.png",33.036674232,FALSE,FALSE
7,1504,42.086330935,234,322,48.660328436,563,1157,556,TRUE,"NW","Emmetten","Emmetten","Emmetten","Emmetten NW","Emmetten (NW)","Emmetten (NW)","Nidwalden","Nidwald","Nidvaldo","https://thumb.wikimedia.org/wikipedia/commons/thumb/5/58/CHE_Emmetten_COA.svg/960px-CHE_Emmetten_COA.svg.png",33.036674232,FALSE,FALSE
7,1505,29.924073247,670,1569,60.476317902,2260,3737,2239,TRUE,"NW","Ennetbürgen","Ennetbürgen","Ennetbürgen","Ennetbürgen NW","Ennetbürgen (NW)","Ennetbürgen (NW)","Nidwalden","Nidwald","Nidvaldo","https://thumb.wikimedia.org/wikipedia/commons/thumb/8/8e/CHE_Ennetburgen_COA.svg/960px-CHE_Ennetburgen_COA.svg.png",33.036674232,FALSE,FALSE
7,1506,39.838337182,345,521,52.480573819,878,1673,866,TRUE,"NW","Ennetmoos","Ennetmoos","Ennetmoos","Ennetmoos NW","Ennetmoos (NW)","Ennetmoos (NW)","Nidwalden","Nidwald","Nidvaldo","https://thumb.wikimedia.org/wikipedia/commons/thumb/c/c2/CHE_Ennetmoos_COA.svg/960px-CHE_Ennetmoos_COA.svg.png",33.036674232,FALSE,FALSE
7,1507,33.476190476,703,1397,51.540140674,2125,4123,2100,TRUE,"NW","Hergiswil NW","Hergiswil (NW)","Hergiswil NW","Hergiswil NW","Hergiswil (NW)","Hergiswil (NW)","Nidwalden","Nidwald","Nidvaldo","https://thumb.wikimedia.org/wikipedia/commons/thumb/c/cf/CHE_Hergiswil_COA.svg/960px-CHE_Hergiswil_COA.svg.png",33.036674232,FALSE,FALSE
7,1508,35.736434109,461,829,55.195624737,1312,2377,1290,TRUE,"NW","Oberdorf NW","Oberdorf (NW)","Oberdorf NW","Oberdorf NW","Oberdorf (NW)","Oberdorf (NW)","Nidwalden","Nidwald","Nidvaldo","https://thumb.wikimedia.org/wikipedia/commons/thumb/8/8c/CHE_Oberdorf_NW_COA.svg/960px-CHE_Oberdorf_NW_COA.svg.png",33.036674232,FALSE,FALSE
7,1509,25.532591415,803,2342,52.621101526,3172,6028,3145,TRUE,"NW","Stans","Stans","Stans","Stans NW","Stans (NW)","Stans (NW)","Nidwalden","Nidwald","Nidvaldo","https://thumb.wikimedia.org/wikipedia/commons/thumb/9/95/CHE_Stans_COA.svg/960px-CHE_Stans_COA.svg.png",33.036674232,FALSE,FALSE
7,1510,35.085646781,594,1099,50.923718713,1709,3356,1693,TRUE,"NW","Stansstad","Stansstad","Stansstad","Stansstad NW","Stansstad (NW)","Stansstad (NW)","Nidwalden","Nidwald","Nidvaldo","https://thumb.wikimedia.org/wikipedia/commons/thumb/4/47/CHE_Stansstad_COA.svg/960px-CHE_Stansstad_COA.svg.png",33.036674232,FALSE,FALSE
7,1511,38.271604938,310,500,49.546827795,820,1655,810,TRUE,"NW","Wolfenschiessen","Wolfenschiessen","Wolfenschiessen","Wolfenschiessen NW","Wolfenschiessen (NW)","Wolfenschiessen (NW)","Nidwalden","Nidwald","Nidvaldo","https://thumb.wikimedia.org/wikipedia/commons/thumb/6/6b/CHE_Wolfenschiessen_COA.svg/960px-CHE_Wolfenschiessen_COA.svg.png",33.036674232,FALSE,FALSE
8,1630,40.11265339,1994,2977,42.0862098,4999,11878,4971,TRUE,"GL","Glarus Nord","Glarus Nord","Glarus Nord","Glarus Nord GL","Glarus Nord (GL)","Glarus Nord (GL)","Glarus","Glaris","Glarona","https://thumb.wikimedia.org/wikipedia/commons/thumb/d/d5/CHE_Glarus_Nord_COA.svg/500px-CHE_Glarus_Nord_COA.svg.png",37.604800988,FALSE,FALSE
8,1631,41.591494845,1291,1813,44.879734985,3116,6943,3104,TRUE,"GL","Glarus Süd","Glarus Süd","Glarus Süd","Glarus Süd GL","Glarus Süd (GL)","Glarus Süd (GL)","Glarus","Glaris","Glarona","https://thumb.wikimedia.org/wikipedia/commons/thumb/5/51/CHE_Glarus_S%C3%BCd_COA.svg/960px-CHE_Glarus_S%C3%BCd_COA.svg.png",37.604800988,FALSE,FALSE
8,1632,29.975429975,976,2280,40.928270042,3298,8058,3256,TRUE,"GL","Glarus","Glaris","Glarona","Glarus GL","Glaris (GL)","Glarona (GL)","Glarus","Glaris","Glarona","https://thumb.wikimedia.org/wikipedia/commons/thumb/b/b6/CHE_Glarus_COA.svg/500px-CHE_Glarus_COA.svg.png",37.604800988,FALSE,FALSE
9,1701,,,,,,,,FALSE,"ZG","Baar","Baar","Baar","Baar ZG","Baar (ZG)","Baar (ZG)","Zug","Zoug","Zugo","https://thumb.wikimedia.org/wikipedia/commons/thumb/a/a1/CHE_Baar_COA.svg/500px-CHE_Baar_COA.svg.png",,FALSE,FALSE
9,1702,,,,,,,,FALSE,"ZG","Cham","Cham","Cham","Cham ZG","Cham (ZG)","Cham (ZG)","Zug","Zoug","Zugo","https://thumb.wikimedia.org/wikipedia/commons/thumb/f/f9/CHE_Cham_ZG_COA.svg/500px-CHE_Cham_ZG_COA.svg.png",,FALSE,FALSE
9,1703,,,,,,,,FALSE,"ZG","Hünenberg","Hünenberg","Hünenberg","Hünenberg ZG","Hünenberg (ZG)","Hünenberg (ZG)","Zug","Zoug","Zugo","https://thumb.wikimedia.org/wikipedia/commons/thumb/c/cd/CHE_H%C3%BCnenberg_COA.svg/500px-CHE_H%C3%BCnenberg_COA.svg.png",,FALSE,FALSE
9,1704,,,,,,,,FALSE,"ZG","Menzingen","Menzingen","Menzingen","Menzingen ZG","Menzingen (ZG)","Menzingen (ZG)","Zug","Zoug","Zugo","https://thumb.wikimedia.org/wikipedia/commons/thumb/a/a6/CHE_Menzingen_COA.svg/500px-CHE_Menzingen_COA.svg.png",,FALSE,FALSE
9,1705,,,,,,,,FALSE,"ZG","Neuheim","Neuheim","Neuheim","Neuheim ZG","Neuheim (ZG)","Neuheim (ZG)","Zug","Zoug","Zugo","https://thumb.wikimedia.org/wikipedia/commons/thumb/e/ee/CHE_Neuheim_COA.svg/500px-CHE_Neuheim_COA.svg.png",,FALSE,FALSE
9,1706,,,,,,,,FALSE,"ZG","Oberägeri","Oberägeri","Oberägeri","Oberägeri ZG","Oberägeri (ZG)","Oberägeri (ZG)","Zug","Zoug","Zugo","https://thumb.wikimedia.org/wikipedia/commons/thumb/b/bb/Ober%C3%A4geri_Wappen.svg/330px-Ober%C3%A4geri_Wappen.svg.png",,FALSE,FALSE
9,1707,,,,,,,,FALSE,"ZG","Risch","Risch","Risch","Risch ZG","Risch (ZG)","Risch (ZG)","Zug","Zoug","Zugo","https://thumb.wikimedia.org/wikipedia/commons/thumb/5/56/Wappen_Risch_Rotkreuz.svg/500px-Wappen_Risch_Rotkreuz.svg.png",,FALSE,FALSE
9,1708,,,,,,,,FALSE,"ZG","Steinhausen","Steinhausen","Steinhausen","Steinhausen ZG","Steinhausen (ZG)","Steinhausen (ZG)","Zug","Zoug","Zugo","https://thumb.wikimedia.org/wikipedia/commons/thumb/1/1f/Steinhausen_Wappen.svg/330px-Steinhausen_Wappen.svg.png",,FALSE,FALSE
9,1709,,,,,,,,FALSE,"ZG","Unterägeri","Unterägeri","Unterägeri","Unterägeri ZG","Unterägeri (ZG)","Unterägeri (ZG)","Zug","Zoug","Zugo","https://thumb.wikimedia.org/wikipedia/commons/thumb/3/38/CHE_Unter%C3%A4geri_COA.svg/500px-CHE_Unter%C3%A4geri_COA.svg.png",,FALSE,FALSE
9,1710,,,,,,,,FALSE,"ZG","Walchwil","Walchwil","Walchwil","Walchwil ZG","Walchwil (ZG)","Walchwil (ZG)","Zug","Zoug","Zugo","https://thumb.wikimedia.org/wikipedia/commons/thumb/7/70/CHE_Walchwil_COA.svg/960px-CHE_Walchwil_COA.svg.png",,FALSE,FALSE
9,1711,,,,,,,,FALSE,"ZG","Zug","Zoug","Zugo","Zug ZG","Zoug (ZG)","Zugo (ZG)","Zug","Zoug","Zugo","https://thumb.wikimedia.org/wikipedia/commons/thumb/6/67/CHE_Zug_ZG_COA.svg/500px-CHE_Zug_ZG_COA.svg.png",,FALSE,FALSE
10,2008,28.409090909,50,126,45.501285347,177,389,176,TRUE,"FR","Châtillon FR","Châtillon (FR)","Châtillon FR","Châtillon FR","Châtillon (FR)","Châtillon (FR)","Freiburg","Fribourg","Friburgo","https://upload.wikimedia.org/wikipedia/commons/7/71/Ch%C3%A2tillon.png",28.72596017,FALSE,FALSE
10,2011,35,196,364,43.701996928,569,1302,560,TRUE,"FR","Cugy FR","Cugy (FR)","Cugy FR","Cugy FR","Cugy (FR)","Cugy (FR)","Freiburg","Fribourg","Friburgo","https://thumb.wikimedia.org/wikipedia/commons/thumb/a/ad/CHE_Cugy_FR_COA.svg/960px-CHE_Cugy_FR_COA.svg.png",28.72596017,FALSE,FALSE
10,2022,35.945945946,133,237,46.526054591,375,806,370,TRUE,"FR","Gletterens","Gletterens","Gletterens","Gletterens FR","Gletterens (FR)","Gletterens (FR)","Freiburg","Fribourg","Friburgo","https://thumb.wikimedia.org/wikipedia/commons/thumb/3/39/CHE_Gletterens_COA.svg/500px-CHE_Gletterens_COA.svg.png",28.72596017,FALSE,FALSE
10,2025,35.350318471,111,203,41.04859335,321,782,314,TRUE,"FR","Lully FR","Lully (FR)","Lully FR","Lully FR","Lully (FR)","Lully (FR)","Freiburg","Fribourg","Friburgo","https://thumb.wikimedia.org/wikipedia/commons/thumb/1/11/CHE_Lully_FR_COA.svg/250px-CHE_Lully_FR_COA.svg.png",28.72596017,FALSE,FALSE
10,2029,30.171073095,194,449,33.697347894,648,1923,643,TRUE,"FR","Montagny FR","Montagny (FR)","Montagny FR","Montagny FR","Montagny (FR)","Montagny (FR)","Freiburg","Fribourg","Friburgo","https://thumb.wikimedia.org/wikipedia/commons/thumb/5/5c/CHE_Montagny_COA.svg/960px-CHE_Montagny_COA.svg.png",28.72596017,FALSE,FALSE
10,2035,27.731092437,33,86,37.777777778,119,315,119,TRUE,"FR","Nuvilly","Nuvilly","Nuvilly","Nuvilly FR","Nuvilly (FR)","Nuvilly (FR)","Freiburg","Fribourg","Friburgo","https://thumb.wikimedia.org/wikipedia/commons/thumb/6/63/CHE_Nuvilly_COA.svg/250px-CHE_Nuvilly_COA.svg.png",28.72596017,FALSE,FALSE
10,2038,41.025641026,16,23,45.882352941,39,85,39,TRUE,"FR","Prévondavaux","Prévondavaux","Prévondavaux","Prévondavaux FR","Prévondavaux (FR)","Prévondavaux (FR)","Freiburg","Fribourg","Friburgo","https://thumb.wikimedia.org/wikipedia/commons/thumb/0/08/Pr%C3%A9vondavaux-coat_of_arms.svg/500px-Pr%C3%A9vondavaux-coat_of_arms.svg.png",28.72596017,FALSE,FALSE
10,2041,24.951267057,128,385,39.540229885,516,1305,513,TRUE,"FR","Saint-Aubin FR","Saint-Aubin (FR)","Saint-Aubin FR","Saint-Aubin FR","Saint-Aubin (FR)","Saint-Aubin (FR)","Freiburg","Fribourg","Friburgo","https://thumb.wikimedia.org/wikipedia/commons/thumb/6/62/Saint-Aubin-coat_of_arms.svg/500px-Saint-Aubin-coat_of_arms.svg.png",28.72596017,FALSE,FALSE
10,2043,31.25,30,66,46.44549763,98,211,96,TRUE,"FR","Sévaz","Sévaz","Sévaz","Sévaz FR","Sévaz (FR)","Sévaz (FR)","Freiburg","Fribourg","Friburgo","https://thumb.wikimedia.org/wikipedia/commons/thumb/7/77/CHE_S%C3%A9vaz_COA.svg/960px-CHE_S%C3%A9vaz_COA.svg.png",28.72596017,FALSE,FALSE
10,2044,40.189873418,127,189,38.562874251,322,835,316,TRUE,"FR","Surpierre","Surpierre","Surpierre","Surpierre FR","Surpierre (FR)","Surpierre (FR)","Freiburg","Fribourg","Friburgo","https://thumb.wikimedia.org/wikipedia/commons/thumb/b/b4/CHE_Surpierre_COA.svg/500px-CHE_Surpierre_COA.svg.png",28.72596017,FALSE,FALSE
10,2045,35.616438356,52,94,44.744744745,149,333,146,TRUE,"FR","Vallon","Vallon","Vallon","Vallon FR","Vallon (FR)","Vallon (FR)","Freiburg","Fribourg","Friburgo","https://thumb.wikimedia.org/wikipedia/commons/thumb/8/83/CHE_Vallon_COA.svg/500px-CHE_Vallon_COA.svg.png",28.72596017,FALSE,FALSE
10,2050,34.25,137,263,39.609756098,406,1025,400,TRUE,"FR","Les Montets","Les Montets","Les Montets","Les Montets FR","Les Montets (FR)","Les Montets (FR)","Freiburg","Fribourg","Friburgo","https://thumb.wikimedia.org/wikipedia/commons/thumb/3/33/CHE_Les_Montets_COA.svg/250px-CHE_Les_Montets_COA.svg.png",28.72596017,FALSE,FALSE
10,2051,34.482758621,130,247,40.18887723,383,953,377,TRUE,"FR","Delley-Portalban","Delley-Portalban","Delley-Portalban","Delley-Portalban FR","Delley-Portalban (FR)","Delley-Portalban (FR)","Freiburg","Fribourg","Friburgo","https://thumb.wikimedia.org/wikipedia/commons/thumb/6/68/CHE_Delley-Portalban_COA.svg/500px-CHE_Delley-Portalban_COA.svg.png",28.72596017,FALSE,FALSE
10,2053,34.684684685,462,870,38.101943115,1353,3551,1332,TRUE,"FR","Belmont-Broye","Belmont-Broye","Belmont-Broye","Belmont-Broye FR","Belmont-Broye (FR)","Belmont-Broye (FR)","Freiburg","Fribourg","Friburgo","https://thumb.wikimedia.org/wikipedia/commons/thumb/7/7f/CHE_Belmont-Broye_COA.svg/500px-CHE_Belmont-Broye_COA.svg.png",28.72596017,FALSE,FALSE
10,2054,29.420186113,822,1972,41.766533511,2823,6759,2794,TRUE,"FR","Estavayer","Estavayer","Estavayer","Estavayer FR","Estavayer (FR)","Estavayer (FR)","Freiburg","Fribourg","Friburgo","https://thumb.wikimedia.org/wikipedia/commons/thumb/9/94/CHE_Estavayer_COA.svg/250px-CHE_Estavayer_COA.svg.png",28.72596017,FALSE,FALSE
10,2055,33.290978399,262,525,43.598233996,790,1812,787,TRUE,"FR","Cheyres-Châbles","Cheyres-Châbles","Cheyres-Châbles","Cheyres-Châbles FR","Cheyres-Châbles (FR)","Cheyres-Châbles (FR)","Freiburg","Fribourg","Friburgo","https://thumb.wikimedia.org/wikipedia/commons/thumb/b/bc/CHE_Cheyres-Ch%C3%A2bles_COA.svg/250px-CHE_Cheyres-Ch%C3%A2bles_COA.svg.png",28.72596017,FALSE,FALSE
10,2056,35.698924731,166,299,41.674008811,473,1135,465,TRUE,"FR","Fétigny-Ménières","Fétigny-Ménières","Fétigny-Ménières","Fétigny-Ménières FR","Fétigny-Ménières (FR)","Fétigny-Ménières (FR)","Freiburg","Fribourg","Friburgo","https://thumb.wikimedia.org/wikipedia/commons/thumb/6/67/CHE_F%C3%A9tigny-M%C3%A9ni%C3%A8res_COA.svg/500px-CHE_F%C3%A9tigny-M%C3%A9ni%C3%A8res_COA.svg.png",28.72596017,FALSE,FALSE
10,2063,29.078014184,82,200,41.470588235,282,680,282,TRUE,"FR","Billens-Hennens","Billens-Hennens","Billens-Hennens","Billens-Hennens FR","Billens-Hennens (FR)","Billens-Hennens (FR)","Freiburg","Fribourg","Friburgo","https://thumb.wikimedia.org/wikipedia/commons/thumb/7/70/CHE_Billens-Hennens_COA.svg/250px-CHE_Billens-Hennens_COA.svg.png",28.72596017,FALSE,FALSE
10,2067,52.884615385,55,49,40.697674419,105,258,104,TRUE,"FR","Le Châtelard","Le Châtelard","Le Châtelard","Le Châtelard FR","Le Châtelard (FR)","Le Châtelard (FR)","Freiburg","Fribourg","Friburgo","https://thumb.wikimedia.org/wikipedia/commons/thumb/d/de/CHE_Le_Ch%C3%A2telard_FR_COA.svg/500px-CHE_Le_Ch%C3%A2telard_FR_COA.svg.png",28.72596017,FALSE,FALSE
10,2068,33.796296296,73,143,39.609236234,223,563,216,TRUE,"FR","Châtonnaye","Châtonnaye","Châtonnaye","Châtonnaye FR","Châtonnaye (FR)","Châtonnaye (FR)","Freiburg","Fribourg","Friburgo","https://thumb.wikimedia.org/wikipedia/commons/thumb/7/72/Ch%C3%A2tonnaye-coat_of_arms.svg/500px-Ch%C3%A2tonnaye-coat_of_arms.svg.png",28.72596017,FALSE,FALSE
10,2079,41.379310345,24,34,44.055944056,63,143,58,TRUE,"FR","Grangettes","Grangettes","Grangettes","Grangettes FR","Grangettes (FR)","Grangettes (FR)","Freiburg","Fribourg","Friburgo","https://thumb.wikimedia.org/wikipedia/commons/thumb/2/29/Grangettes-coat_of_arms.svg/500px-Grangettes-coat_of_arms.svg.png",28.72596017,FALSE,FALSE
10,2086,37.288135593,66,111,45.292620865,178,393,177,TRUE,"FR","Massonnens","Massonnens","Massonnens","Massonnens FR","Massonnens (FR)","Massonnens (FR)","Freiburg","Fribourg","Friburgo","https://thumb.wikimedia.org/wikipedia/commons/thumb/6/68/CHE_Massonnens_COA.svg/500px-CHE_Massonnens_COA.svg.png",28.72596017,FALSE,FALSE
10,2087,39.808917197,125,189,40.664961637,318,782,314,TRUE,"FR","Mézières FR","Mézières (FR)","Mézières FR","Mézières FR","Mézières (FR)","Mézières (FR)","Freiburg","Fribourg","Friburgo","https://thumb.wikimedia.org/wikipedia/commons/thumb/c/c2/M%C3%A9zi%C3%A8res_FR-2004-coat_of_arms.svg/500px-M%C3%A9zi%C3%A8res_FR-2004-coat_of_arms.svg.png",28.72596017,FALSE,FALSE
10,2096,31.179039301,357,788,40.638148668,1159,2852,1145,TRUE,"FR","Romont FR","Romont (FR)","Romont FR","Romont FR","Romont (FR)","Romont (FR)","Freiburg","Fribourg","Friburgo","https://thumb.wikimedia.org/wikipedia/commons/thumb/0/04/CHE_Romont_FR_COA.svg/500px-CHE_Romont_FR_COA.svg.png",28.72596017,FALSE,FALSE
10,2097,40.415140415,331,488,47.022815804,845,1797,819,TRUE,"FR","Rue","Rue","Rue","Rue FR","Rue (FR)","Rue (FR)","Freiburg","Fribourg","Friburgo","https://thumb.wikimedia.org/wikipedia/commons/thumb/9/90/CHE_Rue_COA.svg/500px-CHE_Rue_COA.svg.png",28.72596017,FALSE,FALSE
10,2099,38.868832732,323,508,51.81598063,856,1652,831,TRUE,"FR","Siviriez","Siviriez","Siviriez","Siviriez FR","Siviriez (FR)","Siviriez (FR)","Freiburg","Fribourg","Friburgo","https://thumb.wikimedia.org/wikipedia/commons/thumb/0/0b/CHE_Siviriez_COA.svg/960px-CHE_Siviriez_COA.svg.png",28.72596017,FALSE,FALSE
10,2102,36.418511066,362,632,39.568627451,1009,2550,994,TRUE,"FR","Ursy","Ursy","Ursy","Ursy FR","Ursy (FR)","Ursy (FR)","Freiburg","Fribourg","Friburgo","https://thumb.wikimedia.org/wikipedia/commons/thumb/b/b0/CHE_Ursy_COA.svg/960px-CHE_Ursy_COA.svg.png",28.72596017,FALSE,FALSE
10,2113,39.88005997,266,401,40.571088638,682,1681,667,TRUE,"FR","Vuisternens-devant-Romont","Vuisternens-devant-Romont","Vuisternens-devant-Romont","Vuisternens-devant-Romont FR","Vuisternens-devant-Romont (FR)","Vuisternens-devant-Romont (FR)","Freiburg","Fribourg","Friburgo","https://thumb.wikimedia.org/wikipedia/commons/thumb/2/22/CHE_Vuisternens-devant-Romont_COA.svg/250px-CHE_Vuisternens-devant-Romont_COA.svg.png",28.72596017,FALSE,FALSE
10,2114,40.08908686,180,269,41.461187215,454,1095,449,TRUE,"FR","Villorsonnens","Villorsonnens","Villorsonnens","Villorsonnens FR","Villorsonnens (FR)","Villorsonnens (FR)","Freiburg","Fribourg","Friburgo","https://thumb.wikimedia.org/wikipedia/commons/thumb/9/92/CHE_Villorsonnens_COA.svg/500px-CHE_Villorsonnens_COA.svg.png",28.72596017,FALSE,FALSE
10,2115,30.322580645,94,216,42.056074766,315,749,310,TRUE,"FR","Torny","Torny","Torny","Torny FR","Torny (FR)","Torny (FR)","Freiburg","Fribourg","Friburgo","https://thumb.wikimedia.org/wikipedia/commons/thumb/c/c6/Torny-coat_of_arms.svg/500px-Torny-coat_of_arms.svg.png",28.72596017,FALSE,FALSE
10,2117,33.037037037,223,452,45.052083333,692,1536,675,TRUE,"FR","Villaz","Villaz","Villaz","Villaz FR","Villaz (FR)","Villaz (FR)","Freiburg","Fribourg","Friburgo","https://thumb.wikimedia.org/wikipedia/commons/thumb/1/11/CHE_Villaz_FR_COA.svg/500px-CHE_Villaz_FR_COA.svg.png",28.72596017,FALSE,FALSE
10,2121,36.556603774,155,269,38.99543379,427,1095,424,TRUE,"FR","Haut-Intyamon","Haut-Intyamon","Haut-Intyamon","Haut-Intyamon FR","Haut-Intyamon (FR)","Haut-Intyamon (FR)","Freiburg","Fribourg","Friburgo","https://thumb.wikimedia.org/wikipedia/commons/thumb/8/8c/Haut-Intyamon-coat_of_arms.svg/500px-Haut-Intyamon-coat_of_arms.svg.png",28.72596017,FALSE,FALSE
10,2122,30.630630631,170,385,41.291727141,569,1378,555,TRUE,"FR","Pont-en-Ogoz","Pont-en-Ogoz","Pont-en-Ogoz","Pont-en-Ogoz FR","Pont-en-Ogoz (FR)","Pont-en-Ogoz (FR)","Freiburg","Fribourg","Friburgo","https://thumb.wikimedia.org/wikipedia/commons/thumb/b/bf/Blason_ville_ch_Pont-en-Ogoz.svg/960px-Blason_ville_ch_Pont-en-Ogoz.svg.png",28.72596017,FALSE,FALSE
10,2123,42.995169082,89,118,44.234800839,211,477,207,TRUE,"FR","Botterens","Botterens","Botterens","Botterens FR","Botterens (FR)","Botterens (FR)","Freiburg","Fribourg","Friburgo","https://thumb.wikimedia.org/wikipedia/commons/thumb/1/17/CHE_Botterens_COA.svg/960px-CHE_Botterens_COA.svg.png",28.72596017,FALSE,FALSE
10,2124,25.832012678,163,468,41.180285344,635,1542,631,TRUE,"FR","Broc","Broc","Broc","Broc FR","Broc (FR)","Broc (FR)","Freiburg","Fribourg","Friburgo","https://thumb.wikimedia.org/wikipedia/commons/thumb/c/c5/CHE_Broc_COA.svg/500px-CHE_Broc_COA.svg.png",28.72596017,FALSE,FALSE
10,2125,29.781243232,1375,3242,36.961001902,4663,12616,4617,TRUE,"FR","Bulle","Bulle","Bulle","Bulle FR","Bulle (FR)","Bulle (FR)","Freiburg","Fribourg","Friburgo","https://thumb.wikimedia.org/wikipedia/commons/thumb/c/c0/CHE_Bulle_COA.svg/500px-CHE_Bulle_COA.svg.png",28.72596017,FALSE,FALSE
10,2128,46.551724138,54,62,53.21888412,124,233,116,TRUE,"FR","Châtel-sur-Montsalvens","Châtel-sur-Montsalvens","Châtel-sur-Montsalvens","Châtel-sur-Montsalvens FR","Châtel-sur-Montsalvens (FR)","Châtel-sur-Montsalvens (FR)","Freiburg","Fribourg","Friburgo","https://thumb.wikimedia.org/wikipedia/commons/thumb/2/2f/CHE_Ch%C3%A2tel-sur-Montsalvens_COA.svg/500px-CHE_Ch%C3%A2tel-sur-Montsalvens_COA.svg.png",28.72596017,FALSE,FALSE
10,2129,41.515151515,137,193,46.976090014,334,711,330,TRUE,"FR","Corbières","Corbières","Corbières","Corbières FR","Corbières (FR)","Corbières (FR)","Freiburg","Fribourg","Friburgo","https://thumb.wikimedia.org/wikipedia/commons/thumb/d/d9/CHE_Corbi%C3%A8res_COA.svg/960px-CHE_Corbi%C3%A8res_COA.svg.png",28.72596017,FALSE,FALSE
10,2130,37.724550898,63,104,52.293577982,171,327,167,TRUE,"FR","Crésuz","Crésuz","Crésuz","Crésuz FR","Crésuz (FR)","Crésuz (FR)","Freiburg","Fribourg","Friburgo","https://thumb.wikimedia.org/wikipedia/commons/thumb/1/12/Cr%C3%A9suz-coat_of_arms.svg/500px-Cr%C3%A9suz-coat_of_arms.svg.png",28.72596017,FALSE,FALSE
10,2131,29.921259843,76,178,44.539249147,261,586,254,TRUE,"FR","Echarlens","Echarlens","Echarlens","Echarlens FR","Echarlens (FR)","Echarlens (FR)","Freiburg","Fribourg","Friburgo","https://thumb.wikimedia.org/wikipedia/commons/thumb/f/f9/CHE_Echarlens_COA.svg/960px-CHE_Echarlens_COA.svg.png",28.72596017,FALSE,FALSE
10,2134,35.094339623,93,172,45.819397993,274,598,265,TRUE,"FR","Grandvillard","Grandvillard","Grandvillard","Grandvillard FR","Grandvillard (FR)","Grandvillard (FR)","Freiburg","Fribourg","Friburgo","https://thumb.wikimedia.org/wikipedia/commons/thumb/4/47/Grandvillard-coat_of_arms.svg/500px-Grandvillard-coat_of_arms.svg.png",28.72596017,FALSE,FALSE
10,2135,34.565619224,187,354,39.145907473,550,1405,541,TRUE,"FR","Greyerz","Gruyères","Gruyères","Greyerz FR","Gruyères (FR)","Gruyères (FR)","Freiburg","Fribourg","Friburgo","https://thumb.wikimedia.org/wikipedia/commons/thumb/5/52/CHE_Gruy%C3%A8res_COA.svg/500px-CHE_Gruy%C3%A8res_COA.svg.png",28.72596017,FALSE,FALSE
10,2137,39.523809524,83,127,43.866943867,211,481,210,TRUE,"FR","Hauteville","Hauteville","Hauteville","Hauteville FR","Hauteville (FR)","Hauteville (FR)","Freiburg","Fribourg","Friburgo","https://thumb.wikimedia.org/wikipedia/commons/thumb/d/d2/Hauteville-coat_of_arms.svg/500px-Hauteville-coat_of_arms.svg.png",28.72596017,FALSE,FALSE
10,2138,60.816326531,149,96,49.2,246,500,245,TRUE,"FR","Jaun","Bellegarde","Bellegarde","Jaun FR","Bellegarde (FR)","Bellegarde (FR)","Freiburg","Fribourg","Friburgo","https://thumb.wikimedia.org/wikipedia/commons/thumb/5/55/Wappen_Jaun.svg/500px-Wappen_Jaun.svg.png",28.72596017,FALSE,FALSE
10,2140,26.362038664,150,419,41.97080292,575,1370,569,TRUE,"FR","Marsens","Marsens","Marsens","Marsens FR","Marsens (FR)","Marsens (FR)","Freiburg","Fribourg","Friburgo","https://thumb.wikimedia.org/wikipedia/commons/thumb/9/94/CHE_Marsens_COA.svg/250px-CHE_Marsens_COA.svg.png",28.72596017,FALSE,FALSE
10,2143,22.988505747,60,201,47.576301616,265,557,261,TRUE,"FR","Morlon","Morlon","Morlon","Morlon FR","Morlon (FR)","Morlon (FR)","Freiburg","Fribourg","Friburgo","https://thumb.wikimedia.org/wikipedia/commons/thumb/0/00/Morlon-coat_of_arms.svg/500px-Morlon-coat_of_arms.svg.png",28.72596017,FALSE,FALSE
10,2145,34.345794393,147,281,48.22616408,435,902,428,TRUE,"FR","Le Pâquier FR","Le Pâquier (FR)","Le Pâquier FR","Le Pâquier FR","Le Pâquier (FR)","Le Pâquier (FR)","Freiburg","Fribourg","Friburgo","https://thumb.wikimedia.org/wikipedia/commons/thumb/c/c7/CHE_Le_P%C3%A2quier_COA.svg/500px-CHE_Le_P%C3%A2quier_COA.svg.png",28.72596017,FALSE,FALSE
10,2147,27.699530516,59,154,45.842217484,215,469,213,TRUE,"FR","Pont-la-Ville","Pont-la-Ville","Pont-la-Ville","Pont-la-Ville FR","Pont-la-Ville (FR)","Pont-la-Ville (FR)","Freiburg","Fribourg","Friburgo","https://thumb.wikimedia.org/wikipedia/commons/thumb/0/01/Wappen_Freiburg_matt.svg/500px-Wappen_Freiburg_matt.svg.png",28.72596017,FALSE,FALSE
10,2148,31.190150479,228,503,39.2,735,1875,731,TRUE,"FR","Riaz","Riaz","Riaz","Riaz FR","Riaz (FR)","Riaz (FR)","Freiburg","Fribourg","Friburgo","https://thumb.wikimedia.org/wikipedia/commons/thumb/f/f6/Riaz-coat_of_arms.svg/500px-Riaz-coat_of_arms.svg.png",28.72596017,FALSE,FALSE
10,2149,42.230347349,231,316,41.747572816,559,1339,547,TRUE,"FR","La Roche","La Roche","La Roche","La Roche FR","La Roche (FR)","La Roche (FR)","Freiburg","Fribourg","Friburgo","https://thumb.wikimedia.org/wikipedia/commons/thumb/e/ef/La_Roche-coat_of_arms.svg/500px-La_Roche-coat_of_arms.svg.png",28.72596017,FALSE,FALSE
10,2152,30.995475113,137,305,44.752475248,452,1010,442,TRUE,"FR","Sâles","Sâles","Sâles","Sâles FR","Sâles (FR)","Sâles (FR)","Freiburg","Fribourg","Friburgo","https://upload.wikimedia.org/wikipedia/commons/3/39/S%C3%A2les_Blason.png",28.72596017,FALSE,FALSE
10,2153,37.237237237,124,209,41.697877653,334,801,333,TRUE,"FR","Sorens","Sorens","Sorens","Sorens FR","Sorens (FR)","Sorens (FR)","Freiburg","Fribourg","Friburgo","https://thumb.wikimedia.org/wikipedia/commons/thumb/8/8e/Sorens-coat_of_arms.svg/500px-Sorens-coat_of_arms.svg.png",28.72596017,FALSE,FALSE
10,2155,31.707317073,91,196,36.975857687,291,787,287,TRUE,"FR","Vaulruz","Vaulruz","Vaulruz","Vaulruz FR","Vaulruz (FR)","Vaulruz (FR)","Freiburg","Fribourg","Friburgo","https://thumb.wikimedia.org/wikipedia/commons/thumb/a/ab/Vaulruz-coat_of_arms.svg/500px-Vaulruz-coat_of_arms.svg.png",28.72596017,FALSE,FALSE
10,2160,28.166915052,189,482,41.590214067,680,1635,671,TRUE,"FR","Vuadens","Vuadens","Vuadens","Vuadens FR","Vuadens (FR)","Vuadens (FR)","Freiburg","Fribourg","Friburgo","https://thumb.wikimedia.org/wikipedia/commons/thumb/0/0a/Vuadens-coat_of_arms.svg/500px-Vuadens-coat_of_arms.svg.png",28.72596017,FALSE,FALSE
10,2162,35.467980296,144,262,37.998146432,410,1079,406,TRUE,"FR","Bas-Intyamon","Bas-Intyamon","Bas-Intyamon","Bas-Intyamon FR","Bas-Intyamon (FR)","Bas-Intyamon (FR)","Freiburg","Fribourg","Friburgo","https://thumb.wikimedia.org/wikipedia/commons/thumb/1/14/CHE_Bas-Intyamon_COA.svg/500px-CHE_Bas-Intyamon_COA.svg.png",28.72596017,FALSE,FALSE
10,2163,38.498789346,318,508,43.888303477,833,1898,826,TRUE,"FR","Val-de-Charmey","Val-de-Charmey","Val-de-Charmey","Val-de-Charmey FR","Val-de-Charmey (FR)","Val-de-Charmey (FR)","Freiburg","Fribourg","Friburgo","https://upload.wikimedia.org/wikipedia/commons/5/52/Val-de-Charmey_Blason.png",28.72596017,FALSE,FALSE
10,2173,32.203389831,76,160,43.738656987,241,551,236,TRUE,"FR","Autigny","Autigny","Autigny","Autigny FR","Autigny (FR)","Autigny (FR)","Freiburg","Fribourg","Friburgo","https://thumb.wikimedia.org/wikipedia/commons/thumb/a/ad/CHE_Autigny_COA.svg/960px-CHE_Autigny_COA.svg.png",28.72596017,FALSE,FALSE
10,2174,25.795053004,146,420,44.247104247,573,1295,566,TRUE,"FR","Avry","Avry","Avry","Avry FR","Avry (FR)","Avry (FR)","Freiburg","Fribourg","Friburgo","https://thumb.wikimedia.org/wikipedia/commons/thumb/1/11/CHE_Avry_COA.svg/500px-CHE_Avry_COA.svg.png",28.72596017,FALSE,FALSE
10,2175,24.46406053,194,599,43.327930848,802,1851,793,TRUE,"FR","Belfaux","Belfaux","Belfaux","Belfaux FR","Belfaux (FR)","Belfaux (FR)","Freiburg","Fribourg","Friburgo","https://thumb.wikimedia.org/wikipedia/commons/thumb/b/b2/CHE_Belfaux_COA.svg/500px-CHE_Belfaux_COA.svg.png",28.72596017,FALSE,FALSE
10,2177,29.493087558,64,153,39.530685921,219,554,217,TRUE,"FR","Chénens","Chénens","Chénens","Chénens FR","Chénens (FR)","Chénens (FR)","Freiburg","Fribourg","Friburgo","https://thumb.wikimedia.org/wikipedia/commons/thumb/e/e2/CHE_Ch%C3%A9nens_COA.svg/960px-CHE_Ch%C3%A9nens_COA.svg.png",28.72596017,FALSE,FALSE
10,2183,21.763392857,195,701,44.873699851,906,2019,896,TRUE,"FR","Corminboeuf","Corminboeuf","Corminboeuf","Corminboeuf FR","Corminboeuf (FR)","Corminboeuf (FR)","Freiburg","Fribourg","Friburgo","https://thumb.wikimedia.org/wikipedia/commons/thumb/0/0f/CHE_Corminboeuf_COA.svg/500px-CHE_Corminboeuf_COA.svg.png",28.72596017,FALSE,FALSE
10,2186,26.728110599,116,318,43.924302789,441,1004,434,TRUE,"FR","Cottens FR","Cottens (FR)","Cottens FR","Cottens FR","Cottens (FR)","Cottens (FR)","Freiburg","Fribourg","Friburgo","https://thumb.wikimedia.org/wikipedia/commons/thumb/f/fd/CHE_Cottens_FR_COA.svg/960px-CHE_Cottens_FR_COA.svg.png",28.72596017,FALSE,FALSE
10,2194,46.478873239,33,38,44.099378882,71,161,71,TRUE,"FR","Ferpicloz","Ferpicloz","Ferpicloz","Ferpicloz FR","Ferpicloz (FR)","Ferpicloz (FR)","Freiburg","Fribourg","Friburgo","https://thumb.wikimedia.org/wikipedia/commons/thumb/1/1b/Ferpicloz-coat_of_arms.svg/500px-Ferpicloz-coat_of_arms.svg.png",28.72596017,FALSE,FALSE
10,2196,19.875141884,1751,7059,44.453920634,8861,19933,8810,TRUE,"FR","Freiburg","Fribourg","Friburgo","Freiburg FR","Fribourg (FR)","Friburgo (FR)","Freiburg","Fribourg","Friburgo","https://thumb.wikimedia.org/wikipedia/commons/thumb/3/34/CHE_District_de_la_Sarine_COA.svg/500px-CHE_District_de_la_Sarine_COA.svg.png",28.72596017,FALSE,FALSE
10,2197,22.51223491,138,475,40.090380891,621,1549,613,TRUE,"FR","Givisiez","Givisiez","Givisiez","Givisiez FR","Givisiez (FR)","Givisiez (FR)","Freiburg","Fribourg","Friburgo","https://thumb.wikimedia.org/wikipedia/commons/thumb/4/47/CHE_Givisiez_COA.svg/500px-CHE_Givisiez_COA.svg.png",28.72596017,FALSE,FALSE
10,2198,31.502890173,218,474,35.911885246,701,1952,692,TRUE,"FR","Granges-Paccot","Granges-Paccot","Granges-Paccot","Granges-Paccot FR","Granges-Paccot (FR)","Granges-Paccot (FR)","Freiburg","Fribourg","Friburgo","https://thumb.wikimedia.org/wikipedia/commons/thumb/0/01/Granges-Paccot-coat_of_arms.svg/500px-Granges-Paccot-coat_of_arms.svg.png",28.72596017,FALSE,FALSE
10,2206,22.663358147,548,1870,44.235634261,2448,5534,2418,TRUE,"FR","Marly","Marly","Marly","Marly FR","Marly (FR)","Marly (FR)","Freiburg","Fribourg","Friburgo","https://thumb.wikimedia.org/wikipedia/commons/thumb/1/14/CHE_Marly_FR_COA.svg/960px-CHE_Marly_FR_COA.svg.png",28.72596017,FALSE,FALSE
10,2208,27.924528302,148,382,41.194486983,538,1306,530,TRUE,"FR","Matran","Matran","Matran","Matran FR","Matran (FR)","Matran (FR)","Freiburg","Fribourg","Friburgo","https://thumb.wikimedia.org/wikipedia/commons/thumb/d/d0/CHE_Matran_COA.svg/500px-CHE_Matran_COA.svg.png",28.72596017,FALSE,FALSE
10,2211,22.164948454,172,604,44.063027575,783,1777,776,TRUE,"FR","Neyruz FR","Neyruz (FR)","Neyruz FR","Neyruz FR","Neyruz (FR)","Neyruz (FR)","Freiburg","Fribourg","Friburgo","https://thumb.wikimedia.org/wikipedia/commons/thumb/9/9a/Neyruz-coat_of_arms.svg/500px-Neyruz-coat_of_arms.svg.png",28.72596017,FALSE,FALSE
10,2216,35,21,39,58.823529412,60,102,60,TRUE,"FR","Pierrafortscha","Pierrafortscha","Pierrafortscha","Pierrafortscha FR","Pierrafortscha (FR)","Pierrafortscha (FR)","Freiburg","Fribourg","Friburgo","https://thumb.wikimedia.org/wikipedia/commons/thumb/9/9b/Pierrafortscha-coat_of_arms.svg/500px-Pierrafortscha-coat_of_arms.svg.png",28.72596017,FALSE,FALSE
10,2220,36.9168357,364,622,45.610859729,1008,2210,986,TRUE,"FR","Le Mouret","Le Mouret","Le Mouret","Le Mouret FR","Le Mouret (FR)","Le Mouret (FR)","Freiburg","Fribourg","Friburgo","https://upload.wikimedia.org/wikipedia/commons/c/ce/GW-FR-Le-Mouret.png",28.72596017,FALSE,FALSE
10,2226,29.900332226,180,422,53.839364519,610,1133,602,TRUE,"FR","Treyvaux","Treyvaux","Treyvaux","Treyvaux FR","Treyvaux (FR)","Treyvaux (FR)","Freiburg","Fribourg","Friburgo","https://thumb.wikimedia.org/wikipedia/commons/thumb/0/0a/Treyvaux-coat_of_arms.svg/500px-Treyvaux-coat_of_arms.svg.png",28.72596017,FALSE,FALSE
10,2228,21.592442645,640,2324,44.485786575,2989,6719,2964,TRUE,"FR","Villars-sur-Glâne","Villars-sur-Glâne","Villars-sur-Glâne","Villars-sur-Glâne FR","Villars-sur-Glâne (FR)","Villars-sur-Glâne (FR)","Freiburg","Fribourg","Friburgo","https://thumb.wikimedia.org/wikipedia/commons/thumb/f/f6/CHE_Villars-sur-Gl%C3%A2ne_COA.svg/500px-CHE_Villars-sur-Gl%C3%A2ne_COA.svg.png",28.72596017,FALSE,FALSE
10,2230,56.666666667,17,13,66.666666667,30,45,30,TRUE,"FR","Villarsel-sur-Marly","Villarsel-sur-Marly","Villarsel-sur-Marly","Villarsel-sur-Marly FR","Villarsel-sur-Marly (FR)","Villarsel-sur-Marly (FR)","Freiburg","Fribourg","Friburgo","https://thumb.wikimedia.org/wikipedia/commons/thumb/2/24/Villarsel-sur-Marly-coat_of_arms.svg/500px-Villarsel-sur-Marly-coat_of_arms.svg.png",28.72596017,FALSE,FALSE
10,2233,25.442176871,187,548,41.554054054,738,1776,735,TRUE,"FR","Hauterive FR","Hauterive (FR)","Hauterive FR","Hauterive FR","Hauterive (FR)","Hauterive (FR)","Freiburg","Fribourg","Friburgo","https://thumb.wikimedia.org/wikipedia/commons/thumb/b/b2/Hauterive-FR-coat_of_arms.svg/500px-Hauterive-FR-coat_of_arms.svg.png",28.72596017,FALSE,FALSE
10,2234,23.736600306,155,498,43.223684211,657,1520,653,TRUE,"FR","La Brillaz","La Brillaz","La Brillaz","La Brillaz FR","La Brillaz (FR)","La Brillaz (FR)","Freiburg","Fribourg","Friburgo","https://thumb.wikimedia.org/wikipedia/commons/thumb/3/30/CHE_La_Brillaz_COA.svg/960px-CHE_La_Brillaz_COA.svg.png",28.72596017,FALSE,FALSE
10,2235,29.81530343,113,266,38.422649141,380,989,379,TRUE,"FR","La Sonnaz","La Sonnaz","La Sonnaz","La Sonnaz FR","La Sonnaz (FR)","La Sonnaz (FR)","Freiburg","Fribourg","Friburgo","https://thumb.wikimedia.org/wikipedia/commons/thumb/e/e1/La_Sonnaz-coat_of_arms.svg/500px-La_Sonnaz-coat_of_arms.svg.png",28.72596017,FALSE,FALSE
10,2236,,,,,,,,FALSE,"FR","Gibloux","Gibloux","Gibloux","Gibloux FR","Gibloux (FR)","Gibloux (FR)","Freiburg","Fribourg","Friburgo","https://thumb.wikimedia.org/wikipedia/commons/thumb/5/56/CHE_Gibloux_COA.svg/500px-CHE_Gibloux_COA.svg.png",28.72596017,FALSE,FALSE
10,2237,25.078864353,159,475,39.726877716,640,1611,634,TRUE,"FR","Prez","Prez","Prez","Prez FR","Prez (FR)","Prez (FR)","Freiburg","Fribourg","Friburgo","https://thumb.wikimedia.org/wikipedia/commons/thumb/a/a1/CHE_Prez_COA.svg/500px-CHE_Prez_COA.svg.png",28.72596017,FALSE,FALSE
10,2238,27.785234899,207,538,47.785402371,766,1603,745,TRUE,"FR","Bois-d'Amont","Bois-d'Amont","Bois-d'Amont","Bois-d'Amont FR","Bois-d'Amont (FR)","Bois-d'Amont (((FR)))","Freiburg","Fribourg","Friburgo","https://thumb.wikimedia.org/wikipedia/commons/thumb/5/55/Bois-d%E2%80%99Amont-blazon.svg/250px-Bois-d%E2%80%99Amont-blazon.svg.png",28.72596017,FALSE,FALSE
10,2239,33.243243243,246,494,41.095890411,750,1825,740,TRUE,"FR","Grolley-Ponthaux","Grolley-Ponthaux","Grolley-Ponthaux","Grolley-Ponthaux FR","Grolley-Ponthaux (FR)","Grolley-Ponthaux (FR)","Freiburg","Fribourg","Friburgo","https://thumb.wikimedia.org/wikipedia/commons/thumb/9/97/CHE_Grolley-Ponthaux_COA.svg/960px-CHE_Grolley-Ponthaux_COA.svg.png",28.72596017,FALSE,FALSE
10,2250,26.842105263,102,278,44.823529412,381,850,380,TRUE,"FR","Gurwolf","Courgevaux","Courgevaux","Gurwolf FR","Courgevaux (FR)","Courgevaux (FR)","Freiburg","Fribourg","Friburgo","https://thumb.wikimedia.org/wikipedia/commons/thumb/e/e5/CHE_Courgevaux_FR_COA.svg/500px-CHE_Courgevaux_FR_COA.svg.png",28.72596017,FALSE,FALSE
10,2254,35.634028892,444,802,44.159042928,1255,2842,1246,TRUE,"FR","Courtepin","Courtepin","Courtepin","Courtepin FR","Courtepin (FR)","Courtepin (FR)","Freiburg","Fribourg","Friburgo","https://thumb.wikimedia.org/wikipedia/commons/thumb/f/f1/Courtepin2-coat_of_arms.svg/960px-Courtepin2-coat_of_arms.svg.png",28.72596017,FALSE,FALSE
10,2257,25.655976676,88,255,52.833078101,345,653,343,TRUE,"FR","Cressier FR","Cressier (FR)","Cressier FR","Cressier FR","Cressier (FR)","Cressier (FR)","Freiburg","Fribourg","Friburgo","https://thumb.wikimedia.org/wikipedia/commons/thumb/1/17/CHE_Cressier_FR_COA.svg/500px-CHE_Cressier_FR_COA.svg.png",28.72596017,FALSE,FALSE
10,2258,25,43,129,50,175,350,172,TRUE,"FR","Fräschels","Fräschels","Fräschels","Fräschels FR","Fräschels (FR)","Fräschels (FR)","Freiburg","Fribourg","Friburgo","https://thumb.wikimedia.org/wikipedia/commons/thumb/7/74/CHE_Fr%C3%A4schels_COA.svg/500px-CHE_Fr%C3%A4schels_COA.svg.png",28.72596017,FALSE,FALSE
10,2261,26.506024096,22,61,63.846153846,83,130,83,TRUE,"FR","Greng","Greng","Greng","Greng FR","Greng (FR)","Greng (FR)","Freiburg","Fribourg","Friburgo","https://thumb.wikimedia.org/wikipedia/commons/thumb/4/4e/Wappen_Greng.svg/500px-Wappen_Greng.svg.png",28.72596017,FALSE,FALSE
10,2262,28.534538412,442,1107,43.050941307,1555,3612,1549,TRUE,"FR","Gurmels","Cormondes","Cormondes","Gurmels FR","Cormondes (FR)","Cormondes (FR)","Freiburg","Fribourg","Friburgo","https://thumb.wikimedia.org/wikipedia/commons/thumb/1/16/Gurmels-coat_of_arms.svg/500px-Gurmels-coat_of_arms.svg.png",28.72596017,FALSE,FALSE
10,2265,25.111773472,337,1005,43.139127666,1355,3141,1342,TRUE,"FR","Kerzers","Chiètres (FR)","Chiètres","Kerzers FR","Chiètres (FR)","Chiètres (FR)","Freiburg","Fribourg","Friburgo","https://thumb.wikimedia.org/wikipedia/commons/thumb/6/62/CHE_Kerzers_COA.svg/960px-CHE_Kerzers_COA.svg.png",28.72596017,FALSE,FALSE
10,2266,26.274509804,67,188,48.956356736,258,527,255,TRUE,"FR","Kleinbösingen","Kleinbösingen","Kleinbösingen","Kleinbösingen FR","Kleinbösingen (FR)","Kleinbösingen (FR)","Freiburg","Fribourg","Friburgo","https://thumb.wikimedia.org/wikipedia/commons/thumb/1/1f/Kleinb%C3%B6singen-coat_of_arms.svg/500px-Kleinb%C3%B6singen-coat_of_arms.svg.png",28.72596017,FALSE,FALSE
10,2271,16.182572614,39,202,56.018518519,242,432,241,TRUE,"FR","Merlach","Meyriez","Meyriez","Merlach FR","Meyriez (FR)","Meyriez (FR)","Freiburg","Fribourg","Friburgo","https://thumb.wikimedia.org/wikipedia/commons/thumb/4/40/CHE_Meyriez_COA.svg/960px-CHE_Meyriez_COA.svg.png",28.72596017,FALSE,FALSE
10,2272,32.045454545,141,299,35.610932476,443,1244,440,TRUE,"FR","Misery-Courtion","Misery-Courtion","Misery-Courtion","Misery-Courtion FR","Misery-Courtion (FR)","Misery-Courtion (FR)","Freiburg","Fribourg","Friburgo","https://thumb.wikimedia.org/wikipedia/commons/thumb/d/d1/Misery-Courtion-coat_of_arms.svg/500px-Misery-Courtion-coat_of_arms.svg.png",28.72596017,FALSE,FALSE
10,2274,20.089285714,90,358,57.052096569,449,787,448,TRUE,"FR","Muntelier","Montilier","Montilier","Muntelier FR","Montilier (FR)","Montilier (FR)","Freiburg","Fribourg","Friburgo","https://thumb.wikimedia.org/wikipedia/commons/thumb/9/9c/Muntelier-coat_of_arms.svg/500px-Muntelier-coat_of_arms.svg.png",28.72596017,FALSE,FALSE
10,2275,25.170765027,737,2191,46.729120356,2943,6298,2928,TRUE,"FR","Murten","Morat","Morat","Murten FR","Morat (FR)","Morat (FR)","Freiburg","Fribourg","Friburgo","https://thumb.wikimedia.org/wikipedia/commons/thumb/e/e9/CHE_Murten_FR_COA.svg/500px-CHE_Murten_FR_COA.svg.png",28.72596017,FALSE,FALSE
10,2276,28.63340564,132,329,52.673492605,463,879,461,TRUE,"FR","Ried bei Kerzers","Ried bei Kerzers","Ried bei Kerzers","Ried bei Kerzers FR","Ried bei Kerzers (FR)","Ried bei Kerzers (FR)","Freiburg","Fribourg","Friburgo","https://thumb.wikimedia.org/wikipedia/commons/thumb/1/17/CHE_Ried_bei_Kerzers_COA.svg/500px-CHE_Ried_bei_Kerzers_COA.svg.png",28.72596017,FALSE,FALSE
10,2284,24.115523466,334,1051,44.681528662,1403,3140,1385,TRUE,"FR","Mont-Vully","Mont-Vully","Mont-Vully","Mont-Vully FR","Mont-Vully (FR)","Mont-Vully (FR)","Freiburg","Fribourg","Friburgo","https://thumb.wikimedia.org/wikipedia/commons/thumb/f/fd/CHE_Mont-Vully_COA.svg/500px-CHE_Mont-Vully_COA.svg.png",28.72596017,FALSE,FALSE
10,2292,29.147982063,65,158,40.834845735,225,551,223,TRUE,"FR","Brünisried","Brünisried","Brünisried","Brünisried FR","Brünisried (FR)","Brünisried (FR)","Freiburg","Fribourg","Friburgo","https://thumb.wikimedia.org/wikipedia/commons/thumb/5/54/CHE_Br%C3%BCnisried_COA.svg/960px-CHE_Br%C3%BCnisried_COA.svg.png",28.72596017,FALSE,FALSE
10,2293,23.680351906,646,2082,43.554169914,2794,6415,2728,TRUE,"FR","Düdingen","Guin","Guin","Düdingen FR","Guin (FR)","Guin (FR)","Freiburg","Fribourg","Friburgo","https://thumb.wikimedia.org/wikipedia/commons/thumb/8/8f/CHE_D%C3%BCdingen_COA.svg/960px-CHE_D%C3%BCdingen_COA.svg.png",28.72596017,FALSE,FALSE
10,2294,30.217391304,139,321,37.672904801,463,1229,460,TRUE,"FR","Giffers","Chevrilles","Chevrilles","Giffers FR","Chevrilles (FR)","Chevrilles (FR)","Freiburg","Fribourg","Friburgo","https://thumb.wikimedia.org/wikipedia/commons/thumb/c/ca/CHE_Giffers_COA_Var.svg/500px-CHE_Giffers_COA_Var.svg.png",28.72596017,FALSE,FALSE
10,2295,22.866894198,268,904,47.799511002,1173,2454,1172,TRUE,"FR","Bösingen","Bösingen","Bösingen","Bösingen FR","Bösingen (FR)","Bösingen (FR)","Freiburg","Fribourg","Friburgo","https://thumb.wikimedia.org/wikipedia/commons/thumb/f/fc/CHE_B%C3%B6singen_COA.svg/960px-CHE_B%C3%B6singen_COA.svg.png",28.72596017,FALSE,FALSE
10,2296,26.033057851,126,358,45.176252319,487,1078,484,TRUE,"FR","Heitenried","Heitenried","Heitenried","Heitenried FR","Heitenried (FR)","Heitenried (FR)","Freiburg","Fribourg","Friburgo","https://thumb.wikimedia.org/wikipedia/commons/thumb/d/d4/CHE_Heitenried_COA.svg/500px-CHE_Heitenried_COA.svg.png",28.72596017,FALSE,FALSE
10,2299,36.481481481,394,686,38.090204369,1081,2838,1080,TRUE,"FR","Plaffeien","Planfayon","Planfayon","Plaffeien FR","Planfayon (FR)","Planfayon (FR)","Freiburg","Fribourg","Friburgo","https://thumb.wikimedia.org/wikipedia/commons/thumb/5/55/CHE_Plaffeien_COA.svg/250px-CHE_Plaffeien_COA.svg.png",28.72596017,FALSE,FALSE
10,2300,35.435435435,118,215,39.386792453,334,848,333,TRUE,"FR","Plasselb","Plasselb","Plasselb","Plasselb FR","Plasselb (FR)","Plasselb (FR)","Freiburg","Fribourg","Friburgo","https://thumb.wikimedia.org/wikipedia/commons/thumb/a/aa/CHE_Plasselb_COA_02.svg/500px-CHE_Plasselb_COA_02.svg.png",28.72596017,FALSE,FALSE
10,2301,34.210526316,130,250,41.739130435,384,920,380,TRUE,"FR","Rechthalten","Dirlaret","Dirlaret","Rechthalten FR","Dirlaret (FR)","Dirlaret (FR)","Freiburg","Fribourg","Friburgo","https://thumb.wikimedia.org/wikipedia/commons/thumb/b/b4/CHE_Rechthalten_COA.svg/960px-CHE_Rechthalten_COA.svg.png",28.72596017,FALSE,FALSE
10,2303,50.326797386,154,152,38.480697385,309,803,306,TRUE,"FR","St. Silvester","Saint-Silvestre","Saint-Silvestre","St. Silvester FR","Saint-Silvestre (FR)","Saint-Silvestre (FR)","Freiburg","Fribourg","Friburgo","https://thumb.wikimedia.org/wikipedia/commons/thumb/a/a7/St._Silvester-coat_of_arms.svg/500px-St._Silvester-coat_of_arms.svg.png",28.72596017,FALSE,FALSE
10,2304,27.752293578,121,315,43.396226415,437,1007,436,TRUE,"FR","St. Ursen","Saint-Ours","Saint-Ours","St. Ursen FR","Saint-Ours (FR)","Saint-Ours (FR)","Freiburg","Fribourg","Friburgo","https://thumb.wikimedia.org/wikipedia/commons/thumb/9/94/St._Ursen-coat_of_arms.svg/500px-St._Ursen-coat_of_arms.svg.png",28.72596017,FALSE,FALSE
10,2305,23.906911142,339,1079,46.49951156,1428,3071,1418,TRUE,"FR","Schmitten FR","Schmitten (FR)","Schmitten FR","Schmitten FR","Schmitten (FR)","Schmitten (FR)","Freiburg","Fribourg","Friburgo","https://thumb.wikimedia.org/wikipedia/commons/thumb/4/4d/CHE_Schmitten_FR_COA.svg/500px-CHE_Schmitten_FR_COA.svg.png",28.72596017,FALSE,FALSE
10,2306,27.01056052,665,1797,43.548387097,2484,5704,2462,TRUE,"FR","Tafers","Tavel","Tavel","Tafers FR","Tavel (FR)","Tavel (FR)","Freiburg","Fribourg","Friburgo","https://thumb.wikimedia.org/wikipedia/commons/thumb/1/16/CHE_Tafers_COA.svg/500px-CHE_Tafers_COA.svg.png",28.72596017,FALSE,FALSE
10,2307,31.016042781,116,258,38.423153693,385,1002,374,TRUE,"FR","Tentlingen","Tinterin","Tinterin","Tentlingen FR","Tinterin (FR)","Tinterin (FR)","Freiburg","Fribourg","Friburgo","https://thumb.wikimedia.org/wikipedia/commons/thumb/2/28/Tentlingen-coat_of_arms.svg/500px-Tentlingen-coat_of_arms.svg.png",28.72596017,FALSE,FALSE
10,2308,26.498800959,221,613,44.681960375,857,1918,834,TRUE,"FR","Ueberstorf","Ueberstorf","Ueberstorf","Ueberstorf FR","Ueberstorf (FR)","Ueberstorf (FR)","Freiburg","Fribourg","Friburgo","https://thumb.wikimedia.org/wikipedia/commons/thumb/2/20/Ueberstorf-blason.png/500px-Ueberstorf-blason.png",28.72596017,FALSE,FALSE
10,2309,24.770642202,378,1148,40.729888119,1529,3754,1526,TRUE,"FR","Wünnewil-Flamatt","Wünnewil-Flamatt","Wünnewil-Flamatt","Wünnewil-Flamatt FR","Wünnewil-Flamatt (FR)","Wünnewil-Flamatt (FR)","Freiburg","Fribourg","Friburgo","https://thumb.wikimedia.org/wikipedia/commons/thumb/c/c0/CHE_W%C3%BCnnewil-Flamatt_COA.svg/960px-CHE_W%C3%BCnnewil-Flamatt_COA.svg.png",28.72596017,FALSE,FALSE
10,2321,29.331941545,281,677,42.59805989,1010,2371,958,TRUE,"FR","Attalens","Attalens","Attalens","Attalens FR","Attalens (FR)","Attalens (FR)","Freiburg","Fribourg","Friburgo","https://thumb.wikimedia.org/wikipedia/commons/thumb/f/ff/CHE_Attalens_COA.svg/500px-CHE_Attalens_COA.svg.png",28.72596017,FALSE,FALSE
10,2323,29.261363636,103,249,36.597938144,355,970,352,TRUE,"FR","Bossonnens","Bossonnens","Bossonnens","Bossonnens FR","Bossonnens (FR)","Bossonnens (FR)","Freiburg","Fribourg","Friburgo","https://thumb.wikimedia.org/wikipedia/commons/thumb/9/96/CHE_Bossonnens_COA.svg/250px-CHE_Bossonnens_COA.svg.png",28.72596017,FALSE,FALSE
10,2325,,,,,,,,FALSE,"FR","Châtel-Saint-Denis","Châtel-Saint-Denis","Châtel-Saint-Denis","Châtel-Saint-Denis FR","Châtel-Saint-Denis (FR)","Châtel-Saint-Denis (FR)","Freiburg","Fribourg","Friburgo","https://thumb.wikimedia.org/wikipedia/commons/thumb/f/fb/CHE_Ch%C3%A2tel-Saint-Denis_COA.svg/500px-CHE_Ch%C3%A2tel-Saint-Denis_COA.svg.png",28.72596017,FALSE,FALSE
10,2328,23.837209302,82,262,50.35971223,350,695,344,TRUE,"FR","Granges (Veveyse)","Granges (Veveyse)","Granges (Veveyse)","Granges (Veveyse) FR","Granges (Veveyse) (FR)","Granges (Veveyse) (FR)","Freiburg","Fribourg","Friburgo","https://thumb.wikimedia.org/wikipedia/commons/thumb/8/8b/Granges-coat_of_arms.svg/500px-Granges-coat_of_arms.svg.png",28.72596017,FALSE,FALSE
10,2333,30.27027027,112,258,43.891402715,388,884,370,TRUE,"FR","Remaufens","Remaufens","Remaufens","Remaufens FR","Remaufens (FR)","Remaufens (FR)","Freiburg","Fribourg","Friburgo","https://thumb.wikimedia.org/wikipedia/commons/thumb/1/15/CHE_Remaufens_COA.svg/500px-CHE_Remaufens_COA.svg.png",28.72596017,FALSE,FALSE
10,2335,37.609329446,129,214,47.263017356,354,749,343,TRUE,"FR","Saint-Martin FR","Saint-Martin (FR)","Saint-Martin FR","Saint-Martin FR","Saint-Martin (FR)","Saint-Martin (FR)","Freiburg","Fribourg","Friburgo","https://upload.wikimedia.org/wikipedia/commons/b/b6/Besencens-Wappen.png",28.72596017,FALSE,FALSE
10,2336,34.988713318,155,288,43.431635389,486,1119,443,TRUE,"FR","Semsales","Semsales","Semsales","Semsales FR","Semsales (FR)","Semsales (FR)","Freiburg","Fribourg","Friburgo","https://thumb.wikimedia.org/wikipedia/commons/thumb/e/e8/CHE_Semsales_COA.svg/960px-CHE_Semsales_COA.svg.png",28.72596017,FALSE,FALSE
10,2337,36.298076923,151,265,48.965517241,426,870,416,TRUE,"FR","Le Flon","Le Flon","Le Flon","Le Flon FR","Le Flon (FR)","Le Flon (FR)","Freiburg","Fribourg","Friburgo","https://thumb.wikimedia.org/wikipedia/commons/thumb/9/9e/Le_Flon-coat_of_arms.svg/500px-Le_Flon-coat_of_arms.svg.png",28.72596017,FALSE,FALSE
10,2338,34.975369458,142,264,45.315904139,416,918,406,TRUE,"FR","La Verrerie","La Verrerie","La Verrerie","La Verrerie FR","La Verrerie (FR)","La Verrerie (FR)","Freiburg","Fribourg","Friburgo","https://thumb.wikimedia.org/wikipedia/commons/thumb/7/71/La_Verrerie-coat_of_arms.svg/500px-La_Verrerie-coat_of_arms.svg.png",28.72596017,FALSE,FALSE
11,2401,33.371169126,294,587,38.103448276,884,2320,881,TRUE,"SO","Egerkingen","Egerkingen","Egerkingen","Egerkingen SO","Egerkingen (SO)","Egerkingen (SO)","Solothurn","Soleure","Soletta","https://thumb.wikimedia.org/wikipedia/commons/thumb/f/f7/Egerkingen-blazon.svg/250px-Egerkingen-blazon.svg.png",28.140552519,FALSE,FALSE
11,2402,36.531365314,198,344,45.637583893,544,1192,542,TRUE,"SO","Härkingen","Härkingen","Härkingen","Härkingen SO","Härkingen (SO)","Härkingen (SO)","Solothurn","Soleure","Soletta","https://thumb.wikimedia.org/wikipedia/commons/thumb/7/7f/CHE_H%C3%A4rkingen_COA.svg/960px-CHE_H%C3%A4rkingen_COA.svg.png",28.140552519,FALSE,FALSE
11,2403,25.361155698,158,465,44.899425287,625,1392,623,TRUE,"SO","Kestenholz","Kestenholz","Kestenholz","Kestenholz SO","Kestenholz (SO)","Kestenholz (SO)","Solothurn","Soleure","Soletta","https://thumb.wikimedia.org/wikipedia/commons/thumb/b/b0/CHE_Kestenholz_COA.svg/960px-CHE_Kestenholz_COA.svg.png",28.140552519,FALSE,FALSE
11,2404,29.561527581,209,498,44.396014944,713,1606,707,TRUE,"SO","Neuendorf","Neuendorf","Neuendorf","Neuendorf SO","Neuendorf (SO)","Neuendorf (SO)","Solothurn","Soleure","Soletta","https://thumb.wikimedia.org/wikipedia/commons/thumb/d/d8/Neuendorf_SO-blazon.svg/250px-Neuendorf_SO-blazon.svg.png",28.140552519,FALSE,FALSE
11,2405,34.586466165,138,261,43.969298246,401,912,399,TRUE,"SO","Niederbuchsiten","Niederbuchsiten","Niederbuchsiten","Niederbuchsiten SO","Niederbuchsiten (SO)","Niederbuchsiten (SO)","Solothurn","Soleure","Soletta","https://thumb.wikimedia.org/wikipedia/commons/thumb/4/41/Niederbuchsiten-blazon.svg/250px-Niederbuchsiten-blazon.svg.png",28.140552519,FALSE,FALSE
11,2406,35.084745763,207,383,42.919389978,591,1377,590,TRUE,"SO","Oberbuchsiten","Oberbuchsiten","Oberbuchsiten","Oberbuchsiten SO","Oberbuchsiten (SO)","Oberbuchsiten (SO)","Solothurn","Soleure","Soletta","https://thumb.wikimedia.org/wikipedia/commons/thumb/b/b8/Oberbuchsiten-blazon.svg/250px-Oberbuchsiten-blazon.svg.png",28.140552519,FALSE,FALSE
11,2407,,,,,,,,FALSE,"SO","Oensingen","Oensingen","Oensingen","Oensingen SO","Oensingen (SO)","Oensingen (SO)","Solothurn","Soleure","Soletta","https://thumb.wikimedia.org/wikipedia/commons/thumb/f/fc/Oensingen-blazon.svg/250px-Oensingen-blazon.svg.png",28.140552519,FALSE,FALSE
11,2408,27.336122734,196,521,40.721940214,722,1773,717,TRUE,"SO","Wolfwil","Wolfwil","Wolfwil","Wolfwil SO","Wolfwil (SO)","Wolfwil (SO)","Solothurn","Soleure","Soletta","https://thumb.wikimedia.org/wikipedia/commons/thumb/8/8d/Wolfwil-blason.svg/960px-Wolfwil-blason.svg.png",28.140552519,FALSE,FALSE
11,2421,36.111111111,91,161,50.501002004,252,499,252,TRUE,"SO","Aedermannsdorf","Aedermannsdorf","Aedermannsdorf","Aedermannsdorf SO","Aedermannsdorf (SO)","Aedermannsdorf (SO)","Solothurn","Soleure","Soletta","https://thumb.wikimedia.org/wikipedia/commons/thumb/2/28/Aedermannsdorf-blazon.svg/250px-Aedermannsdorf-blazon.svg.png",28.140552519,FALSE,FALSE
11,2422,,,,,,,,FALSE,"SO","Balsthal","Balsthal","Balsthal","Balsthal SO","Balsthal (SO)","Balsthal (SO)","Solothurn","Soleure","Soletta","https://thumb.wikimedia.org/wikipedia/commons/thumb/c/c7/Balsthal-blazon.svg/250px-Balsthal-blazon.svg.png",28.140552519,FALSE,FALSE
11,2424,33.505154639,65,129,42.24137931,196,464,194,TRUE,"SO","Herbetswil","Herbetswil","Herbetswil","Herbetswil SO","Herbetswil (SO)","Herbetswil (SO)","Solothurn","Soleure","Soletta","https://thumb.wikimedia.org/wikipedia/commons/thumb/e/e8/Herbetswil-blazon.svg/250px-Herbetswil-blazon.svg.png",28.140552519,FALSE,FALSE
11,2425,40.969162996,93,134,40.681003584,227,558,227,TRUE,"SO","Holderbank SO","Holderbank (SO)","Holderbank SO","Holderbank SO","Holderbank (SO)","Holderbank (SO)","Solothurn","Soleure","Soletta","https://thumb.wikimedia.org/wikipedia/commons/thumb/b/b2/CHE_Holderbank_SO_CHE.svg/500px-CHE_Holderbank_SO_CHE.svg.png",28.140552519,FALSE,FALSE
11,2426,,,,,,,,FALSE,"SO","Laupersdorf","Laupersdorf","Laupersdorf","Laupersdorf SO","Laupersdorf (SO)","Laupersdorf (SO)","Solothurn","Soleure","Soletta","https://thumb.wikimedia.org/wikipedia/commons/thumb/b/b1/Laupersdorf-blazon.svg/250px-Laupersdorf-blazon.svg.png",28.140552519,FALSE,FALSE
11,2427,36.60130719,168,291,43.515037594,463,1064,459,TRUE,"SO","Matzendorf","Matzendorf","Matzendorf","Matzendorf SO","Matzendorf (SO)","Matzendorf (SO)","Solothurn","Soleure","Soletta","https://thumb.wikimedia.org/wikipedia/commons/thumb/4/44/Matzendorf-blazon.svg/250px-Matzendorf-blazon.svg.png",28.140552519,FALSE,FALSE
11,2428,39.548693587,333,509,46.420704846,843,1816,842,TRUE,"SO","Mümliswil-Ramiswil","Mümliswil-Ramiswil","Mümliswil-Ramiswil","Mümliswil-Ramiswil SO","Mümliswil-Ramiswil (SO)","Mümliswil-Ramiswil (SO)","Solothurn","Soleure","Soletta","https://thumb.wikimedia.org/wikipedia/commons/thumb/2/2c/M%C3%BCmliswilRamiswil-blazon.svg/250px-M%C3%BCmliswilRamiswil-blazon.svg.png",28.140552519,FALSE,FALSE
11,2430,38.421052632,146,234,41.914191419,381,909,380,TRUE,"SO","Welschenrohr-Gänsbrunnen","Welschenrohr-Gänsbrunnen","Welschenrohr-Gänsbrunnen","Welschenrohr-Gänsbrunnen SO","Welschenrohr-Gänsbrunnen (SO)","Welschenrohr-Gänsbrunnen (((SO)))","Solothurn","Soleure","Soletta","https://thumb.wikimedia.org/wikipedia/commons/thumb/b/b6/Welschenrohr-blazon.svg/250px-Welschenrohr-blazon.svg.png",28.140552519,FALSE,FALSE
11,2445,33.757961783,53,104,55.281690141,157,284,157,TRUE,"SO","Biezwil","Biezwil","Biezwil","Biezwil SO","Biezwil (SO)","Biezwil (SO)","Solothurn","Soleure","Soletta","https://thumb.wikimedia.org/wikipedia/commons/thumb/a/a6/Biezwil-blazon.svg/250px-Biezwil-blazon.svg.png",28.140552519,FALSE,FALSE
11,2455,25.588235294,87,253,44,341,775,340,TRUE,"SO","Lüterkofen-Ichertswil","Lüterkofen-Ichertswil","Lüterkofen-Ichertswil","Lüterkofen-Ichertswil SO","Lüterkofen-Ichertswil (SO)","Lüterkofen-Ichertswil (SO)","Solothurn","Soleure","Soletta","https://upload.wikimedia.org/wikipedia/commons/3/3f/Lueterkofen-blason.png",28.140552519,FALSE,FALSE
11,2457,,,,,,,,FALSE,"SO","Messen","Messen","Messen","Messen SO","Messen (SO)","Messen (SO)","Solothurn","Soleure","Soletta","https://thumb.wikimedia.org/wikipedia/commons/thumb/9/97/Messen-blazon.svg/250px-Messen-blazon.svg.png",28.140552519,FALSE,FALSE
11,2461,23.855421687,99,316,46.052631579,420,912,415,TRUE,"SO","Schnottwil","Schnottwil","Schnottwil","Schnottwil SO","Schnottwil (SO)","Schnottwil (SO)","Solothurn","Soleure","Soletta","https://upload.wikimedia.org/wikipedia/commons/4/46/Schnottwil-blason.png",28.140552519,FALSE,FALSE
11,2463,29.245283019,31,75,56.914893617,107,188,106,TRUE,"SO","Unterramsern","Unterramsern","Unterramsern","Unterramsern SO","Unterramsern (SO)","Unterramsern (SO)","Solothurn","Soleure","Soletta","https://thumb.wikimedia.org/wikipedia/commons/thumb/f/f9/Unterramsern-blazon.svg/250px-Unterramsern-blazon.svg.png",28.140552519,FALSE,FALSE
11,2464,23.469387755,115,375,55.292792793,491,888,490,TRUE,"SO","Lüsslingen-Nennigkofen","Lüsslingen-Nennigkofen","Lüsslingen-Nennigkofen","Lüsslingen-Nennigkofen SO","Lüsslingen-Nennigkofen (SO)","Lüsslingen-Nennigkofen (SO)","Solothurn","Soleure","Soletta","https://upload.wikimedia.org/wikipedia/de/6/63/GW-SO-Luesslingen-Nennigkofen.png",28.140552519,FALSE,FALSE
11,2465,30.147697654,347,804,48.044925125,1155,2404,1151,TRUE,"SO","Buchegg","Buchegg","Buchegg","Buchegg SO","Buchegg (SO)","Buchegg (SO)","Solothurn","Soleure","Soletta","https://thumb.wikimedia.org/wikipedia/commons/thumb/6/65/Buchegg-blazon.svg/250px-Buchegg-blazon.svg.png",28.140552519,FALSE,FALSE
11,2471,27.906976744,108,279,46.018735363,393,854,387,TRUE,"SO","Bättwil","Bättwil","Bättwil","Bättwil SO","Bättwil (SO)","Bättwil (SO)","Solothurn","Soleure","Soletta","https://thumb.wikimedia.org/wikipedia/commons/thumb/d/d1/B%C3%A4ttwil-blazon.svg/250px-B%C3%A4ttwil-blazon.svg.png",28.140552519,FALSE,FALSE
11,2472,32.722513089,125,257,50.86551265,382,751,382,TRUE,"SO","Büren SO","Büren (SO)","Büren SO","Büren SO","Büren (SO)","Büren (SO)","Solothurn","Soleure","Soletta","https://thumb.wikimedia.org/wikipedia/commons/thumb/5/53/B%C3%BCren_SO-blazon.svg/250px-B%C3%BCren_SO-blazon.svg.png",28.140552519,FALSE,FALSE
11,2473,,,,,,,,FALSE,"SO","Dornach","Dornach","Dornach","Dornach SO","Dornach (SO)","Dornach (SO)","Solothurn","Soleure","Soletta","https://thumb.wikimedia.org/wikipedia/commons/thumb/6/69/CHE_Dornach_SO_COA.svg/250px-CHE_Dornach_SO_COA.svg.png",28.140552519,FALSE,FALSE
11,2474,34.985422741,120,223,53.086419753,344,648,343,TRUE,"SO","Gempen","Gempen","Gempen","Gempen SO","Gempen (SO)","Gempen (SO)","Solothurn","Soleure","Soletta","https://upload.wikimedia.org/wikipedia/commons/6/6b/Gempen-blason.png",28.140552519,FALSE,FALSE
11,2475,,,,,,,,FALSE,"SO","Hochwald","Hochwald","Hochwald","Hochwald SO","Hochwald (SO)","Hochwald (SO)","Solothurn","Soleure","Soletta","https://upload.wikimedia.org/wikipedia/commons/9/90/Hochwald-blason.png",28.140552519,FALSE,FALSE
11,2476,,,,,,,,FALSE,"SO","Hofstetten-Flüh","Hofstetten-Flüh","Hofstetten-Flüh","Hofstetten-Flüh SO","Hofstetten-Flüh (SO)","Hofstetten-Flüh (SO)","Solothurn","Soleure","Soletta","https://thumb.wikimedia.org/wikipedia/commons/thumb/6/6e/HofstettenFl%C3%BCh-blazon.svg/250px-HofstettenFl%C3%BCh-blazon.svg.png",28.140552519,FALSE,FALSE
11,2477,28.638497653,122,304,59.279778393,428,722,426,TRUE,"SO","Metzerlen-Mariastein","Metzerlen-Mariastein","Metzerlen-Mariastein","Metzerlen-Mariastein SO","Metzerlen-Mariastein (SO)","Metzerlen-Mariastein (SO)","Solothurn","Soleure","Soletta","https://thumb.wikimedia.org/wikipedia/commons/thumb/d/de/Coat_of_arms_of_Metzerlen-Mariastein.svg/250px-Coat_of_arms_of_Metzerlen-Mariastein.svg.png",28.140552519,FALSE,FALSE
11,2478,28.926905132,186,457,54.194630872,646,1192,643,TRUE,"SO","Nuglar-St. Pantaleon","Nuglar-St. Pantaleon","Nuglar-St. Pantaleon","Nuglar-St. Pantaleon SO","Nuglar-St. Pantaleon (SO)","Nuglar-St. Pantaleon (SO)","Solothurn","Soleure","Soletta","https://thumb.wikimedia.org/wikipedia/commons/thumb/5/55/CHE_Nuglar-St._Pantaleon_COA.svg/500px-CHE_Nuglar-St._Pantaleon_COA.svg.png",28.140552519,FALSE,FALSE
11,2479,20.341614907,131,513,61.042654028,644,1055,644,TRUE,"SO","Rodersdorf","Rodersdorf","Rodersdorf","Rodersdorf SO","Rodersdorf (SO)","Rodersdorf (SO)","Solothurn","Soleure","Soletta","https://upload.wikimedia.org/wikipedia/commons/0/0d/Rodersdorf-blason.png",28.140552519,FALSE,FALSE
11,2480,42.926829268,176,234,49.639423077,413,832,410,TRUE,"SO","Seewen","Seewen","Seewen","Seewen SO","Seewen (SO)","Seewen (SO)","Solothurn","Soleure","Soletta","https://thumb.wikimedia.org/wikipedia/commons/thumb/8/82/CHE_Seewen_SO_COA.svg/960px-CHE_Seewen_SO_COA.svg.png",28.140552519,FALSE,FALSE
11,2481,30.820399113,139,312,47.643979058,455,955,451,TRUE,"SO","Witterswil","Witterswil","Witterswil","Witterswil SO","Witterswil (SO)","Witterswil (SO)","Solothurn","Soleure","Soletta","https://upload.wikimedia.org/wikipedia/commons/5/59/Witterswil-blason.png",28.140552519,FALSE,FALSE
11,2491,24.827586207,36,109,53.903345725,145,269,145,TRUE,"SO","Hauenstein-Ifenthal","Hauenstein-Ifenthal","Hauenstein-Ifenthal","Hauenstein-Ifenthal SO","Hauenstein-Ifenthal (SO)","Hauenstein-Ifenthal (SO)","Solothurn","Soleure","Soletta","https://upload.wikimedia.org/wikipedia/commons/c/c3/Hauenstein-Ifenthal-blason.png",28.140552519,FALSE,FALSE
11,2492,37.696335079,72,119,51.344086022,191,372,191,TRUE,"SO","Kienberg","Kienberg","Kienberg","Kienberg SO","Kienberg (SO)","Kienberg (SO)","Solothurn","Soleure","Soletta","https://thumb.wikimedia.org/wikipedia/commons/thumb/6/61/Coat_of_arms_of_Kienberg_SO.svg/500px-Coat_of_arms_of_Kienberg_SO.svg.png",28.140552519,FALSE,FALSE
11,2493,27.747989276,414,1078,49.966622163,1497,2996,1492,TRUE,"SO","Lostorf","Lostorf","Lostorf","Lostorf SO","Lostorf (SO)","Lostorf (SO)","Solothurn","Soleure","Soletta","https://upload.wikimedia.org/wikipedia/commons/b/bd/Lostorf-blason.png",28.140552519,FALSE,FALSE
11,2495,,,,,,,,FALSE,"SO","Niedergösgen","Niedergösgen","Niedergösgen","Niedergösgen SO","Niedergösgen (SO)","Niedergösgen (SO)","Solothurn","Soleure","Soletta","https://thumb.wikimedia.org/wikipedia/commons/thumb/c/ce/CHE_Niederg%C3%B6sgen_COA.svg/500px-CHE_Niederg%C3%B6sgen_COA.svg.png",28.140552519,FALSE,FALSE
11,2497,,,,,,,,FALSE,"SO","Obergösgen","Obergösgen","Obergösgen","Obergösgen SO","Obergösgen (SO)","Obergösgen (SO)","Solothurn","Soleure","Soletta","https://upload.wikimedia.org/wikipedia/commons/1/15/Obergoesgen-blason.png",28.140552519,FALSE,FALSE
11,2499,35.198135198,151,278,44.570837642,431,967,429,TRUE,"SO","Stüsslingen","Stüsslingen","Stüsslingen","Stüsslingen SO","Stüsslingen (SO)","Stüsslingen (SO)","Solothurn","Soleure","Soletta","https://thumb.wikimedia.org/wikipedia/commons/thumb/6/6a/CHE_St%C3%BCsslingen_COA.svg/960px-CHE_St%C3%BCsslingen_COA.svg.png",28.140552519,FALSE,FALSE
11,2500,,,,,,,,FALSE,"SO","Trimbach","Trimbach","Trimbach","Trimbach SO","Trimbach (SO)","Trimbach (SO)","Solothurn","Soleure","Soletta","https://upload.wikimedia.org/wikipedia/commons/a/a4/Trimbach-blason.png",28.140552519,FALSE,FALSE
11,2501,24.767801858,160,486,45.750708215,646,1412,646,TRUE,"SO","Winznau","Winznau","Winznau","Winznau SO","Winznau (SO)","Winznau (SO)","Solothurn","Soleure","Soletta","https://thumb.wikimedia.org/wikipedia/commons/thumb/9/90/Winznau-blazon.svg/250px-Winznau-blazon.svg.png",28.140552519,FALSE,FALSE
11,2502,21.511627907,37,135,49.858356941,176,353,172,TRUE,"SO","Wisen SO","Wisen (SO)","Wisen SO","Wisen SO","Wisen (SO)","Wisen (SO)","Solothurn","Soleure","Soletta","https://upload.wikimedia.org/wikipedia/commons/0/0f/Wisen-blason.png",28.140552519,FALSE,FALSE
11,2503,29.606440072,331,787,44.603174603,1124,2520,1118,TRUE,"SO","Erlinsbach SO","Erlinsbach (SO)","Erlinsbach SO","Erlinsbach SO","Erlinsbach (SO)","Erlinsbach (SO)","Solothurn","Soleure","Soletta","https://thumb.wikimedia.org/wikipedia/commons/thumb/2/28/Erlinsbach_SO-blazon.svg/250px-Erlinsbach_SO-blazon.svg.png",28.140552519,FALSE,FALSE
11,2511,27.724665392,145,378,50.383141762,526,1044,523,TRUE,"SO","Aeschi SO","Aeschi (SO)","Aeschi SO","Aeschi SO","Aeschi (SO)","Aeschi (SO)","Solothurn","Soleure","Soletta","https://thumb.wikimedia.org/wikipedia/commons/thumb/6/6b/Aeschi_SO-blazon.svg/250px-Aeschi_SO-blazon.svg.png",28.140552519,FALSE,FALSE
11,2513,,,,,,,,FALSE,"SO","Biberist","Biberist","Biberist","Biberist SO","Biberist (SO)","Biberist (SO)","Solothurn","Soleure","Soletta","https://thumb.wikimedia.org/wikipedia/commons/thumb/b/b0/Biberist-blazon.svg/250px-Biberist-blazon.svg.png",28.140552519,FALSE,FALSE
11,2514,,,,,,,,FALSE,"SO","Bolken","Bolken","Bolken","Bolken SO","Bolken (SO)","Bolken (SO)","Solothurn","Soleure","Soletta","https://thumb.wikimedia.org/wikipedia/commons/thumb/4/43/Bolken-blazon.svg/960px-Bolken-blazon.svg.png",28.140552519,FALSE,FALSE
11,2516,24.396135266,202,626,46.883773161,835,1781,828,TRUE,"SO","Deitingen","Deitingen","Deitingen","Deitingen SO","Deitingen (SO)","Deitingen (SO)","Solothurn","Soleure","Soletta","https://upload.wikimedia.org/wikipedia/commons/9/94/Deitingen-blason.png",28.140552519,FALSE,FALSE
11,2517,,,,,,,,FALSE,"SO","Derendingen","Derendingen","Derendingen","Derendingen SO","Derendingen (SO)","Derendingen (SO)","Solothurn","Soleure","Soletta","https://thumb.wikimedia.org/wikipedia/commons/thumb/3/31/Derendingen-blazon.svg/250px-Derendingen-blazon.svg.png",28.140552519,FALSE,FALSE
11,2518,27.810650888,94,244,44.328552803,340,767,338,TRUE,"SO","Etziken","Etziken","Etziken","Etziken SO","Etziken (SO)","Etziken (SO)","Solothurn","Soleure","Soletta","https://upload.wikimedia.org/wikipedia/commons/f/fe/Etziken-blason.png",28.140552519,FALSE,FALSE
11,2519,35.398230088,320,584,32.475884244,909,2799,904,TRUE,"SO","Gerlafingen","Gerlafingen","Gerlafingen","Gerlafingen SO","Gerlafingen (SO)","Gerlafingen (SO)","Solothurn","Soleure","Soletta","https://thumb.wikimedia.org/wikipedia/commons/thumb/b/b4/CHE_Gerlafingen_COA.svg/500px-CHE_Gerlafingen_COA.svg.png",28.140552519,FALSE,FALSE
11,2523,28.313253012,94,238,47.838616715,332,694,332,TRUE,"SO","Horriwil","Horriwil","Horriwil","Horriwil SO","Horriwil (SO)","Horriwil (SO)","Solothurn","Soleure","Soletta","https://upload.wikimedia.org/wikipedia/commons/1/14/Horriwil-blason.png",28.140552519,FALSE,FALSE
11,2524,19.277108434,16,67,67.479674797,83,123,83,TRUE,"SO","Hüniken","Hüniken","Hüniken","Hüniken SO","Hüniken (SO)","Hüniken (SO)","Solothurn","Soleure","Soletta","https://thumb.wikimedia.org/wikipedia/commons/thumb/f/fd/H%C3%BCniken-blazon.svg/250px-H%C3%BCniken-blazon.svg.png",28.140552519,FALSE,FALSE
11,2525,24.247787611,274,856,48.236294093,1135,2353,1130,TRUE,"SO","Kriegstetten","Kriegstetten","Kriegstetten","Kriegstetten SO","Kriegstetten (SO)","Kriegstetten (SO)","Solothurn","Soleure","Soletta","https://thumb.wikimedia.org/wikipedia/commons/thumb/8/8e/CHE_Kriegstetten_SO_COA.svg/500px-CHE_Kriegstetten_SO_COA.svg.png",28.140552519,FALSE,FALSE
11,2526,,,,,,,,FALSE,"SO","Lohn-Ammannsegg","Lohn-Ammannsegg","Lohn-Ammannsegg","Lohn-Ammannsegg SO","Lohn-Ammannsegg (SO)","Lohn-Ammannsegg (SO)","Solothurn","Soleure","Soletta","https://thumb.wikimedia.org/wikipedia/commons/thumb/5/51/CHE_Lohn-Ammannsegg_COA.svg/960px-CHE_Lohn-Ammannsegg_COA.svg.png",28.140552519,FALSE,FALSE
11,2527,26.704014939,286,785,44.50867052,1078,2422,1071,TRUE,"SO","Luterbach","Luterbach","Luterbach","Luterbach SO","Luterbach (SO)","Luterbach (SO)","Solothurn","Soleure","Soletta","https://upload.wikimedia.org/wikipedia/commons/3/36/Luterbach-blason.png",28.140552519,FALSE,FALSE
11,2528,31.877729258,146,312,52.812858783,460,871,458,TRUE,"SO","Obergerlafingen","Obergerlafingen","Obergerlafingen","Obergerlafingen SO","Obergerlafingen (SO)","Obergerlafingen (SO)","Solothurn","Soleure","Soletta","https://thumb.wikimedia.org/wikipedia/commons/thumb/8/8d/CHE_Obergerlafingen_COA.svg/960px-CHE_Obergerlafingen_COA.svg.png",28.140552519,FALSE,FALSE
11,2530,31.27753304,213,468,42.714196373,683,1599,681,TRUE,"SO","Recherswil","Recherswil","Recherswil","Recherswil SO","Recherswil (SO)","Recherswil (SO)","Solothurn","Soleure","Soletta","https://thumb.wikimedia.org/wikipedia/commons/thumb/b/be/CHE_Recherswil_COA.svg/960px-CHE_Recherswil_COA.svg.png",28.140552519,FALSE,FALSE
11,2532,29.476861167,293,701,43.887423043,998,2274,994,TRUE,"SO","Subingen","Subingen","Subingen","Subingen SO","Subingen (SO)","Subingen (SO)","Solothurn","Soleure","Soletta","https://upload.wikimedia.org/wikipedia/commons/8/8c/Subingen-blason.png",28.140552519,FALSE,FALSE
11,2534,21.552205472,386,1405,38.209653413,1797,4703,1791,TRUE,"SO","Zuchwil","Zuchwil","Zuchwil","Zuchwil SO","Zuchwil (SO)","Zuchwil (SO)","Solothurn","Soleure","Soletta","https://thumb.wikimedia.org/wikipedia/commons/thumb/5/55/Zuchwil-blazon.svg/250px-Zuchwil-blazon.svg.png",28.140552519,FALSE,FALSE
11,2535,27.777777778,85,221,53.873239437,306,568,306,TRUE,"SO","Drei Höfe","Drei Höfe","Drei Höfe","Drei Höfe SO","Drei Höfe (SO)","Drei Höfe (SO)","Solothurn","Soleure","Soletta","https://thumb.wikimedia.org/wikipedia/commons/thumb/2/25/DreiH%C3%B6fe-blazon.svg/250px-DreiH%C3%B6fe-blazon.svg.png",28.140552519,FALSE,FALSE
11,2541,28.125,27,69,60.625,97,160,96,TRUE,"SO","Balm bei Günsberg","Balm bei Günsberg","Balm bei Günsberg","Balm bei Günsberg SO","Balm bei Günsberg (SO)","Balm bei Günsberg (SO)","Solothurn","Soleure","Soletta","https://thumb.wikimedia.org/wikipedia/commons/thumb/0/09/BalmBeiG%C3%BCnsberg-blazon.svg/250px-BalmBeiG%C3%BCnsberg-blazon.svg.png",28.140552519,FALSE,FALSE
11,2542,27.936962751,390,1006,42.826617827,1403,3276,1396,TRUE,"SO","Bellach","Bellach","Bellach","Bellach SO","Bellach (SO)","Bellach (SO)","Solothurn","Soleure","Soletta","https://upload.wikimedia.org/wikipedia/commons/7/75/Bellach-blason.png",28.140552519,FALSE,FALSE
11,2543,,,,,,,,FALSE,"SO","Bettlach","Bettlach","Bettlach","Bettlach SO","Bettlach (SO)","Bettlach (SO)","Solothurn","Soleure","Soletta","https://thumb.wikimedia.org/wikipedia/commons/thumb/4/44/Bettlach-blazon.svg/250px-Bettlach-blazon.svg.png",28.140552519,FALSE,FALSE
11,2544,16.945606695,81,397,59.259259259,480,810,478,TRUE,"SO","Feldbrunnen-St. Niklaus","Feldbrunnen-St. Niklaus","Feldbrunnen-St. Niklaus","Feldbrunnen-St. Niklaus SO","Feldbrunnen-St. Niklaus (SO)","Feldbrunnen-St. Niklaus (SO)","Solothurn","Soleure","Soletta","https://upload.wikimedia.org/wikipedia/commons/8/83/Feldbrunnen-StNiklaus-blason.png",28.140552519,FALSE,FALSE
11,2545,30.696202532,97,219,41.428571429,319,770,316,TRUE,"SO","Flumenthal","Flumenthal","Flumenthal","Flumenthal SO","Flumenthal (SO)","Flumenthal (SO)","Solothurn","Soleure","Soletta","https://upload.wikimedia.org/wikipedia/commons/c/cd/Flumenthal-blason.png",28.140552519,FALSE,FALSE
11,2546,,,,,,,,FALSE,"SO","Grenchen","Granges (SO)","Granges","Grenchen SO","Granges (SO)","Granges (SO)","Solothurn","Soleure","Soletta","https://thumb.wikimedia.org/wikipedia/commons/thumb/8/80/Grenchen-blazon.svg/250px-Grenchen-blazon.svg.png",28.140552519,FALSE,FALSE
11,2547,34.056399132,157,304,47.687564234,464,973,461,TRUE,"SO","Günsberg","Günsberg","Günsberg","Günsberg SO","Günsberg (SO)","Günsberg (SO)","Solothurn","Soleure","Soletta","https://thumb.wikimedia.org/wikipedia/commons/thumb/c/c0/CHE_G%C3%BCnsberg_COA.svg/500px-CHE_G%C3%BCnsberg_COA.svg.png",28.140552519,FALSE,FALSE
11,2548,17.269076305,43,206,42.662116041,250,586,249,TRUE,"SO","Hubersdorf","Hubersdorf","Hubersdorf","Hubersdorf SO","Hubersdorf (SO)","Hubersdorf (SO)","Solothurn","Soleure","Soletta","https://upload.wikimedia.org/wikipedia/commons/9/9a/Hubersdorf-blason.png",28.140552519,FALSE,FALSE
11,2549,17.647058824,3,14,56.666666667,17,30,17,TRUE,"SO","Kammersrohr","Kammersrohr","Kammersrohr","Kammersrohr SO","Kammersrohr (SO)","Kammersrohr (SO)","Solothurn","Soleure","Soletta","https://thumb.wikimedia.org/wikipedia/commons/thumb/4/4a/Kammersrohr-blason.svg/500px-Kammersrohr-blason.svg.png",28.140552519,FALSE,FALSE
11,2550,,,,,,,,FALSE,"SO","Langendorf","Langendorf","Langendorf","Langendorf SO","Langendorf (SO)","Langendorf (SO)","Solothurn","Soleure","Soletta","https://upload.wikimedia.org/wikipedia/commons/b/ba/Langendorf-blason.png",28.140552519,FALSE,FALSE
11,2551,28.594249201,179,447,51.098454028,628,1229,626,TRUE,"SO","Lommiswil","Lommiswil","Lommiswil","Lommiswil SO","Lommiswil (SO)","Lommiswil (SO)","Solothurn","Soleure","Soletta","https://thumb.wikimedia.org/wikipedia/commons/thumb/f/f2/Lommiswil-blazon.svg/250px-Lommiswil-blazon.svg.png",28.140552519,FALSE,FALSE
11,2553,18.435013263,139,615,54.729241877,758,1385,754,TRUE,"SO","Oberdorf SO","Oberdorf (SO)","Oberdorf SO","Oberdorf SO","Oberdorf (SO)","Oberdorf (SO)","Solothurn","Soleure","Soletta","https://upload.wikimedia.org/wikipedia/commons/9/97/Oberdorf-blason.png",28.140552519,FALSE,FALSE
11,2554,21.75032175,169,608,46.694460989,784,1679,777,TRUE,"SO","Riedholz","Riedholz","Riedholz","Riedholz SO","Riedholz (SO)","Riedholz (SO)","Solothurn","Soleure","Soletta","https://upload.wikimedia.org/wikipedia/commons/7/7f/Riedholz-blason.png",28.140552519,FALSE,FALSE
11,2555,21.612903226,134,486,53.574504737,622,1161,620,TRUE,"SO","Rüttenen","Rüttenen","Rüttenen","Rüttenen SO","Rüttenen (SO)","Rüttenen (SO)","Solothurn","Soleure","Soletta","https://upload.wikimedia.org/wikipedia/commons/e/ea/Ruettenen-blason.png",28.140552519,FALSE,FALSE
11,2556,27.52293578,270,711,38.115548662,983,2579,981,TRUE,"SO","Selzach","Selzach","Selzach","Selzach SO","Selzach (SO)","Selzach (SO)","Solothurn","Soleure","Soletta","https://thumb.wikimedia.org/wikipedia/commons/thumb/2/2a/CHE_Selzach_COA.svg/960px-CHE_Selzach_COA.svg.png",28.140552519,FALSE,FALSE
11,2571,40.082644628,97,145,45.951035782,244,531,242,TRUE,"SO","Boningen","Boningen","Boningen","Boningen SO","Boningen (SO)","Boningen (SO)","Solothurn","Soleure","Soletta","https://thumb.wikimedia.org/wikipedia/commons/thumb/0/02/Boningen-blazon.svg/250px-Boningen-blazon.svg.png",28.140552519,FALSE,FALSE
11,2572,35.930232558,309,551,44.679752066,865,1936,860,TRUE,"SO","Däniken","Däniken","Däniken","Däniken SO","Däniken (SO)","Däniken (SO)","Solothurn","Soleure","Soletta","https://upload.wikimedia.org/wikipedia/commons/f/f9/Daeniken-blason.png",28.140552519,FALSE,FALSE
11,2573,31.180625631,309,682,39.132149901,992,2535,991,TRUE,"SO","Dulliken","Dulliken","Dulliken","Dulliken SO","Dulliken (SO)","Dulliken (SO)","Solothurn","Soleure","Soletta","https://upload.wikimedia.org/wikipedia/commons/d/da/Dulliken-blason.png",28.140552519,FALSE,FALSE
11,2574,39.743589744,31,47,41.145833333,79,192,78,TRUE,"SO","Eppenberg-Wöschnau","Eppenberg-Wöschnau","Eppenberg-Wöschnau","Eppenberg-Wöschnau SO","Eppenberg-Wöschnau (SO)","Eppenberg-Wöschnau (SO)","Solothurn","Soleure","Soletta","https://thumb.wikimedia.org/wikipedia/commons/thumb/a/a0/EppenbergW%C3%B6schnau-blazon.svg/250px-EppenbergW%C3%B6schnau-blazon.svg.png",28.140552519,FALSE,FALSE
11,2575,,,,,,,,FALSE,"SO","Fulenbach","Fulenbach","Fulenbach","Fulenbach SO","Fulenbach (SO)","Fulenbach (SO)","Solothurn","Soleure","Soletta","https://upload.wikimedia.org/wikipedia/commons/4/4c/Fulenbach-blason.png",28.140552519,FALSE,FALSE
11,2576,28.311688312,218,552,45.017381228,777,1726,770,TRUE,"SO","Gretzenbach","Gretzenbach","Gretzenbach","Gretzenbach SO","Gretzenbach (SO)","Gretzenbach (SO)","Solothurn","Soleure","Soletta","https://upload.wikimedia.org/wikipedia/commons/c/c1/Gretzenbach-blason.png",28.140552519,FALSE,FALSE
11,2578,30.418250951,160,366,39.848484848,526,1320,526,TRUE,"SO","Gunzgen","Gunzgen","Gunzgen","Gunzgen SO","Gunzgen (SO)","Gunzgen (SO)","Solothurn","Soleure","Soletta","https://upload.wikimedia.org/wikipedia/commons/0/01/Gunzgen-blason.png",28.140552519,FALSE,FALSE
11,2579,31.40556369,429,937,42.565055762,1374,3228,1366,TRUE,"SO","Hägendorf","Hägendorf","Hägendorf","Hägendorf SO","Hägendorf (SO)","Hägendorf (SO)","Solothurn","Soleure","Soletta","https://thumb.wikimedia.org/wikipedia/commons/thumb/5/51/H%C3%A4gendorf-blazon.svg/250px-H%C3%A4gendorf-blazon.svg.png",28.140552519,FALSE,FALSE
11,2580,24.832214765,222,672,40.514905149,897,2214,894,TRUE,"SO","Kappel SO","Kappel (SO)","Kappel SO","Kappel SO","Kappel (SO)","Kappel (SO)","Solothurn","Soleure","Soletta","https://thumb.wikimedia.org/wikipedia/commons/thumb/6/60/CHE_Kappel_SO_COA.svg/500px-CHE_Kappel_SO_COA.svg.png",28.140552519,FALSE,FALSE
11,2581,,,,,,,,FALSE,"SO","Olten","Olten","Olten","Olten SO","Olten (SO)","Olten (SO)","Solothurn","Soleure","Soletta","https://thumb.wikimedia.org/wikipedia/commons/thumb/3/3d/Olten-blason.svg/500px-Olten-blason.svg.png",28.140552519,FALSE,FALSE
11,2582,26.627218935,90,248,41.98757764,338,805,338,TRUE,"SO","Rickenbach SO","Rickenbach (SO)","Rickenbach SO","Rickenbach SO","Rickenbach (SO)","Rickenbach (SO)","Solothurn","Soleure","Soletta","https://upload.wikimedia.org/wikipedia/commons/7/79/Rickenbach-blason.png",28.140552519,FALSE,FALSE
11,2583,29.855371901,289,679,35.617442287,972,2729,968,TRUE,"SO","Schönenwerd","Schönenwerd","Schönenwerd","Schönenwerd SO","Schönenwerd (SO)","Schönenwerd (SO)","Solothurn","Soleure","Soletta","https://thumb.wikimedia.org/wikipedia/commons/thumb/1/12/CHE_Sch%C3%B6nenwerd_COA.svg/250px-CHE_Sch%C3%B6nenwerd_COA.svg.png",28.140552519,FALSE,FALSE
11,2584,16.244411326,109,562,49.705014749,674,1356,671,TRUE,"SO","Starrkirch-Wil","Starrkirch-Wil","Starrkirch-Wil","Starrkirch-Wil SO","Starrkirch-Wil (SO)","Starrkirch-Wil (SO)","Solothurn","Soleure","Soletta","https://upload.wikimedia.org/wikipedia/commons/2/28/Starrkirch-Wil-blason.png",28.140552519,FALSE,FALSE
11,2585,37.823834197,73,120,34.219858156,193,564,193,TRUE,"SO","Walterswil SO","Walterswil (SO)","Walterswil SO","Walterswil SO","Walterswil (SO)","Walterswil (SO)","Solothurn","Soleure","Soletta","https://thumb.wikimedia.org/wikipedia/commons/thumb/c/cf/CHE_Walterswil_SO_COA.svg/120px-CHE_Walterswil_SO_COA.svg.png",28.140552519,FALSE,FALSE
11,2586,25.287356322,352,1040,41.515601783,1397,3365,1392,TRUE,"SO","Wangen bei Olten","Wangen bei Olten","Wangen bei Olten","Wangen bei Olten SO","Wangen bei Olten (SO)","Wangen bei Olten (SO)","Solothurn","Soleure","Soletta","https://upload.wikimedia.org/wikipedia/commons/1/13/Wangen_bO-blason.png",28.140552519,FALSE,FALSE
11,2601,15.190103693,835,4662,47.801295896,5533,11575,5497,TRUE,"SO","Solothurn","Soleure","Soletta","Solothurn SO","Soleure (SO)","Soletta (SO)","Solothurn","Soleure","Soletta","https://thumb.wikimedia.org/wikipedia/commons/thumb/b/b7/Wappen_Solothurn_matt.svg/500px-Wappen_Solothurn_matt.svg.png",28.140552519,FALSE,FALSE
11,2611,39.735099338,120,182,48.489666137,305,629,302,TRUE,"SO","Bärschwil","Bärschwil","Bärschwil","Bärschwil SO","Bärschwil (SO)","Bärschwil (SO)","Solothurn","Soleure","Soletta","https://thumb.wikimedia.org/wikipedia/commons/thumb/f/fd/B%C3%A4rschwil-blazon.svg/250px-B%C3%A4rschwil-blazon.svg.png",28.140552519,FALSE,FALSE
11,2612,50,49,49,50.256410256,98,195,98,TRUE,"SO","Beinwil SO","Beinwil (SO)","Beinwil SO","Beinwil SO","Beinwil (SO)","Beinwil (SO)","Solothurn","Soleure","Soletta","https://thumb.wikimedia.org/wikipedia/commons/thumb/a/a2/Beinwil_SO-blazon.svg/250px-Beinwil_SO-blazon.svg.png",28.140552519,FALSE,FALSE
11,2613,30.776255708,337,758,40.898959881,1101,2692,1095,TRUE,"SO","Breitenbach","Breitenbach","Breitenbach","Breitenbach SO","Breitenbach (SO)","Breitenbach (SO)","Solothurn","Soleure","Soletta","https://thumb.wikimedia.org/wikipedia/commons/thumb/e/e4/Breitenbach_SO-blazon.svg/250px-Breitenbach_SO-blazon.svg.png",28.140552519,FALSE,FALSE
11,2614,39.831697055,284,429,41.719930273,718,1721,713,TRUE,"SO","Büsserach","Büsserach","Büsserach","Büsserach SO","Büsserach (SO)","Büsserach (SO)","Solothurn","Soleure","Soletta","https://thumb.wikimedia.org/wikipedia/commons/thumb/d/d0/B%C3%BCsserach-blazon.svg/250px-B%C3%BCsserach-blazon.svg.png",28.140552519,FALSE,FALSE
11,2615,45.679012346,148,176,47.598253275,327,687,324,TRUE,"SO","Erschwil","Erschwil","Erschwil","Erschwil SO","Erschwil (SO)","Erschwil (SO)","Solothurn","Soleure","Soletta","https://upload.wikimedia.org/wikipedia/commons/d/d6/Erschwil-blason.png",28.140552519,FALSE,FALSE
11,2616,41.152263374,100,143,50.409836066,246,488,243,TRUE,"SO","Fehren","Fehren","Fehren","Fehren SO","Fehren (SO)","Fehren (SO)","Solothurn","Soleure","Soletta","https://upload.wikimedia.org/wikipedia/commons/1/1e/Fehren-blason.png",28.140552519,FALSE,FALSE
11,2617,44.02173913,81,103,47.193877551,185,392,184,TRUE,"SO","Grindel","Grindel","Grindel","Grindel SO","Grindel (SO)","Grindel (SO)","Solothurn","Soleure","Soletta","https://thumb.wikimedia.org/wikipedia/commons/thumb/5/56/Grindel-blazon.svg/250px-Grindel-blazon.svg.png",28.140552519,FALSE,FALSE
11,2618,34.89010989,127,237,50.345781466,364,723,364,TRUE,"SO","Himmelried","Himmelried","Himmelried","Himmelried SO","Himmelried (SO)","Himmelried (SO)","Solothurn","Soleure","Soletta","https://thumb.wikimedia.org/wikipedia/commons/thumb/0/08/CHE_Himmelried_COA.svg/960px-CHE_Himmelried_COA.svg.png",28.140552519,FALSE,FALSE
11,2619,37.825059102,160,263,46.153846154,426,923,423,TRUE,"SO","Kleinlützel","Kleinlützel","Kleinlützel","Kleinlützel SO","Kleinlützel (SO)","Kleinlützel (SO)","Solothurn","Soleure","Soletta","https://thumb.wikimedia.org/wikipedia/commons/thumb/5/58/CHE_Kleinl%C3%BCtzel_COA.svg/500px-CHE_Kleinl%C3%BCtzel_COA.svg.png",28.140552519,FALSE,FALSE
11,2620,42.5,102,138,51.502145923,240,466,240,TRUE,"SO","Meltingen","Meltingen","Meltingen","Meltingen SO","Meltingen (SO)","Meltingen (SO)","Solothurn","Soleure","Soletta","https://upload.wikimedia.org/wikipedia/commons/1/11/Meltingen-blason.png",28.140552519,FALSE,FALSE
11,2621,39,273,427,45.942408377,702,1528,700,TRUE,"SO","Nunningen","Nunningen","Nunningen","Nunningen SO","Nunningen (SO)","Nunningen (SO)","Solothurn","Soleure","Soletta","https://upload.wikimedia.org/wikipedia/commons/0/0d/Nunningen-blason.png",28.140552519,FALSE,FALSE
11,2622,47.196261682,101,113,45.338983051,214,472,214,TRUE,"SO","Zullwil","Zullwil","Zullwil","Zullwil SO","Zullwil (SO)","Zullwil (SO)","Solothurn","Soleure","Soletta","https://thumb.wikimedia.org/wikipedia/commons/thumb/8/86/Zullwil-blazon.svg/250px-Zullwil-blazon.svg.png",28.140552519,FALSE,FALSE
12,2701,19.326918754,8597,35885,49.41238669,44862,90791,44482,FALSE,"BS","Basel","Bâle","Basilea","Basel BS","Bâle (BS)","Basilea (BS)","Basel-Stadt","Bâle-Ville","Basilea Città","https://thumb.wikimedia.org/wikipedia/commons/thumb/7/7d/Wappen_Basel-Stadt_matt.svg/960px-Wappen_Basel-Stadt_matt.svg.png",20.075806127,FALSE,FALSE
12,2702,26.10619469,118,334,58.92169448,459,779,452,FALSE,"BS","Bettingen","Bettingen","Bettingen","Bettingen BS","Bettingen (BS)","Bettingen (BS)","Basel-Stadt","Bâle-Ville","Basilea Città","https://thumb.wikimedia.org/wikipedia/commons/thumb/b/bb/CHE_Bettingen_BS_COA.svg/500px-CHE_Bettingen_BS_COA.svg.png",20.075806127,FALSE,FALSE
12,2703,22.665947113,1680,5732,56.758195786,7462,13147,7412,FALSE,"BS","Riehen","Riehen","Riehen","Riehen BS","Riehen (BS)","Riehen (BS)","Basel-Stadt","Bâle-Ville","Basilea Città","https://thumb.wikimedia.org/wikipedia/commons/thumb/a/aa/CHE_Riehen_COA.svg/500px-CHE_Riehen_COA.svg.png",20.075806127,FALSE,FALSE
13,2761,26.888326708,744,2023,40.131016804,2818,7022,2767,TRUE,"BL","Aesch BL","Aesch (BL)","Aesch BL","Aesch BL","Aesch (BL)","Aesch (BL)","Basel-Landschaft","Bâle-Campagne","Basilea Campagna","https://thumb.wikimedia.org/wikipedia/commons/thumb/3/32/CHE_Aesch_BL_COA.svg/960px-CHE_Aesch_BL_COA.svg.png",26.532157147,FALSE,FALSE
13,2762,21.683626272,1172,4233,42.415539264,5612,13231,5405,TRUE,"BL","Allschwil","Allschwil","Allschwil","Allschwil BL","Allschwil (BL)","Allschwil (BL)","Basel-Landschaft","Bâle-Campagne","Basilea Campagna","https://thumb.wikimedia.org/wikipedia/commons/thumb/3/3c/CHE_Allschwil_COA.svg/960px-CHE_Allschwil_COA.svg.png",26.532157147,FALSE,FALSE
13,2763,21.779242175,661,2374,49.47351878,3148,6363,3035,TRUE,"BL","Arlesheim","Arlesheim","Arlesheim","Arlesheim BL","Arlesheim (BL)","Arlesheim (BL)","Basel-Landschaft","Bâle-Campagne","Basilea Campagna","https://thumb.wikimedia.org/wikipedia/commons/thumb/d/db/CHE_Arlesheim_COA.svg/960px-CHE_Arlesheim_COA.svg.png",26.532157147,FALSE,FALSE
13,2764,23.686405338,284,915,46.60856385,1230,2639,1199,TRUE,"BL","Biel-Benken","Biel-Benken","Biel-Benken","Biel-Benken BL","Biel-Benken (BL)","Biel-Benken (BL)","Basel-Landschaft","Bâle-Campagne","Basilea Campagna","https://thumb.wikimedia.org/wikipedia/commons/thumb/d/d0/CHE_Biel-Benken_COA.svg/960px-CHE_Biel-Benken_COA.svg.png",26.532157147,FALSE,FALSE
13,2765,20.652856246,987,3792,49.68956743,4882,9825,4779,TRUE,"BL","Binningen","Binningen","Binningen","Binningen BL","Binningen (BL)","Binningen (BL)","Basel-Landschaft","Bâle-Campagne","Basilea Campagna","https://thumb.wikimedia.org/wikipedia/commons/thumb/5/56/CHE_Binningen_COA.svg/500px-CHE_Binningen_COA.svg.png",26.532157147,FALSE,FALSE
13,2766,24.868483979,520,1571,36.6268305,2176,5941,2091,TRUE,"BL","Birsfelden","Birsfelden","Birsfelden","Birsfelden BL","Birsfelden (BL)","Birsfelden (BL)","Basel-Landschaft","Bâle-Campagne","Basilea Campagna","https://thumb.wikimedia.org/wikipedia/commons/thumb/8/8d/Coat_of_arms_of_Birsfelden.svg/960px-Coat_of_arms_of_Birsfelden.svg.png",26.532157147,FALSE,FALSE
13,2767,,,,,,,,FALSE,"BL","Bottmingen","Bottmingen","Bottmingen","Bottmingen BL","Bottmingen (BL)","Bottmingen (BL)","Basel-Landschaft","Bâle-Campagne","Basilea Campagna","https://thumb.wikimedia.org/wikipedia/commons/thumb/b/bd/CHE_Bottmingen_COA.svg/960px-CHE_Bottmingen_COA.svg.png",26.532157147,FALSE,FALSE
13,2768,25.836758661,440,1263,46.12962477,1758,3811,1703,TRUE,"BL","Ettingen","Ettingen","Ettingen","Ettingen BL","Ettingen (BL)","Ettingen (BL)","Basel-Landschaft","Bâle-Campagne","Basilea Campagna","https://thumb.wikimedia.org/wikipedia/commons/thumb/8/87/Coat_of_arms_of_Ettingen.svg/960px-Coat_of_arms_of_Ettingen.svg.png",26.532157147,FALSE,FALSE
13,2769,21.387651178,672,2470,41.516292354,3198,7703,3142,TRUE,"BL","Münchenstein","Münchenstein","Münchenstein","Münchenstein BL","Münchenstein (BL)","Münchenstein (BL)","Basel-Landschaft","Bâle-Campagne","Basilea Campagna","https://thumb.wikimedia.org/wikipedia/commons/thumb/7/7d/CHE_M%C3%BCnchenstein_COA.svg/500px-CHE_M%C3%BCnchenstein_COA.svg.png",26.532157147,FALSE,FALSE
13,2770,,,,,,,,FALSE,"BL","Muttenz","Muttenz","Muttenz","Muttenz BL","Muttenz (BL)","Muttenz (BL)","Basel-Landschaft","Bâle-Campagne","Basilea Campagna","https://upload.wikimedia.org/wikipedia/commons/6/67/Wappen_Muttenz.png",26.532157147,FALSE,FALSE
13,2771,,,,,,,,FALSE,"BL","Oberwil BL","Oberwil (BL)","Oberwil BL","Oberwil BL","Oberwil (BL)","Oberwil (BL)","Basel-Landschaft","Bâle-Campagne","Basilea Campagna","https://thumb.wikimedia.org/wikipedia/commons/thumb/2/2a/CHE_Oberwil_BL_COA.svg/960px-CHE_Oberwil_BL_COA.svg.png",26.532157147,FALSE,FALSE
13,2772,26.162790698,225,635,50.781702374,877,1727,860,TRUE,"BL","Pfeffingen","Pfeffingen","Pfeffingen","Pfeffingen BL","Pfeffingen (BL)","Pfeffingen (BL)","Basel-Landschaft","Bâle-Campagne","Basilea Campagna","https://thumb.wikimedia.org/wikipedia/commons/thumb/0/07/Coat_of_arms_of_Pfeffingen_BL.svg/960px-Coat_of_arms_of_Pfeffingen_BL.svg.png",26.532157147,FALSE,FALSE
13,2773,23.365683941,1276,4185,41.268667751,5582,13526,5461,TRUE,"BL","Reinach BL","Reinach (BL)","Reinach BL","Reinach BL","Reinach (BL)","Reinach (BL)","Basel-Landschaft","Bâle-Campagne","Basilea Campagna","https://thumb.wikimedia.org/wikipedia/commons/thumb/a/af/CHE_Reinach_BL_COA.svg/960px-CHE_Reinach_BL_COA.svg.png",26.532157147,FALSE,FALSE
13,2774,27.256944444,157,419,53.40599455,588,1101,576,TRUE,"BL","Schönenbuch","Schönenbuch","Schönenbuch","Schönenbuch BL","Schönenbuch (BL)","Schönenbuch (BL)","Basel-Landschaft","Bâle-Campagne","Basilea Campagna","https://thumb.wikimedia.org/wikipedia/commons/thumb/6/6b/CHE_Sch%C3%B6nenbuch_COA.svg/500px-CHE_Sch%C3%B6nenbuch_COA.svg.png",26.532157147,FALSE,FALSE
13,2775,,,,,,,,FALSE,"BL","Therwil","Therwil","Therwil","Therwil BL","Therwil (BL)","Therwil (BL)","Basel-Landschaft","Bâle-Campagne","Basilea Campagna","https://thumb.wikimedia.org/wikipedia/commons/thumb/4/4a/Coat_of_arms_of_Therwil.svg/960px-Coat_of_arms_of_Therwil.svg.png",26.532157147,FALSE,FALSE
13,2781,32.302405498,94,197,51.943462898,294,566,291,TRUE,"BL","Blauen","Blauen","Blauen","Blauen BL","Blauen (BL)","Blauen (BL)","Basel-Landschaft","Bâle-Campagne","Basilea Campagna","https://thumb.wikimedia.org/wikipedia/commons/thumb/8/87/Coat_of_arms_of_Blauen_BL.svg/960px-Coat_of_arms_of_Blauen_BL.svg.png",26.532157147,FALSE,FALSE
13,2782,43.366336634,219,286,39.675174014,513,1293,505,TRUE,"BL","Brislach","Brislach","Brislach","Brislach BL","Brislach (BL)","Brislach (BL)","Basel-Landschaft","Bâle-Campagne","Basilea Campagna","https://thumb.wikimedia.org/wikipedia/commons/thumb/0/02/Coat_of_arms_of_Brislach.svg/960px-Coat_of_arms_of_Brislach.svg.png",26.532157147,FALSE,FALSE
13,2783,34.020618557,33,64,47.641509434,101,212,97,TRUE,"BL","Burg im Leimental","Burg im Leimental","Burg im Leimental","Burg im Leimental BL","Burg im Leimental (BL)","Burg im Leimental (BL)","Basel-Landschaft","Bâle-Campagne","Basilea Campagna","https://thumb.wikimedia.org/wikipedia/commons/thumb/4/4e/Coat_of_arms_of_Burg_im_Leimental.svg/960px-Coat_of_arms_of_Burg_im_Leimental.svg.png",26.532157147,FALSE,FALSE
13,2784,37.916666667,91,149,45.951035782,244,531,240,TRUE,"BL","Dittingen","Dittingen","Dittingen","Dittingen BL","Dittingen (BL)","Dittingen (BL)","Basel-Landschaft","Bâle-Campagne","Basilea Campagna","https://upload.wikimedia.org/wikipedia/commons/0/0b/Wappen_Dittingen.png",26.532157147,FALSE,FALSE
13,2785,32.548179872,152,315,44.853635505,475,1059,467,TRUE,"BL","Duggingen","Duggingen","Duggingen","Duggingen BL","Duggingen (BL)","Duggingen (BL)","Basel-Landschaft","Bâle-Campagne","Basilea Campagna","https://upload.wikimedia.org/wikipedia/commons/8/81/Wappen_Duggingen.png",26.532157147,FALSE,FALSE
13,2786,34.441805226,145,276,36.432160804,435,1194,421,TRUE,"BL","Grellingen","Grellingen","Grellingen","Grellingen BL","Grellingen (BL)","Grellingen (BL)","Basel-Landschaft","Bâle-Campagne","Basilea Campagna","https://thumb.wikimedia.org/wikipedia/commons/thumb/a/a4/Grellingen_coat_of_arms.svg/960px-Grellingen_coat_of_arms.svg.png",26.532157147,FALSE,FALSE
13,2787,27.184466019,448,1200,46.168741355,1669,3615,1648,TRUE,"BL","Laufen","Laufon","Laufon","Laufen BL","Laufon (BL)","Laufon (BL)","Basel-Landschaft","Bâle-Campagne","Basilea Campagna","https://thumb.wikimedia.org/wikipedia/commons/thumb/e/e6/CHE_Laufen_BL_official_COA.svg/500px-CHE_Laufen_BL_official_COA.svg.png",26.532157147,FALSE,FALSE
13,2788,40.555555556,146,214,42.772511848,361,844,360,TRUE,"BL","Liesberg","Liesberg","Liesberg","Liesberg BL","Liesberg (BL)","Liesberg (BL)","Basel-Landschaft","Bâle-Campagne","Basilea Campagna","https://upload.wikimedia.org/wikipedia/commons/b/b5/Wappen_Liesberg.png",26.532157147,FALSE,FALSE
13,2789,48.520710059,82,87,52.095808383,174,334,169,TRUE,"BL","Nenzlingen","Nenzlingen","Nenzlingen","Nenzlingen BL","Nenzlingen (BL)","Nenzlingen (BL)","Basel-Landschaft","Bâle-Campagne","Basilea Campagna","https://thumb.wikimedia.org/wikipedia/commons/thumb/d/da/Wappen_Nenzlingen.png/960px-Wappen_Nenzlingen.png",26.532157147,FALSE,FALSE
13,2790,50,44,44,39.224137931,91,232,88,TRUE,"BL","Roggenburg","Roggenburg","Roggenburg","Roggenburg BL","Roggenburg (BL)","Roggenburg (BL)","Basel-Landschaft","Bâle-Campagne","Basilea Campagna","https://upload.wikimedia.org/wikipedia/commons/a/ad/Wappen_Roggenburg_BL.png",26.532157147,FALSE,FALSE
13,2791,32.888888889,222,453,46.226415094,686,1484,675,TRUE,"BL","Röschenz","Röschenz","Röschenz","Röschenz BL","Röschenz (BL)","Röschenz (BL)","Basel-Landschaft","Bâle-Campagne","Basilea Campagna","https://thumb.wikimedia.org/wikipedia/commons/thumb/4/4a/CHE_R%C3%B6schenz_COA.svg/960px-CHE_R%C3%B6schenz_COA.svg.png",26.532157147,FALSE,FALSE
13,2792,45.089285714,202,246,39.84028394,449,1127,448,TRUE,"BL","Wahlen","Wahlen","Wahlen","Wahlen BL","Wahlen (BL)","Wahlen (BL)","Basel-Landschaft","Bâle-Campagne","Basilea Campagna","https://upload.wikimedia.org/wikipedia/commons/7/7a/Wappen_Wahlen.png",26.532157147,FALSE,FALSE
13,2793,35.218978102,193,355,31.995346131,550,1719,548,TRUE,"BL","Zwingen","Zwingen","Zwingen","Zwingen BL","Zwingen (BL)","Zwingen (BL)","Basel-Landschaft","Bâle-Campagne","Basilea Campagna","https://thumb.wikimedia.org/wikipedia/commons/thumb/f/f5/Coat_of_arms_of_Zwingen.svg/960px-Coat_of_arms_of_Zwingen.svg.png",26.532157147,FALSE,FALSE
13,2821,36.4,182,318,42.69005848,511,1197,500,TRUE,"BL","Arisdorf","Arisdorf","Arisdorf","Arisdorf BL","Arisdorf (BL)","Arisdorf (BL)","Basel-Landschaft","Bâle-Campagne","Basilea Campagna","https://upload.wikimedia.org/wikipedia/commons/3/36/Wappen_Arisdorf.png",26.532157147,FALSE,FALSE
13,2822,29.568106312,89,212,41.882673943,307,733,301,TRUE,"BL","Augst","Augst","Augst","Augst BL","Augst (BL)","Augst (BL)","Basel-Landschaft","Bâle-Campagne","Basilea Campagna","https://upload.wikimedia.org/wikipedia/commons/5/53/Wappen_Augst.png",26.532157147,FALSE,FALSE
13,2823,24.842105263,354,1071,46.881028939,1458,3110,1425,TRUE,"BL","Bubendorf","Bubendorf","Bubendorf","Bubendorf BL","Bubendorf (BL)","Bubendorf (BL)","Basel-Landschaft","Bâle-Campagne","Basilea Campagna","https://thumb.wikimedia.org/wikipedia/commons/thumb/4/41/Coat_of_arms_of_Bubendorf_BL.svg/960px-Coat_of_arms_of_Bubendorf_BL.svg.png",26.532157147,FALSE,FALSE
13,2824,23.141762452,302,1003,37.962178944,1345,3543,1305,TRUE,"BL","Frenkendorf","Frenkendorf","Frenkendorf","Frenkendorf BL","Frenkendorf (BL)","Frenkendorf (BL)","Basel-Landschaft","Bâle-Campagne","Basilea Campagna","https://thumb.wikimedia.org/wikipedia/commons/thumb/5/5e/CHE_Frenkendorf_COA.svg/500px-CHE_Frenkendorf_COA.svg.png",26.532157147,FALSE,FALSE
13,2825,26.702033599,302,829,42.551622419,1154,2712,1131,TRUE,"BL","Füllinsdorf","Füllinsdorf","Füllinsdorf","Füllinsdorf BL","Füllinsdorf (BL)","Füllinsdorf (BL)","Basel-Landschaft","Bâle-Campagne","Basilea Campagna","https://upload.wikimedia.org/wikipedia/commons/f/f5/Wappen_Fuellinsdorf.png",26.532157147,FALSE,FALSE
13,2826,35.357142857,99,181,42.433234421,286,674,280,TRUE,"BL","Giebenach","Giebenach","Giebenach","Giebenach BL","Giebenach (BL)","Giebenach (BL)","Basel-Landschaft","Bâle-Campagne","Basilea Campagna","https://thumb.wikimedia.org/wikipedia/commons/thumb/2/20/Coat_of_arms_of_Giebenach.svg/960px-Coat_of_arms_of_Giebenach.svg.png",26.532157147,FALSE,FALSE
13,2827,33.333333333,41,82,41.694915254,123,295,123,TRUE,"BL","Hersberg","Hersberg","Hersberg","Hersberg BL","Hersberg (BL)","Hersberg (BL)","Basel-Landschaft","Bâle-Campagne","Basilea Campagna","https://thumb.wikimedia.org/wikipedia/commons/thumb/1/1a/Coat_of_arms_of_Hersberg.svg/960px-Coat_of_arms_of_Hersberg.svg.png",26.532157147,FALSE,FALSE
13,2828,30.084151473,429,997,40.961484397,1457,3557,1426,TRUE,"BL","Lausen","Lausen","Lausen","Lausen BL","Lausen (BL)","Lausen (BL)","Basel-Landschaft","Bâle-Campagne","Basilea Campagna","https://thumb.wikimedia.org/wikipedia/commons/thumb/8/89/CHE_Lausen_BL_COA.svg/960px-CHE_Lausen_BL_COA.svg.png",26.532157147,FALSE,FALSE
13,2829,21.908568574,877,3126,42.548958006,4063,9549,4003,TRUE,"BL","Liestal","Liestal","Liestal","Liestal BL","Liestal (BL)","Liestal (BL)","Basel-Landschaft","Bâle-Campagne","Basilea Campagna","https://thumb.wikimedia.org/wikipedia/commons/thumb/8/82/Coat_of_arms_of_Liestal.svg/960px-Coat_of_arms_of_Liestal.svg.png",26.532157147,FALSE,FALSE
13,2830,22.932330827,122,410,47.733333333,537,1125,532,TRUE,"BL","Lupsingen","Lupsingen","Lupsingen","Lupsingen BL","Lupsingen (BL)","Lupsingen (BL)","Basel-Landschaft","Bâle-Campagne","Basilea Campagna","https://upload.wikimedia.org/wikipedia/commons/5/5f/Wappen_Lupsingen.png",26.532157147,FALSE,FALSE
13,2831,,,,,,,,FALSE,"BL","Pratteln","Pratteln","Pratteln","Pratteln BL","Pratteln (BL)","Pratteln (BL)","Basel-Landschaft","Bâle-Campagne","Basilea Campagna","https://thumb.wikimedia.org/wikipedia/commons/thumb/4/4a/Pratteln-coat_of_arms.svg/960px-Pratteln-coat_of_arms.svg.png",26.532157147,FALSE,FALSE
13,2832,27.125506073,67,180,46.481481481,251,540,247,TRUE,"BL","Ramlinsburg","Ramlinsburg","Ramlinsburg","Ramlinsburg BL","Ramlinsburg (BL)","Ramlinsburg (BL)","Basel-Landschaft","Bâle-Campagne","Basilea Campagna","https://thumb.wikimedia.org/wikipedia/commons/thumb/1/10/Coat_of_arms_of_Ramlinsburg.svg/960px-Coat_of_arms_of_Ramlinsburg.svg.png",26.532157147,FALSE,FALSE
13,2833,24.264705882,132,412,53.557692308,557,1040,544,TRUE,"BL","Seltisberg","Seltisberg","Seltisberg","Seltisberg BL","Seltisberg (BL)","Seltisberg (BL)","Basel-Landschaft","Bâle-Campagne","Basilea Campagna","https://thumb.wikimedia.org/wikipedia/commons/thumb/f/f9/Coat_of_arms_of_Seltisberg.svg/960px-Coat_of_arms_of_Seltisberg.svg.png",26.532157147,FALSE,FALSE
13,2834,26.19760479,175,493,52.274479568,678,1297,668,TRUE,"BL","Ziefen","Ziefen","Ziefen","Ziefen BL","Ziefen (BL)","Ziefen (BL)","Basel-Landschaft","Bâle-Campagne","Basilea Campagna","https://thumb.wikimedia.org/wikipedia/commons/thumb/e/e4/CHE_Ziefen_COA.svg/960px-CHE_Ziefen_COA.svg.png",26.532157147,FALSE,FALSE
13,2841,41.624365482,82,115,48.009367681,205,427,197,TRUE,"BL","Anwil","Anwil","Anwil","Anwil BL","Anwil (BL)","Anwil (BL)","Basel-Landschaft","Bâle-Campagne","Basilea Campagna","https://thumb.wikimedia.org/wikipedia/commons/thumb/2/23/Coat_of_arms_of_Anwil.svg/960px-Coat_of_arms_of_Anwil.svg.png",26.532157147,FALSE,FALSE
13,2842,,,,,,,,FALSE,"BL","Böckten","Böckten","Böckten","Böckten BL","Böckten (BL)","Böckten (BL)","Basel-Landschaft","Bâle-Campagne","Basilea Campagna","https://thumb.wikimedia.org/wikipedia/commons/thumb/7/7f/Coat_of_arms_of_Boeckten.svg/960px-Coat_of_arms_of_Boeckten.svg.png",26.532157147,FALSE,FALSE
13,2843,27.102803738,58,156,42.436149312,216,509,214,TRUE,"BL","Buckten","Buckten","Buckten","Buckten BL","Buckten (BL)","Buckten (BL)","Basel-Landschaft","Bâle-Campagne","Basilea Campagna","https://thumb.wikimedia.org/wikipedia/commons/thumb/3/39/Coat_of_arms_of_Buckten.svg/960px-Coat_of_arms_of_Buckten.svg.png",26.532157147,FALSE,FALSE
13,2844,36.388888889,131,229,44.621026895,365,818,360,TRUE,"BL","Buus","Buus","Buus","Buus BL","Buus (BL)","Buus (BL)","Basel-Landschaft","Bâle-Campagne","Basilea Campagna","https://thumb.wikimedia.org/wikipedia/commons/thumb/5/50/CHE_Buus_COA.svg/960px-CHE_Buus_COA.svg.png",26.532157147,FALSE,FALSE
13,2845,33.490566038,71,141,38.97996357,214,549,212,TRUE,"BL","Diepflingen","Diepflingen","Diepflingen","Diepflingen BL","Diepflingen (BL)","Diepflingen (BL)","Basel-Landschaft","Bâle-Campagne","Basilea Campagna","https://thumb.wikimedia.org/wikipedia/commons/thumb/5/5d/Coat_of_arms_of_Diepflingen.svg/960px-Coat_of_arms_of_Diepflingen.svg.png",26.532157147,FALSE,FALSE
13,2846,23.359580052,445,1460,43.425488874,1932,4449,1905,TRUE,"BL","Gelterkinden","Gelterkinden","Gelterkinden","Gelterkinden BL","Gelterkinden (BL)","Gelterkinden (BL)","Basel-Landschaft","Bâle-Campagne","Basilea Campagna","https://thumb.wikimedia.org/wikipedia/commons/thumb/6/69/CHE_Gelterkinden_COA.svg/960px-CHE_Gelterkinden_COA.svg.png",26.532157147,FALSE,FALSE
13,2847,35.483870968,33,60,45.365853659,93,205,93,TRUE,"BL","Häfelfingen","Häfelfingen","Häfelfingen","Häfelfingen BL","Häfelfingen (BL)","Häfelfingen (BL)","Basel-Landschaft","Bâle-Campagne","Basilea Campagna","https://upload.wikimedia.org/wikipedia/commons/4/45/Haefelfingen-coat_of_arms.png",26.532157147,FALSE,FALSE
13,2848,52.127659574,49,45,45.327102804,97,214,94,TRUE,"BL","Hemmiken","Hemmiken","Hemmiken","Hemmiken BL","Hemmiken (BL)","Hemmiken (BL)","Basel-Landschaft","Bâle-Campagne","Basilea Campagna","https://thumb.wikimedia.org/wikipedia/commons/thumb/b/b8/Coat_of_arms_of_Hemmiken.svg/960px-Coat_of_arms_of_Hemmiken.svg.png",26.532157147,FALSE,FALSE
13,2849,,,,,,,,FALSE,"BL","Itingen","Itingen","Itingen","Itingen BL","Itingen (BL)","Itingen (BL)","Basel-Landschaft","Bâle-Campagne","Basilea Campagna","https://thumb.wikimedia.org/wikipedia/commons/thumb/9/90/Wappen_Itingen.svg/500px-Wappen_Itingen.svg.png",26.532157147,FALSE,FALSE
13,2850,33.333333333,59,118,42.380952381,178,420,177,TRUE,"BL","Känerkinden","Känerkinden","Känerkinden","Känerkinden BL","Känerkinden (BL)","Känerkinden (BL)","Basel-Landschaft","Bâle-Campagne","Basilea Campagna","https://upload.wikimedia.org/wikipedia/commons/f/f5/Wappen_Kaenerkinden.png",26.532157147,FALSE,FALSE
13,2851,23.80952381,20,64,59.440559441,85,143,84,TRUE,"BL","Kilchberg BL","Kilchberg (BL)","Kilchberg BL","Kilchberg BL","Kilchberg (BL)","Kilchberg (BL)","Basel-Landschaft","Bâle-Campagne","Basilea Campagna","https://thumb.wikimedia.org/wikipedia/commons/thumb/7/7e/Coat_of_arms_of_Kilchberg_BL.svg/960px-Coat_of_arms_of_Kilchberg_BL.svg.png",26.532157147,FALSE,FALSE
13,2852,35.135135135,169,312,46.428571429,481,1036,481,TRUE,"BL","Läufelfingen","Läufelfingen","Läufelfingen","Läufelfingen BL","Läufelfingen (BL)","Läufelfingen (BL)","Basel-Landschaft","Bâle-Campagne","Basilea Campagna","https://upload.wikimedia.org/wikipedia/commons/2/2f/Wappen_Laeufelfingen.png",26.532157147,FALSE,FALSE
13,2853,27.808988764,99,257,51.146131805,357,698,356,TRUE,"BL","Maisprach","Maisprach","Maisprach","Maisprach BL","Maisprach (BL)","Maisprach (BL)","Basel-Landschaft","Bâle-Campagne","Basilea Campagna","https://thumb.wikimedia.org/wikipedia/commons/thumb/6/61/Coat_of_arms_of_Maisprach.svg/960px-Coat_of_arms_of_Maisprach.svg.png",26.532157147,FALSE,FALSE
13,2854,32.743362832,37,76,51.111111111,115,225,113,TRUE,"BL","Nusshof","Nusshof","Nusshof","Nusshof BL","Nusshof (BL)","Nusshof (BL)","Basel-Landschaft","Bâle-Campagne","Basilea Campagna","https://thumb.wikimedia.org/wikipedia/commons/thumb/f/fa/Coat_of_arms_of_Nusshof.svg/960px-Coat_of_arms_of_Nusshof.svg.png",26.532157147,FALSE,FALSE
13,2855,28.440366972,62,156,56.777493606,222,391,218,TRUE,"BL","Oltingen","Oltingen","Oltingen","Oltingen BL","Oltingen (BL)","Oltingen (BL)","Basel-Landschaft","Bâle-Campagne","Basilea Campagna","https://thumb.wikimedia.org/wikipedia/commons/thumb/c/ce/Coat_of_arms_of_Oltingen.svg/960px-Coat_of_arms_of_Oltingen.svg.png",26.532157147,FALSE,FALSE
13,2856,31.778425656,218,468,40.494408476,688,1699,686,TRUE,"BL","Ormalingen","Ormalingen","Ormalingen","Ormalingen BL","Ormalingen (BL)","Ormalingen (BL)","Basel-Landschaft","Bâle-Campagne","Basilea Campagna","https://thumb.wikimedia.org/wikipedia/commons/thumb/0/08/Coat_of_arms_of_Ormalingen.svg/960px-Coat_of_arms_of_Ormalingen.svg.png",26.532157147,FALSE,FALSE
13,2857,35.849056604,76,136,48.026315789,219,456,212,TRUE,"BL","Rickenbach BL","Rickenbach (BL)","Rickenbach BL","Rickenbach BL","Rickenbach (BL)","Rickenbach (BL)","Basel-Landschaft","Bâle-Campagne","Basilea Campagna","https://thumb.wikimedia.org/wikipedia/commons/thumb/d/da/Coat_of_arms_of_Rickenbach_BL.svg/960px-Coat_of_arms_of_Rickenbach_BL.svg.png",26.532157147,FALSE,FALSE
13,2858,43.461538462,113,147,42.764227642,263,615,260,TRUE,"BL","Rothenfluh","Rothenfluh","Rothenfluh","Rothenfluh BL","Rothenfluh (BL)","Rothenfluh (BL)","Basel-Landschaft","Bâle-Campagne","Basilea Campagna","https://thumb.wikimedia.org/wikipedia/commons/thumb/4/4b/Coat_of_arms_of_Rothenfluh.svg/960px-Coat_of_arms_of_Rothenfluh.svg.png",26.532157147,FALSE,FALSE
13,2859,50.980392157,52,50,34.68013468,103,297,102,TRUE,"BL","Rümlingen","Rümlingen","Rümlingen","Rümlingen BL","Rümlingen (BL)","Rümlingen (BL)","Basel-Landschaft","Bâle-Campagne","Basilea Campagna","https://upload.wikimedia.org/wikipedia/commons/3/3c/Wappen_Ruemlingen.png",26.532157147,FALSE,FALSE
13,2860,24.829931973,73,221,46.467817896,296,637,294,TRUE,"BL","Rünenberg","Rünenberg","Rünenberg","Rünenberg BL","Rünenberg (BL)","Rünenberg (BL)","Basel-Landschaft","Bâle-Campagne","Basilea Campagna","https://thumb.wikimedia.org/wikipedia/commons/thumb/c/ce/Coat_of_arms_of_Ruenenberg.svg/960px-Coat_of_arms_of_Ruenenberg.svg.png",26.532157147,FALSE,FALSE
13,2861,21.935483871,476,1694,45.111703218,2201,4879,2170,TRUE,"BL","Sissach","Sissach","Sissach","Sissach BL","Sissach (BL)","Sissach (BL)","Basel-Landschaft","Bâle-Campagne","Basilea Campagna","https://upload.wikimedia.org/wikipedia/commons/9/95/Wappen_Sissach.png",26.532157147,FALSE,FALSE
13,2862,28.877005348,54,133,38.047808765,191,502,187,TRUE,"BL","Tecknau","Tecknau","Tecknau","Tecknau BL","Tecknau (BL)","Tecknau (BL)","Basel-Landschaft","Bâle-Campagne","Basilea Campagna","https://thumb.wikimedia.org/wikipedia/commons/thumb/9/94/Coat_of_arms_of_Tecknau.svg/960px-Coat_of_arms_of_Tecknau.svg.png",26.532157147,FALSE,FALSE
13,2863,,,,,,,,FALSE,"BL","Tenniken","Tenniken","Tenniken","Tenniken BL","Tenniken (BL)","Tenniken (BL)","Basel-Landschaft","Bâle-Campagne","Basilea Campagna","https://thumb.wikimedia.org/wikipedia/commons/thumb/9/96/Coat_of_arms_of_Tenniken.svg/960px-Coat_of_arms_of_Tenniken.svg.png",26.532157147,FALSE,FALSE
13,2864,31.842105263,121,259,38.967611336,385,988,380,TRUE,"BL","Thürnen","Thürnen","Thürnen","Thürnen BL","Thürnen (BL)","Thürnen (BL)","Basel-Landschaft","Bâle-Campagne","Basilea Campagna","https://thumb.wikimedia.org/wikipedia/commons/thumb/d/d0/CHE_Th%C3%BCrnen_COA.svg/960px-CHE_Th%C3%BCrnen_COA.svg.png",26.532157147,FALSE,FALSE
13,2865,37.581699346,115,191,54.72027972,313,572,306,TRUE,"BL","Wenslingen","Wenslingen","Wenslingen","Wenslingen BL","Wenslingen (BL)","Wenslingen (BL)","Basel-Landschaft","Bâle-Campagne","Basilea Campagna","https://thumb.wikimedia.org/wikipedia/commons/thumb/4/4a/CHE_Wenslingen_COA.svg/960px-CHE_Wenslingen_COA.svg.png",26.532157147,FALSE,FALSE
13,2866,45.192307692,94,114,46.666666667,210,450,208,TRUE,"BL","Wintersingen","Wintersingen","Wintersingen","Wintersingen BL","Wintersingen (BL)","Wintersingen (BL)","Basel-Landschaft","Bâle-Campagne","Basilea Campagna","https://thumb.wikimedia.org/wikipedia/commons/thumb/b/b5/CHE_Wintersingen_COA.svg/960px-CHE_Wintersingen_COA.svg.png",26.532157147,FALSE,FALSE
13,2867,36.150234742,77,136,59.116022099,214,362,213,TRUE,"BL","Wittinsburg","Wittinsburg","Wittinsburg","Wittinsburg BL","Wittinsburg (BL)","Wittinsburg (BL)","Basel-Landschaft","Bâle-Campagne","Basilea Campagna","https://thumb.wikimedia.org/wikipedia/commons/thumb/c/c7/Coat_of_arms_of_Wittinsburg.svg/960px-Coat_of_arms_of_Wittinsburg.svg.png",26.532157147,FALSE,FALSE
13,2868,22.950819672,42,141,48.205128205,188,390,183,TRUE,"BL","Zeglingen","Zeglingen","Zeglingen","Zeglingen BL","Zeglingen (BL)","Zeglingen (BL)","Basel-Landschaft","Bâle-Campagne","Basilea Campagna","https://thumb.wikimedia.org/wikipedia/commons/thumb/d/dc/Coat_of_arms_of_Zeglingen.svg/960px-Coat_of_arms_of_Zeglingen.svg.png",26.532157147,FALSE,FALSE
13,2869,31.225806452,242,533,43.382756727,790,1821,775,TRUE,"BL","Zunzgen","Zunzgen","Zunzgen","Zunzgen BL","Zunzgen (BL)","Zunzgen (BL)","Basel-Landschaft","Bâle-Campagne","Basilea Campagna","https://thumb.wikimedia.org/wikipedia/commons/thumb/d/db/Coat_of_arms_of_Zunzgen.svg/960px-Coat_of_arms_of_Zunzgen.svg.png",26.532157147,FALSE,FALSE
13,2881,40.366972477,88,130,49.336283186,223,452,218,TRUE,"BL","Arboldswil","Arboldswil","Arboldswil","Arboldswil BL","Arboldswil (BL)","Arboldswil (BL)","Basel-Landschaft","Bâle-Campagne","Basilea Campagna","https://thumb.wikimedia.org/wikipedia/commons/thumb/e/e0/CHE_Arboldswil_COA.svg/960px-CHE_Arboldswil_COA.svg.png",26.532157147,FALSE,FALSE
13,2882,45.454545455,100,120,44.378698225,225,507,220,TRUE,"BL","Bennwil","Bennwil","Bennwil","Bennwil BL","Bennwil (BL)","Bennwil (BL)","Basel-Landschaft","Bâle-Campagne","Basilea Campagna","https://thumb.wikimedia.org/wikipedia/commons/thumb/0/0f/CHE_Bennwil_COA.svg/960px-CHE_Bennwil_COA.svg.png",26.532157147,FALSE,FALSE
13,2883,47.325102881,115,128,42.931937173,246,573,243,TRUE,"BL","Bretzwil","Bretzwil","Bretzwil","Bretzwil BL","Bretzwil (BL)","Bretzwil (BL)","Basel-Landschaft","Bâle-Campagne","Basilea Campagna","https://thumb.wikimedia.org/wikipedia/commons/thumb/f/f8/Coat_of_arms_of_Bretzwil.svg/960px-Coat_of_arms_of_Bretzwil.svg.png",26.532157147,FALSE,FALSE
13,2884,36.346153846,189,331,44.644387318,521,1167,520,TRUE,"BL","Diegten","Diegten","Diegten","Diegten BL","Diegten (BL)","Diegten (BL)","Basel-Landschaft","Bâle-Campagne","Basilea Campagna","https://upload.wikimedia.org/wikipedia/commons/7/72/Wappen_Diegten.png",26.532157147,FALSE,FALSE
13,2885,44.329896907,86,108,48.275862069,196,406,194,TRUE,"BL","Eptingen","Eptingen","Eptingen","Eptingen BL","Eptingen (BL)","Eptingen (BL)","Basel-Landschaft","Bâle-Campagne","Basilea Campagna","https://thumb.wikimedia.org/wikipedia/commons/thumb/d/d5/Wappen_Eptingen.svg/960px-Wappen_Eptingen.svg.png",26.532157147,FALSE,FALSE
13,2886,29.748603352,213,503,41.785105173,735,1759,716,TRUE,"BL","Hölstein","Hölstein","Hölstein","Hölstein BL","Hölstein (BL)","Hölstein (BL)","Basel-Landschaft","Bâle-Campagne","Basilea Campagna","https://thumb.wikimedia.org/wikipedia/commons/thumb/e/ee/Wappen_H%C3%B6lstein.svg/960px-Wappen_H%C3%B6lstein.svg.png",26.532157147,FALSE,FALSE
13,2887,35.078534031,67,124,44.269662921,197,445,191,TRUE,"BL","Lampenberg","Lampenberg","Lampenberg","Lampenberg BL","Lampenberg (BL)","Lampenberg (BL)","Basel-Landschaft","Bâle-Campagne","Basilea Campagna","https://thumb.wikimedia.org/wikipedia/commons/thumb/b/bc/Coat_of_arms_of_Lampenberg.svg/960px-Coat_of_arms_of_Lampenberg.svg.png",26.532157147,FALSE,FALSE
13,2888,42.249240122,139,190,46.638655462,333,714,329,TRUE,"BL","Langenbruck","Langenbruck","Langenbruck","Langenbruck BL","Langenbruck (BL)","Langenbruck (BL)","Basel-Landschaft","Bâle-Campagne","Basilea Campagna","https://upload.wikimedia.org/wikipedia/commons/a/a3/Wappen_Langenbruck.png",26.532157147,FALSE,FALSE
13,2889,37.5,51,85,49.816849817,136,273,136,TRUE,"BL","Lauwil","Lauwil","Lauwil","Lauwil BL","Lauwil (BL)","Lauwil (BL)","Basel-Landschaft","Bâle-Campagne","Basilea Campagna","https://thumb.wikimedia.org/wikipedia/commons/thumb/2/28/Coat_of_arms_of_Lauwil.svg/960px-Coat_of_arms_of_Lauwil.svg.png",26.532157147,FALSE,FALSE
13,2890,50,26,26,45.614035088,52,114,52,TRUE,"BL","Liedertswil","Liedertswil","Liedertswil","Liedertswil BL","Liedertswil (BL)","Liedertswil (BL)","Basel-Landschaft","Bâle-Campagne","Basilea Campagna","https://upload.wikimedia.org/wikipedia/commons/4/48/Wappen_Liedertswil.png",26.532157147,FALSE,FALSE
13,2891,31.797235023,138,296,38.825591586,443,1141,434,TRUE,"BL","Niederdorf","Niederdorf","Niederdorf","Niederdorf BL","Niederdorf (BL)","Niederdorf (BL)","Basel-Landschaft","Bâle-Campagne","Basilea Campagna","https://thumb.wikimedia.org/wikipedia/commons/thumb/1/17/Coat_of_arms_of_Niederdorf_BL.svg/960px-Coat_of_arms_of_Niederdorf_BL.svg.png",26.532157147,FALSE,FALSE
13,2892,29.850746269,180,423,38.027295285,613,1612,603,TRUE,"BL","Oberdorf BL","Oberdorf (BL)","Oberdorf BL","Oberdorf BL","Oberdorf (BL)","Oberdorf (BL)","Basel-Landschaft","Bâle-Campagne","Basilea Campagna","https://thumb.wikimedia.org/wikipedia/commons/thumb/b/be/Coat_of_arms_of_Oberdorf_BL.svg/960px-Coat_of_arms_of_Oberdorf_BL.svg.png",26.532157147,FALSE,FALSE
13,2893,36.25498008,182,320,41.419141914,502,1212,502,TRUE,"BL","Reigoldswil","Reigoldswil","Reigoldswil","Reigoldswil BL","Reigoldswil (BL)","Reigoldswil (BL)","Basel-Landschaft","Bâle-Campagne","Basilea Campagna","https://upload.wikimedia.org/wikipedia/commons/c/c0/Wappen_Reigoldswil.png",26.532157147,FALSE,FALSE
13,2894,26.344086022,49,137,53.072625698,190,358,186,TRUE,"BL","Titterten","Titterten","Titterten","Titterten BL","Titterten (BL)","Titterten (BL)","Basel-Landschaft","Bâle-Campagne","Basilea Campagna","https://upload.wikimedia.org/wikipedia/commons/d/d9/Wappen_Titterten.png",26.532157147,FALSE,FALSE
13,2895,42.040816327,103,142,34.599156118,246,711,245,TRUE,"BL","Waldenburg","Waldenburg","Waldenburg","Waldenburg BL","Waldenburg (BL)","Waldenburg (BL)","Basel-Landschaft","Bâle-Campagne","Basilea Campagna","https://thumb.wikimedia.org/wikipedia/commons/thumb/0/09/CHE_Waldenburg_BL_COA.svg/500px-CHE_Waldenburg_BL_COA.svg.png",26.532157147,FALSE,FALSE
14,2901,,,,,,,,FALSE,"SH","Gächlingen","Gächlingen","Gächlingen","Gächlingen SH","Gächlingen (SH)","Gächlingen (SH)","Schaffhausen","Schaffhouse","Sciaffusa","https://thumb.wikimedia.org/wikipedia/commons/thumb/0/01/CHE_G%C3%A4chlingen_COA.svg/250px-CHE_G%C3%A4chlingen_COA.svg.png",,FALSE,FALSE
14,2903,,,,,,,,FALSE,"SH","Löhningen","Löhningen","Löhningen","Löhningen SH","Löhningen (SH)","Löhningen (SH)","Schaffhausen","Schaffhouse","Sciaffusa","https://thumb.wikimedia.org/wikipedia/commons/thumb/1/19/CHE_L%C3%B6hningen_COA.svg/500px-CHE_L%C3%B6hningen_COA.svg.png",,FALSE,FALSE
14,2904,,,,,,,,FALSE,"SH","Neunkirch","Neunkirch","Neunkirch","Neunkirch SH","Neunkirch (SH)","Neunkirch (SH)","Schaffhausen","Schaffhouse","Sciaffusa","https://upload.wikimedia.org/wikipedia/commons/e/e9/Wappen_Neunkirch.png",,FALSE,FALSE
14,2914,,,,,,,,FALSE,"SH","Büttenhardt","Büttenhardt","Büttenhardt","Büttenhardt SH","Büttenhardt (SH)","Büttenhardt (SH)","Schaffhausen","Schaffhouse","Sciaffusa","https://upload.wikimedia.org/wikipedia/commons/8/88/Wappen_B%C3%BCttenhardt.png",,FALSE,FALSE
14,2915,,,,,,,,FALSE,"SH","Dörflingen","Dörflingen","Dörflingen","Dörflingen SH","Dörflingen (SH)","Dörflingen (SH)","Schaffhausen","Schaffhouse","Sciaffusa","https://thumb.wikimedia.org/wikipedia/commons/thumb/8/82/D%C3%B6rflingen-blazon.svg/250px-D%C3%B6rflingen-blazon.svg.png",,FALSE,FALSE
14,2917,,,,,,,,FALSE,"SH","Lohn SH","Lohn (SH)","Lohn SH","Lohn SH","Lohn (SH)","Lohn (SH)","Schaffhausen","Schaffhouse","Sciaffusa","https://upload.wikimedia.org/wikipedia/commons/5/5a/Wappen_Lohn.png",,FALSE,FALSE
14,2919,,,,,,,,FALSE,"SH","Stetten SH","Stetten (SH)","Stetten SH","Stetten SH","Stetten (SH)","Stetten (SH)","Schaffhausen","Schaffhouse","Sciaffusa","https://thumb.wikimedia.org/wikipedia/commons/thumb/a/a8/Stetten_SH-blazon.svg/250px-Stetten_SH-blazon.svg.png",,FALSE,FALSE
14,2920,,,,,,,,FALSE,"SH","Thayngen","Thayngen","Thayngen","Thayngen SH","Thayngen (SH)","Thayngen (SH)","Schaffhausen","Schaffhouse","Sciaffusa","https://thumb.wikimedia.org/wikipedia/commons/thumb/4/40/Thayngen_Wappen.svg/500px-Thayngen_Wappen.svg.png",,FALSE,FALSE
14,2931,,,,,,,,FALSE,"SH","Bargen SH","Bargen (SH)","Bargen SH","Bargen SH","Bargen (SH)","Bargen (SH)","Schaffhausen","Schaffhouse","Sciaffusa","https://thumb.wikimedia.org/wikipedia/commons/thumb/e/e5/CHE_Bargen_SH_COA.svg/500px-CHE_Bargen_SH_COA.svg.png",,FALSE,FALSE
14,2932,,,,,,,,FALSE,"SH","Beringen","Beringen","Beringen","Beringen SH","Beringen (SH)","Beringen (SH)","Schaffhausen","Schaffhouse","Sciaffusa","https://upload.wikimedia.org/wikipedia/commons/f/f2/Wappen_Beringen.png",,FALSE,FALSE
14,2933,,,,,,,,FALSE,"SH","Buchberg","Buchberg","Buchberg","Buchberg SH","Buchberg (SH)","Buchberg (SH)","Schaffhausen","Schaffhouse","Sciaffusa","https://thumb.wikimedia.org/wikipedia/commons/thumb/5/5b/Buchberg-blazon.svg/250px-Buchberg-blazon.svg.png",,FALSE,FALSE
14,2936,,,,,,,,FALSE,"SH","Merishausen","Merishausen","Merishausen","Merishausen SH","Merishausen (SH)","Merishausen (SH)","Schaffhausen","Schaffhouse","Sciaffusa","https://thumb.wikimedia.org/wikipedia/commons/thumb/6/67/Merishausen-blazon.svg/250px-Merishausen-blazon.svg.png",,FALSE,FALSE
14,2937,,,,,,,,FALSE,"SH","Neuhausen am Rheinfall","Neuhausen am Rheinfall","Neuhausen am Rheinfall","Neuhausen am Rheinfall SH","Neuhausen am Rheinfall (SH)","Neuhausen am Rheinfall (SH)","Schaffhausen","Schaffhouse","Sciaffusa","https://thumb.wikimedia.org/wikipedia/commons/thumb/1/18/Neuhausen_am_Rheinfall-coat_of_arms.svg/500px-Neuhausen_am_Rheinfall-coat_of_arms.svg.png",,FALSE,FALSE
14,2938,,,,,,,,FALSE,"SH","Rüdlingen","Rüdlingen","Rüdlingen","Rüdlingen SH","Rüdlingen (SH)","Rüdlingen (SH)","Schaffhausen","Schaffhouse","Sciaffusa","https://thumb.wikimedia.org/wikipedia/commons/thumb/8/80/R%C3%BCdlingen-blazon.svg/250px-R%C3%BCdlingen-blazon.svg.png",,FALSE,FALSE
14,2939,,,,,,,,FALSE,"SH","Schaffhausen","Schaffhouse","Sciaffusa","Schaffhausen SH","Schaffhouse (SH)","Sciaffusa (SH)","Schaffhausen","Schaffhouse","Sciaffusa","https://thumb.wikimedia.org/wikipedia/commons/thumb/e/e6/CHE_Schaffhausen_%28Stadt%29_COA.svg/500px-CHE_Schaffhausen_%28Stadt%29_COA.svg.png",,FALSE,FALSE
14,2951,,,,,,,,FALSE,"SH","Beggingen","Beggingen","Beggingen","Beggingen SH","Beggingen (SH)","Beggingen (SH)","Schaffhausen","Schaffhouse","Sciaffusa","https://thumb.wikimedia.org/wikipedia/commons/thumb/c/cf/Beggingen-blazon.svg/250px-Beggingen-blazon.svg.png",,FALSE,FALSE
14,2952,,,,,,,,FALSE,"SH","Schleitheim","Schleitheim","Schleitheim","Schleitheim SH","Schleitheim (SH)","Schleitheim (SH)","Schaffhausen","Schaffhouse","Sciaffusa","https://thumb.wikimedia.org/wikipedia/commons/thumb/a/aa/CHE_Schleitheim_COA.svg/500px-CHE_Schleitheim_COA.svg.png",,FALSE,FALSE
14,2953,,,,,,,,FALSE,"SH","Siblingen","Siblingen","Siblingen","Siblingen SH","Siblingen (SH)","Siblingen (SH)","Schaffhausen","Schaffhouse","Sciaffusa","https://upload.wikimedia.org/wikipedia/commons/5/51/Wappen_Siblingen.png",,FALSE,FALSE
14,2961,,,,,,,,FALSE,"SH","Buch SH","Buch (SH)","Buch SH","Buch SH","Buch (SH)","Buch (SH)","Schaffhausen","Schaffhouse","Sciaffusa","https://upload.wikimedia.org/wikipedia/commons/5/51/Wappen_Buch.png",,FALSE,FALSE
14,2962,,,,,,,,FALSE,"SH","Hemishofen","Hemishofen","Hemishofen","Hemishofen SH","Hemishofen (SH)","Hemishofen (SH)","Schaffhausen","Schaffhouse","Sciaffusa","https://thumb.wikimedia.org/wikipedia/commons/thumb/3/3c/Hemishofen-blazon.svg/250px-Hemishofen-blazon.svg.png",,FALSE,FALSE
14,2963,,,,,,,,FALSE,"SH","Ramsen","Ramsen","Ramsen","Ramsen SH","Ramsen (SH)","Ramsen (SH)","Schaffhausen","Schaffhouse","Sciaffusa","https://upload.wikimedia.org/wikipedia/commons/c/c3/Wappen_Ramsen.png",,FALSE,FALSE
14,2964,,,,,,,,FALSE,"SH","Stein am Rhein","Stein am Rhein","Stein am Rhein","Stein am Rhein SH","Stein am Rhein (SH)","Stein am Rhein (SH)","Schaffhausen","Schaffhouse","Sciaffusa","https://thumb.wikimedia.org/wikipedia/commons/thumb/8/8a/Stein_am_Rhein-coat_of_arms.svg/500px-Stein_am_Rhein-coat_of_arms.svg.png",,FALSE,FALSE
14,2971,,,,,,,,FALSE,"SH","Hallau","Hallau","Hallau","Hallau SH","Hallau (SH)","Hallau (SH)","Schaffhausen","Schaffhouse","Sciaffusa","https://thumb.wikimedia.org/wikipedia/commons/thumb/8/89/Hallau-blazon.svg/250px-Hallau-blazon.svg.png",,FALSE,FALSE
14,2972,,,,,,,,FALSE,"SH","Oberhallau","Oberhallau","Oberhallau","Oberhallau SH","Oberhallau (SH)","Oberhallau (SH)","Schaffhausen","Schaffhouse","Sciaffusa","https://thumb.wikimedia.org/wikipedia/commons/thumb/c/c8/Oberhallau-blazon.svg/250px-Oberhallau-blazon.svg.png",,FALSE,FALSE
14,2973,,,,,,,,FALSE,"SH","Trasadingen","Trasadingen","Trasadingen","Trasadingen SH","Trasadingen (SH)","Trasadingen (SH)","Schaffhausen","Schaffhouse","Sciaffusa","https://upload.wikimedia.org/wikipedia/commons/0/03/Wappen_Trasadingen.png",,FALSE,FALSE
14,2974,,,,,,,,FALSE,"SH","Wilchingen","Wilchingen","Wilchingen","Wilchingen SH","Wilchingen (SH)","Wilchingen (SH)","Schaffhausen","Schaffhouse","Sciaffusa","https://upload.wikimedia.org/wikipedia/commons/4/41/Wappen_Wilchingen.png",,FALSE,FALSE
15,3001,,,,,,,,FALSE,"AR","Herisau","Herisau","Herisau","Herisau AR","Herisau (AR)","Herisau (AR)","Appenzell Ausserrhoden","Appenzell Rhodes-Extérieures","Appenzello Esterno","https://thumb.wikimedia.org/wikipedia/commons/thumb/9/97/CHE_Herisau_COA.svg/250px-CHE_Herisau_COA.svg.png",34.740900126,FALSE,FALSE
15,3002,,,,,,,,FALSE,"AR","Hundwil","Hundwil","Hundwil","Hundwil AR","Hundwil (AR)","Hundwil (AR)","Appenzell Ausserrhoden","Appenzell Rhodes-Extérieures","Appenzello Esterno","https://thumb.wikimedia.org/wikipedia/commons/thumb/2/2e/CHE_Hundwil_COA.svg/960px-CHE_Hundwil_COA.svg.png",34.740900126,FALSE,FALSE
15,3003,53.448275862,124,108,55.172413793,240,435,232,TRUE,"AR","Schönengrund","Schönengrund","Schönengrund","Schönengrund AR","Schönengrund (AR)","Schönengrund (AR)","Appenzell Ausserrhoden","Appenzell Rhodes-Extérieures","Appenzello Esterno","https://thumb.wikimedia.org/wikipedia/commons/thumb/4/4c/CHE_Sch%C3%B6nengrund_COA.svg/500px-CHE_Sch%C3%B6nengrund_COA.svg.png",34.740900126,FALSE,FALSE
15,3004,51.724137931,315,294,53.041988003,619,1167,609,TRUE,"AR","Schwellbrunn","Schwellbrunn","Schwellbrunn","Schwellbrunn AR","Schwellbrunn (AR)","Schwellbrunn (AR)","Appenzell Ausserrhoden","Appenzell Rhodes-Extérieures","Appenzello Esterno","https://thumb.wikimedia.org/wikipedia/commons/thumb/d/d2/Schwellbrunn-blazon.svg/250px-Schwellbrunn-blazon.svg.png",34.740900126,FALSE,FALSE
15,3005,,,,,,,,FALSE,"AR","Stein AR","Stein (AR)","Stein AR","Stein AR","Stein (AR)","Stein (AR)","Appenzell Ausserrhoden","Appenzell Rhodes-Extérieures","Appenzello Esterno","https://thumb.wikimedia.org/wikipedia/commons/thumb/9/92/CHE_Stein_AR_COA.svg/500px-CHE_Stein_AR_COA.svg.png",34.740900126,FALSE,FALSE
15,3006,,,,,,,,FALSE,"AR","Urnäsch","Urnäsch","Urnäsch","Urnäsch AR","Urnäsch (AR)","Urnäsch (AR)","Appenzell Ausserrhoden","Appenzell Rhodes-Extérieures","Appenzello Esterno","https://thumb.wikimedia.org/wikipedia/commons/thumb/a/a1/Urn%C3%A4sch_wappen.svg/250px-Urn%C3%A4sch_wappen.svg.png",34.740900126,FALSE,FALSE
15,3007,,,,,,,,FALSE,"AR","Waldstatt","Waldstatt","Waldstatt","Waldstatt AR","Waldstatt (AR)","Waldstatt (AR)","Appenzell Ausserrhoden","Appenzell Rhodes-Extérieures","Appenzello Esterno","https://thumb.wikimedia.org/wikipedia/commons/thumb/b/bb/CHE_Waldstatt_COA.svg/960px-CHE_Waldstatt_COA.svg.png",34.740900126,FALSE,FALSE
15,3021,38.030560272,224,365,49.465899753,602,1217,589,TRUE,"AR","Bühler","Bühler","Bühler","Bühler AR","Bühler (AR)","Bühler (AR)","Appenzell Ausserrhoden","Appenzell Rhodes-Extérieures","Appenzello Esterno","https://thumb.wikimedia.org/wikipedia/commons/thumb/c/c2/CHE_B%C3%BChler_COA.svg/500px-CHE_B%C3%BChler_COA.svg.png",34.740900126,FALSE,FALSE
15,3022,34.246575342,500,960,63.128729753,1481,2346,1460,TRUE,"AR","Gais","Gais","Gais","Gais AR","Gais (AR)","Gais (AR)","Appenzell Ausserrhoden","Appenzell Rhodes-Extérieures","Appenzello Esterno","https://thumb.wikimedia.org/wikipedia/commons/thumb/0/07/CHE_Gais_COA.svg/960px-CHE_Gais_COA.svg.png",34.740900126,FALSE,FALSE
15,3023,,,,,,,,FALSE,"AR","Speicher","Speicher","Speicher","Speicher AR","Speicher (AR)","Speicher (AR)","Appenzell Ausserrhoden","Appenzell Rhodes-Extérieures","Appenzello Esterno","https://thumb.wikimedia.org/wikipedia/commons/thumb/5/55/CHE_Speicher_COA.svg/960px-CHE_Speicher_COA.svg.png",34.740900126,FALSE,FALSE
15,3024,28.64476386,837,2085,58.356545961,2933,5026,2922,TRUE,"AR","Teufen AR","Teufen (AR)","Teufen AR","Teufen AR","Teufen (AR)","Teufen (AR)","Appenzell Ausserrhoden","Appenzell Rhodes-Extérieures","Appenzello Esterno","https://thumb.wikimedia.org/wikipedia/commons/thumb/4/40/Teufen_wappen.svg/500px-Teufen_wappen.svg.png",34.740900126,FALSE,FALSE
15,3025,26.032540676,208,591,56.741573034,808,1424,799,TRUE,"AR","Trogen","Trogen","Trogen","Trogen AR","Trogen (AR)","Trogen (AR)","Appenzell Ausserrhoden","Appenzell Rhodes-Extérieures","Appenzello Esterno","https://thumb.wikimedia.org/wikipedia/commons/thumb/1/12/Trogen_AR_Wappen.svg/960px-Trogen_AR_Wappen.svg.png",34.740900126,FALSE,FALSE
15,3031,39.488636364,139,213,51.453488372,354,688,352,TRUE,"AR","Grub AR","Grub (AR)","Grub AR","Grub AR","Grub (AR)","Grub (AR)","Appenzell Ausserrhoden","Appenzell Rhodes-Extérieures","Appenzello Esterno","https://thumb.wikimedia.org/wikipedia/commons/thumb/c/ca/CHE_Grub_AR_COA.svg/500px-CHE_Grub_AR_COA.svg.png",34.740900126,FALSE,FALSE
15,3032,31.209735147,436,961,50.193730187,1425,2839,1397,TRUE,"AR","Heiden","Heiden","Heiden","Heiden AR","Heiden (AR)","Heiden (AR)","Appenzell Ausserrhoden","Appenzell Rhodes-Extérieures","Appenzello Esterno","https://thumb.wikimedia.org/wikipedia/commons/thumb/a/a3/CHE_Heiden_COA.svg/500px-CHE_Heiden_COA.svg.png",34.740900126,FALSE,FALSE
15,3033,38.016528926,184,300,55.680539933,495,889,484,TRUE,"AR","Lutzenberg","Lutzenberg","Lutzenberg","Lutzenberg AR","Lutzenberg (AR)","Lutzenberg (AR)","Appenzell Ausserrhoden","Appenzell Rhodes-Extérieures","Appenzello Esterno","https://thumb.wikimedia.org/wikipedia/commons/thumb/1/19/CHE_Lutzenberg_COA.svg/500px-CHE_Lutzenberg_COA.svg.png",34.740900126,FALSE,FALSE
15,3034,30.864197531,225,504,57.66536965,741,1285,729,TRUE,"AR","Rehetobel","Rehetobel","Rehetobel","Rehetobel AR","Rehetobel (AR)","Rehetobel (AR)","Appenzell Ausserrhoden","Appenzell Rhodes-Extérieures","Appenzello Esterno","https://thumb.wikimedia.org/wikipedia/commons/thumb/2/2f/CHE_Rehetobel_COA.svg/960px-CHE_Rehetobel_COA.svg.png",34.740900126,FALSE,FALSE
15,3035,40.363636364,111,164,50.828729282,276,543,275,TRUE,"AR","Reute AR","Reute (AR)","Reute AR","Reute AR","Reute (AR)","Reute (AR)","Appenzell Ausserrhoden","Appenzell Rhodes-Extérieures","Appenzello Esterno","https://thumb.wikimedia.org/wikipedia/commons/thumb/b/b7/CHE_Reute_COA.svg/500px-CHE_Reute_COA.svg.png",34.740900126,FALSE,FALSE
15,3036,,,,,,,,FALSE,"AR","Wald AR","Wald (AR)","Wald AR","Wald AR","Wald (AR)","Wald (AR)","Appenzell Ausserrhoden","Appenzell Rhodes-Extérieures","Appenzello Esterno","https://thumb.wikimedia.org/wikipedia/commons/thumb/e/e0/CHE_Wald_AR_COA.svg/500px-CHE_Wald_AR_COA.svg.png",34.740900126,FALSE,FALSE
15,3037,43.238993711,275,361,47.314949202,652,1378,636,TRUE,"AR","Walzenhausen","Walzenhausen","Walzenhausen","Walzenhausen AR","Walzenhausen (AR)","Walzenhausen (AR)","Appenzell Ausserrhoden","Appenzell Rhodes-Extérieures","Appenzello Esterno","https://thumb.wikimedia.org/wikipedia/commons/thumb/8/84/CHE_Walzenhausen_COA.svg/500px-CHE_Walzenhausen_COA.svg.png",34.740900126,FALSE,FALSE
15,3038,44.328358209,297,373,49.485294118,673,1360,670,TRUE,"AR","Wolfhalden","Wolfhalden","Wolfhalden","Wolfhalden AR","Wolfhalden (AR)","Wolfhalden (AR)","Appenzell Ausserrhoden","Appenzell Rhodes-Extérieures","Appenzello Esterno","https://thumb.wikimedia.org/wikipedia/commons/thumb/b/b3/CHE_Wolfhalden_COA.svg/500px-CHE_Wolfhalden_COA.svg.png",34.740900126,FALSE,FALSE
16,3101,34.794372294,643,1205,46.841332027,1913,4084,1848,TRUE,"AI","Appenzell","Appenzell","Appenzello","Appenzell AI","Appenzell (AI)","Appenzello (AI)","Appenzell Innerrhoden","Appenzell Rhodes-Intérieures","Appenzello Interno","https://thumb.wikimedia.org/wikipedia/commons/thumb/0/08/Appenzell-blazon.svg/250px-Appenzell-blazon.svg.png",40.341791818,FALSE,FALSE
16,3102,50.201612903,249,247,47.201492537,506,1072,496,TRUE,"AI","Gonten","Gonten","Gonten","Gonten AI","Gonten (AI)","Gonten (AI)","Appenzell Innerrhoden","Appenzell Rhodes-Intérieures","Appenzello Interno","https://thumb.wikimedia.org/wikipedia/commons/thumb/2/27/Gonten-blazon.svg/250px-Gonten-blazon.svg.png",40.341791818,FALSE,FALSE
16,3104,45.626477541,193,230,51.995163241,430,827,423,TRUE,"AI","Schlatt-Haslen","Schlatt-Haslen","Schlatt-Haslen","Schlatt-Haslen AI","Schlatt-Haslen (AI)","Schlatt-Haslen (AI)","Appenzell Innerrhoden","Appenzell Rhodes-Intérieures","Appenzello Interno","https://thumb.wikimedia.org/wikipedia/commons/thumb/0/03/CHE_Schlatt-Haslen_COA.svg/250px-CHE_Schlatt-Haslen_COA.svg.png",40.341791818,FALSE,FALSE
16,3111,41.176470588,322,460,54.703832753,785,1435,782,TRUE,"AI","Oberegg","Oberegg","Oberegg","Oberegg AI","Oberegg (AI)","Oberegg (AI)","Appenzell Innerrhoden","Appenzell Rhodes-Intérieures","Appenzello Interno","https://thumb.wikimedia.org/wikipedia/commons/thumb/5/5c/CHE_Oberegg_COA.svg/960px-CHE_Oberegg_COA.svg.png",40.341791818,FALSE,FALSE
16,3112,42.458628842,898,1217,48.443752779,2179,4498,2115,TRUE,"AI","Schwende-Rüti","Schwende-Rüti","Schwende-Rüti","Schwende-Rüti AI","Schwende-Rüti (AI)","Schwende-Rüti (AI)","Appenzell Innerrhoden","Appenzell Rhodes-Intérieures","Appenzello Interno","https://thumb.wikimedia.org/wikipedia/commons/thumb/0/08/CHE_Schwende-R%C3%BCte_COA.svg/250px-CHE_Schwende-R%C3%BCte_COA.svg.png",40.341791818,FALSE,FALSE
17,3201,35.250737463,239,439,71.205821206,685,962,678,TRUE,"SG","Häggenschwil","Häggenschwil","Häggenschwil","Häggenschwil SG","Häggenschwil (SG)","Häggenschwil (SG)","St. Gallen","Saint-Gall","San Gallo","https://thumb.wikimedia.org/wikipedia/commons/thumb/1/1b/H%C3%A4ggenschwil-blazon.svg/250px-H%C3%A4ggenschwil-blazon.svg.png",35.176211909,FALSE,FALSE
17,3202,37.02970297,187,318,55.960264901,507,906,505,TRUE,"SG","Muolen","Muolen","Muolen","Muolen SG","Muolen (SG)","Muolen (SG)","St. Gallen","Saint-Gall","San Gallo","https://thumb.wikimedia.org/wikipedia/commons/thumb/a/a5/Muolen-coat_of_arms.svg/960px-Muolen-coat_of_arms.svg.png",35.176211909,FALSE,FALSE
17,3203,22.09449586,4536,15994,47.071717241,20616,43797,20530,TRUE,"SG","St. Gallen","Saint-Gall","San Gallo","St. Gallen SG","Saint-Gall (SG)","San Gallo (SG)","St. Gallen","Saint-Gall","San Gallo","https://thumb.wikimedia.org/wikipedia/commons/thumb/9/90/CHE_St._Gallen_COA.svg/960px-CHE_St._Gallen_COA.svg.png",35.176211909,FALSE,FALSE
17,3204,32.183472328,849,1789,45.102389078,2643,5860,2638,TRUE,"SG","Wittenbach","Wittenbach","Wittenbach","Wittenbach SG","Wittenbach (SG)","Wittenbach (SG)","St. Gallen","Saint-Gall","San Gallo","https://thumb.wikimedia.org/wikipedia/commons/thumb/2/21/Wittenbach-blazon.svg/250px-Wittenbach-blazon.svg.png",35.176211909,FALSE,FALSE
17,3211,32.311977716,116,243,51.798561151,360,695,359,TRUE,"SG","Berg SG","Berg (SG)","Berg SG","Berg SG","Berg (SG)","Berg (SG)","St. Gallen","Saint-Gall","San Gallo","https://thumb.wikimedia.org/wikipedia/commons/thumb/5/5e/Berg_SG-blazon.svg/250px-Berg_SG-blazon.svg.png",35.176211909,FALSE,FALSE
17,3212,31.813471503,307,658,57,969,1700,965,TRUE,"SG","Eggersriet","Eggersriet","Eggersriet","Eggersriet SG","Eggersriet (SG)","Eggersriet (SG)","St. Gallen","Saint-Gall","San Gallo","https://thumb.wikimedia.org/wikipedia/commons/thumb/9/91/Eggersriet-blazon.svg/250px-Eggersriet-blazon.svg.png",35.176211909,FALSE,FALSE
17,3213,30.50397878,805,1834,45.415521978,2645,5824,2639,TRUE,"SG","Goldach","Goldach","Goldach","Goldach SG","Goldach (SG)","Goldach (SG)","St. Gallen","Saint-Gall","San Gallo","https://thumb.wikimedia.org/wikipedia/commons/thumb/c/c3/Goldach-blazon.svg/250px-Goldach-blazon.svg.png",35.176211909,FALSE,FALSE
17,3214,28.313627878,455,1152,59.572113611,1615,2711,1607,TRUE,"SG","Mörschwil","Mörschwil","Mörschwil","Mörschwil SG","Mörschwil (SG)","Mörschwil (SG)","St. Gallen","Saint-Gall","San Gallo","https://thumb.wikimedia.org/wikipedia/commons/thumb/0/0d/M%C3%B6rschwil-blazon.svg/250px-M%C3%B6rschwil-blazon.svg.png",35.176211909,FALSE,FALSE
17,3215,31.582162492,517,1120,39.188544153,1642,4190,1637,TRUE,"SG","Rorschach","Rorschach","Rorschach","Rorschach SG","Rorschach (SG)","Rorschach (SG)","St. Gallen","Saint-Gall","San Gallo","https://thumb.wikimedia.org/wikipedia/commons/thumb/3/3c/CHE_Rorschach_COA.svg/250px-CHE_Rorschach_COA.svg.png",35.176211909,FALSE,FALSE
17,3216,33.082706767,704,1424,48.647419868,2140,4399,2128,TRUE,"SG","Rorschacherberg","Rorschacherberg","Rorschacherberg","Rorschacherberg SG","Rorschacherberg (SG)","Rorschacherberg (SG)","St. Gallen","Saint-Gall","San Gallo","https://thumb.wikimedia.org/wikipedia/commons/thumb/8/8b/Rorschacherberg-blazon.svg/250px-Rorschacherberg-blazon.svg.png",35.176211909,FALSE,FALSE
17,3217,32.696177062,325,669,45.293315143,996,2199,994,TRUE,"SG","Steinach","Steinach","Steinach","Steinach SG","Steinach (SG)","Steinach (SG)","St. Gallen","Saint-Gall","San Gallo","https://thumb.wikimedia.org/wikipedia/commons/thumb/5/54/Steinach-blazon.svg/250px-Steinach-blazon.svg.png",35.176211909,FALSE,FALSE
17,3218,36.647173489,188,325,48.722800378,515,1057,513,TRUE,"SG","Tübach","Tübach","Tübach","Tübach SG","Tübach (SG)","Tübach (SG)","St. Gallen","Saint-Gall","San Gallo","https://thumb.wikimedia.org/wikipedia/commons/thumb/6/6d/T%C3%BCbach-blazon.svg/250px-T%C3%BCbach-blazon.svg.png",35.176211909,FALSE,FALSE
17,3219,35.555555556,144,261,55.403556772,405,731,405,TRUE,"SG","Untereggen","Untereggen","Untereggen","Untereggen SG","Untereggen (SG)","Untereggen (SG)","St. Gallen","Saint-Gall","San Gallo","https://thumb.wikimedia.org/wikipedia/commons/thumb/3/33/Untereggen-blazon.svg/250px-Untereggen-blazon.svg.png",35.176211909,FALSE,FALSE
17,3231,38.429319372,734,1176,43.989887382,1914,4351,1910,TRUE,"SG","Au SG","Au (SG)","Au SG","Au SG","Au (SG)","Au (SG)","St. Gallen","Saint-Gall","San Gallo","https://thumb.wikimedia.org/wikipedia/commons/thumb/b/b6/Wappen_Au_Kanton_St._Gallen.svg/250px-Wappen_Au_Kanton_St._Gallen.svg.png",35.176211909,FALSE,FALSE
17,3232,34.075573549,505,977,47.088607595,1488,3160,1482,TRUE,"SG","Balgach","Balgach","Balgach","Balgach SG","Balgach (SG)","Balgach (SG)","St. Gallen","Saint-Gall","San Gallo","https://thumb.wikimedia.org/wikipedia/commons/thumb/8/82/Balgach-blazon.svg/250px-Balgach-blazon.svg.png",35.176211909,FALSE,FALSE
17,3233,37.236533958,477,804,50.097694412,1282,2559,1281,TRUE,"SG","Berneck","Berneck","Berneck","Berneck SG","Berneck (SG)","Berneck (SG)","St. Gallen","Saint-Gall","San Gallo","https://thumb.wikimedia.org/wikipedia/commons/thumb/1/1a/Berneck-blazon.svg/250px-Berneck-blazon.svg.png",35.176211909,FALSE,FALSE
17,3234,35.271530444,643,1180,44.648542738,1823,4083,1823,TRUE,"SG","Diepoldsau","Diepoldsau","Diepoldsau","Diepoldsau SG","Diepoldsau (SG)","Diepoldsau (SG)","St. Gallen","Saint-Gall","San Gallo","https://upload.wikimedia.org/wikipedia/commons/f/fe/Coat_Diepoldsau.gif",35.176211909,FALSE,FALSE
17,3235,40.507859734,335,492,44.065992549,828,1879,827,TRUE,"SG","Rheineck","Rheineck","Rheineck","Rheineck SG","Rheineck (SG)","Rheineck (SG)","St. Gallen","Saint-Gall","San Gallo","https://thumb.wikimedia.org/wikipedia/commons/thumb/b/ba/Rheineck-coat_of_arms.svg/500px-Rheineck-coat_of_arms.svg.png",35.176211909,FALSE,FALSE
17,3236,41.465863454,413,583,38.953942233,998,2562,996,TRUE,"SG","St. Margrethen","St. Margrethen","St. Margrethen","St. Margrethen SG","St. Margrethen (SG)","St. Margrethen (SG)","St. Gallen","Saint-Gall","San Gallo","https://thumb.wikimedia.org/wikipedia/commons/thumb/7/75/StMargrethen-blazon.svg/250px-StMargrethen-blazon.svg.png",35.176211909,FALSE,FALSE
17,3237,38.348362601,808,1299,47.134894091,2114,4485,2107,TRUE,"SG","Thal","Thal","Thal","Thal SG","Thal (SG)","Thal (SG)","St. Gallen","Saint-Gall","San Gallo","https://thumb.wikimedia.org/wikipedia/commons/thumb/4/4f/Thal_SG-blazon.svg/250px-Thal_SG-blazon.svg.png",35.176211909,FALSE,FALSE
17,3238,38.825688073,1058,1667,45.028854081,2731,6065,2725,TRUE,"SG","Widnau","Widnau","Widnau","Widnau SG","Widnau (SG)","Widnau (SG)","St. Gallen","Saint-Gall","San Gallo","https://thumb.wikimedia.org/wikipedia/commons/thumb/b/b8/Widnau-blazon.svg/250px-Widnau-blazon.svg.png",35.176211909,FALSE,FALSE
17,3251,39.888464925,1359,2048,46.690371991,3414,7312,3407,TRUE,"SG","Altstätten","Altstätten","Altstätten","Altstätten SG","Altstätten (SG)","Altstätten (SG)","St. Gallen","Saint-Gall","San Gallo","https://thumb.wikimedia.org/wikipedia/commons/thumb/2/2e/CHE_Altst%C3%A4tten_SG_COA.svg/500px-CHE_Altst%C3%A4tten_SG_COA.svg.png",35.176211909,FALSE,FALSE
17,3252,51.736745887,283,264,51.603773585,547,1060,547,TRUE,"SG","Eichberg","Eichberg","Eichberg","Eichberg SG","Eichberg (SG)","Eichberg (SG)","St. Gallen","Saint-Gall","San Gallo","https://thumb.wikimedia.org/wikipedia/commons/thumb/0/09/CHE_Eichberg_COA.svg/500px-CHE_Eichberg_COA.svg.png",35.176211909,FALSE,FALSE
17,3253,37.11790393,255,432,50.587371512,689,1362,687,TRUE,"SG","Marbach SG","Marbach (SG)","Marbach SG","Marbach SG","Marbach (SG)","Marbach (SG)","St. Gallen","Saint-Gall","San Gallo","https://thumb.wikimedia.org/wikipedia/commons/thumb/1/1e/Marbach-blazon.svg/250px-Marbach-blazon.svg.png",35.176211909,FALSE,FALSE
17,3254,47.329773031,1418,1578,48.876221498,3001,6140,2996,TRUE,"SG","Oberriet SG","Oberriet (SG)","Oberriet SG","Oberriet SG","Oberriet (SG)","Oberriet (SG)","St. Gallen","Saint-Gall","San Gallo","https://thumb.wikimedia.org/wikipedia/commons/thumb/2/2d/Oberriet-blazon.svg/250px-Oberriet-blazon.svg.png",35.176211909,FALSE,FALSE
17,3255,,,,,,,,FALSE,"SG","Rebstein","Rebstein","Rebstein","Rebstein SG","Rebstein (SG)","Rebstein (SG)","St. Gallen","Saint-Gall","San Gallo","https://thumb.wikimedia.org/wikipedia/commons/thumb/1/12/Rebstein-blazon.svg/250px-Rebstein-blazon.svg.png",35.176211909,FALSE,FALSE
17,3256,44.14893617,332,420,50.503018109,753,1491,752,TRUE,"SG","Rüthi SG","Rüthi (SG)","Rüthi SG","Rüthi SG","Rüthi (SG)","Rüthi (SG)","St. Gallen","Saint-Gall","San Gallo","https://thumb.wikimedia.org/wikipedia/commons/thumb/7/77/R%C3%BCthi-blazon.svg/250px-R%C3%BCthi-blazon.svg.png",35.176211909,FALSE,FALSE
17,3271,34.052333805,963,1865,44.559748428,2834,6360,2828,TRUE,"SG","Buchs SG","Buchs (SG)","Buchs SG","Buchs SG","Buchs (SG)","Buchs (SG)","St. Gallen","Saint-Gall","San Gallo","https://thumb.wikimedia.org/wikipedia/commons/thumb/e/e8/CHE_Buchs_SG_COA.svg/500px-CHE_Buchs_SG_COA.svg.png",35.176211909,FALSE,FALSE
17,3272,35.537918871,403,731,51.934456076,1141,2197,1134,TRUE,"SG","Gams","Gams","Gams","Gams SG","Gams (SG)","Gams (SG)","St. Gallen","Saint-Gall","San Gallo","https://thumb.wikimedia.org/wikipedia/commons/thumb/c/c1/Gams-blazon.svg/250px-Gams-blazon.svg.png",35.176211909,FALSE,FALSE
17,3273,34.870443566,794,1483,48.928418345,2283,4666,2277,TRUE,"SG","Grabs","Grabs","Grabs","Grabs SG","Grabs (SG)","Grabs (SG)","St. Gallen","Saint-Gall","San Gallo","https://thumb.wikimedia.org/wikipedia/commons/thumb/7/77/Grabs-blazon.svg/250px-Grabs-blazon.svg.png",35.176211909,FALSE,FALSE
17,3274,,,,,,,,FALSE,"SG","Sennwald","Sennwald","Sennwald","Sennwald SG","Sennwald (SG)","Sennwald (SG)","St. Gallen","Saint-Gall","San Gallo","https://thumb.wikimedia.org/wikipedia/commons/thumb/4/45/CHE_Sennwald_COA.svg/500px-CHE_Sennwald_COA.svg.png",35.176211909,FALSE,FALSE
17,3275,40.982286634,509,733,47.779479326,1248,2612,1242,TRUE,"SG","Sevelen","Sevelen","Sevelen","Sevelen SG","Sevelen (SG)","Sevelen (SG)","St. Gallen","Saint-Gall","San Gallo","https://thumb.wikimedia.org/wikipedia/commons/thumb/2/23/CHE_Sevelen_COA.svg/500px-CHE_Sevelen_COA.svg.png",35.176211909,FALSE,FALSE
17,3276,39.33747412,570,879,48.063555114,1452,3021,1449,TRUE,"SG","Wartau","Wartau","Wartau","Wartau SG","Wartau (SG)","Wartau (SG)","St. Gallen","Saint-Gall","San Gallo","https://thumb.wikimedia.org/wikipedia/commons/thumb/a/ac/CHE_Wartau_COA.svg/960px-CHE_Wartau_COA.svg.png",35.176211909,FALSE,FALSE
17,3291,31.133056133,599,1325,48.662291772,1928,3962,1924,TRUE,"SG","Bad Ragaz","Bad Ragaz","Bad Ragaz","Bad Ragaz SG","Bad Ragaz (SG)","Bad Ragaz (SG)","St. Gallen","Saint-Gall","San Gallo","https://thumb.wikimedia.org/wikipedia/commons/thumb/8/8b/BadRagaz-blazon.svg/250px-BadRagaz-blazon.svg.png",35.176211909,FALSE,FALSE
17,3292,45.816186557,668,790,43.314556774,1461,3373,1458,TRUE,"SG","Flums","Flums","Flums","Flums SG","Flums (SG)","Flums (SG)","St. Gallen","Saint-Gall","San Gallo","https://thumb.wikimedia.org/wikipedia/commons/thumb/7/7e/Flums-blazon.svg/250px-Flums-blazon.svg.png",35.176211909,FALSE,FALSE
17,3293,39.658241367,1114,1695,45.607506876,2819,6181,2809,TRUE,"SG","Mels","Mels","Mels","Mels SG","Mels (SG)","Mels (SG)","St. Gallen","Saint-Gall","San Gallo","https://thumb.wikimedia.org/wikipedia/commons/thumb/5/5c/CHE_Mels_COA.svg/960px-CHE_Mels_COA.svg.png",35.176211909,FALSE,FALSE
17,3294,44.278606965,267,336,53.392070485,606,1135,603,TRUE,"SG","Pfäfers","Pfäfers","Pfäfers","Pfäfers SG","Pfäfers (SG)","Pfäfers (SG)","St. Gallen","Saint-Gall","San Gallo","https://thumb.wikimedia.org/wikipedia/commons/thumb/4/4f/Pf%C3%A4fers-blazon.svg/250px-Pf%C3%A4fers-blazon.svg.png",35.176211909,FALSE,FALSE
17,3295,44.209558824,481,607,52.70531401,1091,2070,1088,TRUE,"SG","Quarten","Quarten","Quarten","Quarten SG","Quarten (SG)","Quarten (SG)","St. Gallen","Saint-Gall","San Gallo","https://thumb.wikimedia.org/wikipedia/commons/thumb/1/1f/Quarten-blazon.svg/250px-Quarten-blazon.svg.png",35.176211909,FALSE,FALSE
17,3296,32.058823529,545,1155,45.563869588,1705,3742,1700,TRUE,"SG","Sargans","Sargans","Sargans","Sargans SG","Sargans (SG)","Sargans (SG)","St. Gallen","Saint-Gall","San Gallo","https://thumb.wikimedia.org/wikipedia/commons/thumb/a/a1/CHE_Sargans_COA.svg/500px-CHE_Sargans_COA.svg.png",35.176211909,FALSE,FALSE
17,3297,36.358279316,617,1080,49.091957336,1703,3469,1697,TRUE,"SG","Vilters-Wangs","Vilters-Wangs","Vilters-Wangs","Vilters-Wangs SG","Vilters-Wangs (SG)","Vilters-Wangs (SG)","St. Gallen","Saint-Gall","San Gallo","https://thumb.wikimedia.org/wikipedia/commons/thumb/f/fe/ViltersWangs-blazon.svg/250px-ViltersWangs-blazon.svg.png",35.176211909,FALSE,FALSE
17,3298,32.835024026,615,1258,47.481650215,1876,3951,1873,TRUE,"SG","Walenstadt","Walenstadt","Walenstadt","Walenstadt SG","Walenstadt (SG)","Walenstadt (SG)","St. Gallen","Saint-Gall","San Gallo","https://thumb.wikimedia.org/wikipedia/commons/thumb/a/a1/CHE_Walenstadt_COA.svg/960px-CHE_Walenstadt_COA.svg.png",35.176211909,FALSE,FALSE
17,3311,45.962732919,370,435,57.386363636,808,1408,805,TRUE,"SG","Amden","Amden","Amden","Amden SG","Amden (SG)","Amden (SG)","St. Gallen","Saint-Gall","San Gallo","https://thumb.wikimedia.org/wikipedia/commons/thumb/f/f5/Amden-blazon.svg/250px-Amden-blazon.svg.png",35.176211909,FALSE,FALSE
17,3312,47.76119403,512,560,51.07091861,1073,2101,1072,TRUE,"SG","Benken SG","Benken (SG)","Benken SG","Benken SG","Benken (SG)","Benken (SG)","St. Gallen","Saint-Gall","San Gallo","https://thumb.wikimedia.org/wikipedia/commons/thumb/e/e7/Benken_SG-blazon.svg/250px-Benken_SG-blazon.svg.png",35.176211909,FALSE,FALSE
17,3313,46.23655914,731,850,48.014549864,1584,3299,1581,TRUE,"SG","Kaltbrunn","Kaltbrunn","Kaltbrunn","Kaltbrunn SG","Kaltbrunn (SG)","Kaltbrunn (SG)","St. Gallen","Saint-Gall","San Gallo","https://thumb.wikimedia.org/wikipedia/commons/thumb/1/13/Kaltbrunn-blazon.svg/250px-Kaltbrunn-blazon.svg.png",35.176211909,FALSE,FALSE
17,3315,50.766983199,695,674,50.327988338,1381,2744,1369,TRUE,"SG","Schänis","Schänis","Schänis","Schänis SG","Schänis (SG)","Schänis (SG)","St. Gallen","Saint-Gall","San Gallo","https://thumb.wikimedia.org/wikipedia/commons/thumb/f/f5/Sch%C3%A4nis-blazon.svg/250px-Sch%C3%A4nis-blazon.svg.png",35.176211909,FALSE,FALSE
17,3316,41.07946027,274,393,50.682852807,668,1318,667,TRUE,"SG","Weesen","Weesen","Weesen","Weesen SG","Weesen (SG)","Weesen (SG)","St. Gallen","Saint-Gall","San Gallo","https://thumb.wikimedia.org/wikipedia/commons/thumb/5/51/Wappen_Weesen.svg/500px-Wappen_Weesen.svg.png",35.176211909,FALSE,FALSE
17,3338,35.479716677,551,1002,62.504986039,1567,2507,1553,TRUE,"SG","Schmerikon","Schmerikon","Schmerikon","Schmerikon SG","Schmerikon (SG)","Schmerikon (SG)","St. Gallen","Saint-Gall","San Gallo","https://thumb.wikimedia.org/wikipedia/commons/thumb/3/31/Wappen_Schmerikon.svg/500px-Wappen_Schmerikon.svg.png",35.176211909,FALSE,FALSE
17,3339,36.76300578,636,1094,44.077275038,1734,3934,1730,TRUE,"SG","Uznach","Uznach","Uznach","Uznach SG","Uznach (SG)","Uznach (SG)","St. Gallen","Saint-Gall","San Gallo","https://thumb.wikimedia.org/wikipedia/commons/thumb/f/f1/CHE_Uznach_COA.svg/960px-CHE_Uznach_COA.svg.png",35.176211909,FALSE,FALSE
17,3340,,,,,,,,FALSE,"SG","Rapperswil-Jona","Rapperswil-Jona","Rapperswil-Jona","Rapperswil-Jona SG","Rapperswil-Jona (SG)","Rapperswil-Jona (SG)","St. Gallen","Saint-Gall","San Gallo","https://thumb.wikimedia.org/wikipedia/commons/thumb/e/ee/Rapperswil-Jona_CoA.svg/500px-Rapperswil-Jona_CoA.svg.png",35.176211909,FALSE,FALSE
17,3341,46.476833977,963,1109,52.231695085,2083,3988,2072,TRUE,"SG","Gommiswald","Gommiswald","Gommiswald","Gommiswald SG","Gommiswald (SG)","Gommiswald (SG)","St. Gallen","Saint-Gall","San Gallo","https://thumb.wikimedia.org/wikipedia/commons/thumb/3/3f/CHE_Gommiswald_COA.svg/250px-CHE_Gommiswald_COA.svg.png",35.176211909,FALSE,FALSE
17,3342,44.997091332,1547,1891,50.379783815,3449,6846,3438,TRUE,"SG","Eschenbach SG","Eschenbach (SG)","Eschenbach SG","Eschenbach SG","Eschenbach (SG)","Eschenbach (SG)","St. Gallen","Saint-Gall","San Gallo","https://thumb.wikimedia.org/wikipedia/commons/thumb/0/02/CHE_Eschenbach_SG_COA.svg/250px-CHE_Eschenbach_SG_COA.svg.png",35.176211909,FALSE,FALSE
17,3352,43.368983957,811,1059,52.138888889,1877,3600,1870,TRUE,"SG","Ebnat-Kappel","Ebnat-Kappel","Ebnat-Kappel","Ebnat-Kappel SG","Ebnat-Kappel (SG)","Ebnat-Kappel (SG)","St. Gallen","Saint-Gall","San Gallo","https://thumb.wikimedia.org/wikipedia/commons/thumb/2/24/EbnatKappel-blazon.svg/250px-EbnatKappel-blazon.svg.png",35.176211909,FALSE,FALSE
17,3359,45.683802134,471,560,58.644067797,1038,1770,1031,TRUE,"SG","Wildhaus-Alt St. Johann","Wildhaus-Alt St. Johann","Wildhaus-Alt St. Johann","Wildhaus-Alt St. Johann SG","Wildhaus-Alt St. Johann (SG)","Wildhaus-Alt St. Johann (SG)","St. Gallen","Saint-Gall","San Gallo","https://thumb.wikimedia.org/wikipedia/commons/thumb/d/dd/CHE_Wildhaus-Alt_St._Johann_COA.svg/250px-CHE_Wildhaus-Alt_St._Johann_COA.svg.png",35.176211909,FALSE,FALSE
17,3360,48.395217118,769,820,55.122456019,1598,2899,1589,TRUE,"SG","Nesslau","Nesslau","Nesslau","Nesslau SG","Nesslau (SG)","Nesslau (SG)","St. Gallen","Saint-Gall","San Gallo","https://thumb.wikimedia.org/wikipedia/commons/thumb/4/49/Nesslau-blazon.svg/250px-Nesslau-blazon.svg.png",35.176211909,FALSE,FALSE
17,3374,32.456140351,222,462,49.602313811,686,1383,684,TRUE,"SG","Lichtensteig","Lichtensteig","Lichtensteig","Lichtensteig SG","Lichtensteig (SG)","Lichtensteig (SG)","St. Gallen","Saint-Gall","San Gallo","https://thumb.wikimedia.org/wikipedia/commons/thumb/2/23/Wappen_Lichtensteig.svg/250px-Wappen_Lichtensteig.svg.png",35.176211909,FALSE,FALSE
17,3379,42.442074292,1154,1565,49.004127041,2731,5573,2719,TRUE,"SG","Wattwil","Wattwil","Wattwil","Wattwil SG","Wattwil (SG)","Wattwil (SG)","St. Gallen","Saint-Gall","San Gallo","https://thumb.wikimedia.org/wikipedia/commons/thumb/8/8f/CHE_Wattwil_COA.svg/960px-CHE_Wattwil_COA.svg.png",35.176211909,FALSE,FALSE
17,3392,42.619311876,1152,1551,50.511818351,2714,5373,2703,TRUE,"SG","Kirchberg SG","Kirchberg (SG)","Kirchberg SG","Kirchberg SG","Kirchberg (SG)","Kirchberg (SG)","St. Gallen","Saint-Gall","San Gallo","https://thumb.wikimedia.org/wikipedia/commons/thumb/0/00/Kirchberg_SG-blazon.svg/250px-Kirchberg_SG-blazon.svg.png",35.176211909,FALSE,FALSE
17,3393,45.504587156,248,297,52.657004831,545,1035,545,TRUE,"SG","Lütisburg","Lütisburg","Lütisburg","Lütisburg SG","Lütisburg (SG)","Lütisburg (SG)","St. Gallen","Saint-Gall","San Gallo","https://thumb.wikimedia.org/wikipedia/commons/thumb/b/bd/Wappen_L%C3%BCtisburg.svg/960px-Wappen_L%C3%BCtisburg.svg.png",35.176211909,FALSE,FALSE
17,3394,,,,,,,,FALSE,"SG","Mosnang","Mosnang","Mosnang","Mosnang SG","Mosnang (SG)","Mosnang (SG)","St. Gallen","Saint-Gall","San Gallo","https://thumb.wikimedia.org/wikipedia/commons/thumb/4/45/Mosnang-blazon.svg/250px-Mosnang-blazon.svg.png",35.176211909,FALSE,FALSE
17,3395,,,,,,,,FALSE,"SG","Bütschwil-Ganterschwil","Bütschwil-Ganterschwil","Bütschwil-Ganterschwil","Bütschwil-Ganterschwil SG","Bütschwil-Ganterschwil (SG)","Bütschwil-Ganterschwil (SG)","St. Gallen","Saint-Gall","San Gallo","https://thumb.wikimedia.org/wikipedia/commons/thumb/f/fc/CHE_B%C3%BCtschwil-Ganterschwil_COA.svg/250px-CHE_B%C3%BCtschwil-Ganterschwil_COA.svg.png",35.176211909,FALSE,FALSE
17,3396,49.615228838,1225,1244,54.768211921,2481,4530,2469,TRUE,"SG","Neckertal","Neckertal","Neckertal","Neckertal SG","Neckertal (SG)","Neckertal (SG)","St. Gallen","Saint-Gall","San Gallo","https://thumb.wikimedia.org/wikipedia/commons/thumb/4/41/CHE_Neckertal_COA.svg/960px-CHE_Neckertal_COA.svg.png",35.176211909,FALSE,FALSE
17,3401,33.075135554,427,864,48.251488095,1297,2688,1291,TRUE,"SG","Degersheim","Degersheim","Degersheim","Degersheim SG","Degersheim (SG)","Degersheim (SG)","St. Gallen","Saint-Gall","San Gallo","https://thumb.wikimedia.org/wikipedia/commons/thumb/a/a3/CHE_Degersheim_COA.svg/500px-CHE_Degersheim_COA.svg.png",35.176211909,FALSE,FALSE
17,3402,31.494661922,885,1925,46.8703304,2823,6023,2810,TRUE,"SG","Flawil","Flawil","Flawil","Flawil SG","Flawil (SG)","Flawil (SG)","St. Gallen","Saint-Gall","San Gallo","https://thumb.wikimedia.org/wikipedia/commons/thumb/6/61/Wappen_Flawil.svg/960px-Wappen_Flawil.svg.png",35.176211909,FALSE,FALSE
17,3405,34.702861335,473,890,51.403968551,1373,2671,1363,TRUE,"SG","Jonschwil","Jonschwil","Jonschwil","Jonschwil SG","Jonschwil (SG)","Jonschwil (SG)","St. Gallen","Saint-Gall","San Gallo","https://thumb.wikimedia.org/wikipedia/commons/thumb/c/c7/Jonschwil-blazon.svg/250px-Jonschwil-blazon.svg.png",35.176211909,FALSE,FALSE
17,3407,37.131434283,743,1258,47.845751012,2010,4201,2001,TRUE,"SG","Oberuzwil","Oberuzwil","Oberuzwil","Oberuzwil SG","Oberuzwil (SG)","Oberuzwil (SG)","St. Gallen","Saint-Gall","San Gallo","https://thumb.wikimedia.org/wikipedia/commons/thumb/e/e9/Oberuzwil-coat_of_arms.svg/250px-Oberuzwil-coat_of_arms.svg.png",35.176211909,FALSE,FALSE
17,3408,35,1246,2314,43.61168847,3567,8179,3560,TRUE,"SG","Uzwil","Uzwil","Uzwil","Uzwil SG","Uzwil (SG)","Uzwil (SG)","St. Gallen","Saint-Gall","San Gallo","https://thumb.wikimedia.org/wikipedia/commons/thumb/0/0f/CHE_Uzwil_COA.svg/960px-CHE_Uzwil_COA.svg.png",35.176211909,FALSE,FALSE
17,3422,45.714285714,288,342,58.379373849,634,1086,630,TRUE,"SG","Niederbüren","Niederbüren","Niederbüren","Niederbüren SG","Niederbüren (SG)","Niederbüren (SG)","St. Gallen","Saint-Gall","San Gallo","https://thumb.wikimedia.org/wikipedia/commons/thumb/7/7f/Niederb%C3%BCren-blazon.svg/250px-Niederb%C3%BCren-blazon.svg.png",35.176211909,FALSE,FALSE
17,3423,38.735177866,490,775,54.709677419,1272,2325,1265,TRUE,"SG","Niederhelfenschwil","Niederhelfenschwil","Niederhelfenschwil","Niederhelfenschwil SG","Niederhelfenschwil (SG)","Niederhelfenschwil (SG)","St. Gallen","Saint-Gall","San Gallo","https://thumb.wikimedia.org/wikipedia/commons/thumb/9/9a/Niederhelfenschwil-blazon.svg/250px-Niederhelfenschwil-blazon.svg.png",35.176211909,FALSE,FALSE
17,3424,40.59531349,641,938,49.285714286,1587,3220,1579,TRUE,"SG","Oberbüren","Oberbüren","Oberbüren","Oberbüren SG","Oberbüren (SG)","Oberbüren (SG)","St. Gallen","Saint-Gall","San Gallo","https://thumb.wikimedia.org/wikipedia/commons/thumb/6/6d/Oberb%C3%BCren-blazon.svg/250px-Oberb%C3%BCren-blazon.svg.png",35.176211909,FALSE,FALSE
17,3426,34.607329843,661,1249,54.395916052,1918,3526,1910,TRUE,"SG","Zuzwil SG","Zuzwil (SG)","Zuzwil SG","Zuzwil SG","Zuzwil (SG)","Zuzwil (SG)","St. Gallen","Saint-Gall","San Gallo","https://thumb.wikimedia.org/wikipedia/commons/thumb/8/8f/Zuzwil_SG-blazon.svg/250px-Zuzwil_SG-blazon.svg.png",35.176211909,FALSE,FALSE
17,3427,30.615687377,2178,4936,49.881301494,7144,14322,7114,TRUE,"SG","Wil SG","Wil (SG)","Wil SG","Wil SG","Wil (SG)","Wil (SG)","St. Gallen","Saint-Gall","San Gallo","https://thumb.wikimedia.org/wikipedia/commons/thumb/1/17/CHE_Wil_SG_COA.svg/960px-CHE_Wil_SG_COA.svg.png",35.176211909,FALSE,FALSE
17,3441,30.750893921,258,581,55.003270111,841,1529,839,TRUE,"SG","Andwil SG","Andwil (SG)","Andwil SG","Andwil SG","Andwil (SG)","Andwil (SG)","St. Gallen","Saint-Gall","San Gallo","https://thumb.wikimedia.org/wikipedia/commons/thumb/7/70/Andwil_SG-blazon.svg/250px-Andwil_SG-blazon.svg.png",35.176211909,FALSE,FALSE
17,3442,26.204238921,816,2298,52.326749247,3126,5974,3114,TRUE,"SG","Gaiserwald","Gaiserwald","Gaiserwald","Gaiserwald SG","Gaiserwald (SG)","Gaiserwald (SG)","St. Gallen","Saint-Gall","San Gallo","https://thumb.wikimedia.org/wikipedia/commons/thumb/6/6b/Gaiserwald-blazon.svg/250px-Gaiserwald-blazon.svg.png",35.176211909,FALSE,FALSE
17,3443,32.238120473,1825,3836,47.828653343,5672,11859,5661,TRUE,"SG","Gossau SG","Gossau (SG)","Gossau SG","Gossau SG","Gossau (SG)","Gossau (SG)","St. Gallen","Saint-Gall","San Gallo","https://thumb.wikimedia.org/wikipedia/commons/thumb/4/4e/Gossau_SG-blazon.svg/250px-Gossau_SG-blazon.svg.png",35.176211909,FALSE,FALSE
17,3444,37.6917458,516,853,54.890219561,1375,2505,1369,TRUE,"SG","Waldkirch","Waldkirch","Waldkirch","Waldkirch SG","Waldkirch (SG)","Waldkirch (SG)","St. Gallen","Saint-Gall","San Gallo","https://thumb.wikimedia.org/wikipedia/commons/thumb/9/9e/Waldkirch-blazon.svg/250px-Waldkirch-blazon.svg.png",35.176211909,FALSE,FALSE
18,3506,29.545454545,286,682,53.175457481,988,1858,968,TRUE,"GR","Vaz/Obervaz","Vaz/Obervaz","Vaz/Obervaz","Vaz/Obervaz GR","Vaz/Obervaz (GR)","Vaz/Obervaz (GR)","Graubünden","Grisons","Grigioni","https://thumb.wikimedia.org/wikipedia/commons/thumb/2/25/CHE_Vaz-Obervaz_COA.svg/250px-CHE_Vaz-Obervaz_COA.svg.png",33.414195045,FALSE,FALSE
18,3513,22.950819672,42,141,47.25,189,400,183,TRUE,"GR","Lantsch/Lenz","Lantsch/Lenz","Lantsch/Lenz","Lantsch/Lenz GR","Lantsch/Lenz (GR)","Lantsch/Lenz (GR)","Graubünden","Grisons","Grigioni","https://thumb.wikimedia.org/wikipedia/commons/thumb/d/d1/CHE_Lantsch-Lenz_COA.svg/250px-CHE_Lantsch-Lenz_COA.svg.png",33.414195045,FALSE,FALSE
18,3514,43.28358209,29,38,42.948717949,67,156,67,TRUE,"GR","Schmitten GR","Schmitten (GR)","Schmitten GR","Schmitten GR","Schmitten (GR)","Schmitten (GR)","Graubünden","Grisons","Grigioni","https://thumb.wikimedia.org/wikipedia/commons/thumb/2/21/CHE_Schmitten_GR_COA.svg/250px-CHE_Schmitten_GR_COA.svg.png",33.414195045,FALSE,FALSE
18,3542,36.402569593,170,297,50.207900208,483,962,467,TRUE,"GR","Albula/Alvra","Albula/Alvra","Albula/Alvra","Albula/Alvra GR","Albula/Alvra (GR)","Albula/Alvra (GR)","Graubünden","Grisons","Grigioni","https://thumb.wikimedia.org/wikipedia/commons/thumb/a/ac/CHE_Albula-Alvra_COA.svg/250px-CHE_Albula-Alvra_COA.svg.png",33.414195045,FALSE,FALSE
18,3543,29.750982962,227,536,42.244224422,768,1818,763,TRUE,"GR","Surses","Surses","Surses","Surses GR","Surses (GR)","Surses (GR)","Graubünden","Grisons","Grigioni","https://thumb.wikimedia.org/wikipedia/commons/thumb/7/7e/CHE_Surses_COA.svg/250px-CHE_Surses_COA.svg.png",33.414195045,FALSE,FALSE
18,3544,28.647214854,108,269,57.680722892,383,664,377,TRUE,"GR","Bergün Filisur","Bergün Filisur","Bergün Filisur","Bergün Filisur GR","Bergün Filisur (GR)","Bergün Filisur (GR)","Graubünden","Grisons","Grigioni","https://thumb.wikimedia.org/wikipedia/commons/thumb/7/77/CHE_Berg%C3%BCn_Filisur_COA.svg/250px-CHE_Berg%C3%BCn_Filisur_COA.svg.png",33.414195045,FALSE,FALSE
18,3551,53.201970443,216,190,46.30044843,413,892,406,TRUE,"GR","Brusio","Brusio","Brusio","Brusio GR","Brusio (GR)","Brusio (GR)","Graubünden","Grisons","Grigioni","https://thumb.wikimedia.org/wikipedia/commons/thumb/d/d9/CHE_Brusio_COA.svg/250px-CHE_Brusio_COA.svg.png",33.414195045,FALSE,FALSE
18,3561,44.579780755,732,910,59.140160783,1692,2861,1642,TRUE,"GR","Poschiavo","Poschiavo","Poschiavo","Poschiavo GR","Poschiavo (GR)","Poschiavo (GR)","Graubünden","Grisons","Grigioni","https://thumb.wikimedia.org/wikipedia/commons/thumb/1/17/CHE_Poschiavo_COA.svg/250px-CHE_Poschiavo_COA.svg.png",33.414195045,FALSE,FALSE
18,3572,32.600732601,89,184,54.635108481,277,507,273,TRUE,"GR","Falera","Falera","Falera","Falera GR","Falera (GR)","Falera (GR)","Graubünden","Grisons","Grigioni","https://thumb.wikimedia.org/wikipedia/commons/thumb/c/c0/CHE_Falera_COA.svg/250px-CHE_Falera_COA.svg.png",33.414195045,FALSE,FALSE
18,3575,31.205673759,220,485,49.255751015,728,1478,705,TRUE,"GR","Laax","Laax","Laax","Laax GR","Laax (GR)","Laax (GR)","Graubünden","Grisons","Grigioni","https://thumb.wikimedia.org/wikipedia/commons/thumb/d/d2/CHE_Laax_COA.svg/250px-CHE_Laax_COA.svg.png",33.414195045,FALSE,FALSE
18,3581,21.454545455,59,216,47.189097104,277,587,275,TRUE,"GR","Sagogn","Sagogn","Sagogn","Sagogn GR","Sagogn (GR)","Sagogn (GR)","Graubünden","Grisons","Grigioni","https://thumb.wikimedia.org/wikipedia/commons/thumb/e/e9/CHE_Sagogn_COA.svg/250px-CHE_Sagogn_COA.svg.png",33.414195045,FALSE,FALSE
18,3582,39.583333333,57,87,35.891089109,145,404,144,TRUE,"GR","Schluein","Schluein","Schluein","Schluein GR","Schluein (GR)","Schluein (GR)","Graubünden","Grisons","Grigioni","https://thumb.wikimedia.org/wikipedia/commons/thumb/3/3a/CHE_Schluein_COA.svg/250px-CHE_Schluein_COA.svg.png",33.414195045,FALSE,FALSE
18,3603,18.75,60,260,46.793002915,321,686,320,TRUE,"GR","Vals","Vals","Vals","Vals GR","Vals (GR)","Vals (GR)","Graubünden","Grisons","Grigioni","https://thumb.wikimedia.org/wikipedia/commons/thumb/0/07/CHE_Vals_COA.svg/960px-CHE_Vals_COA.svg.png",33.414195045,FALSE,FALSE
18,3618,32.73480663,237,487,42.766203704,739,1728,724,TRUE,"GR","Lumnezia","Lumnezia","Lumnezia","Lumnezia GR","Lumnezia (GR)","Lumnezia (GR)","Graubünden","Grisons","Grigioni","https://thumb.wikimedia.org/wikipedia/commons/thumb/9/9a/CHE_Lumnezia_COA.svg/250px-CHE_Lumnezia_COA.svg.png",33.414195045,FALSE,FALSE
18,3619,34.892086331,582,1086,47.507002801,1696,3570,1668,TRUE,"GR","Ilanz/Glion","Ilanz/Glion","Ilanz/Glion","Ilanz/Glion GR","Ilanz/Glion (GR)","Ilanz/Glion (GR)","Graubünden","Grisons","Grigioni","https://thumb.wikimedia.org/wikipedia/commons/thumb/b/bc/CHE_Ilanz-Glion_COA.svg/250px-CHE_Ilanz-Glion_COA.svg.png",33.414195045,FALSE,FALSE
18,3633,39.097744361,52,81,48.897058824,133,272,133,TRUE,"GR","Fürstenau","Fürstenau","Fürstenau","Fürstenau GR","Fürstenau (GR)","Fürstenau (GR)","Graubünden","Grisons","Grigioni","https://thumb.wikimedia.org/wikipedia/commons/thumb/a/a1/CHE_F%C3%BCrstenau_COA.svg/960px-CHE_F%C3%BCrstenau_COA.svg.png",33.414195045,FALSE,FALSE
18,3637,36.842105263,42,72,47.773279352,118,247,114,TRUE,"GR","Rothenbrunnen","Rothenbrunnen","Rothenbrunnen","Rothenbrunnen GR","Rothenbrunnen (GR)","Rothenbrunnen (GR)","Graubünden","Grisons","Grigioni","https://thumb.wikimedia.org/wikipedia/commons/thumb/3/37/CHE_Rothenbrunnen_COA.svg/250px-CHE_Rothenbrunnen_COA.svg.png",33.414195045,FALSE,FALSE
18,3638,36.120401338,108,191,44.873699851,302,673,299,TRUE,"GR","Scharans","Scharans","Scharans","Scharans GR","Scharans (GR)","Scharans (GR)","Graubünden","Grisons","Grigioni","https://thumb.wikimedia.org/wikipedia/commons/thumb/c/c5/CHE_Scharans_COA.svg/250px-CHE_Scharans_COA.svg.png",33.414195045,FALSE,FALSE
18,3640,35.211267606,100,184,42.857142857,288,672,284,TRUE,"GR","Sils im Domleschg","Sils im Domleschg","Sils im Domleschg","Sils im Domleschg GR","Sils im Domleschg (GR)","Sils im Domleschg (GR)","Graubünden","Grisons","Grigioni","https://thumb.wikimedia.org/wikipedia/commons/thumb/c/cb/CHE_Sils_im_Domleschg_COA.svg/250px-CHE_Sils_im_Domleschg_COA.svg.png",33.414195045,FALSE,FALSE
18,3661,38.8101983,274,432,39.625756742,720,1817,706,TRUE,"GR","Cazis","Cazis","Cazis","Cazis GR","Cazis (GR)","Cazis (GR)","Graubünden","Grisons","Grigioni","https://thumb.wikimedia.org/wikipedia/commons/thumb/a/a9/CHE_Cazis_COA.svg/250px-CHE_Cazis_COA.svg.png",33.414195045,FALSE,FALSE
18,3662,33.333333333,40,80,58.823529412,120,204,120,TRUE,"GR","Flerden","Flerden","Flerden","Flerden GR","Flerden (GR)","Flerden (GR)","Graubünden","Grisons","Grigioni","https://thumb.wikimedia.org/wikipedia/commons/thumb/4/42/CHE_Flerden_COA.svg/250px-CHE_Flerden_COA.svg.png",33.414195045,FALSE,FALSE
18,3663,22.580645161,49,168,52.392344498,219,418,217,TRUE,"GR","Masein","Masein","Masein","Masein GR","Masein (GR)","Masein (GR)","Graubünden","Grisons","Grigioni","https://thumb.wikimedia.org/wikipedia/commons/thumb/c/ce/CHE_Masein_COA.svg/960px-CHE_Masein_COA.svg.png",33.414195045,FALSE,FALSE
18,3668,33.959731544,253,492,38.064192578,759,1994,745,TRUE,"GR","Thusis","Thusis","Thusis","Thusis GR","Thusis (GR)","Thusis (GR)","Graubünden","Grisons","Grigioni","https://thumb.wikimedia.org/wikipedia/commons/thumb/2/2b/CHE_Thusis_COA.svg/250px-CHE_Thusis_COA.svg.png",33.414195045,FALSE,FALSE
18,3669,30.952380952,26,58,67.741935484,84,124,84,TRUE,"GR","Tschappina","Tschappina","Tschappina","Tschappina GR","Tschappina (GR)","Tschappina (GR)","Graubünden","Grisons","Grigioni","https://thumb.wikimedia.org/wikipedia/commons/thumb/f/f4/CHE_Tschappina_COA.svg/250px-CHE_Tschappina_COA.svg.png",33.414195045,FALSE,FALSE
18,3670,35.714285714,30,54,64.122137405,84,131,84,TRUE,"GR","Urmein","Urmein","Urmein","Urmein GR","Urmein (GR)","Urmein (GR)","Graubünden","Grisons","Grigioni","https://thumb.wikimedia.org/wikipedia/commons/thumb/c/c4/CHE_Urmein_COA.svg/250px-CHE_Urmein_COA.svg.png",33.414195045,FALSE,FALSE
18,3672,33.491686461,141,280,52.962962963,429,810,421,TRUE,"GR","Safiental","Safiental","Safiental","Safiental GR","Safiental (GR)","Safiental (GR)","Graubünden","Grisons","Grigioni","https://thumb.wikimedia.org/wikipedia/commons/thumb/4/4b/CHE_Safiental_COA.svg/250px-CHE_Safiental_COA.svg.png",33.414195045,FALSE,FALSE
18,3673,29.9,299,701,59.373186303,1023,1723,1000,TRUE,"GR","Domleschg","Domleschg","Domleschg","Domleschg GR","Domleschg (GR)","Domleschg (GR)","Graubünden","Grisons","Grigioni","https://thumb.wikimedia.org/wikipedia/commons/thumb/a/a0/CHE_Domleschg_COA.svg/250px-CHE_Domleschg_COA.svg.png",33.414195045,FALSE,FALSE
18,3681,24.324324324,18,56,58.59375,75,128,74,TRUE,"GR","Avers","Avers","Avers","Avers GR","Avers (GR)","Avers (GR)","Graubünden","Grisons","Grigioni","https://thumb.wikimedia.org/wikipedia/commons/thumb/6/6f/CHE_Avers_COA.svg/960px-CHE_Avers_COA.svg.png",33.414195045,FALSE,FALSE
18,3695,22.058823529,15,53,64.761904762,68,105,68,TRUE,"GR","Sufers","Sufers","Sufers","Sufers GR","Sufers (GR)","Sufers (GR)","Graubünden","Grisons","Grigioni","https://thumb.wikimedia.org/wikipedia/commons/thumb/5/54/CHE_Sufers_COA.svg/250px-CHE_Sufers_COA.svg.png",33.414195045,FALSE,FALSE
18,3701,29.392971246,92,221,47.897897898,319,666,313,TRUE,"GR","Andeer","Andeer","Andeer","Andeer GR","Andeer (GR)","Andeer (GR)","Graubünden","Grisons","Grigioni","https://thumb.wikimedia.org/wikipedia/commons/thumb/b/b2/CHE_Andeer_COA.svg/250px-CHE_Andeer_COA.svg.png",33.414195045,FALSE,FALSE
18,3711,48,12,13,59.523809524,25,42,25,TRUE,"GR","Rongellen","Rongellen","Rongellen","Rongellen GR","Rongellen (GR)","Rongellen (GR)","Graubünden","Grisons","Grigioni","https://thumb.wikimedia.org/wikipedia/commons/thumb/e/ef/CHE_Rongellen_COA.svg/250px-CHE_Rongellen_COA.svg.png",33.414195045,FALSE,FALSE
18,3712,35.211267606,50,92,48.160535117,144,299,142,TRUE,"GR","Zillis-Reischen","Zillis-Reischen","Zillis-Reischen","Zillis-Reischen GR","Zillis-Reischen (GR)","Zillis-Reischen (GR)","Graubünden","Grisons","Grigioni","https://thumb.wikimedia.org/wikipedia/commons/thumb/b/b5/CHE_Zillis-Reischen_COA.svg/250px-CHE_Zillis-Reischen_COA.svg.png",33.414195045,FALSE,FALSE
18,3713,44.827586207,13,16,57.407407407,31,54,29,TRUE,"GR","Ferrera","Ferrera","Ferrera","Ferrera GR","Ferrera (GR)","Ferrera (GR)","Graubünden","Grisons","Grigioni","https://thumb.wikimedia.org/wikipedia/commons/thumb/3/3d/CHE_Ferrera_COA.svg/250px-CHE_Ferrera_COA.svg.png",33.414195045,FALSE,FALSE
18,3714,33.864541833,85,166,53.276955603,252,473,251,TRUE,"GR","Rheinwald","Rheinwald","Rheinwald","Rheinwald GR","Rheinwald (GR)","Rheinwald (GR)","Graubünden","Grisons","Grigioni","https://thumb.wikimedia.org/wikipedia/commons/thumb/a/ac/CHE_Rheinwald_COA.svg/250px-CHE_Rheinwald_COA.svg.png",33.414195045,FALSE,FALSE
18,3715,33.986928105,52,101,49.677419355,154,310,153,TRUE,"GR","Muntogna da Schons","Muntogna da Schons","Muntogna da Schons","Muntogna da Schons GR","Muntogna da Schons (GR)","Muntogna da Schons (GR)","Graubünden","Grisons","Grigioni","https://thumb.wikimedia.org/wikipedia/commons/thumb/0/0a/CHE_Muntogna_da_Schons_COA.svg/250px-CHE_Muntogna_da_Schons_COA.svg.png",33.414195045,FALSE,FALSE
18,3721,29.599271403,325,773,43.845851357,1115,2543,1098,TRUE,"GR","Bonaduz","Bonaduz","Bonaduz","Bonaduz GR","Bonaduz (GR)","Bonaduz (GR)","Graubünden","Grisons","Grigioni","https://thumb.wikimedia.org/wikipedia/commons/thumb/d/d5/CHE_Bonaduz_COA.svg/250px-CHE_Bonaduz_COA.svg.png",33.414195045,FALSE,FALSE
18,3722,31.041456016,614,1364,37.818456313,2004,5299,1978,TRUE,"GR","Domat/Ems","Domat/Ems","Domat/Ems","Domat/Ems GR","Domat/Ems (GR)","Domat/Ems (GR)","Graubünden","Grisons","Grigioni","https://thumb.wikimedia.org/wikipedia/commons/thumb/1/1f/CHE_Domat-Ems_COA.svg/250px-CHE_Domat-Ems_COA.svg.png",33.414195045,FALSE,FALSE
18,3723,27.876106195,126,326,43.399810066,457,1053,452,TRUE,"GR","Rhäzüns","Rhäzüns","Rhäzüns","Rhäzüns GR","Rhäzüns (GR)","Rhäzüns (GR)","Graubünden","Grisons","Grigioni","https://thumb.wikimedia.org/wikipedia/commons/thumb/6/65/CHE_Rh%C3%A4z%C3%BCns_COA.svg/250px-CHE_Rh%C3%A4z%C3%BCns_COA.svg.png",33.414195045,FALSE,FALSE
18,3731,27.294117647,232,618,43.45177665,856,1970,850,TRUE,"GR","Felsberg","Felsberg","Felsberg","Felsberg GR","Felsberg (GR)","Felsberg (GR)","Graubünden","Grisons","Grigioni","https://thumb.wikimedia.org/wikipedia/commons/thumb/3/3f/CHE_Felsberg_COA.svg/250px-CHE_Felsberg_COA.svg.png",33.414195045,FALSE,FALSE
18,3732,24.308300395,246,766,50.37073653,1019,2023,1012,TRUE,"GR","Flims","Flims","Flims","Flims GR","Flims (GR)","Flims (GR)","Graubünden","Grisons","Grigioni","https://thumb.wikimedia.org/wikipedia/commons/thumb/9/92/CHE_Flims_COA.svg/250px-CHE_Flims_COA.svg.png",33.414195045,FALSE,FALSE
18,3733,33.746898263,136,267,46.396396396,412,888,403,TRUE,"GR","Tamins","Tamins","Tamins","Tamins GR","Tamins (GR)","Tamins (GR)","Graubünden","Grisons","Grigioni","https://thumb.wikimedia.org/wikipedia/commons/thumb/e/e5/CHE_Tamins_COA.svg/250px-CHE_Tamins_COA.svg.png",33.414195045,FALSE,FALSE
18,3734,22.87694974,132,445,51.868327402,583,1124,577,TRUE,"GR","Trin","Trin","Trin","Trin GR","Trin (GR)","Trin (GR)","Graubünden","Grisons","Grigioni","https://thumb.wikimedia.org/wikipedia/commons/thumb/5/55/CHE_Trin_COA.svg/250px-CHE_Trin_COA.svg.png",33.414195045,FALSE,FALSE
18,3746,33.536585366,220,436,59.513074842,660,1109,656,TRUE,"GR","Zernez","Zernez","Zernez","Zernez GR","Zernez (GR)","Zernez (GR)","Graubünden","Grisons","Grigioni","https://thumb.wikimedia.org/wikipedia/commons/thumb/e/eb/CHE_Zernez_COA.svg/250px-CHE_Zernez_COA.svg.png",33.414195045,FALSE,FALSE
18,3752,59.512195122,122,83,42.531120332,205,482,205,TRUE,"GR","Samnaun","Samnaun","Samnaun","Samnaun GR","Samnaun (GR)","Samnaun (GR)","Graubünden","Grisons","Grigioni","https://thumb.wikimedia.org/wikipedia/commons/thumb/a/a3/CHE_Samnaun_COA.svg/250px-CHE_Samnaun_COA.svg.png",33.414195045,FALSE,FALSE
18,3762,29.064039409,413,1008,45.363721511,1453,3203,1421,TRUE,"GR","Scuol","Scuol","Scuol","Scuol GR","Scuol (GR)","Scuol (GR)","Graubünden","Grisons","Grigioni","https://thumb.wikimedia.org/wikipedia/commons/thumb/1/10/CHE_Scuol_COA.svg/250px-CHE_Scuol_COA.svg.png",33.414195045,FALSE,FALSE
18,3764,36.462093863,101,176,39.886845827,282,707,277,TRUE,"GR","Valsot","Valsot","Valsot","Valsot GR","Valsot (GR)","Valsot (GR)","Graubünden","Grisons","Grigioni","https://thumb.wikimedia.org/wikipedia/commons/thumb/b/b0/CHE_Valsot_COA.svg/250px-CHE_Valsot_COA.svg.png",33.414195045,FALSE,FALSE
18,3781,27.173913043,75,201,58.526315789,278,475,276,TRUE,"GR","Bever","Bever","Bever","Bever GR","Bever (GR)","Bever (GR)","Graubünden","Grisons","Grigioni","https://thumb.wikimedia.org/wikipedia/commons/thumb/5/5b/CHE_Bever_COA.svg/250px-CHE_Bever_COA.svg.png",33.414195045,FALSE,FALSE
18,3782,25.784753363,115,331,48.979591837,456,931,446,TRUE,"GR","Celerina/Schlarigna","Celerina/Schlarigna","Celerina/Schlarigna","Celerina/Schlarigna GR","Celerina/Schlarigna (GR)","Celerina/Schlarigna (GR)","Graubünden","Grisons","Grigioni","https://thumb.wikimedia.org/wikipedia/commons/thumb/0/09/CHE_Celerina-Schlarigna_COA.svg/250px-CHE_Celerina-Schlarigna_COA.svg.png",33.414195045,FALSE,FALSE
18,3783,41.25,33,47,52.631578947,80,152,80,TRUE,"GR","Madulain","Madulain","Madulain","Madulain GR","Madulain (GR)","Madulain (GR)","Graubünden","Grisons","Grigioni","https://thumb.wikimedia.org/wikipedia/commons/thumb/5/5e/CHE_Madulain_COA.svg/250px-CHE_Madulain_COA.svg.png",33.414195045,FALSE,FALSE
18,3784,31.160572337,196,433,50.437549722,634,1257,629,TRUE,"GR","Pontresina","Pontresina","Pontresina","Pontresina GR","Pontresina (GR)","Pontresina (GR)","Graubünden","Grisons","Grigioni","https://thumb.wikimedia.org/wikipedia/commons/thumb/3/3f/CHE_Pontresina_COA.svg/250px-CHE_Pontresina_COA.svg.png",33.414195045,FALSE,FALSE
18,3785,34.166666667,82,158,45.607476636,244,535,240,TRUE,"GR","La Punt-Chamues-ch","La Punt-Chamues-ch","La Punt-Chamues-ch","La Punt-Chamues-ch GR","La Punt-Chamues-ch (GR)","La Punt-Chamues-ch (GR)","Graubünden","Grisons","Grigioni","https://thumb.wikimedia.org/wikipedia/commons/thumb/5/55/CHE_La_Punt_Chamues-ch_COA.svg/250px-CHE_La_Punt_Chamues-ch_COA.svg.png",33.414195045,FALSE,FALSE
18,3786,31.256830601,286,629,47.376464595,930,1963,915,TRUE,"GR","Samedan","Samedan","Samedan","Samedan GR","Samedan (GR)","Samedan (GR)","Graubünden","Grisons","Grigioni","https://thumb.wikimedia.org/wikipedia/commons/thumb/0/0e/CHE_Samedan_COA.svg/250px-CHE_Samedan_COA.svg.png",33.414195045,FALSE,FALSE
18,3787,33.932759969,434,845,50.919765166,1301,2555,1279,TRUE,"GR","St. Moritz","St. Moritz","St. Moritz","St. Moritz GR","St. Moritz (GR)","St. Moritz (GR)","Graubünden","Grisons","Grigioni","https://thumb.wikimedia.org/wikipedia/commons/thumb/8/84/CHE_St_Moritz_COA.svg/250px-CHE_St_Moritz_COA.svg.png",33.414195045,FALSE,FALSE
18,3788,37.735849057,80,132,42.635658915,220,516,212,TRUE,"GR","S-chanf","S-chanf","S-chanf","S-chanf GR","S-chanf (GR)","S-chanf (GR)","Graubünden","Grisons","Grigioni","https://thumb.wikimedia.org/wikipedia/commons/thumb/d/d5/CHE_S-chanf_COA.svg/250px-CHE_S-chanf_COA.svg.png",33.414195045,FALSE,FALSE
18,3789,30.653266332,61,138,47.086247086,202,429,199,TRUE,"GR","Sils im Engadin/Segl","Sils im Engadin/Segl","Sils im Engadin/Segl","Sils im Engadin/Segl GR","Sils im Engadin/Segl (GR)","Sils im Engadin/Segl (GR)","Graubünden","Grisons","Grigioni","https://thumb.wikimedia.org/wikipedia/commons/thumb/f/f7/CHE_Sils_im_Engadin_Segl_COA.svg/960px-CHE_Sils_im_Engadin_Segl_COA.svg.png",33.414195045,FALSE,FALSE
18,3790,39.666666667,119,181,45.118343195,305,676,300,TRUE,"GR","Silvaplana","Silvaplana","Silvaplana","Silvaplana GR","Silvaplana (GR)","Silvaplana (GR)","Graubünden","Grisons","Grigioni","https://thumb.wikimedia.org/wikipedia/commons/thumb/e/e4/CHE_Silvaplana_COA.svg/250px-CHE_Silvaplana_COA.svg.png",33.414195045,FALSE,FALSE
18,3791,32.880434783,121,247,50.752393981,371,731,368,TRUE,"GR","Zuoz","Zuoz","Zuoz","Zuoz GR","Zuoz (GR)","Zuoz (GR)","Graubünden","Grisons","Grigioni","https://thumb.wikimedia.org/wikipedia/commons/thumb/9/93/CHE_Zuoz_COA.svg/250px-CHE_Zuoz_COA.svg.png",33.414195045,FALSE,FALSE
18,3792,33.217391304,191,384,46.190102121,588,1273,575,TRUE,"GR","Bregaglia","Bregaglia","Bregaglia","Bregaglia GR","Bregaglia (GR)","Bregaglia (GR)","Graubünden","Grisons","Grigioni","https://thumb.wikimedia.org/wikipedia/commons/thumb/9/96/CHE_Bregaglia_COA.svg/250px-CHE_Bregaglia_COA.svg.png",33.414195045,FALSE,FALSE
18,3804,54.054054054,20,17,40,38,95,37,TRUE,"GR","Buseno","Buseno","Buseno","Buseno GR","Buseno (GR)","Buseno (GR)","Graubünden","Grisons","Grigioni","https://thumb.wikimedia.org/wikipedia/commons/thumb/a/a6/CHE_Buseno_COA.svg/250px-CHE_Buseno_COA.svg.png",33.414195045,FALSE,FALSE
18,3805,54.385964912,62,52,48.717948718,114,234,114,TRUE,"GR","Castaneda","Castaneda","Castaneda","Castaneda GR","Castaneda (GR)","Castaneda (GR)","Graubünden","Grisons","Grigioni","https://thumb.wikimedia.org/wikipedia/commons/thumb/1/13/CHE_Castaneda_COA.svg/250px-CHE_Castaneda_COA.svg.png",33.414195045,FALSE,FALSE
18,3808,60.638297872,57,37,46.078431373,94,204,94,TRUE,"GR","Rossa","Rossa","Rossa","Rossa GR","Rossa (GR)","Rossa (GR)","Graubünden","Grisons","Grigioni","https://thumb.wikimedia.org/wikipedia/commons/thumb/0/0f/CHE_Rossa_COA.svg/250px-CHE_Rossa_COA.svg.png",33.414195045,FALSE,FALSE
18,3810,67.346938776,33,16,48.039215686,49,102,49,TRUE,"GR","Santa Maria in Calanca","Santa Maria in Calanca","Santa Maria in Calanca","Santa Maria in Calanca GR","Santa Maria in Calanca (GR)","Santa Maria in Calanca (GR)","Graubünden","Grisons","Grigioni","https://thumb.wikimedia.org/wikipedia/commons/thumb/d/dc/CHE_Santa_Maria_in_Calanca_COA.svg/250px-CHE_Santa_Maria_in_Calanca_COA.svg.png",33.414195045,FALSE,FALSE
18,3821,58.333333333,154,110,43.902439024,270,615,264,TRUE,"GR","Lostallo","Lostallo","Lostallo","Lostallo GR","Lostallo (GR)","Lostallo (GR)","Graubünden","Grisons","Grigioni","https://thumb.wikimedia.org/wikipedia/commons/thumb/9/98/CHE_Lostallo_COA.svg/250px-CHE_Lostallo_COA.svg.png",33.414195045,FALSE,FALSE
18,3822,59.251559252,285,196,46.015180266,485,1054,481,TRUE,"GR","Mesocco","Mesocco","Mesocco","Mesocco GR","Mesocco (GR)","Mesocco (GR)","Graubünden","Grisons","Grigioni","https://thumb.wikimedia.org/wikipedia/commons/thumb/7/72/CHE_Mesocco_COA.svg/250px-CHE_Mesocco_COA.svg.png",33.414195045,FALSE,FALSE
18,3823,55.970149254,75,59,54.150197628,137,253,134,TRUE,"GR","Soazza","Soazza","Soazza","Soazza GR","Soazza (GR)","Soazza (GR)","Graubünden","Grisons","Grigioni","https://thumb.wikimedia.org/wikipedia/commons/thumb/1/13/CHE_Soazza_COA.svg/250px-CHE_Soazza_COA.svg.png",33.414195045,FALSE,FALSE
18,3831,57.746478873,82,60,31.578947368,144,456,142,TRUE,"GR","Cama","Cama","Cama","Cama GR","Cama (GR)","Cama (GR)","Graubünden","Grisons","Grigioni","https://thumb.wikimedia.org/wikipedia/commons/thumb/4/4b/CHE_Cama_COA.svg/250px-CHE_Cama_COA.svg.png",33.414195045,FALSE,FALSE
18,3832,58.508158508,251,178,45.277207392,441,974,429,TRUE,"GR","Grono","Grono","Grono","Grono GR","Grono (GR)","Grono (GR)","Graubünden","Grisons","Grigioni","https://thumb.wikimedia.org/wikipedia/commons/thumb/7/7d/CHE_Grono_COA.svg/250px-CHE_Grono_COA.svg.png",33.414195045,FALSE,FALSE
18,3834,58.687258687,456,321,46.876859012,788,1681,777,TRUE,"GR","Roveredo GR","Roveredo (GR)","Roveredo GR","Roveredo GR","Roveredo (GR)","Roveredo (GR)","Graubünden","Grisons","Grigioni","https://thumb.wikimedia.org/wikipedia/commons/thumb/0/05/CHE_Roveredo_COA.svg/250px-CHE_Roveredo_COA.svg.png",33.414195045,FALSE,FALSE
18,3835,59.793814433,174,117,46.740858506,294,629,291,TRUE,"GR","San Vittore","San Vittore","San Vittore","San Vittore GR","San Vittore (GR)","San Vittore (GR)","Graubünden","Grisons","Grigioni","https://thumb.wikimedia.org/wikipedia/commons/thumb/4/4d/CHE_San_Vittore_COA.svg/250px-CHE_San_Vittore_COA.svg.png",33.414195045,FALSE,FALSE
18,3837,31.395348837,27,59,39.366515837,87,221,86,TRUE,"GR","Calanca","Calanca","Calanca","Calanca GR","Calanca (GR)","Calanca (GR)","Graubünden","Grisons","Grigioni","https://thumb.wikimedia.org/wikipedia/commons/thumb/b/b1/CHE_Calanca_GR_COA.svg/250px-CHE_Calanca_GR_COA.svg.png",33.414195045,FALSE,FALSE
18,3847,33.165829146,198,399,49.470252649,607,1227,597,TRUE,"GR","Val Müstair","Val Müstair","Val Müstair","Val Müstair GR","Val Müstair (GR)","Val Müstair (GR)","Graubünden","Grisons","Grigioni","https://thumb.wikimedia.org/wikipedia/commons/thumb/8/8b/M%C3%BCnstertal_nach_S%C3%BCden.jpg/960px-M%C3%BCnstertal_nach_S%C3%BCden.jpg",33.414195045,FALSE,FALSE
18,3851,29.48982601,1000,2391,51.40802876,3432,6676,3391,TRUE,"GR","Davos","Davos","Davos","Davos GR","Davos (GR)","Davos (GR)","Graubünden","Grisons","Grigioni","https://thumb.wikimedia.org/wikipedia/commons/thumb/3/39/CHE_Davos_COA.svg/250px-CHE_Davos_COA.svg.png",33.414195045,FALSE,FALSE
18,3861,39.726027397,87,132,46.137787056,221,479,219,TRUE,"GR","Fideris","Fideris","Fideris","Fideris GR","Fideris (GR)","Fideris (GR)","Graubünden","Grisons","Grigioni","https://thumb.wikimedia.org/wikipedia/commons/thumb/b/b6/CHE_Fideris_COA.svg/250px-CHE_Fideris_COA.svg.png",33.414195045,FALSE,FALSE
18,3862,62.65060241,52,31,53.797468354,85,158,83,TRUE,"GR","Furna","Furna","Furna","Furna GR","Furna (GR)","Furna (GR)","Graubünden","Grisons","Grigioni","https://thumb.wikimedia.org/wikipedia/commons/thumb/0/0c/CHE_Furna_COA.svg/250px-CHE_Furna_COA.svg.png",33.414195045,FALSE,FALSE
18,3863,38.83248731,153,241,44.568868981,398,893,394,TRUE,"GR","Jenaz","Jenaz","Jenaz","Jenaz GR","Jenaz (GR)","Jenaz (GR)","Graubünden","Grisons","Grigioni","https://thumb.wikimedia.org/wikipedia/commons/thumb/9/99/CHE_Jenaz_COA.svg/250px-CHE_Jenaz_COA.svg.png",33.414195045,FALSE,FALSE
18,3871,37.923875433,548,897,45.117845118,1474,3267,1445,TRUE,"GR","Klosters-Serneus","Klosters-Serneus","Klosters-Serneus","Klosters-Serneus GR","Klosters-Serneus (GR)","Klosters-Serneus (GR)","Graubünden","Grisons","Grigioni","https://thumb.wikimedia.org/wikipedia/commons/thumb/5/56/CHE_Klosters-Serneus_COA.svg/250px-CHE_Klosters-Serneus_COA.svg.png",33.414195045,FALSE,FALSE
18,3881,44.827586207,39,48,45.833333333,88,192,87,TRUE,"GR","Conters im Prättigau","Conters im Prättigau","Conters im Prättigau","Conters im Prättigau GR","Conters im Prättigau (GR)","Conters im Prättigau (GR)","Graubünden","Grisons","Grigioni","https://thumb.wikimedia.org/wikipedia/commons/thumb/d/d3/CHE_Conters_im_Pr%C3%A4ttigau_COA.svg/250px-CHE_Conters_im_Pr%C3%A4ttigau_COA.svg.png",33.414195045,FALSE,FALSE
18,3882,47.692307692,124,136,42.973856209,263,612,260,TRUE,"GR","Küblis","Küblis","Küblis","Küblis GR","Küblis (GR)","Küblis (GR)","Graubünden","Grisons","Grigioni","https://thumb.wikimedia.org/wikipedia/commons/thumb/3/3b/CHE_K%C3%BCblis_COA.svg/250px-CHE_K%C3%BCblis_COA.svg.png",33.414195045,FALSE,FALSE
18,3891,50.147928994,339,337,50.483271375,679,1345,676,TRUE,"GR","Luzein","Luzein","Luzein","Luzein GR","Luzein (GR)","Luzein (GR)","Graubünden","Grisons","Grigioni","https://thumb.wikimedia.org/wikipedia/commons/thumb/4/46/CHE_Luzein_COA.svg/250px-CHE_Luzein_COA.svg.png",33.414195045,FALSE,FALSE
18,3901,26.50821089,3067,8503,44.156235862,11712,26524,11570,TRUE,"GR","Chur","Coire","Coira","Chur GR","Coire (GR)","Coira (GR)","Graubünden","Grisons","Grigioni","https://thumb.wikimedia.org/wikipedia/commons/thumb/5/5a/CHE_Chur_COA.svg/250px-CHE_Chur_COA.svg.png",33.414195045,FALSE,FALSE
18,3911,29.835082459,199,468,49.851851852,673,1350,667,TRUE,"GR","Churwalden","Churwalden","Churwalden","Churwalden GR","Churwalden (GR)","Churwalden (GR)","Graubünden","Grisons","Grigioni","https://thumb.wikimedia.org/wikipedia/commons/thumb/0/00/CHE_Churwalden_COA.svg/960px-CHE_Churwalden_COA.svg.png",33.414195045,FALSE,FALSE
18,3921,36.777251185,388,667,50.023551578,1062,2123,1055,TRUE,"GR","Arosa","Arosa","Arosa","Arosa GR","Arosa (GR)","Arosa (GR)","Graubünden","Grisons","Grigioni","https://thumb.wikimedia.org/wikipedia/commons/thumb/8/8c/CHE_Arosa_COA.svg/250px-CHE_Arosa_COA.svg.png",33.414195045,FALSE,FALSE
18,3945,39.301310044,450,695,46.092820309,1162,2521,1145,TRUE,"GR","Trimmis","Trimmis","Trimmis","Trimmis GR","Trimmis (GR)","Trimmis (GR)","Graubünden","Grisons","Grigioni","https://thumb.wikimedia.org/wikipedia/commons/thumb/4/40/CHE_Trimmis_COA.svg/250px-CHE_Trimmis_COA.svg.png",33.414195045,FALSE,FALSE
18,3946,37.872892348,292,479,39.524291498,781,1976,771,TRUE,"GR","Untervaz","Untervaz","Untervaz","Untervaz GR","Untervaz (GR)","Untervaz (GR)","Graubünden","Grisons","Grigioni","https://thumb.wikimedia.org/wikipedia/commons/thumb/b/b3/CHE_Untervaz_COA.svg/250px-CHE_Untervaz_COA.svg.png",33.414195045,FALSE,FALSE
18,3947,33.481349911,377,749,41.519823789,1131,2724,1126,TRUE,"GR","Zizers","Zizers","Zizers","Zizers GR","Zizers (GR)","Zizers (GR)","Graubünden","Grisons","Grigioni","https://thumb.wikimedia.org/wikipedia/commons/thumb/a/a8/CHE_Zizers_COA.svg/250px-CHE_Zizers_COA.svg.png",33.414195045,FALSE,FALSE
18,3951,36.02484472,116,206,49.84984985,332,666,322,TRUE,"GR","Fläsch","Fläsch","Fläsch","Fläsch GR","Fläsch (GR)","Fläsch (GR)","Graubünden","Grisons","Grigioni","https://thumb.wikimedia.org/wikipedia/commons/thumb/6/6a/CHE_Fl%C3%A4sch_COA.svg/250px-CHE_Fl%C3%A4sch_COA.svg.png",33.414195045,FALSE,FALSE
18,3952,28.871391076,110,271,52.226720648,387,741,381,TRUE,"GR","Jenins","Jenins","Jenins","Jenins GR","Jenins (GR)","Jenins (GR)","Graubünden","Grisons","Grigioni","https://thumb.wikimedia.org/wikipedia/commons/thumb/b/b9/CHE_Jenins_COA.svg/250px-CHE_Jenins_COA.svg.png",33.414195045,FALSE,FALSE
18,3953,34.423548651,421,802,47.772181325,1233,2581,1223,TRUE,"GR","Maienfeld","Maienfeld","Maienfeld","Maienfeld GR","Maienfeld (GR)","Maienfeld (GR)","Graubünden","Grisons","Grigioni","https://thumb.wikimedia.org/wikipedia/commons/thumb/e/e9/CHE_Maienfeld_COA.svg/250px-CHE_Maienfeld_COA.svg.png",33.414195045,FALSE,FALSE
18,3954,26.989247312,251,679,48.530170191,941,1939,930,TRUE,"GR","Malans","Malans","Malans","Malans GR","Malans (GR)","Malans (GR)","Graubünden","Grisons","Grigioni","https://thumb.wikimedia.org/wikipedia/commons/thumb/3/3e/CHE_Malans_COA.svg/250px-CHE_Malans_COA.svg.png",33.414195045,FALSE,FALSE
18,3955,35.39748954,846,1544,41.109409563,2416,5877,2390,TRUE,"GR","Landquart","Landquart","Landquart","Landquart GR","Landquart (GR)","Landquart (GR)","Graubünden","Grisons","Grigioni","https://thumb.wikimedia.org/wikipedia/commons/thumb/3/38/CHE_Landquart_COA.svg/250px-CHE_Landquart_COA.svg.png",33.414195045,FALSE,FALSE
18,3961,41.231593039,308,439,43.815635939,751,1714,747,TRUE,"GR","Grüsch","Grüsch","Grüsch","Grüsch GR","Grüsch (GR)","Grüsch (GR)","Graubünden","Grisons","Grigioni","https://thumb.wikimedia.org/wikipedia/commons/thumb/4/48/CHE_Gr%C3%BCsch_COA.svg/250px-CHE_Gr%C3%BCsch_COA.svg.png",33.414195045,FALSE,FALSE
18,3962,41.65621079,332,465,41.140529532,808,1964,797,TRUE,"GR","Schiers","Schiers","Schiers","Schiers GR","Schiers (GR)","Schiers (GR)","Graubünden","Grisons","Grigioni","https://thumb.wikimedia.org/wikipedia/commons/thumb/f/f7/CHE_Schiers_COA.svg/250px-CHE_Schiers_COA.svg.png",33.414195045,FALSE,FALSE
18,3972,41.093117409,203,291,46.02739726,504,1095,494,TRUE,"GR","Seewis im Prättigau","Seewis im Prättigau","Seewis im Prättigau","Seewis im Prättigau GR","Seewis im Prättigau (GR)","Seewis im Prättigau (GR)","Graubünden","Grisons","Grigioni","https://thumb.wikimedia.org/wikipedia/commons/thumb/1/1c/CHE_Seewis_im_Pr%C3%A4ttigau_COA.svg/250px-CHE_Seewis_im_Pr%C3%A4ttigau_COA.svg.png",33.414195045,FALSE,FALSE
18,3981,35.986733002,217,386,43.897216274,615,1401,603,TRUE,"GR","Breil/Brigels","Breil/Brigels","Breil/Brigels","Breil/Brigels GR","Breil/Brigels (GR)","Breil/Brigels (GR)","Graubünden","Grisons","Grigioni","https://thumb.wikimedia.org/wikipedia/commons/thumb/8/84/CHE_Breil_Brigels_COA.svg/250px-CHE_Breil_Brigels_COA.svg.png",33.414195045,FALSE,FALSE
18,3982,31.891891892,236,504,48.498402556,759,1565,740,TRUE,"GR","Disentis/Mustér","Disentis/Mustér","Disentis/Mustér","Disentis/Mustér GR","Disentis/Mustér (GR)","Disentis/Mustér (GR)","Graubünden","Grisons","Grigioni","https://thumb.wikimedia.org/wikipedia/commons/thumb/e/e5/CHE_Disentis_Muster_COA.svg/250px-CHE_Disentis_Muster_COA.svg.png",33.414195045,FALSE,FALSE
18,3983,23.076923077,30,100,44.147157191,132,299,130,TRUE,"GR","Medel (Lucmagn)","Medel (Lucmagn)","Medel (Lucmagn)","Medel (Lucmagn) GR","Medel (Lucmagn) (GR)","Medel (Lucmagn) (GR)","Graubünden","Grisons","Grigioni","https://thumb.wikimedia.org/wikipedia/commons/thumb/a/a5/CHE_Medel_%28Lucmagn%29_COA.svg/250px-CHE_Medel_%28Lucmagn%29_COA.svg.png",33.414195045,FALSE,FALSE
18,3985,29.802955665,121,285,45.185995624,413,914,406,TRUE,"GR","Sumvitg","Sumvitg","Sumvitg","Sumvitg GR","Sumvitg (GR)","Sumvitg (GR)","Graubünden","Grisons","Grigioni","https://thumb.wikimedia.org/wikipedia/commons/thumb/7/7a/CHE_Sumvitg_COA.svg/250px-CHE_Sumvitg_COA.svg.png",33.414195045,FALSE,FALSE
18,3986,24.789915966,118,358,48.884381339,482,986,476,TRUE,"GR","Tujetsch","Tujetsch","Tujetsch","Tujetsch GR","Tujetsch (GR)","Tujetsch (GR)","Graubünden","Grisons","Grigioni","https://thumb.wikimedia.org/wikipedia/commons/thumb/3/38/CHE_Tujetsch_COA.svg/250px-CHE_Tujetsch_COA.svg.png",33.414195045,FALSE,FALSE
18,3987,29.319371728,112,270,43.922018349,383,872,382,TRUE,"GR","Trun","Trun","Trun","Trun GR","Trun (GR)","Trun (GR)","Graubünden","Grisons","Grigioni","https://thumb.wikimedia.org/wikipedia/commons/thumb/8/8a/CHE_Trun_COA.svg/250px-CHE_Trun_COA.svg.png",33.414195045,FALSE,FALSE
18,3988,37.136465324,166,281,47.021943574,450,957,447,TRUE,"GR","Obersaxen Mundaun","Obersaxen Mundaun","Obersaxen Mundaun","Obersaxen Mundaun GR","Obersaxen Mundaun (GR)","Obersaxen Mundaun (GR)","Graubünden","Grisons","Grigioni","https://thumb.wikimedia.org/wikipedia/commons/thumb/6/64/CHE_Obersaxen_Mundaun_COA.svg/250px-CHE_Obersaxen_Mundaun_COA.svg.png",33.414195045,FALSE,FALSE
19,4001,18.084345961,1518,6876,57.001013171,8439,14805,8394,TRUE,"AG","Aarau","Aarau","Aarau","Aarau AG","Aarau (AG)","Aarau (AG)","Aargau","Argovie","Argovia","https://thumb.wikimedia.org/wikipedia/commons/thumb/e/e9/CHE_Aarau_corporate_design_COA.svg/960px-CHE_Aarau_corporate_design_COA.svg.png",29.574896608,FALSE,FALSE
19,4002,20.44198895,148,576,58.648431215,729,1243,724,TRUE,"AG","Biberstein","Biberstein","Biberstein","Biberstein AG","Biberstein (AG)","Biberstein (AG)","Aargau","Argovie","Argovia","https://thumb.wikimedia.org/wikipedia/commons/thumb/a/a7/CHE_Biberstein_COA.svg/330px-CHE_Biberstein_COA.svg.png",29.574896608,FALSE,FALSE
19,4003,24.972191324,449,1349,42.287857478,1804,4266,1798,TRUE,"AG","Buchs AG","Buchs (AG)","Buchs AG","Buchs AG","Buchs (AG)","Buchs (AG)","Aargau","Argovie","Argovia","https://thumb.wikimedia.org/wikipedia/commons/thumb/1/16/Wappen_Buchs_AG.svg/330px-Wappen_Buchs_AG.svg.png",29.574896608,FALSE,FALSE
19,4004,35.714285714,100,180,50.088495575,283,565,280,TRUE,"AG","Densbüren","Densbüren","Densbüren","Densbüren AG","Densbüren (AG)","Densbüren (AG)","Aargau","Argovie","Argovia","https://thumb.wikimedia.org/wikipedia/commons/thumb/b/b2/Wappen_Densb%C3%BCren.svg/330px-Wappen_Densb%C3%BCren.svg.png",29.574896608,FALSE,FALSE
19,4005,28.81773399,468,1156,52.026811363,1630,3133,1624,TRUE,"AG","Erlinsbach AG","Erlinsbach (AG)","Erlinsbach AG","Erlinsbach AG","Erlinsbach (AG)","Erlinsbach (AG)","Aargau","Argovie","Argovia","https://thumb.wikimedia.org/wikipedia/commons/thumb/d/d2/CHE_Erlinsbach_AG_COA.svg/330px-CHE_Erlinsbach_AG_COA.svg.png",29.574896608,FALSE,FALSE
19,4006,32.352941176,726,1518,42.751563388,2256,5277,2244,TRUE,"AG","Gränichen","Gränichen","Gränichen","Gränichen AG","Gränichen (AG)","Gränichen (AG)","Aargau","Argovie","Argovia","https://thumb.wikimedia.org/wikipedia/commons/thumb/9/93/CHE_Gr%C3%A4nichen_AG_COA.svg/330px-CHE_Gr%C3%A4nichen_AG_COA.svg.png",29.574896608,FALSE,FALSE
19,4007,33.884297521,205,400,46.981424149,607,1292,605,TRUE,"AG","Hirschthal","Hirschthal","Hirschthal","Hirschthal AG","Hirschthal (AG)","Hirschthal (AG)","Aargau","Argovie","Argovia","https://thumb.wikimedia.org/wikipedia/commons/thumb/e/e4/Wappen_Hirschthal_AG.svg/330px-Wappen_Hirschthal_AG.svg.png",29.574896608,FALSE,FALSE
19,4008,20.526516597,538,2083,54.517198508,2631,4826,2621,TRUE,"AG","Küttigen","Küttigen","Küttigen","Küttigen AG","Küttigen (AG)","Küttigen (AG)","Aargau","Argovie","Argovia","https://thumb.wikimedia.org/wikipedia/commons/thumb/c/c8/CHE_K%C3%BCttigen_COA.svg/330px-CHE_K%C3%BCttigen_COA.svg.png",29.574896608,FALSE,FALSE
19,4009,34.264150943,454,871,48.242116709,1331,2759,1325,TRUE,"AG","Muhen","Muhen","Muhen","Muhen AG","Muhen (AG)","Muhen (AG)","Aargau","Argovie","Argovia","https://thumb.wikimedia.org/wikipedia/commons/thumb/0/06/Wappen_Muhen_AG.svg/330px-Wappen_Muhen_AG.svg.png",29.574896608,FALSE,FALSE
19,4010,28.442317916,535,1346,40.19524618,1894,4712,1881,TRUE,"AG","Oberentfelden","Oberentfelden","Oberentfelden","Oberentfelden AG","Oberentfelden (AG)","Oberentfelden (AG)","Aargau","Argovie","Argovia","https://thumb.wikimedia.org/wikipedia/commons/thumb/0/03/Wappen_Oberentfelden_AG.svg/330px-Wappen_Oberentfelden_AG.svg.png",29.574896608,FALSE,FALSE
19,4012,21.895054738,580,2069,44.593687038,2656,5956,2649,TRUE,"AG","Suhr","Suhr","Suhr","Suhr AG","Suhr (AG)","Suhr (AG)","Aargau","Argovie","Argovia","https://thumb.wikimedia.org/wikipedia/commons/thumb/b/b8/Wappen_Suhr_AG.svg/330px-Wappen_Suhr_AG.svg.png",29.574896608,FALSE,FALSE
19,4013,26.420454545,465,1295,69.479004666,1787,2572,1760,TRUE,"AG","Unterentfelden","Unterentfelden","Unterentfelden","Unterentfelden AG","Unterentfelden (AG)","Unterentfelden (AG)","Aargau","Argovie","Argovia","https://thumb.wikimedia.org/wikipedia/commons/thumb/0/0e/CHE_Unterentfelden_COA.svg/330px-CHE_Unterentfelden_COA.svg.png",29.574896608,FALSE,FALSE
19,4021,16.65737385,1195,5979,50.709495235,7183,14165,7174,TRUE,"AG","Baden","Baden","Baden","Baden AG","Baden (AG)","Baden (AG)","Aargau","Argovie","Argovia","https://thumb.wikimedia.org/wikipedia/commons/thumb/9/91/CHE_Baden_AG_COA.svg/500px-CHE_Baden_AG_COA.svg.png",29.574896608,FALSE,FALSE
19,4022,29.28,183,442,54.105445117,626,1157,625,TRUE,"AG","Bellikon","Bellikon","Bellikon","Bellikon AG","Bellikon (AG)","Bellikon (AG)","Aargau","Argovie","Argovia","https://thumb.wikimedia.org/wikipedia/commons/thumb/6/69/CHE_Bellikon_COA.svg/330px-CHE_Bellikon_COA.svg.png",29.574896608,FALSE,FALSE
19,4023,27.861771058,258,668,48.789473684,927,1900,926,TRUE,"AG","Bergdietikon","Bergdietikon","Bergdietikon","Bergdietikon AG","Bergdietikon (AG)","Bergdietikon (AG)","Aargau","Argovie","Argovia","https://thumb.wikimedia.org/wikipedia/commons/thumb/4/45/CHE_Bergdietikon_COA.svg/330px-CHE_Bergdietikon_COA.svg.png",29.574896608,FALSE,FALSE
19,4024,28.358208955,247,624,45.696400626,876,1917,871,TRUE,"AG","Birmenstorf AG","Birmenstorf (AG)","Birmenstorf AG","Birmenstorf AG","Birmenstorf (AG)","Birmenstorf (AG)","Aargau","Argovie","Argovia","https://thumb.wikimedia.org/wikipedia/commons/thumb/b/be/CHE_Birmenstorf_COA.svg/330px-CHE_Birmenstorf_COA.svg.png",29.574896608,FALSE,FALSE
19,4026,11.36827774,167,1302,59.967453214,1474,2458,1469,TRUE,"AG","Ennetbaden","Ennetbaden","Ennetbaden","Ennetbaden AG","Ennetbaden (AG)","Ennetbaden (AG)","Aargau","Argovie","Argovia","https://thumb.wikimedia.org/wikipedia/commons/thumb/6/6d/CHE_Ennetbaden_COA.svg/500px-CHE_Ennetbaden_COA.svg.png",29.574896608,FALSE,FALSE
19,4027,25.993690852,412,1173,43.990052501,1592,3619,1585,TRUE,"AG","Fislisbach","Fislisbach","Fislisbach","Fislisbach AG","Fislisbach (AG)","Fislisbach (AG)","Aargau","Argovie","Argovia","https://thumb.wikimedia.org/wikipedia/commons/thumb/c/c3/CHE_Fislisbach_COA.svg/960px-CHE_Fislisbach_COA.svg.png",29.574896608,FALSE,FALSE
19,4028,24.137931034,98,308,51.974522293,408,785,406,TRUE,"AG","Freienwil","Freienwil","Freienwil","Freienwil AG","Freienwil (AG)","Freienwil (AG)","Aargau","Argovie","Argovia","https://thumb.wikimedia.org/wikipedia/commons/thumb/9/95/Wappen_Freienwil.svg/330px-Wappen_Freienwil.svg.png",29.574896608,FALSE,FALSE
19,4029,25.873221216,400,1146,45.698291102,1551,3394,1546,TRUE,"AG","Gebenstorf","Gebenstorf","Gebenstorf","Gebenstorf AG","Gebenstorf (AG)","Gebenstorf (AG)","Aargau","Argovie","Argovia","https://thumb.wikimedia.org/wikipedia/commons/thumb/6/65/Wappen_Gebenstorf_AG.svg/330px-Wappen_Gebenstorf_AG.svg.png",29.574896608,FALSE,FALSE
19,4030,27.160493827,132,354,36.838124054,487,1322,486,TRUE,"AG","Killwangen","Killwangen","Killwangen","Killwangen AG","Killwangen (AG)","Killwangen (AG)","Aargau","Argovie","Argovia","https://thumb.wikimedia.org/wikipedia/commons/thumb/e/e3/CHE_Killwangen_COA.svg/960px-CHE_Killwangen_COA.svg.png",29.574896608,FALSE,FALSE
19,4031,30.744849445,194,437,49.452269171,632,1278,631,TRUE,"AG","Künten","Künten","Künten","Künten AG","Künten (AG)","Künten (AG)","Aargau","Argovie","Argovia","https://thumb.wikimedia.org/wikipedia/commons/thumb/9/9f/Wappen_K%C3%BCnten_AG.svg/330px-Wappen_K%C3%BCnten_AG.svg.png",29.574896608,FALSE,FALSE
19,4032,29.473684211,168,402,43.442001516,573,1319,570,TRUE,"AG","Mägenwil","Mägenwil","Mägenwil","Mägenwil AG","Mägenwil (AG)","Mägenwil (AG)","Aargau","Argovie","Argovia","https://thumb.wikimedia.org/wikipedia/commons/thumb/b/ba/Wappen_M%C3%A4genwil_AG.svg/330px-Wappen_M%C3%A4genwil_AG.svg.png",29.574896608,FALSE,FALSE
19,4033,28.800611154,377,932,39.313432836,1317,3350,1309,TRUE,"AG","Mellingen","Mellingen","Mellingen","Mellingen AG","Mellingen (AG)","Mellingen (AG)","Aargau","Argovie","Argovia","https://thumb.wikimedia.org/wikipedia/commons/thumb/c/cb/Wappen_Mellingen_AG.svg/330px-Wappen_Mellingen_AG.svg.png",29.574896608,FALSE,FALSE
19,4034,34.262295082,418,802,33.116531165,1222,3690,1220,TRUE,"AG","Neuenhof","Neuenhof","Neuenhof","Neuenhof AG","Neuenhof (AG)","Neuenhof (AG)","Aargau","Argovie","Argovia","https://thumb.wikimedia.org/wikipedia/commons/thumb/f/ff/CHE_Neuenhof_COA.svg/330px-CHE_Neuenhof_COA.svg.png",29.574896608,FALSE,FALSE
19,4035,23.592493298,352,1140,47.919334187,1497,3124,1492,TRUE,"AG","Niederrohrdorf","Niederrohrdorf","Niederrohrdorf","Niederrohrdorf AG","Niederrohrdorf (AG)","Niederrohrdorf (AG)","Aargau","Argovie","Argovia","https://thumb.wikimedia.org/wikipedia/commons/thumb/c/c3/Wappen_Niederrohrdorf_AG.svg/330px-Wappen_Niederrohrdorf_AG.svg.png",29.574896608,FALSE,FALSE
19,4037,26.818469323,424,1157,57.271743053,1587,2771,1581,TRUE,"AG","Oberrohrdorf","Oberrohrdorf","Oberrohrdorf","Oberrohrdorf AG","Oberrohrdorf (AG)","Oberrohrdorf (AG)","Aargau","Argovie","Argovia","https://thumb.wikimedia.org/wikipedia/commons/thumb/4/48/Wappen_Oberrohrdorf_AG.svg/330px-Wappen_Oberrohrdorf_AG.svg.png",29.574896608,FALSE,FALSE
19,4038,21.627906977,558,2022,51.651412654,2596,5026,2580,TRUE,"AG","Obersiggenthal","Obersiggenthal","Obersiggenthal","Obersiggenthal AG","Obersiggenthal (AG)","Obersiggenthal (AG)","Aargau","Argovie","Argovia","https://thumb.wikimedia.org/wikipedia/commons/thumb/2/21/Wappen_Obersiggenthal_AG.svg/330px-Wappen_Obersiggenthal_AG.svg.png",29.574896608,FALSE,FALSE
19,4039,31.614654003,233,504,50.7565337,738,1454,737,TRUE,"AG","Remetschwil","Remetschwil","Remetschwil","Remetschwil AG","Remetschwil (AG)","Remetschwil (AG)","Aargau","Argovie","Argovia","https://thumb.wikimedia.org/wikipedia/commons/thumb/8/88/CHE_Remetschwil_COA.svg/330px-CHE_Remetschwil_COA.svg.png",29.574896608,FALSE,FALSE
19,4040,39.2998679,595,919,29.950932287,1526,5095,1514,TRUE,"AG","Spreitenbach","Spreitenbach","Spreitenbach","Spreitenbach AG","Spreitenbach (AG)","Spreitenbach (AG)","Aargau","Argovie","Argovia","https://thumb.wikimedia.org/wikipedia/commons/thumb/5/56/CHE_Spreitenbach_COA.svg/330px-CHE_Spreitenbach_COA.svg.png",29.574896608,FALSE,FALSE
19,4041,33.227848101,210,422,42.220744681,635,1504,632,TRUE,"AG","Stetten AG","Stetten (AG)","Stetten AG","Stetten AG","Stetten (AG)","Stetten (AG)","Aargau","Argovie","Argovia","https://thumb.wikimedia.org/wikipedia/commons/thumb/e/eb/CHE_Stetten_AG_COA.svg/960px-CHE_Stetten_AG_COA.svg.png",29.574896608,FALSE,FALSE
19,4044,24.338624339,506,1573,47.352874347,2084,4401,2079,TRUE,"AG","Untersiggenthal","Untersiggenthal","Untersiggenthal","Untersiggenthal AG","Untersiggenthal (AG)","Untersiggenthal (AG)","Aargau","Argovie","Argovia","https://thumb.wikimedia.org/wikipedia/commons/thumb/a/a3/Wappen_Untersiggenthal_AG.svg/330px-Wappen_Untersiggenthal_AG.svg.png",29.574896608,FALSE,FALSE
19,4045,22.309070184,1370,4771,48.807920792,6162,12625,6141,TRUE,"AG","Wettingen","Wettingen","Wettingen","Wettingen AG","Wettingen (AG)","Wettingen (AG)","Aargau","Argovie","Argovia","https://thumb.wikimedia.org/wikipedia/commons/thumb/0/00/Wappen_Wettingen_AG.svg/330px-Wappen_Wettingen_AG.svg.png",29.574896608,FALSE,FALSE
19,4046,27.186311787,143,383,46.356453029,528,1139,526,TRUE,"AG","Wohlenschwil","Wohlenschwil","Wohlenschwil","Wohlenschwil AG","Wohlenschwil (AG)","Wohlenschwil (AG)","Aargau","Argovie","Argovia","https://thumb.wikimedia.org/wikipedia/commons/thumb/1/18/CHE_Wohlenschwil_COA.svg/330px-CHE_Wohlenschwil_COA.svg.png",29.574896608,FALSE,FALSE
19,4047,30.140014738,409,948,44.321509925,1362,3073,1357,TRUE,"AG","Würenlingen","Würenlingen","Würenlingen","Würenlingen AG","Würenlingen (AG)","Würenlingen (AG)","Aargau","Argovie","Argovia","https://thumb.wikimedia.org/wikipedia/commons/thumb/d/d7/CHE_W%C3%BCrenlingen_COA.svg/330px-CHE_W%C3%BCrenlingen_COA.svg.png",29.574896608,FALSE,FALSE
19,4048,25.5859375,655,1905,57.763835985,2578,4463,2560,TRUE,"AG","Würenlos","Würenlos","Würenlos","Würenlos AG","Würenlos (AG)","Würenlos (AG)","Aargau","Argovie","Argovia","https://thumb.wikimedia.org/wikipedia/commons/thumb/8/8d/CHE_W%C3%BCrenlos_COA.svg/330px-CHE_W%C3%BCrenlos_COA.svg.png",29.574896608,FALSE,FALSE
19,4049,28.590878148,420,1049,45.519159456,1473,3236,1469,TRUE,"AG","Ehrendingen","Ehrendingen","Ehrendingen","Ehrendingen AG","Ehrendingen (AG)","Ehrendingen (AG)","Aargau","Argovie","Argovia","https://thumb.wikimedia.org/wikipedia/commons/thumb/a/af/Wappen_Ehrendingen.svg/960px-Wappen_Ehrendingen.svg.png",29.574896608,FALSE,FALSE
19,4061,29.403794038,217,521,54.579025111,739,1354,738,TRUE,"AG","Arni AG","Arni (AG)","Arni AG","Arni AG","Arni (AG)","Arni (AG)","Aargau","Argovie","Argovia","https://thumb.wikimedia.org/wikipedia/commons/thumb/a/a1/CHE_Arni_AG_COA.svg/330px-CHE_Arni_AG_COA.svg.png",29.574896608,FALSE,FALSE
19,4062,26.825938567,393,1072,46.362204724,1472,3175,1465,TRUE,"AG","Berikon","Berikon","Berikon","Berikon AG","Berikon (AG)","Berikon (AG)","Aargau","Argovie","Argovia","https://thumb.wikimedia.org/wikipedia/commons/thumb/0/09/CHE_Berikon_COA.svg/330px-CHE_Berikon_COA.svg.png",29.574896608,FALSE,FALSE
19,4063,26.498054475,681,1889,45.825932504,2580,5630,2570,TRUE,"AG","Bremgarten AG","Bremgarten (AG)","Bremgarten AG","Bremgarten AG","Bremgarten (AG)","Bremgarten (AG)","Aargau","Argovie","Argovia","https://thumb.wikimedia.org/wikipedia/commons/thumb/b/b5/CHE_Bremgarten_AG_COA.svg/330px-CHE_Bremgarten_AG_COA.svg.png",29.574896608,FALSE,FALSE
19,4064,40.540540541,135,198,45.753424658,334,730,333,TRUE,"AG","Büttikon","Büttikon","Büttikon","Büttikon AG","Büttikon (AG)","Büttikon (AG)","Aargau","Argovie","Argovia","https://thumb.wikimedia.org/wikipedia/commons/thumb/7/75/Wappen_B%C3%BCttikon.svg/330px-Wappen_B%C3%BCttikon.svg.png",29.574896608,FALSE,FALSE
19,4065,36.374407583,307,537,42.026825633,846,2013,844,TRUE,"AG","Dottikon","Dottikon","Dottikon","Dottikon AG","Dottikon (AG)","Dottikon (AG)","Aargau","Argovie","Argovia","https://thumb.wikimedia.org/wikipedia/commons/thumb/0/08/Wappen_Dottikon.svg/330px-Wappen_Dottikon.svg.png",29.574896608,FALSE,FALSE
19,4066,35.384615385,115,210,47.376093294,325,686,325,TRUE,"AG","Eggenwil","Eggenwil","Eggenwil","Eggenwil AG","Eggenwil (AG)","Eggenwil (AG)","Aargau","Argovie","Argovia","https://thumb.wikimedia.org/wikipedia/commons/thumb/7/78/Wappen_Eggenwil.svg/330px-Wappen_Eggenwil.svg.png",29.574896608,FALSE,FALSE
19,4067,34.693877551,170,320,41.240569992,492,1193,490,TRUE,"AG","Fischbach-Göslikon","Fischbach-Göslikon","Fischbach-Göslikon","Fischbach-Göslikon AG","Fischbach-Göslikon (AG)","Fischbach-Göslikon (AG)","Aargau","Argovie","Argovia","https://thumb.wikimedia.org/wikipedia/commons/thumb/a/ac/CHE_Fischbach-G%C3%B6slikon_COA.svg/330px-CHE_Fischbach-G%C3%B6slikon_COA.svg.png",29.574896608,FALSE,FALSE
19,4068,28.3847981,239,603,46.399120396,844,1819,842,TRUE,"AG","Hägglingen","Hägglingen","Hägglingen","Hägglingen AG","Hägglingen (AG)","Hägglingen (AG)","Aargau","Argovie","Argovia","https://thumb.wikimedia.org/wikipedia/commons/thumb/7/7c/Wappen_H%C3%A4gglingen.svg/330px-Wappen_H%C3%A4gglingen.svg.png",29.574896608,FALSE,FALSE
19,4071,28.383233533,237,598,53.516624041,837,1564,835,TRUE,"AG","Jonen","Jonen","Jonen","Jonen AG","Jonen (AG)","Jonen (AG)","Aargau","Argovie","Argovia","https://thumb.wikimedia.org/wikipedia/commons/thumb/9/99/Wappen_Jonen_AG.svg/330px-Wappen_Jonen_AG.svg.png",29.574896608,FALSE,FALSE
19,4072,33.219178082,291,585,45.030737705,879,1952,876,TRUE,"AG","Niederwil AG","Niederwil (AG)","Niederwil AG","Niederwil AG","Niederwil (AG)","Niederwil (AG)","Aargau","Argovie","Argovia","https://thumb.wikimedia.org/wikipedia/commons/thumb/8/86/CHE_Niederwil_AG_COA.svg/330px-CHE_Niederwil_AG_COA.svg.png",29.574896608,FALSE,FALSE
19,4073,29.036004646,250,611,54.328732748,866,1594,861,TRUE,"AG","Oberlunkhofen","Oberlunkhofen","Oberlunkhofen","Oberlunkhofen AG","Oberlunkhofen (AG)","Oberlunkhofen (AG)","Aargau","Argovie","Argovia","https://thumb.wikimedia.org/wikipedia/commons/thumb/c/c5/CHE_Oberlunkhofen_COA.svg/330px-CHE_Oberlunkhofen_COA.svg.png",29.574896608,FALSE,FALSE
19,4074,34.141610087,352,679,53.022540984,1035,1952,1031,TRUE,"AG","Oberwil-Lieli","Oberwil-Lieli","Oberwil-Lieli","Oberwil-Lieli AG","Oberwil-Lieli (AG)","Oberwil-Lieli (AG)","Aargau","Argovie","Argovia","https://thumb.wikimedia.org/wikipedia/commons/thumb/7/7c/Wappen_Oberwil-Lieli_AG.svg/330px-Wappen_Oberwil-Lieli_AG.svg.png",29.574896608,FALSE,FALSE
19,4075,30.373360242,301,690,38.254517493,995,2601,991,TRUE,"AG","Rudolfstetten-Friedlisberg","Rudolfstetten-Friedlisberg","Rudolfstetten-Friedlisberg","Rudolfstetten-Friedlisberg AG","Rudolfstetten-Friedlisberg (AG)","Rudolfstetten-Friedlisberg (AG)","Aargau","Argovie","Argovia","https://thumb.wikimedia.org/wikipedia/commons/thumb/6/6b/Wappen_Rudolfstetten_AG.svg/330px-Wappen_Rudolfstetten_AG.svg.png",29.574896608,FALSE,FALSE
19,4076,34.666666667,338,637,45.695672406,982,2149,975,TRUE,"AG","Sarmenstorf","Sarmenstorf","Sarmenstorf","Sarmenstorf AG","Sarmenstorf (AG)","Sarmenstorf (AG)","Aargau","Argovie","Argovia","https://thumb.wikimedia.org/wikipedia/commons/thumb/4/49/Wappen_Sarmenstorf_AG.svg/330px-Wappen_Sarmenstorf_AG.svg.png",29.574896608,FALSE,FALSE
19,4077,34.285714286,156,299,46.052631579,455,988,455,TRUE,"AG","Tägerig","Tägerig","Tägerig","Tägerig AG","Tägerig (AG)","Tägerig (AG)","Aargau","Argovie","Argovia","https://thumb.wikimedia.org/wikipedia/commons/thumb/7/7c/Wappen_T%C3%A4gerig_AG.svg/330px-Wappen_T%C3%A4gerig_AG.svg.png",29.574896608,FALSE,FALSE
19,4078,51.149425287,89,85,46.684350133,176,377,174,TRUE,"AG","Uezwil","Uezwil","Uezwil","Uezwil AG","Uezwil (AG)","Uezwil (AG)","Aargau","Argovie","Argovia","https://thumb.wikimedia.org/wikipedia/commons/thumb/2/28/Wappen_Uezwil_AG.svg/330px-Wappen_Uezwil_AG.svg.png",29.574896608,FALSE,FALSE
19,4079,35.430463576,214,390,52.249134948,604,1156,604,TRUE,"AG","Unterlunkhofen","Unterlunkhofen","Unterlunkhofen","Unterlunkhofen AG","Unterlunkhofen (AG)","Unterlunkhofen (AG)","Aargau","Argovie","Argovia","https://thumb.wikimedia.org/wikipedia/commons/thumb/5/5a/CHE_Unterlunkhofen_COA.svg/330px-CHE_Unterlunkhofen_COA.svg.png",29.574896608,FALSE,FALSE
19,4080,37.047841307,635,1079,38.991138378,1716,4401,1714,TRUE,"AG","Villmergen","Villmergen","Villmergen","Villmergen AG","Villmergen (AG)","Villmergen (AG)","Aargau","Argovie","Argovia","https://thumb.wikimedia.org/wikipedia/commons/thumb/b/bb/CHE_Villmergen_COA.svg/330px-CHE_Villmergen_COA.svg.png",29.574896608,FALSE,FALSE
19,4081,30.131004367,414,960,51.840721262,1380,2662,1374,TRUE,"AG","Widen","Widen","Widen","Widen AG","Widen (AG)","Widen (AG)","Aargau","Argovie","Argovia","https://thumb.wikimedia.org/wikipedia/commons/thumb/7/7d/Wappen_Widen_AG.svg/330px-Wappen_Widen_AG.svg.png",29.574896608,FALSE,FALSE
19,4082,29.857267696,1025,2408,40.625,3445,8480,3433,TRUE,"AG","Wohlen AG","Wohlen (AG)","Wohlen AG","Wohlen AG","Wohlen (AG)","Wohlen (AG)","Aargau","Argovie","Argovia","https://thumb.wikimedia.org/wikipedia/commons/thumb/1/1e/CHE_Wohlen_AG_COA.svg/500px-CHE_Wohlen_AG_COA.svg.png",29.574896608,FALSE,FALSE
19,4083,31.202531646,493,1087,50.397962432,1583,3141,1580,TRUE,"AG","Zufikon","Zufikon","Zufikon","Zufikon AG","Zufikon (AG)","Zufikon (AG)","Aargau","Argovie","Argovia","https://thumb.wikimedia.org/wikipedia/commons/thumb/3/39/CHE_Zufikon_COA.svg/330px-CHE_Zufikon_COA.svg.png",29.574896608,FALSE,FALSE
19,4084,34.545454545,95,180,57.172557173,275,481,275,TRUE,"AG","Islisberg","Islisberg","Islisberg","Islisberg AG","Islisberg (AG)","Islisberg (AG)","Aargau","Argovie","Argovia","https://thumb.wikimedia.org/wikipedia/commons/thumb/3/39/Wappen_Islisberg_AG.svg/330px-Wappen_Islisberg_AG.svg.png",29.574896608,FALSE,FALSE
19,4091,28.346456693,180,455,50.515463918,637,1261,635,TRUE,"AG","Auenstein","Auenstein","Auenstein","Auenstein AG","Auenstein (AG)","Auenstein (AG)","Aargau","Argovie","Argovia","https://thumb.wikimedia.org/wikipedia/commons/thumb/d/d4/CHE_Auenstein_COA.svg/330px-CHE_Auenstein_COA.svg.png",29.574896608,FALSE,FALSE
19,4092,35.664335664,255,460,34.390009606,716,2082,715,TRUE,"AG","Birr","Birr","Birr","Birr AG","Birr (AG)","Birr (AG)","Aargau","Argovie","Argovia","https://thumb.wikimedia.org/wikipedia/commons/thumb/d/d4/CHE_Birr_AG_COA.svg/330px-CHE_Birr_AG_COA.svg.png",29.574896608,FALSE,FALSE
19,4093,42.352941176,108,147,42.200328407,257,609,255,TRUE,"AG","Birrhard","Birrhard","Birrhard","Birrhard AG","Birrhard (AG)","Birrhard (AG)","Aargau","Argovie","Argovia","https://thumb.wikimedia.org/wikipedia/commons/thumb/c/c1/Wappen_Birrhard.svg/330px-Wappen_Birrhard.svg.png",29.574896608,FALSE,FALSE
19,4095,23.533552323,1003,3259,49.139908257,4285,8720,4262,TRUE,"AG","Brugg","Brugg","Brugg","Brugg AG","Brugg (AG)","Brugg (AG)","Aargau","Argovie","Argovia","https://thumb.wikimedia.org/wikipedia/commons/thumb/0/0c/CHE_Brugg_COA.svg/330px-CHE_Brugg_COA.svg.png",29.574896608,FALSE,FALSE
19,4099,35.323383085,71,130,63.20754717,201,318,201,TRUE,"AG","Habsburg","Habsburg","Habsburg","Habsburg AG","Habsburg (AG)","Habsburg (AG)","Aargau","Argovie","Argovia","https://thumb.wikimedia.org/wikipedia/commons/thumb/b/b2/Wappen_Habsburg_AG.svg/330px-Wappen_Habsburg_AG.svg.png",29.574896608,FALSE,FALSE
19,4100,30.223517979,311,718,45.128877239,1033,2289,1029,TRUE,"AG","Hausen AG","Hausen (AG)","Hausen AG","Hausen AG","Hausen (AG)","Hausen (AG)","Aargau","Argovie","Argovia","https://thumb.wikimedia.org/wikipedia/commons/thumb/b/b1/CHE_Hausen_AG_COA.svg/500px-CHE_Hausen_AG_COA.svg.png",29.574896608,FALSE,FALSE
19,4104,32.890704801,322,657,43.889384478,984,2242,979,TRUE,"AG","Lupfig","Lupfig","Lupfig","Lupfig AG","Lupfig (AG)","Lupfig (AG)","Aargau","Argovie","Argovia","https://thumb.wikimedia.org/wikipedia/commons/thumb/1/1b/Wappen_Lupfig.svg/330px-Wappen_Lupfig.svg.png",29.574896608,FALSE,FALSE
19,4105,47.552447552,68,75,61.111111111,143,234,143,TRUE,"AG","Mandach","Mandach","Mandach","Mandach AG","Mandach (AG)","Mandach (AG)","Aargau","Argovie","Argovia","https://thumb.wikimedia.org/wikipedia/commons/thumb/e/ef/Wappen_Mandach_AG.svg/330px-Wappen_Mandach_AG.svg.png",29.574896608,FALSE,FALSE
19,4106,39.716312057,56,85,50.175438596,143,285,141,TRUE,"AG","Mönthal","Mönthal","Mönthal","Mönthal AG","Mönthal (AG)","Mönthal (AG)","Aargau","Argovie","Argovia","https://thumb.wikimedia.org/wikipedia/commons/thumb/b/b6/CHE_M%C3%B6nthal_COA.svg/960px-CHE_M%C3%B6nthal_COA.svg.png",29.574896608,FALSE,FALSE
19,4107,30.944625407,95,212,42.461964039,307,723,307,TRUE,"AG","Mülligen","Mülligen","Mülligen","Mülligen AG","Mülligen (AG)","Mülligen (AG)","Aargau","Argovie","Argovia","https://thumb.wikimedia.org/wikipedia/commons/thumb/a/aa/CHE_M%C3%BClligen_COA.svg/330px-CHE_M%C3%BClligen_COA.svg.png",29.574896608,FALSE,FALSE
19,4110,33.333333333,149,298,49.666666667,447,900,447,TRUE,"AG","Remigen","Remigen","Remigen","Remigen AG","Remigen (AG)","Remigen (AG)","Aargau","Argovie","Argovia","https://thumb.wikimedia.org/wikipedia/commons/thumb/c/c0/Wappen_Remigen_AG.svg/330px-Wappen_Remigen_AG.svg.png",29.574896608,FALSE,FALSE
19,4111,29.224652087,147,356,51.791197544,506,977,503,TRUE,"AG","Riniken","Riniken","Riniken","Riniken AG","Riniken (AG)","Riniken (AG)","Aargau","Argovie","Argovia","https://thumb.wikimedia.org/wikipedia/commons/thumb/a/ac/Wappen_Riniken_AG.svg/330px-Wappen_Riniken_AG.svg.png",29.574896608,FALSE,FALSE
19,4112,32.484076433,102,212,52.310231023,317,606,314,TRUE,"AG","Rüfenach","Rüfenach","Rüfenach","Rüfenach AG","Rüfenach (AG)","Rüfenach (AG)","Aargau","Argovie","Argovia","https://thumb.wikimedia.org/wikipedia/commons/thumb/e/e7/Wappen_R%C3%BCfenach_AG.svg/330px-Wappen_R%C3%BCfenach_AG.svg.png",29.574896608,FALSE,FALSE
19,4117,40.054495913,147,220,52.045133992,369,709,367,TRUE,"AG","Thalheim AG","Thalheim (AG)","Thalheim AG","Thalheim AG","Thalheim (AG)","Thalheim (AG)","Aargau","Argovie","Argovia","https://thumb.wikimedia.org/wikipedia/commons/thumb/3/3e/Wappen_Thalheim_AG.svg/330px-Wappen_Thalheim_AG.svg.png",29.574896608,FALSE,FALSE
19,4120,34.396355353,151,288,43.60753221,440,1009,439,TRUE,"AG","Veltheim AG","Veltheim (AG)","Veltheim AG","Veltheim AG","Veltheim (AG)","Veltheim (AG)","Aargau","Argovie","Argovia","https://thumb.wikimedia.org/wikipedia/commons/thumb/8/85/Wappen_Veltheim_AG.svg/330px-Wappen_Veltheim_AG.svg.png",29.574896608,FALSE,FALSE
19,4121,29.608938547,212,504,51.033499644,716,1403,716,TRUE,"AG","Villigen","Villigen","Villigen","Villigen AG","Villigen (AG)","Villigen (AG)","Aargau","Argovie","Argovia","https://thumb.wikimedia.org/wikipedia/commons/thumb/6/61/CHE_Villigen_COA.svg/330px-CHE_Villigen_COA.svg.png",29.574896608,FALSE,FALSE
19,4123,21.408966148,468,1718,46.798975672,2193,4686,2186,TRUE,"AG","Windisch","Windisch","Windisch","Windisch AG","Windisch (AG)","Windisch (AG)","Aargau","Argovie","Argovia","https://thumb.wikimedia.org/wikipedia/commons/thumb/7/70/Wappen_Windisch_AG.svg/330px-Wappen_Windisch_AG.svg.png",29.574896608,FALSE,FALSE
19,4124,30.618892508,188,426,49.878738884,617,1237,614,TRUE,"AG","Bözberg","Bözberg","Bözberg","Bözberg AG","Bözberg (AG)","Bözberg (AG)","Aargau","Argovie","Argovia","https://thumb.wikimedia.org/wikipedia/commons/thumb/c/c9/CHE_B%C3%B6zberg_COA.svg/960px-CHE_B%C3%B6zberg_COA.svg.png",29.574896608,FALSE,FALSE
19,4125,26.244343891,232,652,52.107728337,890,1708,884,TRUE,"AG","Schinznach","Schinznach","Schinznach","Schinznach AG","Schinznach (AG)","Schinznach (AG)","Aargau","Argovie","Argovia","https://thumb.wikimedia.org/wikipedia/commons/thumb/e/e6/CHE_Schinznach_COA.svg/960px-CHE_Schinznach_COA.svg.png",29.574896608,FALSE,FALSE
19,4131,35.50247117,431,783,48.415213946,1222,2524,1214,TRUE,"AG","Beinwil am See","Beinwil am See","Beinwil am See","Beinwil am See AG","Beinwil am See (AG)","Beinwil am See (AG)","Aargau","Argovie","Argovia","https://thumb.wikimedia.org/wikipedia/commons/thumb/8/8b/CHE_Beinwil_am_See_COA.svg/500px-CHE_Beinwil_am_See_COA.svg.png",29.574896608,FALSE,FALSE
19,4132,37.714285714,198,327,54.106776181,527,974,525,TRUE,"AG","Birrwil","Birrwil","Birrwil","Birrwil AG","Birrwil (AG)","Birrwil (AG)","Aargau","Argovie","Argovia","https://thumb.wikimedia.org/wikipedia/commons/thumb/1/12/CHE_Birrwil_COA.svg/330px-CHE_Birrwil_COA.svg.png",29.574896608,FALSE,FALSE
19,4134,45.228215768,218,264,50.786988458,484,953,482,TRUE,"AG","Dürrenäsch","Dürrenäsch","Dürrenäsch","Dürrenäsch AG","Dürrenäsch (AG)","Dürrenäsch (AG)","Aargau","Argovie","Argovia","https://thumb.wikimedia.org/wikipedia/commons/thumb/8/8a/Wappen_D%C3%BCrren%C3%A4sch.svg/330px-Wappen_D%C3%BCrren%C3%A4sch.svg.png",29.574896608,FALSE,FALSE
19,4135,47.907647908,332,361,46.056991385,695,1509,693,TRUE,"AG","Gontenschwil","Gontenschwil","Gontenschwil","Gontenschwil AG","Gontenschwil (AG)","Gontenschwil (AG)","Aargau","Argovie","Argovia","https://thumb.wikimedia.org/wikipedia/commons/thumb/4/4c/Wappen_Gontenschwil.svg/330px-Wappen_Gontenschwil.svg.png",29.574896608,FALSE,FALSE
19,4136,42.396313364,184,250,39.205058717,434,1107,434,TRUE,"AG","Holziken","Holziken","Holziken","Holziken AG","Holziken (AG)","Holziken (AG)","Aargau","Argovie","Argovia","https://thumb.wikimedia.org/wikipedia/commons/thumb/9/90/CHE_Holziken_COA.svg/500px-CHE_Holziken_COA.svg.png",29.574896608,FALSE,FALSE
19,4137,42.1875,81,111,53.168044077,193,363,192,TRUE,"AG","Leimbach AG","Leimbach (AG)","Leimbach AG","Leimbach AG","Leimbach (AG)","Leimbach (AG)","Aargau","Argovie","Argovia","https://thumb.wikimedia.org/wikipedia/commons/thumb/9/91/CHE_Leimbach_AG_COA.svg/960px-CHE_Leimbach_AG_COA.svg.png",29.574896608,FALSE,FALSE
19,4138,46.503496503,133,153,49.484536082,288,582,286,TRUE,"AG","Leutwil","Leutwil","Leutwil","Leutwil AG","Leutwil (AG)","Leutwil (AG)","Aargau","Argovie","Argovia","https://thumb.wikimedia.org/wikipedia/commons/thumb/2/2d/Wappen_Leutwil.svg/330px-Wappen_Leutwil.svg.png",29.574896608,FALSE,FALSE
19,4139,40.925925926,663,957,38.148931172,1624,4257,1620,TRUE,"AG","Menziken","Menziken","Menziken","Menziken AG","Menziken (AG)","Menziken (AG)","Aargau","Argovie","Argovia","https://thumb.wikimedia.org/wikipedia/commons/thumb/f/f2/CHE_Menziken_COA.svg/500px-CHE_Menziken_COA.svg.png",29.574896608,FALSE,FALSE
19,4140,44.471153846,370,462,46.166574738,837,1813,832,TRUE,"AG","Oberkulm","Oberkulm","Oberkulm","Oberkulm AG","Oberkulm (AG)","Oberkulm (AG)","Aargau","Argovie","Argovia","https://thumb.wikimedia.org/wikipedia/commons/thumb/6/6a/CHE_Oberkulm_COA.svg/500px-CHE_Oberkulm_COA.svg.png",29.574896608,FALSE,FALSE
19,4141,43.030653557,744,985,37.89634813,1733,4573,1729,TRUE,"AG","Reinach AG","Reinach (AG)","Reinach AG","Reinach AG","Reinach (AG)","Reinach (AG)","Aargau","Argovie","Argovia","https://thumb.wikimedia.org/wikipedia/commons/thumb/3/34/CHE_Reinach_AG_COA.svg/330px-CHE_Reinach_AG_COA.svg.png",29.574896608,FALSE,FALSE
19,4142,45.214521452,137,166,47.196261682,303,642,303,TRUE,"AG","Schlossrued","Schlossrued","Schlossrued","Schlossrued AG","Schlossrued (AG)","Schlossrued (AG)","Aargau","Argovie","Argovia","https://thumb.wikimedia.org/wikipedia/commons/thumb/d/d5/CHE_Schlossrued_COA.svg/960px-CHE_Schlossrued_COA.svg.png",29.574896608,FALSE,FALSE
19,4143,49.030470914,177,184,42.209302326,363,860,361,TRUE,"AG","Schmiedrued","Schmiedrued","Schmiedrued","Schmiedrued AG","Schmiedrued (AG)","Schmiedrued (AG)","Aargau","Argovie","Argovia","https://thumb.wikimedia.org/wikipedia/commons/thumb/b/bb/CHE_Schmiedrued_COA.svg/330px-CHE_Schmiedrued_COA.svg.png",29.574896608,FALSE,FALSE
19,4144,32.493188011,477,991,46.702599873,1473,3154,1468,TRUE,"AG","Schöftland","Schöftland","Schöftland","Schöftland AG","Schöftland (AG)","Schöftland (AG)","Aargau","Argovie","Argovia","https://thumb.wikimedia.org/wikipedia/commons/thumb/a/a8/CHE_Sch%C3%B6ftland_COA.svg/500px-CHE_Sch%C3%B6ftland_COA.svg.png",29.574896608,FALSE,FALSE
19,4145,39.566929134,201,307,49.465500486,509,1029,508,TRUE,"AG","Teufenthal AG","Teufenthal (AG)","Teufenthal AG","Teufenthal AG","Teufenthal (AG)","Teufenthal (AG)","Aargau","Argovie","Argovia","https://thumb.wikimedia.org/wikipedia/commons/thumb/8/8a/Coat_of_arms_of_Teufenthal.svg/960px-Coat_of_arms_of_Teufenthal.svg.png",29.574896608,FALSE,FALSE
19,4146,43.679458239,387,499,42.495219885,889,2092,886,TRUE,"AG","Unterkulm","Unterkulm","Unterkulm","Unterkulm AG","Unterkulm (AG)","Unterkulm (AG)","Aargau","Argovie","Argovia","https://thumb.wikimedia.org/wikipedia/commons/thumb/a/ad/CHE_Unterkulm_COA.svg/500px-CHE_Unterkulm_COA.svg.png",29.574896608,FALSE,FALSE
19,4147,40.816326531,180,261,46.145833333,443,960,441,TRUE,"AG","Zetzwil","Zetzwil","Zetzwil","Zetzwil AG","Zetzwil (AG)","Zetzwil (AG)","Aargau","Argovie","Argovia","https://thumb.wikimedia.org/wikipedia/commons/thumb/d/d4/CHE_Zetzwil_COA.svg/330px-CHE_Zetzwil_COA.svg.png",29.574896608,FALSE,FALSE
19,4161,32.947019868,199,405,39.658568615,604,1523,604,TRUE,"AG","Eiken","Eiken","Eiken","Eiken AG","Eiken (AG)","Eiken (AG)","Aargau","Argovie","Argovia","https://thumb.wikimedia.org/wikipedia/commons/thumb/2/26/Wappen_Eiken.svg/330px-Wappen_Eiken.svg.png",29.574896608,FALSE,FALSE
19,4163,29.879974732,473,1110,43.207187585,1587,3673,1583,TRUE,"AG","Frick","Frick","Frick","Frick AG","Frick (AG)","Frick (AG)","Aargau","Argovie","Argovia","https://thumb.wikimedia.org/wikipedia/commons/thumb/6/62/CHE_Frick_COA.svg/330px-CHE_Frick_COA.svg.png",29.574896608,FALSE,FALSE
19,4164,32.989690722,128,260,50.849673203,389,765,388,TRUE,"AG","Gansingen","Gansingen","Gansingen","Gansingen AG","Gansingen (AG)","Gansingen (AG)","Aargau","Argovie","Argovia","https://thumb.wikimedia.org/wikipedia/commons/thumb/a/a3/CHE_Gansingen_COA.svg/330px-CHE_Gansingen_COA.svg.png",29.574896608,FALSE,FALSE
19,4165,22.052401747,303,1071,52.370117558,1381,2637,1374,TRUE,"AG","Gipf-Oberfrick","Gipf-Oberfrick","Gipf-Oberfrick","Gipf-Oberfrick AG","Gipf-Oberfrick (AG)","Gipf-Oberfrick (AG)","Aargau","Argovie","Argovia","https://thumb.wikimedia.org/wikipedia/commons/thumb/d/dc/CHE_Gipf-Oberfrick_COA.svg/330px-CHE_Gipf-Oberfrick_COA.svg.png",29.574896608,FALSE,FALSE
19,4169,31.769722814,298,640,46.282619399,940,2031,938,TRUE,"AG","Kaisten","Kaisten","Kaisten","Kaisten AG","Kaisten (AG)","Kaisten (AG)","Aargau","Argovie","Argovia","https://thumb.wikimedia.org/wikipedia/commons/thumb/d/dd/Wappen_Kaisten_AG.svg/330px-Wappen_Kaisten_AG.svg.png",29.574896608,FALSE,FALSE
19,4170,29.698857736,286,677,47.746409113,964,2019,963,TRUE,"AG","Laufenburg","Laufenburg","Laufenburg","Laufenburg AG","Laufenburg (AG)","Laufenburg (AG)","Aargau","Argovie","Argovia","https://thumb.wikimedia.org/wikipedia/commons/thumb/4/49/Wappen_Laufenburg_AG.svg/330px-Wappen_Laufenburg_AG.svg.png",29.574896608,FALSE,FALSE
19,4172,34.220532319,90,173,43.946932007,265,603,263,TRUE,"AG","Münchwilen AG","Münchwilen (AG)","Münchwilen AG","Münchwilen AG","Münchwilen (AG)","Münchwilen (AG)","Aargau","Argovie","Argovia","https://thumb.wikimedia.org/wikipedia/commons/thumb/8/89/CHE_M%C3%BCnchwilen_COA.svg/330px-CHE_M%C3%BCnchwilen_COA.svg.png",29.574896608,FALSE,FALSE
19,4173,35.564853556,85,154,54.919908467,240,437,239,TRUE,"AG","Oberhof","Oberhof","Oberhof","Oberhof AG","Oberhof (AG)","Oberhof (AG)","Aargau","Argovie","Argovia","https://thumb.wikimedia.org/wikipedia/commons/thumb/8/80/CHE_Oberhof_COA.svg/330px-CHE_Oberhof_COA.svg.png",29.574896608,FALSE,FALSE
19,4175,31.741573034,113,243,43.097238896,359,833,356,TRUE,"AG","Oeschgen","Oeschgen","Oeschgen","Oeschgen AG","Oeschgen (AG)","Oeschgen (AG)","Aargau","Argovie","Argovia","https://thumb.wikimedia.org/wikipedia/commons/thumb/4/46/Coat_of_arms_of_Oeschgen.svg/960px-Coat_of_arms_of_Oeschgen.svg.png",29.574896608,FALSE,FALSE
19,4176,45.714285714,80,95,42.067307692,175,416,175,TRUE,"AG","Schwaderloch","Schwaderloch","Schwaderloch","Schwaderloch AG","Schwaderloch (AG)","Schwaderloch (AG)","Aargau","Argovie","Argovia","https://thumb.wikimedia.org/wikipedia/commons/thumb/9/90/CHE_Schwaderloch_COA.svg/960px-CHE_Schwaderloch_COA.svg.png",29.574896608,FALSE,FALSE
19,4177,36.388140162,135,236,39.34252386,371,943,371,TRUE,"AG","Sisseln","Sisseln","Sisseln","Sisseln AG","Sisseln (AG)","Sisseln (AG)","Aargau","Argovie","Argovia","https://thumb.wikimedia.org/wikipedia/commons/thumb/6/6d/CHE_Sisseln_COA.svg/330px-CHE_Sisseln_COA.svg.png",29.574896608,FALSE,FALSE
19,4181,35.969868173,191,340,51.304347826,531,1035,531,TRUE,"AG","Wittnau","Wittnau","Wittnau","Wittnau AG","Wittnau (AG)","Wittnau (AG)","Aargau","Argovie","Argovia","https://thumb.wikimedia.org/wikipedia/commons/thumb/8/80/CHE_Wittnau_COA.svg/330px-CHE_Wittnau_COA.svg.png",29.574896608,FALSE,FALSE
19,4182,43.28358209,174,228,48.495788207,403,831,402,TRUE,"AG","Wölflinswil","Wölflinswil","Wölflinswil","Wölflinswil AG","Wölflinswil (AG)","Wölflinswil (AG)","Aargau","Argovie","Argovia","https://thumb.wikimedia.org/wikipedia/commons/thumb/2/2a/CHE_W%C3%B6lflinswil_COA.svg/330px-CHE_W%C3%B6lflinswil_COA.svg.png",29.574896608,FALSE,FALSE
19,4183,30.526315789,116,264,46.909090909,387,825,380,TRUE,"AG","Zeihen","Zeihen","Zeihen","Zeihen AG","Zeihen (AG)","Zeihen (AG)","Aargau","Argovie","Argovia","https://thumb.wikimedia.org/wikipedia/commons/thumb/6/60/CHE_Zeihen_COA.svg/330px-CHE_Zeihen_COA.svg.png",29.574896608,FALSE,FALSE
19,4184,34.426229508,252,480,51.324965132,736,1434,732,TRUE,"AG","Mettauertal","Mettauertal","Mettauertal","Mettauertal AG","Mettauertal (AG)","Mettauertal (AG)","Aargau","Argovie","Argovia","https://thumb.wikimedia.org/wikipedia/commons/thumb/7/7b/CHE_Mettauertal_COA.svg/960px-CHE_Mettauertal_COA.svg.png",29.574896608,FALSE,FALSE
19,4185,35.585585586,316,572,47.348886532,893,1886,888,TRUE,"AG","Böztal","Böztal","Böztal","Böztal AG","Böztal (AG)","Böztal (AG)","Aargau","Argovie","Argovia","https://thumb.wikimedia.org/wikipedia/commons/thumb/3/3d/CHE_B%C3%B6ztal_COA.svg/960px-CHE_B%C3%B6ztal_COA.svg.png",29.574896608,FALSE,FALSE
19,4186,30.930232558,266,594,47.036432844,865,1839,860,TRUE,"AG","Herznach-Ueken","Herznach-Ueken","Herznach-Ueken","Herznach-Ueken AG","Herznach-Ueken (AG)","Herznach-Ueken (AG)","Aargau","Argovie","Argovia","https://thumb.wikimedia.org/wikipedia/commons/thumb/6/68/CHE_Herznach-Ueken_COA.svg/960px-CHE_Herznach-Ueken_COA.svg.png",29.574896608,FALSE,FALSE
19,4191,35.546875,91,165,48.669201521,256,526,256,TRUE,"AG","Ammerswil","Ammerswil","Ammerswil","Ammerswil AG","Ammerswil (AG)","Ammerswil (AG)","Aargau","Argovie","Argovia","https://thumb.wikimedia.org/wikipedia/commons/thumb/6/6e/CHE_Ammerswil_COA.svg/330px-CHE_Ammerswil_COA.svg.png",29.574896608,FALSE,FALSE
19,4192,41.767764298,241,336,47.847682119,578,1208,577,TRUE,"AG","Boniswil","Boniswil","Boniswil","Boniswil AG","Boniswil (AG)","Boniswil (AG)","Aargau","Argovie","Argovia","https://thumb.wikimedia.org/wikipedia/commons/thumb/8/85/Wappen_Boniswil.svg/330px-Wappen_Boniswil.svg.png",29.574896608,FALSE,FALSE
19,4193,34.659090909,61,115,33.39587242,178,533,176,TRUE,"AG","Brunegg","Brunegg","Brunegg","Brunegg AG","Brunegg (AG)","Brunegg (AG)","Aargau","Argovie","Argovia","https://thumb.wikimedia.org/wikipedia/commons/thumb/f/f7/CHE_Brunegg_COA.svg/330px-CHE_Brunegg_COA.svg.png",29.574896608,FALSE,FALSE
19,4194,39.389067524,245,377,45.955882353,625,1360,622,TRUE,"AG","Dintikon","Dintikon","Dintikon","Dintikon AG","Dintikon (AG)","Dintikon (AG)","Aargau","Argovie","Argovia","https://thumb.wikimedia.org/wikipedia/commons/thumb/7/7d/CHE_Dintikon_COA.svg/330px-CHE_Dintikon_COA.svg.png",29.574896608,FALSE,FALSE
19,4195,38.75,217,343,47.510548523,563,1185,560,TRUE,"AG","Egliswil","Egliswil","Egliswil","Egliswil AG","Egliswil (AG)","Egliswil (AG)","Aargau","Argovie","Argovia","https://thumb.wikimedia.org/wikipedia/commons/thumb/4/44/Wappen_Egliswil.svg/330px-Wappen_Egliswil.svg.png",29.574896608,FALSE,FALSE
19,4196,31.868131868,203,434,41.901639344,639,1525,637,TRUE,"AG","Fahrwangen","Fahrwangen","Fahrwangen","Fahrwangen AG","Fahrwangen (AG)","Fahrwangen (AG)","Aargau","Argovie","Argovia","https://thumb.wikimedia.org/wikipedia/commons/thumb/7/7c/CHE_Fahrwangen_COA.svg/330px-CHE_Fahrwangen_COA.svg.png",29.574896608,FALSE,FALSE
19,4197,36.042402827,102,181,42.556390977,283,665,283,TRUE,"AG","Hallwil","Hallwil","Hallwil","Hallwil AG","Hallwil (AG)","Hallwil (AG)","Aargau","Argovie","Argovia","https://thumb.wikimedia.org/wikipedia/commons/thumb/4/4c/Wappen_Hallwil.svg/330px-Wappen_Hallwil.svg.png",29.574896608,FALSE,FALSE
19,4198,38.953488372,134,210,41.043890866,346,843,344,TRUE,"AG","Hendschiken","Hendschiken","Hendschiken","Hendschiken AG","Hendschiken (AG)","Hendschiken (AG)","Aargau","Argovie","Argovia","https://thumb.wikimedia.org/wikipedia/commons/thumb/7/71/CHE_Hendschiken_COA.svg/330px-CHE_Hendschiken_COA.svg.png",29.574896608,FALSE,FALSE
19,4199,42.760942761,127,170,34.530706837,298,863,297,TRUE,"AG","Holderbank AG","Holderbank (AG)","Holderbank AG","Holderbank AG","Holderbank (AG)","Holderbank (AG)","Aargau","Argovie","Argovia","https://thumb.wikimedia.org/wikipedia/commons/thumb/a/a2/CHE_Holderbank_AG_COA.svg/330px-CHE_Holderbank_AG_COA.svg.png",29.574896608,FALSE,FALSE
19,4200,44,341,434,32.592281879,777,2384,775,TRUE,"AG","Hunzenschwil","Hunzenschwil","Hunzenschwil","Hunzenschwil AG","Hunzenschwil (AG)","Hunzenschwil (AG)","Aargau","Argovie","Argovia","https://thumb.wikimedia.org/wikipedia/commons/thumb/8/85/CHE_Hunzenschwil_COA.svg/330px-CHE_Hunzenschwil_COA.svg.png",29.574896608,FALSE,FALSE
19,4201,19.713728042,606,2468,47.201834862,3087,6540,3074,TRUE,"AG","Lenzburg","Lenzburg","Lenzburg","Lenzburg AG","Lenzburg (AG)","Lenzburg (AG)","Aargau","Argovie","Argovia","https://thumb.wikimedia.org/wikipedia/commons/thumb/7/71/CHE_Lenzburg_COA.svg/500px-CHE_Lenzburg_COA.svg.png",29.574896608,FALSE,FALSE
19,4202,32.695507488,393,809,51.188455008,1206,2356,1202,TRUE,"AG","Meisterschwanden","Meisterschwanden","Meisterschwanden","Meisterschwanden AG","Meisterschwanden (AG)","Meisterschwanden (AG)","Aargau","Argovie","Argovia","https://thumb.wikimedia.org/wikipedia/commons/thumb/5/51/Coat_of_arms_of_Meisterschwanden.svg/960px-Coat_of_arms_of_Meisterschwanden.svg.png",29.574896608,FALSE,FALSE
19,4203,27.658142665,411,1075,48.302618817,1494,3093,1486,TRUE,"AG","Möriken-Wildegg","Möriken-Wildegg","Möriken-Wildegg","Möriken-Wildegg AG","Möriken-Wildegg (AG)","Möriken-Wildegg (AG)","Aargau","Argovie","Argovia","https://thumb.wikimedia.org/wikipedia/commons/thumb/c/c4/CHE_M%C3%B6riken-Wildegg_COA.svg/330px-CHE_M%C3%B6riken-Wildegg_COA.svg.png",29.574896608,FALSE,FALSE
19,4204,25.042589438,294,880,42.58857556,1178,2766,1174,TRUE,"AG","Niederlenz","Niederlenz","Niederlenz","Niederlenz AG","Niederlenz (AG)","Niederlenz (AG)","Aargau","Argovie","Argovia","https://thumb.wikimedia.org/wikipedia/commons/thumb/a/a7/Niederlenz-blason.svg/960px-Niederlenz-blason.svg.png",29.574896608,FALSE,FALSE
19,4205,33.47107438,243,483,36.922295582,727,1969,726,TRUE,"AG","Othmarsingen","Othmarsingen","Othmarsingen","Othmarsingen AG","Othmarsingen (AG)","Othmarsingen (AG)","Aargau","Argovie","Argovia","https://thumb.wikimedia.org/wikipedia/commons/thumb/5/5b/CHE_Othmarsingen_COA.svg/330px-CHE_Othmarsingen_COA.svg.png",29.574896608,FALSE,FALSE
19,4206,34.489528796,527,1001,41.309620049,1533,3711,1528,TRUE,"AG","Rupperswil","Rupperswil","Rupperswil","Rupperswil AG","Rupperswil (AG)","Rupperswil (AG)","Aargau","Argovie","Argovia","https://thumb.wikimedia.org/wikipedia/commons/thumb/0/0d/CHE_Rupperswil_COA.svg/500px-CHE_Rupperswil_COA.svg.png",29.574896608,FALSE,FALSE
19,4207,35.553168636,331,600,46.646646647,932,1998,931,TRUE,"AG","Schafisheim","Schafisheim","Schafisheim","Schafisheim AG","Schafisheim (AG)","Schafisheim (AG)","Aargau","Argovie","Argovia","https://thumb.wikimedia.org/wikipedia/commons/thumb/0/0e/CHE_Schafisheim_COA.svg/330px-CHE_Schafisheim_COA.svg.png",29.574896608,FALSE,FALSE
19,4208,35.507246377,588,1068,51.504809184,1660,3223,1656,TRUE,"AG","Seengen","Seengen","Seengen","Seengen AG","Seengen (AG)","Seengen (AG)","Aargau","Argovie","Argovia","https://thumb.wikimedia.org/wikipedia/commons/thumb/2/20/CHE_Seengen_COA.svg/330px-CHE_Seengen_COA.svg.png",29.574896608,FALSE,FALSE
19,4209,36.405228758,557,973,44.438006952,1534,3452,1530,TRUE,"AG","Seon","Seon","Seon","Seon AG","Seon (AG)","Seon (AG)","Aargau","Argovie","Argovia","https://thumb.wikimedia.org/wikipedia/commons/thumb/1/1d/CHE_Seon_COA.svg/960px-CHE_Seon_COA.svg.png",29.574896608,FALSE,FALSE
19,4210,26.542324247,370,1024,50.835148874,1400,2754,1394,TRUE,"AG","Staufen","Staufen","Staufen","Staufen AG","Staufen (AG)","Staufen (AG)","Aargau","Argovie","Argovia","https://thumb.wikimedia.org/wikipedia/commons/thumb/e/ef/CHE_Staufen_COA.svg/330px-CHE_Staufen_COA.svg.png",29.574896608,FALSE,FALSE
19,4221,37.066666667,139,236,52.661064426,376,714,375,TRUE,"AG","Abtwil","Abtwil","Abtwil","Abtwil AG","Abtwil (AG)","Abtwil (AG)","Aargau","Argovie","Argovia","https://thumb.wikimedia.org/wikipedia/commons/thumb/a/aa/CHE_Abtwil_AG_COA.svg/330px-CHE_Abtwil_AG_COA.svg.png",29.574896608,FALSE,FALSE
19,4222,34.773662551,169,317,45.590994371,486,1066,486,TRUE,"AG","Aristau","Aristau","Aristau","Aristau AG","Aristau (AG)","Aristau (AG)","Aargau","Argovie","Argovia","https://thumb.wikimedia.org/wikipedia/commons/thumb/3/35/CHE_Aristau_COA.svg/330px-CHE_Aristau_COA.svg.png",29.574896608,FALSE,FALSE
19,4223,40.275650842,263,390,44.664842681,653,1462,653,TRUE,"AG","Auw","Auw","Auw","Auw AG","Auw (AG)","Auw (AG)","Aargau","Argovie","Argovia","https://thumb.wikimedia.org/wikipedia/commons/thumb/6/67/CHE_Auw_AG_COA.svg/330px-CHE_Auw_AG_COA.svg.png",29.574896608,FALSE,FALSE
19,4224,42.369477912,211,287,56.447963801,499,884,498,TRUE,"AG","Beinwil (Freiamt)","Beinwil (Freiamt)","Beinwil (Freiamt)","Beinwil (Freiamt) AG","Beinwil (Freiamt) (AG)","Beinwil (Freiamt) (AG)","Aargau","Argovie","Argovia","https://thumb.wikimedia.org/wikipedia/commons/thumb/2/21/CHE_Beinwil_%28Freiamt%29_COA.svg/330px-CHE_Beinwil_%28Freiamt%29_COA.svg.png",29.574896608,FALSE,FALSE
19,4226,33.624454148,77,152,45.22417154,232,513,229,TRUE,"AG","Besenbüren","Besenbüren","Besenbüren","Besenbüren AG","Besenbüren (AG)","Besenbüren (AG)","Aargau","Argovie","Argovia","https://thumb.wikimedia.org/wikipedia/commons/thumb/9/99/CHE_Besenb%C3%BCren_COA.svg/330px-CHE_Besenb%C3%BCren_COA.svg.png",29.574896608,FALSE,FALSE
19,4227,34.736842105,99,186,53.672316384,285,531,285,TRUE,"AG","Bettwil","Bettwil","Bettwil","Bettwil AG","Bettwil (AG)","Bettwil (AG)","Aargau","Argovie","Argovia","https://thumb.wikimedia.org/wikipedia/commons/thumb/0/03/CHE_Bettwil_COA.svg/330px-CHE_Bettwil_COA.svg.png",29.574896608,FALSE,FALSE
19,4228,39.537572254,342,523,42.210321324,867,2054,865,TRUE,"AG","Boswil","Boswil","Boswil","Boswil AG","Boswil (AG)","Boswil (AG)","Aargau","Argovie","Argovia","https://thumb.wikimedia.org/wikipedia/commons/thumb/1/1b/CHE_Boswil_COA.svg/330px-CHE_Boswil_COA.svg.png",29.574896608,FALSE,FALSE
19,4229,36.496350365,150,261,50.740740741,411,810,411,TRUE,"AG","Bünzen","Bünzen","Bünzen","Bünzen AG","Bünzen (AG)","Bünzen (AG)","Aargau","Argovie","Argovia","https://thumb.wikimedia.org/wikipedia/commons/thumb/6/6f/Wappen_B%C3%BCnzen_AG.svg/330px-Wappen_B%C3%BCnzen_AG.svg.png",29.574896608,FALSE,FALSE
19,4230,39.058823529,166,259,48.574686431,426,877,425,TRUE,"AG","Buttwil","Buttwil","Buttwil","Buttwil AG","Buttwil (AG)","Buttwil (AG)","Aargau","Argovie","Argovia","https://thumb.wikimedia.org/wikipedia/commons/thumb/0/0a/Wappen_Buttwil.svg/330px-Wappen_Buttwil.svg.png",29.574896608,FALSE,FALSE
19,4231,33.560090703,148,293,45.670103093,443,970,441,TRUE,"AG","Dietwil","Dietwil","Dietwil","Dietwil AG","Dietwil (AG)","Dietwil (AG)","Aargau","Argovie","Argovia","https://thumb.wikimedia.org/wikipedia/commons/thumb/3/3a/CHE_Dietwil_COA.svg/330px-CHE_Dietwil_COA.svg.png",29.574896608,FALSE,FALSE
19,4232,35.789473684,34,61,59.375,95,160,95,TRUE,"AG","Geltwil","Geltwil","Geltwil","Geltwil AG","Geltwil (AG)","Geltwil (AG)","Aargau","Argovie","Argovia","https://thumb.wikimedia.org/wikipedia/commons/thumb/a/a7/CHE_Geltwil_COA.svg/330px-CHE_Geltwil_COA.svg.png",29.574896608,FALSE,FALSE
19,4233,48.484848485,64,68,46.808510638,132,282,132,TRUE,"AG","Kallern","Kallern","Kallern","Kallern AG","Kallern (AG)","Kallern (AG)","Aargau","Argovie","Argovia","https://thumb.wikimedia.org/wikipedia/commons/thumb/6/69/CHE_Kallern_COA.svg/330px-CHE_Kallern_COA.svg.png",29.574896608,FALSE,FALSE
19,4234,31.101321586,353,782,46.896835183,1141,2433,1135,TRUE,"AG","Merenschwand","Merenschwand","Merenschwand","Merenschwand AG","Merenschwand (AG)","Merenschwand (AG)","Aargau","Argovie","Argovia","https://thumb.wikimedia.org/wikipedia/commons/thumb/6/6a/CHE_Merenschwand_COA.svg/330px-CHE_Merenschwand_COA.svg.png",29.574896608,FALSE,FALSE
19,4235,38.850574713,169,266,49.105145414,439,894,435,TRUE,"AG","Mühlau","Mühlau","Mühlau","Mühlau AG","Mühlau (AG)","Mühlau (AG)","Aargau","Argovie","Argovia","https://thumb.wikimedia.org/wikipedia/commons/thumb/f/f4/CHE_M%C3%BChlau_AG_COA.svg/330px-CHE_M%C3%BChlau_AG_COA.svg.png",29.574896608,FALSE,FALSE
19,4236,26.414309484,635,1769,43.822674419,2412,5504,2404,TRUE,"AG","Muri AG","Muri (AG)","Muri AG","Muri AG","Muri (AG)","Muri (AG)","Aargau","Argovie","Argovia","https://thumb.wikimedia.org/wikipedia/commons/thumb/2/28/CHE_Muri_COA.svg/330px-CHE_Muri_COA.svg.png",29.574896608,FALSE,FALSE
19,4237,27.801724138,129,335,44.658325313,464,1039,464,TRUE,"AG","Oberrüti","Oberrüti","Oberrüti","Oberrüti AG","Oberrüti (AG)","Oberrüti (AG)","Aargau","Argovie","Argovia","https://thumb.wikimedia.org/wikipedia/commons/thumb/2/21/CHE_Oberr%C3%BCti_COA.svg/330px-CHE_Oberr%C3%BCti_COA.svg.png",29.574896608,FALSE,FALSE
19,4238,38.192419825,131,212,48.044692737,344,716,343,TRUE,"AG","Rottenschwil","Rottenschwil","Rottenschwil","Rottenschwil AG","Rottenschwil (AG)","Rottenschwil (AG)","Aargau","Argovie","Argovia","https://thumb.wikimedia.org/wikipedia/commons/thumb/0/0b/CHE_Rottenschwil_COA.svg/330px-CHE_Rottenschwil_COA.svg.png",29.574896608,FALSE,FALSE
19,4239,36.144578313,480,848,46.204506066,1333,2885,1328,TRUE,"AG","Sins","Sins","Sins","Sins AG","Sins (AG)","Sins (AG)","Aargau","Argovie","Argovia","https://thumb.wikimedia.org/wikipedia/commons/thumb/d/d3/CHE_Sins_COA.svg/330px-CHE_Sins_COA.svg.png",29.574896608,FALSE,FALSE
19,4240,29.679420889,287,680,44.556729444,970,2177,967,TRUE,"AG","Waltenschwil","Waltenschwil","Waltenschwil","Waltenschwil AG","Waltenschwil (AG)","Waltenschwil (AG)","Aargau","Argovie","Argovia","https://thumb.wikimedia.org/wikipedia/commons/thumb/6/6c/CHE_Waltenschwil_COA.svg/330px-CHE_Waltenschwil_COA.svg.png",29.574896608,FALSE,FALSE
19,4251,39.498432602,126,193,52.287581699,320,612,319,TRUE,"AG","Hellikon","Hellikon","Hellikon","Hellikon AG","Hellikon (AG)","Hellikon (AG)","Aargau","Argovie","Argovia","https://thumb.wikimedia.org/wikipedia/commons/thumb/5/56/Wappen_Hellikon_AG.svg/330px-Wappen_Hellikon_AG.svg.png",29.574896608,FALSE,FALSE
19,4252,30.507191522,403,918,39.464285714,1326,3360,1321,TRUE,"AG","Kaiseraugst","Kaiseraugst","Kaiseraugst","Kaiseraugst AG","Kaiseraugst (AG)","Kaiseraugst (AG)","Aargau","Argovie","Argovia","https://thumb.wikimedia.org/wikipedia/commons/thumb/3/3c/Wappen_Kaiseraugst_AG.svg/330px-Wappen_Kaiseraugst_AG.svg.png",29.574896608,FALSE,FALSE
19,4253,24.807826695,355,1076,54.370034052,1437,2643,1431,TRUE,"AG","Magden","Magden","Magden","Magden AG","Magden (AG)","Magden (AG)","Aargau","Argovie","Argovia","https://thumb.wikimedia.org/wikipedia/commons/thumb/8/8d/Wappen_Magden_AG.svg/330px-Wappen_Magden_AG.svg.png",29.574896608,FALSE,FALSE
19,4254,28.276611151,781,1981,40.974889217,2774,6770,2762,TRUE,"AG","Möhlin","Möhlin","Möhlin","Möhlin AG","Möhlin (AG)","Möhlin (AG)","Aargau","Argovie","Argovia","https://thumb.wikimedia.org/wikipedia/commons/thumb/4/43/Wappen_M%C3%B6hlin_AG.svg/330px-Wappen_M%C3%B6hlin_AG.svg.png",29.574896608,FALSE,FALSE
19,4255,37.620578778,117,194,37.590361446,312,830,311,TRUE,"AG","Mumpf","Mumpf","Mumpf","Mumpf AG","Mumpf (AG)","Mumpf (AG)","Aargau","Argovie","Argovia","https://thumb.wikimedia.org/wikipedia/commons/thumb/3/33/Wappen_Mumpf_AG.svg/330px-Wappen_Mumpf_AG.svg.png",29.574896608,FALSE,FALSE
19,4256,33.015873016,104,211,44.475524476,318,715,315,TRUE,"AG","Obermumpf","Obermumpf","Obermumpf","Obermumpf AG","Obermumpf (AG)","Obermumpf (AG)","Aargau","Argovie","Argovia","https://thumb.wikimedia.org/wikipedia/commons/thumb/b/ba/Wappen_Obermumpf_AG.svg/330px-Wappen_Obermumpf_AG.svg.png",29.574896608,FALSE,FALSE
19,4257,30.935251799,43,96,55.6,139,250,139,TRUE,"AG","Olsberg","Olsberg","Olsberg","Olsberg AG","Olsberg (AG)","Olsberg (AG)","Aargau","Argovie","Argovia","https://thumb.wikimedia.org/wikipedia/commons/thumb/f/fe/CHE_Olsberg_AG_COA.svg/960px-CHE_Olsberg_AG_COA.svg.png",29.574896608,FALSE,FALSE
19,4258,23.422897196,802,2622,44.648872765,3446,7718,3424,TRUE,"AG","Rheinfelden","Rheinfelden","Rheinfelden","Rheinfelden AG","Rheinfelden (AG)","Rheinfelden (AG)","Aargau","Argovie","Argovia","https://thumb.wikimedia.org/wikipedia/commons/thumb/7/7f/CHE_Rheinfelden_COA.svg/960px-CHE_Rheinfelden_COA.svg.png",29.574896608,FALSE,FALSE
19,4259,31.172839506,101,223,51.104100946,324,634,324,TRUE,"AG","Schupfart","Schupfart","Schupfart","Schupfart AG","Schupfart (AG)","Schupfart (AG)","Aargau","Argovie","Argovia","https://thumb.wikimedia.org/wikipedia/commons/thumb/e/ee/CHE_Schupfart_COA.svg/330px-CHE_Schupfart_COA.svg.png",29.574896608,FALSE,FALSE
19,4260,30.188679245,208,481,41.095890411,690,1679,689,TRUE,"AG","Stein AG","Stein (AG)","Stein AG","Stein AG","Stein (AG)","Stein (AG)","Aargau","Argovie","Argovia","https://thumb.wikimedia.org/wikipedia/commons/thumb/d/d3/CHE_Stein_COA.svg/330px-CHE_Stein_COA.svg.png",29.574896608,FALSE,FALSE
19,4261,29.793510324,202,476,48.683274021,684,1405,678,TRUE,"AG","Wallbach","Wallbach","Wallbach","Wallbach AG","Wallbach (AG)","Wallbach (AG)","Aargau","Argovie","Argovia","https://thumb.wikimedia.org/wikipedia/commons/thumb/a/af/Wappen_Wallbach_AG.svg/330px-Wappen_Wallbach_AG.svg.png",29.574896608,FALSE,FALSE
19,4262,38.176638177,134,217,46.002621232,351,763,351,TRUE,"AG","Wegenstetten","Wegenstetten","Wegenstetten","Wegenstetten AG","Wegenstetten (AG)","Wegenstetten (AG)","Aargau","Argovie","Argovia","https://thumb.wikimedia.org/wikipedia/commons/thumb/4/43/Wappen_Wegenstetten_AG.svg/330px-Wappen_Wegenstetten_AG.svg.png",29.574896608,FALSE,FALSE
19,4263,27.645502646,209,547,45.205479452,759,1679,756,TRUE,"AG","Zeiningen","Zeiningen","Zeiningen","Zeiningen AG","Zeiningen (AG)","Zeiningen (AG)","Aargau","Argovie","Argovia","https://thumb.wikimedia.org/wikipedia/commons/thumb/2/23/CHE_Zeiningen_COA.svg/330px-CHE_Zeiningen_COA.svg.png",29.574896608,FALSE,FALSE
19,4264,35.888501742,103,184,47.861842105,291,608,287,TRUE,"AG","Zuzgen","Zuzgen","Zuzgen","Zuzgen AG","Zuzgen (AG)","Zuzgen (AG)","Aargau","Argovie","Argovia","https://thumb.wikimedia.org/wikipedia/commons/thumb/e/e4/CHE_Zuzgen_COA.svg/330px-CHE_Zuzgen_COA.svg.png",29.574896608,FALSE,FALSE
19,4271,30.655957162,458,1036,36.713201078,1499,4083,1494,TRUE,"AG","Aarburg","Aarburg","Aarburg","Aarburg AG","Aarburg (AG)","Aarburg (AG)","Aargau","Argovie","Argovia","https://thumb.wikimedia.org/wikipedia/commons/thumb/9/97/CHE_Aarburg_COA.svg/330px-CHE_Aarburg_COA.svg.png",29.574896608,FALSE,FALSE
19,4273,37.328767123,109,183,46.360759494,293,632,292,TRUE,"AG","Bottenwil","Bottenwil","Bottenwil","Bottenwil AG","Bottenwil (AG)","Bottenwil (AG)","Aargau","Argovie","Argovia","https://thumb.wikimedia.org/wikipedia/commons/thumb/3/3b/Wappen_Bottenwil.svg/330px-Wappen_Bottenwil.svg.png",29.574896608,FALSE,FALSE
19,4274,33.14162473,461,930,45.773263434,1397,3052,1391,TRUE,"AG","Brittnau","Brittnau","Brittnau","Brittnau AG","Brittnau (AG)","Brittnau (AG)","Aargau","Argovie","Argovia","https://thumb.wikimedia.org/wikipedia/commons/thumb/0/09/CHE_Brittnau_COA.svg/960px-CHE_Brittnau_COA.svg.png",29.574896608,FALSE,FALSE
19,4275,42.741935484,159,213,59.615384615,372,624,372,TRUE,"AG","Kirchleerau","Kirchleerau","Kirchleerau","Kirchleerau AG","Kirchleerau (AG)","Kirchleerau (AG)","Aargau","Argovie","Argovia","https://thumb.wikimedia.org/wikipedia/commons/thumb/d/d4/Wappen_Kirchleerau_AG.svg/330px-Wappen_Kirchleerau_AG.svg.png",29.574896608,FALSE,FALSE
19,4276,39.967767929,496,745,40.504691038,1252,3091,1241,TRUE,"AG","Kölliken","Kölliken","Kölliken","Kölliken AG","Kölliken (AG)","Kölliken (AG)","Aargau","Argovie","Argovia","https://thumb.wikimedia.org/wikipedia/commons/thumb/2/24/CHE_K%C3%B6lliken_COA.svg/330px-CHE_K%C3%B6lliken_COA.svg.png",29.574896608,FALSE,FALSE
19,4277,46.511627907,120,138,39.329268293,258,656,258,TRUE,"AG","Moosleerau","Moosleerau","Moosleerau","Moosleerau AG","Moosleerau (AG)","Moosleerau (AG)","Aargau","Argovie","Argovia","https://thumb.wikimedia.org/wikipedia/commons/thumb/a/a7/Wappen_Moosleerau_AG.svg/330px-Wappen_Moosleerau_AG.svg.png",29.574896608,FALSE,FALSE
19,4279,41.935483871,351,486,41.674925669,841,2018,837,TRUE,"AG","Murgenthal","Murgenthal","Murgenthal","Murgenthal AG","Murgenthal (AG)","Murgenthal (AG)","Aargau","Argovie","Argovia","https://thumb.wikimedia.org/wikipedia/commons/thumb/8/81/Wappen_Murgenthal_AG.svg/330px-Wappen_Murgenthal_AG.svg.png",29.574896608,FALSE,FALSE
19,4280,33.463643471,856,1702,35.084119819,2565,7311,2558,TRUE,"AG","Oftringen","Oftringen","Oftringen","Oftringen AG","Oftringen (AG)","Oftringen (AG)","Aargau","Argovie","Argovia","https://thumb.wikimedia.org/wikipedia/commons/thumb/b/b9/CHE_Oftringen_COA.svg/330px-CHE_Oftringen_COA.svg.png",29.574896608,FALSE,FALSE
19,4281,46.551724138,270,310,50.172413793,582,1160,580,TRUE,"AG","Reitnau","Reitnau","Reitnau","Reitnau AG","Reitnau (AG)","Reitnau (AG)","Aargau","Argovie","Argovia","https://thumb.wikimedia.org/wikipedia/commons/thumb/5/5c/Wappen_Reitnau_AG.svg/330px-Wappen_Reitnau_AG.svg.png",29.574896608,FALSE,FALSE
19,4282,35.714285714,735,1323,35.302150905,2068,5858,2058,TRUE,"AG","Rothrist","Rothrist","Rothrist","Rothrist AG","Rothrist (AG)","Rothrist (AG)","Aargau","Argovie","Argovia","https://thumb.wikimedia.org/wikipedia/commons/thumb/6/6c/Wappen_Rothrist_AG.svg/330px-Wappen_Rothrist_AG.svg.png",29.574896608,FALSE,FALSE
19,4283,38.114343029,380,617,37.669683258,999,2652,997,TRUE,"AG","Safenwil","Safenwil","Safenwil","Safenwil AG","Safenwil (AG)","Safenwil (AG)","Aargau","Argovie","Argovia","https://thumb.wikimedia.org/wikipedia/commons/thumb/a/a9/Wappen_Safenwil_AG.svg/330px-Wappen_Safenwil_AG.svg.png",29.574896608,FALSE,FALSE
19,4284,42.328042328,160,218,39.440993789,381,966,378,TRUE,"AG","Staffelbach","Staffelbach","Staffelbach","Staffelbach AG","Staffelbach (AG)","Staffelbach (AG)","Aargau","Argovie","Argovia","https://thumb.wikimedia.org/wikipedia/commons/thumb/0/0a/Wappen_Staffelbach_AG.svg/330px-Wappen_Staffelbach_AG.svg.png",29.574896608,FALSE,FALSE
19,4285,26.805778491,334,912,41.711229947,1248,2992,1246,TRUE,"AG","Strengelbach","Strengelbach","Strengelbach","Strengelbach AG","Strengelbach (AG)","Strengelbach (AG)","Aargau","Argovie","Argovia","https://thumb.wikimedia.org/wikipedia/commons/thumb/2/2a/Wappen_Strengelbach_AG.svg/330px-Wappen_Strengelbach_AG.svg.png",29.574896608,FALSE,FALSE
19,4286,44.074844075,212,269,45.143385754,488,1081,481,TRUE,"AG","Uerkheim","Uerkheim","Uerkheim","Uerkheim AG","Uerkheim (AG)","Uerkheim (AG)","Aargau","Argovie","Argovia","https://thumb.wikimedia.org/wikipedia/commons/thumb/a/af/CHE_Uerkheim_COA.svg/960px-CHE_Uerkheim_COA.svg.png",29.574896608,FALSE,FALSE
19,4287,34.659090909,244,460,46.767810026,709,1516,704,TRUE,"AG","Vordemwald","Vordemwald","Vordemwald","Vordemwald AG","Vordemwald (AG)","Vordemwald (AG)","Aargau","Argovie","Argovia","https://thumb.wikimedia.org/wikipedia/commons/thumb/6/6a/Wappen_Vordemwald_AG.svg/330px-Wappen_Vordemwald_AG.svg.png",29.574896608,FALSE,FALSE
19,4288,54.838709677,51,42,65.972222222,95,144,93,TRUE,"AG","Wiliberg","Wiliberg","Wiliberg","Wiliberg AG","Wiliberg (AG)","Wiliberg (AG)","Aargau","Argovie","Argovia","https://thumb.wikimedia.org/wikipedia/commons/thumb/4/43/Wappen_Wiliberg_AG.svg/330px-Wappen_Wiliberg_AG.svg.png",29.574896608,FALSE,FALSE
19,4289,23.580683157,1001,3244,50.77436264,4262,8394,4245,TRUE,"AG","Zofingen","Zofingue","Zofingue","Zofingen AG","Zofingue (AG)","Zofingue (AG)","Aargau","Argovie","Argovia","https://thumb.wikimedia.org/wikipedia/commons/thumb/a/a5/Wappen_Zofingen_AG.svg/330px-Wappen_Zofingen_AG.svg.png",29.574896608,FALSE,FALSE
19,4303,35.274356103,315,578,43.32688588,896,2068,893,TRUE,"AG","Böttstein","Böttstein","Böttstein","Böttstein AG","Böttstein (AG)","Böttstein (AG)","Aargau","Argovie","Argovia","https://thumb.wikimedia.org/wikipedia/commons/thumb/c/cb/CHE_B%C3%B6ttstein_COA.svg/500px-CHE_B%C3%B6ttstein_COA.svg.png",29.574896608,FALSE,FALSE
19,4304,31.802120141,270,579,41.483650561,850,2049,849,TRUE,"AG","Döttingen","Döttingen","Döttingen","Döttingen AG","Döttingen (AG)","Döttingen (AG)","Aargau","Argovie","Argovia","https://thumb.wikimedia.org/wikipedia/commons/thumb/b/bd/CHE_D%C3%B6ttingen_AG_COA.svg/500px-CHE_D%C3%B6ttingen_AG_COA.svg.png",29.574896608,FALSE,FALSE
19,4305,30.555555556,275,625,49.944812362,905,1812,900,TRUE,"AG","Endingen","Endingen","Endingen","Endingen AG","Endingen (AG)","Endingen (AG)","Aargau","Argovie","Argovia","https://thumb.wikimedia.org/wikipedia/commons/thumb/b/b3/CHE_Endingen_COA.svg/960px-CHE_Endingen_COA.svg.png",29.574896608,FALSE,FALSE
19,4306,42.771084337,71,95,50.455927052,166,329,166,TRUE,"AG","Fisibach","Fisibach","Fisibach","Fisibach AG","Fisibach (AG)","Fisibach (AG)","Aargau","Argovie","Argovia","https://thumb.wikimedia.org/wikipedia/commons/thumb/1/18/CHE_Fisibach_COA.svg/330px-CHE_Fisibach_COA.svg.png",29.574896608,FALSE,FALSE
19,4307,33.656957929,104,205,47.320061256,309,653,309,TRUE,"AG","Full-Reuenthal","Full-Reuenthal","Full-Reuenthal","Full-Reuenthal AG","Full-Reuenthal (AG)","Full-Reuenthal (AG)","Aargau","Argovie","Argovia","https://thumb.wikimedia.org/wikipedia/commons/thumb/4/4c/CHE_Full-Reuenthal_COA.svg/330px-CHE_Full-Reuenthal_COA.svg.png",29.574896608,FALSE,FALSE
19,4309,27.641408751,259,678,44.895038168,941,2096,937,TRUE,"AG","Klingnau","Klingnau","Klingnau","Klingnau AG","Klingnau (AG)","Klingnau (AG)","Aargau","Argovie","Argovia","https://thumb.wikimedia.org/wikipedia/commons/thumb/5/5d/Wappen_Klingnau.svg/330px-Wappen_Klingnau.svg.png",29.574896608,FALSE,FALSE
19,4310,41.042345277,126,181,40.182054616,309,769,307,TRUE,"AG","Koblenz","Koblenz","Koblenz","Koblenz AG","Koblenz (AG)","Koblenz (AG)","Aargau","Argovie","Argovia","https://thumb.wikimedia.org/wikipedia/commons/thumb/8/8e/Wappen_Koblenz_AG.svg/330px-Wappen_Koblenz_AG.svg.png",29.574896608,FALSE,FALSE
19,4311,42.121212121,139,191,43.799472296,332,758,330,TRUE,"AG","Leibstadt","Leibstadt","Leibstadt","Leibstadt AG","Leibstadt (AG)","Leibstadt (AG)","Aargau","Argovie","Argovia","https://thumb.wikimedia.org/wikipedia/commons/thumb/5/58/CHE_Leibstadt_COA.svg/500px-CHE_Leibstadt_COA.svg.png",29.574896608,FALSE,FALSE
19,4312,31.034482759,315,700,51.080945199,1016,1989,1015,TRUE,"AG","Lengnau AG","Lengnau (AG)","Lengnau AG","Lengnau AG","Lengnau (AG)","Lengnau (AG)","Aargau","Argovie","Argovia","https://thumb.wikimedia.org/wikipedia/commons/thumb/9/9b/Wappen_Lengnau_AG.svg/330px-Wappen_Lengnau_AG.svg.png",29.574896608,FALSE,FALSE
19,4313,33.655172414,244,481,49.965635739,727,1455,725,TRUE,"AG","Leuggern","Leuggern","Leuggern","Leuggern AG","Leuggern (AG)","Leuggern (AG)","Aargau","Argovie","Argovia","https://thumb.wikimedia.org/wikipedia/commons/thumb/6/60/Coat_of_arms_of_Leuggern.svg/960px-Coat_of_arms_of_Leuggern.svg.png",29.574896608,FALSE,FALSE
19,4314,20.224719101,18,71,55.828220859,91,163,89,TRUE,"AG","Mellikon","Mellikon","Mellikon","Mellikon AG","Mellikon (AG)","Mellikon (AG)","Aargau","Argovie","Argovia","https://thumb.wikimedia.org/wikipedia/commons/thumb/5/51/CHE_Mellikon_COA.svg/330px-CHE_Mellikon_COA.svg.png",29.574896608,FALSE,FALSE
19,4318,26.736111111,154,422,52.236135957,584,1118,576,TRUE,"AG","Schneisingen","Schneisingen","Schneisingen","Schneisingen AG","Schneisingen (AG)","Schneisingen (AG)","Aargau","Argovie","Argovia","https://thumb.wikimedia.org/wikipedia/commons/thumb/d/da/CHE_Schneisingen_COA.svg/960px-CHE_Schneisingen_COA.svg.png",29.574896608,FALSE,FALSE
19,4319,33.076923077,86,174,48.689138577,260,534,260,TRUE,"AG","Siglistorf","Siglistorf","Siglistorf","Siglistorf AG","Siglistorf (AG)","Siglistorf (AG)","Aargau","Argovie","Argovia","https://thumb.wikimedia.org/wikipedia/commons/thumb/3/39/CHE_Siglistorf_COA.svg/960px-CHE_Siglistorf_COA.svg.png",29.574896608,FALSE,FALSE
19,4320,34.905660377,148,276,49.359720605,424,859,424,TRUE,"AG","Tegerfelden","Tegerfelden","Tegerfelden","Tegerfelden AG","Tegerfelden (AG)","Tegerfelden (AG)","Aargau","Argovie","Argovia","https://thumb.wikimedia.org/wikipedia/commons/thumb/c/c6/CHE_Tegerfelden_COA.svg/330px-CHE_Tegerfelden_COA.svg.png",29.574896608,FALSE,FALSE
19,4324,35.14750763,691,1275,44.197530864,1969,4455,1966,TRUE,"AG","Zurzach","Zurzach","Zurzach","Zurzach AG","Zurzach (AG)","Zurzach (AG)","Aargau","Argovie","Argovia","https://thumb.wikimedia.org/wikipedia/commons/thumb/8/82/CHE_Zurzach_COA.svg/500px-CHE_Zurzach_COA.svg.png",29.574896608,FALSE,FALSE
20,4401,34.087403599,1326,2564,46.195905072,3971,8596,3890,TRUE,"TG","Arbon","Arbon","Arbon","Arbon TG","Arbon (TG)","Arbon (TG)","Thurgau","Thurgovie","Turgovia","https://upload.wikimedia.org/wikipedia/commons/0/05/Arbon_Wappen.jpg",36.647564048,FALSE,FALSE
20,4406,61.301369863,179,113,64.301075269,299,465,292,TRUE,"TG","Dozwil","Dozwil","Dozwil","Dozwil TG","Dozwil (TG)","Dozwil (TG)","Thurgau","Thurgovie","Turgovia","https://thumb.wikimedia.org/wikipedia/commons/thumb/7/7d/Dozwil-blazon.svg/250px-Dozwil-blazon.svg.png",36.647564048,FALSE,FALSE
20,4411,37.884722999,677,1110,52.030673104,1832,3521,1787,TRUE,"TG","Egnach","Egnach","Egnach","Egnach TG","Egnach (TG)","Egnach (TG)","Thurgau","Thurgovie","Turgovia","https://thumb.wikimedia.org/wikipedia/commons/thumb/6/6a/CHE_Egnach_COA.svg/960px-CHE_Egnach_COA.svg.png",36.647564048,FALSE,FALSE
20,4416,40.748898678,185,269,51.10619469,462,904,454,TRUE,"TG","Hefenhofen","Hefenhofen","Hefenhofen","Hefenhofen TG","Hefenhofen (TG)","Hefenhofen (TG)","Thurgau","Thurgovie","Turgovia","https://thumb.wikimedia.org/wikipedia/commons/thumb/e/ea/CHE_Hefenhofen_COA.svg/250px-CHE_Hefenhofen_COA.svg.png",36.647564048,FALSE,FALSE
20,4421,34.38697318,359,685,48.854262145,1066,2182,1044,TRUE,"TG","Horn","Horn","Horn","Horn TG","Horn (TG)","Horn (TG)","Thurgau","Thurgovie","Turgovia","https://thumb.wikimedia.org/wikipedia/commons/thumb/2/25/Wappen_Horn.svg/500px-Wappen_Horn.svg.png",36.647564048,FALSE,FALSE
20,4426,36.363636364,156,273,65.662650602,436,664,429,TRUE,"TG","Kesswil","Kesswil","Kesswil","Kesswil TG","Kesswil (TG)","Kesswil (TG)","Thurgau","Thurgovie","Turgovia","https://thumb.wikimedia.org/wikipedia/commons/thumb/e/ef/Kesswil-blazon.svg/250px-Kesswil-blazon.svg.png",36.647564048,FALSE,FALSE
20,4431,31.692573402,367,791,49.126455907,1181,2404,1158,TRUE,"TG","Roggwil TG","Roggwil (TG)","Roggwil TG","Roggwil TG","Roggwil (TG)","Roggwil (TG)","Thurgau","Thurgovie","Turgovia","https://thumb.wikimedia.org/wikipedia/commons/thumb/8/8e/Roggwil_TG-coat_of_arms.svg/250px-Roggwil_TG-coat_of_arms.svg.png",36.647564048,FALSE,FALSE
20,4436,31.956912029,890,1895,43.944315545,2841,6465,2785,TRUE,"TG","Romanshorn","Romanshorn","Romanshorn","Romanshorn TG","Romanshorn (TG)","Romanshorn (TG)","Thurgau","Thurgovie","Turgovia","https://thumb.wikimedia.org/wikipedia/commons/thumb/7/71/Wappen_Romanshorn.svg/250px-Wappen_Romanshorn.svg.png",36.647564048,FALSE,FALSE
20,4441,43.38028169,154,201,41.223103058,364,883,355,TRUE,"TG","Salmsach","Salmsach","Salmsach","Salmsach TG","Salmsach (TG)","Salmsach (TG)","Thurgau","Thurgovie","Turgovia","https://thumb.wikimedia.org/wikipedia/commons/thumb/9/9e/Salmsach-blazon.svg/250px-Salmsach-blazon.svg.png",36.647564048,FALSE,FALSE
20,4446,39.166666667,94,146,56.221198157,244,434,240,TRUE,"TG","Sommeri","Sommeri","Sommeri","Sommeri TG","Sommeri (TG)","Sommeri (TG)","Thurgau","Thurgovie","Turgovia","https://thumb.wikimedia.org/wikipedia/commons/thumb/2/26/Sommeri-blazon.svg/250px-Sommeri-blazon.svg.png",36.647564048,FALSE,FALSE
20,4451,39.488636364,278,426,55.616653574,708,1273,704,TRUE,"TG","Uttwil","Uttwil","Uttwil","Uttwil TG","Uttwil (TG)","Uttwil (TG)","Thurgau","Thurgovie","Turgovia","https://thumb.wikimedia.org/wikipedia/commons/thumb/b/be/CHE_Uttwil_COA.svg/500px-CHE_Uttwil_COA.svg.png",36.647564048,FALSE,FALSE
20,4461,,,,,,,,FALSE,"TG","Amriswil","Amriswil","Amriswil","Amriswil TG","Amriswil (TG)","Amriswil (TG)","Thurgau","Thurgovie","Turgovia","https://thumb.wikimedia.org/wikipedia/commons/thumb/3/3e/CHE_Amriswil_COA.svg/960px-CHE_Amriswil_COA.svg.png",36.647564048,FALSE,FALSE
20,4471,34.627046695,571,1078,45.425013535,1678,3694,1649,TRUE,"TG","Bischofszell","Bischofszell","Bischofszell","Bischofszell TG","Bischofszell (TG)","Bischofszell (TG)","Thurgau","Thurgovie","Turgovia","https://thumb.wikimedia.org/wikipedia/commons/thumb/e/e8/Bischofszell-blazon.svg/250px-Bischofszell-blazon.svg.png",36.647564048,FALSE,FALSE
20,4476,44.582043344,432,537,44.886877828,992,2210,969,TRUE,"TG","Erlen","Erlen","Erlen","Erlen TG","Erlen (TG)","Erlen (TG)","Thurgau","Thurgovie","Turgovia","https://thumb.wikimedia.org/wikipedia/commons/thumb/4/44/Erlen-blazon.svg/250px-Erlen-blazon.svg.png",36.647564048,FALSE,FALSE
20,4486,44.475138122,322,402,50.068027211,736,1470,724,TRUE,"TG","Hauptwil-Gottshaus","Hauptwil-Gottshaus","Hauptwil-Gottshaus","Hauptwil-Gottshaus TG","Hauptwil-Gottshaus (TG)","Hauptwil-Gottshaus (TG)","Thurgau","Thurgovie","Turgovia","https://thumb.wikimedia.org/wikipedia/commons/thumb/d/dd/HauptwilGottshaus-blazon.svg/250px-HauptwilGottshaus-blazon.svg.png",36.647564048,FALSE,FALSE
20,4495,49.62962963,134,136,54.969574037,271,493,270,TRUE,"TG","Hohentannen","Hohentannen","Hohentannen","Hohentannen TG","Hohentannen (TG)","Hohentannen (TG)","Thurgau","Thurgovie","Turgovia","https://thumb.wikimedia.org/wikipedia/commons/thumb/d/df/Hohentannen-blazon.svg/250px-Hohentannen-blazon.svg.png",36.647564048,FALSE,FALSE
20,4501,41.372912801,446,632,47.608695652,1095,2300,1078,TRUE,"TG","Kradolf-Schönenberg","Kradolf-Schönenberg","Kradolf-Schönenberg","Kradolf-Schönenberg TG","Kradolf-Schönenberg (TG)","Kradolf-Schönenberg (TG)","Thurgau","Thurgovie","Turgovia","https://thumb.wikimedia.org/wikipedia/commons/thumb/1/11/KradolfSch%C3%B6nenberg-blazon.svg/250px-KradolfSch%C3%B6nenberg-blazon.svg.png",36.647564048,FALSE,FALSE
20,4506,42.922794118,467,621,45.764802632,1113,2432,1088,TRUE,"TG","Sulgen","Sulgen","Sulgen","Sulgen TG","Sulgen (TG)","Sulgen (TG)","Thurgau","Thurgovie","Turgovia","https://thumb.wikimedia.org/wikipedia/commons/thumb/f/f9/Sulgen-blazon.svg/250px-Sulgen-blazon.svg.png",36.647564048,FALSE,FALSE
20,4511,40.868454662,320,463,47.777777778,817,1710,783,TRUE,"TG","Zihlschlacht-Sitterdorf","Zihlschlacht-Sitterdorf","Zihlschlacht-Sitterdorf","Zihlschlacht-Sitterdorf TG","Zihlschlacht-Sitterdorf (TG)","Zihlschlacht-Sitterdorf (TG)","Thurgau","Thurgovie","Turgovia","https://thumb.wikimedia.org/wikipedia/commons/thumb/7/7c/ZihlschlachtSitterdorf-blazon.svg/250px-ZihlschlachtSitterdorf-blazon.svg.png",36.647564048,FALSE,FALSE
20,4536,39.403453689,251,386,50.23400936,644,1282,637,TRUE,"TG","Basadingen-Schlattingen","Basadingen-Schlattingen","Basadingen-Schlattingen","Basadingen-Schlattingen TG","Basadingen-Schlattingen (TG)","Basadingen-Schlattingen (TG)","Thurgau","Thurgovie","Turgovia","https://thumb.wikimedia.org/wikipedia/commons/thumb/0/01/BasadingenSchlattingen-blazon.svg/250px-BasadingenSchlattingen-blazon.svg.png",36.647564048,FALSE,FALSE
20,4545,29.929221436,296,693,46.799628942,1009,2156,989,TRUE,"TG","Diessenhofen","Diessenhofen","Diessenhofen","Diessenhofen TG","Diessenhofen (TG)","Diessenhofen (TG)","Thurgau","Thurgovie","Turgovia","https://thumb.wikimedia.org/wikipedia/commons/thumb/f/f8/Diessenhofen-blazon.svg/250px-Diessenhofen-blazon.svg.png",36.647564048,FALSE,FALSE
20,4546,38.019169329,238,388,49.577248271,645,1301,626,TRUE,"TG","Schlatt TG","Schlatt (TG)","Schlatt TG","Schlatt TG","Schlatt (TG)","Schlatt (TG)","Thurgau","Thurgovie","Turgovia","https://thumb.wikimedia.org/wikipedia/commons/thumb/f/fa/Schlatt_TG-blazon.svg/250px-Schlatt_TG-blazon.svg.png",36.647564048,FALSE,FALSE
20,4551,33.591811414,1083,2141,51.040372671,3287,6440,3224,TRUE,"TG","Aadorf","Aadorf","Aadorf","Aadorf TG","Aadorf (TG)","Aadorf (TG)","Thurgau","Thurgovie","Turgovia","https://thumb.wikimedia.org/wikipedia/commons/thumb/0/0e/Wappen_Aadorf.svg/250px-Wappen_Aadorf.svg.png",36.647564048,FALSE,FALSE
20,4561,35.648148148,308,556,42.448785136,891,2099,864,TRUE,"TG","Felben-Wellhausen","Felben-Wellhausen","Felben-Wellhausen","Felben-Wellhausen TG","Felben-Wellhausen (TG)","Felben-Wellhausen (TG)","Thurgau","Thurgovie","Turgovia","https://thumb.wikimedia.org/wikipedia/commons/thumb/0/09/FelbenWellhausen-blazon.svg/250px-FelbenWellhausen-blazon.svg.png",36.647564048,FALSE,FALSE
20,4566,,,,,,,,FALSE,"TG","Frauenfeld","Frauenfeld","Frauenfeld","Frauenfeld TG","Frauenfeld (TG)","Frauenfeld (TG)","Thurgau","Thurgovie","Turgovia","https://thumb.wikimedia.org/wikipedia/commons/thumb/e/eb/Frauenfeld-blazon.svg/250px-Frauenfeld-blazon.svg.png",36.647564048,FALSE,FALSE
20,4571,30.055401662,434,1010,46.853146853,1474,3146,1444,TRUE,"TG","Gachnang","Gachnang","Gachnang","Gachnang TG","Gachnang (TG)","Gachnang (TG)","Thurgau","Thurgovie","Turgovia","https://thumb.wikimedia.org/wikipedia/commons/thumb/a/af/CHE_Gachnang_COA.svg/500px-CHE_Gachnang_COA.svg.png",36.647564048,FALSE,FALSE
20,4590,33.128834356,108,218,54.276315789,330,608,326,TRUE,"TG","Hüttlingen","Hüttlingen","Hüttlingen","Hüttlingen TG","Hüttlingen (TG)","Hüttlingen (TG)","Thurgau","Thurgovie","Turgovia","https://thumb.wikimedia.org/wikipedia/commons/thumb/6/6f/H%C3%BCttlingen-blazon.svg/250px-H%C3%BCttlingen-blazon.svg.png",36.647564048,FALSE,FALSE
20,4591,34.367245658,277,529,42.605997932,824,1934,806,TRUE,"TG","Matzingen","Matzingen","Matzingen","Matzingen TG","Matzingen (TG)","Matzingen (TG)","Thurgau","Thurgovie","Turgovia","https://thumb.wikimedia.org/wikipedia/commons/thumb/0/0e/CHE_Matzingen_COA.svg/500px-CHE_Matzingen_COA.svg.png",36.647564048,FALSE,FALSE
20,4601,37.168141593,168,284,54.556213018,461,845,452,TRUE,"TG","Neunforn","Neunforn","Neunforn","Neunforn TG","Neunforn (TG)","Neunforn (TG)","Thurgau","Thurgovie","Turgovia","https://thumb.wikimedia.org/wikipedia/commons/thumb/8/89/Neunforn-blazon.svg/250px-Neunforn-blazon.svg.png",36.647564048,FALSE,FALSE
20,4606,29.96031746,151,353,56.919642857,510,896,504,TRUE,"TG","Stettfurt","Stettfurt","Stettfurt","Stettfurt TG","Stettfurt (TG)","Stettfurt (TG)","Thurgau","Thurgovie","Turgovia","https://thumb.wikimedia.org/wikipedia/commons/thumb/1/12/Stettfurt-blazon.svg/250px-Stettfurt-blazon.svg.png",36.647564048,FALSE,FALSE
20,4611,35.022354694,235,436,55.1558753,690,1251,671,TRUE,"TG","Thundorf","Thundorf","Thundorf","Thundorf TG","Thundorf (TG)","Thundorf (TG)","Thurgau","Thurgovie","Turgovia","https://thumb.wikimedia.org/wikipedia/commons/thumb/5/5d/Thundorf-coat_of_arms.svg/500px-Thundorf-coat_of_arms.svg.png",36.647564048,FALSE,FALSE
20,4616,42.226890756,201,275,53.607103219,483,901,476,TRUE,"TG","Uesslingen-Buch","Uesslingen-Buch","Uesslingen-Buch","Uesslingen-Buch TG","Uesslingen-Buch (TG)","Uesslingen-Buch (TG)","Thurgau","Thurgovie","Turgovia","https://thumb.wikimedia.org/wikipedia/commons/thumb/c/c6/UesslingenBuch-blazon.svg/250px-UesslingenBuch-blazon.svg.png",36.647564048,FALSE,FALSE
20,4621,33.160621762,192,387,55.639810427,587,1055,579,TRUE,"TG","Warth-Weiningen","Warth-Weiningen","Warth-Weiningen","Warth-Weiningen TG","Warth-Weiningen (TG)","Warth-Weiningen (TG)","Thurgau","Thurgovie","Turgovia","https://thumb.wikimedia.org/wikipedia/commons/thumb/d/d9/WarthWeiningen-blazon.svg/250px-WarthWeiningen-blazon.svg.png",36.647564048,FALSE,FALSE
20,4641,34.640522876,265,500,54.027777778,778,1440,765,TRUE,"TG","Altnau","Altnau","Altnau","Altnau TG","Altnau (TG)","Altnau (TG)","Thurgau","Thurgovie","Turgovia","https://thumb.wikimedia.org/wikipedia/commons/thumb/b/bf/CHE_Altnau_COA.svg/500px-CHE_Altnau_COA.svg.png",36.647564048,FALSE,FALSE
20,4643,32.182490752,261,550,58.356741573,831,1424,811,TRUE,"TG","Bottighofen","Bottighofen","Bottighofen","Bottighofen TG","Bottighofen (TG)","Bottighofen (TG)","Thurgau","Thurgovie","Turgovia","https://thumb.wikimedia.org/wikipedia/commons/thumb/e/e8/Bottighofen-blazon.svg/250px-Bottighofen-blazon.svg.png",36.647564048,FALSE,FALSE
20,4646,30.848329049,360,807,54.720439963,1194,2182,1167,TRUE,"TG","Ermatingen","Ermatingen","Ermatingen","Ermatingen TG","Ermatingen (TG)","Ermatingen (TG)","Thurgau","Thurgovie","Turgovia","https://thumb.wikimedia.org/wikipedia/commons/thumb/8/8d/Ermatingen-blazon.svg/250px-Ermatingen-blazon.svg.png",36.647564048,FALSE,FALSE
20,4651,19.607843137,20,82,60.355029586,102,169,102,TRUE,"TG","Gottlieben","Gottlieben","Gottlieben","Gottlieben TG","Gottlieben (TG)","Gottlieben (TG)","Thurgau","Thurgovie","Turgovia","https://thumb.wikimedia.org/wikipedia/commons/thumb/9/93/Gottlieben-blazon.svg/250px-Gottlieben-blazon.svg.png",36.647564048,FALSE,FALSE
20,4656,38.973647712,281,440,62.028499581,740,1193,721,TRUE,"TG","Güttingen","Güttingen","Güttingen","Güttingen TG","Güttingen (TG)","Güttingen (TG)","Thurgau","Thurgovie","Turgovia","https://thumb.wikimedia.org/wikipedia/commons/thumb/1/1a/G%C3%BCttingen-blazon.svg/250px-G%C3%BCttingen-blazon.svg.png",36.647564048,FALSE,FALSE
20,4666,,,,,,,,FALSE,"TG","Kemmental","Kemmental","Kemmental","Kemmental TG","Kemmental (TG)","Kemmental (TG)","Thurgau","Thurgovie","Turgovia","https://thumb.wikimedia.org/wikipedia/commons/thumb/e/e4/CHE_Kemmental_COA.svg/500px-CHE_Kemmental_COA.svg.png",36.647564048,FALSE,FALSE
20,4671,,,,,,,,FALSE,"TG","Kreuzlingen","Kreuzlingen","Kreuzlingen","Kreuzlingen TG","Kreuzlingen (TG)","Kreuzlingen (TG)","Thurgau","Thurgovie","Turgovia","https://thumb.wikimedia.org/wikipedia/commons/thumb/2/25/Kreuzlingen-blazon.svg/250px-Kreuzlingen-blazon.svg.png",36.647564048,FALSE,FALSE
20,4681,44.351464435,212,266,49.338758901,485,983,478,TRUE,"TG","Langrickenbach","Langrickenbach","Langrickenbach","Langrickenbach TG","Langrickenbach (TG)","Langrickenbach (TG)","Thurgau","Thurgovie","Turgovia","https://thumb.wikimedia.org/wikipedia/commons/thumb/7/71/Langrickenbach-blazon.svg/250px-Langrickenbach-blazon.svg.png",36.647564048,FALSE,FALSE
20,4683,,,,,,,,FALSE,"TG","Lengwil","Lengwil","Lengwil","Lengwil TG","Lengwil (TG)","Lengwil (TG)","Thurgau","Thurgovie","Turgovia","https://upload.wikimedia.org/wikipedia/de/8/8f/GW-TG-Lengwil.png",36.647564048,FALSE,FALSE
20,4691,32.882882883,292,596,51.154929577,908,1775,888,TRUE,"TG","Münsterlingen","Münsterlingen","Münsterlingen","Münsterlingen TG","Münsterlingen (TG)","Münsterlingen (TG)","Thurgau","Thurgovie","Turgovia","https://thumb.wikimedia.org/wikipedia/commons/thumb/6/67/GW-TG-Muensterlingen.svg/500px-GW-TG-Muensterlingen.svg.png",36.647564048,FALSE,FALSE
20,4696,29.444009397,376,901,49.139221557,1313,2672,1277,TRUE,"TG","Tägerwilen","Tägerwilen","Tägerwilen","Tägerwilen TG","Tägerwilen (TG)","Tägerwilen (TG)","Thurgau","Thurgovie","Turgovia","https://thumb.wikimedia.org/wikipedia/commons/thumb/6/6b/T%C3%A4gerwilen-blazon.svg/250px-T%C3%A4gerwilen-blazon.svg.png",36.647564048,FALSE,FALSE
20,4701,44.535519126,163,203,49.13448735,369,751,366,TRUE,"TG","Wäldi","Wäldi","Wäldi","Wäldi TG","Wäldi (TG)","Wäldi (TG)","Thurgau","Thurgovie","Turgovia","https://thumb.wikimedia.org/wikipedia/commons/thumb/0/03/W%C3%A4ldi-blazon.svg/250px-W%C3%A4ldi-blazon.svg.png",36.647564048,FALSE,FALSE
20,4711,46.405228758,426,492,51.621923937,923,1788,918,TRUE,"TG","Affeltrangen","Affeltrangen","Affeltrangen","Affeltrangen TG","Affeltrangen (TG)","Affeltrangen (TG)","Thurgau","Thurgovie","Turgovia","https://thumb.wikimedia.org/wikipedia/commons/thumb/2/21/CHE_Affeltrangen_COA.svg/960px-CHE_Affeltrangen_COA.svg.png",36.647564048,FALSE,FALSE
20,4716,41.5,166,234,47.232037691,401,849,400,TRUE,"TG","Bettwiesen","Bettwiesen","Bettwiesen","Bettwiesen TG","Bettwiesen (TG)","Bettwiesen (TG)","Thurgau","Thurgovie","Turgovia","https://thumb.wikimedia.org/wikipedia/commons/thumb/c/c4/Bettwiesen-blazon.svg/250px-Bettwiesen-blazon.svg.png",36.647564048,FALSE,FALSE
20,4721,41.768292683,411,573,46.710526316,994,2128,984,TRUE,"TG","Bichelsee-Balterswil","Bichelsee-Balterswil","Bichelsee-Balterswil","Bichelsee-Balterswil TG","Bichelsee-Balterswil (TG)","Bichelsee-Balterswil (TG)","Thurgau","Thurgovie","Turgovia","https://thumb.wikimedia.org/wikipedia/commons/thumb/f/fe/BichelseeBalterswil-blazon.svg/250px-BichelseeBalterswil-blazon.svg.png",36.647564048,FALSE,FALSE
20,4723,40.579710145,140,205,55.34591195,352,636,345,TRUE,"TG","Braunau","Braunau","Braunau","Braunau TG","Braunau (TG)","Braunau (TG)","Thurgau","Thurgovie","Turgovia","https://thumb.wikimedia.org/wikipedia/commons/thumb/2/2e/Braunau-blazon.svg/250px-Braunau-blazon.svg.png",36.647564048,FALSE,FALSE
20,4724,34.15282392,514,991,45.975975976,1531,3330,1505,TRUE,"TG","Eschlikon","Eschlikon","Eschlikon","Eschlikon TG","Eschlikon (TG)","Eschlikon (TG)","Thurgau","Thurgovie","Turgovia","https://thumb.wikimedia.org/wikipedia/commons/thumb/f/f4/Eschlikon-blazon.svg/250px-Eschlikon-blazon.svg.png",36.647564048,FALSE,FALSE
20,4726,,,,,,,,FALSE,"TG","Fischingen","Fischingen","Fischingen","Fischingen TG","Fischingen (TG)","Fischingen (TG)","Thurgau","Thurgovie","Turgovia","https://thumb.wikimedia.org/wikipedia/commons/thumb/f/f7/Fischingen-blazon.svg/250px-Fischingen-blazon.svg.png",36.647564048,FALSE,FALSE
20,4741,43.534482759,202,262,50.214132762,469,934,464,TRUE,"TG","Lommis","Lommis","Lommis","Lommis TG","Lommis (TG)","Lommis (TG)","Thurgau","Thurgovie","Turgovia","https://thumb.wikimedia.org/wikipedia/commons/thumb/9/90/Lommis-blazon.svg/250px-Lommis-blazon.svg.png",36.647564048,FALSE,FALSE
20,4746,38.504326329,623,995,44.828524769,1647,3674,1618,TRUE,"TG","Münchwilen TG","Münchwilen (TG)","Münchwilen TG","Münchwilen TG","Münchwilen (TG)","Münchwilen (TG)","Thurgau","Thurgovie","Turgovia","https://thumb.wikimedia.org/wikipedia/commons/thumb/3/37/M%C3%BCnchwilen_TG-blazon.svg/250px-M%C3%BCnchwilen_TG-blazon.svg.png",36.647564048,FALSE,FALSE
20,4751,39.024390244,224,350,38.35078534,586,1528,574,TRUE,"TG","Rickenbach TG","Rickenbach (TG)","Rickenbach TG","Rickenbach TG","Rickenbach (TG)","Rickenbach (TG)","Thurgau","Thurgovie","Turgovia","https://thumb.wikimedia.org/wikipedia/commons/thumb/a/ae/Rickenbach_TG-blazon.svg/250px-Rickenbach_TG-blazon.svg.png",36.647564048,FALSE,FALSE
20,4756,47.928994083,162,176,55.665024631,339,609,338,TRUE,"TG","Schönholzerswilen","Schönholzerswilen","Schönholzerswilen","Schönholzerswilen TG","Schönholzerswilen (TG)","Schönholzerswilen (TG)","Thurgau","Thurgovie","Turgovia","https://thumb.wikimedia.org/wikipedia/commons/thumb/9/95/CHE_Sch%C3%B6nholzerswilen_COA.svg/250px-CHE_Sch%C3%B6nholzerswilen_COA.svg.png",36.647564048,FALSE,FALSE
20,4761,39.947089947,906,1362,45.918566141,2357,5133,2268,TRUE,"TG","Sirnach","Sirnach","Sirnach","Sirnach TG","Sirnach (TG)","Sirnach (TG)","Thurgau","Thurgovie","Turgovia","https://thumb.wikimedia.org/wikipedia/commons/thumb/5/5f/CHE_Sirnach_COA.svg/500px-CHE_Sirnach_COA.svg.png",36.647564048,FALSE,FALSE
20,4776,46.825396825,236,268,46.309314587,527,1138,504,TRUE,"TG","Tobel-Tägerschen","Tobel-Tägerschen","Tobel-Tägerschen","Tobel-Tägerschen TG","Tobel-Tägerschen (TG)","Tobel-Tägerschen (TG)","Thurgau","Thurgovie","Turgovia","https://thumb.wikimedia.org/wikipedia/commons/thumb/2/2a/CHE_Tobel-T%C3%A4gerschen_COA.svg/500px-CHE_Tobel-T%C3%A4gerschen_COA.svg.png",36.647564048,FALSE,FALSE
20,4781,37.307692308,582,978,48.186994306,1608,3337,1560,TRUE,"TG","Wängi","Wängi","Wängi","Wängi TG","Wängi (TG)","Wängi (TG)","Thurgau","Thurgovie","Turgovia","https://thumb.wikimedia.org/wikipedia/commons/thumb/6/6e/Wappen_Waengi.svg/250px-Wappen_Waengi.svg.png",36.647564048,FALSE,FALSE
20,4786,26.952141058,214,580,50.186335404,808,1610,794,TRUE,"TG","Wilen TG","Wilen (TG)","Wilen TG","Wilen TG","Wilen (TG)","Wilen (TG)","Thurgau","Thurgovie","Turgovia","https://thumb.wikimedia.org/wikipedia/commons/thumb/4/4e/Wilen-blazon.svg/250px-Wilen-blazon.svg.png",36.647564048,FALSE,FALSE
20,4791,45.378151261,216,260,58.745476478,487,829,476,TRUE,"TG","Wuppenau","Wuppenau","Wuppenau","Wuppenau TG","Wuppenau (TG)","Wuppenau (TG)","Thurgau","Thurgovie","Turgovia","https://thumb.wikimedia.org/wikipedia/commons/thumb/d/d5/CHE_Wuppenau_COA.svg/250px-CHE_Wuppenau_COA.svg.png",36.647564048,FALSE,FALSE
20,4801,36.231884058,125,220,59.075342466,345,584,345,TRUE,"TG","Berlingen","Berlingen","Berlingen","Berlingen TG","Berlingen (TG)","Berlingen (TG)","Thurgau","Thurgovie","Turgovia","https://thumb.wikimedia.org/wikipedia/commons/thumb/5/5b/Berlingen_Wappen.svg/500px-Berlingen_Wappen.svg.png",36.647564048,FALSE,FALSE
20,4806,,,,,,,,FALSE,"TG","Eschenz","Eschenz","Eschenz","Eschenz TG","Eschenz (TG)","Eschenz (TG)","Thurgau","Thurgovie","Turgovia","https://thumb.wikimedia.org/wikipedia/commons/thumb/5/52/Eschenz-blazon.svg/250px-Eschenz-blazon.svg.png",36.647564048,FALSE,FALSE
20,4811,37.5,162,270,53.584447145,441,823,432,TRUE,"TG","Herdern","Herdern","Herdern","Herdern TG","Herdern (TG)","Herdern (TG)","Thurgau","Thurgovie","Turgovia","https://thumb.wikimedia.org/wikipedia/commons/thumb/6/68/Herdern-blazon.svg/250px-Herdern-blazon.svg.png",36.647564048,FALSE,FALSE
20,4816,43.247863248,253,332,53.94265233,602,1116,585,TRUE,"TG","Homburg","Homburg","Homburg","Homburg TG","Homburg (TG)","Homburg (TG)","Thurgau","Thurgovie","Turgovia","https://thumb.wikimedia.org/wikipedia/commons/thumb/4/40/Homburg-blazon.svg/250px-Homburg-blazon.svg.png",36.647564048,FALSE,FALSE
20,4821,34.599156118,246,465,57.886309047,723,1249,711,TRUE,"TG","Hüttwilen","Hüttwilen","Hüttwilen","Hüttwilen TG","Hüttwilen (TG)","Hüttwilen (TG)","Thurgau","Thurgovie","Turgovia","https://thumb.wikimedia.org/wikipedia/commons/thumb/b/bf/H%C3%BCttwilen-blazon.svg/250px-H%C3%BCttwilen-blazon.svg.png",36.647564048,FALSE,FALSE
20,4826,28.632478632,67,167,58.737864078,242,412,234,TRUE,"TG","Mammern","Mammern","Mammern","Mammern TG","Mammern (TG)","Mammern (TG)","Thurgau","Thurgovie","Turgovia","https://thumb.wikimedia.org/wikipedia/commons/thumb/c/c6/Mammern-blazon.svg/250px-Mammern-blazon.svg.png",36.647564048,FALSE,FALSE
20,4831,37.175141243,329,556,40.985851209,898,2191,885,TRUE,"TG","Müllheim","Müllheim","Müllheim","Müllheim TG","Müllheim (TG)","Müllheim (TG)","Thurgau","Thurgovie","Turgovia","https://thumb.wikimedia.org/wikipedia/commons/thumb/2/25/M%C3%BCllheim-blazon.svg/250px-M%C3%BCllheim-blazon.svg.png",36.647564048,FALSE,FALSE
20,4841,38.340486409,268,431,45.679012346,703,1539,699,TRUE,"TG","Pfyn","Pfyn","Pfyn","Pfyn TG","Pfyn (TG)","Pfyn (TG)","Thurgau","Thurgovie","Turgovia","https://thumb.wikimedia.org/wikipedia/commons/thumb/1/1a/Pfyn-blazon.svg/250px-Pfyn-blazon.svg.png",36.647564048,FALSE,FALSE
20,4846,50.303030303,83,82,52.201257862,166,318,165,TRUE,"TG","Raperswilen","Raperswilen","Raperswilen","Raperswilen TG","Raperswilen (TG)","Raperswilen (TG)","Thurgau","Thurgovie","Turgovia","https://thumb.wikimedia.org/wikipedia/commons/thumb/5/56/CHE_Raperswilen_COA.svg/500px-CHE_Raperswilen_COA.svg.png",36.647564048,FALSE,FALSE
20,4851,37.848605578,190,312,56.381798002,508,901,502,TRUE,"TG","Salenstein","Salenstein","Salenstein","Salenstein TG","Salenstein (TG)","Salenstein (TG)","Thurgau","Thurgovie","Turgovia","https://thumb.wikimedia.org/wikipedia/commons/thumb/c/c2/Salenstein-blazon.svg/250px-Salenstein-blazon.svg.png",36.647564048,FALSE,FALSE
20,4864,34.742951907,419,787,50.472279261,1229,2435,1206,TRUE,"TG","Steckborn","Steckborn","Steckborn","Steckborn TG","Steckborn (TG)","Steckborn (TG)","Thurgau","Thurgovie","Turgovia","https://thumb.wikimedia.org/wikipedia/commons/thumb/7/7b/Steckborn-blazon.svg/250px-Steckborn-blazon.svg.png",36.647564048,FALSE,FALSE
20,4871,37.455830389,212,354,50.844444444,572,1125,566,TRUE,"TG","Wagenhausen","Wagenhausen","Wagenhausen","Wagenhausen TG","Wagenhausen (TG)","Wagenhausen (TG)","Thurgau","Thurgovie","Turgovia","https://thumb.wikimedia.org/wikipedia/commons/thumb/f/ff/Wagenhausen-blazon.svg/250px-Wagenhausen-blazon.svg.png",36.647564048,FALSE,FALSE
20,4881,46.140035907,257,300,55.984174085,566,1011,557,TRUE,"TG","Amlikon-Bissegg","Amlikon-Bissegg","Amlikon-Bissegg","Amlikon-Bissegg TG","Amlikon-Bissegg (TG)","Amlikon-Bissegg (TG)","Thurgau","Thurgovie","Turgovia","https://thumb.wikimedia.org/wikipedia/commons/thumb/f/f0/AmlikonBissegg-blazon.svg/250px-AmlikonBissegg-blazon.svg.png",36.647564048,FALSE,FALSE
20,4891,39.882451721,475,716,47.956730769,1197,2496,1191,TRUE,"TG","Berg TG","Berg (TG)","Berg TG","Berg TG","Berg (TG)","Berg (TG)","Thurgau","Thurgovie","Turgovia","https://thumb.wikimedia.org/wikipedia/commons/thumb/3/34/Berg_TG-blazon.svg/250px-Berg_TG-blazon.svg.png",36.647564048,FALSE,FALSE
20,4901,50.381679389,264,260,53.6,536,1000,524,TRUE,"TG","Birwinken","Birwinken","Birwinken","Birwinken TG","Birwinken (TG)","Birwinken (TG)","Thurgau","Thurgovie","Turgovia","https://thumb.wikimedia.org/wikipedia/commons/thumb/4/4a/Birwinken-blazon.svg/250px-Birwinken-blazon.svg.png",36.647564048,FALSE,FALSE
20,4911,42.475987193,398,539,41.025641026,960,2340,937,TRUE,"TG","Bürglen TG","Bürglen (TG)","Bürglen TG","Bürglen TG","Bürglen (TG)","Bürglen (TG)","Thurgau","Thurgovie","Turgovia","https://thumb.wikimedia.org/wikipedia/commons/thumb/d/de/B%C3%BCrglen_TG-blazon.svg/250px-B%C3%BCrglen_TG-blazon.svg.png",36.647564048,FALSE,FALSE
20,4921,44.575471698,378,470,51.794258373,866,1672,848,TRUE,"TG","Bussnang","Bussnang","Bussnang","Bussnang TG","Bussnang (TG)","Bussnang (TG)","Thurgau","Thurgovie","Turgovia","https://thumb.wikimedia.org/wikipedia/commons/thumb/9/97/Bussnang-blazon.svg/250px-Bussnang-blazon.svg.png",36.647564048,FALSE,FALSE
20,4941,36.799184506,361,620,49.308300395,998,2024,981,TRUE,"TG","Märstetten","Märstetten","Märstetten","Märstetten TG","Märstetten (TG)","Märstetten (TG)","Thurgau","Thurgovie","Turgovia","https://thumb.wikimedia.org/wikipedia/commons/thumb/4/4e/M%C3%A4rstetten-blazon.svg/250px-M%C3%A4rstetten-blazon.svg.png",36.647564048,FALSE,FALSE
20,4946,30.198712566,1079,2494,47.280010337,3659,7739,3573,TRUE,"TG","Weinfelden","Weinfelden","Weinfelden","Weinfelden TG","Weinfelden (TG)","Weinfelden (TG)","Thurgau","Thurgovie","Turgovia","https://thumb.wikimedia.org/wikipedia/commons/thumb/6/6d/Weinfelden-blazon.svg/250px-Weinfelden-blazon.svg.png",36.647564048,FALSE,FALSE
20,4951,38.323353293,320,515,50.618010594,860,1699,835,TRUE,"TG","Wigoltingen","Wigoltingen","Wigoltingen","Wigoltingen TG","Wigoltingen (TG)","Wigoltingen (TG)","Thurgau","Thurgovie","Turgovia","https://thumb.wikimedia.org/wikipedia/commons/thumb/8/85/Wigoltingen-blazon.svg/250px-Wigoltingen-blazon.svg.png",36.647564048,FALSE,FALSE
21,5001,46.165644172,602,702,42.400253325,1339,3158,1304,TRUE,"TI","Arbedo-Castione","Arbedo-Castione","Arbedo-Castione","Arbedo-Castione TI","Arbedo-Castione (TI)","Arbedo-Castione (TI)","Tessin","Tessin","Ticino","https://thumb.wikimedia.org/wikipedia/commons/thumb/a/a2/CHE_Arbedo-Castione_COA.svg/500px-CHE_Arbedo-Castione_COA.svg.png",48.995523378,FALSE,FALSE
21,5002,,,,,,,,FALSE,"TI","Bellinzona","Bellinzone","Bellinzona","Bellinzona TI","Bellinzone (TI)","Bellinzona (TI)","Tessin","Tessin","Ticino","https://thumb.wikimedia.org/wikipedia/commons/thumb/4/46/CHE_Bellinzona_COA-02.svg/500px-CHE_Bellinzona_COA-02.svg.png",48.995523378,FALSE,FALSE
21,5003,59.440559441,340,232,39.564921822,582,1471,572,TRUE,"TI","Cadenazzo","Cadenazzo","Cadenazzo","Cadenazzo TI","Cadenazzo (TI)","Cadenazzo (TI)","Tessin","Tessin","Ticino","https://thumb.wikimedia.org/wikipedia/commons/thumb/3/35/Cadenazzo-coat_of_arms.svg/500px-Cadenazzo-coat_of_arms.svg.png",48.995523378,FALSE,FALSE
21,5009,74.829931973,110,37,47.284345048,148,313,147,TRUE,"TI","Isone","Isone","Isone","Isone TI","Isone (TI)","Isone (TI)","Tessin","Tessin","Ticino","https://thumb.wikimedia.org/wikipedia/commons/thumb/0/02/CHE_Isone_COA.svg/500px-CHE_Isone_COA.svg.png",48.995523378,FALSE,FALSE
21,5010,49.527410208,262,267,46.965699208,534,1137,529,TRUE,"TI","Lumino","Lumino","Lumino","Lumino TI","Lumino (TI)","Lumino (TI)","Tessin","Tessin","Ticino","https://thumb.wikimedia.org/wikipedia/commons/thumb/8/8d/Lumino-coat_of_arms.svg/500px-Lumino-coat_of_arms.svg.png",48.995523378,FALSE,FALSE
21,5017,55.235204856,364,295,40.722596448,665,1633,659,TRUE,"TI","Sant'Antonino","Sant'Antonino","Sant'Antonino","Sant'Antonino TI","Sant'Antonino (TI)","Sant'Antonino (TI)","Tessin","Tessin","Ticino","https://thumb.wikimedia.org/wikipedia/commons/thumb/3/30/SantAntonino-coat_of_arms.svg/500px-SantAntonino-coat_of_arms.svg.png",48.995523378,FALSE,FALSE
21,5048,52.666666667,316,284,41.308793456,606,1467,600,TRUE,"TI","Acquarossa","Acquarossa","Acquarossa","Acquarossa TI","Acquarossa (TI)","Acquarossa (TI)","Tessin","Tessin","Ticino","https://thumb.wikimedia.org/wikipedia/commons/thumb/c/c7/CHE_Acquarossa_COA.svg/500px-CHE_Acquarossa_COA.svg.png",48.995523378,FALSE,FALSE
21,5049,60.781476122,420,271,47.823129252,703,1470,691,TRUE,"TI","Blenio","Blenio","Blenio","Blenio TI","Blenio (TI)","Blenio (TI)","Tessin","Tessin","Ticino","https://thumb.wikimedia.org/wikipedia/commons/thumb/0/0d/CHE_Blenio_COA.svg/500px-CHE_Blenio_COA.svg.png",48.995523378,FALSE,FALSE
21,5050,56.809815951,463,352,42.716942149,827,1936,815,TRUE,"TI","Serravalle","Serravalle","Serravalle","Serravalle TI","Serravalle (TI)","Serravalle (TI)","Tessin","Tessin","Ticino","https://upload.wikimedia.org/wikipedia/de/3/31/Wappen.Serravalle.png",48.995523378,FALSE,FALSE
21,5061,57.307692308,298,222,53.751284687,523,973,520,TRUE,"TI","Airolo","Airolo","Airolo","Airolo TI","Airolo (TI)","Airolo (TI)","Tessin","Tessin","Ticino","https://thumb.wikimedia.org/wikipedia/commons/thumb/8/84/CHE_Airolo_COA.svg/500px-CHE_Airolo_COA.svg.png",48.995523378,FALSE,FALSE
21,5063,79.104477612,53,14,58.771929825,67,114,67,TRUE,"TI","Bedretto","Bedretto","Bedretto","Bedretto TI","Bedretto (TI)","Bedretto (TI)","Tessin","Tessin","Ticino","https://thumb.wikimedia.org/wikipedia/commons/thumb/9/99/Bedretto-coat_of_arms.svg/500px-Bedretto-coat_of_arms.svg.png",48.995523378,FALSE,FALSE
21,5071,36.956521739,34,58,57.055214724,93,163,92,TRUE,"TI","Dalpe","Dalpe","Dalpe","Dalpe TI","Dalpe (TI)","Dalpe (TI)","Tessin","Tessin","Ticino","https://thumb.wikimedia.org/wikipedia/commons/thumb/0/06/Dalpe-coat_of_arms.svg/500px-Dalpe-coat_of_arms.svg.png",48.995523378,FALSE,FALSE
21,5072,50.753768844,505,490,50.197823937,1015,2022,995,TRUE,"TI","Faido","Faido","Faido","Faido TI","Faido (TI)","Faido (TI)","Tessin","Tessin","Ticino","https://thumb.wikimedia.org/wikipedia/commons/thumb/1/11/CHE_Faido_COA.svg/500px-CHE_Faido_COA.svg.png",48.995523378,FALSE,FALSE
21,5073,53.623188406,222,192,42.222222222,418,990,414,TRUE,"TI","Giornico","Giornico","Giornico","Giornico TI","Giornico (TI)","Giornico (TI)","Tessin","Tessin","Ticino","https://thumb.wikimedia.org/wikipedia/commons/thumb/b/b6/CHE_Giornico_COA_2025.svg/960px-CHE_Giornico_COA_2025.svg.png",48.995523378,FALSE,FALSE
21,5076,48.695652174,56,59,50,115,230,115,TRUE,"TI","Personico","Personico","Personico","Personico TI","Personico (TI)","Personico (TI)","Tessin","Tessin","Ticino","https://thumb.wikimedia.org/wikipedia/commons/thumb/0/02/Personico-coat_of_arms.svg/500px-Personico-coat_of_arms.svg.png",48.995523378,FALSE,FALSE
21,5077,51.45631068,106,100,39.097744361,208,532,206,TRUE,"TI","Pollegio","Pollegio","Pollegio","Pollegio TI","Pollegio (TI)","Pollegio (TI)","Tessin","Tessin","Ticino","https://thumb.wikimedia.org/wikipedia/commons/thumb/c/ce/Pollegio-coat_of_arms.svg/500px-Pollegio-coat_of_arms.svg.png",48.995523378,FALSE,FALSE
21,5079,53.715498938,253,218,49.895178197,476,954,471,TRUE,"TI","Quinto","Quinto","Quinto","Quinto TI","Quinto (TI)","Quinto (TI)","Tessin","Tessin","Ticino","https://thumb.wikimedia.org/wikipedia/commons/thumb/e/ee/CHE_Quinto_COA_2025.svg/500px-CHE_Quinto_COA_2025.svg.png",48.995523378,FALSE,FALSE
21,5091,45.128511656,755,918,48.320045558,1697,3512,1673,TRUE,"TI","Ascona","Ascona","Ascona","Ascona TI","Ascona (TI)","Ascona (TI)","Tessin","Tessin","Ticino","https://thumb.wikimedia.org/wikipedia/commons/thumb/c/c9/CHE_Ascona_COA.svg/500px-CHE_Ascona_COA.svg.png",48.995523378,FALSE,FALSE
21,5096,49.390243902,81,83,49.249249249,164,333,164,TRUE,"TI","Brione sopra Minusio","Brione sopra Minusio","Brione sopra Minusio","Brione sopra Minusio TI","Brione sopra Minusio (TI)","Brione sopra Minusio (TI)","Tessin","Tessin","Ticino","https://thumb.wikimedia.org/wikipedia/commons/thumb/4/4e/CHE_Brione_sopra_Minusio_TI_COA.svg/500px-CHE_Brione_sopra_Minusio_TI_COA.svg.png",48.995523378,FALSE,FALSE
21,5097,48.514851485,294,312,51.088777219,610,1194,606,TRUE,"TI","Brissago","Brissago","Brissago","Brissago TI","Brissago (TI)","Brissago (TI)","Tessin","Tessin","Ticino","https://thumb.wikimedia.org/wikipedia/commons/thumb/0/0e/Brissago-coat_of_arms.svg/500px-Brissago-coat_of_arms.svg.png",48.995523378,FALSE,FALSE
21,5108,47.655172414,691,759,43.328380386,1458,3365,1450,TRUE,"TI","Gordola","Gordola","Gordola","Gordola TI","Gordola (TI)","Gordola (TI)","Tessin","Tessin","Ticino","https://thumb.wikimedia.org/wikipedia/commons/thumb/e/e8/CHE_Gordola_COA.svg/500px-CHE_Gordola_COA.svg.png",48.995523378,FALSE,FALSE
21,5112,45.392491468,133,160,40.990371389,298,727,293,TRUE,"TI","Lavertezzo","Lavertezzo","Lavertezzo","Lavertezzo TI","Lavertezzo (TI)","Lavertezzo (TI)","Tessin","Tessin","Ticino","https://thumb.wikimedia.org/wikipedia/commons/thumb/c/c5/Lavertezzo-coat_of_arms.svg/500px-Lavertezzo-coat_of_arms.svg.png",48.995523378,FALSE,FALSE
21,5113,46.163849155,1775,2070,41.518475136,3899,9391,3845,TRUE,"TI","Locarno","Locarno","Locarno","Locarno TI","Locarno (TI)","Locarno (TI)","Tessin","Tessin","Ticino","https://thumb.wikimedia.org/wikipedia/commons/thumb/5/5a/CHE_Locarno_COA.svg/500px-CHE_Locarno_COA.svg.png",48.995523378,FALSE,FALSE
21,5115,45.633652822,857,1021,44.097944098,1909,4329,1878,TRUE,"TI","Losone","Losone","Losone","Losone TI","Losone (TI)","Losone (TI)","Tessin","Tessin","Ticino","https://thumb.wikimedia.org/wikipedia/commons/thumb/f/f1/CHE_Losone_COA.svg/500px-CHE_Losone_COA.svg.png",48.995523378,FALSE,FALSE
21,5117,37.974683544,30,49,48.795180723,81,166,79,TRUE,"TI","Mergoscia","Mergoscia","Mergoscia","Mergoscia TI","Mergoscia (TI)","Mergoscia (TI)","Tessin","Tessin","Ticino","https://thumb.wikimedia.org/wikipedia/commons/thumb/5/52/Mergoscia-coat_of_arms.svg/500px-Mergoscia-coat_of_arms.svg.png",48.995523378,FALSE,FALSE
21,5118,44.159663866,1051,1329,49.189298743,2427,4934,2380,TRUE,"TI","Minusio","Minusio","Minusio","Minusio TI","Minusio (TI)","Minusio (TI)","Tessin","Tessin","Ticino","https://thumb.wikimedia.org/wikipedia/commons/thumb/0/01/Minusio-coat_of_arms.svg/500px-Minusio-coat_of_arms.svg.png",48.995523378,FALSE,FALSE
21,5120,46.415552855,382,441,48.879716981,829,1696,823,TRUE,"TI","Muralto","Muralto","Muralto","Muralto TI","Muralto (TI)","Muralto (TI)","Tessin","Tessin","Ticino","https://thumb.wikimedia.org/wikipedia/commons/thumb/d/d9/Muralto-coat_of_arms.svg/500px-Muralto-coat_of_arms.svg.png",48.995523378,FALSE,FALSE
21,5121,42.087542088,125,172,56.736242884,299,527,297,TRUE,"TI","Orselina","Orselina","Orselina","Orselina TI","Orselina (TI)","Orselina (TI)","Tessin","Tessin","Ticino","https://thumb.wikimedia.org/wikipedia/commons/thumb/2/29/CHE_Orselina_COA.svg/500px-CHE_Orselina_COA.svg.png",48.995523378,FALSE,FALSE
21,5125,37.614678899,82,136,56.812339332,221,389,218,TRUE,"TI","Ronco sopra Ascona","Ronco sopra Ascona","Ronco sopra Ascona","Ronco sopra Ascona TI","Ronco sopra Ascona (TI)","Ronco sopra Ascona (TI)","Tessin","Tessin","Ticino","https://thumb.wikimedia.org/wikipedia/commons/thumb/2/2f/RoncoSopraAscona-coat_of_arms.svg/500px-RoncoSopraAscona-coat_of_arms.svg.png",48.995523378,FALSE,FALSE
21,5131,47.157894737,448,502,45.155308299,974,2157,950,TRUE,"TI","Tenero-Contra","Tenero-Contra","Tenero-Contra","Tenero-Contra TI","Tenero-Contra (TI)","Tenero-Contra (TI)","Tessin","Tessin","Ticino","https://thumb.wikimedia.org/wikipedia/commons/thumb/a/a4/Tenero-Contra-coat_of_arms.svg/500px-Tenero-Contra-coat_of_arms.svg.png",48.995523378,FALSE,FALSE
21,5136,48.286604361,155,166,39.950372208,322,806,321,TRUE,"TI","Onsernone","Onsernone","Onsernone","Onsernone TI","Onsernone (TI)","Onsernone (TI)","Tessin","Tessin","Ticino","https://thumb.wikimedia.org/wikipedia/commons/thumb/9/90/CHE_Onsernone_COA.svg/500px-CHE_Onsernone_COA.svg.png",48.995523378,FALSE,FALSE
21,5138,,,,,,,,FALSE,"TI","Cugnasco-Gerra","Cugnasco-Gerra","Cugnasco-Gerra","Cugnasco-Gerra TI","Cugnasco-Gerra (TI)","Cugnasco-Gerra (TI)","Tessin","Tessin","Ticino","https://thumb.wikimedia.org/wikipedia/commons/thumb/1/16/CHE_Cugnasco-Gerra_COA.svg/500px-CHE_Cugnasco-Gerra_COA.svg.png",48.995523378,FALSE,FALSE
21,5141,51.590106007,584,548,42.006615215,1143,2721,1132,TRUE,"TI","Agno","Agno","Agno","Agno TI","Agno (TI)","Agno (TI)","Tessin","Tessin","Ticino","https://thumb.wikimedia.org/wikipedia/commons/thumb/9/90/CHE_Agno_COA.svg/500px-CHE_Agno_COA.svg.png",48.995523378,FALSE,FALSE
21,5143,38.461538462,45,72,48.559670782,118,243,117,TRUE,"TI","Aranno","Aranno","Aranno","Aranno TI","Aranno (TI)","Aranno (TI)","Tessin","Tessin","Ticino","https://thumb.wikimedia.org/wikipedia/commons/thumb/5/56/Aranno-coat_of_arms.svg/500px-Aranno-coat_of_arms.svg.png",48.995523378,FALSE,FALSE
21,5144,51.129943503,181,173,47.791164659,357,747,354,TRUE,"TI","Arogno","Arogno","Arogno","Arogno TI","Arogno (TI)","Arogno (TI)","Tessin","Tessin","Ticino","https://thumb.wikimedia.org/wikipedia/commons/thumb/f/fd/Arogno-coat_of_arms.svg/500px-Arogno-coat_of_arms.svg.png",48.995523378,FALSE,FALSE
21,5148,55.46875,284,228,49.80952381,523,1050,512,TRUE,"TI","Bedano","Bedano","Bedano","Bedano TI","Bedano (TI)","Bedano (TI)","Tessin","Tessin","Ticino","https://thumb.wikimedia.org/wikipedia/commons/thumb/6/60/Bedano-coat_of_arms.svg/500px-Bedano-coat_of_arms.svg.png",48.995523378,FALSE,FALSE
21,5151,49.176728869,448,463,46.433990895,918,1977,911,TRUE,"TI","Bioggio","Bioggio","Bioggio","Bioggio TI","Bioggio (TI)","Bioggio (TI)","Tessin","Tessin","Ticino","https://thumb.wikimedia.org/wikipedia/commons/thumb/e/e4/CHE_Bioggio_COA.svg/500px-CHE_Bioggio_COA.svg.png",48.995523378,FALSE,FALSE
21,5154,62.595419847,164,98,54.244306418,262,483,262,TRUE,"TI","Bissone","Bissone","Bissone","Bissone TI","Bissone (TI)","Bissone (TI)","Tessin","Tessin","Ticino","https://thumb.wikimedia.org/wikipedia/commons/thumb/3/37/CHE_Bissone_COA.svg/960px-CHE_Bissone_COA.svg.png",48.995523378,FALSE,FALSE
21,5160,52.127659574,98,90,53.846153846,189,351,188,TRUE,"TI","Brusino Arsizio","Brusino Arsizio","Brusino Arsizio","Brusino Arsizio TI","Brusino Arsizio (TI)","Brusino Arsizio (TI)","Tessin","Tessin","Ticino","https://thumb.wikimedia.org/wikipedia/commons/thumb/e/eb/BrusinoArsizio-coat_of_arms.svg/500px-BrusinoArsizio-coat_of_arms.svg.png",48.995523378,FALSE,FALSE
21,5161,53.818181818,148,127,49.203539823,278,565,275,TRUE,"TI","Cademario","Cademario","Cademario","Cademario TI","Cademario (TI)","Cademario (TI)","Tessin","Tessin","Ticino","https://thumb.wikimedia.org/wikipedia/commons/thumb/7/7d/Cademario-coat_of_arms.svg/500px-Cademario-coat_of_arms.svg.png",48.995523378,FALSE,FALSE
21,5162,53.091684435,249,220,46.837944664,474,1012,469,TRUE,"TI","Cadempino","Cadempino","Cadempino","Cadempino TI","Cadempino (TI)","Cadempino (TI)","Tessin","Tessin","Ticino","https://thumb.wikimedia.org/wikipedia/commons/thumb/9/99/Cadempino-coat_of_arms.svg/500px-Cadempino-coat_of_arms.svg.png",48.995523378,FALSE,FALSE
21,5167,49.300155521,317,326,44.693877551,657,1470,643,TRUE,"TI","Canobbio","Canobbio","Canobbio","Canobbio TI","Canobbio (TI)","Canobbio (TI)","Tessin","Tessin","Ticino","https://thumb.wikimedia.org/wikipedia/commons/thumb/3/34/CHE_Canobbio_COA.svg/500px-CHE_Canobbio_COA.svg.png",48.995523378,FALSE,FALSE
21,5171,50.651340996,661,644,47.400070746,1340,2827,1305,TRUE,"TI","Caslano","Caslano","Caslano","Caslano TI","Caslano (TI)","Caslano (TI)","Tessin","Tessin","Ticino","https://thumb.wikimedia.org/wikipedia/commons/thumb/d/dd/Caslano-coat_of_arms.svg/500px-Caslano-coat_of_arms.svg.png",48.995523378,FALSE,FALSE
21,5176,39.638554217,329,501,53.797064454,843,1567,830,TRUE,"TI","Comano","Comano","Comano","Comano TI","Comano (TI)","Comano (TI)","Tessin","Tessin","Ticino","https://thumb.wikimedia.org/wikipedia/commons/thumb/7/7f/Comano-coat_of_arms.svg/500px-Comano-coat_of_arms.svg.png",48.995523378,FALSE,FALSE
21,5180,42.307692308,220,300,50.572519084,530,1048,520,TRUE,"TI","Cureglia","Cureglia","Cureglia","Cureglia TI","Cureglia (TI)","Cureglia (TI)","Tessin","Tessin","Ticino","https://thumb.wikimedia.org/wikipedia/commons/thumb/4/47/Cureglia-coat_of_arms.svg/500px-Cureglia-coat_of_arms.svg.png",48.995523378,FALSE,FALSE
21,5186,56.363636364,62,48,38.275862069,111,290,110,TRUE,"TI","Grancia","Grancia","Grancia","Grancia TI","Grancia (TI)","Grancia (TI)","Tessin","Tessin","Ticino","https://thumb.wikimedia.org/wikipedia/commons/thumb/7/79/Grancia-coat_of_arms.svg/500px-Grancia-coat_of_arms.svg.png",48.995523378,FALSE,FALSE
21,5187,53.191489362,225,198,46.413043478,427,920,423,TRUE,"TI","Gravesano","Gravesano","Gravesano","Gravesano TI","Gravesano (TI)","Gravesano (TI)","Tessin","Tessin","Ticino","https://thumb.wikimedia.org/wikipedia/commons/thumb/7/73/Gravesano-coat_of_arms.svg/500px-Gravesano-coat_of_arms.svg.png",48.995523378,FALSE,FALSE
21,5189,52.019002375,219,202,43.954918033,429,976,421,TRUE,"TI","Lamone","Lamone","Lamone","Lamone TI","Lamone (TI)","Lamone (TI)","Tessin","Tessin","Ticino","https://thumb.wikimedia.org/wikipedia/commons/thumb/8/80/CHE_Lamone_COA.svg/500px-CHE_Lamone_COA.svg.png",48.995523378,FALSE,FALSE
21,5192,,,,,,,,FALSE,"TI","Lugano","Lugano","Lugano","Lugano TI","Lugano (TI)","Lugano (TI)","Tessin","Tessin","Ticino","https://thumb.wikimedia.org/wikipedia/commons/thumb/7/73/CHE_Lugano_COA.svg/960px-CHE_Lugano_COA.svg.png",48.995523378,FALSE,FALSE
21,5193,50.867052023,264,255,47.554347826,525,1104,519,TRUE,"TI","Magliaso","Magliaso","Magliaso","Magliaso TI","Magliaso (TI)","Magliaso (TI)","Tessin","Tessin","Ticino","https://thumb.wikimedia.org/wikipedia/commons/thumb/f/f6/Magliaso-coat_of_arms.svg/500px-Magliaso-coat_of_arms.svg.png",48.995523378,FALSE,FALSE
21,5194,55.882352941,247,195,49.722530522,448,901,442,TRUE,"TI","Manno","Manno","Manno","Manno TI","Manno (TI)","Manno (TI)","Tessin","Tessin","Ticino","https://thumb.wikimedia.org/wikipedia/commons/thumb/b/bb/CHE_Manno_COA.svg/500px-CHE_Manno_COA.svg.png",48.995523378,FALSE,FALSE
21,5196,42.210386152,634,868,44.415127529,1515,3411,1502,TRUE,"TI","Massagno","Massagno","Massagno","Massagno TI","Massagno (TI)","Massagno (TI)","Tessin","Tessin","Ticino","https://thumb.wikimedia.org/wikipedia/commons/thumb/2/2a/Massagno-coat_of_arms.svg/500px-Massagno-coat_of_arms.svg.png",48.995523378,FALSE,FALSE
21,5198,50.833333333,244,236,48.210735586,485,1006,480,TRUE,"TI","Melide","Melide","Melide","Melide TI","Melide (TI)","Melide (TI)","Tessin","Tessin","Ticino","https://thumb.wikimedia.org/wikipedia/commons/thumb/3/36/CHE_Melide_COA.svg/500px-CHE_Melide_COA.svg.png",48.995523378,FALSE,FALSE
21,5199,59.87654321,291,195,49.648241206,494,995,486,TRUE,"TI","Mezzovico-Vira","Mezzovico-Vira","Mezzovico-Vira","Mezzovico-Vira TI","Mezzovico-Vira (TI)","Mezzovico-Vira (TI)","Tessin","Tessin","Ticino","https://thumb.wikimedia.org/wikipedia/commons/thumb/6/67/CHE_Mezzovico-Vira_COA.svg/500px-CHE_Mezzovico-Vira_COA.svg.png",48.995523378,FALSE,FALSE
21,5203,53.456221198,116,101,58.981233244,220,373,217,TRUE,"TI","Morcote","Morcote","Morcote","Morcote TI","Morcote (TI)","Morcote (TI)","Tessin","Tessin","Ticino","https://thumb.wikimedia.org/wikipedia/commons/thumb/f/f8/CHE_Morcote_COA.svg/500px-CHE_Morcote_COA.svg.png",48.995523378,FALSE,FALSE
21,5205,47.692307692,155,170,57.342657343,328,572,325,TRUE,"TI","Muzzano","Muzzano","Muzzano","Muzzano TI","Muzzano (TI)","Muzzano (TI)","Tessin","Tessin","Ticino","https://thumb.wikimedia.org/wikipedia/commons/thumb/5/55/CHE_Muzzano_COA.svg/500px-CHE_Muzzano_COA.svg.png",48.995523378,FALSE,FALSE
21,5206,48.175182482,66,71,55.823293173,139,249,137,TRUE,"TI","Neggio","Neggio","Neggio","Neggio TI","Neggio (TI)","Neggio (TI)","Tessin","Tessin","Ticino","https://thumb.wikimedia.org/wikipedia/commons/thumb/3/3f/Neggio-coat_of_arms.svg/500px-Neggio-coat_of_arms.svg.png",48.995523378,FALSE,FALSE
21,5208,43.432574431,248,323,54.47761194,584,1072,571,TRUE,"TI","Origlio","Origlio","Origlio","Origlio TI","Origlio (TI)","Origlio (TI)","Tessin","Tessin","Ticino","https://thumb.wikimedia.org/wikipedia/commons/thumb/9/9c/Origlio-coat_of_arms.svg/500px-Origlio-coat_of_arms.svg.png",48.995523378,FALSE,FALSE
21,5210,51.147959184,401,383,44.147157191,792,1794,784,TRUE,"TI","Paradiso","Paradiso","Paradiso","Paradiso TI","Paradiso (TI)","Paradiso (TI)","Tessin","Tessin","Ticino","https://thumb.wikimedia.org/wikipedia/commons/thumb/7/75/CHE_Paradiso_COA.svg/500px-CHE_Paradiso_COA.svg.png",48.995523378,FALSE,FALSE
21,5212,44.709388972,300,371,51.97869102,683,1314,671,TRUE,"TI","Ponte Capriasca","Ponte Capriasca","Ponte Capriasca","Ponte Capriasca TI","Ponte Capriasca (TI)","Ponte Capriasca (TI)","Tessin","Tessin","Ticino","https://thumb.wikimedia.org/wikipedia/commons/thumb/8/89/PonteCapriasca-coat_of_arms.svg/500px-PonteCapriasca-coat_of_arms.svg.png",48.995523378,FALSE,FALSE
21,5214,48.063380282,273,295,51.949229374,573,1103,568,TRUE,"TI","Porza","Porza","Porza","Porza TI","Porza (TI)","Porza (TI)","Tessin","Tessin","Ticino","https://thumb.wikimedia.org/wikipedia/commons/thumb/1/1f/CHE_Porza_COA.svg/500px-CHE_Porza_COA.svg.png",48.995523378,FALSE,FALSE
21,5216,46.666666667,224,256,51.413612565,491,955,480,TRUE,"TI","Pura","Pura","Pura","Pura TI","Pura (TI)","Pura (TI)","Tessin","Tessin","Ticino","https://thumb.wikimedia.org/wikipedia/commons/thumb/6/60/Pura-coat_of_arms.svg/500px-Pura-coat_of_arms.svg.png",48.995523378,FALSE,FALSE
21,5221,42.967542504,278,369,47.905951506,652,1361,647,TRUE,"TI","Savosa","Savosa","Savosa","Savosa TI","Savosa (TI)","Savosa (TI)","Tessin","Tessin","Ticino","https://thumb.wikimedia.org/wikipedia/commons/thumb/8/8e/Savosa-coat_of_arms.svg/500px-Savosa-coat_of_arms.svg.png",48.995523378,FALSE,FALSE
21,5225,42.675159236,268,360,51.668022783,635,1229,628,TRUE,"TI","Sorengo","Sorengo","Sorengo","Sorengo TI","Sorengo (TI)","Sorengo (TI)","Tessin","Tessin","Ticino","https://thumb.wikimedia.org/wikipedia/commons/thumb/1/18/Sorengo-coat_of_arms.svg/500px-Sorengo-coat_of_arms.svg.png",48.995523378,FALSE,FALSE
21,5226,45.398773006,1110,1335,48.729476153,2493,5116,2445,TRUE,"TI","Capriasca","Capriasca","Capriasca","Capriasca TI","Capriasca (TI)","Capriasca (TI)","Tessin","Tessin","Ticino","https://thumb.wikimedia.org/wikipedia/commons/thumb/c/cc/Capriasca-coat_of_arms.svg/500px-Capriasca-coat_of_arms.svg.png",48.995523378,FALSE,FALSE
21,5227,52.05811138,430,396,43.989501312,838,1905,826,TRUE,"TI","Torricella-Taverne","Torricella-Taverne","Torricella-Taverne","Torricella-Taverne TI","Torricella-Taverne (TI)","Torricella-Taverne (TI)","Tessin","Tessin","Ticino","https://thumb.wikimedia.org/wikipedia/commons/thumb/c/cc/Torricella-Taverne-coat_of_arms.svg/500px-Torricella-Taverne-coat_of_arms.svg.png",48.995523378,FALSE,FALSE
21,5230,41.237113402,80,114,44.695259594,198,443,194,TRUE,"TI","Vernate","Vernate","Vernate","Vernate TI","Vernate (TI)","Vernate (TI)","Tessin","Tessin","Ticino","https://thumb.wikimedia.org/wikipedia/commons/thumb/0/02/CHE_Vernate_COA.svg/500px-CHE_Vernate_COA.svg.png",48.995523378,FALSE,FALSE
21,5231,47.147651007,281,315,48.145224941,610,1267,596,TRUE,"TI","Vezia","Vezia","Vezia","Vezia TI","Vezia (TI)","Vezia (TI)","Tessin","Tessin","Ticino","https://thumb.wikimedia.org/wikipedia/commons/thumb/e/e9/Vezia-coat_of_arms.svg/500px-Vezia-coat_of_arms.svg.png",48.995523378,FALSE,FALSE
21,5233,46.666666667,56,64,54.954954955,122,222,120,TRUE,"TI","Vico Morcote","Vico Morcote","Vico Morcote","Vico Morcote TI","Vico Morcote (TI)","Vico Morcote (TI)","Tessin","Tessin","Ticino","https://thumb.wikimedia.org/wikipedia/commons/thumb/b/ba/VicoMorcote-coat_of_arms.svg/500px-VicoMorcote-coat_of_arms.svg.png",48.995523378,FALSE,FALSE
21,5236,,,,,,,,FALSE,"TI","Collina d'Oro","Collina d'Oro","Collina d'Oro","Collina d'Oro TI","Collina d'Oro (TI)","Collina d'Oro (TI)","Tessin","Tessin","Ticino","https://thumb.wikimedia.org/wikipedia/commons/thumb/b/bf/CHE_Collina_d%27Oro_COA.svg/500px-CHE_Collina_d%27Oro_COA.svg.png",48.995523378,FALSE,FALSE
21,5237,52.871621622,313,279,52.700348432,605,1148,592,TRUE,"TI","Alto Malcantone","Alto Malcantone","Alto Malcantone","Alto Malcantone TI","Alto Malcantone (TI)","Alto Malcantone (TI)","Tessin","Tessin","Ticino","https://thumb.wikimedia.org/wikipedia/commons/thumb/d/d0/CHE_Alto_Malcantone_COA.svg/500px-CHE_Alto_Malcantone_COA.svg.png",48.995523378,FALSE,FALSE
21,5238,55.831608006,809,640,45.780525502,1481,3235,1449,TRUE,"TI","Monteceneri","Monteceneri","Monteceneri","Monteceneri TI","Monteceneri (TI)","Monteceneri (TI)","Tessin","Tessin","Ticino","https://thumb.wikimedia.org/wikipedia/commons/thumb/e/ee/CHE_Monteceneri_COA.svg/500px-CHE_Monteceneri_COA.svg.png",48.995523378,FALSE,FALSE
21,5239,52.880075543,560,499,46.690048224,1065,2281,1059,TRUE,"TI","Tresa","Tresa","Tresa","Tresa TI","Tresa (TI)","Tresa (TI)","Tessin","Tessin","Ticino","https://thumb.wikimedia.org/wikipedia/commons/thumb/f/f0/CHE_Tresa_COA.svg/960px-CHE_Tresa_COA.svg.png",48.995523378,FALSE,FALSE
21,5240,52.904040404,419,373,43.197831978,797,1845,792,TRUE,"TI","Val Mara","Val Mara","Val Mara","Val Mara TI","Val Mara (TI)","Val Mara (TI)","Tessin","Tessin","Ticino","https://thumb.wikimedia.org/wikipedia/commons/thumb/8/81/CHE_Val_Mara_TI_COA.svg/500px-CHE_Val_Mara_TI_COA.svg.png",48.995523378,FALSE,FALSE
21,5242,49.342770475,488,501,45.400996828,1002,2207,989,TRUE,"TI","Balerna","Balerna","Balerna","Balerna TI","Balerna (TI)","Balerna (TI)","Tessin","Tessin","Ticino","https://thumb.wikimedia.org/wikipedia/commons/thumb/4/41/CHE_Balerna_COA.svg/500px-CHE_Balerna_COA.svg.png",48.995523378,FALSE,FALSE
21,5249,49.236192714,419,432,49.232518476,866,1759,851,TRUE,"TI","Castel San Pietro","Castel San Pietro","Castel San Pietro","Castel San Pietro TI","Castel San Pietro (TI)","Castel San Pietro (TI)","Tessin","Tessin","Ticino","https://thumb.wikimedia.org/wikipedia/commons/thumb/6/66/CastelSanPietro-blason.svg/500px-CastelSanPietro-blason.svg.png",48.995523378,FALSE,FALSE
21,5250,52.773109244,942,843,43.393501805,1803,4155,1785,TRUE,"TI","Chiasso","Chiasso","Chiasso","Chiasso TI","Chiasso (TI)","Chiasso (TI)","Tessin","Tessin","Ticino","https://thumb.wikimedia.org/wikipedia/commons/thumb/4/47/Chiasso-coat_of_arms.svg/500px-Chiasso-coat_of_arms.svg.png",48.995523378,FALSE,FALSE
21,5251,53.077699294,526,465,47.718631179,1004,2104,991,TRUE,"TI","Coldrerio","Coldrerio","Coldrerio","Coldrerio TI","Coldrerio (TI)","Coldrerio (TI)","Tessin","Tessin","Ticino","https://thumb.wikimedia.org/wikipedia/commons/thumb/7/74/Coldrerio-coat_of_arms.svg/500px-Coldrerio-coat_of_arms.svg.png",48.995523378,FALSE,FALSE
21,5254,47.770298696,2271,2483,46.001334477,4826,10491,4754,TRUE,"TI","Mendrisio","Mendrisio","Mendrisio","Mendrisio TI","Mendrisio (TI)","Mendrisio (TI)","Tessin","Tessin","Ticino","https://thumb.wikimedia.org/wikipedia/commons/thumb/3/3e/CHE_Mendrisio_COA.svg/960px-CHE_Mendrisio_COA.svg.png",48.995523378,FALSE,FALSE
21,5257,49.281934996,652,671,47.21930745,1350,2859,1323,TRUE,"TI","Morbio Inferiore","Morbio Inferiore","Morbio Inferiore","Morbio Inferiore TI","Morbio Inferiore (TI)","Morbio Inferiore (TI)","Tessin","Tessin","Ticino","https://thumb.wikimedia.org/wikipedia/commons/thumb/4/4c/CHE_Morbio_Inferiore_TI_COA.svg/500px-CHE_Morbio_Inferiore_TI_COA.svg.png",48.995523378,FALSE,FALSE
21,5260,52,455,420,51.363900174,885,1723,875,TRUE,"TI","Novazzano","Novazzano","Novazzano","Novazzano TI","Novazzano (TI)","Novazzano (TI)","Tessin","Tessin","Ticino","https://thumb.wikimedia.org/wikipedia/commons/thumb/e/e8/Novazzano-blason.svg/500px-Novazzano-blason.svg.png",48.995523378,FALSE,FALSE
21,5263,54.166666667,468,396,46.439790576,887,1910,864,TRUE,"TI","Riva San Vitale","Riva San Vitale","Riva San Vitale","Riva San Vitale TI","Riva San Vitale (TI)","Riva San Vitale (TI)","Tessin","Tessin","Ticino","https://thumb.wikimedia.org/wikipedia/commons/thumb/e/e6/CHE_Riva_San_Vitale_COA.svg/500px-CHE_Riva_San_Vitale_COA.svg.png",48.995523378,FALSE,FALSE
21,5266,51.61987041,717,672,45.104895105,1419,3146,1389,TRUE,"TI","Stabio","Stabio","Stabio","Stabio TI","Stabio (TI)","Stabio (TI)","Tessin","Tessin","Ticino","https://thumb.wikimedia.org/wikipedia/commons/thumb/4/46/CHE_Stabio_COA.svg/500px-CHE_Stabio_COA.svg.png",48.995523378,FALSE,FALSE
21,5268,45.52238806,488,584,49.477035016,1088,2199,1072,TRUE,"TI","Vacallo","Vacallo","Vacallo","Vacallo TI","Vacallo (TI)","Vacallo (TI)","Tessin","Tessin","Ticino","https://thumb.wikimedia.org/wikipedia/commons/thumb/1/16/Vacallo-coat_of_arms.svg/500px-Vacallo-coat_of_arms.svg.png",48.995523378,FALSE,FALSE
21,5269,49.315068493,360,370,48.051948052,740,1540,730,TRUE,"TI","Breggia","Breggia","Breggia","Breggia TI","Breggia (TI)","Breggia (TI)","Tessin","Tessin","Ticino","https://thumb.wikimedia.org/wikipedia/commons/thumb/7/7b/Breggia_CoA.png/500px-Breggia_CoA.png",48.995523378,FALSE,FALSE
21,5281,54.660700969,733,608,41.066020594,1356,3302,1341,TRUE,"TI","Biasca","Biasca","Biasca","Biasca TI","Biasca (TI)","Biasca (TI)","Tessin","Tessin","Ticino","https://thumb.wikimedia.org/wikipedia/commons/thumb/0/03/CHE_Biasca_TI_COA.svg/500px-CHE_Biasca_TI_COA.svg.png",48.995523378,FALSE,FALSE
21,5287,53.538461538,522,453,40.040322581,993,2480,975,TRUE,"TI","Riviera","Riviera","Riviera","Riviera TI","Riviera (TI)","Riviera (TI)","Tessin","Tessin","Ticino","https://thumb.wikimedia.org/wikipedia/commons/thumb/3/32/Blason_de_Riviera_%28Tessin%29.svg/500px-Blason_de_Riviera_%28Tessin%29.svg.png",48.995523378,FALSE,FALSE
21,5304,21.052631579,4,15,41.304347826,19,46,19,TRUE,"TI","Bosco/Gurin","Bosco/Gurin","Bosco/Gurin","Bosco/Gurin TI","Bosco/Gurin (TI)","Bosco/Gurin (TI)","Tessin","Tessin","Ticino","https://thumb.wikimedia.org/wikipedia/commons/thumb/2/2a/CHE_Bosco-Gurin_COA.svg/500px-CHE_Bosco-Gurin_COA.svg.png",48.995523378,FALSE,FALSE
21,5307,60,18,12,43.055555556,31,72,30,TRUE,"TI","Campo (Vallemaggia)","Campo (Vallemaggia)","Campo (Vallemaggia)","Campo (Vallemaggia) TI","Campo (Vallemaggia) (TI)","Campo (Vallemaggia) (TI)","Tessin","Tessin","Ticino","https://thumb.wikimedia.org/wikipedia/commons/thumb/2/27/Campo%28Vallemaggia%29-coat_of_arms.svg/500px-Campo%28Vallemaggia%29-coat_of_arms.svg.png",48.995523378,FALSE,FALSE
21,5309,27.777777778,5,13,38.29787234,18,47,18,TRUE,"TI","Cerentino","Cerentino","Cerentino","Cerentino TI","Cerentino (TI)","Cerentino (TI)","Tessin","Tessin","Ticino","https://thumb.wikimedia.org/wikipedia/commons/thumb/8/8b/Cerentino-coat_of_arms.svg/500px-Cerentino-coat_of_arms.svg.png",48.995523378,FALSE,FALSE
21,5310,47.457627119,168,186,45.205479452,363,803,354,TRUE,"TI","Cevio","Cevio","Cevio","Cevio TI","Cevio (TI)","Cevio (TI)","Tessin","Tessin","Ticino","https://thumb.wikimedia.org/wikipedia/commons/thumb/8/8f/CHE_Cevio_COA.svg/500px-CHE_Cevio_COA.svg.png",48.995523378,FALSE,FALSE
21,5315,25,5,15,50,20,40,20,TRUE,"TI","Linescio","Linescio","Linescio","Linescio TI","Linescio (TI)","Linescio (TI)","Tessin","Tessin","Ticino","https://thumb.wikimedia.org/wikipedia/commons/thumb/3/33/Linescio-coat_of_arms.svg/500px-Linescio-coat_of_arms.svg.png",48.995523378,FALSE,FALSE
21,5317,47.511848341,401,443,43.482688391,854,1964,844,TRUE,"TI","Maggia","Maggia","Maggia","Maggia TI","Maggia (TI)","Maggia (TI)","Tessin","Tessin","Ticino","https://thumb.wikimedia.org/wikipedia/commons/thumb/f/ff/CHE_Maggia_COA.svg/500px-CHE_Maggia_COA.svg.png",48.995523378,FALSE,FALSE
21,5323,53.03030303,105,93,46.386946387,199,429,198,TRUE,"TI","Lavizzara","Lavizzara","Lavizzara","Lavizzara TI","Lavizzara (TI)","Lavizzara (TI)","Tessin","Tessin","Ticino","https://thumb.wikimedia.org/wikipedia/commons/thumb/0/03/Lavizzara-coat_of_arms.svg/500px-Lavizzara-coat_of_arms.svg.png",48.995523378,FALSE,FALSE
21,5324,46.09929078,260,304,50.795053004,575,1132,564,TRUE,"TI","Avegno Gordevio","Avegno Gordevio","Avegno Gordevio","Avegno Gordevio TI","Avegno Gordevio (TI)","Avegno Gordevio (TI)","Tessin","Tessin","Ticino","https://thumb.wikimedia.org/wikipedia/commons/thumb/a/a0/CHE_Avegno_Gordevio_COA.svg/500px-CHE_Avegno_Gordevio_COA.svg.png",48.995523378,FALSE,FALSE
21,5395,48.104956268,495,534,48.240740741,1042,2160,1029,TRUE,"TI","Lema","Lema","Lema","Lema TI","Lema (TI)","Lema (TI)","Tessin","Tessin","Ticino","https://thumb.wikimedia.org/wikipedia/commons/thumb/a/a8/CHE_Lema_COA.svg/500px-CHE_Lema_COA.svg.png",48.995523378,FALSE,FALSE
21,5396,36.431226766,392,684,53.562653563,1090,2035,1076,TRUE,"TI","Terre di Pedemonte","Terre di Pedemonte","Terre di Pedemonte","Terre di Pedemonte TI","Terre di Pedemonte (TI)","Terre di Pedemonte (TI)","Tessin","Tessin","Ticino","https://thumb.wikimedia.org/wikipedia/commons/thumb/e/e4/CHE_Terre_di_Pedemonte_COA.svg/250px-CHE_Terre_di_Pedemonte_COA.svg.png",48.995523378,FALSE,FALSE
21,5397,52.040816327,204,188,43.64640884,395,905,392,TRUE,"TI","Centovalli","Centovalli","Centovalli","Centovalli TI","Centovalli (TI)","Centovalli (TI)","Tessin","Tessin","Ticino","https://thumb.wikimedia.org/wikipedia/commons/thumb/4/4b/CHE_Centovalli_TI_COA.png/500px-CHE_Centovalli_TI_COA.png",48.995523378,FALSE,FALSE
21,5398,45.397048489,646,777,41.61849711,1440,3460,1423,TRUE,"TI","Gambarogno","Gambarogno","Gambarogno","Gambarogno TI","Gambarogno (TI)","Gambarogno (TI)","Tessin","Tessin","Ticino","https://thumb.wikimedia.org/wikipedia/commons/thumb/2/2b/CHE_Gambarogno_TI_COA.svg/500px-CHE_Gambarogno_TI_COA.svg.png",48.995523378,FALSE,FALSE
21,5399,52.040816327,153,141,43.722304284,296,677,294,TRUE,"TI","Verzasca","Verzasca","Verzasca","Verzasca TI","Verzasca (TI)","Verzasca (TI)","Tessin","Tessin","Ticino","https://thumb.wikimedia.org/wikipedia/commons/thumb/c/cc/CHE_Verzasca_TI_COA.svg/500px-CHE_Verzasca_TI_COA.svg.png",48.995523378,FALSE,FALSE
22,5401,31.465517241,730,1590,43.349299926,2353,5428,2320,TRUE,"VD","Aigle","Aigle","Aigle","Aigle VD","Aigle (VD)","Aigle (VD)","Waadt","Vaud","Vaud","https://thumb.wikimedia.org/wikipedia/commons/thumb/8/8f/CHE_Aigle_COA.svg/500px-CHE_Aigle_COA.svg.png",27.899620086,FALSE,FALSE
22,5402,32.93814433,639,1301,42.521044679,1970,4633,1940,TRUE,"VD","Bex","Bex","Bex","Bex VD","Bex (VD)","Bex (VD)","Waadt","Vaud","Vaud","https://thumb.wikimedia.org/wikipedia/commons/thumb/6/66/CHE_Bex_COA.svg/500px-CHE_Bex_COA.svg.png",27.899620086,FALSE,FALSE
22,5403,32.191780822,47,99,48.220064725,149,309,146,TRUE,"VD","Chessel","Chessel","Chessel","Chessel VD","Chessel (VD)","Chessel (VD)","Waadt","Vaud","Vaud","https://thumb.wikimedia.org/wikipedia/commons/thumb/8/85/CHE_Chessel_COA.svg/500px-CHE_Chessel_COA.svg.png",27.899620086,FALSE,FALSE
22,5404,,,,,,,,FALSE,"VD","Corbeyrier","Corbeyrier","Corbeyrier","Corbeyrier VD","Corbeyrier (VD)","Corbeyrier (VD)","Waadt","Vaud","Vaud","https://thumb.wikimedia.org/wikipedia/commons/thumb/9/99/CHE_Corbeyrier_COA.svg/500px-CHE_Corbeyrier_COA.svg.png",27.899620086,FALSE,FALSE
22,5405,29.437229437,136,326,52.755905512,469,889,462,TRUE,"VD","Gryon","Gryon","Gryon","Gryon VD","Gryon (VD)","Gryon (VD)","Waadt","Vaud","Vaud","https://thumb.wikimedia.org/wikipedia/commons/thumb/7/7e/CHE_Gryon_COA.svg/500px-CHE_Gryon_COA.svg.png",27.899620086,FALSE,FALSE
22,5406,43.28358209,116,152,43.174603175,272,630,268,TRUE,"VD","Lavey-Morcles","Lavey-Morcles","Lavey-Morcles","Lavey-Morcles VD","Lavey-Morcles (VD)","Lavey-Morcles (VD)","Waadt","Vaud","Vaud","https://thumb.wikimedia.org/wikipedia/commons/thumb/1/16/CHE_Lavey-Morcles_COA.svg/500px-CHE_Lavey-Morcles_COA.svg.png",27.899620086,FALSE,FALSE
22,5407,30.519480519,235,535,51.519154557,780,1514,770,TRUE,"VD","Leysin","Leysin","Leysin","Leysin VD","Leysin (VD)","Leysin (VD)","Waadt","Vaud","Vaud","https://thumb.wikimedia.org/wikipedia/commons/thumb/f/fe/CHE_Leysin_COA.svg/500px-CHE_Leysin_COA.svg.png",27.899620086,FALSE,FALSE
22,5408,38.235294118,130,210,46.883468835,346,738,340,TRUE,"VD","Noville","Noville","Noville","Noville VD","Noville (VD)","Noville (VD)","Waadt","Vaud","Vaud","https://thumb.wikimedia.org/wikipedia/commons/thumb/7/77/CHE_Noville_COA.svg/500px-CHE_Noville_COA.svg.png",27.899620086,FALSE,FALSE
22,5409,28.453608247,690,1735,56.078610603,2454,4376,2425,TRUE,"VD","Ollon","Ollon","Ollon","Ollon VD","Ollon (VD)","Ollon (VD)","Waadt","Vaud","Vaud","https://thumb.wikimedia.org/wikipedia/commons/thumb/2/2d/CHE_Ollon_VD_COA.svg/500px-CHE_Ollon_VD_COA.svg.png",27.899620086,FALSE,FALSE
22,5410,44.146341463,181,229,50.608272506,416,822,410,TRUE,"VD","Ormont-Dessous","Ormont-Dessous","Ormont-Dessous","Ormont-Dessous VD","Ormont-Dessous (VD)","Ormont-Dessous (VD)","Waadt","Vaud","Vaud","https://thumb.wikimedia.org/wikipedia/commons/thumb/5/55/CHE_Ormont-Dessous_COA.svg/500px-CHE_Ormont-Dessous_COA.svg.png",27.899620086,FALSE,FALSE
22,5411,34.990439771,183,340,57.311827957,533,930,523,TRUE,"VD","Ormont-Dessus","Ormont-Dessus","Ormont-Dessus","Ormont-Dessus VD","Ormont-Dessus (VD)","Ormont-Dessus (VD)","Waadt","Vaud","Vaud","https://thumb.wikimedia.org/wikipedia/commons/thumb/9/9d/CHE_Ormont-Dessus_COA.svg/500px-CHE_Ormont-Dessus_COA.svg.png",27.899620086,FALSE,FALSE
22,5412,30,63,147,41.782178218,211,505,210,TRUE,"VD","Rennaz","Rennaz","Rennaz","Rennaz VD","Rennaz (VD)","Rennaz (VD)","Waadt","Vaud","Vaud","https://thumb.wikimedia.org/wikipedia/commons/thumb/e/eb/CHE_Rennaz_COA.svg/500px-CHE_Rennaz_COA.svg.png",27.899620086,FALSE,FALSE
22,5413,36.503856041,142,247,38.795656466,393,1013,389,TRUE,"VD","Roche VD","Roche (VD)","Roche VD","Roche VD","Roche (VD)","Roche (VD)","Waadt","Vaud","Vaud","https://thumb.wikimedia.org/wikipedia/commons/thumb/a/a8/CHE_Roche_COA.svg/500px-CHE_Roche_COA.svg.png",27.899620086,FALSE,FALSE
22,5414,33.981403212,402,781,42.502658632,1199,2821,1183,TRUE,"VD","Villeneuve VD","Villeneuve (VD)","Villeneuve VD","Villeneuve VD","Villeneuve (VD)","Villeneuve (VD)","Waadt","Vaud","Vaud","https://thumb.wikimedia.org/wikipedia/commons/thumb/e/e9/CHE_Villeneuve_COA.svg/500px-CHE_Villeneuve_COA.svg.png",27.899620086,FALSE,FALSE
22,5415,24.509803922,75,231,46.074074074,311,675,306,TRUE,"VD","Yvorne","Yvorne","Yvorne","Yvorne VD","Yvorne (VD)","Yvorne (VD)","Waadt","Vaud","Vaud","https://thumb.wikimedia.org/wikipedia/commons/thumb/5/5e/CHE_Yvorne_COA.svg/500px-CHE_Yvorne_COA.svg.png",27.899620086,FALSE,FALSE
22,5422,25.833333333,310,890,56.553960167,1221,2159,1200,TRUE,"VD","Aubonne","Aubonne","Aubonne","Aubonne VD","Aubonne (VD)","Aubonne (VD)","Waadt","Vaud","Vaud","https://thumb.wikimedia.org/wikipedia/commons/thumb/b/ba/CHE_Aubonne_COA.svg/500px-CHE_Aubonne_COA.svg.png",27.899620086,FALSE,FALSE
22,5423,35.840707965,81,145,58.673469388,230,392,226,TRUE,"VD","Ballens","Ballens","Ballens","Ballens VD","Ballens (VD)","Ballens (VD)","Waadt","Vaud","Vaud","https://thumb.wikimedia.org/wikipedia/commons/thumb/2/2d/CHE_Ballens_COA.svg/500px-CHE_Ballens_COA.svg.png",27.899620086,FALSE,FALSE
22,5424,34.453781513,41,78,59.113300493,120,203,119,TRUE,"VD","Berolle","Berolle","Berolle","Berolle VD","Berolle (VD)","Berolle (VD)","Waadt","Vaud","Vaud","https://thumb.wikimedia.org/wikipedia/commons/thumb/5/57/CHE_Berolle_COA.svg/500px-CHE_Berolle_COA.svg.png",27.899620086,FALSE,FALSE
22,5425,42.068965517,183,252,48.881431767,437,894,435,TRUE,"VD","Bière","Bière","Bière","Bière VD","Bière (VD)","Bière (VD)","Waadt","Vaud","Vaud","https://thumb.wikimedia.org/wikipedia/commons/thumb/d/d8/CHE_Bi%C3%A8re_COA.svg/500px-CHE_Bi%C3%A8re_COA.svg.png",27.899620086,FALSE,FALSE
22,5426,27.272727273,48,128,50,178,356,176,TRUE,"VD","Bougy-Villars","Bougy-Villars","Bougy-Villars","Bougy-Villars VD","Bougy-Villars (VD)","Bougy-Villars (VD)","Waadt","Vaud","Vaud","https://thumb.wikimedia.org/wikipedia/commons/thumb/6/6a/CHE_Bougy-Villars_COA.svg/500px-CHE_Bougy-Villars_COA.svg.png",27.899620086,FALSE,FALSE
22,5427,25,79,237,61.70212766,319,517,316,TRUE,"VD","Féchy","Féchy","Féchy","Féchy VD","Féchy (VD)","Féchy (VD)","Waadt","Vaud","Vaud","https://thumb.wikimedia.org/wikipedia/commons/thumb/8/83/CHE_F%C3%A9chy_COA.svg/500px-CHE_F%C3%A9chy_COA.svg.png",27.899620086,FALSE,FALSE
22,5428,32.716927454,230,473,52.481751825,719,1370,703,TRUE,"VD","Gimel","Gimel","Gimel","Gimel VD","Gimel (VD)","Gimel (VD)","Waadt","Vaud","Vaud","https://thumb.wikimedia.org/wikipedia/commons/thumb/1/1f/CHE_Gimel_COA.svg/500px-CHE_Gimel_COA.svg.png",27.899620086,FALSE,FALSE
22,5429,34.183673469,67,129,55.922865014,203,363,196,TRUE,"VD","Longirod","Longirod","Longirod","Longirod VD","Longirod (VD)","Longirod (VD)","Waadt","Vaud","Vaud","https://thumb.wikimedia.org/wikipedia/commons/thumb/2/20/CHE_Longirod_COA.svg/500px-CHE_Longirod_COA.svg.png",27.899620086,FALSE,FALSE
22,5430,30.102040816,59,137,57.306590258,200,349,196,TRUE,"VD","Marchissy","Marchissy","Marchissy","Marchissy VD","Marchissy (VD)","Marchissy (VD)","Waadt","Vaud","Vaud","https://thumb.wikimedia.org/wikipedia/commons/thumb/d/d3/CHE_Marchissy_COA.svg/500px-CHE_Marchissy_COA.svg.png",27.899620086,FALSE,FALSE
22,5431,39.837398374,49,74,57.013574661,126,221,123,TRUE,"VD","Mollens VD","Mollens (VD)","Mollens VD","Mollens VD","Mollens (VD)","Mollens (VD)","Waadt","Vaud","Vaud","https://thumb.wikimedia.org/wikipedia/commons/thumb/b/b4/CHE_Mollens_COA.svg/500px-CHE_Mollens_COA.svg.png",27.899620086,FALSE,FALSE
22,5434,33.773087071,128,251,57.335329341,383,668,379,TRUE,"VD","Saint-George","Saint-George","Saint-George","Saint-George VD","Saint-George (VD)","Saint-George (VD)","Waadt","Vaud","Vaud","https://thumb.wikimedia.org/wikipedia/commons/thumb/e/ec/CHE_Saint-George_COA.svg/500px-CHE_Saint-George_COA.svg.png",27.899620086,FALSE,FALSE
22,5435,32.258064516,90,189,58.958333333,283,480,279,TRUE,"VD","Saint-Livres","Saint-Livres","Saint-Livres","Saint-Livres VD","Saint-Livres (VD)","Saint-Livres (VD)","Waadt","Vaud","Vaud","https://thumb.wikimedia.org/wikipedia/commons/thumb/e/e2/CHE_Saint-Livres_COA.svg/500px-CHE_Saint-Livres_COA.svg.png",27.899620086,FALSE,FALSE
22,5436,26.589595376,46,127,57.894736842,176,304,173,TRUE,"VD","Saint-Oyens","Saint-Oyens","Saint-Oyens","Saint-Oyens VD","Saint-Oyens (VD)","Saint-Oyens (VD)","Waadt","Vaud","Vaud","https://thumb.wikimedia.org/wikipedia/commons/thumb/2/2e/CHE_Saint-Oyens_COA.svg/500px-CHE_Saint-Oyens_COA.svg.png",27.899620086,FALSE,FALSE
22,5437,34.285714286,48,92,55.46875,142,256,140,TRUE,"VD","Saubraz","Saubraz","Saubraz","Saubraz VD","Saubraz (VD)","Saubraz (VD)","Waadt","Vaud","Vaud","https://thumb.wikimedia.org/wikipedia/commons/thumb/b/b1/CHE_Saubraz_COA.svg/500px-CHE_Saubraz_COA.svg.png",27.899620086,FALSE,FALSE
22,5451,,,,,,,,FALSE,"VD","Avenches","Avenches","Avenches","Avenches VD","Avenches (VD)","Avenches (VD)","Waadt","Vaud","Vaud","https://thumb.wikimedia.org/wikipedia/commons/thumb/8/8e/CHE_Avenches_COA.svg/500px-CHE_Avenches_COA.svg.png",27.899620086,FALSE,FALSE
22,5456,32.698412698,206,424,49.727201871,638,1283,630,TRUE,"VD","Cudrefin","Cudrefin","Cudrefin","Cudrefin VD","Cudrefin (VD)","Cudrefin (VD)","Waadt","Vaud","Vaud","https://thumb.wikimedia.org/wikipedia/commons/thumb/a/af/CHE_Cudrefin_COA.svg/500px-CHE_Cudrefin_COA.svg.png",27.899620086,FALSE,FALSE
22,5458,23.622047244,60,194,45.714285714,256,560,254,TRUE,"VD","Faoug","Faoug","Faoug","Faoug VD","Faoug (VD)","Faoug (VD)","Waadt","Vaud","Vaud","https://thumb.wikimedia.org/wikipedia/commons/thumb/c/c6/CHE_Faoug_COA.svg/500px-CHE_Faoug_COA.svg.png",27.899620086,FALSE,FALSE
22,5464,30.0330033,364,848,45.28718704,1230,2716,1212,TRUE,"VD","Vully-les-Lacs","Vully-les-Lacs","Vully-les-Lacs","Vully-les-Lacs VD","Vully-les-Lacs (VD)","Vully-les-Lacs (VD)","Waadt","Vaud","Vaud","https://thumb.wikimedia.org/wikipedia/commons/thumb/8/83/CHE_Vully-les-Lacs_COA.svg/500px-CHE_Vully-les-Lacs_COA.svg.png",27.899620086,FALSE,FALSE
22,5471,32.5,65,135,51.732673267,209,404,200,TRUE,"VD","Bettens","Bettens","Bettens","Bettens VD","Bettens (VD)","Bettens (VD)","Waadt","Vaud","Vaud","https://thumb.wikimedia.org/wikipedia/commons/thumb/e/e4/CHE_Bettens_COA.svg/500px-CHE_Bettens_COA.svg.png",27.899620086,FALSE,FALSE
22,5472,30.653266332,61,138,53.263707572,204,383,199,TRUE,"VD","Bournens","Bournens","Bournens","Bournens VD","Bournens (VD)","Bournens (VD)","Waadt","Vaud","Vaud","https://thumb.wikimedia.org/wikipedia/commons/thumb/c/cc/CHE_Bournens_COA.svg/500px-CHE_Bournens_COA.svg.png",27.899620086,FALSE,FALSE
22,5473,24.932249322,92,277,56.606606607,377,666,369,TRUE,"VD","Boussens","Boussens","Boussens","Boussens VD","Boussens (VD)","Boussens (VD)","Waadt","Vaud","Vaud","https://thumb.wikimedia.org/wikipedia/commons/thumb/b/b5/CHE_Boussens_COA.svg/500px-CHE_Boussens_COA.svg.png",27.899620086,FALSE,FALSE
22,5474,27.950310559,45,116,59.352517986,165,278,161,TRUE,"VD","La Chaux (Cossonay)","La Chaux (Cossonay)","La Chaux (Cossonay)","La Chaux (Cossonay) VD","La Chaux (Cossonay) (VD)","La Chaux (Cossonay) (VD)","Waadt","Vaud","Vaud","https://thumb.wikimedia.org/wikipedia/commons/thumb/8/83/CHE_La_Chaux_%28Cossonay%29_COA.svg/500px-CHE_La_Chaux_%28Cossonay%29_COA.svg.png",27.899620086,FALSE,FALSE
22,5475,30.985915493,22,49,70.754716981,75,106,71,TRUE,"VD","Chavannes-le-Veyron","Chavannes-le-Veyron","Chavannes-le-Veyron","Chavannes-le-Veyron VD","Chavannes-le-Veyron (VD)","Chavannes-le-Veyron (VD)","Waadt","Vaud","Vaud","https://thumb.wikimedia.org/wikipedia/commons/thumb/6/69/CHE_Chavannes-le-Veyron_COA.svg/500px-CHE_Chavannes-le-Veyron_COA.svg.png",27.899620086,FALSE,FALSE
22,5476,28.057553957,39,100,61.504424779,139,226,139,TRUE,"VD","Chevilly","Chevilly","Chevilly","Chevilly VD","Chevilly (VD)","Chevilly (VD)","Waadt","Vaud","Vaud","https://thumb.wikimedia.org/wikipedia/commons/thumb/7/7b/CHE_Chevilly_COA.svg/500px-CHE_Chevilly_COA.svg.png",27.899620086,FALSE,FALSE
22,5477,23.643670462,353,1140,50.551286335,1513,2993,1493,TRUE,"VD","Cossonay","Cossonay","Cossonay","Cossonay VD","Cossonay (VD)","Cossonay (VD)","Waadt","Vaud","Vaud","https://thumb.wikimedia.org/wikipedia/commons/thumb/a/af/CHE_Cossonay_COA.svg/500px-CHE_Cossonay_COA.svg.png",27.899620086,FALSE,FALSE
22,5479,25.700934579,55,159,59.178082192,216,365,214,TRUE,"VD","Cuarnens","Cuarnens","Cuarnens","Cuarnens VD","Cuarnens (VD)","Cuarnens (VD)","Waadt","Vaud","Vaud","https://thumb.wikimedia.org/wikipedia/commons/thumb/d/dd/CHE_Cuarnens_COA.svg/500px-CHE_Cuarnens_COA.svg.png",27.899620086,FALSE,FALSE
22,5480,22.391857506,88,305,56.090651558,396,706,393,TRUE,"VD","Daillens","Daillens","Daillens","Daillens VD","Daillens (VD)","Daillens (VD)","Waadt","Vaud","Vaud","https://thumb.wikimedia.org/wikipedia/commons/thumb/6/66/CHE_Daillens_COA.svg/500px-CHE_Daillens_COA.svg.png",27.899620086,FALSE,FALSE
22,5481,22.105263158,21,74,58.083832335,97,167,95,TRUE,"VD","Dizy","Dizy","Dizy","Dizy VD","Dizy (VD)","Dizy (VD)","Waadt","Vaud","Vaud","https://thumb.wikimedia.org/wikipedia/commons/thumb/0/0d/CHE_Dizy_COA.svg/500px-CHE_Dizy_COA.svg.png",27.899620086,FALSE,FALSE
22,5482,22.572178478,86,295,54.532577904,385,706,381,TRUE,"VD","Eclépens","Eclépens","Eclépens","Eclépens VD","Eclépens (VD)","Eclépens (VD)","Waadt","Vaud","Vaud","https://thumb.wikimedia.org/wikipedia/commons/thumb/b/b7/CHE_Ecl%C3%A9pens_COA.svg/500px-CHE_Ecl%C3%A9pens_COA.svg.png",27.899620086,FALSE,FALSE
22,5483,23.188405797,32,106,61.842105263,141,228,138,TRUE,"VD","Ferreyres","Ferreyres","Ferreyres","Ferreyres VD","Ferreyres (VD)","Ferreyres (VD)","Waadt","Vaud","Vaud","https://thumb.wikimedia.org/wikipedia/commons/thumb/3/32/CHE_Ferreyres_COA.svg/500px-CHE_Ferreyres_COA.svg.png",27.899620086,FALSE,FALSE
22,5484,28.132992327,110,281,56.160458453,392,698,391,TRUE,"VD","Gollion","Gollion","Gollion","Gollion VD","Gollion (VD)","Gollion (VD)","Waadt","Vaud","Vaud","https://thumb.wikimedia.org/wikipedia/commons/thumb/2/24/CHE_Gollion_COA.svg/500px-CHE_Gollion_COA.svg.png",27.899620086,FALSE,FALSE
22,5485,25.242718447,52,154,63.03030303,208,330,206,TRUE,"VD","Grancy","Grancy","Grancy","Grancy VD","Grancy (VD)","Grancy (VD)","Waadt","Vaud","Vaud","https://thumb.wikimedia.org/wikipedia/commons/thumb/b/b0/CHE_Grancy_COA.svg/500px-CHE_Grancy_COA.svg.png",27.899620086,FALSE,FALSE
22,5486,29.946524064,112,262,50.663129973,382,754,374,TRUE,"VD","L'Isle","L'Isle","L'Isle","L'Isle VD","L'Isle (VD)","L'Isle (VD)","Waadt","Vaud","Vaud","https://thumb.wikimedia.org/wikipedia/commons/thumb/b/b1/CHE_L%27Isle_COA.svg/500px-CHE_L%27Isle_COA.svg.png",27.899620086,FALSE,FALSE
22,5487,24.516129032,38,117,48.909657321,157,321,155,TRUE,"VD","Lussery-Villars","Lussery-Villars","Lussery-Villars","Lussery-Villars VD","Lussery-Villars (VD)","Lussery-Villars (VD)","Waadt","Vaud","Vaud","https://thumb.wikimedia.org/wikipedia/commons/thumb/f/f8/CHE_Lussery-Villars_COA.svg/500px-CHE_Lussery-Villars_COA.svg.png",27.899620086,FALSE,FALSE
22,5488,21.428571429,6,22,69.047619048,29,42,28,TRUE,"VD","Mauraz","Mauraz","Mauraz","Mauraz VD","Mauraz (VD)","Mauraz (VD)","Waadt","Vaud","Vaud","https://thumb.wikimedia.org/wikipedia/commons/thumb/c/c4/CHE_Mauraz_COA.svg/500px-CHE_Mauraz_COA.svg.png",27.899620086,FALSE,FALSE
22,5489,29.004329004,67,164,47.764227642,235,492,231,TRUE,"VD","Mex VD","Mex (VD)","Mex VD","Mex VD","Mex (VD)","Mex (VD)","Waadt","Vaud","Vaud","https://thumb.wikimedia.org/wikipedia/commons/thumb/3/3d/CHE_Mex_VD_COA.svg/500px-CHE_Mex_VD_COA.svg.png",27.899620086,FALSE,FALSE
22,5490,23.134328358,31,103,63.679245283,135,212,134,TRUE,"VD","Moiry","Moiry","Moiry","Moiry VD","Moiry (VD)","Moiry (VD)","Waadt","Vaud","Vaud","https://thumb.wikimedia.org/wikipedia/commons/thumb/e/e9/CHE_Moiry_COA.svg/500px-CHE_Moiry_COA.svg.png",27.899620086,FALSE,FALSE
22,5491,34.031413613,65,126,51.03626943,197,386,191,TRUE,"VD","Mont-la-Ville","Mont-la-Ville","Mont-la-Ville","Mont-la-Ville VD","Mont-la-Ville (VD)","Mont-la-Ville (VD)","Waadt","Vaud","Vaud","https://thumb.wikimedia.org/wikipedia/commons/thumb/2/23/CHE_Mont-la-Ville_COA.svg/500px-CHE_Mont-la-Ville_COA.svg.png",27.899620086,FALSE,FALSE
22,5492,33.068783069,125,253,60.15503876,388,645,378,TRUE,"VD","Montricher","Montricher","Montricher","Montricher VD","Montricher (VD)","Montricher (VD)","Waadt","Vaud","Vaud","https://thumb.wikimedia.org/wikipedia/commons/thumb/1/1b/CHE_Montricher_COA.svg/500px-CHE_Montricher_COA.svg.png",27.899620086,FALSE,FALSE
22,5493,33.146067416,59,119,53.25443787,180,338,178,TRUE,"VD","Orny","Orny","Orny","Orny VD","Orny (VD)","Orny (VD)","Waadt","Vaud","Vaud","https://thumb.wikimedia.org/wikipedia/commons/thumb/5/59/CHE_Orny_COA.svg/500px-CHE_Orny_COA.svg.png",27.899620086,FALSE,FALSE
22,5495,26.651735722,238,655,49.537792278,911,1839,893,TRUE,"VD","Penthalaz","Penthalaz","Penthalaz","Penthalaz VD","Penthalaz (VD)","Penthalaz (VD)","Waadt","Vaud","Vaud","https://thumb.wikimedia.org/wikipedia/commons/thumb/2/2a/CHE_Penthalaz_COA.svg/500px-CHE_Penthalaz_COA.svg.png",27.899620086,FALSE,FALSE
22,5496,29.281767956,159,384,48.665480427,547,1124,543,TRUE,"VD","Penthaz","Penthaz","Penthaz","Penthaz VD","Penthaz (VD)","Penthaz (VD)","Waadt","Vaud","Vaud","https://thumb.wikimedia.org/wikipedia/commons/thumb/c/cd/CHE_Penthaz_COA.svg/500px-CHE_Penthaz_COA.svg.png",27.899620086,FALSE,FALSE
22,5497,30.039525692,76,177,49.330783939,258,523,253,TRUE,"VD","Pompaples","Pompaples","Pompaples","Pompaples VD","Pompaples (VD)","Pompaples (VD)","Waadt","Vaud","Vaud","https://thumb.wikimedia.org/wikipedia/commons/thumb/e/ea/CHE_Pompaples_COA.svg/500px-CHE_Pompaples_COA.svg.png",27.899620086,FALSE,FALSE
22,5498,23.088235294,157,523,46.843177189,690,1473,680,TRUE,"VD","La Sarraz","La Sarraz","La Sarraz","La Sarraz VD","La Sarraz (VD)","La Sarraz (VD)","Waadt","Vaud","Vaud","https://thumb.wikimedia.org/wikipedia/commons/thumb/6/69/CHE_La_Sarraz_COA.svg/500px-CHE_La_Sarraz_COA.svg.png",27.899620086,FALSE,FALSE
22,5499,27.374301676,49,130,55.657492355,182,327,179,TRUE,"VD","Senarclens","Senarclens","Senarclens","Senarclens VD","Senarclens (VD)","Senarclens (VD)","Waadt","Vaud","Vaud","https://thumb.wikimedia.org/wikipedia/commons/thumb/d/d9/CHE_Senarclens_COA.svg/500px-CHE_Senarclens_COA.svg.png",27.899620086,FALSE,FALSE
22,5501,28.18627451,115,293,51.685393258,414,801,408,TRUE,"VD","Sullens","Sullens","Sullens","Sullens VD","Sullens (VD)","Sullens (VD)","Waadt","Vaud","Vaud","https://thumb.wikimedia.org/wikipedia/commons/thumb/f/fb/CHE_Sullens_COA.svg/500px-CHE_Sullens_COA.svg.png",27.899620086,FALSE,FALSE
22,5503,25.185185185,136,404,60.310421286,544,902,540,TRUE,"VD","Vufflens-la-Ville","Vufflens-la-Ville","Vufflens-la-Ville","Vufflens-la-Ville VD","Vufflens-la-Ville (VD)","Vufflens-la-Ville (VD)","Waadt","Vaud","Vaud","https://thumb.wikimedia.org/wikipedia/commons/thumb/8/8e/CHE_Vufflens-la-Ville_COA.svg/500px-CHE_Vufflens-la-Ville_COA.svg.png",27.899620086,FALSE,FALSE
22,5511,26.216640502,167,470,55.729166667,642,1152,637,TRUE,"VD","Assens","Assens","Assens","Assens VD","Assens (VD)","Assens (VD)","Waadt","Vaud","Vaud","https://thumb.wikimedia.org/wikipedia/commons/thumb/2/21/CHE_Assens_COA.svg/500px-CHE_Assens_COA.svg.png",27.899620086,FALSE,FALSE
22,5512,25.82781457,117,336,51.450892857,461,896,453,TRUE,"VD","Bercher","Bercher","Bercher","Bercher VD","Bercher (VD)","Bercher (VD)","Waadt","Vaud","Vaud","https://thumb.wikimedia.org/wikipedia/commons/thumb/2/2d/CHE_Bercher_COA.svg/500px-CHE_Bercher_COA.svg.png",27.899620086,FALSE,FALSE
22,5514,30.731707317,126,284,48.152424942,417,866,410,TRUE,"VD","Bottens","Bottens","Bottens","Bottens VD","Bottens (VD)","Bottens (VD)","Waadt","Vaud","Vaud","https://thumb.wikimedia.org/wikipedia/commons/thumb/9/96/CHE_Bottens_COA.svg/500px-CHE_Bottens_COA.svg.png",27.899620086,FALSE,FALSE
22,5515,28.040540541,83,213,53.776978417,299,556,296,TRUE,"VD","Bretigny-sur-Morrens","Bretigny-sur-Morrens","Bretigny-sur-Morrens","Bretigny-sur-Morrens VD","Bretigny-sur-Morrens (VD)","Bretigny-sur-Morrens (VD)","Waadt","Vaud","Vaud","https://thumb.wikimedia.org/wikipedia/commons/thumb/9/91/CHE_Bretigny-sur-Morrens_COA.svg/500px-CHE_Bretigny-sur-Morrens_COA.svg.png",27.899620086,FALSE,FALSE
22,5516,24.72406181,224,682,53.515398024,921,1721,906,TRUE,"VD","Cugy VD","Cugy (VD)","Cugy VD","Cugy VD","Cugy (VD)","Cugy (VD)","Waadt","Vaud","Vaud","https://thumb.wikimedia.org/wikipedia/commons/thumb/6/6b/CHE_Cugy_VD_COA.svg/500px-CHE_Cugy_VD_COA.svg.png",27.899620086,FALSE,FALSE
22,5518,25.446200918,499,1462,48.401269221,1983,4097,1961,TRUE,"VD","Echallens","Echallens","Echallens","Echallens VD","Echallens (VD)","Echallens (VD)","Waadt","Vaud","Vaud","https://thumb.wikimedia.org/wikipedia/commons/thumb/7/70/CHE_Echallens_COA.svg/500px-CHE_Echallens_COA.svg.png",27.899620086,FALSE,FALSE
22,5520,35.511363636,125,227,49.402390438,372,753,352,TRUE,"VD","Essertines-sur-Yverdon","Essertines-sur-Yverdon","Essertines-sur-Yverdon","Essertines-sur-Yverdon VD","Essertines-sur-Yverdon (VD)","Essertines-sur-Yverdon (VD)","Waadt","Vaud","Vaud","https://thumb.wikimedia.org/wikipedia/commons/thumb/e/e9/CHE_Essertines-sur-Yverdon_COA.svg/500px-CHE_Essertines-sur-Yverdon_COA.svg.png",27.899620086,FALSE,FALSE
22,5521,25.445292621,100,293,55.013550136,406,738,393,TRUE,"VD","Etagnières","Etagnières","Etagnières","Etagnières VD","Etagnières (VD)","Etagnières (VD)","Waadt","Vaud","Vaud","https://thumb.wikimedia.org/wikipedia/commons/thumb/1/15/CHE_%C3%89tagni%C3%A8res_COA.svg/500px-CHE_%C3%89tagni%C3%A8res_COA.svg.png",27.899620086,FALSE,FALSE
22,5522,28.368794326,80,202,54.079696395,285,527,282,TRUE,"VD","Fey","Fey","Fey","Fey VD","Fey (VD)","Fey (VD)","Waadt","Vaud","Vaud","https://thumb.wikimedia.org/wikipedia/commons/thumb/b/bb/CHE_Fey_COA.svg/500px-CHE_Fey_COA.svg.png",27.899620086,FALSE,FALSE
22,5523,30.705394191,296,668,57.424593968,990,1724,964,TRUE,"VD","Froideville","Froideville","Froideville","Froideville VD","Froideville (VD)","Froideville (VD)","Waadt","Vaud","Vaud","https://thumb.wikimedia.org/wikipedia/commons/thumb/c/c8/CHE_Froideville_COA.svg/500px-CHE_Froideville_COA.svg.png",27.899620086,FALSE,FALSE
22,5527,30.23255814,130,300,50.813953488,437,860,430,TRUE,"VD","Morrens VD","Morrens (VD)","Morrens VD","Morrens VD","Morrens (VD)","Morrens (VD)","Waadt","Vaud","Vaud","https://thumb.wikimedia.org/wikipedia/commons/thumb/4/41/CHE_Morrens_COA.svg/500px-CHE_Morrens_COA.svg.png",27.899620086,FALSE,FALSE
22,5529,31.343283582,84,184,64.523809524,271,420,268,TRUE,"VD","Oulens-sous-Echallens","Oulens-sous-Echallens","Oulens-sous-Echallens","Oulens-sous-Echallens VD","Oulens-sous-Echallens (VD)","Oulens-sous-Echallens (VD)","Waadt","Vaud","Vaud","https://thumb.wikimedia.org/wikipedia/commons/thumb/7/73/CHE_Oulens-sous-Echallens_COA.svg/500px-CHE_Oulens-sous-Echallens_COA.svg.png",27.899620086,FALSE,FALSE
22,5530,37.946428571,85,139,59.020618557,229,388,224,TRUE,"VD","Pailly","Pailly","Pailly","Pailly VD","Pailly (VD)","Pailly (VD)","Waadt","Vaud","Vaud","https://thumb.wikimedia.org/wikipedia/commons/thumb/1/1c/CHE_Pailly_COA.svg/500px-CHE_Pailly_COA.svg.png",27.899620086,FALSE,FALSE
22,5531,25.142857143,44,131,55.140186916,177,321,175,TRUE,"VD","Penthéréaz","Penthéréaz","Penthéréaz","Penthéréaz VD","Penthéréaz (VD)","Penthéréaz (VD)","Waadt","Vaud","Vaud","https://thumb.wikimedia.org/wikipedia/commons/thumb/8/82/CHE_Penth%C3%A9r%C3%A9az_COA.svg/500px-CHE_Penth%C3%A9r%C3%A9az_COA.svg.png",27.899620086,FALSE,FALSE
22,5533,27.526132404,79,208,56.273764259,296,526,287,TRUE,"VD","Poliez-Pittet","Poliez-Pittet","Poliez-Pittet","Poliez-Pittet VD","Poliez-Pittet (VD)","Poliez-Pittet (VD)","Waadt","Vaud","Vaud","https://thumb.wikimedia.org/wikipedia/commons/thumb/9/9b/CHE_Poliez-Pittet_COA.svg/500px-CHE_Poliez-Pittet_COA.svg.png",27.899620086,FALSE,FALSE
22,5534,28.985507246,40,98,65.402843602,138,211,138,TRUE,"VD","Rueyres","Rueyres","Rueyres","Rueyres VD","Rueyres (VD)","Rueyres (VD)","Waadt","Vaud","Vaud","https://thumb.wikimedia.org/wikipedia/commons/thumb/e/ea/CHE_Rueyres_COA.svg/500px-CHE_Rueyres_COA.svg.png",27.899620086,FALSE,FALSE
22,5535,36.912751678,110,188,56.822429907,304,535,298,TRUE,"VD","Saint-Barthélemy VD","Saint-Barthélemy (VD)","Saint-Barthélemy VD","Saint-Barthélemy VD","Saint-Barthélemy (VD)","Saint-Barthélemy (VD)","Waadt","Vaud","Vaud","https://thumb.wikimedia.org/wikipedia/commons/thumb/1/1b/CHE_Saint-Barth%C3%A9lemy_COA.svg/500px-CHE_Saint-Barth%C3%A9lemy_COA.svg.png",27.899620086,FALSE,FALSE
22,5537,28.266033254,119,302,48.700564972,431,885,421,TRUE,"VD","Villars-le-Terroir","Villars-le-Terroir","Villars-le-Terroir","Villars-le-Terroir VD","Villars-le-Terroir (VD)","Villars-le-Terroir (VD)","Waadt","Vaud","Vaud","https://thumb.wikimedia.org/wikipedia/commons/thumb/f/f1/CHE_Villars-le-Terroir_COA.svg/500px-CHE_Villars-le-Terroir_COA.svg.png",27.899620086,FALSE,FALSE
22,5539,34.285714286,132,253,54.761904762,391,714,385,TRUE,"VD","Vuarrens","Vuarrens","Vuarrens","Vuarrens VD","Vuarrens (VD)","Vuarrens (VD)","Waadt","Vaud","Vaud","https://thumb.wikimedia.org/wikipedia/commons/thumb/d/d4/CHE_Vuarrens_COA.svg/500px-CHE_Vuarrens_COA.svg.png",27.899620086,FALSE,FALSE
22,5540,30.056179775,214,498,56.531881804,727,1286,712,TRUE,"VD","Montilliez","Montilliez","Montilliez","Montilliez VD","Montilliez (VD)","Montilliez (VD)","Waadt","Vaud","Vaud","https://thumb.wikimedia.org/wikipedia/commons/thumb/5/58/CHE_Montilliez_COA.svg/500px-CHE_Montilliez_COA.svg.png",27.899620086,FALSE,FALSE
22,5541,30.151843818,139,322,56.848484848,469,825,461,TRUE,"VD","Goumoëns","Goumoëns","Goumoëns","Goumoëns VD","Goumoëns (VD)","Goumoëns (VD)","Waadt","Vaud","Vaud","https://thumb.wikimedia.org/wikipedia/commons/thumb/9/99/CHE_Goumo%C3%ABns_COA.svg/500px-CHE_Goumo%C3%ABns_COA.svg.png",27.899620086,FALSE,FALSE
22,5551,26.244343891,58,163,57.326478149,223,389,221,TRUE,"VD","Bonvillars","Bonvillars","Bonvillars","Bonvillars VD","Bonvillars (VD)","Bonvillars (VD)","Waadt","Vaud","Vaud","https://thumb.wikimedia.org/wikipedia/commons/thumb/3/37/CHE_Bonvillars_COA.svg/500px-CHE_Bonvillars_COA.svg.png",27.899620086,FALSE,FALSE
22,5552,42.765273312,133,178,61.20527307,325,531,311,TRUE,"VD","Bullet","Bullet","Bullet","Bullet VD","Bullet (VD)","Bullet (VD)","Waadt","Vaud","Vaud","https://thumb.wikimedia.org/wikipedia/commons/thumb/8/80/CHE_Bullet_COA.svg/500px-CHE_Bullet_COA.svg.png",27.899620086,FALSE,FALSE
22,5553,27.52293578,90,237,45.355191257,332,732,327,TRUE,"VD","Champagne","Champagne","Champagne","Champagne VD","Champagne (VD)","Champagne (VD)","Waadt","Vaud","Vaud","https://thumb.wikimedia.org/wikipedia/commons/thumb/5/5a/CHE_Champagne_COA.svg/500px-CHE_Champagne_COA.svg.png",27.899620086,FALSE,FALSE
22,5554,28.374655647,103,260,55.022488756,367,667,363,TRUE,"VD","Concise","Concise","Concise","Concise VD","Concise (VD)","Concise (VD)","Waadt","Vaud","Vaud","https://thumb.wikimedia.org/wikipedia/commons/thumb/9/96/CHE_Concise_COA.svg/500px-CHE_Concise_COA.svg.png",27.899620086,FALSE,FALSE
22,5555,24.342105263,37,115,50.653594771,155,306,152,TRUE,"VD","Corcelles-près-Concise","Corcelles-près-Concise","Corcelles-près-Concise","Corcelles-près-Concise VD","Corcelles-près-Concise (VD)","Corcelles-près-Concise (VD)","Waadt","Vaud","Vaud","https://thumb.wikimedia.org/wikipedia/commons/thumb/3/39/CHE_Corcelles-pr%C3%A8s-Concise_COA.svg/500px-CHE_Corcelles-pr%C3%A8s-Concise_COA.svg.png",27.899620086,FALSE,FALSE
22,5556,21.387283237,37,136,56.451612903,175,310,173,TRUE,"VD","Fiez","Fiez","Fiez","Fiez VD","Fiez (VD)","Fiez (VD)","Waadt","Vaud","Vaud","https://thumb.wikimedia.org/wikipedia/commons/thumb/2/25/CHE_Fiez_COA.svg/500px-CHE_Fiez_COA.svg.png",27.899620086,FALSE,FALSE
22,5557,37.974683544,30,49,51.633986928,79,153,79,TRUE,"VD","Fontaines-sur-Grandson","Fontaines-sur-Grandson","Fontaines-sur-Grandson","Fontaines-sur-Grandson VD","Fontaines-sur-Grandson (VD)","Fontaines-sur-Grandson (VD)","Waadt","Vaud","Vaud","https://thumb.wikimedia.org/wikipedia/commons/thumb/d/d5/CHE_Fontaines-sur-Grandson_COA.svg/500px-CHE_Fontaines-sur-Grandson_COA.svg.png",27.899620086,FALSE,FALSE
22,5559,31.847133758,50,107,51.948051948,160,308,157,TRUE,"VD","Giez","Giez","Giez","Giez VD","Giez (VD)","Giez (VD)","Waadt","Vaud","Vaud","https://thumb.wikimedia.org/wikipedia/commons/thumb/5/5e/CHE_Giez_COA.svg/500px-CHE_Giez_COA.svg.png",27.899620086,FALSE,FALSE
22,5560,,,,,,,,FALSE,"VD","Grandevent","Grandevent","Grandevent","Grandevent VD","Grandevent (VD)","Grandevent (VD)","Waadt","Vaud","Vaud","https://thumb.wikimedia.org/wikipedia/commons/thumb/e/eb/CHE_Grandevent_COA.svg/500px-CHE_Grandevent_COA.svg.png",27.899620086,FALSE,FALSE
22,5561,26.25863771,266,747,47.050816697,1037,2204,1013,TRUE,"VD","Grandson","Grandson","Grandson","Grandson VD","Grandson (VD)","Grandson (VD)","Waadt","Vaud","Vaud","https://thumb.wikimedia.org/wikipedia/commons/thumb/7/7d/CHE_Grandson_COA.svg/500px-CHE_Grandson_COA.svg.png",27.899620086,FALSE,FALSE
22,5562,40.677966102,24,35,63.265306122,62,98,59,TRUE,"VD","Mauborget","Mauborget","Mauborget","Mauborget VD","Mauborget (VD)","Mauborget (VD)","Waadt","Vaud","Vaud","https://thumb.wikimedia.org/wikipedia/commons/thumb/f/fa/CHE_Mauborget_COA.svg/500px-CHE_Mauborget_COA.svg.png",27.899620086,FALSE,FALSE
22,5563,54.761904762,23,19,45.360824742,44,97,42,TRUE,"VD","Mutrux","Mutrux","Mutrux","Mutrux VD","Mutrux (VD)","Mutrux (VD)","Waadt","Vaud","Vaud","https://thumb.wikimedia.org/wikipedia/commons/thumb/3/38/CHE_Mutrux_COA.svg/500px-CHE_Mutrux_COA.svg.png",27.899620086,FALSE,FALSE
22,5564,25,12,36,65.333333333,49,75,48,TRUE,"VD","Novalles","Novalles","Novalles","Novalles VD","Novalles (VD)","Novalles (VD)","Waadt","Vaud","Vaud","https://thumb.wikimedia.org/wikipedia/commons/thumb/c/c2/CHE_Novalles_COA.svg/500px-CHE_Novalles_COA.svg.png",27.899620086,FALSE,FALSE
22,5565,28.333333333,51,129,50.136986301,183,365,180,TRUE,"VD","Onnens VD","Onnens (VD)","Onnens VD","Onnens VD","Onnens (VD)","Onnens (VD)","Waadt","Vaud","Vaud","https://thumb.wikimedia.org/wikipedia/commons/thumb/5/51/CHE_Onnens_COA.svg/500px-CHE_Onnens_COA.svg.png",27.899620086,FALSE,FALSE
22,5566,36.708860759,58,100,54.545454545,168,308,158,TRUE,"VD","Provence","Provence","Provence","Provence VD","Provence (VD)","Provence (VD)","Waadt","Vaud","Vaud","https://thumb.wikimedia.org/wikipedia/commons/thumb/f/f2/CHE_Provence_COA.svg/500px-CHE_Provence_COA.svg.png",27.899620086,FALSE,FALSE
22,5568,41.480536056,650,917,41.666666667,1595,3828,1567,TRUE,"VD","Sainte-Croix","Sainte-Croix","Sainte-Croix","Sainte-Croix VD","Sainte-Croix (VD)","Sainte-Croix (VD)","Waadt","Vaud","Vaud","https://thumb.wikimedia.org/wikipedia/commons/thumb/4/4c/CHE_Sainte-Croix_COA.svg/500px-CHE_Sainte-Croix_COA.svg.png",27.899620086,FALSE,FALSE
22,5571,34.74025974,107,201,55.017301038,318,578,308,TRUE,"VD","Tévenon","Tévenon","Tévenon","Tévenon VD","Tévenon (VD)","Tévenon (VD)","Waadt","Vaud","Vaud","https://thumb.wikimedia.org/wikipedia/commons/thumb/b/b2/CHE_T%C3%A9venon_COA.svg/500px-CHE_T%C3%A9venon_COA.svg.png",27.899620086,FALSE,FALSE
22,5581,23.625096824,305,986,55.437553101,1305,2354,1291,TRUE,"VD","Belmont-sur-Lausanne","Belmont-sur-Lausanne","Belmont-sur-Lausanne","Belmont-sur-Lausanne VD","Belmont-sur-Lausanne (VD)","Belmont-sur-Lausanne (VD)","Waadt","Vaud","Vaud","https://thumb.wikimedia.org/wikipedia/commons/thumb/4/48/CHE_Belmont-sur-Lausanne_COA.svg/500px-CHE_Belmont-sur-Lausanne_COA.svg.png",27.899620086,FALSE,FALSE
22,5582,24.771929825,353,1072,49.657768652,1451,2922,1425,TRUE,"VD","Cheseaux-sur-Lausanne","Cheseaux-sur-Lausanne","Cheseaux-sur-Lausanne","Cheseaux-sur-Lausanne VD","Cheseaux-sur-Lausanne (VD)","Cheseaux-sur-Lausanne (VD)","Waadt","Vaud","Vaud","https://thumb.wikimedia.org/wikipedia/commons/thumb/c/ce/CHE_Cheseaux-sur-Lausanne_COA.svg/500px-CHE_Cheseaux-sur-Lausanne_COA.svg.png",27.899620086,FALSE,FALSE
22,5583,28.81773399,585,1445,41.897633016,2071,4943,2030,TRUE,"VD","Crissier","Crissier","Crissier","Crissier VD","Crissier (VD)","Crissier (VD)","Waadt","Vaud","Vaud","https://thumb.wikimedia.org/wikipedia/commons/thumb/0/0e/CHE_Crissier_COA.svg/500px-CHE_Crissier_COA.svg.png",27.899620086,FALSE,FALSE
22,5584,23.151555704,692,2297,54.725472547,3040,5555,2989,TRUE,"VD","Epalinges","Epalinges","Epalinges","Epalinges VD","Epalinges (VD)","Epalinges (VD)","Waadt","Vaud","Vaud","https://thumb.wikimedia.org/wikipedia/commons/thumb/9/9a/CHE_%C3%89palinges_COA.svg/500px-CHE_%C3%89palinges_COA.svg.png",27.899620086,FALSE,FALSE
22,5585,27.332242226,167,444,64.539748954,617,956,611,TRUE,"VD","Jouxtens-Mézery","Jouxtens-Mézery","Jouxtens-Mézery","Jouxtens-Mézery VD","Jouxtens-Mézery (VD)","Jouxtens-Mézery (VD)","Waadt","Vaud","Vaud","https://thumb.wikimedia.org/wikipedia/commons/thumb/8/82/CHE_Jouxtens-M%C3%A9zery_COA.svg/500px-CHE_Jouxtens-M%C3%A9zery_COA.svg.png",27.899620086,FALSE,FALSE
22,5586,,,,,,,,FALSE,"VD","Lausanne","Lausanne","Losanna","Lausanne VD","Lausanne (VD)","Losanna (VD)","Waadt","Vaud","Vaud","https://thumb.wikimedia.org/wikipedia/commons/thumb/2/29/CHE_Lausanne_COA.svg/500px-CHE_Lausanne_COA.svg.png",27.899620086,FALSE,FALSE
22,5587,23.847019123,636,2031,50.009240436,2706,5411,2667,TRUE,"VD","Le Mont-sur-Lausanne","Le Mont-sur-Lausanne","Le Mont-sur-Lausanne","Le Mont-sur-Lausanne VD","Le Mont-sur-Lausanne (VD)","Le Mont-sur-Lausanne (VD)","Waadt","Vaud","Vaud","https://thumb.wikimedia.org/wikipedia/commons/thumb/d/dc/CHE_Le_Mont-sur-Lausanne_COA.svg/500px-CHE_Le_Mont-sur-Lausanne_COA.svg.png",27.899620086,FALSE,FALSE
22,5588,29.146919431,123,299,42.141453831,429,1018,422,TRUE,"VD","Paudex","Paudex","Paudex","Paudex VD","Paudex (VD)","Paudex (VD)","Waadt","Vaud","Vaud","https://thumb.wikimedia.org/wikipedia/commons/thumb/5/5d/CHE_Paudex_COA.svg/500px-CHE_Paudex_COA.svg.png",27.899620086,FALSE,FALSE
22,5589,23.740740741,641,2059,45.140032949,2740,6070,2700,TRUE,"VD","Prilly","Prilly","Prilly","Prilly VD","Prilly (VD)","Prilly (VD)","Waadt","Vaud","Vaud","https://thumb.wikimedia.org/wikipedia/commons/thumb/8/86/CHE_Prilly_COA.svg/500px-CHE_Prilly_COA.svg.png",27.899620086,FALSE,FALSE
22,5590,21.985700357,1353,4801,57.296255507,6243,10896,6154,TRUE,"VD","Pully","Pully","Pully","Pully VD","Pully (VD)","Pully (VD)","Waadt","Vaud","Vaud","https://thumb.wikimedia.org/wikipedia/commons/thumb/e/ec/CHE_Pully_COA.svg/960px-CHE_Pully_COA.svg.png",27.899620086,FALSE,FALSE
22,5591,27.556734453,935,2458,38.818518103,3463,8921,3393,TRUE,"VD","Renens VD","Renens (VD)","Renens VD","Renens VD","Renens (VD)","Renens (VD)","Waadt","Vaud","Vaud","https://thumb.wikimedia.org/wikipedia/commons/thumb/0/0b/CHE_Renens_COA.svg/500px-CHE_Renens_COA.svg.png",27.899620086,FALSE,FALSE
22,5592,28.042328042,318,816,47.037337662,1159,2464,1134,TRUE,"VD","Romanel-sur-Lausanne","Romanel-sur-Lausanne","Romanel-sur-Lausanne","Romanel-sur-Lausanne VD","Romanel-sur-Lausanne (VD)","Romanel-sur-Lausanne (VD)","Waadt","Vaud","Vaud","https://thumb.wikimedia.org/wikipedia/commons/thumb/c/c1/CHE_Romanel-sur-Lausanne_COA.svg/500px-CHE_Romanel-sur-Lausanne_COA.svg.png",27.899620086,FALSE,FALSE
22,5601,24.568393094,185,568,53.347280335,765,1434,753,TRUE,"VD","Chexbres","Chexbres","Chexbres","Chexbres VD","Chexbres (VD)","Chexbres (VD)","Waadt","Vaud","Vaud","https://thumb.wikimedia.org/wikipedia/commons/thumb/9/9f/CHE_Chexbres_COA.svg/500px-CHE_Chexbres_COA.svg.png",27.899620086,FALSE,FALSE
22,5604,,,,,,,,FALSE,"VD","Forel (Lavaux)","Forel (Lavaux)","Forel (Lavaux)","Forel (Lavaux) VD","Forel (Lavaux) (VD)","Forel (Lavaux) (VD)","Waadt","Vaud","Vaud","https://thumb.wikimedia.org/wikipedia/commons/thumb/5/5b/CHE_Forel_%28Lavaux%29_COA.svg/500px-CHE_Forel_%28Lavaux%29_COA.svg.png",27.899620086,FALSE,FALSE
22,5606,,,,,,,,FALSE,"VD","Lutry","Lutry","Lutry","Lutry VD","Lutry (VD)","Lutry (VD)","Waadt","Vaud","Vaud","https://thumb.wikimedia.org/wikipedia/commons/thumb/2/26/CHE_Lutry_COA.svg/500px-CHE_Lutry_COA.svg.png",27.899620086,FALSE,FALSE
22,5607,28.953488372,249,611,52.192192192,869,1665,860,TRUE,"VD","Puidoux","Puidoux","Puidoux","Puidoux VD","Puidoux (VD)","Puidoux (VD)","Waadt","Vaud","Vaud","https://thumb.wikimedia.org/wikipedia/commons/thumb/9/99/CHE_Puidoux_COA.svg/500px-CHE_Puidoux_COA.svg.png",27.899620086,FALSE,FALSE
22,5609,19.858156028,28,113,60.924369748,145,238,141,TRUE,"VD","Rivaz","Rivaz","Rivaz","Rivaz VD","Rivaz (VD)","Rivaz (VD)","Waadt","Vaud","Vaud","https://thumb.wikimedia.org/wikipedia/commons/thumb/0/00/CHE_Rivaz_COA.svg/500px-CHE_Rivaz_COA.svg.png",27.899620086,FALSE,FALSE
22,5610,51.685393258,92,86,65.579710145,181,276,178,TRUE,"VD","Saint-Saphorin (Lavaux)","Saint-Saphorin (Lavaux)","Saint-Saphorin (Lavaux)","Saint-Saphorin (Lavaux) VD","Saint-Saphorin (Lavaux) (VD)","Saint-Saphorin (Lavaux) (VD)","Waadt","Vaud","Vaud","https://thumb.wikimedia.org/wikipedia/commons/thumb/4/46/CHE_Saint-Saphorin_COA.svg/500px-CHE_Saint-Saphorin_COA.svg.png",27.899620086,FALSE,FALSE
22,5611,25.725806452,319,921,56.821251688,1262,2221,1240,TRUE,"VD","Savigny","Savigny","Savigny","Savigny VD","Savigny (VD)","Savigny (VD)","Waadt","Vaud","Vaud","https://thumb.wikimedia.org/wikipedia/commons/thumb/6/67/CHE_Savigny_COA.svg/500px-CHE_Savigny_COA.svg.png",27.899620086,FALSE,FALSE
22,5613,20.018535681,432,1726,59.945205479,2188,3650,2158,TRUE,"VD","Bourg-en-Lavaux","Bourg-en-Lavaux","Bourg-en-Lavaux","Bourg-en-Lavaux VD","Bourg-en-Lavaux (VD)","Bourg-en-Lavaux (VD)","Waadt","Vaud","Vaud","https://thumb.wikimedia.org/wikipedia/commons/thumb/c/cf/CHE_Bourg-en-Lavaux_COA.svg/500px-CHE_Bourg-en-Lavaux_COA.svg.png",27.899620086,FALSE,FALSE
22,5621,17.486338798,32,151,50.136239782,184,367,183,TRUE,"VD","Aclens","Aclens","Aclens","Aclens VD","Aclens (VD)","Aclens (VD)","Waadt","Vaud","Vaud","https://thumb.wikimedia.org/wikipedia/commons/thumb/c/cf/CHE_Aclens_COA.svg/500px-CHE_Aclens_COA.svg.png",27.899620086,FALSE,FALSE
22,5622,26.556016598,64,177,59.75308642,242,405,241,TRUE,"VD","Bremblens","Bremblens","Bremblens","Bremblens VD","Bremblens (VD)","Bremblens (VD)","Waadt","Vaud","Vaud","https://thumb.wikimedia.org/wikipedia/commons/thumb/3/3e/CHE_Bremblens_COA.svg/500px-CHE_Bremblens_COA.svg.png",27.899620086,FALSE,FALSE
22,5623,27.985074627,75,193,60.997732426,269,441,268,TRUE,"VD","Buchillon","Buchillon","Buchillon","Buchillon VD","Buchillon (VD)","Buchillon (VD)","Waadt","Vaud","Vaud","https://thumb.wikimedia.org/wikipedia/commons/thumb/1/19/CHE_Buchillon_COA.svg/500px-CHE_Buchillon_COA.svg.png",27.899620086,FALSE,FALSE
22,5624,27.653100038,727,1902,47.0351583,2689,5717,2629,TRUE,"VD","Bussigny","Bussigny","Bussigny","Bussigny VD","Bussigny (VD)","Bussigny (VD)","Waadt","Vaud","Vaud","https://thumb.wikimedia.org/wikipedia/commons/thumb/3/34/CHE_Bussigny_COA.svg/500px-CHE_Bussigny_COA.svg.png",27.899620086,FALSE,FALSE
22,5627,29.434250765,385,923,35.248736366,1325,3759,1308,TRUE,"VD","Chavannes-près-Renens","Chavannes-près-Renens","Chavannes-près-Renens","Chavannes-près-Renens VD","Chavannes-près-Renens (VD)","Chavannes-près-Renens (VD)","Waadt","Vaud","Vaud","https://thumb.wikimedia.org/wikipedia/commons/thumb/f/f2/CHE_Chavannes-pr%C3%A8s-Renens_COA.svg/500px-CHE_Chavannes-pr%C3%A8s-Renens_COA.svg.png",27.899620086,FALSE,FALSE
22,5628,21.476510067,32,117,61.538461538,152,247,149,TRUE,"VD","Chigny","Chigny","Chigny","Chigny VD","Chigny (VD)","Chigny (VD)","Waadt","Vaud","Vaud","https://thumb.wikimedia.org/wikipedia/commons/thumb/7/73/CHE_Chigny_COA.svg/500px-CHE_Chigny_COA.svg.png",27.899620086,FALSE,FALSE
22,5629,26.666666667,20,55,50.993377483,77,151,75,TRUE,"VD","Clarmont","Clarmont","Clarmont","Clarmont VD","Clarmont (VD)","Clarmont (VD)","Waadt","Vaud","Vaud","https://thumb.wikimedia.org/wikipedia/commons/thumb/8/8c/CHE_Clarmont_COA.svg/500px-CHE_Clarmont_COA.svg.png",27.899620086,FALSE,FALSE
22,5631,20.833333333,60,228,60.833333333,292,480,288,TRUE,"VD","Denens","Denens","Denens","Denens VD","Denens (VD)","Denens (VD)","Waadt","Vaud","Vaud","https://thumb.wikimedia.org/wikipedia/commons/thumb/5/56/CHE_Denens_COA.svg/500px-CHE_Denens_COA.svg.png",27.899620086,FALSE,FALSE
22,5632,22.96819788,130,436,56.491575818,570,1009,566,TRUE,"VD","Denges","Denges","Denges","Denges VD","Denges (VD)","Denges (VD)","Waadt","Vaud","Vaud","https://thumb.wikimedia.org/wikipedia/commons/thumb/5/52/CHE_Denges_COA.svg/500px-CHE_Denges_COA.svg.png",27.899620086,FALSE,FALSE
22,5633,23.23943662,231,763,54.724194429,1002,1831,994,TRUE,"VD","Echandens","Echandens","Echandens","Echandens VD","Echandens (VD)","Echandens (VD)","Waadt","Vaud","Vaud","https://thumb.wikimedia.org/wikipedia/commons/thumb/d/d1/CHE_Echandens_COA.svg/500px-CHE_Echandens_COA.svg.png",27.899620086,FALSE,FALSE
22,5634,23.725834798,270,868,55.358000961,1152,2081,1138,TRUE,"VD","Echichens","Echichens","Echichens","Echichens VD","Echichens (VD)","Echichens (VD)","Waadt","Vaud","Vaud","https://thumb.wikimedia.org/wikipedia/commons/thumb/e/eb/CHE_Echichens_COA.svg/500px-CHE_Echichens_COA.svg.png",27.899620086,FALSE,FALSE
22,5635,27.753479125,698,1817,44.183232498,2556,5785,2515,TRUE,"VD","Ecublens VD","Ecublens (VD)","Ecublens VD","Ecublens VD","Ecublens (VD)","Ecublens (VD)","Waadt","Vaud","Vaud","https://thumb.wikimedia.org/wikipedia/commons/thumb/b/b7/CHE_Ecublens_VD_COA.svg/500px-CHE_Ecublens_VD_COA.svg.png",27.899620086,FALSE,FALSE
22,5636,24.278846154,202,630,50.178147268,845,1684,832,TRUE,"VD","Etoy","Etoy","Etoy","Etoy VD","Etoy (VD)","Etoy (VD)","Waadt","Vaud","Vaud","https://thumb.wikimedia.org/wikipedia/commons/thumb/a/ac/CHE_Etoy_COA.svg/500px-CHE_Etoy_COA.svg.png",27.899620086,FALSE,FALSE
22,5637,22.535211268,80,275,58.75613748,359,611,355,TRUE,"VD","Lavigny","Lavigny","Lavigny","Lavigny VD","Lavigny (VD)","Lavigny (VD)","Waadt","Vaud","Vaud","https://thumb.wikimedia.org/wikipedia/commons/thumb/6/67/CHE_Lavigny_COA.svg/500px-CHE_Lavigny_COA.svg.png",27.899620086,FALSE,FALSE
22,5638,21.49321267,190,694,51.511694238,903,1753,884,TRUE,"VD","Lonay","Lonay","Lonay","Lonay VD","Lonay (VD)","Lonay (VD)","Waadt","Vaud","Vaud","https://thumb.wikimedia.org/wikipedia/commons/thumb/e/ea/CHE_Lonay_COA.svg/500px-CHE_Lonay_COA.svg.png",27.899620086,FALSE,FALSE
22,5639,18.318318318,61,272,61.243144424,335,547,333,TRUE,"VD","Lully VD","Lully (VD)","Lully VD","Lully VD","Lully (VD)","Lully (VD)","Waadt","Vaud","Vaud","https://thumb.wikimedia.org/wikipedia/commons/thumb/e/ef/CHE_Lully_VD_COA.svg/500px-CHE_Lully_VD_COA.svg.png",27.899620086,FALSE,FALSE
22,5640,12.251655629,37,265,65.170940171,305,468,302,TRUE,"VD","Lussy-sur-Morges","Lussy-sur-Morges","Lussy-sur-Morges","Lussy-sur-Morges VD","Lussy-sur-Morges (VD)","Lussy-sur-Morges (VD)","Waadt","Vaud","Vaud","https://thumb.wikimedia.org/wikipedia/commons/thumb/2/23/CHE_Lussy-sur-Morges_COA.svg/500px-CHE_Lussy-sur-Morges_COA.svg.png",27.899620086,FALSE,FALSE
22,5642,24.533502969,1157,3559,51.934782609,4778,9200,4716,TRUE,"VD","Morges","Morges","Morges","Morges VD","Morges (VD)","Morges (VD)","Waadt","Vaud","Vaud","https://thumb.wikimedia.org/wikipedia/commons/thumb/8/8f/CHE_Morges_COA.svg/500px-CHE_Morges_COA.svg.png",27.899620086,FALSE,FALSE
22,5643,25.406504065,375,1101,40.95004095,1500,3663,1476,TRUE,"VD","Préverenges","Préverenges","Préverenges","Préverenges VD","Préverenges (VD)","Préverenges (VD)","Waadt","Vaud","Vaud","https://thumb.wikimedia.org/wikipedia/commons/thumb/c/c3/CHE_Pr%C3%A9verenges_COA.svg/500px-CHE_Pr%C3%A9verenges_COA.svg.png",27.899620086,FALSE,FALSE
22,5645,25.531914894,48,140,62.057877814,193,311,188,TRUE,"VD","Romanel-sur-Morges","Romanel-sur-Morges","Romanel-sur-Morges","Romanel-sur-Morges VD","Romanel-sur-Morges (VD)","Romanel-sur-Morges (VD)","Waadt","Vaud","Vaud","https://thumb.wikimedia.org/wikipedia/commons/thumb/a/ab/CHE_Romanel-sur-Morges_COA.svg/500px-CHE_Romanel-sur-Morges_COA.svg.png",27.899620086,FALSE,FALSE
22,5646,27.908378541,463,1196,55.193951348,1679,3042,1659,TRUE,"VD","Saint-Prex","Saint-Prex","Saint-Prex","Saint-Prex VD","Saint-Prex (VD)","Saint-Prex (VD)","Waadt","Vaud","Vaud","https://thumb.wikimedia.org/wikipedia/commons/thumb/0/07/CHE_Saint-Prex_COA.svg/500px-CHE_Saint-Prex_COA.svg.png",27.899620086,FALSE,FALSE
22,5648,25.751072961,360,1038,61.335067187,1415,2307,1398,TRUE,"VD","Saint-Sulpice VD","Saint-Sulpice (VD)","Saint-Sulpice VD","Saint-Sulpice VD","Saint-Sulpice (VD)","Saint-Sulpice (VD)","Waadt","Vaud","Vaud","https://thumb.wikimedia.org/wikipedia/commons/thumb/5/57/CHE_Saint-Sulpice_VD_COA.svg/500px-CHE_Saint-Sulpice_VD_COA.svg.png",27.899620086,FALSE,FALSE
22,5649,24.775583483,138,419,53.15739868,564,1061,557,TRUE,"VD","Tolochenaz","Tolochenaz","Tolochenaz","Tolochenaz VD","Tolochenaz (VD)","Tolochenaz (VD)","Waadt","Vaud","Vaud","https://thumb.wikimedia.org/wikipedia/commons/thumb/4/47/CHE_Tolochenaz_COA.svg/500px-CHE_Tolochenaz_COA.svg.png",27.899620086,FALSE,FALSE
22,5650,26.829268293,22,60,66.935483871,83,124,82,TRUE,"VD","Vaux-sur-Morges","Vaux-sur-Morges","Vaux-sur-Morges","Vaux-sur-Morges VD","Vaux-sur-Morges (VD)","Vaux-sur-Morges (VD)","Waadt","Vaud","Vaud","https://thumb.wikimedia.org/wikipedia/commons/thumb/a/a9/CHE_Vaux-sur-Morges_COA.svg/500px-CHE_Vaux-sur-Morges_COA.svg.png",27.899620086,FALSE,FALSE
22,5651,32.517482517,93,193,52.338129496,291,556,286,TRUE,"VD","Villars-Sainte-Croix","Villars-Sainte-Croix","Villars-Sainte-Croix","Villars-Sainte-Croix VD","Villars-Sainte-Croix (VD)","Villars-Sainte-Croix (VD)","Waadt","Vaud","Vaud","https://thumb.wikimedia.org/wikipedia/commons/thumb/3/3e/CHE_Villars-Sainte-Croix_COA.svg/500px-CHE_Villars-Sainte-Croix_COA.svg.png",27.899620086,FALSE,FALSE
22,5652,29.515418502,67,160,58.567774936,229,391,227,TRUE,"VD","Villars-sous-Yens","Villars-sous-Yens","Villars-sous-Yens","Villars-sous-Yens VD","Villars-sous-Yens (VD)","Villars-sous-Yens (VD)","Waadt","Vaud","Vaud","https://thumb.wikimedia.org/wikipedia/commons/thumb/9/94/CHE_Villars-sous-Yens_COA.svg/500px-CHE_Villars-sous-Yens_COA.svg.png",27.899620086,FALSE,FALSE
22,5653,27.450980392,98,259,64.878892734,375,578,357,TRUE,"VD","Vufflens-le-Château","Vufflens-le-Château","Vufflens-le-Château","Vufflens-le-Château VD","Vufflens-le-Château (VD)","Vufflens-le-Château (VD)","Waadt","Vaud","Vaud","https://thumb.wikimedia.org/wikipedia/commons/thumb/4/42/CHE_Vufflens-le-Ch%C3%A2teau_COA.svg/500px-CHE_Vufflens-le-Ch%C3%A2teau_COA.svg.png",27.899620086,FALSE,FALSE
22,5654,21.951219512,45,160,51.225490196,209,408,205,TRUE,"VD","Vullierens","Vullierens","Vullierens","Vullierens VD","Vullierens (VD)","Vullierens (VD)","Waadt","Vaud","Vaud","https://thumb.wikimedia.org/wikipedia/commons/thumb/1/11/CHE_Vullierens_COA.svg/500px-CHE_Vullierens_COA.svg.png",27.899620086,FALSE,FALSE
22,5655,23.929961089,123,391,59.034792368,526,891,514,TRUE,"VD","Yens","Yens","Yens","Yens VD","Yens (VD)","Yens (VD)","Waadt","Vaud","Vaud","https://thumb.wikimedia.org/wikipedia/commons/thumb/1/14/CHE_Yens_COA.svg/500px-CHE_Yens_COA.svg.png",27.899620086,FALSE,FALSE
22,5656,26.786864134,416,1137,55.080027836,1583,2874,1553,TRUE,"VD","Hautemorges","Hautemorges","Hautemorges","Hautemorges VD","Hautemorges (VD)","Hautemorges (VD)","Waadt","Vaud","Vaud","https://thumb.wikimedia.org/wikipedia/commons/thumb/2/2f/CHE_Hautemorges_COA.svg/500px-CHE_Hautemorges_COA.svg.png",27.899620086,FALSE,FALSE
22,5661,36.184210526,55,97,58.490566038,155,265,152,TRUE,"VD","Boulens","Boulens","Boulens","Boulens VD","Boulens (VD)","Boulens (VD)","Waadt","Vaud","Vaud","https://thumb.wikimedia.org/wikipedia/commons/thumb/f/f0/CHE_Boulens_COA.svg/500px-CHE_Boulens_COA.svg.png",27.899620086,FALSE,FALSE
22,5663,35,35,65,56.111111111,101,180,100,TRUE,"VD","Bussy-sur-Moudon","Bussy-sur-Moudon","Bussy-sur-Moudon","Bussy-sur-Moudon VD","Bussy-sur-Moudon (VD)","Bussy-sur-Moudon (VD)","Waadt","Vaud","Vaud","https://thumb.wikimedia.org/wikipedia/commons/thumb/5/50/CHE_Bussy-sur-Moudon_COA.svg/500px-CHE_Bussy-sur-Moudon_COA.svg.png",27.899620086,FALSE,FALSE
22,5665,54.736842105,52,43,54.802259887,97,177,95,TRUE,"VD","Chavannes-sur-Moudon","Chavannes-sur-Moudon","Chavannes-sur-Moudon","Chavannes-sur-Moudon VD","Chavannes-sur-Moudon (VD)","Chavannes-sur-Moudon (VD)","Waadt","Vaud","Vaud","https://thumb.wikimedia.org/wikipedia/commons/thumb/a/ab/CHE_Chavannes-sur-Moudon_COA.svg/500px-CHE_Chavannes-sur-Moudon_COA.svg.png",27.899620086,FALSE,FALSE
22,5669,,,,,,,,FALSE,"VD","Curtilles","Curtilles","Curtilles","Curtilles VD","Curtilles (VD)","Curtilles (VD)","Waadt","Vaud","Vaud","https://thumb.wikimedia.org/wikipedia/commons/thumb/f/f0/CHE_Curtilles_COA.svg/500px-CHE_Curtilles_COA.svg.png",27.899620086,FALSE,FALSE
22,5671,38.834951456,40,63,63.190184049,103,163,103,TRUE,"VD","Dompierre VD","Dompierre (VD)","Dompierre VD","Dompierre VD","Dompierre (VD)","Dompierre (VD)","Waadt","Vaud","Vaud","https://thumb.wikimedia.org/wikipedia/commons/thumb/9/90/CHE_Dompierre_VD_COA.svg/500px-CHE_Dompierre_VD_COA.svg.png",27.899620086,FALSE,FALSE
22,5673,38.194444444,55,89,57.03125,146,256,144,TRUE,"VD","Hermenches","Hermenches","Hermenches","Hermenches VD","Hermenches (VD)","Hermenches (VD)","Waadt","Vaud","Vaud","https://thumb.wikimedia.org/wikipedia/commons/thumb/7/74/CHE_Hermenches_COA.svg/500px-CHE_Hermenches_COA.svg.png",27.899620086,FALSE,FALSE
22,5674,25.862068966,15,43,50.847457627,60,118,58,TRUE,"VD","Lovatens","Lovatens","Lovatens","Lovatens VD","Lovatens (VD)","Lovatens (VD)","Waadt","Vaud","Vaud","https://thumb.wikimedia.org/wikipedia/commons/thumb/1/1e/CHE_Lovatens_COA.svg/500px-CHE_Lovatens_COA.svg.png",27.899620086,FALSE,FALSE
22,5675,,,,,,,,FALSE,"VD","Lucens","Lucens","Lucens","Lucens VD","Lucens (VD)","Lucens (VD)","Waadt","Vaud","Vaud","https://thumb.wikimedia.org/wikipedia/commons/thumb/3/31/CHE_Lucens_COA.svg/500px-CHE_Lucens_COA.svg.png",27.899620086,FALSE,FALSE
22,5678,30.897703549,296,662,35.149765428,974,2771,958,TRUE,"VD","Moudon","Moudon","Moudon","Moudon VD","Moudon (VD)","Moudon (VD)","Waadt","Vaud","Vaud","https://thumb.wikimedia.org/wikipedia/commons/thumb/7/78/CHE_Moudon_COA.svg/500px-CHE_Moudon_COA.svg.png",27.899620086,FALSE,FALSE
22,5680,37.606837607,44,73,55.251141553,121,219,117,TRUE,"VD","Ogens","Ogens","Ogens","Ogens VD","Ogens (VD)","Ogens (VD)","Waadt","Vaud","Vaud","https://thumb.wikimedia.org/wikipedia/commons/thumb/1/1e/CHE_Ogens_COA.svg/500px-CHE_Ogens_COA.svg.png",27.899620086,FALSE,FALSE
22,5683,36.144578313,30,53,48.863636364,86,176,83,TRUE,"VD","Prévonloup","Prévonloup","Prévonloup","Prévonloup VD","Prévonloup (VD)","Prévonloup (VD)","Waadt","Vaud","Vaud","https://thumb.wikimedia.org/wikipedia/commons/thumb/a/a7/CHE_Pr%C3%A9vonloup_COA.svg/500px-CHE_Pr%C3%A9vonloup_COA.svg.png",27.899620086,FALSE,FALSE
22,5684,34.482758621,10,19,53.571428571,30,56,29,TRUE,"VD","Rossenges","Rossenges","Rossenges","Rossenges VD","Rossenges (VD)","Rossenges (VD)","Waadt","Vaud","Vaud","https://thumb.wikimedia.org/wikipedia/commons/thumb/c/cf/CHE_Rossenges_COA.svg/500px-CHE_Rossenges_COA.svg.png",27.899620086,FALSE,FALSE
22,5688,28.571428571,12,30,48.863636364,43,88,42,TRUE,"VD","Syens","Syens","Syens","Syens VD","Syens (VD)","Syens (VD)","Waadt","Vaud","Vaud","https://thumb.wikimedia.org/wikipedia/commons/thumb/e/e9/CHE_Syens_COA.svg/500px-CHE_Syens_COA.svg.png",27.899620086,FALSE,FALSE
22,5690,39.344262295,24,37,60.194174757,62,103,61,TRUE,"VD","Villars-le-Comte","Villars-le-Comte","Villars-le-Comte","Villars-le-Comte VD","Villars-le-Comte (VD)","Villars-le-Comte (VD)","Waadt","Vaud","Vaud","https://thumb.wikimedia.org/wikipedia/commons/thumb/d/d1/CHE_Villars-le-Comte_COA.svg/500px-CHE_Villars-le-Comte_COA.svg.png",27.899620086,FALSE,FALSE
22,5692,27.962085308,59,152,52.098765432,211,405,211,TRUE,"VD","Vucherens","Vucherens","Vucherens","Vucherens VD","Vucherens (VD)","Vucherens (VD)","Waadt","Vaud","Vaud","https://thumb.wikimedia.org/wikipedia/commons/thumb/3/31/CHE_Vucherens_COA.svg/500px-CHE_Vucherens_COA.svg.png",27.899620086,FALSE,FALSE
22,5693,34.472934473,363,690,55.903866249,1070,1914,1053,TRUE,"VD","Montanaire","Montanaire","Montanaire","Montanaire VD","Montanaire (VD)","Montanaire (VD)","Waadt","Vaud","Vaud","https://thumb.wikimedia.org/wikipedia/commons/thumb/9/9d/CHE_Montanaire_COA.svg/500px-CHE_Montanaire_COA.svg.png",27.899620086,FALSE,FALSE
22,5701,21.333333333,16,59,42.134831461,75,178,75,TRUE,"VD","Arnex-sur-Nyon","Arnex-sur-Nyon","Arnex-sur-Nyon","Arnex-sur-Nyon VD","Arnex-sur-Nyon (VD)","Arnex-sur-Nyon (VD)","Waadt","Vaud","Vaud","https://thumb.wikimedia.org/wikipedia/commons/thumb/3/30/CHE_Arnex-sur-Nyon_COA.svg/500px-CHE_Arnex-sur-Nyon_COA.svg.png",27.899620086,FALSE,FALSE
22,5702,28.957915832,289,709,59.005847953,1009,1710,998,TRUE,"VD","Arzier-Le Muids","Arzier-Le Muids","Arzier-Le Muids","Arzier-Le Muids VD","Arzier-Le Muids (VD)","Arzier-Le Muids (VD)","Waadt","Vaud","Vaud","https://thumb.wikimedia.org/wikipedia/commons/thumb/8/82/CHE_Arzier-Le_Muids_COA.svg/500px-CHE_Arzier-Le_Muids_COA.svg.png",27.899620086,FALSE,FALSE
22,5703,25.6,128,372,56.165919283,501,892,500,TRUE,"VD","Bassins","Bassins","Bassins","Bassins VD","Bassins (VD)","Bassins (VD)","Waadt","Vaud","Vaud","https://thumb.wikimedia.org/wikipedia/commons/thumb/c/c5/CHE_Bassins_COA.svg/500px-CHE_Bassins_COA.svg.png",27.899620086,FALSE,FALSE
22,5704,28.983308042,191,468,54.448979592,667,1225,659,TRUE,"VD","Begnins","Begnins","Begnins","Begnins VD","Begnins (VD)","Begnins (VD)","Waadt","Vaud","Vaud","https://thumb.wikimedia.org/wikipedia/commons/thumb/6/6a/CHE_Begnins_COA.svg/500px-CHE_Begnins_COA.svg.png",27.899620086,FALSE,FALSE
22,5705,21.034482759,61,229,58.870967742,292,496,290,TRUE,"VD","Bogis-Bossey","Bogis-Bossey","Bogis-Bossey","Bogis-Bossey VD","Bogis-Bossey (VD)","Bogis-Bossey (VD)","Waadt","Vaud","Vaud","https://thumb.wikimedia.org/wikipedia/commons/thumb/1/17/CHE_Bogis-Bossey_COA.svg/500px-CHE_Bogis-Bossey_COA.svg.png",27.899620086,FALSE,FALSE
22,5706,23.820754717,101,323,58.977900552,427,724,424,TRUE,"VD","Borex","Borex","Borex","Borex VD","Borex (VD)","Borex (VD)","Waadt","Vaud","Vaud","https://thumb.wikimedia.org/wikipedia/commons/thumb/5/54/CHE_Borex_COA.svg/500px-CHE_Borex_COA.svg.png",27.899620086,FALSE,FALSE
22,5707,30.684931507,112,253,44.12470024,368,834,365,TRUE,"VD","Chavannes-de-Bogis","Chavannes-de-Bogis","Chavannes-de-Bogis","Chavannes-de-Bogis VD","Chavannes-de-Bogis (VD)","Chavannes-de-Bogis (VD)","Waadt","Vaud","Vaud","https://thumb.wikimedia.org/wikipedia/commons/thumb/9/93/CHE_Chavannes-de-Bogis_COA.svg/500px-CHE_Chavannes-de-Bogis_COA.svg.png",27.899620086,FALSE,FALSE
22,5708,33.962264151,90,175,53.8,269,500,265,TRUE,"VD","Chavannes-des-Bois","Chavannes-des-Bois","Chavannes-des-Bois","Chavannes-des-Bois VD","Chavannes-des-Bois (VD)","Chavannes-des-Bois (VD)","Waadt","Vaud","Vaud","https://thumb.wikimedia.org/wikipedia/commons/thumb/5/50/CHE_Chavannes-des-Bois_COA.svg/500px-CHE_Chavannes-des-Bois_COA.svg.png",27.899620086,FALSE,FALSE
22,5709,29.333333333,132,318,57.982120051,454,783,450,TRUE,"VD","Chéserex","Chéserex","Chéserex","Chéserex VD","Chéserex (VD)","Chéserex (VD)","Waadt","Vaud","Vaud","https://thumb.wikimedia.org/wikipedia/commons/thumb/5/55/CHE_Ch%C3%A9serex_COA.svg/500px-CHE_Ch%C3%A9serex_COA.svg.png",27.899620086,FALSE,FALSE
22,5710,30.120481928,50,116,53.627760252,170,317,166,TRUE,"VD","Coinsins","Coinsins","Coinsins","Coinsins VD","Coinsins (VD)","Coinsins (VD)","Waadt","Vaud","Vaud","https://thumb.wikimedia.org/wikipedia/commons/thumb/7/73/CHE_Coinsins_COA.svg/500px-CHE_Coinsins_COA.svg.png",27.899620086,FALSE,FALSE
22,5711,27.066817667,239,644,59.91902834,888,1482,883,TRUE,"VD","Commugny","Commugny","Commugny","Commugny VD","Commugny (VD)","Commugny (VD)","Waadt","Vaud","Vaud","https://thumb.wikimedia.org/wikipedia/commons/thumb/0/01/CHE_Commugny_COA.svg/500px-CHE_Commugny_COA.svg.png",27.899620086,FALSE,FALSE
22,5712,26.652452026,250,688,57.324455206,947,1652,938,TRUE,"VD","Coppet","Coppet","Coppet","Coppet VD","Coppet (VD)","Coppet (VD)","Waadt","Vaud","Vaud","https://thumb.wikimedia.org/wikipedia/commons/thumb/8/81/CHE_Coppet_COA.svg/500px-CHE_Coppet_COA.svg.png",27.899620086,FALSE,FALSE
22,5713,26.041666667,200,568,57.06921944,775,1358,768,TRUE,"VD","Crans-près-Céligny","Crans-près-Céligny","Crans-près-Céligny","Crans-près-Céligny VD","Crans-près-Céligny (VD)","Crans-près-Céligny (VD)","Waadt","Vaud","Vaud","https://thumb.wikimedia.org/wikipedia/commons/thumb/9/98/CHE_Crans_VD_COA.svg/500px-CHE_Crans_VD_COA.svg.png",27.899620086,FALSE,FALSE
22,5714,28.537170264,119,298,55.394736842,421,760,417,TRUE,"VD","Crassier","Crassier","Crassier","Crassier VD","Crassier (VD)","Crassier (VD)","Waadt","Vaud","Vaud","https://thumb.wikimedia.org/wikipedia/commons/thumb/4/4f/CHE_Crassier_COA.svg/500px-CHE_Crassier_COA.svg.png",27.899620086,FALSE,FALSE
22,5715,,,,,,,,FALSE,"VD","Duillier","Duillier","Duillier","Duillier VD","Duillier (VD)","Duillier (VD)","Waadt","Vaud","Vaud","https://thumb.wikimedia.org/wikipedia/commons/thumb/8/87/CHE_Duillier_COA.svg/500px-CHE_Duillier_COA.svg.png",27.899620086,FALSE,FALSE
22,5716,26.404494382,141,393,55.785123967,540,968,534,TRUE,"VD","Eysins","Eysins","Eysins","Eysins VD","Eysins (VD)","Eysins (VD)","Waadt","Vaud","Vaud","https://thumb.wikimedia.org/wikipedia/commons/thumb/b/bc/CHE_Eysins_COA.svg/500px-CHE_Eysins_COA.svg.png",27.899620086,FALSE,FALSE
22,5717,29.166666667,287,697,57.118254879,995,1742,984,TRUE,"VD","Founex","Founex","Founex","Founex VD","Founex (VD)","Founex (VD)","Waadt","Vaud","Vaud","https://thumb.wikimedia.org/wikipedia/commons/thumb/7/7b/CHE_Founex_COA.svg/500px-CHE_Founex_COA.svg.png",27.899620086,FALSE,FALSE
22,5718,26.850507983,185,504,58.734177215,696,1185,689,TRUE,"VD","Genolier","Genolier","Genolier","Genolier VD","Genolier (VD)","Genolier (VD)","Waadt","Vaud","Vaud","https://thumb.wikimedia.org/wikipedia/commons/thumb/4/42/CHE_Genolier_COA.svg/500px-CHE_Genolier_COA.svg.png",27.899620086,FALSE,FALSE
22,5719,29.025423729,137,335,60.406091371,476,788,472,TRUE,"VD","Gingins","Gingins","Gingins","Gingins VD","Gingins (VD)","Gingins (VD)","Waadt","Vaud","Vaud","https://thumb.wikimedia.org/wikipedia/commons/thumb/c/c1/CHE_Gingins_COA.svg/500px-CHE_Gingins_COA.svg.png",27.899620086,FALSE,FALSE
22,5720,25.761124122,110,317,61.70212766,435,705,427,TRUE,"VD","Givrins","Givrins","Givrins","Givrins VD","Givrins (VD)","Givrins (VD)","Waadt","Vaud","Vaud","https://thumb.wikimedia.org/wikipedia/commons/thumb/c/c1/CHE_Givrins_COA.svg/500px-CHE_Givrins_COA.svg.png",27.899620086,FALSE,FALSE
22,5721,30.444697834,1068,2440,48.446019629,3554,7336,3508,TRUE,"VD","Gland","Gland","Gland","Gland VD","Gland (VD)","Gland (VD)","Waadt","Vaud","Vaud","https://thumb.wikimedia.org/wikipedia/commons/thumb/6/62/CHE_Gland_COA.svg/500px-CHE_Gland_COA.svg.png",27.899620086,FALSE,FALSE
22,5722,20.91503268,32,121,61.568627451,157,255,153,TRUE,"VD","Grens","Grens","Grens","Grens VD","Grens (VD)","Grens (VD)","Waadt","Vaud","Vaud","https://thumb.wikimedia.org/wikipedia/commons/thumb/d/d9/CHE_Grens_COA.svg/500px-CHE_Grens_COA.svg.png",27.899620086,FALSE,FALSE
22,5723,27.710843373,161,420,53.713768116,593,1104,581,TRUE,"VD","Mies","Mies","Mies","Mies VD","Mies (VD)","Mies (VD)","Waadt","Vaud","Vaud","https://thumb.wikimedia.org/wikipedia/commons/thumb/9/99/CHE_Mies_COA.svg/500px-CHE_Mies_COA.svg.png",27.899620086,FALSE,FALSE
22,5724,24.607329843,1363,4176,49.248120301,5633,11438,5539,TRUE,"VD","Nyon","Nyon","Nyon","Nyon VD","Nyon (VD)","Nyon (VD)","Waadt","Vaud","Vaud","https://thumb.wikimedia.org/wikipedia/commons/thumb/3/31/CHE_Nyon_COA.svg/500px-CHE_Nyon_COA.svg.png",27.899620086,FALSE,FALSE
22,5725,,,,,,,,FALSE,"VD","Prangins","Prangins","Prangins","Prangins VD","Prangins (VD)","Prangins (VD)","Waadt","Vaud","Vaud","https://thumb.wikimedia.org/wikipedia/commons/thumb/e/e4/CHE_Prangins_COA.svg/500px-CHE_Prangins_COA.svg.png",27.899620086,FALSE,FALSE
22,5726,37.089201878,158,268,58.872077029,428,727,426,TRUE,"VD","La Rippe","La Rippe","La Rippe","La Rippe VD","La Rippe (VD)","La Rippe (VD)","Waadt","Vaud","Vaud","https://thumb.wikimedia.org/wikipedia/commons/thumb/9/92/CHE_La_Rippe_COA.svg/500px-CHE_La_Rippe_COA.svg.png",27.899620086,FALSE,FALSE
22,5727,37.235367372,299,504,48.454221165,815,1682,803,TRUE,"VD","Saint-Cergue","Saint-Cergue","Saint-Cergue","Saint-Cergue VD","Saint-Cergue (VD)","Saint-Cergue (VD)","Waadt","Vaud","Vaud","https://thumb.wikimedia.org/wikipedia/commons/thumb/b/bf/CHE_Saint-Cergue_COA.svg/500px-CHE_Saint-Cergue_COA.svg.png",27.899620086,FALSE,FALSE
22,5728,37.823834197,73,120,55.027932961,197,358,193,TRUE,"VD","Signy-Avenex","Signy-Avenex","Signy-Avenex","Signy-Avenex VD","Signy-Avenex (VD)","Signy-Avenex (VD)","Waadt","Vaud","Vaud","https://thumb.wikimedia.org/wikipedia/commons/thumb/d/db/CHE_Signy-Avenex_COA.svg/500px-CHE_Signy-Avenex_COA.svg.png",27.899620086,FALSE,FALSE
22,5729,29.347826087,162,390,59.211927583,556,939,552,TRUE,"VD","Tannay","Tannay","Tannay","Tannay VD","Tannay (VD)","Tannay (VD)","Waadt","Vaud","Vaud","https://thumb.wikimedia.org/wikipedia/commons/thumb/e/ea/CHE_Tannay_COA.svg/500px-CHE_Tannay_COA.svg.png",27.899620086,FALSE,FALSE
22,5730,22.482014388,125,431,62.458471761,564,903,556,TRUE,"VD","Trélex","Trélex","Trélex","Trélex VD","Trélex (VD)","Trélex (VD)","Waadt","Vaud","Vaud","https://thumb.wikimedia.org/wikipedia/commons/thumb/3/33/CHE_Tr%C3%A9lex_COA.svg/500px-CHE_Tr%C3%A9lex_COA.svg.png",27.899620086,FALSE,FALSE
22,5731,,,,,,,,FALSE,"VD","Le Vaud","Le Vaud","Le Vaud","Le Vaud VD","Le Vaud (VD)","Le Vaud (VD)","Waadt","Vaud","Vaud","https://thumb.wikimedia.org/wikipedia/commons/thumb/1/15/CHE_Le_Vaud_COA.svg/500px-CHE_Le_Vaud_COA.svg.png",27.899620086,FALSE,FALSE
22,5732,27.034883721,93,251,52.887537994,348,658,344,TRUE,"VD","Vich","Vich","Vich","Vich VD","Vich (VD)","Vich (VD)","Waadt","Vaud","Vaud","https://thumb.wikimedia.org/wikipedia/commons/thumb/2/29/CHE_Vich_COA.svg/500px-CHE_Vich_COA.svg.png",27.899620086,FALSE,FALSE
22,5741,36.296296296,49,86,68.181818182,135,198,135,TRUE,"VD","L'Abergement","L'Abergement","L'Abergement","L'Abergement VD","L'Abergement (VD)","L'Abergement (VD)","Waadt","Vaud","Vaud","https://thumb.wikimedia.org/wikipedia/commons/thumb/2/20/CHE_L-Abergement_COA.svg/500px-CHE_L-Abergement_COA.svg.png",27.899620086,FALSE,FALSE
22,5742,25.6,32,93,54.506437768,127,233,125,TRUE,"VD","Agiez","Agiez","Agiez","Agiez VD","Agiez (VD)","Agiez (VD)","Waadt","Vaud","Vaud","https://thumb.wikimedia.org/wikipedia/commons/thumb/b/ba/CHE_Agiez_COA.svg/500px-CHE_Agiez_COA.svg.png",27.899620086,FALSE,FALSE
22,5743,28.735632184,75,186,55.020920502,263,478,261,TRUE,"VD","Arnex-sur-Orbe","Arnex-sur-Orbe","Arnex-sur-Orbe","Arnex-sur-Orbe VD","Arnex-sur-Orbe (VD)","Arnex-sur-Orbe (VD)","Waadt","Vaud","Vaud","https://thumb.wikimedia.org/wikipedia/commons/thumb/d/d3/CHE_Arnex-sur-Orbe_COA.svg/500px-CHE_Arnex-sur-Orbe_COA.svg.png",27.899620086,FALSE,FALSE
22,5744,35.854341737,128,229,50.415512465,364,722,357,TRUE,"VD","Ballaigues","Ballaigues","Ballaigues","Ballaigues VD","Ballaigues (VD)","Ballaigues (VD)","Waadt","Vaud","Vaud","https://thumb.wikimedia.org/wikipedia/commons/thumb/4/4d/CHE_Ballaigues_COA.svg/500px-CHE_Ballaigues_COA.svg.png",27.899620086,FALSE,FALSE
22,5745,36.103896104,139,246,50.647668394,391,772,385,TRUE,"VD","Baulmes","Baulmes","Baulmes","Baulmes VD","Baulmes (VD)","Baulmes (VD)","Waadt","Vaud","Vaud","https://thumb.wikimedia.org/wikipedia/commons/thumb/a/a7/CHE_Baulmes_COA.svg/500px-CHE_Baulmes_COA.svg.png",27.899620086,FALSE,FALSE
22,5746,30.153846154,98,227,41.530740276,331,797,325,TRUE,"VD","Bavois","Bavois","Bavois","Bavois VD","Bavois (VD)","Bavois (VD)","Waadt","Vaud","Vaud","https://thumb.wikimedia.org/wikipedia/commons/thumb/7/73/CHE_Bavois_COA.svg/500px-CHE_Bavois_COA.svg.png",27.899620086,FALSE,FALSE
22,5747,30.434782609,28,64,63.087248322,94,149,92,TRUE,"VD","Bofflens","Bofflens","Bofflens","Bofflens VD","Bofflens (VD)","Bofflens (VD)","Waadt","Vaud","Vaud","https://thumb.wikimedia.org/wikipedia/commons/thumb/3/3b/CHE_Bofflens_COA.svg/500px-CHE_Bofflens_COA.svg.png",27.899620086,FALSE,FALSE
22,5748,40.441176471,55,81,70.050761421,138,197,136,TRUE,"VD","Bretonnières","Bretonnières","Bretonnières","Bretonnières VD","Bretonnières (VD)","Bretonnières (VD)","Waadt","Vaud","Vaud","https://thumb.wikimedia.org/wikipedia/commons/thumb/2/2b/CHE_Bretonni%C3%A8res_COA.svg/500px-CHE_Bretonni%C3%A8res_COA.svg.png",27.899620086,FALSE,FALSE
22,5749,29.75088968,418,987,46.432030998,1438,3097,1405,TRUE,"VD","Chavornay","Chavornay","Chavornay","Chavornay VD","Chavornay (VD)","Chavornay (VD)","Waadt","Vaud","Vaud","https://thumb.wikimedia.org/wikipedia/commons/thumb/f/f4/CHE_Chavornay_COA.svg/500px-CHE_Chavornay_COA.svg.png",27.899620086,FALSE,FALSE
22,5750,26.388888889,19,53,54.929577465,78,142,72,TRUE,"VD","Les Clées","Les Clées","Les Clées","Les Clées VD","Les Clées (VD)","Les Clées (VD)","Waadt","Vaud","Vaud","https://thumb.wikimedia.org/wikipedia/commons/thumb/9/99/CHE_Les_Cl%C3%A9es_COA.svg/500px-CHE_Les_Cl%C3%A9es_COA.svg.png",27.899620086,FALSE,FALSE
22,5752,30.817610063,49,110,57.24137931,166,290,159,TRUE,"VD","Croy","Croy","Croy","Croy VD","Croy (VD)","Croy (VD)","Waadt","Vaud","Vaud","https://thumb.wikimedia.org/wikipedia/commons/thumb/7/74/CHE_Croy_COA.svg/500px-CHE_Croy_COA.svg.png",27.899620086,FALSE,FALSE
22,5754,34.640522876,53,100,61.06870229,160,262,153,TRUE,"VD","Juriens","Juriens","Juriens","Juriens VD","Juriens (VD)","Juriens (VD)","Waadt","Vaud","Vaud","https://thumb.wikimedia.org/wikipedia/commons/thumb/1/1d/CHE_Juriens_COA.svg/500px-CHE_Juriens_COA.svg.png",27.899620086,FALSE,FALSE
22,5755,30.967741935,48,107,56.115107914,156,278,155,TRUE,"VD","Lignerolle","Lignerolle","Lignerolle","Lignerolle VD","Lignerolle (VD)","Lignerolle (VD)","Waadt","Vaud","Vaud","https://thumb.wikimedia.org/wikipedia/commons/thumb/7/78/CHE_Lignerolle_COA.svg/500px-CHE_Lignerolle_COA.svg.png",27.899620086,FALSE,FALSE
22,5756,24.731182796,46,140,56.96969697,188,330,186,TRUE,"VD","Montcherand","Montcherand","Montcherand","Montcherand VD","Montcherand (VD)","Montcherand (VD)","Waadt","Vaud","Vaud","https://thumb.wikimedia.org/wikipedia/commons/thumb/d/db/CHE_Montcherand_COA.svg/500px-CHE_Montcherand_COA.svg.png",27.899620086,FALSE,FALSE
22,5757,30.477285796,530,1209,42.654484251,1774,4159,1739,TRUE,"VD","Orbe","Orbe","Orbe","Orbe VD","Orbe (VD)","Orbe (VD)","Waadt","Vaud","Vaud","https://thumb.wikimedia.org/wikipedia/commons/thumb/6/65/CHE_Orbe_COA.svg/500px-CHE_Orbe_COA.svg.png",27.899620086,FALSE,FALSE
22,5758,40.860215054,38,55,65.734265734,94,143,93,TRUE,"VD","La Praz","La Praz","La Praz","La Praz VD","La Praz (VD)","La Praz (VD)","Waadt","Vaud","Vaud","https://thumb.wikimedia.org/wikipedia/commons/thumb/9/97/CHE_La_Praz_COA.svg/500px-CHE_La_Praz_COA.svg.png",27.899620086,FALSE,FALSE
22,5759,42.372881356,50,68,70.658682635,118,167,118,TRUE,"VD","Premier","Premier","Premier","Premier VD","Premier (VD)","Premier (VD)","Waadt","Vaud","Vaud","https://thumb.wikimedia.org/wikipedia/commons/thumb/4/47/CHE_Premier_COA.svg/500px-CHE_Premier_COA.svg.png",27.899620086,FALSE,FALSE
22,5760,31.683168317,64,138,55.858310627,205,367,202,TRUE,"VD","Rances","Rances","Rances","Rances VD","Rances (VD)","Rances (VD)","Waadt","Vaud","Vaud","https://thumb.wikimedia.org/wikipedia/commons/thumb/6/69/CHE_Rances_COA.svg/500px-CHE_Rances_COA.svg.png",27.899620086,FALSE,FALSE
22,5761,28.640776699,59,147,53.727506427,209,389,206,TRUE,"VD","Romainmôtier-Envy","Romainmôtier-Envy","Romainmôtier-Envy","Romainmôtier-Envy VD","Romainmôtier-Envy (VD)","Romainmôtier-Envy (VD)","Waadt","Vaud","Vaud","https://thumb.wikimedia.org/wikipedia/commons/thumb/6/62/CHE_Romainmotier-Envy_COA.svg/500px-CHE_Romainmotier-Envy_COA.svg.png",27.899620086,FALSE,FALSE
22,5762,43.75,28,36,59.090909091,65,110,64,TRUE,"VD","Sergey","Sergey","Sergey","Sergey VD","Sergey (VD)","Sergey (VD)","Waadt","Vaud","Vaud","https://thumb.wikimedia.org/wikipedia/commons/thumb/6/62/CHE_Sergey_COA.svg/500px-CHE_Sergey_COA.svg.png",27.899620086,FALSE,FALSE
22,5763,24.886877828,55,166,50.338600451,223,443,221,TRUE,"VD","Valeyres-sous-Rances","Valeyres-sous-Rances","Valeyres-sous-Rances","Valeyres-sous-Rances VD","Valeyres-sous-Rances (VD)","Valeyres-sous-Rances (VD)","Waadt","Vaud","Vaud","https://thumb.wikimedia.org/wikipedia/commons/thumb/f/ff/CHE_Valeyres-sous-Rances_COA.svg/500px-CHE_Valeyres-sous-Rances_COA.svg.png",27.899620086,FALSE,FALSE
22,5764,36.28601921,340,597,41.98943662,954,2272,937,TRUE,"VD","Vallorbe","Vallorbe","Vallorbe","Vallorbe VD","Vallorbe (VD)","Vallorbe (VD)","Waadt","Vaud","Vaud","https://thumb.wikimedia.org/wikipedia/commons/thumb/d/d8/CHE_Vallorbe_COA.svg/500px-CHE_Vallorbe_COA.svg.png",27.899620086,FALSE,FALSE
22,5765,38.144329897,74,120,57.101449275,197,345,194,TRUE,"VD","Vaulion","Vaulion","Vaulion","Vaulion VD","Vaulion (VD)","Vaulion (VD)","Waadt","Vaud","Vaud","https://thumb.wikimedia.org/wikipedia/commons/thumb/0/0c/CHE_Vaulion_COA.svg/500px-CHE_Vaulion_COA.svg.png",27.899620086,FALSE,FALSE
22,5766,30.23255814,52,120,43.969849246,175,398,172,TRUE,"VD","Vuiteboeuf","Vuiteboeuf","Vuiteboeuf","Vuiteboeuf VD","Vuiteboeuf (VD)","Vuiteboeuf (VD)","Waadt","Vaud","Vaud","https://thumb.wikimedia.org/wikipedia/commons/thumb/a/a5/CHE_Vuiteboeuf_COA.svg/500px-CHE_Vuiteboeuf_COA.svg.png",27.899620086,FALSE,FALSE
22,5785,30.687830688,58,131,57.798165138,189,327,189,TRUE,"VD","Corcelles-le-Jorat","Corcelles-le-Jorat","Corcelles-le-Jorat","Corcelles-le-Jorat VD","Corcelles-le-Jorat (VD)","Corcelles-le-Jorat (VD)","Waadt","Vaud","Vaud","https://thumb.wikimedia.org/wikipedia/commons/thumb/2/24/CHE_Corcelles-le-Jorat_COA.svg/500px-CHE_Corcelles-le-Jorat_COA.svg.png",27.899620086,FALSE,FALSE
22,5790,,,,,,,,FALSE,"VD","Maracon","Maracon","Maracon","Maracon VD","Maracon (VD)","Maracon (VD)","Waadt","Vaud","Vaud","https://thumb.wikimedia.org/wikipedia/commons/thumb/1/10/CHE_Maracon_COA.svg/500px-CHE_Maracon_COA.svg.png",27.899620086,FALSE,FALSE
22,5792,31.111111111,70,155,55.528846154,231,416,225,TRUE,"VD","Montpreveyres","Montpreveyres","Montpreveyres","Montpreveyres VD","Montpreveyres (VD)","Montpreveyres (VD)","Waadt","Vaud","Vaud","https://thumb.wikimedia.org/wikipedia/commons/thumb/f/fd/CHE_Montpreveyres_COA.svg/500px-CHE_Montpreveyres_COA.svg.png",27.899620086,FALSE,FALSE
22,5798,29.447852761,48,115,53.144654088,169,318,163,TRUE,"VD","Ropraz","Ropraz","Ropraz","Ropraz VD","Ropraz (VD)","Ropraz (VD)","Waadt","Vaud","Vaud","https://thumb.wikimedia.org/wikipedia/commons/thumb/8/8d/CHE_Ropraz_COA.svg/500px-CHE_Ropraz_COA.svg.png",27.899620086,FALSE,FALSE
22,5799,25.939849624,207,591,55.593685655,810,1457,798,TRUE,"VD","Servion","Servion","Servion","Servion VD","Servion (VD)","Servion (VD)","Waadt","Vaud","Vaud","https://thumb.wikimedia.org/wikipedia/commons/thumb/d/d0/CHE_Servion_COA.svg/500px-CHE_Servion_COA.svg.png",27.899620086,FALSE,FALSE
22,5803,28.630705394,69,172,57.77262181,249,431,241,TRUE,"VD","Vulliens","Vulliens","Vulliens","Vulliens VD","Vulliens (VD)","Vulliens (VD)","Waadt","Vaud","Vaud","https://thumb.wikimedia.org/wikipedia/commons/thumb/f/f1/CHE_Vulliens_COA.svg/500px-CHE_Vulliens_COA.svg.png",27.899620086,FALSE,FALSE
22,5804,27.758007117,156,406,55.082284608,569,1033,562,TRUE,"VD","Jorat-Menthue","Jorat-Menthue","Jorat-Menthue","Jorat-Menthue VD","Jorat-Menthue (VD)","Jorat-Menthue (VD)","Waadt","Vaud","Vaud","https://thumb.wikimedia.org/wikipedia/commons/thumb/e/e0/CHE_Jorat-Menthue_COA.svg/500px-CHE_Jorat-Menthue_COA.svg.png",27.899620086,FALSE,FALSE
22,5805,29.721199369,565,1336,50.663544106,1947,3843,1901,TRUE,"VD","Oron","Oron","Oron","Oron VD","Oron (VD)","Oron (VD)","Waadt","Vaud","Vaud","https://thumb.wikimedia.org/wikipedia/commons/thumb/9/91/CHE_Oron_COA.svg/500px-CHE_Oron_COA.svg.png",27.899620086,FALSE,FALSE
22,5806,26.475849732,296,822,52.930232558,1138,2150,1118,TRUE,"VD","Jorat-Mézières","Jorat-Mézières","Jorat-Mézières","Jorat-Mézières VD","Jorat-Mézières (VD)","Jorat-Mézières (VD)","Waadt","Vaud","Vaud","https://thumb.wikimedia.org/wikipedia/commons/thumb/8/8a/CHE_Jorat-M%C3%A9zi%C3%A8res_COA.svg/500px-CHE_Jorat-M%C3%A9zi%C3%A8res_COA.svg.png",27.899620086,FALSE,FALSE
22,5812,50,37,37,59.2,74,125,74,TRUE,"VD","Champtauroz","Champtauroz","Champtauroz","Champtauroz VD","Champtauroz (VD)","Champtauroz (VD)","Waadt","Vaud","Vaud","https://thumb.wikimedia.org/wikipedia/commons/thumb/b/bf/CHE_Champtauroz_COA.svg/500px-CHE_Champtauroz_COA.svg.png",27.899620086,FALSE,FALSE
22,5813,37.142857143,65,110,52.071005917,176,338,175,TRUE,"VD","Chevroux","Chevroux","Chevroux","Chevroux VD","Chevroux (VD)","Chevroux (VD)","Waadt","Vaud","Vaud","https://thumb.wikimedia.org/wikipedia/commons/thumb/0/0d/CHE_Chevroux_COA.svg/500px-CHE_Chevroux_COA.svg.png",27.899620086,FALSE,FALSE
22,5816,32.8125,231,473,45.012626263,713,1584,704,TRUE,"VD","Corcelles-près-Payerne","Corcelles-près-Payerne","Corcelles-près-Payerne","Corcelles-près-Payerne VD","Corcelles-près-Payerne (VD)","Corcelles-près-Payerne (VD)","Waadt","Vaud","Vaud","https://thumb.wikimedia.org/wikipedia/commons/thumb/4/40/CHE_Corcelles-pr%C3%A8s-Payerne_COA.svg/500px-CHE_Corcelles-pr%C3%A8s-Payerne_COA.svg.png",27.899620086,FALSE,FALSE
22,5817,34.827586207,101,189,42.037302726,293,697,290,TRUE,"VD","Grandcour","Grandcour","Grandcour","Grandcour VD","Grandcour (VD)","Grandcour (VD)","Waadt","Vaud","Vaud","https://thumb.wikimedia.org/wikipedia/commons/thumb/f/f8/CHE_Grandcour_COA.svg/500px-CHE_Grandcour_COA.svg.png",27.899620086,FALSE,FALSE
22,5819,40.594059406,41,60,38.576779026,103,267,101,TRUE,"VD","Henniez","Henniez","Henniez","Henniez VD","Henniez (VD)","Henniez (VD)","Waadt","Vaud","Vaud","https://thumb.wikimedia.org/wikipedia/commons/thumb/7/7b/CHE_Henniez_COA.svg/500px-CHE_Henniez_COA.svg.png",27.899620086,FALSE,FALSE
22,5821,28.671328671,41,102,62.288135593,147,236,143,TRUE,"VD","Missy","Missy","Missy","Missy VD","Missy (VD)","Missy (VD)","Waadt","Vaud","Vaud","https://thumb.wikimedia.org/wikipedia/commons/thumb/e/ef/CHE_Missy_COA.svg/500px-CHE_Missy_COA.svg.png",27.899620086,FALSE,FALSE
22,5822,30.121703854,594,1378,41.376468164,2008,4853,1972,TRUE,"VD","Payerne","Payerne","Payerne","Payerne VD","Payerne (VD)","Payerne (VD)","Waadt","Vaud","Vaud","https://thumb.wikimedia.org/wikipedia/commons/thumb/1/1b/CHE_Payerne_VD_COA.svg/500px-CHE_Payerne_VD_COA.svg.png",27.899620086,FALSE,FALSE
22,5827,38.235294118,39,63,51.243781095,103,201,102,TRUE,"VD","Trey","Trey","Trey","Trey VD","Trey (VD)","Trey (VD)","Waadt","Vaud","Vaud","https://thumb.wikimedia.org/wikipedia/commons/thumb/d/df/CHE_Trey_COA.svg/500px-CHE_Trey_COA.svg.png",27.899620086,FALSE,FALSE
22,5828,46.296296296,25,29,67.901234568,55,81,54,TRUE,"VD","Treytorrens (Payerne)","Treytorrens (Payerne)","Treytorrens (Payerne)","Treytorrens (Payerne) VD","Treytorrens (Payerne) (VD)","Treytorrens (Payerne) (VD)","Waadt","Vaud","Vaud","https://thumb.wikimedia.org/wikipedia/commons/thumb/9/97/CHE_Treytorrens_COA.svg/500px-CHE_Treytorrens_COA.svg.png",27.899620086,FALSE,FALSE
22,5830,28.402366864,48,121,56.026058632,172,307,169,TRUE,"VD","Villarzel","Villarzel","Villarzel","Villarzel VD","Villarzel (VD)","Villarzel (VD)","Waadt","Vaud","Vaud","https://thumb.wikimedia.org/wikipedia/commons/thumb/7/7b/CHE_Villarzel_COA.svg/500px-CHE_Villarzel_COA.svg.png",27.899620086,FALSE,FALSE
22,5831,36.301369863,371,651,42.25924421,1040,2461,1022,TRUE,"VD","Valbroye","Valbroye","Valbroye","Valbroye VD","Valbroye (VD)","Valbroye (VD)","Waadt","Vaud","Vaud","https://thumb.wikimedia.org/wikipedia/commons/thumb/1/11/CHE_Valbroye_COA.svg/500px-CHE_Valbroye_COA.svg.png",27.899620086,FALSE,FALSE
22,5841,33.229813665,321,645,48.101265823,988,2054,966,TRUE,"VD","Château-d'Oex","Château-d'Oex","Château-d'Oex","Château-d'Oex VD","Château-d'Oex (VD)","Château-d'Oex (VD)","Waadt","Vaud","Vaud","https://thumb.wikimedia.org/wikipedia/commons/thumb/b/b4/CHE_Ch%C3%A2teau_d%E2%80%99Oex_COA.svg/500px-CHE_Ch%C3%A2teau_d%E2%80%99Oex_COA.svg.png",27.899620086,FALSE,FALSE
22,5842,25.903614458,43,123,50.755287009,168,331,166,TRUE,"VD","Rossinière","Rossinière","Rossinière","Rossinière VD","Rossinière (VD)","Rossinière (VD)","Waadt","Vaud","Vaud","https://thumb.wikimedia.org/wikipedia/commons/thumb/a/a9/CHE_Rossini%C3%A8re_COA.svg/500px-CHE_Rossini%C3%A8re_COA.svg.png",27.899620086,FALSE,FALSE
22,5843,40.721649485,79,115,44.748858447,196,438,194,TRUE,"VD","Rougemont","Rougemont","Rougemont","Rougemont VD","Rougemont (VD)","Rougemont (VD)","Waadt","Vaud","Vaud","https://thumb.wikimedia.org/wikipedia/commons/thumb/0/0c/CHE_Rougemont_COA.svg/500px-CHE_Rougemont_COA.svg.png",27.899620086,FALSE,FALSE
22,5851,24.822695035,35,106,59.016393443,144,244,141,TRUE,"VD","Allaman","Allaman","Allaman","Allaman VD","Allaman (VD)","Allaman (VD)","Waadt","Vaud","Vaud","https://thumb.wikimedia.org/wikipedia/commons/thumb/e/e1/CHE_Allaman_COA.svg/500px-CHE_Allaman_COA.svg.png",27.899620086,FALSE,FALSE
22,5852,29.447852761,48,115,52.063492063,164,315,163,TRUE,"VD","Bursinel","Bursinel","Bursinel","Bursinel VD","Bursinel (VD)","Bursinel (VD)","Waadt","Vaud","Vaud","https://thumb.wikimedia.org/wikipedia/commons/thumb/6/6b/CHE_Bursinel_COA.svg/500px-CHE_Bursinel_COA.svg.png",27.899620086,FALSE,FALSE
22,5853,25.278810409,68,201,55.193482688,271,491,269,TRUE,"VD","Bursins","Bursins","Bursins","Bursins VD","Bursins (VD)","Bursins (VD)","Waadt","Vaud","Vaud","https://thumb.wikimedia.org/wikipedia/commons/thumb/f/fa/CHE_Bursins_COA.svg/500px-CHE_Bursins_COA.svg.png",27.899620086,FALSE,FALSE
22,5854,35.810810811,53,95,60.784313725,155,255,148,TRUE,"VD","Burtigny","Burtigny","Burtigny","Burtigny VD","Burtigny (VD)","Burtigny (VD)","Waadt","Vaud","Vaud","https://thumb.wikimedia.org/wikipedia/commons/thumb/7/73/CHE_Burtigny_COA.svg/500px-CHE_Burtigny_COA.svg.png",27.899620086,FALSE,FALSE
22,5855,29.62962963,64,152,59.779614325,217,363,216,TRUE,"VD","Dully","Dully","Dully","Dully VD","Dully (VD)","Dully (VD)","Waadt","Vaud","Vaud","https://thumb.wikimedia.org/wikipedia/commons/thumb/d/dd/CHE_Dully_COA.svg/500px-CHE_Dully_COA.svg.png",27.899620086,FALSE,FALSE
22,5856,23.791821561,64,205,60.402684564,270,447,269,TRUE,"VD","Essertines-sur-Rolle","Essertines-sur-Rolle","Essertines-sur-Rolle","Essertines-sur-Rolle VD","Essertines-sur-Rolle (VD)","Essertines-sur-Rolle (VD)","Waadt","Vaud","Vaud","https://thumb.wikimedia.org/wikipedia/commons/thumb/b/b0/CHE_Essertines-sur-Rolle_COA.svg/500px-CHE_Essertines-sur-Rolle_COA.svg.png",27.899620086,FALSE,FALSE
22,5857,26.736842105,127,348,57.497048406,487,847,475,TRUE,"VD","Gilly","Gilly","Gilly","Gilly VD","Gilly (VD)","Gilly (VD)","Waadt","Vaud","Vaud","https://thumb.wikimedia.org/wikipedia/commons/thumb/2/25/CHE_Gilly_COA.svg/500px-CHE_Gilly_COA.svg.png",27.899620086,FALSE,FALSE
22,5858,30.481283422,57,130,55.685131195,191,343,187,TRUE,"VD","Luins","Luins","Luins","Luins VD","Luins (VD)","Luins (VD)","Waadt","Vaud","Vaud","https://thumb.wikimedia.org/wikipedia/commons/thumb/5/54/CHE_Luins_COA.svg/500px-CHE_Luins_COA.svg.png",27.899620086,FALSE,FALSE
22,5859,28.905289053,235,578,51.076923077,830,1625,813,TRUE,"VD","Mont-sur-Rolle","Mont-sur-Rolle","Mont-sur-Rolle","Mont-sur-Rolle VD","Mont-sur-Rolle (VD)","Mont-sur-Rolle (VD)","Waadt","Vaud","Vaud","https://thumb.wikimedia.org/wikipedia/commons/thumb/c/cd/CHE_Mont-sur-Rolle_COA.svg/500px-CHE_Mont-sur-Rolle_COA.svg.png",27.899620086,FALSE,FALSE
22,5860,31.450094162,167,364,58.71459695,539,918,531,TRUE,"VD","Perroy","Perroy","Perroy","Perroy VD","Perroy (VD)","Perroy (VD)","Waadt","Vaud","Vaud","https://thumb.wikimedia.org/wikipedia/commons/thumb/f/f2/CHE_Perroy_COA.svg/500px-CHE_Perroy_COA.svg.png",27.899620086,FALSE,FALSE
22,5861,24.735202492,397,1208,51.097867001,1629,3188,1605,TRUE,"VD","Rolle","Rolle","Rolle","Rolle VD","Rolle (VD)","Rolle (VD)","Waadt","Vaud","Vaud","https://thumb.wikimedia.org/wikipedia/commons/thumb/b/be/CHE_Rolle_COA.svg/500px-CHE_Rolle_COA.svg.png",27.899620086,FALSE,FALSE
22,5862,36,27,48,58.139534884,75,129,75,TRUE,"VD","Tartegnin","Tartegnin","Tartegnin","Tartegnin VD","Tartegnin (VD)","Tartegnin (VD)","Waadt","Vaud","Vaud","https://thumb.wikimedia.org/wikipedia/commons/thumb/4/40/CHE_Tartegnin_COA.svg/500px-CHE_Tartegnin_COA.svg.png",27.899620086,FALSE,FALSE
22,5863,25.531914894,36,105,60.337552743,143,237,141,TRUE,"VD","Vinzel","Vinzel","Vinzel","Vinzel VD","Vinzel (VD)","Vinzel (VD)","Waadt","Vaud","Vaud","https://thumb.wikimedia.org/wikipedia/commons/thumb/2/28/CHE_Vinzel_COA.svg/500px-CHE_Vinzel_COA.svg.png",27.899620086,FALSE,FALSE
22,5871,29.635036496,203,482,67.727272727,745,1100,685,TRUE,"VD","L'Abbaye","L'Abbaye","L'Abbaye","L'Abbaye VD","L'Abbaye (VD)","L'Abbaye (VD)","Waadt","Vaud","Vaud","https://thumb.wikimedia.org/wikipedia/commons/thumb/3/34/CHE_L%E2%80%99Abbaye_COA.svg/500px-CHE_L%E2%80%99Abbaye_COA.svg.png",27.899620086,FALSE,FALSE
22,5872,32.330383481,548,1147,61.984352774,1743,2812,1695,TRUE,"VD","Le Chenit","Le Chenit","Le Chenit","Le Chenit VD","Le Chenit (VD)","Le Chenit (VD)","Waadt","Vaud","Vaud","https://thumb.wikimedia.org/wikipedia/commons/thumb/3/33/CHE_Le_Chenit_COA.svg/500px-CHE_Le_Chenit_COA.svg.png",27.899620086,FALSE,FALSE
22,5873,32.048192771,133,282,61.739130435,426,690,415,TRUE,"VD","Le Lieu","Le Lieu","Le Lieu","Le Lieu VD","Le Lieu (VD)","Le Lieu (VD)","Waadt","Vaud","Vaud","https://thumb.wikimedia.org/wikipedia/commons/thumb/3/38/CHE_Le_Lieu_COA.svg/500px-CHE_Le_Lieu_COA.svg.png",27.899620086,FALSE,FALSE
22,5882,25.707154742,309,893,56.523765144,1213,2146,1202,TRUE,"VD","Chardonne","Chardonne","Chardonne","Chardonne VD","Chardonne (VD)","Chardonne (VD)","Waadt","Vaud","Vaud","https://thumb.wikimedia.org/wikipedia/commons/thumb/1/1b/CHE_Chardonne_COA.svg/500px-CHE_Chardonne_COA.svg.png",27.899620086,FALSE,FALSE
22,5883,21.976744186,189,671,59.725085911,869,1455,860,TRUE,"VD","Corseaux","Corseaux","Corseaux","Corseaux VD","Corseaux (VD)","Corseaux (VD)","Waadt","Vaud","Vaud","https://thumb.wikimedia.org/wikipedia/commons/thumb/e/e9/CHE_Corseaux_COA.svg/500px-CHE_Corseaux_COA.svg.png",27.899620086,FALSE,FALSE
22,5884,30.62248996,305,691,52.270381837,1013,1938,996,TRUE,"VD","Corsier-sur-Vevey","Corsier-sur-Vevey","Corsier-sur-Vevey","Corsier-sur-Vevey VD","Corsier-sur-Vevey (VD)","Corsier-sur-Vevey (VD)","Waadt","Vaud","Vaud","https://thumb.wikimedia.org/wikipedia/commons/thumb/2/23/CHE_Corsier-sur-Vevey_COA.svg/500px-CHE_Corsier-sur-Vevey_COA.svg.png",27.899620086,FALSE,FALSE
22,5885,23.041474654,150,501,58.504007124,657,1123,651,TRUE,"VD","Jongny","Jongny","Jongny","Jongny VD","Jongny (VD)","Jongny (VD)","Waadt","Vaud","Vaud","https://thumb.wikimedia.org/wikipedia/commons/thumb/a/a8/CHE_Jongny_COA.svg/500px-CHE_Jongny_COA.svg.png",27.899620086,FALSE,FALSE
22,5886,30.372648336,1679,3849,45.383183621,5608,12357,5528,TRUE,"VD","Montreux","Montreux","Montreux","Montreux VD","Montreux (VD)","Montreux (VD)","Waadt","Vaud","Vaud","https://thumb.wikimedia.org/wikipedia/commons/thumb/7/77/CHE_Montreux_COA.svg/500px-CHE_Montreux_COA.svg.png",27.899620086,FALSE,FALSE
22,5889,23.354673496,912,2993,52.481800132,3965,7555,3905,TRUE,"VD","La Tour-de-Peilz","La Tour-de-Peilz","La Tour-de-Peilz","La Tour-de-Peilz VD","La Tour-de-Peilz (VD)","La Tour-de-Peilz (VD)","Waadt","Vaud","Vaud","https://thumb.wikimedia.org/wikipedia/commons/thumb/0/05/CHE_La_Tour-de-Peilz_COA.svg/500px-CHE_La_Tour-de-Peilz_COA.svg.png",27.899620086,FALSE,FALSE
22,5890,21.705069124,942,3398,44.16816457,4423,10014,4340,TRUE,"VD","Vevey","Vevey","Vevey","Vevey VD","Vevey (VD)","Vevey (VD)","Waadt","Vaud","Vaud","https://thumb.wikimedia.org/wikipedia/commons/thumb/5/59/CHE_Vevey_COA.svg/500px-CHE_Vevey_COA.svg.png",27.899620086,FALSE,FALSE
22,5891,32.627118644,77,159,45.961538462,239,520,236,TRUE,"VD","Veytaux","Veytaux","Veytaux","Veytaux VD","Veytaux (VD)","Veytaux (VD)","Waadt","Vaud","Vaud","https://thumb.wikimedia.org/wikipedia/commons/thumb/6/62/CHE_Veytaux_COA.svg/500px-CHE_Veytaux_COA.svg.png",27.899620086,FALSE,FALSE
22,5892,22.605714286,989,3386,56.479591837,4428,7840,4375,TRUE,"VD","Blonay-Saint-Légier","Blonay-Saint-Légier","Blonay-Saint-Légier","Blonay-Saint-Légier VD","Blonay-Saint-Légier (VD)","Blonay-Saint-Légier (((VD)))","Waadt","Vaud","Vaud","https://thumb.wikimedia.org/wikipedia/commons/thumb/b/b4/CHE_Blonay-Saint-L%C3%A9gier_COA.svg/500px-CHE_Blonay-Saint-L%C3%A9gier_COA.svg.png",27.899620086,FALSE,FALSE
22,5902,41.666666667,75,105,60.197368421,183,304,180,TRUE,"VD","Belmont-sur-Yverdon","Belmont-sur-Yverdon","Belmont-sur-Yverdon","Belmont-sur-Yverdon VD","Belmont-sur-Yverdon (VD)","Belmont-sur-Yverdon (VD)","Waadt","Vaud","Vaud","https://thumb.wikimedia.org/wikipedia/commons/thumb/8/88/CHE_Belmont-sur-Yverdon_COA.svg/500px-CHE_Belmont-sur-Yverdon_COA.svg.png",27.899620086,FALSE,FALSE
22,5903,39.495798319,47,72,61.92893401,122,197,119,TRUE,"VD","Bioley-Magnoux","Bioley-Magnoux","Bioley-Magnoux","Bioley-Magnoux VD","Bioley-Magnoux (VD)","Bioley-Magnoux (VD)","Waadt","Vaud","Vaud","https://thumb.wikimedia.org/wikipedia/commons/thumb/e/e8/CHE_Bioley-Magnoux_COA.svg/500px-CHE_Bioley-Magnoux_COA.svg.png",27.899620086,FALSE,FALSE
22,5904,25.238095238,53,157,52.75,211,400,210,TRUE,"VD","Chamblon","Chamblon","Chamblon","Chamblon VD","Chamblon (VD)","Chamblon (VD)","Waadt","Vaud","Vaud","https://thumb.wikimedia.org/wikipedia/commons/thumb/5/54/CHE_Chamblon_COA.svg/500px-CHE_Chamblon_COA.svg.png",27.899620086,FALSE,FALSE
22,5905,28,70,180,56.666666667,255,450,250,TRUE,"VD","Champvent","Champvent","Champvent","Champvent VD","Champvent (VD)","Champvent (VD)","Waadt","Vaud","Vaud","https://thumb.wikimedia.org/wikipedia/commons/thumb/c/ca/CHE_Champvent_COA.svg/500px-CHE_Champvent_COA.svg.png",27.899620086,FALSE,FALSE
22,5907,35.514018692,38,69,46.581196581,109,234,107,TRUE,"VD","Chavannes-le-Chêne","Chavannes-le-Chêne","Chavannes-le-Chêne","Chavannes-le-Chêne VD","Chavannes-le-Chêne (VD)","Chavannes-le-Chêne (VD)","Waadt","Vaud","Vaud","https://thumb.wikimedia.org/wikipedia/commons/thumb/5/53/CHE_Chavannes-le-Ch%C3%AAne_COA.svg/500px-CHE_Chavannes-le-Ch%C3%AAne_COA.svg.png",27.899620086,FALSE,FALSE
22,5908,27.692307692,18,47,59.633027523,65,109,65,TRUE,"VD","Chêne-Pâquier","Chêne-Pâquier","Chêne-Pâquier","Chêne-Pâquier VD","Chêne-Pâquier (VD)","Chêne-Pâquier (VD)","Waadt","Vaud","Vaud","https://thumb.wikimedia.org/wikipedia/commons/thumb/e/e3/CHE_Ch%C3%AAne-P%C3%A2quier_COA.svg/500px-CHE_Ch%C3%AAne-P%C3%A2quier_COA.svg.png",27.899620086,FALSE,FALSE
22,5909,21.305841924,62,229,58.185404339,295,507,291,TRUE,"VD","Cheseaux-Noréaz","Cheseaux-Noréaz","Cheseaux-Noréaz","Cheseaux-Noréaz VD","Cheseaux-Noréaz (VD)","Cheseaux-Noréaz (VD)","Waadt","Vaud","Vaud","https://thumb.wikimedia.org/wikipedia/commons/thumb/5/54/CHE_Cheseaux-Nor%C3%A9az_COA.svg/500px-CHE_Cheseaux-Nor%C3%A9az_COA.svg.png",27.899620086,FALSE,FALSE
22,5910,28.865979381,56,138,62.222222222,196,315,194,TRUE,"VD","Cronay","Cronay","Cronay","Cronay VD","Cronay (VD)","Cronay (VD)","Waadt","Vaud","Vaud","https://thumb.wikimedia.org/wikipedia/commons/thumb/c/ce/CHE_Cronay_COA.svg/500px-CHE_Cronay_COA.svg.png",27.899620086,FALSE,FALSE
22,5911,42.201834862,46,63,66.666666667,112,168,109,TRUE,"VD","Cuarny","Cuarny","Cuarny","Cuarny VD","Cuarny (VD)","Cuarny (VD)","Waadt","Vaud","Vaud","https://thumb.wikimedia.org/wikipedia/commons/thumb/0/05/CHE_Cuarny_COA.svg/500px-CHE_Cuarny_COA.svg.png",27.899620086,FALSE,FALSE
22,5912,32.467532468,25,52,62.204724409,79,127,77,TRUE,"VD","Démoret","Démoret","Démoret","Démoret VD","Démoret (VD)","Démoret (VD)","Waadt","Vaud","Vaud","https://thumb.wikimedia.org/wikipedia/commons/thumb/e/e6/CHE_D%C3%A9moret_COA.svg/500px-CHE_D%C3%A9moret_COA.svg.png",27.899620086,FALSE,FALSE
22,5913,28.228228228,94,239,58.432708688,343,587,333,TRUE,"VD","Donneloye","Donneloye","Donneloye","Donneloye VD","Donneloye (VD)","Donneloye (VD)","Waadt","Vaud","Vaud","https://thumb.wikimedia.org/wikipedia/commons/thumb/2/2c/CHE_Donneloye_COA.svg/500px-CHE_Donneloye_COA.svg.png",27.899620086,FALSE,FALSE
22,5914,31.654676259,44,95,57.959183673,142,245,139,TRUE,"VD","Ependes VD","Ependes (VD)","Ependes VD","Ependes VD","Ependes (VD)","Ependes (VD)","Waadt","Vaud","Vaud","https://thumb.wikimedia.org/wikipedia/commons/thumb/7/7d/CHE_Ependes_COA.svg/500px-CHE_Ependes_COA.svg.png",27.899620086,FALSE,FALSE
22,5919,30.909090909,85,190,54.851485149,277,505,275,TRUE,"VD","Mathod","Mathod","Mathod","Mathod VD","Mathod (VD)","Mathod (VD)","Waadt","Vaud","Vaud","https://thumb.wikimedia.org/wikipedia/commons/thumb/8/8d/CHE_Mathod_COA.svg/500px-CHE_Mathod_COA.svg.png",27.899620086,FALSE,FALSE
22,5921,40.206185567,39,58,59.064327485,101,171,97,TRUE,"VD","Molondin","Molondin","Molondin","Molondin VD","Molondin (VD)","Molondin (VD)","Waadt","Vaud","Vaud","https://thumb.wikimedia.org/wikipedia/commons/thumb/e/e7/CHE_Molondin_COA.svg/500px-CHE_Molondin_COA.svg.png",27.899620086,FALSE,FALSE
22,5922,26.907630522,67,182,42.262895175,254,601,249,TRUE,"VD","Montagny-près-Yverdon","Montagny-près-Yverdon","Montagny-près-Yverdon","Montagny-près-Yverdon VD","Montagny-près-Yverdon (VD)","Montagny-près-Yverdon (VD)","Waadt","Vaud","Vaud","https://thumb.wikimedia.org/wikipedia/commons/thumb/6/63/CHE_Montagny-pr%C3%A8s-Yverdon_COA.svg/500px-CHE_Montagny-pr%C3%A8s-Yverdon_COA.svg.png",27.899620086,FALSE,FALSE
22,5923,38.157894737,29,47,62.698412698,79,126,76,TRUE,"VD","Oppens","Oppens","Oppens","Oppens VD","Oppens (VD)","Oppens (VD)","Waadt","Vaud","Vaud","https://thumb.wikimedia.org/wikipedia/commons/thumb/9/9a/CHE_Oppens_COA.svg/500px-CHE_Oppens_COA.svg.png",27.899620086,FALSE,FALSE
22,5924,29.323308271,39,94,48.581560284,137,282,133,TRUE,"VD","Orges","Orges","Orges","Orges VD","Orges (VD)","Orges (VD)","Waadt","Vaud","Vaud","https://thumb.wikimedia.org/wikipedia/commons/thumb/7/75/CHE_Orges_COA.svg/500px-CHE_Orges_COA.svg.png",27.899620086,FALSE,FALSE
22,5925,41.584158416,42,59,63.522012579,101,159,101,TRUE,"VD","Orzens","Orzens","Orzens","Orzens VD","Orzens (VD)","Orzens (VD)","Waadt","Vaud","Vaud","https://thumb.wikimedia.org/wikipedia/commons/thumb/a/a2/CHE_Orzens_COA.svg/500px-CHE_Orzens_COA.svg.png",27.899620086,FALSE,FALSE
22,5926,32.710280374,105,216,53.583061889,329,614,321,TRUE,"VD","Pomy","Pomy","Pomy","Pomy VD","Pomy (VD)","Pomy (VD)","Waadt","Vaud","Vaud","https://thumb.wikimedia.org/wikipedia/commons/thumb/7/79/CHE_Pomy_COA.svg/500px-CHE_Pomy_COA.svg.png",27.899620086,FALSE,FALSE
22,5928,53,53,47,76.691729323,102,133,100,TRUE,"VD","Rovray","Rovray","Rovray","Rovray VD","Rovray (VD)","Rovray (VD)","Waadt","Vaud","Vaud","https://thumb.wikimedia.org/wikipedia/commons/thumb/3/30/CHE_Rovray_COA.svg/500px-CHE_Rovray_COA.svg.png",27.899620086,FALSE,FALSE
22,5929,32.01754386,73,155,54.952830189,233,424,228,TRUE,"VD","Suchy","Suchy","Suchy","Suchy VD","Suchy (VD)","Suchy (VD)","Waadt","Vaud","Vaud","https://thumb.wikimedia.org/wikipedia/commons/thumb/e/ea/CHE_Suchy_COA.svg/500px-CHE_Suchy_COA.svg.png",27.899620086,FALSE,FALSE
22,5930,23.853211009,26,83,64.161849711,111,173,109,TRUE,"VD","Suscévaz","Suscévaz","Suscévaz","Suscévaz VD","Suscévaz (VD)","Suscévaz (VD)","Waadt","Vaud","Vaud","https://thumb.wikimedia.org/wikipedia/commons/thumb/0/0e/CHE_Susc%C3%A9vaz_COA.svg/500px-CHE_Susc%C3%A9vaz_COA.svg.png",27.899620086,FALSE,FALSE
22,5931,38.728323699,67,106,53.03030303,175,330,173,TRUE,"VD","Treycovagnes","Treycovagnes","Treycovagnes","Treycovagnes VD","Treycovagnes (VD)","Treycovagnes (VD)","Waadt","Vaud","Vaud","https://thumb.wikimedia.org/wikipedia/commons/thumb/7/72/CHE_Treycovagnes_COA.svg/500px-CHE_Treycovagnes_COA.svg.png",27.899620086,FALSE,FALSE
22,5932,17.346938776,17,81,64.473684211,98,152,98,TRUE,"VD","Ursins","Ursins","Ursins","Ursins VD","Ursins (VD)","Ursins (VD)","Waadt","Vaud","Vaud","https://thumb.wikimedia.org/wikipedia/commons/thumb/5/50/CHE_Ursins_COA.svg/500px-CHE_Ursins_COA.svg.png",27.899620086,FALSE,FALSE
22,5933,28.174603175,71,181,53.699788584,254,473,252,TRUE,"VD","Valeyres-sous-Montagny","Valeyres-sous-Montagny","Valeyres-sous-Montagny","Valeyres-sous-Montagny VD","Valeyres-sous-Montagny (VD)","Valeyres-sous-Montagny (VD)","Waadt","Vaud","Vaud","https://thumb.wikimedia.org/wikipedia/commons/thumb/0/00/CHE_Valeyres-sous-Montagny_COA.svg/500px-CHE_Valeyres-sous-Montagny_COA.svg.png",27.899620086,FALSE,FALSE
22,5934,35.114503817,46,85,73.480662983,133,181,131,TRUE,"VD","Valeyres-sous-Ursins","Valeyres-sous-Ursins","Valeyres-sous-Ursins","Valeyres-sous-Ursins VD","Valeyres-sous-Ursins (VD)","Valeyres-sous-Ursins (VD)","Waadt","Vaud","Vaud","https://thumb.wikimedia.org/wikipedia/commons/thumb/6/62/CHE_Valeyres-sous-Ursins_COA.svg/500px-CHE_Valeyres-sous-Ursins_COA.svg.png",27.899620086,FALSE,FALSE
22,5935,42.553191489,20,27,100,47,47,47,TRUE,"VD","Villars-Epeney","Villars-Epeney","Villars-Epeney","Villars-Epeney VD","Villars-Epeney (VD)","Villars-Epeney (VD)","Waadt","Vaud","Vaud","https://thumb.wikimedia.org/wikipedia/commons/thumb/e/e5/CHE_Villars-Epeney_COA.svg/500px-CHE_Villars-Epeney_COA.svg.png",27.899620086,FALSE,FALSE
22,5937,50.943396226,27,26,57.575757576,57,99,53,TRUE,"VD","Vugelles-La Mothe","Vugelles-La Mothe","Vugelles-La Mothe","Vugelles-La Mothe VD","Vugelles-La Mothe (VD)","Vugelles-La Mothe (VD)","Waadt","Vaud","Vaud","https://thumb.wikimedia.org/wikipedia/commons/thumb/3/38/CHE_Vugelles-La_Mothe_COA.svg/500px-CHE_Vugelles-La_Mothe_COA.svg.png",27.899620086,FALSE,FALSE
22,5938,28.602894902,1818,4538,43.148765844,6468,14990,6356,TRUE,"VD","Yverdon-les-Bains","Yverdon-les-Bains","Yverdon-les-Bains","Yverdon-les-Bains VD","Yverdon-les-Bains (VD)","Yverdon-les-Bains (VD)","Waadt","Vaud","Vaud","https://thumb.wikimedia.org/wikipedia/commons/thumb/9/9c/CHE_Yverdon-les-Bains_VD_COA.svg/500px-CHE_Yverdon-les-Bains_VD_COA.svg.png",27.899620086,FALSE,FALSE
22,5939,30.110262935,355,824,50.854700855,1190,2340,1179,TRUE,"VD","Yvonand","Yvonand","Yvonand","Yvonand VD","Yvonand (VD)","Yvonand (VD)","Waadt","Vaud","Vaud","https://thumb.wikimedia.org/wikipedia/commons/thumb/5/55/CHE_Yvonand_COA.svg/500px-CHE_Yvonand_COA.svg.png",27.899620086,FALSE,FALSE
23,6002,28.88,1083,2667,41.934777851,3832,9138,3750,TRUE,"VS","Brig-Glis","Brigue-Glis","Briga-Glis","Brig-Glis VS","Brigue-Glis (VS)","Briga-Glis (VS)","Wallis","Valais","Vallese","https://thumb.wikimedia.org/wikipedia/commons/thumb/e/ec/CHE_Brig-Glis_COA.svg/500px-CHE_Brig-Glis_COA.svg.png",33.309554594,FALSE,FALSE
23,6004,36.363636364,44,77,45.833333333,121,264,121,TRUE,"VS","Eggerberg","Eggerberg","Eggerberg","Eggerberg VS","Eggerberg (VS)","Eggerberg (VS)","Wallis","Valais","Vallese","https://thumb.wikimedia.org/wikipedia/commons/thumb/0/08/CHE_Eggerberg_COA.svg/500px-CHE_Eggerberg_COA.svg.png",33.309554594,FALSE,FALSE
23,6007,30.972865652,936,2086,42.928800334,3081,7177,3022,TRUE,"VS","Naters","Naters","Naters","Naters VS","Naters (VS)","Naters (VS)","Wallis","Valais","Vallese","https://thumb.wikimedia.org/wikipedia/commons/thumb/c/c8/CHE_Naters_COA.svg/500px-CHE_Naters_COA.svg.png",33.309554594,FALSE,FALSE
23,6008,30.027173913,221,515,44.763614602,748,1671,736,TRUE,"VS","Ried-Brig","Ried-Brig","Ried-Brig","Ried-Brig VS","Ried-Brig (VS)","Ried-Brig (VS)","Wallis","Valais","Vallese","https://thumb.wikimedia.org/wikipedia/commons/thumb/0/03/CHE_Ried-Brig_COA.svg/500px-CHE_Ried-Brig_COA.svg.png",33.309554594,FALSE,FALSE
23,6009,21.31147541,26,96,51.652892562,125,242,122,TRUE,"VS","Simplon","Simplon","Sempione","Simplon VS","Simplon (VS)","Sempione (VS)","Wallis","Valais","Vallese","https://thumb.wikimedia.org/wikipedia/commons/thumb/a/a7/CHE_Simplon_COA.svg/500px-CHE_Simplon_COA.svg.png",33.309554594,FALSE,FALSE
23,6010,24.933687003,94,283,46.840148699,378,807,377,TRUE,"VS","Termen","Termen","Termen","Termen VS","Termen (VS)","Termen (VS)","Wallis","Valais","Vallese","https://thumb.wikimedia.org/wikipedia/commons/thumb/c/c4/CHE_Termen_COA.svg/500px-CHE_Termen_COA.svg.png",33.309554594,FALSE,FALSE
23,6011,92,23,2,57.777777778,26,45,25,TRUE,"VS","Zwischbergen","Zwischbergen","Zwischbergen","Zwischbergen VS","Zwischbergen (VS)","Zwischbergen (VS)","Wallis","Valais","Vallese","https://thumb.wikimedia.org/wikipedia/commons/thumb/4/43/CHE_Zwischbergen_COA.svg/500px-CHE_Zwischbergen_COA.svg.png",33.309554594,FALSE,FALSE
23,6021,34.200260078,263,506,39.402985075,792,2010,769,TRUE,"VS","Ardon","Ardon","Ardon","Ardon VS","Ardon (VS)","Ardon (VS)","Wallis","Valais","Vallese","https://thumb.wikimedia.org/wikipedia/commons/thumb/a/ad/CHE_Ardon_COA.svg/500px-CHE_Ardon_COA.svg.png",33.309554594,FALSE,FALSE
23,6022,36.32038065,458,803,43.833780161,1308,2984,1261,TRUE,"VS","Chamoson","Chamoson","Chamoson","Chamoson VS","Chamoson (VS)","Chamoson (VS)","Wallis","Valais","Vallese","https://thumb.wikimedia.org/wikipedia/commons/thumb/c/c4/CHE_Chamoson_COA.svg/500px-CHE_Chamoson_COA.svg.png",33.309554594,FALSE,FALSE
23,6023,35.245143386,762,1400,38.211103496,2230,5836,2162,TRUE,"VS","Conthey","Conthey","Conthey","Conthey VS","Conthey (VS)","Conthey (VS)","Wallis","Valais","Vallese","https://thumb.wikimedia.org/wikipedia/commons/thumb/3/31/CHE_Conthey_COA.svg/500px-CHE_Conthey_COA.svg.png",33.309554594,FALSE,FALSE
23,6024,32.49733191,609,1265,39.193025142,1933,4932,1874,TRUE,"VS","Nendaz","Nendaz","Nendaz","Nendaz VS","Nendaz (VS)","Nendaz (VS)","Wallis","Valais","Vallese","https://thumb.wikimedia.org/wikipedia/commons/thumb/f/f1/CHE_Nendaz_COA.svg/500px-CHE_Nendaz_COA.svg.png",33.309554594,FALSE,FALSE
23,6025,33.815789474,514,1006,40.035906643,1561,3899,1520,TRUE,"VS","Vétroz","Vétroz","Vétroz","Vétroz VS","Vétroz (VS)","Vétroz (VS)","Wallis","Valais","Vallese","https://thumb.wikimedia.org/wikipedia/commons/thumb/b/b4/CHE_V%C3%A9troz_COA.svg/500px-CHE_V%C3%A9troz_COA.svg.png",33.309554594,FALSE,FALSE
23,6032,51.960784314,53,49,57.541899441,103,179,102,TRUE,"VS","Bourg-Saint-Pierre","Bourg-Saint-Pierre","Bourg-Saint-Pierre","Bourg-Saint-Pierre VS","Bourg-Saint-Pierre (VS)","Bourg-Saint-Pierre (VS)","Wallis","Valais","Vallese","https://thumb.wikimedia.org/wikipedia/commons/thumb/2/23/CHE_Bourg-Saint-Pierre_COA.svg/500px-CHE_Bourg-Saint-Pierre_COA.svg.png",33.309554594,FALSE,FALSE
23,6033,29.644268775,75,178,44.677137871,256,573,253,TRUE,"VS","Liddes","Liddes","Liddes","Liddes VS","Liddes (VS)","Liddes (VS)","Wallis","Valais","Vallese","https://thumb.wikimedia.org/wikipedia/commons/thumb/c/c4/CHE_Liddes_COA.svg/500px-CHE_Liddes_COA.svg.png",33.309554594,FALSE,FALSE
23,6034,33.302667893,362,725,51.289134438,1114,2172,1087,TRUE,"VS","Orsières","Orsières","Orsières","Orsières VS","Orsières (VS)","Orsières (VS)","Wallis","Valais","Vallese","https://thumb.wikimedia.org/wikipedia/commons/thumb/1/1b/CHE_Orsi%C3%A8res_COA.svg/500px-CHE_Orsi%C3%A8res_COA.svg.png",33.309554594,FALSE,FALSE
23,6035,34.237288136,101,194,43.849493488,303,691,295,TRUE,"VS","Sembrancher","Sembrancher","Sembrancher","Sembrancher VS","Sembrancher (VS)","Sembrancher (VS)","Wallis","Valais","Vallese","https://thumb.wikimedia.org/wikipedia/commons/thumb/a/a9/CHE_Sembrancher_COA.svg/500px-CHE_Sembrancher_COA.svg.png",33.309554594,FALSE,FALSE
23,6037,27.079516306,739,1990,44.962236863,2798,6223,2729,TRUE,"VS","Val de Bagnes","Val de Bagnes","Val de Bagnes","Val de Bagnes VS","Val de Bagnes (VS)","Val de Bagnes (VS)","Wallis","Valais","Vallese","https://thumb.wikimedia.org/wikipedia/commons/thumb/5/5d/CHE_Val_de_Bagnes_COA.svg/500px-CHE_Val_de_Bagnes_COA.svg.png",33.309554594,FALSE,FALSE
23,6052,31.111111111,42,93,56.504065041,139,246,135,TRUE,"VS","Bellwald","Bellwald","Bellwald","Bellwald VS","Bellwald (VS)","Bellwald (VS)","Wallis","Valais","Vallese","https://thumb.wikimedia.org/wikipedia/commons/thumb/1/1c/CHE_Bellwald_COA.svg/500px-CHE_Bellwald_COA.svg.png",33.309554594,FALSE,FALSE
23,6054,32.727272727,18,37,56.701030928,55,97,55,TRUE,"VS","Binn","Binn","Binn","Binn VS","Binn (VS)","Binn (VS)","Wallis","Valais","Vallese","https://thumb.wikimedia.org/wikipedia/commons/thumb/8/8e/CHE_Binn_COA.svg/500px-CHE_Binn_COA.svg.png",33.309554594,FALSE,FALSE
23,6056,35.978835979,68,121,47.432762836,194,409,189,TRUE,"VS","Ernen","Ernen","Ernen","Ernen VS","Ernen (VS)","Ernen (VS)","Wallis","Valais","Vallese","https://thumb.wikimedia.org/wikipedia/commons/thumb/9/90/CHE_Ernen_COA_alt.svg/500px-CHE_Ernen_COA_alt.svg.png",33.309554594,FALSE,FALSE
23,6057,31.060606061,82,182,42.097026604,269,639,264,TRUE,"VS","Fiesch","Fiesch","Fiesch","Fiesch VS","Fiesch (VS)","Fiesch (VS)","Wallis","Valais","Vallese","https://thumb.wikimedia.org/wikipedia/commons/thumb/3/39/CHE_Fiesch_COA.svg/500px-CHE_Fiesch_COA.svg.png",33.309554594,FALSE,FALSE
23,6058,32.8,41,84,50.200803213,125,249,125,TRUE,"VS","Fieschertal","Fieschertal","Fieschertal","Fieschertal VS","Fieschertal (VS)","Fieschertal (VS)","Wallis","Valais","Vallese","https://thumb.wikimedia.org/wikipedia/commons/thumb/c/c1/CHE_Fieschertal_COA.svg/500px-CHE_Fieschertal_COA.svg.png",33.309554594,FALSE,FALSE
23,6061,20.183486239,22,87,51.801801802,115,222,109,TRUE,"VS","Lax","Lax","Lax","Lax VS","Lax (VS)","Lax (VS)","Wallis","Valais","Vallese","https://thumb.wikimedia.org/wikipedia/commons/thumb/0/03/CHE_Lax_COA.svg/500px-CHE_Lax_COA.svg.png",33.309554594,FALSE,FALSE
23,6076,35.944700461,78,139,44.848484848,222,495,217,TRUE,"VS","Obergoms","Obergoms","Obergoms","Obergoms VS","Obergoms (VS)","Obergoms (VS)","Wallis","Valais","Vallese","https://thumb.wikimedia.org/wikipedia/commons/thumb/e/e2/CHE_Obergoms_COA.svg/500px-CHE_Obergoms_COA.svg.png",33.309554594,FALSE,FALSE
23,6077,25.740318907,113,326,49.550561798,441,890,439,TRUE,"VS","Goms","Goms","Goms","Goms VS","Goms (VS)","Goms (VS)","Wallis","Valais","Vallese","https://thumb.wikimedia.org/wikipedia/commons/thumb/a/aa/CHE_Goms_COA.svg/500px-CHE_Goms_COA.svg.png",33.309554594,FALSE,FALSE
23,6082,26.597938144,387,1068,46.215139442,1508,3263,1455,TRUE,"VS","Ayent","Ayent","Ayent","Ayent VS","Ayent (VS)","Ayent (VS)","Wallis","Valais","Vallese","https://thumb.wikimedia.org/wikipedia/commons/thumb/1/16/CHE_Ayent_COA.svg/500px-CHE_Ayent_COA.svg.png",33.309554594,FALSE,FALSE
23,6083,42.364016736,405,551,76.778733385,982,1279,956,TRUE,"VS","Evolène","Evolène","Evolène","Evolène VS","Evolène (VS)","Evolène (VS)","Wallis","Valais","Vallese","https://thumb.wikimedia.org/wikipedia/commons/thumb/5/5c/CHE_Evol%C3%A8ne_COA.svg/500px-CHE_Evol%C3%A8ne_COA.svg.png",33.309554594,FALSE,FALSE
23,6084,39.751552795,256,388,54.029605263,657,1216,644,TRUE,"VS","Hérémence","Hérémence","Hérémence","Hérémence VS","Hérémence (VS)","Hérémence (VS)","Wallis","Valais","Vallese","https://thumb.wikimedia.org/wikipedia/commons/thumb/6/61/H%C3%A9r%C3%A9mence-blazon.svg/250px-H%C3%A9r%C3%A9mence-blazon.svg.png",33.309554594,FALSE,FALSE
23,6087,29.916897507,108,253,56.366459627,363,644,361,TRUE,"VS","Saint-Martin VS","Saint-Martin (VS)","Saint-Martin VS","Saint-Martin VS","Saint-Martin (VS)","Saint-Martin (VS)","Wallis","Valais","Vallese","https://thumb.wikimedia.org/wikipedia/commons/thumb/4/4a/CHE_Saint-Martin_COA.svg/500px-CHE_Saint-Martin_COA.svg.png",33.309554594,FALSE,FALSE
23,6089,36.440677966,215,375,44.485025566,609,1369,590,TRUE,"VS","Vex","Vex","Vex","Vex VS","Vex (VS)","Vex (VS)","Wallis","Valais","Vallese","https://thumb.wikimedia.org/wikipedia/commons/thumb/c/ca/Vex-blazon.svg/250px-Vex-blazon.svg.png",33.309554594,FALSE,FALSE
23,6090,30.634573304,140,317,52.702702703,468,888,457,TRUE,"VS","Mont-Noble","Mont-Noble","Mont-Noble","Mont-Noble VS","Mont-Noble (VS)","Mont-Noble (VS)","Wallis","Valais","Vallese","https://thumb.wikimedia.org/wikipedia/commons/thumb/d/d4/CHE_Mont-Noble_COA.svg/500px-CHE_Mont-Noble_COA.svg.png",33.309554594,FALSE,FALSE
23,6101,43.58974359,119,154,49.90990991,277,555,273,TRUE,"VS","Agarn","Agarn","Agarn","Agarn VS","Agarn (VS)","Agarn (VS)","Wallis","Valais","Vallese","https://thumb.wikimedia.org/wikipedia/commons/thumb/2/24/CHE_Agarn_COA.svg/500px-CHE_Agarn_COA.svg.png",33.309554594,FALSE,FALSE
23,6102,33.018867925,35,71,54.922279793,106,193,106,TRUE,"VS","Albinen","Albinen","Albinen","Albinen VS","Albinen (VS)","Albinen (VS)","Wallis","Valais","Vallese","https://thumb.wikimedia.org/wikipedia/commons/thumb/7/74/CHE_Albinen_COA_alt.svg/500px-CHE_Albinen_COA_alt.svg.png",33.309554594,FALSE,FALSE
23,6104,48.571428571,51,54,73.426573427,105,143,105,TRUE,"VS","Ergisch","Ergisch","Ergisch","Ergisch VS","Ergisch (VS)","Ergisch (VS)","Wallis","Valais","Vallese","https://thumb.wikimedia.org/wikipedia/commons/thumb/e/e2/CHE_Ergisch_COA.svg/500px-CHE_Ergisch_COA.svg.png",33.309554594,FALSE,FALSE
23,6109,27.5,11,29,48.780487805,40,82,40,TRUE,"VS","Inden","Inden","Inden","Inden VS","Inden (VS)","Inden (VS)","Wallis","Valais","Vallese","https://thumb.wikimedia.org/wikipedia/commons/thumb/f/fb/CHE_Inden_COA.svg/500px-CHE_Inden_COA.svg.png",33.309554594,FALSE,FALSE
23,6110,33.044733045,458,928,48.510783978,1417,2921,1386,TRUE,"VS","Leuk","Loèche","Loèche","Leuk VS","Loèche (VS)","Loèche (VS)","Wallis","Valais","Vallese","https://thumb.wikimedia.org/wikipedia/commons/thumb/d/d3/CHE_Leuk_COA.svg/500px-CHE_Leuk_COA.svg.png",33.309554594,FALSE,FALSE
23,6111,35.737704918,109,196,41.542625169,307,739,305,TRUE,"VS","Leukerbad","Loèche-les-Bains","Loèche-les-Bains","Leukerbad VS","Loèche-les-Bains (VS)","Loèche-les-Bains (VS)","Wallis","Valais","Vallese","https://thumb.wikimedia.org/wikipedia/commons/thumb/8/86/CHE_Leukerbad_COA.svg/500px-CHE_Leukerbad_COA.svg.png",33.309554594,FALSE,FALSE
23,6112,39.285714286,22,34,46.774193548,58,124,56,TRUE,"VS","Oberems","Oberems","Oberems","Oberems VS","Oberems (VS)","Oberems (VS)","Wallis","Valais","Vallese","https://thumb.wikimedia.org/wikipedia/commons/thumb/f/f1/CHE_Oberems_COA.svg/500px-CHE_Oberems_COA.svg.png",33.309554594,FALSE,FALSE
23,6113,37.892791128,205,336,44.112903226,547,1240,541,TRUE,"VS","Salgesch","Salquenen","Salquenen","Salgesch VS","Salquenen (VS)","Salquenen (VS)","Wallis","Valais","Vallese","https://thumb.wikimedia.org/wikipedia/commons/thumb/4/42/CHE_Salgesch_COA.svg/500px-CHE_Salgesch_COA.svg.png",33.309554594,FALSE,FALSE
23,6116,32.046332046,83,176,49.713193117,260,523,259,TRUE,"VS","Varen","Varone","Varone","Varen VS","Varone (VS)","Varone (VS)","Wallis","Valais","Vallese","https://thumb.wikimedia.org/wikipedia/commons/thumb/3/3d/CHE_Varen_COA.svg/500px-CHE_Varen_COA.svg.png",33.309554594,FALSE,FALSE
23,6117,42.38410596,64,87,45.808383234,153,334,151,TRUE,"VS","Guttet-Feschel","Guttet-Feschel","Guttet-Feschel","Guttet-Feschel VS","Guttet-Feschel (VS)","Guttet-Feschel (VS)","Wallis","Valais","Vallese","https://thumb.wikimedia.org/wikipedia/commons/thumb/4/4f/GuttetFeschel-blazon.svg/250px-GuttetFeschel-blazon.svg.png",33.309554594,FALSE,FALSE
23,6118,36.578581363,263,456,46.534017972,725,1558,719,TRUE,"VS","Gampel-Bratsch","Gampel-Bratsch","Gampel-Bratsch","Gampel-Bratsch VS","Gampel-Bratsch (VS)","Gampel-Bratsch (VS)","Wallis","Valais","Vallese","https://thumb.wikimedia.org/wikipedia/commons/thumb/3/39/CHE_Gampel-Bratsch_COA.svg/500px-CHE_Gampel-Bratsch_COA.svg.png",33.309554594,FALSE,FALSE
23,6119,38.181818182,147,238,46.739130435,387,828,385,TRUE,"VS","Turtmann-Unterems","Turtmann-Unterems","Turtmann-Unterems","Turtmann-Unterems VS","Turtmann-Unterems (VS)","Turtmann-Unterems (VS)","Wallis","Valais","Vallese","https://thumb.wikimedia.org/wikipedia/commons/thumb/a/a3/Wappen_Wallis_matt.svg/500px-Wappen_Wallis_matt.svg.png",33.309554594,FALSE,FALSE
23,6131,32.244897959,79,166,41.856677524,257,614,245,TRUE,"VS","Bovernier","Bovernier","Bovernier","Bovernier VS","Bovernier (VS)","Bovernier (VS)","Wallis","Valais","Vallese","https://thumb.wikimedia.org/wikipedia/commons/thumb/0/0a/CHE_Bovernier_COA.svg/500px-CHE_Bovernier_COA.svg.png",33.309554594,FALSE,FALSE
23,6133,33.206252383,871,1752,44.645826405,2685,6014,2623,TRUE,"VS","Fully","Fully","Fully","Fully VS","Fully (VS)","Fully (VS)","Wallis","Valais","Vallese","https://thumb.wikimedia.org/wikipedia/commons/thumb/8/8d/CHE_Fully_COA.svg/500px-CHE_Fully_COA.svg.png",33.309554594,FALSE,FALSE
23,6134,44.660194175,92,114,35.264900662,213,604,206,TRUE,"VS","Isérables","Isérables","Isérables","Isérables VS","Isérables (VS)","Isérables (VS)","Wallis","Valais","Vallese","https://thumb.wikimedia.org/wikipedia/commons/thumb/1/12/CHE_Is%C3%A9rables_COA.svg/500px-CHE_Is%C3%A9rables_COA.svg.png",33.309554594,FALSE,FALSE
23,6135,39.736842105,453,687,47.493837305,1156,2434,1140,TRUE,"VS","Leytron","Leytron","Leytron","Leytron VS","Leytron (VS)","Leytron (VS)","Wallis","Valais","Vallese","https://thumb.wikimedia.org/wikipedia/commons/thumb/c/ca/CHE_Leytron_COA.svg/500px-CHE_Leytron_COA.svg.png",33.309554594,FALSE,FALSE
23,6136,30.87431694,1582,3542,41.320739741,5206,12599,5124,TRUE,"VS","Martigny","Martigny","Martigny","Martigny VS","Martigny (VS)","Martigny (VS)","Wallis","Valais","Vallese","https://thumb.wikimedia.org/wikipedia/commons/thumb/f/f1/CHE_Martigny_COA.svg/500px-CHE_Martigny_COA.svg.png",33.309554594,FALSE,FALSE
23,6137,29.614325069,215,511,43.480825959,737,1695,726,TRUE,"VS","Martigny-Combe","Martigny-Combe","Martigny-Combe","Martigny-Combe VS","Martigny-Combe (VS)","Martigny-Combe (VS)","Wallis","Valais","Vallese","https://thumb.wikimedia.org/wikipedia/commons/thumb/9/91/CHE_Martigny-Combe_COA.svg/500px-CHE_Martigny-Combe_COA.svg.png",33.309554594,FALSE,FALSE
23,6139,37.041420118,313,532,42.328300049,869,2053,845,TRUE,"VS","Riddes","Riddes","Riddes","Riddes VS","Riddes (VS)","Riddes (VS)","Wallis","Valais","Vallese","https://thumb.wikimedia.org/wikipedia/commons/thumb/9/9f/CHE_Riddes_COA.svg/500px-CHE_Riddes_COA.svg.png",33.309554594,FALSE,FALSE
23,6140,36.720554273,318,548,43.686006826,896,2051,866,TRUE,"VS","Saillon","Saillon","Saillon","Saillon VS","Saillon (VS)","Saillon (VS)","Wallis","Valais","Vallese","https://thumb.wikimedia.org/wikipedia/commons/thumb/9/90/CHE_Saillon_COA.svg/500px-CHE_Saillon_COA.svg.png",33.309554594,FALSE,FALSE
23,6141,46.490566038,616,709,36.387711864,1374,3776,1325,TRUE,"VS","Saxon","Saxon","Saxon","Saxon VS","Saxon (VS)","Saxon (VS)","Wallis","Valais","Vallese","https://thumb.wikimedia.org/wikipedia/commons/thumb/6/62/CHE_Saxon_COA.svg/500px-CHE_Saxon_COA.svg.png",33.309554594,FALSE,FALSE
23,6142,37.68115942,26,43,55.64516129,69,124,69,TRUE,"VS","Trient","Trient","Trient","Trient VS","Trient (VS)","Trient (VS)","Wallis","Valais","Vallese","https://thumb.wikimedia.org/wikipedia/commons/thumb/9/96/CHE_Trient_COA.svg/500px-CHE_Trient_COA.svg.png",33.309554594,FALSE,FALSE
23,6151,32.719836401,160,329,56.605922551,497,878,489,TRUE,"VS","Champéry","Champéry","Champéry","Champéry VS","Champéry (VS)","Champéry (VS)","Wallis","Valais","Vallese","https://thumb.wikimedia.org/wikipedia/commons/thumb/6/69/CHE_Champ%C3%A9ry_COA.svg/500px-CHE_Champ%C3%A9ry_COA.svg.png",33.309554594,FALSE,FALSE
23,6152,33.694530444,653,1285,34.228187919,1989,5811,1938,TRUE,"VS","Collombey-Muraz","Collombey-Muraz","Collombey-Muraz","Collombey-Muraz VS","Collombey-Muraz (VS)","Collombey-Muraz (VS)","Wallis","Valais","Vallese","https://thumb.wikimedia.org/wikipedia/commons/thumb/a/aa/CHE_Collombey-Muraz_COA.svg/500px-CHE_Collombey-Muraz_COA.svg.png",33.309554594,FALSE,FALSE
23,6153,34.09921671,1306,2524,38.400780107,3938,10255,3830,TRUE,"VS","Monthey","Monthey","Monthey","Monthey VS","Monthey (VS)","Monthey (VS)","Wallis","Valais","Vallese","https://thumb.wikimedia.org/wikipedia/commons/thumb/0/04/CHE_Monthey_COA.svg/500px-CHE_Monthey_COA.svg.png",33.309554594,FALSE,FALSE
23,6154,34.928716904,343,639,40.32193159,1002,2485,982,TRUE,"VS","Port-Valais","Port-Valais","Port-Valais","Port-Valais VS","Port-Valais (VS)","Port-Valais (VS)","Wallis","Valais","Vallese","https://thumb.wikimedia.org/wikipedia/commons/thumb/9/93/Port-Valais_Coat_of_Arms.svg/330px-Port-Valais_Coat_of_Arms.svg.png",33.309554594,FALSE,FALSE
23,6155,37.387387387,83,139,38.765008576,226,583,222,TRUE,"VS","Saint-Gingolph","Saint-Gingolph","Saint-Gingolph","Saint-Gingolph VS","Saint-Gingolph (VS)","Saint-Gingolph (VS)","Wallis","Valais","Vallese","https://thumb.wikimedia.org/wikipedia/commons/thumb/d/dc/CHE_Saint-Gingolph_COA.svg/500px-CHE_Saint-Gingolph_COA.svg.png",33.309554594,FALSE,FALSE
23,6156,38.501628664,591,944,45.406976744,1562,3440,1535,TRUE,"VS","Troistorrents","Troistorrents","Troistorrents","Troistorrents VS","Troistorrents (VS)","Troistorrents (VS)","Wallis","Valais","Vallese","https://thumb.wikimedia.org/wikipedia/commons/thumb/2/22/CHE_Troistorrents_COA.svg/500px-CHE_Troistorrents_COA.svg.png",33.309554594,FALSE,FALSE
23,6157,44.951140065,276,338,44.771929825,638,1425,614,TRUE,"VS","Val-d'Illiez","Val-d'Illiez","Val-d'Illiez","Val-d'Illiez VS","Val-d'Illiez (VS)","Val-d'Illiez (VS)","Wallis","Valais","Vallese","https://thumb.wikimedia.org/wikipedia/commons/thumb/a/ae/CHE_Val-d%27Illiez_COA.svg/500px-CHE_Val-d%27Illiez_COA.svg.png",33.309554594,FALSE,FALSE
23,6158,34.440344403,280,533,42.190669371,832,1972,813,TRUE,"VS","Vionnaz","Vionnaz","Vionnaz","Vionnaz VS","Vionnaz (VS)","Vionnaz (VS)","Wallis","Valais","Vallese","https://thumb.wikimedia.org/wikipedia/commons/thumb/5/58/CHE_Vionnaz_COA.svg/500px-CHE_Vionnaz_COA.svg.png",33.309554594,FALSE,FALSE
23,6159,31.680161943,313,675,38.026565465,1002,2635,988,TRUE,"VS","Vouvry","Vouvry","Vouvry","Vouvry VS","Vouvry (VS)","Vouvry (VS)","Wallis","Valais","Vallese","https://thumb.wikimedia.org/wikipedia/commons/thumb/1/18/CHE_Vouvry_COA.svg/500px-CHE_Vouvry_COA.svg.png",33.309554594,FALSE,FALSE
23,6172,16.666666667,2,10,40,12,30,12,TRUE,"VS","Bister","Bister","Bister","Bister VS","Bister (VS)","Bister (VS)","Wallis","Valais","Vallese","https://thumb.wikimedia.org/wikipedia/commons/thumb/6/60/CHE_Bister_COA.svg/500px-CHE_Bister_COA.svg.png",33.309554594,FALSE,FALSE
23,6173,40,138,207,40.556199305,350,863,345,TRUE,"VS","Bitsch","Bitsch","Bitsch","Bitsch VS","Bitsch (VS)","Bitsch (VS)","Wallis","Valais","Vallese","https://thumb.wikimedia.org/wikipedia/commons/thumb/4/41/CHE_Bitsch_COA.svg/500px-CHE_Bitsch_COA.svg.png",33.309554594,FALSE,FALSE
23,6177,36.697247706,40,69,34.049079755,111,326,109,TRUE,"VS","Grengiols","Grengiols","Grengiols","Grengiols VS","Grengiols (VS)","Grengiols (VS)","Wallis","Valais","Vallese","https://thumb.wikimedia.org/wikipedia/commons/thumb/6/68/CHE_Grengiols_COA.svg/500px-CHE_Grengiols_COA.svg.png",33.309554594,FALSE,FALSE
23,6181,30.597014925,41,93,44.548286604,143,321,134,TRUE,"VS","Riederalp","Riederalp","Riederalp","Riederalp VS","Riederalp (VS)","Riederalp (VS)","Wallis","Valais","Vallese","https://thumb.wikimedia.org/wikipedia/commons/thumb/7/75/CHE_Riederalp_COA.svg/500px-CHE_Riederalp_COA.svg.png",33.309554594,FALSE,FALSE
23,6191,34,85,165,56.371490281,261,463,250,TRUE,"VS","Ausserberg","Ausserberg","Ausserberg","Ausserberg VS","Ausserberg (VS)","Ausserberg (VS)","Wallis","Valais","Vallese","https://thumb.wikimedia.org/wikipedia/commons/thumb/a/ab/CHE_Ausserberg_COA.svg/500px-CHE_Ausserberg_COA.svg.png",33.309554594,FALSE,FALSE
23,6192,32.038834951,33,70,46.396396396,103,222,103,TRUE,"VS","Blatten","Blatten","Blatten","Blatten VS","Blatten (VS)","Blatten (VS)","Wallis","Valais","Vallese","https://thumb.wikimedia.org/wikipedia/commons/thumb/0/0d/CHE_Blatten_COA.svg/500px-CHE_Blatten_COA.svg.png",33.309554594,FALSE,FALSE
23,6193,26.640926641,69,190,44.556113903,266,597,259,TRUE,"VS","Bürchen","Bürchen","Bürchen","Bürchen VS","Bürchen (VS)","Bürchen (VS)","Wallis","Valais","Vallese","https://thumb.wikimedia.org/wikipedia/commons/thumb/5/50/CHE_B%C3%BCrchen_COA_alt.svg/500px-CHE_B%C3%BCrchen_COA_alt.svg.png",33.309554594,FALSE,FALSE
23,6194,36.96969697,61,104,46.448087432,170,366,165,TRUE,"VS","Eischoll","Eischoll","Eischoll","Eischoll VS","Eischoll (VS)","Eischoll (VS)","Wallis","Valais","Vallese","https://thumb.wikimedia.org/wikipedia/commons/thumb/3/37/CHE_Eischoll_COA.svg/500px-CHE_Eischoll_COA.svg.png",33.309554594,FALSE,FALSE
23,6195,20.588235294,21,81,47.222222222,102,216,102,TRUE,"VS","Ferden","Ferden","Ferden","Ferden VS","Ferden (VS)","Ferden (VS)","Wallis","Valais","Vallese","https://thumb.wikimedia.org/wikipedia/commons/thumb/8/83/CHE_Ferden_COA.svg/500px-CHE_Ferden_COA.svg.png",33.309554594,FALSE,FALSE
23,6197,16.40625,21,107,45.138888889,130,288,128,TRUE,"VS","Kippel","Kippel","Kippel","Kippel VS","Kippel (VS)","Kippel (VS)","Wallis","Valais","Vallese","https://thumb.wikimedia.org/wikipedia/commons/thumb/0/00/CHE_Kippel_COA.svg/500px-CHE_Kippel_COA.svg.png",33.309554594,FALSE,FALSE
23,6198,31.627906977,68,147,40.037243948,215,537,215,TRUE,"VS","Niedergesteln","Niedergesteln","Niedergesteln","Niedergesteln VS","Niedergesteln (VS)","Niedergesteln (VS)","Wallis","Valais","Vallese","https://thumb.wikimedia.org/wikipedia/commons/thumb/e/ee/CHE_Niedergesteln_COA.svg/500px-CHE_Niedergesteln_COA.svg.png",33.309554594,FALSE,FALSE
23,6199,32.352941176,198,414,45.25862069,630,1392,612,TRUE,"VS","Raron","Rarogne","Rarogne","Raron VS","Rarogne (VS)","Rarogne (VS)","Wallis","Valais","Vallese","https://thumb.wikimedia.org/wikipedia/commons/thumb/c/c5/CHE_Raron_COA.svg/500px-CHE_Raron_COA.svg.png",33.309554594,FALSE,FALSE
23,6201,26.797385621,41,112,43.75,154,352,153,TRUE,"VS","Unterbäch","Unterbäch","Unterbäch","Unterbäch VS","Unterbäch (VS)","Unterbäch (VS)","Wallis","Valais","Vallese","https://thumb.wikimedia.org/wikipedia/commons/thumb/1/1d/CHE_Unterb%C3%A4ch_COA_alt.svg/500px-CHE_Unterb%C3%A4ch_COA_alt.svg.png",33.309554594,FALSE,FALSE
23,6202,30.650154799,99,224,78.117647059,332,425,323,TRUE,"VS","Wiler (Lötschen)","Wiler (Lötschen)","Wiler (Lötschen)","Wiler (Lötschen) VS","Wiler (Lötschen) (VS)","Wiler (Lötschen) (VS)","Wallis","Valais","Vallese","https://thumb.wikimedia.org/wikipedia/commons/thumb/d/da/CHE_Wiler_COA.svg/500px-CHE_Wiler_COA.svg.png",33.309554594,FALSE,FALSE
23,6203,25.462962963,55,161,44.693877551,219,490,216,TRUE,"VS","Mörel-Filet","Mörel-Filet","Mörel-Filet","Mörel-Filet VS","Mörel-Filet (VS)","Mörel-Filet (VS)","Wallis","Valais","Vallese","https://thumb.wikimedia.org/wikipedia/commons/thumb/a/aa/CHE_Moerel-Filet_COA.svg/500px-CHE_Moerel-Filet_COA.svg.png",33.309554594,FALSE,FALSE
23,6204,35.390199637,195,356,47.668393782,552,1158,551,TRUE,"VS","Steg-Hohtenn","Steg-Hohtenn","Steg-Hohtenn","Steg-Hohtenn VS","Steg-Hohtenn (VS)","Steg-Hohtenn (VS)","Wallis","Valais","Vallese","https://thumb.wikimedia.org/wikipedia/commons/thumb/e/e7/CHE_Steg-Hohtenn_COA.svg/500px-CHE_Steg-Hohtenn_COA.svg.png",33.309554594,FALSE,FALSE
23,6205,25.961538462,27,77,31.707317073,104,328,104,TRUE,"VS","Bettmeralp","Bettmeralp","Bettmeralp","Bettmeralp VS","Bettmeralp (VS)","Bettmeralp (VS)","Wallis","Valais","Vallese","https://thumb.wikimedia.org/wikipedia/commons/thumb/1/17/CHE_Betten_COA.svg/500px-CHE_Betten_COA.svg.png",33.309554594,FALSE,FALSE
23,6211,30.434782609,63,144,37.949640288,211,556,207,TRUE,"VS","Collonges","Collonges","Collonges","Collonges VS","Collonges (VS)","Collonges (VS)","Wallis","Valais","Vallese","https://thumb.wikimedia.org/wikipedia/commons/thumb/7/72/CHE_Collonges_COA.svg/500px-CHE_Collonges_COA.svg.png",33.309554594,FALSE,FALSE
23,6212,41.2,103,147,36.671368124,260,709,250,TRUE,"VS","Dorénaz","Dorénaz","Dorénaz","Dorénaz VS","Dorénaz (VS)","Dorénaz (VS)","Wallis","Valais","Vallese","https://thumb.wikimedia.org/wikipedia/commons/thumb/9/94/Dor%C3%A9naz-blazon.svg/250px-Dor%C3%A9naz-blazon.svg.png",33.309554594,FALSE,FALSE
23,6213,45.480225989,161,193,38.031088083,367,965,354,TRUE,"VS","Evionnaz","Evionnaz","Evionnaz","Evionnaz VS","Evionnaz (VS)","Evionnaz (VS)","Wallis","Valais","Vallese","https://thumb.wikimedia.org/wikipedia/commons/thumb/1/1b/CHE_Evionnaz_COA.svg/500px-CHE_Evionnaz_COA.svg.png",33.309554594,FALSE,FALSE
23,6214,31.538461538,41,89,55.882352941,133,238,130,TRUE,"VS","Finhaut","Finhaut","Finhaut","Finhaut VS","Finhaut (VS)","Finhaut (VS)","Wallis","Valais","Vallese","https://thumb.wikimedia.org/wikipedia/commons/thumb/6/64/CHE_Finhaut_COA.svg/500px-CHE_Finhaut_COA.svg.png",33.309554594,FALSE,FALSE
23,6215,34.193548387,159,306,38.009404389,485,1276,465,TRUE,"VS","Massongex","Massongex","Massongex","Massongex VS","Massongex (VS)","Massongex (VS)","Wallis","Valais","Vallese","https://thumb.wikimedia.org/wikipedia/commons/thumb/9/9e/CHE_Massongex_COA.svg/500px-CHE_Massongex_COA.svg.png",33.309554594,FALSE,FALSE
23,6217,31.341911765,341,747,41.408870667,1111,2683,1088,TRUE,"VS","Saint-Maurice","Saint-Maurice","Saint-Maurice","Saint-Maurice VS","Saint-Maurice (VS)","Saint-Maurice (VS)","Wallis","Valais","Vallese","https://thumb.wikimedia.org/wikipedia/commons/thumb/6/62/CHE_St_Maurice_COA.svg/500px-CHE_St_Maurice_COA.svg.png",33.309554594,FALSE,FALSE
23,6218,23.508137432,130,423,51.366120219,564,1098,553,TRUE,"VS","Salvan","Salvan","Salvan","Salvan VS","Salvan (VS)","Salvan (VS)","Wallis","Valais","Vallese","https://thumb.wikimedia.org/wikipedia/commons/thumb/f/fd/Salvan-blazon.svg/250px-Salvan-blazon.svg.png",33.309554594,FALSE,FALSE
23,6219,32.075471698,136,288,38.771929825,442,1140,424,TRUE,"VS","Vernayaz","Vernayaz","Vernayaz","Vernayaz VS","Vernayaz (VS)","Vernayaz (VS)","Wallis","Valais","Vallese","https://thumb.wikimedia.org/wikipedia/commons/thumb/d/da/Vernayaz-blazon.svg/250px-Vernayaz-blazon.svg.png",33.309554594,FALSE,FALSE
23,6220,35,98,182,42.966360856,281,654,280,TRUE,"VS","Vérossaz","Vérossaz","Vérossaz","Vérossaz VS","Vérossaz (VS)","Vérossaz (VS)","Wallis","Valais","Vallese","https://thumb.wikimedia.org/wikipedia/commons/thumb/9/9c/V%C3%A9rossaz-blazon.svg/250px-V%C3%A9rossaz-blazon.svg.png",33.309554594,FALSE,FALSE
23,6232,31.693989071,348,750,44.02866242,1106,2512,1098,TRUE,"VS","Chalais","Chalais","Chalais","Chalais VS","Chalais (VS)","Chalais (VS)","Wallis","Valais","Vallese","https://thumb.wikimedia.org/wikipedia/commons/thumb/1/15/CHE_Chalais_COA.svg/500px-CHE_Chalais_COA.svg.png",33.309554594,FALSE,FALSE
23,6235,33.559322034,99,196,42.372881356,300,708,295,TRUE,"VS","Chippis","Chippis","Chippis","Chippis VS","Chippis (VS)","Chippis (VS)","Wallis","Valais","Vallese","https://thumb.wikimedia.org/wikipedia/commons/thumb/b/b8/CHE_Chippis_COA.svg/500px-CHE_Chippis_COA.svg.png",33.309554594,FALSE,FALSE
23,6238,33.711507293,208,409,40.791180285,629,1542,617,TRUE,"VS","Grône","Grône","Grône","Grône VS","Grône (VS)","Grône (VS)","Wallis","Valais","Vallese","https://thumb.wikimedia.org/wikipedia/commons/thumb/6/6c/CHE_Gr%C3%B4ne_COA.svg/500px-CHE_Gr%C3%B4ne_COA.svg.png",33.309554594,FALSE,FALSE
23,6239,30.653266332,61,138,49.385749386,201,407,199,TRUE,"VS","Icogne","Icogne","Icogne","Icogne VS","Icogne (VS)","Icogne (VS)","Wallis","Valais","Vallese","https://thumb.wikimedia.org/wikipedia/commons/thumb/f/f9/CHE_Icogne_COA.svg/500px-CHE_Icogne_COA.svg.png",33.309554594,FALSE,FALSE
23,6240,34.416666667,413,787,47.005307051,1240,2638,1200,TRUE,"VS","Lens","Lens","Lens","Lens VS","Lens (VS)","Lens (VS)","Wallis","Valais","Vallese","https://thumb.wikimedia.org/wikipedia/commons/thumb/0/0a/CHE_Lens_COA.svg/500px-CHE_Lens_COA.svg.png",33.309554594,FALSE,FALSE
23,6246,32.194480946,245,516,45.317919075,784,1730,761,TRUE,"VS","Saint-Léonard","Saint-Léonard","Saint-Léonard","Saint-Léonard VS","Saint-Léonard (VS)","Saint-Léonard (VS)","Wallis","Valais","Vallese","https://thumb.wikimedia.org/wikipedia/commons/thumb/a/a0/CHE_Saint-L%C3%A9onard_COA.svg/500px-CHE_Saint-L%C3%A9onard_COA.svg.png",33.309554594,FALSE,FALSE
23,6248,32.177961718,1244,2622,41.231884058,3983,9660,3866,TRUE,"VS","Siders","Sierre","Sierre","Siders VS","Sierre (VS)","Sierre (VS)","Wallis","Valais","Vallese","https://thumb.wikimedia.org/wikipedia/commons/thumb/1/18/CHE_Sierre_COA.svg/500px-CHE_Sierre_COA.svg.png",33.309554594,FALSE,FALSE
23,6252,27.177700348,234,627,48.178807947,873,1812,861,TRUE,"VS","Anniviers","Anniviers","Anniviers","Anniviers VS","Anniviers (VS)","Anniviers (VS)","Wallis","Valais","Vallese","https://thumb.wikimedia.org/wikipedia/commons/thumb/7/71/CHE_Anniviers_COA.svg/500px-CHE_Anniviers_COA.svg.png",33.309554594,FALSE,FALSE
23,6253,37.802114804,1001,1647,46.567781994,2700,5798,2648,TRUE,"VS","Crans-Montana","Crans-Montana","Crans-Montana","Crans-Montana VS","Crans-Montana (VS)","Crans-Montana (VS)","Wallis","Valais","Vallese","https://thumb.wikimedia.org/wikipedia/commons/thumb/9/94/CHE_Crans-Montana_COA.svg/500px-CHE_Crans-Montana_COA.svg.png",33.309554594,FALSE,FALSE
23,6254,30.213567839,481,1111,50.586057989,1640,3242,1592,TRUE,"VS","Noble-Contrée","Noble-Contrée","Noble-Contrée","Noble-Contrée VS","Noble-Contrée (VS)","Noble-Contrée (VS)","Wallis","Valais","Vallese","https://thumb.wikimedia.org/wikipedia/commons/thumb/9/98/CHE_Noble-Contr%C3%A9e_COA_alt.svg/500px-CHE_Noble-Contr%C3%A9e_COA_alt.svg.png",33.309554594,FALSE,FALSE
23,6261,38.36589698,216,347,53.631284916,576,1074,563,TRUE,"VS","Arbaz","Arbaz","Arbaz","Arbaz VS","Arbaz (VS)","Arbaz (VS)","Wallis","Valais","Vallese","https://thumb.wikimedia.org/wikipedia/commons/thumb/0/0a/CHE_Arbaz_COA.svg/500px-CHE_Arbaz_COA.svg.png",33.309554594,FALSE,FALSE
23,6263,30.572687225,347,788,45.752143414,1174,2566,1135,TRUE,"VS","Grimisuat","Grimisuat","Grimisuat","Grimisuat VS","Grimisuat (VS)","Grimisuat (VS)","Wallis","Valais","Vallese","https://thumb.wikimedia.org/wikipedia/commons/thumb/f/f2/Grimisuat-blazon.svg/250px-Grimisuat-blazon.svg.png",33.309554594,FALSE,FALSE
23,6265,33.178405434,928,1869,46.945869889,2836,6041,2797,TRUE,"VS","Savièse","Savièse","Savièse","Savièse VS","Savièse (VS)","Savièse (VS)","Wallis","Valais","Vallese","https://thumb.wikimedia.org/wikipedia/commons/thumb/3/34/CHE_Savi%C3%A8se_COA.svg/500px-CHE_Savi%C3%A8se_COA.svg.png",33.309554594,FALSE,FALSE
23,6266,,,,,,,,FALSE,"VS","Sitten","Sion","Sion","Sitten VS","Sion (VS)","Sion (VS)","Wallis","Valais","Vallese","https://thumb.wikimedia.org/wikipedia/commons/thumb/d/d7/CHE_Sion_COA.svg/500px-CHE_Sion_COA.svg.png",33.309554594,FALSE,FALSE
23,6267,34.337349398,57,109,43.603133159,167,383,166,TRUE,"VS","Veysonnaz","Veysonnaz","Veysonnaz","Veysonnaz VS","Veysonnaz (VS)","Veysonnaz (VS)","Wallis","Valais","Vallese","https://thumb.wikimedia.org/wikipedia/commons/thumb/2/28/CHE_Veysonnaz_COA.svg/500px-CHE_Veysonnaz_COA.svg.png",33.309554594,FALSE,FALSE
23,6281,27.738927739,119,310,45.077720207,435,965,429,TRUE,"VS","Baltschieder","Baltschieder","Baltschieder","Baltschieder VS","Baltschieder (VS)","Baltschieder (VS)","Wallis","Valais","Vallese","https://thumb.wikimedia.org/wikipedia/commons/thumb/0/0d/CHE_Baltschieder_COA.svg/500px-CHE_Baltschieder_COA.svg.png",33.309554594,FALSE,FALSE
23,6282,48.780487805,40,42,49.700598802,83,167,82,TRUE,"VS","Eisten","Eisten","Eisten","Eisten VS","Eisten (VS)","Eisten (VS)","Wallis","Valais","Vallese","https://thumb.wikimedia.org/wikipedia/commons/thumb/1/16/CHE_Eisten_COA.svg/500px-CHE_Eisten_COA.svg.png",33.309554594,FALSE,FALSE
23,6283,33.766233766,26,51,34.497816594,79,229,77,TRUE,"VS","Embd","Embd","Embd","Embd VS","Embd (VS)","Embd (VS)","Wallis","Valais","Vallese","https://thumb.wikimedia.org/wikipedia/commons/thumb/1/10/CHE_Embd_COA.svg/500px-CHE_Embd_COA.svg.png",33.309554594,FALSE,FALSE
23,6285,40.584415584,125,183,32.635983264,312,956,308,TRUE,"VS","Grächen","Grächen","Grächen","Grächen VS","Grächen (VS)","Grächen (VS)","Wallis","Valais","Vallese","https://thumb.wikimedia.org/wikipedia/commons/thumb/c/cb/CHE_Graechen_COA.svg/500px-CHE_Graechen_COA.svg.png",33.309554594,FALSE,FALSE
23,6286,30.603448276,71,161,46.04743083,233,506,232,TRUE,"VS","Lalden","Lalden","Lalden","Lalden VS","Lalden (VS)","Lalden (VS)","Wallis","Valais","Vallese","https://thumb.wikimedia.org/wikipedia/commons/thumb/9/90/CHE_Lalden_COA.svg/500px-CHE_Lalden_COA.svg.png",33.309554594,FALSE,FALSE
23,6287,49.579831933,59,60,50.41322314,122,242,119,TRUE,"VS","Randa","Randa","Randa","Randa VS","Randa (VS)","Randa (VS)","Wallis","Valais","Vallese","https://thumb.wikimedia.org/wikipedia/commons/thumb/f/f8/CHE_Randa_COA.svg/500px-CHE_Randa_COA.svg.png",33.309554594,FALSE,FALSE
23,6288,48.275862069,70,75,55.72519084,146,262,145,TRUE,"VS","Saas-Almagell","Saas-Almagell","Saas-Almagell","Saas-Almagell VS","Saas-Almagell (VS)","Saas-Almagell (VS)","Wallis","Valais","Vallese","https://thumb.wikimedia.org/wikipedia/commons/thumb/6/6e/CHE_Saas-Almagell_COA.svg/500px-CHE_Saas-Almagell_COA.svg.png",33.309554594,FALSE,FALSE
23,6289,41.176470588,56,80,52.47148289,138,263,136,TRUE,"VS","Saas-Balen","Saas-Balen","Saas-Balen","Saas-Balen VS","Saas-Balen (VS)","Saas-Balen (VS)","Wallis","Valais","Vallese","https://thumb.wikimedia.org/wikipedia/commons/thumb/0/01/CHE_Saas-Balen_COA.svg/500px-CHE_Saas-Balen_COA.svg.png",33.309554594,FALSE,FALSE
23,6290,21.634615385,90,326,48.303167421,427,884,416,TRUE,"VS","Saas-Fee","Saas-Fee","Saas-Fee","Saas-Fee VS","Saas-Fee (VS)","Saas-Fee (VS)","Wallis","Valais","Vallese","https://thumb.wikimedia.org/wikipedia/commons/thumb/9/90/CHE_Saas-Fee_COA.svg/500px-CHE_Saas-Fee_COA.svg.png",33.309554594,FALSE,FALSE
23,6291,39.367816092,137,211,48.678720445,350,719,348,TRUE,"VS","Saas-Grund","Saas-Grund","Saas-Grund","Saas-Grund VS","Saas-Grund (VS)","Saas-Grund (VS)","Wallis","Valais","Vallese","https://thumb.wikimedia.org/wikipedia/commons/thumb/5/5d/CHE_Saas-Grund_COA.svg/500px-CHE_Saas-Grund_COA.svg.png",33.309554594,FALSE,FALSE
23,6292,43.371522095,265,346,38.207840697,614,1607,611,TRUE,"VS","St. Niklaus","Saint-Nicolas","Saint-Nicolas","St. Niklaus VS","Saint-Nicolas (VS)","Saint-Nicolas (VS)","Wallis","Valais","Vallese","https://thumb.wikimedia.org/wikipedia/commons/thumb/d/d2/CHE_St._Niklaus_COA.svg/500px-CHE_St._Niklaus_COA.svg.png",33.309554594,FALSE,FALSE
23,6293,36.543909348,129,224,45.037220844,363,806,353,TRUE,"VS","Stalden VS","Stalden (VS)","Stalden VS","Stalden VS","Stalden (VS)","Stalden (VS)","Wallis","Valais","Vallese","https://thumb.wikimedia.org/wikipedia/commons/thumb/1/17/CHE_Stalden_COA.svg/500px-CHE_Stalden_COA.svg.png",33.309554594,FALSE,FALSE
23,6294,34.199134199,79,152,51.535087719,235,456,231,TRUE,"VS","Staldenried","Staldenried","Staldenried","Staldenried VS","Staldenried (VS)","Staldenried (VS)","Wallis","Valais","Vallese","https://thumb.wikimedia.org/wikipedia/commons/thumb/9/9c/CHE_Staldenried_COA.svg/500px-CHE_Staldenried_COA.svg.png",33.309554594,FALSE,FALSE
23,6295,41.830065359,64,89,37.621359223,155,412,153,TRUE,"VS","Täsch","Täsch","Täsch","Täsch VS","Täsch (VS)","Täsch (VS)","Wallis","Valais","Vallese","https://thumb.wikimedia.org/wikipedia/commons/thumb/3/31/CHE_T%C3%A4sch_VS_COA.svg/500px-CHE_T%C3%A4sch_VS_COA.svg.png",33.309554594,FALSE,FALSE
23,6296,41.262135922,85,121,49.176470588,209,425,206,TRUE,"VS","Törbel","Törbel","Törbel","Törbel VS","Törbel (VS)","Törbel (VS)","Wallis","Valais","Vallese","https://thumb.wikimedia.org/wikipedia/commons/thumb/a/ab/CHE_T%C3%B6rbel_COA.svg/500px-CHE_T%C3%B6rbel_COA.svg.png",33.309554594,FALSE,FALSE
23,6297,31.73828125,650,1398,42.959329655,2102,4893,2048,TRUE,"VS","Visp","Viège","Viège","Visp VS","Viège (VS)","Viège (VS)","Wallis","Valais","Vallese","https://thumb.wikimedia.org/wikipedia/commons/thumb/8/81/CHE_Visp_COA.svg/500px-CHE_Visp_COA.svg.png",33.309554594,FALSE,FALSE
23,6298,18.76247505,94,407,49.658536585,509,1025,501,TRUE,"VS","Visperterminen","Visperterminen","Visperterminen","Visperterminen VS","Visperterminen (VS)","Visperterminen (VS)","Wallis","Valais","Vallese","https://thumb.wikimedia.org/wikipedia/commons/thumb/e/e9/CHE_Visperterminen_COA.svg/500px-CHE_Visperterminen_COA.svg.png",33.309554594,FALSE,FALSE
23,6299,29.906542056,32,75,46.153846154,108,234,107,TRUE,"VS","Zeneggen","Zeneggen","Zeneggen","Zeneggen VS","Zeneggen (VS)","Zeneggen (VS)","Wallis","Valais","Vallese","https://thumb.wikimedia.org/wikipedia/commons/thumb/f/f0/CHE_Zeneggen_COA.svg/500px-CHE_Zeneggen_COA.svg.png",33.309554594,FALSE,FALSE
23,6300,32.266666667,363,762,43.176733781,1158,2682,1125,TRUE,"VS","Zermatt","Zermatt","Zermatt","Zermatt VS","Zermatt (VS)","Zermatt (VS)","Wallis","Valais","Vallese","https://thumb.wikimedia.org/wikipedia/commons/thumb/5/50/CHE_Zermatt_COA.svg/500px-CHE_Zermatt_COA.svg.png",33.309554594,FALSE,FALSE
24,6404,25.681492109,358,1036,37.162519852,1404,3778,1394,TRUE,"NE","Boudry","Boudry","Boudry","Boudry NE","Boudry (NE)","Boudry (NE)","Neuenburg","Neuchâtel","Neuchâtel","https://thumb.wikimedia.org/wikipedia/commons/thumb/8/86/CHE_Boudry_COA.svg/250px-CHE_Boudry_COA.svg.png",25.831239409,FALSE,FALSE
24,6408,20.910623946,248,938,37.848984772,1193,3152,1186,TRUE,"NE","Cortaillod","Cortaillod","Cortaillod","Cortaillod NE","Cortaillod (NE)","Cortaillod (NE)","Neuenburg","Neuchâtel","Neuchâtel","https://thumb.wikimedia.org/wikipedia/commons/thumb/5/5a/Cortaillod-blazon.svg/250px-Cortaillod-blazon.svg.png",25.831239409,FALSE,FALSE
24,6413,25,133,399,49.589041096,543,1095,532,TRUE,"NE","Rochefort","Rochefort","Rochefort","Rochefort NE","Rochefort (NE)","Rochefort (NE)","Neuenburg","Neuchâtel","Neuchâtel","https://thumb.wikimedia.org/wikipedia/commons/thumb/c/ca/Rochefort-blazon.svg/250px-Rochefort-blazon.svg.png",25.831239409,FALSE,FALSE
24,6416,19.358533792,507,2112,41.743119266,2639,6322,2619,TRUE,"NE","Milvignes","Milvignes","Milvignes","Milvignes NE","Milvignes (NE)","Milvignes (NE)","Neuenburg","Neuchâtel","Neuchâtel","https://thumb.wikimedia.org/wikipedia/commons/thumb/c/c5/Milvignes-blazon.svg/250px-Milvignes-blazon.svg.png",25.831239409,FALSE,FALSE
24,6417,24.306625578,631,1965,40.566475778,2621,6461,2596,TRUE,"NE","La Grande Béroche","La Grande Béroche","La Grande Béroche","La Grande Béroche NE","La Grande Béroche (NE)","La Grande Béroche (NE)","Neuenburg","Neuchâtel","Neuchâtel","https://thumb.wikimedia.org/wikipedia/commons/thumb/6/6e/LaGrandeB%C3%A9roche-blazon.svg/250px-LaGrandeB%C3%A9roche-blazon.svg.png",25.831239409,FALSE,FALSE
24,6421,24.462960552,1879,5802,34.915147706,7777,22274,7681,TRUE,"NE","La Chaux-de-Fonds","La Chaux-de-Fonds","La Chaux-de-Fonds","La Chaux-de-Fonds NE","La Chaux-de-Fonds (NE)","La Chaux-de-Fonds (NE)","Neuenburg","Neuchâtel","Neuchâtel","https://thumb.wikimedia.org/wikipedia/commons/thumb/b/b3/CHE_La_Chaux-de-Fonds_COA.svg/500px-CHE_La_Chaux-de-Fonds_COA.svg.png",25.831239409,FALSE,FALSE
24,6422,34.285714286,24,46,48.366013072,74,153,70,TRUE,"NE","Les Planchettes","Les Planchettes","Les Planchettes","Les Planchettes NE","Les Planchettes (NE)","Les Planchettes (NE)","Neuenburg","Neuchâtel","Neuchâtel","https://thumb.wikimedia.org/wikipedia/commons/thumb/6/65/CHE_Les_Planchettes_COA.svg/500px-CHE_Les_Planchettes_COA.svg.png",25.831239409,FALSE,FALSE
24,6423,33.333333333,147,294,45.296523517,443,978,441,TRUE,"NE","La Sagne","La Sagne","La Sagne","La Sagne NE","La Sagne (NE)","La Sagne (NE)","Neuenburg","Neuchâtel","Neuchâtel","https://thumb.wikimedia.org/wikipedia/commons/thumb/8/86/La_Sagne-coat_of_arms.svg/500px-La_Sagne-coat_of_arms.svg.png",25.831239409,FALSE,FALSE
24,6432,39.930555556,115,173,56.893203883,293,515,288,TRUE,"NE","La Brévine","La Brévine","La Brévine","La BréviNE","La Brévine (NE)","La (BréviNE)","Neuenburg","Neuchâtel","Neuchâtel","https://thumb.wikimedia.org/wikipedia/commons/thumb/3/33/CHE_La_Br%C3%A9vine_COA.svg/500px-CHE_La_Br%C3%A9vine_COA.svg.png",25.831239409,FALSE,FALSE
24,6433,32.743362832,37,76,52.914798206,118,223,113,TRUE,"NE","Brot-Plamboz","Brot-Plamboz","Brot-Plamboz","Brot-Plamboz NE","Brot-Plamboz (NE)","Brot-Plamboz (NE)","Neuenburg","Neuchâtel","Neuchâtel","https://thumb.wikimedia.org/wikipedia/commons/thumb/4/48/Brot-Plamboz-coat_of_arms.svg/500px-Brot-Plamboz-coat_of_arms.svg.png",25.831239409,FALSE,FALSE
24,6434,30.625,49,111,53.311258278,161,302,160,TRUE,"NE","Le Cerneux-Péquignot","Le Cerneux-Péquignot","Le Cerneux-Péquignot","Le Cerneux-Péquignot NE","Le Cerneux-Péquignot (NE)","Le Cerneux-Péquignot (NE)","Neuenburg","Neuchâtel","Neuchâtel","https://thumb.wikimedia.org/wikipedia/commons/thumb/9/9e/Le_Cerneux-Pequignot-coat_of_arms.svg/500px-Le_Cerneux-Pequignot-coat_of_arms.svg.png",25.831239409,FALSE,FALSE
24,6435,28.292682927,58,147,54.330708661,207,381,205,TRUE,"NE","La Chaux-du-Milieu","La Chaux-du-Milieu","La Chaux-du-Milieu","La Chaux-du-Milieu NE","La Chaux-du-Milieu (NE)","La Chaux-du-Milieu (NE)","Neuenburg","Neuchâtel","Neuchâtel","https://thumb.wikimedia.org/wikipedia/commons/thumb/4/49/La_Chaux-du-Milieu-coat_of_arms.svg/500px-La_Chaux-du-Milieu-coat_of_arms.svg.png",25.831239409,FALSE,FALSE
24,6436,30.65664557,775,1753,36.69157804,2553,6958,2528,TRUE,"NE","Le Locle","Le Locle","Le Locle","Le Locle NE","Le Locle (NE)","Le Locle (NE)","Neuenburg","Neuchâtel","Neuchâtel","https://thumb.wikimedia.org/wikipedia/commons/thumb/4/4e/LeLocle-blazon.svg/250px-LeLocle-blazon.svg.png",25.831239409,FALSE,FALSE
24,6437,42.355371901,205,279,48.897795591,488,998,484,TRUE,"NE","Les Ponts-de-Martel","Les Ponts-de-Martel","Les Ponts-de-Martel","Les Ponts-de-Martel NE","Les Ponts-de-Martel (NE)","Les Ponts-de-Martel (NE)","Neuenburg","Neuchâtel","Neuchâtel","https://thumb.wikimedia.org/wikipedia/commons/thumb/8/8b/CHE_Les_Ponts-de-Martel_COA.svg/500px-CHE_Les_Ponts-de-Martel_COA.svg.png",25.831239409,FALSE,FALSE
24,6451,27.184466019,112,300,39.077212806,415,1062,412,TRUE,"NE","Cornaux","Cornaux","Cornaux","Cornaux NE","Cornaux (NE)","Cornaux (NE)","Neuenburg","Neuchâtel","Neuchâtel","https://thumb.wikimedia.org/wikipedia/commons/thumb/2/29/CHE_Cornaux_COA.svg/500px-CHE_Cornaux_COA.svg.png",25.831239409,FALSE,FALSE
24,6452,21.40077821,110,404,40.694006309,516,1268,514,TRUE,"NE","Cressier NE","Cressier (NE)","Cressier NE","Cressier NE","Cressier (NE)","Cressier (NE)","Neuenburg","Neuchâtel","Neuchâtel","https://thumb.wikimedia.org/wikipedia/commons/thumb/d/d4/Cressier_NE-blazon.svg/250px-Cressier_NE-blazon.svg.png",25.831239409,FALSE,FALSE
24,6455,23.682256867,319,1028,42.304089916,1355,3203,1347,TRUE,"NE","Le Landeron","Le Landeron","Le Landeron","Le Landeron NE","Le Landeron (NE)","Le Landeron (NE)","Neuenburg","Neuchâtel","Neuchâtel","https://thumb.wikimedia.org/wikipedia/commons/thumb/0/01/LeLanderon-blazon.svg/250px-LeLanderon-blazon.svg.png",25.831239409,FALSE,FALSE
24,6456,27.142857143,95,255,45.128205128,352,780,350,TRUE,"NE","Lignières","Lignières","Lignières","Lignières NE","Lignières (NE)","Lignières (NE)","Neuenburg","Neuchâtel","Neuchâtel","https://thumb.wikimedia.org/wikipedia/commons/thumb/6/6f/CHE_Ligni%C3%A8res_COA.svg/500px-CHE_Ligni%C3%A8res_COA.svg.png",25.831239409,FALSE,FALSE
24,6458,,,,,,,,FALSE,"NE","Neuenburg","Neuchâtel","Neuchâtel","Neuenburg NE","Neuchâtel (NE)","Neuchâtel (NE)","Neuenburg","Neuchâtel","Neuchâtel","https://thumb.wikimedia.org/wikipedia/commons/thumb/0/04/CHE_Neuch%C3%A2tel_COA.svg/500px-CHE_Neuch%C3%A2tel_COA.svg.png",25.831239409,FALSE,FALSE
24,6487,25.19872814,1268,3764,41.799028887,5079,12151,5032,TRUE,"NE","Val-de-Ruz","Val-de-Ruz","Val-de-Ruz","Val-de-Ruz NE","Val-de-Ruz (NE)","Val-de-Ruz (NE)","Neuenburg","Neuchâtel","Neuchâtel","https://thumb.wikimedia.org/wikipedia/commons/thumb/b/b1/CHE_Val-de-Ruz_COA.svg/500px-CHE_Val-de-Ruz_COA.svg.png",25.831239409,FALSE,FALSE
24,6504,54.726368159,110,91,48.815165877,206,422,201,TRUE,"NE","La Côte-aux-Fées","La Côte-aux-Fées","La Côte-aux-Fées","La Côte-aux-Fées NE","La Côte-aux-Fées (NE)","La Côte-aux-Fées (NE)","Neuenburg","Neuchâtel","Neuchâtel","https://thumb.wikimedia.org/wikipedia/commons/thumb/3/35/CHE_La_C%C3%B4te-aux-F%C3%A9es_COA.svg/500px-CHE_La_C%C3%B4te-aux-F%C3%A9es_COA.svg.png",25.831239409,FALSE,FALSE
24,6511,43.157894737,82,108,34.205933682,196,573,190,TRUE,"NE","Les Verrières","Les Verrières","Les Verrières","Les Verrières NE","Les Verrières (NE)","Les Verrières (NE)","Neuenburg","Neuchâtel","Neuchâtel","https://thumb.wikimedia.org/wikipedia/commons/thumb/6/6a/CHE_Les_Verri%C3%A8res_COA.svg/500px-CHE_Les_Verri%C3%A8res_COA.svg.png",25.831239409,FALSE,FALSE
24,6512,35.093632959,937,1733,35.136540962,2702,7690,2670,TRUE,"NE","Val-de-Travers","Val-de-Travers","Val-de-Travers","Val-de-Travers NE","Val-de-Travers (NE)","Val-de-Travers (NE)","Neuenburg","Neuchâtel","Neuchâtel","https://thumb.wikimedia.org/wikipedia/commons/thumb/f/f7/CHE_Val-de-Travers_COA.svg/250px-CHE_Val-de-Travers_COA.svg.png",25.831239409,FALSE,FALSE
24,6513,19.981325864,642,2571,43.349423438,3233,7458,3213,TRUE,"NE","Laténa","Laténa","Laténa","Laténa NE","Laténa (NE)","Laténa (NE)","Neuenburg","Neuchâtel","Neuchâtel","https://thumb.wikimedia.org/wikipedia/commons/thumb/0/0e/CHE_Lat%C3%A9na_COA.svg/500px-CHE_Lat%C3%A9na_COA.svg.png",25.831239409,FALSE,FALSE
25,6601,,,,,,,,FALSE,"GE","Aire-la-Ville","Aire-la-Ville","Aire-la-Ville","Aire-la-Ville GE","Aire-la-Ville (GE)","Aire-la-Ville (GE)","Genf","Genève","Ginevra","https://thumb.wikimedia.org/wikipedia/commons/thumb/6/67/CHE_Aire-la-Ville_COA.svg/960px-CHE_Aire-la-Ville_COA.svg.png",33.505762461,FALSE,FALSE
25,6602,,,,,,,,FALSE,"GE","Anières","Anières","Anières","Anières GE","Anières (GE)","Anières (GE)","Genf","Genève","Ginevra","https://thumb.wikimedia.org/wikipedia/commons/thumb/b/b8/CHE_Ani%C3%A8res_COA.svg/960px-CHE_Ani%C3%A8res_COA.svg.png",33.505762461,FALSE,FALSE
25,6603,,,,,,,,FALSE,"GE","Avully","Avully","Avully","Avully GE","Avully (GE)","Avully (GE)","Genf","Genève","Ginevra","https://thumb.wikimedia.org/wikipedia/commons/thumb/4/4f/CHE_Avully_COA.svg/960px-CHE_Avully_COA.svg.png",33.505762461,FALSE,FALSE
25,6604,,,,,,,,FALSE,"GE","Avusy","Avusy","Avusy","Avusy GE","Avusy (GE)","Avusy (GE)","Genf","Genève","Ginevra","https://thumb.wikimedia.org/wikipedia/commons/thumb/e/e6/CHE_Avusy_COA.svg/960px-CHE_Avusy_COA.svg.png",33.505762461,FALSE,FALSE
25,6605,,,,,,,,FALSE,"GE","Bardonnex","Bardonnex","Bardonnex","Bardonnex GE","Bardonnex (GE)","Bardonnex (GE)","Genf","Genève","Ginevra","https://thumb.wikimedia.org/wikipedia/commons/thumb/1/15/CHE_Bardonnex_COA.svg/500px-CHE_Bardonnex_COA.svg.png",33.505762461,FALSE,FALSE
25,6606,,,,,,,,FALSE,"GE","Bellevue","Bellevue","Bellevue","Bellevue GE","Bellevue (GE)","Bellevue (GE)","Genf","Genève","Ginevra","https://thumb.wikimedia.org/wikipedia/commons/thumb/0/09/CHE_Bellevue_COA.svg/960px-CHE_Bellevue_COA.svg.png",33.505762461,FALSE,FALSE
25,6607,,,,,,,,FALSE,"GE","Bernex","Bernex","Bernex","Bernex GE","Bernex (GE)","Bernex (GE)","Genf","Genève","Ginevra","https://thumb.wikimedia.org/wikipedia/commons/thumb/e/e4/CHE_Bernex_COA.svg/960px-CHE_Bernex_COA.svg.png",33.505762461,FALSE,FALSE
25,6608,,,,,,,,FALSE,"GE","Carouge","Carouge (GE)","Carouge","Carouge GE","Carouge (GE)","Carouge (GE)","Genf","Genève","Ginevra","https://thumb.wikimedia.org/wikipedia/commons/thumb/4/4b/CHE_Carouge_COA.svg/960px-CHE_Carouge_COA.svg.png",33.505762461,FALSE,FALSE
25,6609,,,,,,,,FALSE,"GE","Cartigny","Cartigny","Cartigny","Cartigny GE","Cartigny (GE)","Cartigny (GE)","Genf","Genève","Ginevra","https://thumb.wikimedia.org/wikipedia/commons/thumb/3/30/CHE_Cartigny_COA.svg/960px-CHE_Cartigny_COA.svg.png",33.505762461,FALSE,FALSE
25,6610,,,,,,,,FALSE,"GE","Céligny","Céligny","Céligny","Céligny GE","Céligny (GE)","Céligny (GE)","Genf","Genève","Ginevra","https://thumb.wikimedia.org/wikipedia/commons/thumb/7/7b/CHE_C%C3%A9ligny_COA.svg/960px-CHE_C%C3%A9ligny_COA.svg.png",33.505762461,FALSE,FALSE
25,6611,,,,,,,,FALSE,"GE","Chancy","Chancy","Chancy","Chancy GE","Chancy (GE)","Chancy (GE)","Genf","Genève","Ginevra","https://thumb.wikimedia.org/wikipedia/commons/thumb/5/52/CHE_Chancy_COA.svg/960px-CHE_Chancy_COA.svg.png",33.505762461,FALSE,FALSE
25,6612,,,,,,,,FALSE,"GE","Chêne-Bougeries","Chêne-Bougeries","Chêne-Bougeries","Chêne-Bougeries GE","Chêne-Bougeries (GE)","Chêne-Bougeries (GE)","Genf","Genève","Ginevra","https://thumb.wikimedia.org/wikipedia/commons/thumb/f/f4/CHE_Ch%C3%AAne-Bougeries_COA.svg/500px-CHE_Ch%C3%AAne-Bougeries_COA.svg.png",33.505762461,FALSE,FALSE
25,6613,,,,,,,,FALSE,"GE","Chêne-Bourg","Chêne-Bourg","Chêne-Bourg","Chêne-Bourg GE","Chêne-Bourg (GE)","Chêne-Bourg (GE)","Genf","Genève","Ginevra","https://thumb.wikimedia.org/wikipedia/commons/thumb/d/d3/CHE_Ch%C3%AAne-Bourg_COA.svg/960px-CHE_Ch%C3%AAne-Bourg_COA.svg.png",33.505762461,FALSE,FALSE
25,6614,,,,,,,,FALSE,"GE","Choulex","Choulex","Choulex","Choulex GE","Choulex (GE)","Choulex (GE)","Genf","Genève","Ginevra","https://thumb.wikimedia.org/wikipedia/commons/thumb/2/27/CHE_Choulex_COA.svg/960px-CHE_Choulex_COA.svg.png",33.505762461,FALSE,FALSE
25,6615,,,,,,,,FALSE,"GE","Collex-Bossy","Collex-Bossy","Collex-Bossy","Collex-Bossy GE","Collex-Bossy (GE)","Collex-Bossy (GE)","Genf","Genève","Ginevra","https://thumb.wikimedia.org/wikipedia/commons/thumb/f/f5/CHE_Collex-Bossy_COA.svg/960px-CHE_Collex-Bossy_COA.svg.png",33.505762461,FALSE,FALSE
25,6616,,,,,,,,FALSE,"GE","Collonge-Bellerive","Collonge-Bellerive","Collonge-Bellerive","Collonge-Bellerive GE","Collonge-Bellerive (GE)","Collonge-Bellerive (GE)","Genf","Genève","Ginevra","https://thumb.wikimedia.org/wikipedia/commons/thumb/f/f6/CHE_Collonge-Bellerive_COA.svg/960px-CHE_Collonge-Bellerive_COA.svg.png",33.505762461,FALSE,FALSE
25,6617,,,,,,,,FALSE,"GE","Cologny","Cologny","Cologny","Cologny GE","Cologny (GE)","Cologny (GE)","Genf","Genève","Ginevra","https://thumb.wikimedia.org/wikipedia/commons/thumb/a/a2/CHE_Cologny_COA.svg/960px-CHE_Cologny_COA.svg.png",33.505762461,FALSE,FALSE
25,6618,,,,,,,,FALSE,"GE","Confignon","Confignon","Confignon","Confignon GE","Confignon (GE)","Confignon (GE)","Genf","Genève","Ginevra","https://thumb.wikimedia.org/wikipedia/commons/thumb/5/58/CHE_Confignon_COA.svg/960px-CHE_Confignon_COA.svg.png",33.505762461,FALSE,FALSE
25,6619,,,,,,,,FALSE,"GE","Corsier GE","Corsier (GE)","Corsier GE","Corsier GE","Corsier (GE)","Corsier (GE)","Genf","Genève","Ginevra","https://thumb.wikimedia.org/wikipedia/commons/thumb/3/3c/CHE_Corsier_COA.svg/960px-CHE_Corsier_COA.svg.png",33.505762461,FALSE,FALSE
25,6620,,,,,,,,FALSE,"GE","Dardagny","Dardagny","Dardagny","Dardagny GE","Dardagny (GE)","Dardagny (GE)","Genf","Genève","Ginevra","https://thumb.wikimedia.org/wikipedia/commons/thumb/2/26/CHE_Dardagny_COA.svg/960px-CHE_Dardagny_COA.svg.png",33.505762461,FALSE,FALSE
25,6621,,,,,,,,FALSE,"GE","Genf","Genève","Ginevra","Genf GE","Genève (GE)","Ginevra (GE)","Genf","Genève","Ginevra","https://thumb.wikimedia.org/wikipedia/commons/thumb/4/4d/CHE_Gen%C3%A8ve_COA.svg/960px-CHE_Gen%C3%A8ve_COA.svg.png",33.505762461,FALSE,FALSE
25,6622,,,,,,,,FALSE,"GE","Genthod","Genthod","Genthod","Genthod GE","Genthod (GE)","Genthod (GE)","Genf","Genève","Ginevra","https://thumb.wikimedia.org/wikipedia/commons/thumb/f/f5/CHE_Genthod_COA.svg/960px-CHE_Genthod_COA.svg.png",33.505762461,FALSE,FALSE
25,6623,,,,,,,,FALSE,"GE","Le Grand-Saconnex","Le Grand-Saconnex","Le Grand-Saconnex","Le Grand-Saconnex GE","Le Grand-Saconnex (GE)","Le Grand-Saconnex (GE)","Genf","Genève","Ginevra","https://thumb.wikimedia.org/wikipedia/commons/thumb/6/6a/CHE_Le_Grand-Saconnex_COA.svg/960px-CHE_Le_Grand-Saconnex_COA.svg.png",33.505762461,FALSE,FALSE
25,6624,,,,,,,,FALSE,"GE","Gy","Gy","Gy","Gy GE","Gy (GE)","Gy (GE)","Genf","Genève","Ginevra","https://thumb.wikimedia.org/wikipedia/commons/thumb/f/f8/CHE_Gy_COA.svg/960px-CHE_Gy_COA.svg.png",33.505762461,FALSE,FALSE
25,6625,,,,,,,,FALSE,"GE","Hermance","Hermance","Hermance","Hermance GE","Hermance (GE)","Hermance (GE)","Genf","Genève","Ginevra","https://thumb.wikimedia.org/wikipedia/commons/thumb/b/b3/CHE_Hermance_COA.svg/960px-CHE_Hermance_COA.svg.png",33.505762461,FALSE,FALSE
25,6626,,,,,,,,FALSE,"GE","Jussy","Jussy","Jussy","Jussy GE","Jussy (GE)","Jussy (GE)","Genf","Genève","Ginevra","https://thumb.wikimedia.org/wikipedia/commons/thumb/3/31/CHE_Jussy_COA.svg/960px-CHE_Jussy_COA.svg.png",33.505762461,FALSE,FALSE
25,6627,,,,,,,,FALSE,"GE","Laconnex","Laconnex","Laconnex","Laconnex GE","Laconnex (GE)","Laconnex (GE)","Genf","Genève","Ginevra","https://thumb.wikimedia.org/wikipedia/commons/thumb/9/97/CHE_Laconnex_COA.svg/960px-CHE_Laconnex_COA.svg.png",33.505762461,FALSE,FALSE
25,6628,,,,,,,,FALSE,"GE","Lancy","Lancy","Lancy","Lancy GE","Lancy (GE)","Lancy (GE)","Genf","Genève","Ginevra","https://thumb.wikimedia.org/wikipedia/commons/thumb/2/29/CHE_Lancy_COA.svg/960px-CHE_Lancy_COA.svg.png",33.505762461,FALSE,FALSE
25,6629,,,,,,,,FALSE,"GE","Meinier","Meinier","Meinier","Meinier GE","Meinier (GE)","Meinier (GE)","Genf","Genève","Ginevra","https://thumb.wikimedia.org/wikipedia/commons/thumb/a/a4/CHE_Meinier_COA.svg/960px-CHE_Meinier_COA.svg.png",33.505762461,FALSE,FALSE
25,6630,,,,,,,,FALSE,"GE","Meyrin","Meyrin","Meyrin","Meyrin GE","Meyrin (GE)","Meyrin (GE)","Genf","Genève","Ginevra","https://thumb.wikimedia.org/wikipedia/commons/thumb/5/5a/CHE_Meyrin_COA.svg/960px-CHE_Meyrin_COA.svg.png",33.505762461,FALSE,FALSE
25,6631,,,,,,,,FALSE,"GE","Onex","Onex","Onex","Onex GE","Onex (GE)","Onex (GE)","Genf","Genève","Ginevra","https://thumb.wikimedia.org/wikipedia/commons/thumb/b/b6/CHE_Onex_COA.svg/960px-CHE_Onex_COA.svg.png",33.505762461,FALSE,FALSE
25,6632,,,,,,,,FALSE,"GE","Perly-Certoux","Perly-Certoux","Perly-Certoux","Perly-Certoux GE","Perly-Certoux (GE)","Perly-Certoux (GE)","Genf","Genève","Ginevra","https://thumb.wikimedia.org/wikipedia/commons/thumb/e/ed/CHE_Perly-Certoux_COA.svg/960px-CHE_Perly-Certoux_COA.svg.png",33.505762461,FALSE,FALSE
25,6633,,,,,,,,FALSE,"GE","Plan-les-Ouates","Plan-les-Ouates","Plan-les-Ouates","Plan-les-Ouates GE","Plan-les-Ouates (GE)","Plan-les-Ouates (GE)","Genf","Genève","Ginevra","https://thumb.wikimedia.org/wikipedia/commons/thumb/6/66/CHE_Plan-les-Ouates_COA.svg/960px-CHE_Plan-les-Ouates_COA.svg.png",33.505762461,FALSE,FALSE
25,6634,,,,,,,,FALSE,"GE","Pregny-Chambésy","Pregny-Chambésy","Pregny-Chambésy","Pregny-Chambésy GE","Pregny-Chambésy (GE)","Pregny-Chambésy (GE)","Genf","Genève","Ginevra","https://thumb.wikimedia.org/wikipedia/commons/thumb/0/07/CHE_Pregny-Chamb%C3%A9sy_COA.svg/960px-CHE_Pregny-Chamb%C3%A9sy_COA.svg.png",33.505762461,FALSE,FALSE
25,6635,,,,,,,,FALSE,"GE","Presinge","Presinge","Presinge","Presinge GE","Presinge (GE)","Presinge (GE)","Genf","Genève","Ginevra","https://thumb.wikimedia.org/wikipedia/commons/thumb/b/b1/CHE_Presinge_COA.svg/960px-CHE_Presinge_COA.svg.png",33.505762461,FALSE,FALSE
25,6636,,,,,,,,FALSE,"GE","Puplinge","Puplinge","Puplinge","Puplinge GE","Puplinge (GE)","Puplinge (GE)","Genf","Genève","Ginevra","https://thumb.wikimedia.org/wikipedia/commons/thumb/c/ce/CHE_Puplinge_COA.svg/960px-CHE_Puplinge_COA.svg.png",33.505762461,FALSE,FALSE
25,6637,,,,,,,,FALSE,"GE","Russin","Russin","Russin","Russin GE","Russin (GE)","Russin (GE)","Genf","Genève","Ginevra","https://thumb.wikimedia.org/wikipedia/commons/thumb/4/49/CHE_Russin_COA.svg/960px-CHE_Russin_COA.svg.png",33.505762461,FALSE,FALSE
25,6638,,,,,,,,FALSE,"GE","Satigny","Satigny","Satigny","Satigny GE","Satigny (GE)","Satigny (GE)","Genf","Genève","Ginevra","https://thumb.wikimedia.org/wikipedia/commons/thumb/e/e6/CHE_Satigny_COA.svg/960px-CHE_Satigny_COA.svg.png",33.505762461,FALSE,FALSE
25,6639,,,,,,,,FALSE,"GE","Soral","Soral","Soral","Soral GE","Soral (GE)","Soral (GE)","Genf","Genève","Ginevra","https://thumb.wikimedia.org/wikipedia/commons/thumb/d/de/CHE_Soral_COA.svg/960px-CHE_Soral_COA.svg.png",33.505762461,FALSE,FALSE
25,6640,,,,,,,,FALSE,"GE","Thônex","Thônex","Thônex","Thônex GE","Thônex (GE)","Thônex (GE)","Genf","Genève","Ginevra","https://thumb.wikimedia.org/wikipedia/commons/thumb/e/e5/CHE_Th%C3%B4nex_COA.svg/960px-CHE_Th%C3%B4nex_COA.svg.png",33.505762461,FALSE,FALSE
25,6641,,,,,,,,FALSE,"GE","Troinex","Troinex","Troinex","Troinex GE","Troinex (GE)","Troinex (GE)","Genf","Genève","Ginevra","https://thumb.wikimedia.org/wikipedia/commons/thumb/3/36/CHE_Troinex_COA.svg/960px-CHE_Troinex_COA.svg.png",33.505762461,FALSE,FALSE
25,6642,,,,,,,,FALSE,"GE","Vandoeuvres","Vandoeuvres","Vandoeuvres","Vandoeuvres GE","Vandoeuvres (GE)","Vandoeuvres (GE)","Genf","Genève","Ginevra","https://thumb.wikimedia.org/wikipedia/commons/thumb/7/70/CHE_Vand%C5%93uvres_COA.svg/960px-CHE_Vand%C5%93uvres_COA.svg.png",33.505762461,FALSE,FALSE
25,6643,,,,,,,,FALSE,"GE","Vernier","Vernier","Vernier","Vernier GE","Vernier (GE)","Vernier (GE)","Genf","Genève","Ginevra","https://thumb.wikimedia.org/wikipedia/commons/thumb/5/58/CHE_Vernier_COA.svg/960px-CHE_Vernier_COA.svg.png",33.505762461,FALSE,FALSE
25,6644,,,,,,,,FALSE,"GE","Versoix","Versoix","Versoix","Versoix GE","Versoix (GE)","Versoix (GE)","Genf","Genève","Ginevra","https://thumb.wikimedia.org/wikipedia/commons/thumb/e/e2/CHE_Versoix_COA.svg/960px-CHE_Versoix_COA.svg.png",33.505762461,FALSE,FALSE
25,6645,,,,,,,,FALSE,"GE","Veyrier","Veyrier","Veyrier","Veyrier GE","Veyrier (GE)","Veyrier (GE)","Genf","Genève","Ginevra","https://thumb.wikimedia.org/wikipedia/commons/thumb/e/e9/CHE_Veyrier_COA.svg/960px-CHE_Veyrier_COA.svg.png",33.505762461,FALSE,FALSE
26,6702,31.02189781,85,189,37.380627558,274,733,274,TRUE,"JU","Boécourt","Boécourt","Boécourt","Boécourt JU","Boécourt (JU)","Boécourt (JU)","Jura","Jura","Giura","https://thumb.wikimedia.org/wikipedia/commons/thumb/6/6b/CHE_Bo%C3%A9court_COA.svg/960px-CHE_Bo%C3%A9court_COA.svg.png",29.984583762,FALSE,FALSE
26,6703,36.206896552,42,74,46.09375,118,256,116,TRUE,"JU","Bourrignon","Bourrignon","Bourrignon","Bourrignon JU","Bourrignon (JU)","Bourrignon (JU)","Jura","Jura","Giura","https://thumb.wikimedia.org/wikipedia/commons/thumb/c/ca/Bourrignon-blazon.svg/250px-Bourrignon-blazon.svg.png",29.984583762,FALSE,FALSE
26,6704,33.75,54,106,41.044776119,165,402,160,TRUE,"JU","Châtillon JU","Châtillon (JU)","Châtillon JU","Châtillon JU","Châtillon (JU)","Châtillon (JU)","Jura","Jura","Giura","https://thumb.wikimedia.org/wikipedia/commons/thumb/b/bd/CHE_Ch%C3%A2tillon_COA.svg/250px-CHE_Ch%C3%A2tillon_COA.svg.png",29.984583762,FALSE,FALSE
26,6706,22.4,28,97,36.134453782,129,357,125,TRUE,"JU","Courchapoix","Courchapoix","Courchapoix","Courchapoix JU","Courchapoix (JU)","Courchapoix (JU)","Jura","Jura","Giura","https://thumb.wikimedia.org/wikipedia/commons/thumb/d/de/CHE_Courchapoix_COA.svg/960px-CHE_Courchapoix_COA.svg.png",29.984583762,FALSE,FALSE
26,6708,,,,,,,,FALSE,"JU","Courrendlin","Courrendlin","Courrendlin","Courrendlin JU","Courrendlin (JU)","Courrendlin (JU)","Jura","Jura","Giura","https://thumb.wikimedia.org/wikipedia/commons/thumb/9/9f/CHE_Courrendlin_COA.svg/960px-CHE_Courrendlin_COA.svg.png",29.984583762,FALSE,FALSE
26,6709,27.312295974,251,668,38.21603928,934,2444,919,TRUE,"JU","Courroux","Courroux","Courroux","Courroux JU","Courroux (JU)","Courroux (JU)","Jura","Jura","Giura","https://thumb.wikimedia.org/wikipedia/commons/thumb/2/21/Courroux-blazon.svg/250px-Courroux-blazon.svg.png",29.984583762,FALSE,FALSE
26,6710,28.512960437,209,524,36.852491367,747,2027,733,TRUE,"JU","Courtételle","Courtételle","Courtételle","Courtételle JU","Courtételle (JU)","Courtételle (JU)","Jura","Jura","Giura","https://thumb.wikimedia.org/wikipedia/commons/thumb/0/02/CH_Courtetelle_COA.svg/500px-CH_Courtetelle_COA.svg.png",29.984583762,FALSE,FALSE
26,6711,,,,,,,,FALSE,"JU","Delsberg","Delémont","Delémont","Delsberg JU","Delémont (JU)","Delémont (JU)","Jura","Jura","Giura","https://thumb.wikimedia.org/wikipedia/commons/thumb/2/26/CHE_Del%C3%A9mont_COA.svg/500px-CHE_Del%C3%A9mont_COA.svg.png",29.984583762,FALSE,FALSE
26,6712,23.58974359,92,298,39.221556886,393,1002,390,TRUE,"JU","Develier","Develier","Develier","Develier JU","Develier (JU)","Develier (JU)","Jura","Jura","Giura","https://thumb.wikimedia.org/wikipedia/commons/thumb/2/25/CHE_Develier_COA.svg/960px-CHE_Develier_COA.svg.png",29.984583762,FALSE,FALSE
26,6713,62.5,25,15,42.105263158,40,95,40,TRUE,"JU","Ederswiler","Ederswiler","Ederswiler","Ederswiler JU","Ederswiler (JU)","Ederswiler (JU)","Jura","Jura","Giura","https://thumb.wikimedia.org/wikipedia/commons/thumb/d/db/CHE_Ederswiler_COA.svg/960px-CHE_Ederswiler_COA.svg.png",29.984583762,FALSE,FALSE
26,6715,29.591836735,58,138,47.482014388,198,417,196,TRUE,"JU","Mervelier","Mervelier","Mervelier","Mervelier JU","Mervelier (JU)","Mervelier (JU)","Jura","Jura","Giura","https://thumb.wikimedia.org/wikipedia/commons/thumb/a/ad/CHE_Mervelier_COA.svg/960px-CHE_Mervelier_COA.svg.png",29.984583762,FALSE,FALSE
26,6716,31.25,15,33,62.337662338,48,77,48,TRUE,"JU","Mettembert","Mettembert","Mettembert","Mettembert JU","Mettembert (JU)","Mettembert (JU)","Jura","Jura","Giura","https://thumb.wikimedia.org/wikipedia/commons/thumb/8/8c/CHE_Mettembert_COA.svg/500px-CHE_Mettembert_COA.svg.png",29.984583762,FALSE,FALSE
26,6718,50.684931507,74,72,42.857142857,147,343,146,TRUE,"JU","Movelier","Movelier","Movelier","Movelier JU","Movelier (JU)","Movelier (JU)","Jura","Jura","Giura","https://thumb.wikimedia.org/wikipedia/commons/thumb/7/7d/CHE_Movelier_COA.svg/960px-CHE_Movelier_COA.svg.png",29.984583762,FALSE,FALSE
26,6719,31.724137931,46,99,44.011976048,147,334,145,TRUE,"JU","Pleigne","Pleigne","Pleigne","Pleigne JU","Pleigne (JU)","Pleigne (JU)","Jura","Jura","Giura","https://thumb.wikimedia.org/wikipedia/commons/thumb/0/04/CHE_Pleigne_COA.svg/500px-CHE_Pleigne_COA.svg.png",29.984583762,FALSE,FALSE
26,6721,20.553359684,52,201,43.868739206,254,579,253,TRUE,"JU","Rossemaison","Rossemaison","Rossemaison","Rossemaison JU","Rossemaison (JU)","Rossemaison (JU)","Jura","Jura","Giura","https://thumb.wikimedia.org/wikipedia/commons/thumb/d/d4/CHE_Rossemaison_COA.svg/960px-CHE_Rossemaison_COA.svg.png",29.984583762,FALSE,FALSE
26,6722,22.972972973,17,57,36.744186047,79,215,74,TRUE,"JU","Saulcy","Saulcy","Saulcy","Saulcy JU","Saulcy (JU)","Saulcy (JU)","Jura","Jura","Giura","https://thumb.wikimedia.org/wikipedia/commons/thumb/0/0c/CHE_Saulcy_COA.svg/960px-CHE_Saulcy_COA.svg.png",29.984583762,FALSE,FALSE
26,6724,45.454545455,55,66,39.935064935,123,308,121,TRUE,"JU","Soyhières","Soyhières","Soyhières","Soyhières JU","Soyhières (JU)","Soyhières (JU)","Jura","Jura","Giura","https://thumb.wikimedia.org/wikipedia/commons/thumb/3/30/CHE_Soyhi%C3%A8res_COA.svg/960px-CHE_Soyhi%C3%A8res_COA.svg.png",29.984583762,FALSE,FALSE
26,6729,,,,,,,,FALSE,"JU","Haute-Sorne","Haute-Sorne","Haute-Sorne","Haute-Sorne JU","Haute-Sorne (JU)","Haute-Sorne (JU)","Jura","Jura","Giura","https://thumb.wikimedia.org/wikipedia/commons/thumb/2/2f/CHE_Haute-Sorne_COA.svg/500px-CHE_Haute-Sorne_COA.svg.png",29.984583762,FALSE,FALSE
26,6730,28.359683794,287,725,40.117647059,1023,2550,1012,TRUE,"JU","Val Terbi","Val Terbi","Val Terbi","Val Terbi JU","Val Terbi (JU)","Val Terbi (JU)","Jura","Jura","Giura","https://thumb.wikimedia.org/wikipedia/commons/thumb/c/c1/Coats_of_arms_of_None.svg/250px-Coats_of_arms_of_None.svg.png",29.984583762,FALSE,FALSE
26,6741,24.347826087,28,87,39.333333333,118,300,115,TRUE,"JU","Le Bémont JU","Le Bémont (JU)","Le Bémont JU","Le Bémont JU","Le Bémont (JU)","Le Bémont (JU)","Jura","Jura","Giura","https://thumb.wikimedia.org/wikipedia/commons/thumb/8/81/CHE_Le_B%C3%A9mont_COA.svg/960px-CHE_Le_B%C3%A9mont_COA.svg.png",29.984583762,FALSE,FALSE
26,6742,,,,,,,,FALSE,"JU","Les Bois","Les Bois","Les Bois","Les Bois JU","Les Bois (JU)","Les Bois (JU)","Jura","Jura","Giura","https://thumb.wikimedia.org/wikipedia/commons/thumb/a/a5/CHE_Les_Bois_COA.svg/250px-CHE_Les_Bois_COA.svg.png",29.984583762,FALSE,FALSE
26,6743,,,,,,,,FALSE,"JU","Les Breuleux","Les Breuleux","Les Breuleux","Les Breuleux JU","Les Breuleux (JU)","Les Breuleux (JU)","Jura","Jura","Giura","https://thumb.wikimedia.org/wikipedia/commons/thumb/b/b4/CHE_Les_Breuleux_COA.svg/960px-CHE_Les_Breuleux_COA.svg.png",29.984583762,FALSE,FALSE
26,6745,,,,,,,,FALSE,"JU","Les Enfers","Les Enfers","Les Enfers","Les Enfers JU","Les Enfers (JU)","Les Enfers (JU)","Jura","Jura","Giura","https://thumb.wikimedia.org/wikipedia/commons/thumb/6/65/LesEnfers-blazon.svg/250px-LesEnfers-blazon.svg.png",29.984583762,FALSE,FALSE
26,6748,29.714285714,52,123,38.512035011,176,457,175,TRUE,"JU","Les Genevez JU","Les Genevez (JU)","Les Genevez JU","Les Genevez JU","Les Genevez (JU)","Les Genevez (JU)","Jura","Jura","Giura","https://thumb.wikimedia.org/wikipedia/commons/thumb/8/83/CHE_Les_Genevez_COA.svg/500px-CHE_Les_Genevez_COA.svg.png",29.984583762,FALSE,FALSE
26,6750,23.396226415,62,203,45.177664975,267,591,265,TRUE,"JU","Lajoux JU","Lajoux (JU)","Lajoux JU","Lajoux JU","Lajoux (JU)","Lajoux (JU)","Jura","Jura","Giura","https://thumb.wikimedia.org/wikipedia/commons/thumb/4/43/CHE_Lajoux_COA.svg/960px-CHE_Lajoux_COA.svg.png",29.984583762,FALSE,FALSE
26,6751,27.526132404,79,208,59.304703476,290,489,287,TRUE,"JU","Montfaucon","Montfaucon","Montfaucon","Montfaucon JU","Montfaucon (JU)","Montfaucon (JU)","Jura","Jura","Giura","https://thumb.wikimedia.org/wikipedia/commons/thumb/e/e2/CHE_Montfaucon_COA.svg/960px-CHE_Montfaucon_COA.svg.png",29.984583762,FALSE,FALSE
26,6753,18.974358974,37,158,42.703862661,199,466,195,TRUE,"JU","Muriaux","Muriaux","Muriaux","Muriaux JU","Muriaux (JU)","Muriaux (JU)","Jura","Jura","Giura","https://thumb.wikimedia.org/wikipedia/commons/thumb/9/96/CHE_Muriaux_COA.svg/960px-CHE_Muriaux_COA.svg.png",29.984583762,FALSE,FALSE
26,6754,23.367697595,136,446,40.927977839,591,1444,582,TRUE,"JU","Le Noirmont","Le Noirmont","Le Noirmont","Le Noirmont JU","Le Noirmont (JU)","Le Noirmont (JU)","Jura","Jura","Giura","https://thumb.wikimedia.org/wikipedia/commons/thumb/a/a9/CHE_Le_Noirmont_COA.svg/500px-CHE_Le_Noirmont_COA.svg.png",29.984583762,FALSE,FALSE
26,6757,21.155729677,216,805,50.414836506,1033,2049,1021,TRUE,"JU","Saignelégier","Saignelégier","Saignelégier","Saignelégier JU","Saignelégier (JU)","Saignelégier (JU)","Jura","Jura","Giura","https://thumb.wikimedia.org/wikipedia/commons/thumb/2/23/CHE_Saignel%C3%A9gier_COA.svg/960px-CHE_Saignel%C3%A9gier_COA.svg.png",29.984583762,FALSE,FALSE
26,6758,27.358490566,29,77,50.471698113,107,212,106,TRUE,"JU","Saint-Brais","Saint-Brais","Saint-Brais","Saint-Brais JU","Saint-Brais (JU)","Saint-Brais (JU)","Jura","Jura","Giura","https://thumb.wikimedia.org/wikipedia/commons/thumb/a/a2/CHE_Saint-Brais_COA.svg/960px-CHE_Saint-Brais_COA.svg.png",29.984583762,FALSE,FALSE
26,6759,44.230769231,23,29,40.909090909,54,132,52,TRUE,"JU","Soubey","Soubey","Soubey","Soubey JU","Soubey (JU)","Soubey (JU)","Jura","Jura","Giura","https://thumb.wikimedia.org/wikipedia/commons/thumb/0/02/CHE_Soubey_COA.svg/960px-CHE_Soubey_COA.svg.png",29.984583762,FALSE,FALSE
26,6771,31.086142322,166,368,36.885245902,540,1464,534,TRUE,"JU","Alle","Alle","Alle","Alle JU","Alle (JU)","Alle (JU)","Jura","Jura","Giura","https://thumb.wikimedia.org/wikipedia/commons/thumb/9/9c/CHE_Alle_COA.svg/500px-CHE_Alle_COA.svg.png",29.984583762,FALSE,FALSE
26,6774,31.805157593,111,238,35.743380855,351,982,349,TRUE,"JU","Boncourt","Boncourt","Boncourt","Boncourt JU","Boncourt (JU)","Boncourt (JU)","Jura","Jura","Giura","https://thumb.wikimedia.org/wikipedia/commons/thumb/6/64/Boncourt-blazon.svg/250px-Boncourt-blazon.svg.png",29.984583762,FALSE,FALSE
26,6778,,,,,,,,FALSE,"JU","Bure","Bure","Bure","Bure JU","Bure (JU)","Bure (JU)","Jura","Jura","Giura","https://thumb.wikimedia.org/wikipedia/commons/thumb/1/1e/CHE_Bure_COA.svg/960px-CHE_Bure_COA.svg.png",29.984583762,FALSE,FALSE
26,6781,,,,,,,,FALSE,"JU","Coeuve","Coeuve","Coeuve","Coeuve JU","Coeuve (JU)","Coeuve (JU)","Jura","Jura","Giura","https://thumb.wikimedia.org/wikipedia/commons/thumb/5/57/Coeuve-blazon.svg/250px-Coeuve-blazon.svg.png",29.984583762,FALSE,FALSE
26,6782,,,,,,,,FALSE,"JU","Cornol","Cornol","Cornol","Cornol JU","Cornol (JU)","Cornol (JU)","Jura","Jura","Giura","https://thumb.wikimedia.org/wikipedia/commons/thumb/a/a0/CHE_Cornol_COA.svg/500px-CHE_Cornol_COA.svg.png",29.984583762,FALSE,FALSE
26,6783,32.075471698,34,72,45.957446809,108,235,106,TRUE,"JU","Courchavon","Courchavon","Courchavon","Courchavon JU","Courchavon (JU)","Courchavon (JU)","Jura","Jura","Giura","https://thumb.wikimedia.org/wikipedia/commons/thumb/e/ef/Courchavon-blazon.svg/250px-Courchavon-blazon.svg.png",29.984583762,FALSE,FALSE
26,6784,,,,,,,,FALSE,"JU","Courgenay","Courgenay","Courgenay","Courgenay JU","Courgenay (JU)","Courgenay (JU)","Jura","Jura","Giura","https://thumb.wikimedia.org/wikipedia/commons/thumb/3/37/CHE_Courgenay_COA.svg/960px-CHE_Courgenay_COA.svg.png",29.984583762,FALSE,FALSE
26,6785,,,,,,,,FALSE,"JU","Courtedoux","Courtedoux","Courtedoux","Courtedoux JU","Courtedoux (JU)","Courtedoux (JU)","Jura","Jura","Giura","https://thumb.wikimedia.org/wikipedia/commons/thumb/1/1c/CHE_Courtedoux_COA.svg/960px-CHE_Courtedoux_COA.svg.png",29.984583762,FALSE,FALSE
26,6789,49.285714286,69,71,51.624548736,143,277,140,TRUE,"JU","Fahy","Fahy","Fahy","Fahy JU","Fahy (JU)","Fahy (JU)","Jura","Jura","Giura","https://thumb.wikimedia.org/wikipedia/commons/thumb/5/58/CHE_Fahy_COA.svg/960px-CHE_Fahy_COA.svg.png",29.984583762,FALSE,FALSE
26,6790,26.09561753,131,371,39.34681182,506,1286,502,TRUE,"JU","Fontenais","Fontenais","Fontenais","Fontenais JU","Fontenais (JU)","Fontenais (JU)","Jura","Jura","Giura","https://thumb.wikimedia.org/wikipedia/commons/thumb/9/95/Fontenais-blazon.svg/250px-Fontenais-blazon.svg.png",29.984583762,FALSE,FALSE
26,6792,41.666666667,70,98,55.048859935,169,307,168,TRUE,"JU","Grandfontaine","Grandfontaine","Grandfontaine","Grandfontaine JU","Grandfontaine (JU)","Grandfontaine (JU)","Jura","Jura","Giura","https://thumb.wikimedia.org/wikipedia/commons/thumb/0/02/Grandfontaine-blazon.svg/250px-Grandfontaine-blazon.svg.png",29.984583762,FALSE,FALSE
26,6800,,,,,,,,FALSE,"JU","Pruntrut","Porrentruy","Porrentruy","Pruntrut JU","Porrentruy (JU)","Porrentruy (JU)","Jura","Jura","Giura","https://thumb.wikimedia.org/wikipedia/commons/thumb/6/64/CHE_Porrentruy_JU_COA.svg/960px-CHE_Porrentruy_JU_COA.svg.png",29.984583762,FALSE,FALSE
26,6806,34.653465347,70,132,43.368421053,206,475,202,TRUE,"JU","Vendlincourt","Vendlincourt","Vendlincourt","Vendlincourt JU","Vendlincourt (JU)","Vendlincourt (JU)","Jura","Jura","Giura","https://thumb.wikimedia.org/wikipedia/commons/thumb/0/07/CHE_Vendlincourt_COA.svg/500px-CHE_Vendlincourt_COA.svg.png",29.984583762,FALSE,FALSE
26,6807,35.061728395,142,263,43.007360673,409,951,405,TRUE,"JU","Basse-Allaine","Basse-Allaine","Basse-Allaine","Basse-Allaine JU","Basse-Allaine (JU)","Basse-Allaine (JU)","Jura","Jura","Giura","https://thumb.wikimedia.org/wikipedia/commons/thumb/c/c4/BasseAllaine-blazon.svg/250px-BasseAllaine-blazon.svg.png",29.984583762,FALSE,FALSE
26,6808,34.3412527,159,304,40.603448276,471,1160,463,TRUE,"JU","Clos du Doubs","Clos du Doubs","Clos du Doubs","Clos du Doubs JU","Clos du Doubs (JU)","Clos du Doubs (JU)","Jura","Jura","Giura","https://thumb.wikimedia.org/wikipedia/commons/thumb/c/c0/ClosDuDoubs-blazon.svg/250px-ClosDuDoubs-blazon.svg.png",29.984583762,FALSE,FALSE
26,6809,35.926773455,157,280,42.801932367,443,1035,437,TRUE,"JU","Haute-Ajoie","Haute-Ajoie","Haute-Ajoie","Haute-Ajoie JU","Haute-Ajoie (JU)","Haute-Ajoie (JU)","Jura","Jura","Giura","https://thumb.wikimedia.org/wikipedia/commons/thumb/f/f0/Wappen_Jura_matt.svg/500px-Wappen_Jura_matt.svg.png",29.984583762,FALSE,FALSE
26,6810,44.103773585,187,237,43.438453713,427,983,424,TRUE,"JU","La Baroche","La Baroche","La Baroche","La Baroche JU","La Baroche (JU)","La Baroche (JU)","Jura","Jura","Giura","https://thumb.wikimedia.org/wikipedia/commons/thumb/a/a1/CHE_La_Baroche_COA.svg/500px-CHE_La_Baroche_COA.svg.png",29.984583762,FALSE,FALSE
26,6811,38.260869565,44,71,40.468227425,121,299,115,TRUE,"JU","Damphreux-Lugnez","Damphreux-Lugnez","Damphreux-Lugnez","Damphreux-Lugnez JU","Damphreux-Lugnez (JU)","Damphreux-Lugnez (JU)","Jura","Jura","Giura","https://thumb.wikimedia.org/wikipedia/commons/thumb/1/1d/CHE_Damphreux-Lugnez_COA.svg/960px-CHE_Damphreux-Lugnez_COA.svg.png",29.984583762,FALSE,FALSE
26,6812,38.790035587,109,172,40.634005764,282,694,281,TRUE,"JU","Basse-Vendline","Basse-Vendline","Basse-Vendline","Basse-Vendline JU","Basse-Vendline (JU)","Basse-Vendline (JU)","Jura","Jura","Giura","https://thumb.wikimedia.org/wikipedia/commons/thumb/3/3f/CHE_Basse-Vendline_COA.svg/500px-CHE_Basse-Vendline_COA.svg.png",29.984583762,FALSE,FALSE
26,6831,,,,,,,,FALSE,"JU","Moutier","Moutier","Moutier","Moutier JU","Moutier (JU)","Moutier (JU)","Jura","Jura","Giura","https://thumb.wikimedia.org/wikipedia/commons/thumb/f/f0/CHE_Moutier_COA.svg/500px-CHE_Moutier_COA.svg.png",29.984583762,FALSE,FALSE
