"ID","Gemeinde_color","Ja_Stimmen_In_Prozent","Nein_Stimmen_In_Prozent","Gemeinde_de","Text_de","link_wappen"
1,28.7,28.7,71.3,"Aeugst am Albis ZH","71,3 Prozent der Stimmbürgerinnen und Stimmbürger von Aeugst am Albis haben die Neutralitätsinitiative abgelehnt.","https://thumb.wikimedia.org/wikipedia/commons/thumb/5/58/CHE_Aeugst_am_Albis_COA.svg/250px-CHE_Aeugst_am_Albis_COA.svg.png"
2,26.7,26.7,73.3,"Affoltern am Albis ZH","Nein zur Neutralitätsinitiative in Affoltern am Albis: 73,3 Prozent.","https://thumb.wikimedia.org/wikipedia/commons/thumb/6/6c/CHE_Affoltern_am_Albis_COA.svg/250px-CHE_Affoltern_am_Albis_COA.svg.png"
3,24.6,24.6,75.4,"Bonstetten ZH","Nein zur Neutralitätsinitiative in Bonstetten: 75,4 Prozent.","https://thumb.wikimedia.org/wikipedia/commons/thumb/1/12/CHE_Bonstetten_COA.svg/330px-CHE_Bonstetten_COA.svg.png"
4,29.1,29.1,70.9,"Hausen am Albis ZH","Mit 70,9 Prozent wird die Neutralitätsinitiative in Hausen am Albis verworfen.","https://thumb.wikimedia.org/wikipedia/commons/thumb/a/a3/CHE_Hausen_am_Albis_COA.svg/250px-CHE_Hausen_am_Albis_COA.svg.png"
5,25.2,25.2,74.8,"Hedingen ZH","In Hedingen ist die Neutralitätsinitiative mit 74,8 Prozent der Stimmen gescheitert.","https://thumb.wikimedia.org/wikipedia/commons/thumb/c/cf/CHE_Hedingen_COA.svg/250px-CHE_Hedingen_COA.svg.png"
6,36.6,36.6,63.4,"Kappel am Albis ZH","Nein zur Neutralitätsinitiative in Kappel am Albis: 63,4 Prozent.","https://thumb.wikimedia.org/wikipedia/commons/thumb/6/62/CHE_Kappel_am_Albis_COA.svg/250px-CHE_Kappel_am_Albis_COA.svg.png"
7,31.3,31.3,68.7,"Knonau ZH","In Knonau ist die Neutralitätsinitiative mit 68,7 Prozent der Stimmen gescheitert.","https://thumb.wikimedia.org/wikipedia/commons/thumb/7/70/CHE_Knonau_COA.svg/250px-CHE_Knonau_COA.svg.png"
8,35.3,35.3,64.7,"Maschwanden ZH","64,7 Prozent der Stimmbürgerinnen und Stimmbürger von Maschwanden haben die Neutralitätsinitiative abgelehnt.","https://thumb.wikimedia.org/wikipedia/commons/thumb/c/c8/CHE_Maschwanden_COA.svg/250px-CHE_Maschwanden_COA.svg.png"
9,50,0,0,"Mettmenstetten ZH","Die Resultate dieser Gemeinde sind noch nicht bekannt.","https://thumb.wikimedia.org/wikipedia/commons/thumb/d/d8/CHE_Mettmenstetten_COA.svg/250px-CHE_Mettmenstetten_COA.svg.png"
10,50,0,0,"Obfelden ZH","Die Resultate dieser Gemeinde sind noch nicht bekannt.","https://thumb.wikimedia.org/wikipedia/commons/thumb/3/37/CHE_Obfelden_COA.svg/250px-CHE_Obfelden_COA.svg.png"
11,31.2,31.2,68.8,"Ottenbach ZH","In Ottenbach ist die Neutralitätsinitiative mit 68,8 Prozent der Stimmen gescheitert.","https://thumb.wikimedia.org/wikipedia/commons/thumb/2/28/CHE_Ottenbach_COA.svg/250px-CHE_Ottenbach_COA.svg.png"
12,50,0,0,"Rifferswil ZH","Die Resultate dieser Gemeinde sind noch nicht bekannt.","https://thumb.wikimedia.org/wikipedia/commons/thumb/f/fa/CHE_Rifferswil_COA.svg/250px-CHE_Rifferswil_COA.svg.png"
13,27.6,27.6,72.4,"Stallikon ZH","Mit 72,4 Prozent wird die Neutralitätsinitiative in Stallikon verworfen.","https://thumb.wikimedia.org/wikipedia/commons/thumb/2/22/CHE_Stallikon_COA.svg/250px-CHE_Stallikon_COA.svg.png"
14,22.3,22.3,77.7,"Wettswil am Albis ZH","77,7 Prozent der Stimmbürgerinnen und Stimmbürger von Wettswil am Albis haben die Neutralitätsinitiative abgelehnt.","https://thumb.wikimedia.org/wikipedia/commons/thumb/c/c6/CHE_Wettswil_am_Albis_COA.svg/250px-CHE_Wettswil_am_Albis_COA.svg.png"
22,38.3,38.3,61.7,"Benken ZH","In Benken ZH ist die Neutralitätsinitiative mit 61,7 Prozent der Stimmen gescheitert.","https://thumb.wikimedia.org/wikipedia/commons/thumb/2/2c/CHE_Benken_COA.svg/250px-CHE_Benken_COA.svg.png"
23,37.8,37.8,62.2,"Berg am Irchel ZH","Nein zur Neutralitätsinitiative in Berg am Irchel: 62,2 Prozent.","https://thumb.wikimedia.org/wikipedia/commons/thumb/b/b6/CHE_Berg_am_Irchel_COA.svg/250px-CHE_Berg_am_Irchel_COA.svg.png"
24,33.6,33.6,66.4,"Buch am Irchel ZH","66,4 Prozent der Stimmbürgerinnen und Stimmbürger von Buch am Irchel sprechen sich gegen die Neutralitätsinitiative aus.","https://thumb.wikimedia.org/wikipedia/commons/thumb/a/ae/CHE_Buch_am_Irchel_COA.svg/250px-CHE_Buch_am_Irchel_COA.svg.png"
25,50,0,0,"Dachsen ZH","Die Resultate dieser Gemeinde sind noch nicht bekannt.","https://thumb.wikimedia.org/wikipedia/commons/thumb/c/c5/CHE_Dachsen_COA.svg/330px-CHE_Dachsen_COA.svg.png"
26,35.5,35.5,64.5,"Dorf ZH","64,5 Prozent der Stimmbürgerinnen und Stimmbürger von Dorf haben die Neutralitätsinitiative abgelehnt.","https://thumb.wikimedia.org/wikipedia/commons/thumb/1/14/CHE_Dorf_COA.svg/250px-CHE_Dorf_COA.svg.png"
27,50,0,0,"Feuerthalen ZH","Die Resultate dieser Gemeinde sind noch nicht bekannt.","https://thumb.wikimedia.org/wikipedia/commons/thumb/5/50/CHE_Feuerthalen_COA.svg/250px-CHE_Feuerthalen_COA.svg.png"
28,40.2,40.2,59.8,"Flaach ZH","59,8 Prozent der Stimmbürgerinnen und Stimmbürger von Flaach haben die Neutralitätsinitiative abgelehnt.","https://thumb.wikimedia.org/wikipedia/commons/thumb/2/29/CHE_Flaach_COA.svg/250px-CHE_Flaach_COA.svg.png"
29,20.3,20.3,79.7,"Flurlingen ZH","Nein zur Neutralitätsinitiative in Flurlingen: 79,7 Prozent.","https://thumb.wikimedia.org/wikipedia/commons/thumb/c/cc/CHE_Flurlingen_COA.svg/250px-CHE_Flurlingen_COA.svg.png"
31,50,0,0,"Henggart ZH","Die Resultate dieser Gemeinde sind noch nicht bekannt.","https://thumb.wikimedia.org/wikipedia/commons/thumb/7/78/CHE_Henggart_COA.svg/250px-CHE_Henggart_COA.svg.png"
33,35.6,35.6,64.4,"Kleinandelfingen ZH","In Kleinandelfingen ist die Neutralitätsinitiative mit 64,4 Prozent der Stimmen gescheitert.","https://thumb.wikimedia.org/wikipedia/commons/thumb/6/6f/CHE_Kleinandelfingen_COA.svg/250px-CHE_Kleinandelfingen_COA.svg.png"
34,30.2,30.2,69.8,"Laufen-Uhwiesen ZH","Nein zur Neutralitätsinitiative in Laufen-Uhwiesen: 69,8 Prozent.","https://thumb.wikimedia.org/wikipedia/commons/thumb/5/5d/CHE_Laufen-Uhwiesen_COA.svg/250px-CHE_Laufen-Uhwiesen_COA.svg.png"
35,41.6,41.6,58.4,"Marthalen ZH","In Marthalen ist die Neutralitätsinitiative mit 58,4 Prozent der Stimmen gescheitert.","https://thumb.wikimedia.org/wikipedia/commons/thumb/a/a7/CHE_Marthalen_COA.svg/250px-CHE_Marthalen_COA.svg.png"
37,30.3,30.3,69.7,"Ossingen ZH","In Ossingen ist die Neutralitätsinitiative mit 69,7 Prozent der Stimmen gescheitert.","https://thumb.wikimedia.org/wikipedia/commons/thumb/0/08/CHE_Ossingen_COA.svg/250px-CHE_Ossingen_COA.svg.png"
38,50,0,0,"Rheinau ZH","Die Resultate dieser Gemeinde sind noch nicht bekannt.","https://thumb.wikimedia.org/wikipedia/commons/thumb/8/8b/CHE_Rheinau_COA.svg/250px-CHE_Rheinau_COA.svg.png"
39,50,0,0,"Thalheim an der Thur ZH","Die Resultate dieser Gemeinde sind noch nicht bekannt.","https://thumb.wikimedia.org/wikipedia/commons/thumb/e/e3/CHE_Thalheim_COA.svg/250px-CHE_Thalheim_COA.svg.png"
40,37.3,37.3,62.7,"Trüllikon ZH","62,7 Prozent der Stimmbürgerinnen und Stimmbürger von Trüllikon sprechen sich gegen die Neutralitätsinitiative aus.","https://thumb.wikimedia.org/wikipedia/commons/thumb/c/c8/CHE_Tr%C3%BCllikon_COA.svg/250px-CHE_Tr%C3%BCllikon_COA.svg.png"
41,37.2,37.2,62.8,"Truttikon ZH","Mit 62,8 Prozent wird die Neutralitätsinitiative in Truttikon verworfen.","https://thumb.wikimedia.org/wikipedia/commons/thumb/e/e1/CHE_Truttikon_COA.svg/250px-CHE_Truttikon_COA.svg.png"
43,40.1,40.1,59.9,"Volken ZH","59,9 Prozent der Stimmbürgerinnen und Stimmbürger von Volken haben die Neutralitätsinitiative abgelehnt.","https://thumb.wikimedia.org/wikipedia/commons/thumb/a/a9/CHE_Volken_COA.svg/250px-CHE_Volken_COA.svg.png"
51,31.2,31.2,68.8,"Bachenbülach ZH","68,8 Prozent der Stimmbürgerinnen und Stimmbürger von Bachenbülach sprechen sich gegen die Neutralitätsinitiative aus.","https://thumb.wikimedia.org/wikipedia/commons/thumb/a/a8/CHE_Bachenb%C3%BClach_COA.svg/250px-CHE_Bachenb%C3%BClach_COA.svg.png"
52,50,0,0,"Bassersdorf ZH","Die Resultate dieser Gemeinde sind noch nicht bekannt.","https://thumb.wikimedia.org/wikipedia/commons/thumb/c/c7/CHE_Bassersdorf_COA.svg/250px-CHE_Bassersdorf_COA.svg.png"
53,50,0,0,"Bülach ZH","Die Resultate dieser Gemeinde sind noch nicht bekannt.","https://thumb.wikimedia.org/wikipedia/commons/thumb/f/fb/CHE_B%C3%BClach_COA.svg/250px-CHE_B%C3%BClach_COA.svg.png"
54,26,26,74,"Dietlikon ZH","74 Prozent der Stimmbürgerinnen und Stimmbürger von Dietlikon sprechen sich gegen die Neutralitätsinitiative aus.","https://thumb.wikimedia.org/wikipedia/commons/thumb/4/42/CHE_Dietlikon_COA.svg/250px-CHE_Dietlikon_COA.svg.png"
55,50,0,0,"Eglisau ZH","Die Resultate dieser Gemeinde sind noch nicht bekannt.","https://thumb.wikimedia.org/wikipedia/commons/thumb/0/0c/CHE_Eglisau_COA.svg/250px-CHE_Eglisau_COA.svg.png"
56,33.4,33.4,66.6,"Embrach ZH","66,6 Prozent der Stimmbürgerinnen und Stimmbürger von Embrach haben die Neutralitätsinitiative abgelehnt.","https://thumb.wikimedia.org/wikipedia/commons/thumb/e/e2/CHE_Embrach_COA.svg/250px-CHE_Embrach_COA.svg.png"
57,31.2,31.2,68.8,"Freienstein-Teufen ZH","In Freienstein-Teufen ist die Neutralitätsinitiative mit 68,8 Prozent der Stimmen gescheitert.","https://thumb.wikimedia.org/wikipedia/commons/thumb/0/06/CHE_Freienstein-Teufen_COA.svg/250px-CHE_Freienstein-Teufen_COA.svg.png"
58,50,0,0,"Glattfelden ZH","Die Resultate dieser Gemeinde sind noch nicht bekannt.","https://thumb.wikimedia.org/wikipedia/commons/thumb/6/69/CHE_Glattfelden_COA.svg/250px-CHE_Glattfelden_COA.svg.png"
59,36.4,36.4,63.6,"Hochfelden ZH","Mit 63,6 Prozent wird die Neutralitätsinitiative in Hochfelden verworfen.","https://thumb.wikimedia.org/wikipedia/commons/thumb/d/d0/CHE_Hochfelden_COA.svg/250px-CHE_Hochfelden_COA.svg.png"
60,39.5,39.5,60.5,"Höri ZH","Mit 60,5 Prozent wird die Neutralitätsinitiative in Höri verworfen.","https://thumb.wikimedia.org/wikipedia/commons/thumb/c/c5/CHE_H%C3%B6ri_COA.svg/250px-CHE_H%C3%B6ri_COA.svg.png"
61,33.4,33.4,66.6,"Hüntwangen ZH","66,6 Prozent der Stimmbürgerinnen und Stimmbürger von Hüntwangen haben die Neutralitätsinitiative abgelehnt.","https://thumb.wikimedia.org/wikipedia/commons/thumb/3/31/CHE_H%C3%BCntwangen_COA.svg/250px-CHE_H%C3%BCntwangen_COA.svg.png"
62,33.2,33.2,66.8,"Kloten ZH","66,8 Prozent der Stimmbürgerinnen und Stimmbürger von Kloten haben die Neutralitätsinitiative abgelehnt.","https://thumb.wikimedia.org/wikipedia/commons/thumb/0/0b/CHE_Kloten_Brand_Mark.svg/500px-CHE_Kloten_Brand_Mark.svg.png"
63,50,0,0,"Lufingen ZH","Die Resultate dieser Gemeinde sind noch nicht bekannt.","https://thumb.wikimedia.org/wikipedia/commons/thumb/3/39/CHE_Lufingen_COA.svg/250px-CHE_Lufingen_COA.svg.png"
64,50,0,0,"Nürensdorf ZH","Die Resultate dieser Gemeinde sind noch nicht bekannt.","https://thumb.wikimedia.org/wikipedia/commons/thumb/e/e2/CHE_N%C3%BCrensdorf_COA.svg/250px-CHE_N%C3%BCrensdorf_COA.svg.png"
65,42.3,42.3,57.7,"Oberembrach ZH","In Oberembrach ist die Neutralitätsinitiative mit 57,7 Prozent der Stimmen gescheitert.","https://thumb.wikimedia.org/wikipedia/commons/thumb/4/44/CHE_Oberembrach_COA.svg/250px-CHE_Oberembrach_COA.svg.png"
66,50,0,0,"Opfikon ZH","Die Resultate dieser Gemeinde sind noch nicht bekannt.","https://thumb.wikimedia.org/wikipedia/commons/thumb/0/0b/CHE_Opfikon_COA.svg/250px-CHE_Opfikon_COA.svg.png"
67,31.1,31.1,68.9,"Rafz ZH","68,9 Prozent der Stimmbürgerinnen und Stimmbürger von Rafz sprechen sich gegen die Neutralitätsinitiative aus.","https://thumb.wikimedia.org/wikipedia/commons/thumb/c/cc/CHE_Rafz_COA.svg/250px-CHE_Rafz_COA.svg.png"
68,37.8,37.8,62.2,"Rorbas ZH","62,2 Prozent der Stimmbürgerinnen und Stimmbürger von Rorbas haben die Neutralitätsinitiative abgelehnt.","https://thumb.wikimedia.org/wikipedia/commons/thumb/d/d6/CHE_Rorbas_COA.svg/250px-CHE_Rorbas_COA.svg.png"
69,50,0,0,"Wallisellen ZH","Die Resultate dieser Gemeinde sind noch nicht bekannt.","https://thumb.wikimedia.org/wikipedia/commons/thumb/3/3b/CHE_Wallisellen_COA.svg/250px-CHE_Wallisellen_COA.svg.png"
70,29.7,29.7,70.3,"Wasterkingen ZH","Mit 70,3 Prozent wird die Neutralitätsinitiative in Wasterkingen verworfen.","https://thumb.wikimedia.org/wikipedia/commons/thumb/4/47/CHE_Wasterkingen_COA.svg/250px-CHE_Wasterkingen_COA.svg.png"
71,36.1,36.1,63.9,"Wil ZH","Mit 63,9 Prozent wird die Neutralitätsinitiative in Wil ZH verworfen.","https://thumb.wikimedia.org/wikipedia/commons/thumb/d/de/CHE_Wil_ZH_COA.svg/250px-CHE_Wil_ZH_COA.svg.png"
72,50,0,0,"Winkel ZH","Die Resultate dieser Gemeinde sind noch nicht bekannt.","https://thumb.wikimedia.org/wikipedia/commons/thumb/6/63/CHE_Winkel_COA.svg/330px-CHE_Winkel_COA.svg.png"
81,39.1,39.1,60.9,"Bachs ZH","60,9 Prozent der Stimmbürgerinnen und Stimmbürger von Bachs haben die Neutralitätsinitiative abgelehnt.","https://thumb.wikimedia.org/wikipedia/commons/thumb/0/0b/CHE_Bachs_COA.svg/250px-CHE_Bachs_COA.svg.png"
82,31.2,31.2,68.8,"Boppelsen ZH","68,8 Prozent der Stimmbürgerinnen und Stimmbürger von Boppelsen haben die Neutralitätsinitiative abgelehnt.","https://thumb.wikimedia.org/wikipedia/commons/thumb/5/50/CHE_Boppelsen_COA.svg/330px-CHE_Boppelsen_COA.svg.png"
83,50,0,0,"Buchs ZH","Die Resultate dieser Gemeinde sind noch nicht bekannt.","https://thumb.wikimedia.org/wikipedia/commons/thumb/0/0c/CHE_Buchs_COA.svg/250px-CHE_Buchs_COA.svg.png"
84,37.9,37.9,62.1,"Dällikon ZH","In Dällikon ist die Neutralitätsinitiative mit 62,1 Prozent der Stimmen gescheitert.","https://thumb.wikimedia.org/wikipedia/commons/thumb/e/ef/CHE_D%C3%A4llikon_COA.svg/250px-CHE_D%C3%A4llikon_COA.svg.png"
85,34.9,34.9,65.1,"Dänikon ZH","65,1 Prozent der Stimmbürgerinnen und Stimmbürger von Dänikon haben die Neutralitätsinitiative abgelehnt.","https://thumb.wikimedia.org/wikipedia/commons/thumb/5/58/CHE_D%C3%A4nikon_COA.svg/250px-CHE_D%C3%A4nikon_COA.svg.png"
86,33.8,33.8,66.2,"Dielsdorf ZH","Mit 66,2 Prozent wird die Neutralitätsinitiative in Dielsdorf verworfen.","https://thumb.wikimedia.org/wikipedia/commons/thumb/e/e1/CHE_Dielsdorf_COA.svg/250px-CHE_Dielsdorf_COA.svg.png"
87,40,40,60,"Hüttikon ZH","In Hüttikon ist die Neutralitätsinitiative mit 60 Prozent der Stimmen gescheitert.","https://thumb.wikimedia.org/wikipedia/commons/thumb/5/5e/CHE_H%C3%BCttikon_COA.svg/250px-CHE_H%C3%BCttikon_COA.svg.png"
88,50,0,0,"Neerach ZH","Die Resultate dieser Gemeinde sind noch nicht bekannt.","https://thumb.wikimedia.org/wikipedia/commons/thumb/c/c8/CHE_Neerach_COA.svg/250px-CHE_Neerach_COA.svg.png"
89,38.1,38.1,61.9,"Niederglatt ZH","Nein zur Neutralitätsinitiative in Niederglatt: 61,9 Prozent.","https://thumb.wikimedia.org/wikipedia/commons/thumb/b/be/CHE_Niederglatt_COA.svg/250px-CHE_Niederglatt_COA.svg.png"
90,37.4,37.4,62.6,"Niederhasli ZH","62,6 Prozent der Stimmbürgerinnen und Stimmbürger von Niederhasli haben die Neutralitätsinitiative abgelehnt.","https://thumb.wikimedia.org/wikipedia/commons/thumb/e/e6/CHE_Niederhasli_COA_%28side%29.svg/250px-CHE_Niederhasli_COA_%28side%29.svg.png"
91,25.6,25.6,74.4,"Niederweningen ZH","Nein zur Neutralitätsinitiative in Niederweningen: 74,4 Prozent.","https://thumb.wikimedia.org/wikipedia/commons/thumb/2/2a/CHE_Niederweningen_COA.svg/250px-CHE_Niederweningen_COA.svg.png"
92,50,0,0,"Oberglatt ZH","Die Resultate dieser Gemeinde sind noch nicht bekannt.","https://thumb.wikimedia.org/wikipedia/commons/thumb/7/7c/CHE_Oberglatt_COA.svg/250px-CHE_Oberglatt_COA.svg.png"
93,30.6,30.6,69.4,"Oberweningen ZH","69,4 Prozent der Stimmbürgerinnen und Stimmbürger von Oberweningen haben die Neutralitätsinitiative abgelehnt.","https://thumb.wikimedia.org/wikipedia/commons/thumb/b/b9/CHE_Oberweningen_COA.svg/250px-CHE_Oberweningen_COA.svg.png"
94,50,0,0,"Otelfingen ZH","Die Resultate dieser Gemeinde sind noch nicht bekannt.","https://thumb.wikimedia.org/wikipedia/commons/thumb/8/8a/CHE_Otelfingen_COA.svg/250px-CHE_Otelfingen_COA.svg.png"
95,25.6,25.6,74.4,"Regensberg ZH","74,4 Prozent der Stimmbürgerinnen und Stimmbürger von Regensberg sprechen sich gegen die Neutralitätsinitiative aus.","https://thumb.wikimedia.org/wikipedia/commons/thumb/1/15/CHE_Regensberg_COA.svg/250px-CHE_Regensberg_COA.svg.png"
96,50,0,0,"Regensdorf ZH","Die Resultate dieser Gemeinde sind noch nicht bekannt.","https://thumb.wikimedia.org/wikipedia/commons/thumb/d/dc/Wappen_Regensberg.svg/500px-Wappen_Regensberg.svg.png"
97,50,0,0,"Rümlang ZH","Die Resultate dieser Gemeinde sind noch nicht bekannt.","https://thumb.wikimedia.org/wikipedia/commons/thumb/1/1e/CHE_R%C3%BCmlang_COA.svg/250px-CHE_R%C3%BCmlang_COA.svg.png"
98,39.2,39.2,60.8,"Schleinikon ZH","In Schleinikon ist die Neutralitätsinitiative mit 60,8 Prozent der Stimmen gescheitert.","https://thumb.wikimedia.org/wikipedia/commons/thumb/c/ca/CHE_Schleinikon_COA.svg/250px-CHE_Schleinikon_COA.svg.png"
99,34.9,34.9,65.1,"Schöfflisdorf ZH","65,1 Prozent der Stimmbürgerinnen und Stimmbürger von Schöfflisdorf haben die Neutralitätsinitiative abgelehnt.","https://thumb.wikimedia.org/wikipedia/commons/thumb/3/3b/CHE_Sch%C3%B6fflisdorf_COA.svg/250px-CHE_Sch%C3%B6fflisdorf_COA.svg.png"
100,40,40,60,"Stadel ZH","In Stadel ist die Neutralitätsinitiative mit 60 Prozent der Stimmen gescheitert.","https://thumb.wikimedia.org/wikipedia/commons/thumb/2/25/CHE_Stadel_COA.svg/250px-CHE_Stadel_COA.svg.png"
101,50,0,0,"Steinmaur ZH","Die Resultate dieser Gemeinde sind noch nicht bekannt.","https://thumb.wikimedia.org/wikipedia/commons/thumb/f/f3/CHE_Steinmaur_COA.svg/250px-CHE_Steinmaur_COA.svg.png"
102,41.6,41.6,58.4,"Weiach ZH","58,4 Prozent der Stimmbürgerinnen und Stimmbürger von Weiach sprechen sich gegen die Neutralitätsinitiative aus.","https://thumb.wikimedia.org/wikipedia/commons/thumb/8/8f/CHE_Weiach_COA.svg/250px-CHE_Weiach_COA.svg.png"
111,50,0,0,"Bäretswil ZH","Die Resultate dieser Gemeinde sind noch nicht bekannt.","https://thumb.wikimedia.org/wikipedia/commons/thumb/a/a2/CHE_B%C3%A4retswil_COA.svg/960px-CHE_B%C3%A4retswil_COA.svg.png"
112,32.8,32.8,67.2,"Bubikon ZH","In Bubikon ist die Neutralitätsinitiative mit 67,2 Prozent der Stimmen gescheitert.","https://thumb.wikimedia.org/wikipedia/commons/thumb/0/0e/CHE_Bubikon_COA.svg/250px-CHE_Bubikon_COA.svg.png"
113,50,0,0,"Dürnten ZH","Die Resultate dieser Gemeinde sind noch nicht bekannt.","https://thumb.wikimedia.org/wikipedia/commons/thumb/6/63/CHE_D%C3%BCrnten_COA.svg/250px-CHE_D%C3%BCrnten_COA.svg.png"
114,50,0,0,"Fischenthal ZH","Die Resultate dieser Gemeinde sind noch nicht bekannt.","https://thumb.wikimedia.org/wikipedia/commons/thumb/1/1f/CHE_Fischenthal_COA.svg/250px-CHE_Fischenthal_COA.svg.png"
115,35.4,35.4,64.6,"Gossau ZH","64,6 Prozent der Stimmbürgerinnen und Stimmbürger von Gossau ZH sprechen sich gegen die Neutralitätsinitiative aus.","https://thumb.wikimedia.org/wikipedia/commons/thumb/3/33/CHE_Gossau_ZH_COA.svg/250px-CHE_Gossau_ZH_COA.svg.png"
116,50,0,0,"Grüningen ZH","Die Resultate dieser Gemeinde sind noch nicht bekannt.","https://thumb.wikimedia.org/wikipedia/commons/thumb/f/fc/CHE_Gr%C3%BCningen_COA.svg/250px-CHE_Gr%C3%BCningen_COA.svg.png"
117,50,0,0,"Hinwil ZH","Die Resultate dieser Gemeinde sind noch nicht bekannt.","https://thumb.wikimedia.org/wikipedia/commons/thumb/0/00/CHE_Hinwil_COA.svg/250px-CHE_Hinwil_COA.svg.png"
118,50,0,0,"Rüti ZH","Die Resultate dieser Gemeinde sind noch nicht bekannt.","https://thumb.wikimedia.org/wikipedia/commons/thumb/e/e7/CHE_R%C3%BCti_ZH_COA.svg/250px-CHE_R%C3%BCti_ZH_COA.svg.png"
119,31.2,31.2,68.8,"Seegräben ZH","68,8 Prozent der Stimmbürgerinnen und Stimmbürger von Seegräben sprechen sich gegen die Neutralitätsinitiative aus.","https://thumb.wikimedia.org/wikipedia/commons/thumb/2/29/CHE_Seegr%C3%A4ben_COA.svg/250px-CHE_Seegr%C3%A4ben_COA.svg.png"
120,36.4,36.4,63.6,"Wald ZH","Nein zur Neutralitätsinitiative in Wald ZH: 63,6 Prozent.","https://thumb.wikimedia.org/wikipedia/commons/thumb/4/45/Wald-blazon-modern.svg/250px-Wald-blazon-modern.svg.png"
121,50,0,0,"Wetzikon ZH","Die Resultate dieser Gemeinde sind noch nicht bekannt.","https://thumb.wikimedia.org/wikipedia/commons/thumb/0/0b/CHE_Wetzikon_COA.svg/250px-CHE_Wetzikon_COA.svg.png"
131,50,0,0,"Adliswil ZH","Die Resultate dieser Gemeinde sind noch nicht bekannt.","https://thumb.wikimedia.org/wikipedia/commons/thumb/0/0e/CHE_Adliswil_COA.svg/250px-CHE_Adliswil_COA.svg.png"
135,50,0,0,"Kilchberg ZH","Die Resultate dieser Gemeinde sind noch nicht bekannt.","https://thumb.wikimedia.org/wikipedia/commons/thumb/f/fd/CHE_Kilchberg_COA.svg/250px-CHE_Kilchberg_COA.svg.png"
136,50,0,0,"Langnau am Albis ZH","Die Resultate dieser Gemeinde sind noch nicht bekannt.","https://thumb.wikimedia.org/wikipedia/commons/thumb/a/a5/CHE_Langnau_am_Albis_COA.svg/250px-CHE_Langnau_am_Albis_COA.svg.png"
137,50,0,0,"Oberrieden ZH","Die Resultate dieser Gemeinde sind noch nicht bekannt.","https://thumb.wikimedia.org/wikipedia/commons/thumb/7/73/CHE_Oberrieden_COA.svg/250px-CHE_Oberrieden_COA.svg.png"
138,50,0,0,"Richterswil ZH","Die Resultate dieser Gemeinde sind noch nicht bekannt.","https://thumb.wikimedia.org/wikipedia/commons/thumb/b/b0/CHE_Richterswil_COA.svg/960px-CHE_Richterswil_COA.svg.png"
139,50,0,0,"Rüschlikon ZH","Die Resultate dieser Gemeinde sind noch nicht bekannt.","https://thumb.wikimedia.org/wikipedia/commons/thumb/b/bb/CHE_R%C3%BCschlikon_COA.svg/250px-CHE_R%C3%BCschlikon_COA.svg.png"
141,50,0,0,"Thalwil ZH","Die Resultate dieser Gemeinde sind noch nicht bekannt.","https://thumb.wikimedia.org/wikipedia/commons/thumb/3/33/CHE_Thalwil_COA.svg/250px-CHE_Thalwil_COA.svg.png"
151,50,0,0,"Erlenbach ZH","Die Resultate dieser Gemeinde sind noch nicht bekannt.","https://thumb.wikimedia.org/wikipedia/commons/thumb/d/d8/CHE_Erlenbach_COA.svg/250px-CHE_Erlenbach_COA.svg.png"
152,30.5,30.5,69.5,"Herrliberg ZH","69,5 Prozent der Stimmbürgerinnen und Stimmbürger von Herrliberg haben die Neutralitätsinitiative abgelehnt.","https://thumb.wikimedia.org/wikipedia/commons/thumb/b/b2/CHE_Herrliberg_COA.svg/250px-CHE_Herrliberg_COA.svg.png"
153,50,0,0,"Hombrechtikon ZH","Die Resultate dieser Gemeinde sind noch nicht bekannt.","https://thumb.wikimedia.org/wikipedia/commons/thumb/1/18/CHE_Hombrechtikon_COA.svg/250px-CHE_Hombrechtikon_COA.svg.png"
154,50,0,0,"Küsnacht ZH","Die Resultate dieser Gemeinde sind noch nicht bekannt.","https://thumb.wikimedia.org/wikipedia/commons/thumb/4/49/CHE_K%C3%BCsnacht_COA.svg/250px-CHE_K%C3%BCsnacht_COA.svg.png"
155,50,0,0,"Männedorf ZH","Die Resultate dieser Gemeinde sind noch nicht bekannt.","https://thumb.wikimedia.org/wikipedia/commons/thumb/9/9a/CHE_M%C3%A4nnedorf_COA.svg/250px-CHE_M%C3%A4nnedorf_COA.svg.png"
156,50,0,0,"Meilen ZH","Die Resultate dieser Gemeinde sind noch nicht bekannt.","https://thumb.wikimedia.org/wikipedia/commons/thumb/b/bc/CHE_Meilen_COA.svg/250px-CHE_Meilen_COA.svg.png"
157,50,0,0,"Oetwil am See ZH","Die Resultate dieser Gemeinde sind noch nicht bekannt.","https://thumb.wikimedia.org/wikipedia/commons/thumb/d/db/CHE_Oetwil_am_See_COA.svg/250px-CHE_Oetwil_am_See_COA.svg.png"
158,50,0,0,"Stäfa ZH","Die Resultate dieser Gemeinde sind noch nicht bekannt.","https://thumb.wikimedia.org/wikipedia/commons/thumb/5/5e/CHE_St%C3%A4fa_COA.svg/250px-CHE_St%C3%A4fa_COA.svg.png"
159,50,0,0,"Uetikon am See ZH","Die Resultate dieser Gemeinde sind noch nicht bekannt.","https://thumb.wikimedia.org/wikipedia/commons/thumb/4/42/CHE_Uetikon_COA.svg/250px-CHE_Uetikon_COA.svg.png"
160,50,0,0,"Zumikon ZH","Die Resultate dieser Gemeinde sind noch nicht bekannt.","https://thumb.wikimedia.org/wikipedia/commons/thumb/1/13/CHE_Zumikon_COA.svg/250px-CHE_Zumikon_COA.svg.png"
161,50,0,0,"Zollikon ZH","Die Resultate dieser Gemeinde sind noch nicht bekannt.","https://thumb.wikimedia.org/wikipedia/commons/thumb/2/2a/CHE_Zollikon_COA.svg/250px-CHE_Zollikon_COA.svg.png"
172,50,0,0,"Fehraltorf ZH","Die Resultate dieser Gemeinde sind noch nicht bekannt.","https://thumb.wikimedia.org/wikipedia/commons/thumb/a/ad/CHE_Fehraltorf_COA.svg/330px-CHE_Fehraltorf_COA.svg.png"
173,35.3,35.3,64.7,"Hittnau ZH","Mit 64,7 Prozent wird die Neutralitätsinitiative in Hittnau verworfen.","https://thumb.wikimedia.org/wikipedia/commons/thumb/d/d5/CHE_Hittnau_COA.svg/250px-CHE_Hittnau_COA.svg.png"
176,50,0,0,"Lindau ZH","Die Resultate dieser Gemeinde sind noch nicht bekannt.","https://thumb.wikimedia.org/wikipedia/commons/thumb/8/86/CHE_Lindau_COA.svg/250px-CHE_Lindau_COA.svg.png"
177,50,0,0,"Pfäffikon ZH","Die Resultate dieser Gemeinde sind noch nicht bekannt.","https://thumb.wikimedia.org/wikipedia/commons/thumb/6/61/CHE_Pf%C3%A4ffikon_ZH_COA.svg/960px-CHE_Pf%C3%A4ffikon_ZH_COA.svg.png"
178,36,36,64,"Russikon ZH","In Russikon ist die Neutralitätsinitiative mit 64 Prozent der Stimmen gescheitert.","https://thumb.wikimedia.org/wikipedia/commons/thumb/2/2f/CHE_Russikon_COA.svg/250px-CHE_Russikon_COA.svg.png"
180,35.7,35.7,64.3,"Weisslingen ZH","Nein zur Neutralitätsinitiative in Weisslingen: 64,3 Prozent.","https://thumb.wikimedia.org/wikipedia/commons/thumb/3/39/CHE_Weisslingen_COA.svg/250px-CHE_Weisslingen_COA.svg.png"
181,50,0,0,"Wila ZH","Die Resultate dieser Gemeinde sind noch nicht bekannt.","https://thumb.wikimedia.org/wikipedia/commons/thumb/1/16/CHE_Wila_COA.svg/250px-CHE_Wila_COA.svg.png"
182,50,0,0,"Wildberg ZH","Die Resultate dieser Gemeinde sind noch nicht bekannt.","https://thumb.wikimedia.org/wikipedia/commons/thumb/0/0b/CHE_Wildberg_COA.svg/250px-CHE_Wildberg_COA.svg.png"
191,50,0,0,"Dübendorf ZH","Die Resultate dieser Gemeinde sind noch nicht bekannt.","https://thumb.wikimedia.org/wikipedia/commons/thumb/f/f7/CHE_D%C3%BCbendorf_COA.svg/250px-CHE_D%C3%BCbendorf_COA.svg.png"
192,50,0,0,"Egg ZH","Die Resultate dieser Gemeinde sind noch nicht bekannt.","https://thumb.wikimedia.org/wikipedia/commons/thumb/6/6a/CHE_Egg_COA_%28variant%29.svg/250px-CHE_Egg_COA_%28variant%29.svg.png"
193,50,0,0,"Fällanden ZH","Die Resultate dieser Gemeinde sind noch nicht bekannt.","https://thumb.wikimedia.org/wikipedia/commons/thumb/c/c4/CHE_F%C3%A4llanden_COA.svg/250px-CHE_F%C3%A4llanden_COA.svg.png"
194,50,0,0,"Greifensee ZH","Die Resultate dieser Gemeinde sind noch nicht bekannt.","https://thumb.wikimedia.org/wikipedia/commons/thumb/7/76/CHE_Greifensee_COA.svg/250px-CHE_Greifensee_COA.svg.png"
195,50,0,0,"Maur ZH","Die Resultate dieser Gemeinde sind noch nicht bekannt.","https://thumb.wikimedia.org/wikipedia/commons/thumb/c/cf/CHE_Maur_COA.svg/250px-CHE_Maur_COA.svg.png"
196,50,0,0,"Mönchaltorf ZH","Die Resultate dieser Gemeinde sind noch nicht bekannt.","https://thumb.wikimedia.org/wikipedia/commons/thumb/d/d1/CHE_M%C3%B6nchaltorf_COA.svg/250px-CHE_M%C3%B6nchaltorf_COA.svg.png"
197,50,0,0,"Schwerzenbach ZH","Die Resultate dieser Gemeinde sind noch nicht bekannt.","https://thumb.wikimedia.org/wikipedia/commons/thumb/d/da/CHE_Schwerzenbach_COA.svg/250px-CHE_Schwerzenbach_COA.svg.png"
198,50,0,0,"Uster ZH","Die Resultate dieser Gemeinde sind noch nicht bekannt.","https://thumb.wikimedia.org/wikipedia/commons/thumb/2/2d/CHE_Uster_COA.svg/250px-CHE_Uster_COA.svg.png"
199,50,0,0,"Volketswil ZH","Die Resultate dieser Gemeinde sind noch nicht bekannt.","https://thumb.wikimedia.org/wikipedia/commons/thumb/9/94/CHE_Volketswil_COA.svg/250px-CHE_Volketswil_COA.svg.png"
200,30.8,30.8,69.2,"Wangen-Brüttisellen ZH","In Wangen-Brüttisellen ist die Neutralitätsinitiative mit 69,2 Prozent der Stimmen gescheitert.","https://thumb.wikimedia.org/wikipedia/commons/thumb/5/5b/CHE_Wangen-Br%C3%BCttisellen_COA.svg/250px-CHE_Wangen-Br%C3%BCttisellen_COA.svg.png"
211,41.3,41.3,58.7,"Altikon ZH","58,7 Prozent der Stimmbürgerinnen und Stimmbürger von Altikon haben die Neutralitätsinitiative abgelehnt.","https://thumb.wikimedia.org/wikipedia/commons/thumb/a/ab/CHE_Altikon_COA.svg/250px-CHE_Altikon_COA.svg.png"
213,50,0,0,"Brütten ZH","Die Resultate dieser Gemeinde sind noch nicht bekannt.","https://thumb.wikimedia.org/wikipedia/commons/thumb/4/40/CHE_Br%C3%BCtten_COA.svg/250px-CHE_Br%C3%BCtten_COA.svg.png"
214,31.7,31.7,68.3,"Dägerlen ZH","Mit 68,3 Prozent wird die Neutralitätsinitiative in Dägerlen verworfen.","https://thumb.wikimedia.org/wikipedia/commons/thumb/e/eb/CHE_D%C3%A4gerlen_COA.svg/250px-CHE_D%C3%A4gerlen_COA.svg.png"
215,50,0,0,"Dättlikon ZH","Die Resultate dieser Gemeinde sind noch nicht bekannt.","https://thumb.wikimedia.org/wikipedia/commons/thumb/a/a7/CHE_D%C3%A4ttlikon_COA.svg/250px-CHE_D%C3%A4ttlikon_COA.svg.png"
216,36.7,36.7,63.3,"Dinhard ZH","Mit 63,3 Prozent wird die Neutralitätsinitiative in Dinhard verworfen.","https://thumb.wikimedia.org/wikipedia/commons/thumb/2/2d/CHE_Dinhard_COA.svg/250px-CHE_Dinhard_COA.svg.png"
218,37.2,37.2,62.8,"Ellikon an der Thur ZH","Mit 62,8 Prozent wird die Neutralitätsinitiative in Ellikon an der Thur verworfen.","https://thumb.wikimedia.org/wikipedia/commons/thumb/a/a5/CHE_Ellikon_an_der_Thur_COA.svg/250px-CHE_Ellikon_an_der_Thur_COA.svg.png"
219,28.6,28.6,71.4,"Elsau ZH","71,4 Prozent der Stimmbürgerinnen und Stimmbürger von Elsau haben die Neutralitätsinitiative abgelehnt.","https://thumb.wikimedia.org/wikipedia/commons/thumb/4/4c/CHE_Elsau_COA.svg/330px-CHE_Elsau_COA.svg.png"
220,50,0,0,"Hagenbuch ZH","Die Resultate dieser Gemeinde sind noch nicht bekannt.","https://thumb.wikimedia.org/wikipedia/commons/thumb/6/6c/CHE_Hagenbuch_COA.svg/250px-CHE_Hagenbuch_COA.svg.png"
221,24.8,24.8,75.2,"Hettlingen ZH","In Hettlingen ist die Neutralitätsinitiative mit 75,2 Prozent der Stimmen gescheitert.","https://thumb.wikimedia.org/wikipedia/commons/thumb/8/80/CHE_Hettlingen_COA.svg/250px-CHE_Hettlingen_COA.svg.png"
223,50,0,0,"Neftenbach ZH","Die Resultate dieser Gemeinde sind noch nicht bekannt.","https://thumb.wikimedia.org/wikipedia/commons/thumb/d/d2/CHE_Neftenbach_COA.svg/250px-CHE_Neftenbach_COA.svg.png"
224,50,0,0,"Pfungen ZH","Die Resultate dieser Gemeinde sind noch nicht bekannt.","https://thumb.wikimedia.org/wikipedia/commons/thumb/e/e8/CHE_Pfungen_COA.svg/250px-CHE_Pfungen_COA.svg.png"
225,31,31,69,"Rickenbach ZH","Nein zur Neutralitätsinitiative in Rickenbach ZH: 69 Prozent.","https://thumb.wikimedia.org/wikipedia/commons/thumb/0/05/CHE_Rickenbach_COA.svg/250px-CHE_Rickenbach_COA.svg.png"
226,50,0,0,"Schlatt ZH","Die Resultate dieser Gemeinde sind noch nicht bekannt.","https://thumb.wikimedia.org/wikipedia/commons/thumb/b/bb/CHE_Schlatt_COA.svg/250px-CHE_Schlatt_COA.svg.png"
227,27.7,27.7,72.3,"Seuzach ZH","Mit 72,3 Prozent wird die Neutralitätsinitiative in Seuzach verworfen.","https://thumb.wikimedia.org/wikipedia/commons/thumb/9/98/CHE_Seuzach_COA.svg/250px-CHE_Seuzach_COA.svg.png"
228,50,0,0,"Turbenthal ZH","Die Resultate dieser Gemeinde sind noch nicht bekannt.","https://thumb.wikimedia.org/wikipedia/commons/thumb/a/ae/CHE_Turbenthal_COA.svg/250px-CHE_Turbenthal_COA.svg.png"
230,50,0,0,"Winterthur ZH","Die Resultate dieser Gemeinde sind noch nicht bekannt.","https://thumb.wikimedia.org/wikipedia/commons/thumb/b/b8/Wappen_Winterthur.svg/960px-Wappen_Winterthur.svg.png"
231,50,0,0,"Zell ZH","Die Resultate dieser Gemeinde sind noch nicht bekannt.","https://thumb.wikimedia.org/wikipedia/commons/thumb/1/13/CHE_Zell_COA.svg/250px-CHE_Zell_COA.svg.png"
241,26.1,26.1,73.9,"Aesch ZH","73,9 Prozent der Stimmbürgerinnen und Stimmbürger von Aesch ZH sprechen sich gegen die Neutralitätsinitiative aus.","https://thumb.wikimedia.org/wikipedia/commons/thumb/1/19/CHE_Aesch_COA.svg/250px-CHE_Aesch_COA.svg.png"
242,25.3,25.3,74.7,"Birmensdorf ZH","Nein zur Neutralitätsinitiative in Birmensdorf ZH: 74,7 Prozent.","https://thumb.wikimedia.org/wikipedia/commons/thumb/2/23/CHE_Birmensdorf_COA.svg/250px-CHE_Birmensdorf_COA.svg.png"
243,50,0,0,"Dietikon ZH","Die Resultate dieser Gemeinde sind noch nicht bekannt.","https://thumb.wikimedia.org/wikipedia/commons/thumb/a/a0/CHE_Dietikon_COA.svg/250px-CHE_Dietikon_COA.svg.png"
244,50,0,0,"Geroldswil ZH","Die Resultate dieser Gemeinde sind noch nicht bekannt.","https://thumb.wikimedia.org/wikipedia/commons/thumb/a/ae/CHE_Geroldswil_COA.svg/250px-CHE_Geroldswil_COA.svg.png"
245,50,0,0,"Oberengstringen ZH","Die Resultate dieser Gemeinde sind noch nicht bekannt.","https://thumb.wikimedia.org/wikipedia/commons/thumb/a/ac/CHE_Oberengstringen_COA.svg/250px-CHE_Oberengstringen_COA.svg.png"
246,31.3,31.3,68.7,"Oetwil an der Limmat ZH","68,7 Prozent der Stimmbürgerinnen und Stimmbürger von Oetwil an der Limmat sprechen sich gegen die Neutralitätsinitiative aus.","https://thumb.wikimedia.org/wikipedia/commons/thumb/8/87/CHE_Oetwil_an_der_Limmat_COA.svg/960px-CHE_Oetwil_an_der_Limmat_COA.svg.png"
247,50,0,0,"Schlieren ZH","Die Resultate dieser Gemeinde sind noch nicht bekannt.","https://thumb.wikimedia.org/wikipedia/commons/thumb/3/38/CHE_Schlieren_COA.svg/250px-CHE_Schlieren_COA.svg.png"
248,50,0,0,"Uitikon ZH","Die Resultate dieser Gemeinde sind noch nicht bekannt.","https://thumb.wikimedia.org/wikipedia/commons/thumb/6/69/CHE_Uitikon_COA.svg/250px-CHE_Uitikon_COA.svg.png"
249,29.8,29.8,70.2,"Unterengstringen ZH","70,2 Prozent der Stimmbürgerinnen und Stimmbürger von Unterengstringen haben die Neutralitätsinitiative abgelehnt.","https://thumb.wikimedia.org/wikipedia/commons/thumb/6/61/CHE_Unterengstringen_COA.svg/250px-CHE_Unterengstringen_COA.svg.png"
250,50,0,0,"Urdorf ZH","Die Resultate dieser Gemeinde sind noch nicht bekannt.","https://thumb.wikimedia.org/wikipedia/commons/thumb/c/ce/CHE_Urdorf_COA.svg/250px-CHE_Urdorf_COA.svg.png"
251,50,0,0,"Weiningen ZH","Die Resultate dieser Gemeinde sind noch nicht bekannt.","https://thumb.wikimedia.org/wikipedia/commons/thumb/7/77/CHE_Weiningen_COA.svg/250px-CHE_Weiningen_COA.svg.png"
261,50,0,0,"Zürich ZH","Die Resultate dieser Gemeinde sind noch nicht bekannt.","https://thumb.wikimedia.org/wikipedia/commons/thumb/4/4a/CHE_Z%C3%BCrich_COA.svg/250px-CHE_Z%C3%BCrich_COA.svg.png"
291,31.2,31.2,68.8,"Andelfingen ZH","68,8 Prozent der Stimmbürgerinnen und Stimmbürger von Andelfingen haben die Neutralitätsinitiative abgelehnt.","https://thumb.wikimedia.org/wikipedia/commons/thumb/7/7d/CHE_Andelfingen_COA.svg/250px-CHE_Andelfingen_COA.svg.png"
292,34,34,66,"Stammheim ZH","In Stammheim ist die Neutralitätsinitiative mit 66 Prozent der Stimmen gescheitert.","https://thumb.wikimedia.org/wikipedia/commons/thumb/d/de/CHE_Stammheim_COA.svg/250px-CHE_Stammheim_COA.svg.png"
293,50,0,0,"Wädenswil ZH","Die Resultate dieser Gemeinde sind noch nicht bekannt.","https://thumb.wikimedia.org/wikipedia/commons/thumb/b/b0/CHE_W%C3%A4denswil_COA.svg/250px-CHE_W%C3%A4denswil_COA.svg.png"
294,50,0,0,"Elgg ZH","Die Resultate dieser Gemeinde sind noch nicht bekannt.","https://thumb.wikimedia.org/wikipedia/commons/thumb/5/56/CHE_Elgg_COA.svg/250px-CHE_Elgg_COA.svg.png"
295,50,0,0,"Horgen ZH","Die Resultate dieser Gemeinde sind noch nicht bekannt.","https://thumb.wikimedia.org/wikipedia/commons/thumb/1/1a/CHE_Horgen_COA.svg/250px-CHE_Horgen_COA.svg.png"
296,50,0,0,"Illnau-Effretikon ZH","Die Resultate dieser Gemeinde sind noch nicht bekannt.","https://upload.wikimedia.org/wikipedia/commons/7/7e/Wappen-Illnau-Effretikon.jpg"
297,50,0,0,"Bauma ZH","Die Resultate dieser Gemeinde sind noch nicht bekannt.","https://thumb.wikimedia.org/wikipedia/commons/thumb/b/b3/CHE_Bauma_COA.svg/250px-CHE_Bauma_COA.svg.png"
298,50,0,0,"Wiesendangen ZH","Die Resultate dieser Gemeinde sind noch nicht bekannt.","https://thumb.wikimedia.org/wikipedia/commons/thumb/4/42/CHE_Wiesendangen_COA.svg/250px-CHE_Wiesendangen_COA.svg.png"
301,50,0,0,"Aarberg BE","Die Resultate dieser Gemeinde sind noch nicht bekannt.","https://thumb.wikimedia.org/wikipedia/commons/thumb/b/be/CHE_Aarberg_BE_COA.svg/500px-CHE_Aarberg_BE_COA.svg.png"
302,50,0,0,"Bargen BE","Die Resultate dieser Gemeinde sind noch nicht bekannt.","https://thumb.wikimedia.org/wikipedia/commons/thumb/7/77/CHE_Bargen_BE_COA.svg/500px-CHE_Bargen_BE_COA.svg.png"
303,50,0,0,"Grossaffoltern BE","Die Resultate dieser Gemeinde sind noch nicht bekannt.","https://thumb.wikimedia.org/wikipedia/commons/thumb/2/23/CHE_Grossaffoltern_BE_COA.svg/500px-CHE_Grossaffoltern_BE_COA.svg.png"
304,50,0,0,"Kallnach BE","Die Resultate dieser Gemeinde sind noch nicht bekannt.","https://thumb.wikimedia.org/wikipedia/commons/thumb/1/17/CHE_Kallnach_COA.svg/500px-CHE_Kallnach_COA.svg.png"
305,50,0,0,"Kappelen BE","Die Resultate dieser Gemeinde sind noch nicht bekannt.","https://thumb.wikimedia.org/wikipedia/commons/thumb/7/72/CHE_Kappelen_BE_COA.svg/500px-CHE_Kappelen_BE_COA.svg.png"
306,50,0,0,"Lyss BE","Die Resultate dieser Gemeinde sind noch nicht bekannt.","https://thumb.wikimedia.org/wikipedia/commons/thumb/8/88/CHE_Lyss_COA.svg/500px-CHE_Lyss_COA.svg.png"
307,50,0,0,"Meikirch BE","Die Resultate dieser Gemeinde sind noch nicht bekannt.","https://thumb.wikimedia.org/wikipedia/commons/thumb/f/f0/CHE_Meikirch_COA.svg/500px-CHE_Meikirch_COA.svg.png"
309,50,0,0,"Radelfingen BE","Die Resultate dieser Gemeinde sind noch nicht bekannt.","https://thumb.wikimedia.org/wikipedia/commons/thumb/0/05/CHE_Radelfingen_BE_COA.svg/500px-CHE_Radelfingen_BE_COA.svg.png"
310,50,0,0,"Rapperswil BE","Die Resultate dieser Gemeinde sind noch nicht bekannt.","https://thumb.wikimedia.org/wikipedia/commons/thumb/8/8f/CHE_Rapperswil_BE_official_COA.svg/500px-CHE_Rapperswil_BE_official_COA.svg.png"
311,50,0,0,"Schüpfen BE","Die Resultate dieser Gemeinde sind noch nicht bekannt.","https://thumb.wikimedia.org/wikipedia/commons/thumb/8/8e/CHE_Sch%C3%BCpfen_BE_COA.svg/500px-CHE_Sch%C3%BCpfen_BE_COA.svg.png"
312,50,0,0,"Seedorf BE","Die Resultate dieser Gemeinde sind noch nicht bekannt.","https://thumb.wikimedia.org/wikipedia/commons/thumb/7/7a/CHE_Seedorf_BE_COA.svg/960px-CHE_Seedorf_BE_COA.svg.png"
321,50,0,0,"Aarwangen BE","Die Resultate dieser Gemeinde sind noch nicht bekannt.","https://thumb.wikimedia.org/wikipedia/commons/thumb/d/dd/CHE_Aarwangen_COA.svg/960px-CHE_Aarwangen_COA.svg.png"
322,50,0,0,"Auswil BE","Die Resultate dieser Gemeinde sind noch nicht bekannt.","https://thumb.wikimedia.org/wikipedia/commons/thumb/0/07/CHE_Auswil_COA.svg/960px-CHE_Auswil_COA.svg.png"
323,50,0,0,"Bannwil BE","Die Resultate dieser Gemeinde sind noch nicht bekannt.","https://thumb.wikimedia.org/wikipedia/commons/thumb/b/b3/CHE_Bannwil_COA.svg/500px-CHE_Bannwil_COA.svg.png"
324,50,0,0,"Bleienbach BE","Die Resultate dieser Gemeinde sind noch nicht bekannt.","https://thumb.wikimedia.org/wikipedia/commons/thumb/c/ce/CHE_Bleienbach_COA.svg/960px-CHE_Bleienbach_COA.svg.png"
325,50,0,0,"Busswil bei Melchnau BE","Die Resultate dieser Gemeinde sind noch nicht bekannt.","https://thumb.wikimedia.org/wikipedia/commons/thumb/f/f7/CHE_Busswil_bei_Melchnau_COA.svg/500px-CHE_Busswil_bei_Melchnau_COA.svg.png"
326,50,0,0,"Gondiswil BE","Die Resultate dieser Gemeinde sind noch nicht bekannt.","https://thumb.wikimedia.org/wikipedia/commons/thumb/f/f4/CHE_Gondiswil_COA.svg/960px-CHE_Gondiswil_COA.svg.png"
329,50,0,0,"Langenthal BE","Die Resultate dieser Gemeinde sind noch nicht bekannt.","https://thumb.wikimedia.org/wikipedia/commons/thumb/f/f2/CHE_Langenthal_COA.svg/960px-CHE_Langenthal_COA.svg.png"
331,50,0,0,"Lotzwil BE","Die Resultate dieser Gemeinde sind noch nicht bekannt.","https://thumb.wikimedia.org/wikipedia/commons/thumb/6/64/CHE_Lotzwil_COA.svg/500px-CHE_Lotzwil_COA.svg.png"
332,50,0,0,"Madiswil BE","Die Resultate dieser Gemeinde sind noch nicht bekannt.","https://thumb.wikimedia.org/wikipedia/commons/thumb/4/45/CHE_Madiswil_COA.svg/500px-CHE_Madiswil_COA.svg.png"
333,50,0,0,"Melchnau BE","Die Resultate dieser Gemeinde sind noch nicht bekannt.","https://thumb.wikimedia.org/wikipedia/commons/thumb/e/e7/CHE_Melchnau_COA.svg/500px-CHE_Melchnau_COA.svg.png"
335,50,0,0,"Oeschenbach BE","Die Resultate dieser Gemeinde sind noch nicht bekannt.","https://thumb.wikimedia.org/wikipedia/commons/thumb/a/a7/CHE_Oeschenbach_COA.svg/500px-CHE_Oeschenbach_COA.svg.png"
336,50,0,0,"Reisiswil BE","Die Resultate dieser Gemeinde sind noch nicht bekannt.","https://thumb.wikimedia.org/wikipedia/commons/thumb/5/5b/CHE_Reisiswil_COA.svg/500px-CHE_Reisiswil_COA.svg.png"
337,50,0,0,"Roggwil BE","Die Resultate dieser Gemeinde sind noch nicht bekannt.","https://thumb.wikimedia.org/wikipedia/commons/thumb/e/e0/CHE_Roggwil_BE_COA.svg/500px-CHE_Roggwil_BE_COA.svg.png"
338,50,0,0,"Rohrbach BE","Die Resultate dieser Gemeinde sind noch nicht bekannt.","https://thumb.wikimedia.org/wikipedia/commons/thumb/8/81/CHE_Rohrbach_COA.svg/960px-CHE_Rohrbach_COA.svg.png"
339,50,0,0,"Rohrbachgraben BE","Die Resultate dieser Gemeinde sind noch nicht bekannt.","https://thumb.wikimedia.org/wikipedia/commons/thumb/8/86/CHE_Rohrbachgraben_COA.svg/500px-CHE_Rohrbachgraben_COA.svg.png"
340,50,0,0,"Rütschelen BE","Die Resultate dieser Gemeinde sind noch nicht bekannt.","https://thumb.wikimedia.org/wikipedia/commons/thumb/c/c1/CHE_R%C3%BCtschelen_COA.svg/960px-CHE_R%C3%BCtschelen_COA.svg.png"
341,50,0,0,"Schwarzhäusern BE","Die Resultate dieser Gemeinde sind noch nicht bekannt.","https://thumb.wikimedia.org/wikipedia/commons/thumb/5/5b/CHE_Schwarzh%C3%A4usern_COA.svg/500px-CHE_Schwarzh%C3%A4usern_COA.svg.png"
342,50,0,0,"Thunstetten BE","Die Resultate dieser Gemeinde sind noch nicht bekannt.","https://thumb.wikimedia.org/wikipedia/commons/thumb/e/e5/CHE_Thunstetten_COA.svg/500px-CHE_Thunstetten_COA.svg.png"
344,50,0,0,"Ursenbach BE","Die Resultate dieser Gemeinde sind noch nicht bekannt.","https://thumb.wikimedia.org/wikipedia/commons/thumb/0/08/CHE_Ursenbach_COA.svg/500px-CHE_Ursenbach_COA.svg.png"
345,50,0,0,"Wynau BE","Die Resultate dieser Gemeinde sind noch nicht bekannt.","https://thumb.wikimedia.org/wikipedia/commons/thumb/a/ab/CHE_Wynau_COA.svg/500px-CHE_Wynau_COA.svg.png"
351,50,0,0,"Bern BE","Die Resultate dieser Gemeinde sind noch nicht bekannt.","https://thumb.wikimedia.org/wikipedia/commons/thumb/9/91/CHE_Bern_BE_COA.svg/960px-CHE_Bern_BE_COA.svg.png"
352,50,0,0,"Bolligen BE","Die Resultate dieser Gemeinde sind noch nicht bekannt.","https://thumb.wikimedia.org/wikipedia/commons/thumb/b/ba/CHE_Bolligen_COA.svg/500px-CHE_Bolligen_COA.svg.png"
353,50,0,0,"Bremgarten bei Bern BE","Die Resultate dieser Gemeinde sind noch nicht bekannt.","https://thumb.wikimedia.org/wikipedia/commons/thumb/1/1f/CHE_Bremgarten_bei_Bern_COA.svg/500px-CHE_Bremgarten_bei_Bern_COA.svg.png"
354,50,0,0,"Kirchlindach BE","Die Resultate dieser Gemeinde sind noch nicht bekannt.","https://thumb.wikimedia.org/wikipedia/commons/thumb/0/0f/CHE_Kirchlindach_COA.svg/500px-CHE_Kirchlindach_COA.svg.png"
355,50,0,0,"Köniz BE","Die Resultate dieser Gemeinde sind noch nicht bekannt.","https://thumb.wikimedia.org/wikipedia/commons/thumb/e/e3/CHE_K%C3%B6niz_COA.svg/960px-CHE_K%C3%B6niz_COA.svg.png"
356,50,0,0,"Muri bei Bern BE","Die Resultate dieser Gemeinde sind noch nicht bekannt.","https://thumb.wikimedia.org/wikipedia/commons/thumb/8/85/CHE_Muri_bei_Bern_COA.svg/500px-CHE_Muri_bei_Bern_COA.svg.png"
357,50,0,0,"Oberbalm BE","Die Resultate dieser Gemeinde sind noch nicht bekannt.","https://thumb.wikimedia.org/wikipedia/commons/thumb/5/5b/CHE_Oberbalm_COA.svg/500px-CHE_Oberbalm_COA.svg.png"
358,50,0,0,"Stettlen BE","Die Resultate dieser Gemeinde sind noch nicht bekannt.","https://thumb.wikimedia.org/wikipedia/commons/thumb/9/9d/CHE_Stettlen_COA.svg/500px-CHE_Stettlen_COA.svg.png"
359,50,0,0,"Vechigen BE","Die Resultate dieser Gemeinde sind noch nicht bekannt.","https://thumb.wikimedia.org/wikipedia/commons/thumb/d/df/CHE_Vechigen_COA.svg/500px-CHE_Vechigen_COA.svg.png"
360,50,0,0,"Wohlen bei Bern BE","Die Resultate dieser Gemeinde sind noch nicht bekannt.","https://thumb.wikimedia.org/wikipedia/commons/thumb/d/de/CHE_Wohlen_bei_Bern_COA.svg/500px-CHE_Wohlen_bei_Bern_COA.svg.png"
361,50,0,0,"Zollikofen BE","Die Resultate dieser Gemeinde sind noch nicht bekannt.","https://thumb.wikimedia.org/wikipedia/commons/thumb/7/72/CHE_Zollikofen_COA.svg/500px-CHE_Zollikofen_COA.svg.png"
362,50,0,0,"Ittigen BE","Die Resultate dieser Gemeinde sind noch nicht bekannt.","https://thumb.wikimedia.org/wikipedia/commons/thumb/2/21/CHE_Ittigen_COA.svg/960px-CHE_Ittigen_COA.svg.png"
363,50,0,0,"Ostermundigen BE","Die Resultate dieser Gemeinde sind noch nicht bekannt.","https://thumb.wikimedia.org/wikipedia/commons/thumb/0/08/CHE_Ostermundigen_COA.svg/500px-CHE_Ostermundigen_COA.svg.png"
371,50,0,0,"Biel BE","Die Resultate dieser Gemeinde sind noch nicht bekannt.","https://thumb.wikimedia.org/wikipedia/commons/thumb/3/39/CHE_Biel_COA.svg/960px-CHE_Biel_COA.svg.png"
372,50,0,0,"Leubringen BE","Die Resultate dieser Gemeinde sind noch nicht bekannt.","https://thumb.wikimedia.org/wikipedia/commons/thumb/5/5b/CHE_Evilard_COA.svg/500px-CHE_Evilard_COA.svg.png"
381,50,0,0,"Arch BE","Die Resultate dieser Gemeinde sind noch nicht bekannt.","https://thumb.wikimedia.org/wikipedia/commons/thumb/4/48/CHE_Arch_COA.svg/500px-CHE_Arch_COA.svg.png"
382,50,0,0,"Büetigen BE","Die Resultate dieser Gemeinde sind noch nicht bekannt.","https://thumb.wikimedia.org/wikipedia/commons/thumb/e/e0/CHE_B%C3%BCetigen_COA.svg/500px-CHE_B%C3%BCetigen_COA.svg.png"
383,50,0,0,"Büren an der Aare BE","Die Resultate dieser Gemeinde sind noch nicht bekannt.","https://thumb.wikimedia.org/wikipedia/commons/thumb/5/55/CHE_B%C3%BCren_an_der_Aare_COA.svg/500px-CHE_B%C3%BCren_an_der_Aare_COA.svg.png"
385,50,0,0,"Diessbach bei Büren BE","Die Resultate dieser Gemeinde sind noch nicht bekannt.","https://thumb.wikimedia.org/wikipedia/commons/thumb/1/1b/CHE_Diessbach_bei_B%C3%BCren_COA.svg/500px-CHE_Diessbach_bei_B%C3%BCren_COA.svg.png"
386,50,0,0,"Dotzigen BE","Die Resultate dieser Gemeinde sind noch nicht bekannt.","https://thumb.wikimedia.org/wikipedia/commons/thumb/a/aa/CHE_Dotzigen_BE_COA.svg/500px-CHE_Dotzigen_BE_COA.svg.png"
387,50,0,0,"Lengnau BE","Die Resultate dieser Gemeinde sind noch nicht bekannt.","https://thumb.wikimedia.org/wikipedia/commons/thumb/d/dd/CHE_Lengnau_BE_COA.svg/500px-CHE_Lengnau_BE_COA.svg.png"
388,50,0,0,"Leuzigen BE","Die Resultate dieser Gemeinde sind noch nicht bekannt.","https://thumb.wikimedia.org/wikipedia/commons/thumb/b/ba/CHE_Leuzigen_COA.svg/500px-CHE_Leuzigen_COA.svg.png"
390,50,0,0,"Meinisberg BE","Die Resultate dieser Gemeinde sind noch nicht bekannt.","https://thumb.wikimedia.org/wikipedia/commons/thumb/9/99/CHE_Meinisberg_COA.svg/500px-CHE_Meinisberg_COA.svg.png"
391,50,0,0,"Oberwil bei Büren BE","Die Resultate dieser Gemeinde sind noch nicht bekannt.","https://thumb.wikimedia.org/wikipedia/commons/thumb/0/08/CHE_Oberwil_bei_B%C3%BCren_COA.svg/960px-CHE_Oberwil_bei_B%C3%BCren_COA.svg.png"
392,50,0,0,"Pieterlen BE","Die Resultate dieser Gemeinde sind noch nicht bekannt.","https://thumb.wikimedia.org/wikipedia/commons/thumb/b/bc/CHE_Pieterlen_COA.svg/500px-CHE_Pieterlen_COA.svg.png"
393,50,0,0,"Rüti bei Büren BE","Die Resultate dieser Gemeinde sind noch nicht bekannt.","https://thumb.wikimedia.org/wikipedia/commons/thumb/1/18/CHE_R%C3%BCti_bei_B%C3%BCren_COA.svg/500px-CHE_R%C3%BCti_bei_B%C3%BCren_COA.svg.png"
394,50,0,0,"Wengi BE","Die Resultate dieser Gemeinde sind noch nicht bekannt.","https://thumb.wikimedia.org/wikipedia/commons/thumb/6/66/CHE_Wengi_COA.svg/500px-CHE_Wengi_COA.svg.png"
401,50,0,0,"Aefligen BE","Die Resultate dieser Gemeinde sind noch nicht bekannt.","https://thumb.wikimedia.org/wikipedia/commons/thumb/5/57/CHE_Aefligen_COA.svg/500px-CHE_Aefligen_COA.svg.png"
402,50,0,0,"Alchenstorf BE","Die Resultate dieser Gemeinde sind noch nicht bekannt.","https://thumb.wikimedia.org/wikipedia/commons/thumb/6/65/CHE_Alchenstorf_COA.svg/500px-CHE_Alchenstorf_COA.svg.png"
403,50,0,0,"Bäriswil BE","Die Resultate dieser Gemeinde sind noch nicht bekannt.","https://thumb.wikimedia.org/wikipedia/commons/thumb/b/b6/CHE_B%C3%A4riswil_COA.svg/500px-CHE_B%C3%A4riswil_COA.svg.png"
404,50,0,0,"Burgdorf BE","Die Resultate dieser Gemeinde sind noch nicht bekannt.","https://thumb.wikimedia.org/wikipedia/commons/thumb/8/80/CHE_Burgdorf_BE_COA.svg/500px-CHE_Burgdorf_BE_COA.svg.png"
405,50,0,0,"Ersigen BE","Die Resultate dieser Gemeinde sind noch nicht bekannt.","https://thumb.wikimedia.org/wikipedia/commons/thumb/0/0c/CHE_Ersigen_COA.svg/500px-CHE_Ersigen_COA.svg.png"
406,50,0,0,"Hasle bei Burgdorf BE","Die Resultate dieser Gemeinde sind noch nicht bekannt.","https://thumb.wikimedia.org/wikipedia/commons/thumb/5/5e/CHE_Hasle_bei_Burgdorf_COA.svg/500px-CHE_Hasle_bei_Burgdorf_COA.svg.png"
407,50,0,0,"Heimiswil BE","Die Resultate dieser Gemeinde sind noch nicht bekannt.","https://thumb.wikimedia.org/wikipedia/commons/thumb/c/ca/CHE_Heimiswil_COA.svg/500px-CHE_Heimiswil_COA.svg.png"
409,50,0,0,"Hindelbank BE","Die Resultate dieser Gemeinde sind noch nicht bekannt.","https://thumb.wikimedia.org/wikipedia/commons/thumb/0/0d/CHE_Hindelbank_COA.svg/500px-CHE_Hindelbank_COA.svg.png"
410,50,0,0,"Höchstetten BE","Die Resultate dieser Gemeinde sind noch nicht bekannt.","https://thumb.wikimedia.org/wikipedia/commons/thumb/8/8c/CHE_H%C3%B6chstetten_COA.svg/500px-CHE_H%C3%B6chstetten_COA.svg.png"
411,50,0,0,"Kernenried BE","Die Resultate dieser Gemeinde sind noch nicht bekannt.","https://thumb.wikimedia.org/wikipedia/commons/thumb/e/ec/CHE_Kernenried_COA.svg/500px-CHE_Kernenried_COA.svg.png"
412,50,0,0,"Kirchberg BE","Die Resultate dieser Gemeinde sind noch nicht bekannt.","https://thumb.wikimedia.org/wikipedia/commons/thumb/1/1d/CHE_Kirchberg_BE_COA.svg/960px-CHE_Kirchberg_BE_COA.svg.png"
413,50,0,0,"Koppigen BE","Die Resultate dieser Gemeinde sind noch nicht bekannt.","https://thumb.wikimedia.org/wikipedia/commons/thumb/0/02/CHE_Koppigen_COA.svg/500px-CHE_Koppigen_COA.svg.png"
414,50,0,0,"Krauchthal BE","Die Resultate dieser Gemeinde sind noch nicht bekannt.","https://thumb.wikimedia.org/wikipedia/commons/thumb/f/f0/CHE_Krauchthal_COA.svg/500px-CHE_Krauchthal_COA.svg.png"
415,50,0,0,"Lyssach BE","Die Resultate dieser Gemeinde sind noch nicht bekannt.","https://thumb.wikimedia.org/wikipedia/commons/thumb/3/3a/CHE_Lyssach_COA.svg/500px-CHE_Lyssach_COA.svg.png"
418,50,0,0,"Oberburg BE","Die Resultate dieser Gemeinde sind noch nicht bekannt.","https://thumb.wikimedia.org/wikipedia/commons/thumb/e/e3/CHE_Oberburg_COA.svg/960px-CHE_Oberburg_COA.svg.png"
420,50,0,0,"Rüdtligen-Alchenflüh BE","Die Resultate dieser Gemeinde sind noch nicht bekannt.","https://thumb.wikimedia.org/wikipedia/commons/thumb/a/af/CHE_R%C3%BCdtligen-Alchenfl%C3%BCh_COA.svg/500px-CHE_R%C3%BCdtligen-Alchenfl%C3%BCh_COA.svg.png"
421,50,0,0,"Rumendingen BE","Die Resultate dieser Gemeinde sind noch nicht bekannt.","https://thumb.wikimedia.org/wikipedia/commons/thumb/a/a0/CHE_Rumendingen_COA.svg/500px-CHE_Rumendingen_COA.svg.png"
422,50,0,0,"Rüti bei Lyssach BE","Die Resultate dieser Gemeinde sind noch nicht bekannt.","https://thumb.wikimedia.org/wikipedia/commons/thumb/d/d8/CHE_R%C3%BCti_bei_Lyssach_COA.svg/500px-CHE_R%C3%BCti_bei_Lyssach_COA.svg.png"
423,50,0,0,"Willadingen BE","Die Resultate dieser Gemeinde sind noch nicht bekannt.","https://thumb.wikimedia.org/wikipedia/commons/thumb/a/a7/CHE_Willadingen_COA.svg/500px-CHE_Willadingen_COA.svg.png"
424,50,0,0,"Wynigen BE","Die Resultate dieser Gemeinde sind noch nicht bekannt.","https://thumb.wikimedia.org/wikipedia/commons/thumb/1/17/CHE_Wynigen_COA.svg/960px-CHE_Wynigen_COA.svg.png"
431,50,0,0,"Corgémont BE","Die Resultate dieser Gemeinde sind noch nicht bekannt.","https://thumb.wikimedia.org/wikipedia/commons/thumb/b/b3/CHE_Corg%C3%A9mont_COA.svg/500px-CHE_Corg%C3%A9mont_COA.svg.png"
432,50,0,0,"Cormoret BE","Die Resultate dieser Gemeinde sind noch nicht bekannt.","https://thumb.wikimedia.org/wikipedia/commons/thumb/d/d6/CHE_Cormoret_COA.svg/500px-CHE_Cormoret_COA.svg.png"
433,50,0,0,"Cortébert BE","Die Resultate dieser Gemeinde sind noch nicht bekannt.","https://thumb.wikimedia.org/wikipedia/commons/thumb/7/73/CHE_Cort%C3%A9bert_COA.svg/500px-CHE_Cort%C3%A9bert_COA.svg.png"
434,50,0,0,"Courtelary BE","Die Resultate dieser Gemeinde sind noch nicht bekannt.","https://thumb.wikimedia.org/wikipedia/commons/thumb/6/6b/CHE_Courtelary_COA.svg/500px-CHE_Courtelary_COA.svg.png"
435,50,0,0,"La Ferrière BE","Die Resultate dieser Gemeinde sind noch nicht bekannt.","https://thumb.wikimedia.org/wikipedia/commons/thumb/2/24/CHE_La_Ferri%C3%A8re_COA.svg/500px-CHE_La_Ferri%C3%A8re_COA.svg.png"
437,50,0,0,"Mont-Tramelan BE","Die Resultate dieser Gemeinde sind noch nicht bekannt.","https://thumb.wikimedia.org/wikipedia/commons/thumb/4/4c/CHE_Mont-Tramelan_COA.svg/500px-CHE_Mont-Tramelan_COA.svg.png"
438,50,0,0,"Orvin BE","Die Resultate dieser Gemeinde sind noch nicht bekannt.","https://thumb.wikimedia.org/wikipedia/commons/thumb/c/cf/CHE_Orvin_COA.svg/500px-CHE_Orvin_COA.svg.png"
441,50,0,0,"Renan BE","Die Resultate dieser Gemeinde sind noch nicht bekannt.","https://thumb.wikimedia.org/wikipedia/commons/thumb/0/08/CHE_Renan_COA.svg/500px-CHE_Renan_COA.svg.png"
442,50,0,0,"Romont BE","Die Resultate dieser Gemeinde sind noch nicht bekannt.","https://thumb.wikimedia.org/wikipedia/commons/thumb/4/4c/CHE_Romont_BE_COA.svg/500px-CHE_Romont_BE_COA.svg.png"
443,50,0,0,"St. Immer BE","Die Resultate dieser Gemeinde sind noch nicht bekannt.","https://thumb.wikimedia.org/wikipedia/commons/thumb/4/4a/CHE_Saint-Imier_COA.svg/500px-CHE_Saint-Imier_COA.svg.png"
444,50,0,0,"Sonceboz-Sombeval BE","Die Resultate dieser Gemeinde sind noch nicht bekannt.","https://thumb.wikimedia.org/wikipedia/commons/thumb/9/9d/CHE_Sonceboz-Sombeval_COA.svg/500px-CHE_Sonceboz-Sombeval_COA.svg.png"
445,50,0,0,"Sonvilier BE","Die Resultate dieser Gemeinde sind noch nicht bekannt.","https://thumb.wikimedia.org/wikipedia/commons/thumb/b/bd/CHE_Sonvilier_COA.svg/500px-CHE_Sonvilier_COA.svg.png"
446,50,0,0,"Tramelan BE","Die Resultate dieser Gemeinde sind noch nicht bekannt.","https://thumb.wikimedia.org/wikipedia/commons/thumb/4/49/CHE_Tramelan_COA.svg/500px-CHE_Tramelan_COA.svg.png"
448,50,0,0,"Villeret BE","Die Resultate dieser Gemeinde sind noch nicht bekannt.","https://thumb.wikimedia.org/wikipedia/commons/thumb/8/8a/CHE_Villeret_COA.svg/500px-CHE_Villeret_COA.svg.png"
449,50,0,0,"Sauge BE","Die Resultate dieser Gemeinde sind noch nicht bekannt.","https://thumb.wikimedia.org/wikipedia/commons/thumb/f/fd/CHE_Sauge_COA.svg/500px-CHE_Sauge_COA.svg.png"
450,50,0,0,"Péry-La Heutte BE","Die Resultate dieser Gemeinde sind noch nicht bekannt.","https://thumb.wikimedia.org/wikipedia/commons/thumb/0/02/CHE_P%C3%A9ry-La_Heutte_COA.svg/500px-CHE_P%C3%A9ry-La_Heutte_COA.svg.png"
491,50,0,0,"Brüttelen BE","Die Resultate dieser Gemeinde sind noch nicht bekannt.","https://thumb.wikimedia.org/wikipedia/commons/thumb/f/f8/CHE_Br%C3%BCttelen_COA.svg/500px-CHE_Br%C3%BCttelen_COA.svg.png"
492,50,0,0,"Erlach BE","Die Resultate dieser Gemeinde sind noch nicht bekannt.","https://thumb.wikimedia.org/wikipedia/commons/thumb/b/b4/CHE_Erlach_COA.svg/500px-CHE_Erlach_COA.svg.png"
493,50,0,0,"Finsterhennen BE","Die Resultate dieser Gemeinde sind noch nicht bekannt.","https://thumb.wikimedia.org/wikipedia/commons/thumb/c/c5/CHE_Finsterhennen_BE_COA.svg/500px-CHE_Finsterhennen_BE_COA.svg.png"
494,50,0,0,"Gals BE","Die Resultate dieser Gemeinde sind noch nicht bekannt.","https://thumb.wikimedia.org/wikipedia/commons/thumb/2/29/CHE_Gals_COA.svg/500px-CHE_Gals_COA.svg.png"
495,50,0,0,"Gampelen BE","Die Resultate dieser Gemeinde sind noch nicht bekannt.","https://thumb.wikimedia.org/wikipedia/commons/thumb/5/50/CHE_Gampelen_COA.svg/500px-CHE_Gampelen_COA.svg.png"
496,50,0,0,"Ins BE","Die Resultate dieser Gemeinde sind noch nicht bekannt.","https://thumb.wikimedia.org/wikipedia/commons/thumb/6/6b/CHE_Ins_COA.svg/500px-CHE_Ins_COA.svg.png"
497,50,0,0,"Lüscherz BE","Die Resultate dieser Gemeinde sind noch nicht bekannt.","https://thumb.wikimedia.org/wikipedia/commons/thumb/8/8b/CHE_L%C3%BCscherz_COA.svg/500px-CHE_L%C3%BCscherz_COA.svg.png"
498,50,0,0,"Müntschemier BE","Die Resultate dieser Gemeinde sind noch nicht bekannt.","https://thumb.wikimedia.org/wikipedia/commons/thumb/a/a8/CHE_M%C3%BCntschemier_COA.svg/500px-CHE_M%C3%BCntschemier_COA.svg.png"
499,50,0,0,"Siselen BE","Die Resultate dieser Gemeinde sind noch nicht bekannt.","https://thumb.wikimedia.org/wikipedia/commons/thumb/9/97/CHE_Siselen_COA.svg/500px-CHE_Siselen_COA.svg.png"
500,50,0,0,"Treiten BE","Die Resultate dieser Gemeinde sind noch nicht bekannt.","https://thumb.wikimedia.org/wikipedia/commons/thumb/8/81/CHE_Treiten_COA.svg/500px-CHE_Treiten_COA.svg.png"
501,50,0,0,"Tschugg BE","Die Resultate dieser Gemeinde sind noch nicht bekannt.","https://thumb.wikimedia.org/wikipedia/commons/thumb/b/b8/CHE_Tschugg_COA.svg/500px-CHE_Tschugg_COA.svg.png"
502,50,0,0,"Vinelz BE","Die Resultate dieser Gemeinde sind noch nicht bekannt.","https://thumb.wikimedia.org/wikipedia/commons/thumb/d/d3/CHE_Vinelz_COA.svg/500px-CHE_Vinelz_COA.svg.png"
533,50,0,0,"Bätterkinden BE","Die Resultate dieser Gemeinde sind noch nicht bekannt.","https://thumb.wikimedia.org/wikipedia/commons/thumb/7/7b/CHE_B%C3%A4tterkinden_COA.svg/500px-CHE_B%C3%A4tterkinden_COA.svg.png"
538,50,0,0,"Fraubrunnen BE","Die Resultate dieser Gemeinde sind noch nicht bekannt.","https://thumb.wikimedia.org/wikipedia/commons/thumb/2/2e/CHE_Fraubrunnen_COA.svg/500px-CHE_Fraubrunnen_COA.svg.png"
540,50,0,0,"Jegenstorf BE","Die Resultate dieser Gemeinde sind noch nicht bekannt.","https://thumb.wikimedia.org/wikipedia/commons/thumb/1/10/CHE_Jegenstorf_COA.svg/500px-CHE_Jegenstorf_COA.svg.png"
541,50,0,0,"Iffwil BE","Die Resultate dieser Gemeinde sind noch nicht bekannt.","https://thumb.wikimedia.org/wikipedia/commons/thumb/3/36/CHE_Iffwil_COA.svg/500px-CHE_Iffwil_COA.svg.png"
543,50,0,0,"Mattstetten BE","Die Resultate dieser Gemeinde sind noch nicht bekannt.","https://thumb.wikimedia.org/wikipedia/commons/thumb/f/f5/CHE_Mattstetten_COA.svg/500px-CHE_Mattstetten_COA.svg.png"
544,50,0,0,"Moosseedorf BE","Die Resultate dieser Gemeinde sind noch nicht bekannt.","https://thumb.wikimedia.org/wikipedia/commons/thumb/6/6f/CHE_Moosseedorf_COA.svg/500px-CHE_Moosseedorf_COA.svg.png"
546,50,0,0,"Münchenbuchsee BE","Die Resultate dieser Gemeinde sind noch nicht bekannt.","https://thumb.wikimedia.org/wikipedia/commons/thumb/a/a9/CHE_M%C3%BCnchenbuchsee_COA.svg/500px-CHE_M%C3%BCnchenbuchsee_COA.svg.png"
551,50,0,0,"Urtenen-Schönbühl BE","Die Resultate dieser Gemeinde sind noch nicht bekannt.","https://thumb.wikimedia.org/wikipedia/commons/thumb/a/a2/CHE_Urtenen-Sch%C3%B6nb%C3%BChl_COA.svg/500px-CHE_Urtenen-Sch%C3%B6nb%C3%BChl_COA.svg.png"
552,50,0,0,"Utzenstorf BE","Die Resultate dieser Gemeinde sind noch nicht bekannt.","https://thumb.wikimedia.org/wikipedia/commons/thumb/f/f7/CHE_Utzenstorf_COA.svg/500px-CHE_Utzenstorf_COA.svg.png"
553,50,0,0,"Wiggiswil BE","Die Resultate dieser Gemeinde sind noch nicht bekannt.","https://thumb.wikimedia.org/wikipedia/commons/thumb/5/55/CHE_Wiggiswil_COA.svg/500px-CHE_Wiggiswil_COA.svg.png"
554,50,0,0,"Wiler bei Utzenstorf BE","Die Resultate dieser Gemeinde sind noch nicht bekannt.","https://thumb.wikimedia.org/wikipedia/commons/thumb/3/35/CHE_Wiler_bei_Utzenstorf_COA.svg/500px-CHE_Wiler_bei_Utzenstorf_COA.svg.png"
556,50,0,0,"Zielebach BE","Die Resultate dieser Gemeinde sind noch nicht bekannt.","https://thumb.wikimedia.org/wikipedia/commons/thumb/8/8e/CHE_Zielebach_COA.svg/500px-CHE_Zielebach_COA.svg.png"
557,50,0,0,"Zuzwil BE","Die Resultate dieser Gemeinde sind noch nicht bekannt.","https://thumb.wikimedia.org/wikipedia/commons/thumb/1/1e/CHE_Zuzwil_BE_COA.svg/500px-CHE_Zuzwil_BE_COA.svg.png"
561,50,0,0,"Adelboden BE","Die Resultate dieser Gemeinde sind noch nicht bekannt.","https://thumb.wikimedia.org/wikipedia/commons/thumb/2/21/CHE_Adelboden_COA.svg/500px-CHE_Adelboden_COA.svg.png"
562,50,0,0,"Aeschi bei Spiez BE","Die Resultate dieser Gemeinde sind noch nicht bekannt.","https://thumb.wikimedia.org/wikipedia/commons/thumb/9/93/CHE_Aeschi_bei_Spiez_COA.svg/500px-CHE_Aeschi_bei_Spiez_COA.svg.png"
563,50,0,0,"Frutigen BE","Die Resultate dieser Gemeinde sind noch nicht bekannt.","https://thumb.wikimedia.org/wikipedia/commons/thumb/e/e5/CHE_Frutigen_COA.svg/500px-CHE_Frutigen_COA.svg.png"
564,50,0,0,"Kandergrund BE","Die Resultate dieser Gemeinde sind noch nicht bekannt.","https://thumb.wikimedia.org/wikipedia/commons/thumb/3/36/CHE_Kandergrund_COA.svg/500px-CHE_Kandergrund_COA.svg.png"
565,50,0,0,"Kandersteg BE","Die Resultate dieser Gemeinde sind noch nicht bekannt.","https://thumb.wikimedia.org/wikipedia/commons/thumb/b/b1/CHE_Kandersteg_COA.svg/500px-CHE_Kandersteg_COA.svg.png"
566,50,0,0,"Krattigen BE","Die Resultate dieser Gemeinde sind noch nicht bekannt.","https://thumb.wikimedia.org/wikipedia/commons/thumb/8/80/CHE_Krattigen_COA.svg/960px-CHE_Krattigen_COA.svg.png"
567,50,0,0,"Reichenbach im Kandertal BE","Die Resultate dieser Gemeinde sind noch nicht bekannt.","https://thumb.wikimedia.org/wikipedia/commons/thumb/e/ea/CHE_Reichenbach_im_Kandertal_COA.svg/500px-CHE_Reichenbach_im_Kandertal_COA.svg.png"
571,50,0,0,"Beatenberg BE","Die Resultate dieser Gemeinde sind noch nicht bekannt.","https://thumb.wikimedia.org/wikipedia/commons/thumb/a/a9/CHE_Beatenberg_COA.svg/500px-CHE_Beatenberg_COA.svg.png"
572,50,0,0,"Bönigen BE","Die Resultate dieser Gemeinde sind noch nicht bekannt.","https://thumb.wikimedia.org/wikipedia/commons/thumb/3/39/CHE_B%C3%B6nigen_BE_COA.svg/500px-CHE_B%C3%B6nigen_BE_COA.svg.png"
573,50,0,0,"Brienz BE","Die Resultate dieser Gemeinde sind noch nicht bekannt.","https://thumb.wikimedia.org/wikipedia/commons/thumb/2/25/CHE_Brienz_COA.svg/960px-CHE_Brienz_COA.svg.png"
574,50,0,0,"Brienzwiler BE","Die Resultate dieser Gemeinde sind noch nicht bekannt.","https://thumb.wikimedia.org/wikipedia/commons/thumb/e/ef/CHE_Brienzwiler_COA.svg/500px-CHE_Brienzwiler_COA.svg.png"
575,50,0,0,"Därligen BE","Die Resultate dieser Gemeinde sind noch nicht bekannt.","https://thumb.wikimedia.org/wikipedia/commons/thumb/c/cf/CHE_D%C3%A4rligen_COA.svg/500px-CHE_D%C3%A4rligen_COA.svg.png"
576,50,0,0,"Grindelwald BE","Die Resultate dieser Gemeinde sind noch nicht bekannt.","https://thumb.wikimedia.org/wikipedia/commons/thumb/2/28/CHE_Grindelwald_COA.svg/500px-CHE_Grindelwald_COA.svg.png"
577,50,0,0,"Gsteigwiler BE","Die Resultate dieser Gemeinde sind noch nicht bekannt.","https://thumb.wikimedia.org/wikipedia/commons/thumb/5/5c/CHE_Gsteigwiler_COA.svg/500px-CHE_Gsteigwiler_COA.svg.png"
578,50,0,0,"Gündlischwand BE","Die Resultate dieser Gemeinde sind noch nicht bekannt.","https://thumb.wikimedia.org/wikipedia/commons/thumb/c/c6/CHE_G%C3%BCndlischwand_COA.svg/500px-CHE_G%C3%BCndlischwand_COA.svg.png"
579,50,0,0,"Habkern BE","Die Resultate dieser Gemeinde sind noch nicht bekannt.","https://thumb.wikimedia.org/wikipedia/commons/thumb/5/5b/CHE_Habkern_COA.svg/960px-CHE_Habkern_COA.svg.png"
580,50,0,0,"Hofstetten bei Brienz BE","Die Resultate dieser Gemeinde sind noch nicht bekannt.","https://thumb.wikimedia.org/wikipedia/commons/thumb/6/62/CHE_Hofstetten_bei_Brienz_COA.svg/500px-CHE_Hofstetten_bei_Brienz_COA.svg.png"
581,50,0,0,"Interlaken BE","Die Resultate dieser Gemeinde sind noch nicht bekannt.","https://thumb.wikimedia.org/wikipedia/commons/thumb/9/96/CHE_Interlaken_COA.svg/500px-CHE_Interlaken_COA.svg.png"
582,50,0,0,"Iseltwald BE","Die Resultate dieser Gemeinde sind noch nicht bekannt.","https://thumb.wikimedia.org/wikipedia/commons/thumb/b/b8/CHE_Iseltwald_COA.svg/500px-CHE_Iseltwald_COA.svg.png"
584,50,0,0,"Lauterbrunnen BE","Die Resultate dieser Gemeinde sind noch nicht bekannt.","https://thumb.wikimedia.org/wikipedia/commons/thumb/0/0b/CHE_Lauterbrunnen_COA.svg/500px-CHE_Lauterbrunnen_COA.svg.png"
585,50,0,0,"Leissigen BE","Die Resultate dieser Gemeinde sind noch nicht bekannt.","https://thumb.wikimedia.org/wikipedia/commons/thumb/2/24/CHE_Leissigen_COA.svg/500px-CHE_Leissigen_COA.svg.png"
586,50,0,0,"Lütschental BE","Die Resultate dieser Gemeinde sind noch nicht bekannt.","https://thumb.wikimedia.org/wikipedia/commons/thumb/c/c1/CHE_L%C3%BCtschental_COA.svg/500px-CHE_L%C3%BCtschental_COA.svg.png"
587,50,0,0,"Matten bei Interlaken BE","Die Resultate dieser Gemeinde sind noch nicht bekannt.","https://thumb.wikimedia.org/wikipedia/commons/thumb/2/22/CHE_Matten_bei_Interlaken_COA.svg/500px-CHE_Matten_bei_Interlaken_COA.svg.png"
588,50,0,0,"Niederried bei Interlaken BE","Die Resultate dieser Gemeinde sind noch nicht bekannt.","https://thumb.wikimedia.org/wikipedia/commons/thumb/3/39/CHE_Niederried_bei_Interlaken_COA.svg/500px-CHE_Niederried_bei_Interlaken_COA.svg.png"
589,50,0,0,"Oberried am Brienzersee BE","Die Resultate dieser Gemeinde sind noch nicht bekannt.","https://thumb.wikimedia.org/wikipedia/commons/thumb/b/b5/CHE_Oberried_am_Brienzersee_COA.svg/500px-CHE_Oberried_am_Brienzersee_COA.svg.png"
590,50,0,0,"Ringgenberg BE","Die Resultate dieser Gemeinde sind noch nicht bekannt.","https://thumb.wikimedia.org/wikipedia/commons/thumb/9/95/CHE_Ringgenberg_COA.svg/500px-CHE_Ringgenberg_COA.svg.png"
591,50,0,0,"Saxeten BE","Die Resultate dieser Gemeinde sind noch nicht bekannt.","https://thumb.wikimedia.org/wikipedia/commons/thumb/5/5b/CHE_Saxeten_COA.svg/500px-CHE_Saxeten_COA.svg.png"
592,50,0,0,"Schwanden bei Brienz BE","Die Resultate dieser Gemeinde sind noch nicht bekannt.","https://upload.wikimedia.org/wikipedia/commons/4/4f/Wappen-gross.gif"
593,50,0,0,"Unterseen BE","Die Resultate dieser Gemeinde sind noch nicht bekannt.","https://thumb.wikimedia.org/wikipedia/commons/thumb/b/b9/CHE_Unterseen_COA.svg/500px-CHE_Unterseen_COA.svg.png"
594,50,0,0,"Wilderswil BE","Die Resultate dieser Gemeinde sind noch nicht bekannt.","https://thumb.wikimedia.org/wikipedia/commons/thumb/7/79/CHE_Wilderswil_COA.svg/500px-CHE_Wilderswil_COA.svg.png"
602,50,0,0,"Arni BE","Die Resultate dieser Gemeinde sind noch nicht bekannt.","https://thumb.wikimedia.org/wikipedia/commons/thumb/a/a7/CHE_Arni_BE_COA.svg/960px-CHE_Arni_BE_COA.svg.png"
603,50,0,0,"Biglen BE","Die Resultate dieser Gemeinde sind noch nicht bekannt.","https://thumb.wikimedia.org/wikipedia/commons/thumb/9/9d/CHE_Biglen_COA.svg/500px-CHE_Biglen_COA.svg.png"
605,50,0,0,"Bowil BE","Die Resultate dieser Gemeinde sind noch nicht bekannt.","https://thumb.wikimedia.org/wikipedia/commons/thumb/4/4a/CHE_Bowil_COA.svg/960px-CHE_Bowil_COA.svg.png"
606,50,0,0,"Brenzikofen BE","Die Resultate dieser Gemeinde sind noch nicht bekannt.","https://thumb.wikimedia.org/wikipedia/commons/thumb/2/24/CHE_Brenzikofen_COA.svg/500px-CHE_Brenzikofen_COA.svg.png"
607,50,0,0,"Freimettigen BE","Die Resultate dieser Gemeinde sind noch nicht bekannt.","https://thumb.wikimedia.org/wikipedia/commons/thumb/3/38/CHE_Freimettigen_COA.svg/500px-CHE_Freimettigen_COA.svg.png"
608,50,0,0,"Grosshöchstetten BE","Die Resultate dieser Gemeinde sind noch nicht bekannt.","https://thumb.wikimedia.org/wikipedia/commons/thumb/0/01/CHE_Grossh%C3%B6chstetten_COA.svg/500px-CHE_Grossh%C3%B6chstetten_COA.svg.png"
609,50,0,0,"Häutligen BE","Die Resultate dieser Gemeinde sind noch nicht bekannt.","https://thumb.wikimedia.org/wikipedia/commons/thumb/f/fe/CHE_H%C3%A4utligen_COA.svg/500px-CHE_H%C3%A4utligen_COA.svg.png"
610,50,0,0,"Herbligen BE","Die Resultate dieser Gemeinde sind noch nicht bekannt.","https://thumb.wikimedia.org/wikipedia/commons/thumb/6/6e/CHE_Herbligen_COA.svg/500px-CHE_Herbligen_COA.svg.png"
611,50,0,0,"Kiesen BE","Die Resultate dieser Gemeinde sind noch nicht bekannt.","https://thumb.wikimedia.org/wikipedia/commons/thumb/6/6b/CHE_Kiesen_COA.svg/960px-CHE_Kiesen_COA.svg.png"
612,50,0,0,"Konolfingen BE","Die Resultate dieser Gemeinde sind noch nicht bekannt.","https://thumb.wikimedia.org/wikipedia/commons/thumb/d/d8/CHE_Konolfingen_COA.svg/960px-CHE_Konolfingen_COA.svg.png"
613,50,0,0,"Landiswil BE","Die Resultate dieser Gemeinde sind noch nicht bekannt.","https://thumb.wikimedia.org/wikipedia/commons/thumb/8/8c/CHE_Landiswil_COA.svg/500px-CHE_Landiswil_COA.svg.png"
614,50,0,0,"Linden BE","Die Resultate dieser Gemeinde sind noch nicht bekannt.","https://thumb.wikimedia.org/wikipedia/commons/thumb/e/ea/CHE_Linden_COA.svg/500px-CHE_Linden_COA.svg.png"
615,50,0,0,"Mirchel BE","Die Resultate dieser Gemeinde sind noch nicht bekannt.","https://thumb.wikimedia.org/wikipedia/commons/thumb/1/1b/CHE_Mirchel_COA.svg/500px-CHE_Mirchel_COA.svg.png"
616,50,0,0,"Münsingen BE","Die Resultate dieser Gemeinde sind noch nicht bekannt.","https://thumb.wikimedia.org/wikipedia/commons/thumb/c/c0/CHE_M%C3%BCnsingen_COA.svg/500px-CHE_M%C3%BCnsingen_COA.svg.png"
617,50,0,0,"Niederhünigen BE","Die Resultate dieser Gemeinde sind noch nicht bekannt.","https://thumb.wikimedia.org/wikipedia/commons/thumb/d/d4/CHE_Niederh%C3%BCnigen_COA.svg/500px-CHE_Niederh%C3%BCnigen_COA.svg.png"
619,50,0,0,"Oberdiessbach BE","Die Resultate dieser Gemeinde sind noch nicht bekannt.","https://thumb.wikimedia.org/wikipedia/commons/thumb/8/84/CHE_Oberdiessbach_COA.svg/500px-CHE_Oberdiessbach_COA.svg.png"
620,50,0,0,"Oberthal BE","Die Resultate dieser Gemeinde sind noch nicht bekannt.","https://thumb.wikimedia.org/wikipedia/commons/thumb/d/d5/CHE_Oberthal_COA.svg/500px-CHE_Oberthal_COA.svg.png"
622,50,0,0,"Oppligen BE","Die Resultate dieser Gemeinde sind noch nicht bekannt.","https://thumb.wikimedia.org/wikipedia/commons/thumb/f/f1/CHE_Oppligen_COA.svg/500px-CHE_Oppligen_COA.svg.png"
623,50,0,0,"Rubigen BE","Die Resultate dieser Gemeinde sind noch nicht bekannt.","https://thumb.wikimedia.org/wikipedia/commons/thumb/5/5f/CHE_Rubigen_COA.svg/500px-CHE_Rubigen_COA.svg.png"
626,50,0,0,"Walkringen BE","Die Resultate dieser Gemeinde sind noch nicht bekannt.","https://thumb.wikimedia.org/wikipedia/commons/thumb/a/a8/CHE_Walkringen_COA.svg/960px-CHE_Walkringen_COA.svg.png"
627,50,0,0,"Worb BE","Die Resultate dieser Gemeinde sind noch nicht bekannt.","https://thumb.wikimedia.org/wikipedia/commons/thumb/8/8d/CHE_Worb_COA.svg/960px-CHE_Worb_COA.svg.png"
628,50,0,0,"Zäziwil BE","Die Resultate dieser Gemeinde sind noch nicht bekannt.","https://thumb.wikimedia.org/wikipedia/commons/thumb/1/1a/CHE_Z%C3%A4ziwil_COA.svg/960px-CHE_Z%C3%A4ziwil_COA.svg.png"
630,50,0,0,"Allmendingen BE","Die Resultate dieser Gemeinde sind noch nicht bekannt.","https://thumb.wikimedia.org/wikipedia/commons/thumb/e/e2/CHE_Allmendingen_bei_Bern_COA.svg/500px-CHE_Allmendingen_bei_Bern_COA.svg.png"
632,50,0,0,"Wichtrach BE","Die Resultate dieser Gemeinde sind noch nicht bekannt.","https://thumb.wikimedia.org/wikipedia/commons/thumb/7/71/CHE_Wichtrach_COA.svg/500px-CHE_Wichtrach_COA.svg.png"
662,50,0,0,"Ferenbalm BE","Die Resultate dieser Gemeinde sind noch nicht bekannt.","https://thumb.wikimedia.org/wikipedia/commons/thumb/6/64/CHE_Ferenbalm_COA.svg/500px-CHE_Ferenbalm_COA.svg.png"
663,50,0,0,"Frauenkappelen BE","Die Resultate dieser Gemeinde sind noch nicht bekannt.","https://thumb.wikimedia.org/wikipedia/commons/thumb/e/e0/CHE_Frauenkappelen_COA.svg/500px-CHE_Frauenkappelen_COA.svg.png"
665,50,0,0,"Gurbrü BE","Die Resultate dieser Gemeinde sind noch nicht bekannt.","https://thumb.wikimedia.org/wikipedia/commons/thumb/e/e1/CHE_Gurbr%C3%BC_BE_COA.svg/500px-CHE_Gurbr%C3%BC_BE_COA.svg.png"
666,50,0,0,"Kriechenwil BE","Die Resultate dieser Gemeinde sind noch nicht bekannt.","https://thumb.wikimedia.org/wikipedia/commons/thumb/8/86/CHE_Kriechenwil_COA.svg/960px-CHE_Kriechenwil_COA.svg.png"
667,50,0,0,"Laupen BE","Die Resultate dieser Gemeinde sind noch nicht bekannt.","https://thumb.wikimedia.org/wikipedia/commons/thumb/4/46/CHE_Laupen_BE_COA.svg/500px-CHE_Laupen_BE_COA.svg.png"
668,50,0,0,"Mühleberg BE","Die Resultate dieser Gemeinde sind noch nicht bekannt.","https://thumb.wikimedia.org/wikipedia/commons/thumb/6/6c/CHE_M%C3%BChleberg_COA.svg/500px-CHE_M%C3%BChleberg_COA.svg.png"
669,50,0,0,"Münchenwiler BE","Die Resultate dieser Gemeinde sind noch nicht bekannt.","https://thumb.wikimedia.org/wikipedia/commons/thumb/b/b5/CHE_M%C3%BCnchenwiler_COA.svg/500px-CHE_M%C3%BCnchenwiler_COA.svg.png"
670,50,0,0,"Neuenegg BE","Die Resultate dieser Gemeinde sind noch nicht bekannt.","https://thumb.wikimedia.org/wikipedia/commons/thumb/7/7d/CHE_Neuenegg_COA.svg/500px-CHE_Neuenegg_COA.svg.png"
671,50,0,0,"Wileroltigen BE","Die Resultate dieser Gemeinde sind noch nicht bekannt.","https://thumb.wikimedia.org/wikipedia/commons/thumb/b/b4/CHE_Wileroltigen_COA.svg/500px-CHE_Wileroltigen_COA.svg.png"
681,50,0,0,"Belprahon BE","Die Resultate dieser Gemeinde sind noch nicht bekannt.","https://thumb.wikimedia.org/wikipedia/commons/thumb/d/df/CHE_Belprahon_COA.svg/500px-CHE_Belprahon_COA.svg.png"
683,50,0,0,"Champoz BE","Die Resultate dieser Gemeinde sind noch nicht bekannt.","https://thumb.wikimedia.org/wikipedia/commons/thumb/8/89/CHE_Champoz_COA.svg/500px-CHE_Champoz_COA.svg.png"
687,50,0,0,"Corcelles BE","Die Resultate dieser Gemeinde sind noch nicht bekannt.","https://thumb.wikimedia.org/wikipedia/commons/thumb/f/f4/CHE_Corcelles_COA.svg/500px-CHE_Corcelles_COA.svg.png"
690,50,0,0,"Court BE","Die Resultate dieser Gemeinde sind noch nicht bekannt.","https://thumb.wikimedia.org/wikipedia/commons/thumb/2/2e/CHE_Court_COA.svg/500px-CHE_Court_COA.svg.png"
691,50,0,0,"Crémines BE","Die Resultate dieser Gemeinde sind noch nicht bekannt.","https://thumb.wikimedia.org/wikipedia/commons/thumb/4/43/CHE_Cr%C3%A9mines_COA.svg/500px-CHE_Cr%C3%A9mines_COA.svg.png"
692,50,0,0,"Eschert BE","Die Resultate dieser Gemeinde sind noch nicht bekannt.","https://thumb.wikimedia.org/wikipedia/commons/thumb/7/7d/CHE_Eschert_COA.svg/500px-CHE_Eschert_COA.svg.png"
694,50,0,0,"Grandval BE","Die Resultate dieser Gemeinde sind noch nicht bekannt.","https://thumb.wikimedia.org/wikipedia/commons/thumb/b/be/CHE_Grandval_COA.svg/500px-CHE_Grandval_COA.svg.png"
696,50,0,0,"Loveresse BE","Die Resultate dieser Gemeinde sind noch nicht bekannt.","https://thumb.wikimedia.org/wikipedia/commons/thumb/2/20/CHE_Loveresse_COA.svg/500px-CHE_Loveresse_COA.svg.png"
701,50,0,0,"Perrefitte BE","Die Resultate dieser Gemeinde sind noch nicht bekannt.","https://thumb.wikimedia.org/wikipedia/commons/thumb/5/58/CHE_Perrefitte_COA.svg/500px-CHE_Perrefitte_COA.svg.png"
703,50,0,0,"Reconvilier BE","Die Resultate dieser Gemeinde sind noch nicht bekannt.","https://thumb.wikimedia.org/wikipedia/commons/thumb/a/a3/CHE_Reconvilier_COA.svg/500px-CHE_Reconvilier_COA.svg.png"
704,50,0,0,"Roches BE","Die Resultate dieser Gemeinde sind noch nicht bekannt.","https://thumb.wikimedia.org/wikipedia/commons/thumb/9/90/CHE_Roches_COA.svg/500px-CHE_Roches_COA.svg.png"
706,50,0,0,"Saicourt BE","Die Resultate dieser Gemeinde sind noch nicht bekannt.","https://thumb.wikimedia.org/wikipedia/commons/thumb/6/69/CHE_Saicourt_COA.svg/500px-CHE_Saicourt_COA.svg.png"
707,50,0,0,"Saules BE","Die Resultate dieser Gemeinde sind noch nicht bekannt.","https://thumb.wikimedia.org/wikipedia/commons/thumb/8/84/CHE_Saules_COA.svg/500px-CHE_Saules_COA.svg.png"
708,50,0,0,"Schelten BE","Die Resultate dieser Gemeinde sind noch nicht bekannt.","https://thumb.wikimedia.org/wikipedia/commons/thumb/e/e5/CHE_Schelten_COA.svg/500px-CHE_Schelten_COA.svg.png"
709,50,0,0,"Seehof BE","Die Resultate dieser Gemeinde sind noch nicht bekannt.","https://thumb.wikimedia.org/wikipedia/commons/thumb/1/1b/CHE_Seehof_COA.svg/500px-CHE_Seehof_COA.svg.png"
711,50,0,0,"Sorvilier BE","Die Resultate dieser Gemeinde sind noch nicht bekannt.","https://thumb.wikimedia.org/wikipedia/commons/thumb/b/b4/CHE_Sorvilier_COA.svg/500px-CHE_Sorvilier_COA.svg.png"
713,50,0,0,"Tavannes BE","Die Resultate dieser Gemeinde sind noch nicht bekannt.","https://thumb.wikimedia.org/wikipedia/commons/thumb/2/29/CHE_Tavannes_COA.svg/500px-CHE_Tavannes_COA.svg.png"
715,50,0,0,"Rebévelier BE","Die Resultate dieser Gemeinde sind noch nicht bekannt.","https://thumb.wikimedia.org/wikipedia/commons/thumb/4/4d/CHE_Reb%C3%A9velier_COA.svg/500px-CHE_Reb%C3%A9velier_COA.svg.png"
716,50,0,0,"Petit-Val BE","Die Resultate dieser Gemeinde sind noch nicht bekannt.","https://thumb.wikimedia.org/wikipedia/commons/thumb/4/40/CHE_Petit-Val_COA.svg/500px-CHE_Petit-Val_COA.svg.png"
717,50,0,0,"Valbirse BE","Die Resultate dieser Gemeinde sind noch nicht bekannt.","https://thumb.wikimedia.org/wikipedia/commons/thumb/a/a9/CHE_Valbirse_COA.svg/960px-CHE_Valbirse_COA.svg.png"
723,50,0,0,"Neuenstadt BE","Die Resultate dieser Gemeinde sind noch nicht bekannt.","https://thumb.wikimedia.org/wikipedia/commons/thumb/b/b7/CHE_La_Neuveville_COA.svg/960px-CHE_La_Neuveville_COA.svg.png"
724,50,0,0,"Nods BE","Die Resultate dieser Gemeinde sind noch nicht bekannt.","https://thumb.wikimedia.org/wikipedia/commons/thumb/0/0a/CHE_Nods_COA.svg/500px-CHE_Nods_COA.svg.png"
726,50,0,0,"Plateau de Diesse BE","Die Resultate dieser Gemeinde sind noch nicht bekannt.","https://upload.wikimedia.org/wikipedia/de/0/02/GW-BE-Plateau-de-Diesse.png"
731,50,0,0,"Aegerten BE","Die Resultate dieser Gemeinde sind noch nicht bekannt.","https://thumb.wikimedia.org/wikipedia/commons/thumb/b/b0/CHE_Aegerten_COA.svg/960px-CHE_Aegerten_COA.svg.png"
732,50,0,0,"Bellmund BE","Die Resultate dieser Gemeinde sind noch nicht bekannt.","https://thumb.wikimedia.org/wikipedia/commons/thumb/6/62/CHE_Bellmund_COA.svg/960px-CHE_Bellmund_COA.svg.png"
733,50,0,0,"Brügg BE","Die Resultate dieser Gemeinde sind noch nicht bekannt.","https://thumb.wikimedia.org/wikipedia/commons/thumb/a/a0/CHE_Br%C3%BCgg_COA.svg/500px-CHE_Br%C3%BCgg_COA.svg.png"
734,50,0,0,"Bühl BE","Die Resultate dieser Gemeinde sind noch nicht bekannt.","https://thumb.wikimedia.org/wikipedia/commons/thumb/c/cd/CHE_B%C3%BChl_COA.svg/500px-CHE_B%C3%BChl_COA.svg.png"
735,50,0,0,"Epsach BE","Die Resultate dieser Gemeinde sind noch nicht bekannt.","https://thumb.wikimedia.org/wikipedia/commons/thumb/a/ad/CHE_Epsach_COA.svg/500px-CHE_Epsach_COA.svg.png"
736,50,0,0,"Hagneck BE","Die Resultate dieser Gemeinde sind noch nicht bekannt.","https://thumb.wikimedia.org/wikipedia/commons/thumb/9/92/CHE_Hagneck_COA.svg/500px-CHE_Hagneck_COA.svg.png"
737,50,0,0,"Hermrigen BE","Die Resultate dieser Gemeinde sind noch nicht bekannt.","https://thumb.wikimedia.org/wikipedia/commons/thumb/3/33/CHE_Hermrigen_COA.svg/500px-CHE_Hermrigen_COA.svg.png"
738,50,0,0,"Jens BE","Die Resultate dieser Gemeinde sind noch nicht bekannt.","https://thumb.wikimedia.org/wikipedia/commons/thumb/5/53/CHE_Jens_COA.svg/500px-CHE_Jens_COA.svg.png"
739,50,0,0,"Ipsach BE","Die Resultate dieser Gemeinde sind noch nicht bekannt.","https://thumb.wikimedia.org/wikipedia/commons/thumb/7/75/CHE_Ipsach_COA.svg/960px-CHE_Ipsach_COA.svg.png"
740,50,0,0,"Ligerz BE","Die Resultate dieser Gemeinde sind noch nicht bekannt.","https://thumb.wikimedia.org/wikipedia/commons/thumb/e/e9/CHE_Ligerz_COA.svg/500px-CHE_Ligerz_COA.svg.png"
741,50,0,0,"Merzligen BE","Die Resultate dieser Gemeinde sind noch nicht bekannt.","https://thumb.wikimedia.org/wikipedia/commons/thumb/2/2d/CHE_Merzligen_COA.svg/500px-CHE_Merzligen_COA.svg.png"
742,50,0,0,"Mörigen BE","Die Resultate dieser Gemeinde sind noch nicht bekannt.","https://thumb.wikimedia.org/wikipedia/commons/thumb/b/b5/CHE_M%C3%B6rigen_COA.svg/500px-CHE_M%C3%B6rigen_COA.svg.png"
743,50,0,0,"Nidau BE","Die Resultate dieser Gemeinde sind noch nicht bekannt.","https://thumb.wikimedia.org/wikipedia/commons/thumb/3/39/CHE_Nidau_COA.svg/960px-CHE_Nidau_COA.svg.png"
744,50,0,0,"Orpund BE","Die Resultate dieser Gemeinde sind noch nicht bekannt.","https://thumb.wikimedia.org/wikipedia/commons/thumb/7/76/CHE_Orpund_COA.svg/500px-CHE_Orpund_COA.svg.png"
745,50,0,0,"Port BE","Die Resultate dieser Gemeinde sind noch nicht bekannt.","https://thumb.wikimedia.org/wikipedia/commons/thumb/4/44/CHE_Port_BE_COA.svg/500px-CHE_Port_BE_COA.svg.png"
746,50,0,0,"Safnern BE","Die Resultate dieser Gemeinde sind noch nicht bekannt.","https://thumb.wikimedia.org/wikipedia/commons/thumb/9/90/CHE_Safnern_COA.svg/500px-CHE_Safnern_COA.svg.png"
747,50,0,0,"Scheuren BE","Die Resultate dieser Gemeinde sind noch nicht bekannt.","https://thumb.wikimedia.org/wikipedia/commons/thumb/e/eb/CHE_Scheuren_COA.svg/500px-CHE_Scheuren_COA.svg.png"
748,50,0,0,"Schwadernau BE","Die Resultate dieser Gemeinde sind noch nicht bekannt.","https://thumb.wikimedia.org/wikipedia/commons/thumb/a/af/CHE_Schwadernau_COA.svg/500px-CHE_Schwadernau_COA.svg.png"
749,50,0,0,"Studen BE","Die Resultate dieser Gemeinde sind noch nicht bekannt.","https://thumb.wikimedia.org/wikipedia/commons/thumb/c/c8/CHE_Studen_COA.svg/500px-CHE_Studen_COA.svg.png"
750,50,0,0,"Sutz-Lattrigen BE","Die Resultate dieser Gemeinde sind noch nicht bekannt.","https://thumb.wikimedia.org/wikipedia/commons/thumb/4/4e/CHE_Sutz-Lattrigen_COA.svg/500px-CHE_Sutz-Lattrigen_COA.svg.png"
751,50,0,0,"Täuffelen BE","Die Resultate dieser Gemeinde sind noch nicht bekannt.","https://thumb.wikimedia.org/wikipedia/commons/thumb/1/19/CHE_T%C3%A4uffelen_COA.svg/500px-CHE_T%C3%A4uffelen_COA.svg.png"
754,50,0,0,"Walperswil BE","Die Resultate dieser Gemeinde sind noch nicht bekannt.","https://thumb.wikimedia.org/wikipedia/commons/thumb/c/c3/CHE_Walperswil_COA.svg/960px-CHE_Walperswil_COA.svg.png"
755,50,0,0,"Worben BE","Die Resultate dieser Gemeinde sind noch nicht bekannt.","https://thumb.wikimedia.org/wikipedia/commons/thumb/1/11/CHE_Worben_COA.svg/500px-CHE_Worben_COA.svg.png"
756,50,0,0,"Twann-Tüscherz BE","Die Resultate dieser Gemeinde sind noch nicht bekannt.","https://thumb.wikimedia.org/wikipedia/commons/thumb/2/2a/CHE_Twann-T%C3%BCscherz_COA.svg/500px-CHE_Twann-T%C3%BCscherz_COA.svg.png"
761,50,0,0,"Därstetten BE","Die Resultate dieser Gemeinde sind noch nicht bekannt.","https://thumb.wikimedia.org/wikipedia/commons/thumb/2/2e/CHE_D%C3%A4rstetten_COA.svg/960px-CHE_D%C3%A4rstetten_COA.svg.png"
762,50,0,0,"Diemtigen BE","Die Resultate dieser Gemeinde sind noch nicht bekannt.","https://thumb.wikimedia.org/wikipedia/commons/thumb/4/45/CHE_Diemtigen_COA.svg/500px-CHE_Diemtigen_COA.svg.png"
763,50,0,0,"Erlenbach im Simmental BE","Die Resultate dieser Gemeinde sind noch nicht bekannt.","https://thumb.wikimedia.org/wikipedia/commons/thumb/0/01/CHE_Erlenbach_im_Simmental_COA.svg/500px-CHE_Erlenbach_im_Simmental_COA.svg.png"
766,50,0,0,"Oberwil im Simmental BE","Die Resultate dieser Gemeinde sind noch nicht bekannt.","https://thumb.wikimedia.org/wikipedia/commons/thumb/b/b8/CHE_Oberwil_im_Simmental_COA.svg/500px-CHE_Oberwil_im_Simmental_COA.svg.png"
767,50,0,0,"Reutigen BE","Die Resultate dieser Gemeinde sind noch nicht bekannt.","https://thumb.wikimedia.org/wikipedia/commons/thumb/d/d3/CHE_Reutigen_COA.svg/960px-CHE_Reutigen_COA.svg.png"
768,50,0,0,"Spiez BE","Die Resultate dieser Gemeinde sind noch nicht bekannt.","https://thumb.wikimedia.org/wikipedia/commons/thumb/4/4b/CHE_Spiez_COA.svg/500px-CHE_Spiez_COA.svg.png"
769,50,0,0,"Wimmis BE","Die Resultate dieser Gemeinde sind noch nicht bekannt.","https://thumb.wikimedia.org/wikipedia/commons/thumb/a/a4/CHE_Wimmis_COA.svg/500px-CHE_Wimmis_COA.svg.png"
770,50,0,0,"Stocken-Höfen BE","Die Resultate dieser Gemeinde sind noch nicht bekannt.","https://thumb.wikimedia.org/wikipedia/commons/thumb/3/34/CHE_Stocken-H%C3%B6fen_COA.svg/960px-CHE_Stocken-H%C3%B6fen_COA.svg.png"
782,50,0,0,"Guttannen BE","Die Resultate dieser Gemeinde sind noch nicht bekannt.","https://thumb.wikimedia.org/wikipedia/commons/thumb/1/13/CHE_Guttannen_COA.svg/500px-CHE_Guttannen_COA.svg.png"
783,50,0,0,"Hasliberg BE","Die Resultate dieser Gemeinde sind noch nicht bekannt.","https://thumb.wikimedia.org/wikipedia/commons/thumb/8/83/CHE_Hasliberg_COA.svg/500px-CHE_Hasliberg_COA.svg.png"
784,50,0,0,"Innertkirchen BE","Die Resultate dieser Gemeinde sind noch nicht bekannt.","https://thumb.wikimedia.org/wikipedia/commons/thumb/4/42/CHE_Innertkirchen_COA.svg/500px-CHE_Innertkirchen_COA.svg.png"
785,50,0,0,"Meiringen BE","Die Resultate dieser Gemeinde sind noch nicht bekannt.","https://thumb.wikimedia.org/wikipedia/commons/thumb/8/8b/CHE_Meiringen_COA.svg/500px-CHE_Meiringen_COA.svg.png"
786,50,0,0,"Schattenhalb BE","Die Resultate dieser Gemeinde sind noch nicht bekannt.","https://thumb.wikimedia.org/wikipedia/commons/thumb/0/0b/CHE_Schattenhalb_COA.svg/500px-CHE_Schattenhalb_COA.svg.png"
791,50,0,0,"Boltigen BE","Die Resultate dieser Gemeinde sind noch nicht bekannt.","https://thumb.wikimedia.org/wikipedia/commons/thumb/9/95/CHE_Boltigen_COA.svg/500px-CHE_Boltigen_COA.svg.png"
792,50,0,0,"Lenk BE","Die Resultate dieser Gemeinde sind noch nicht bekannt.","https://thumb.wikimedia.org/wikipedia/commons/thumb/1/13/CHE_Lenk_COA.svg/500px-CHE_Lenk_COA.svg.png"
793,50,0,0,"St. Stephan BE","Die Resultate dieser Gemeinde sind noch nicht bekannt.","https://thumb.wikimedia.org/wikipedia/commons/thumb/f/f9/CHE_St_Stephan_COA.svg/500px-CHE_St_Stephan_COA.svg.png"
794,50,0,0,"Zweisimmen BE","Die Resultate dieser Gemeinde sind noch nicht bekannt.","https://thumb.wikimedia.org/wikipedia/commons/thumb/e/ec/CHE_Zweisimmen_COA.svg/960px-CHE_Zweisimmen_COA.svg.png"
841,50,0,0,"Gsteig BE","Die Resultate dieser Gemeinde sind noch nicht bekannt.","https://thumb.wikimedia.org/wikipedia/commons/thumb/8/85/CHE_Gsteig_bei_Gstaad_COA.svg/500px-CHE_Gsteig_bei_Gstaad_COA.svg.png"
842,50,0,0,"Lauenen BE","Die Resultate dieser Gemeinde sind noch nicht bekannt.","https://thumb.wikimedia.org/wikipedia/commons/thumb/c/c8/CHE_Lauenen_COA.svg/500px-CHE_Lauenen_COA.svg.png"
843,50,0,0,"Saanen BE","Die Resultate dieser Gemeinde sind noch nicht bekannt.","https://thumb.wikimedia.org/wikipedia/commons/thumb/a/a7/CHE_Saanen_COA.svg/500px-CHE_Saanen_COA.svg.png"
852,50,0,0,"Guggisberg BE","Die Resultate dieser Gemeinde sind noch nicht bekannt.","https://thumb.wikimedia.org/wikipedia/commons/thumb/d/d1/CHE_Guggisberg_COA.svg/500px-CHE_Guggisberg_COA.svg.png"
853,50,0,0,"Rüschegg BE","Die Resultate dieser Gemeinde sind noch nicht bekannt.","https://thumb.wikimedia.org/wikipedia/commons/thumb/c/c8/CHE_R%C3%BCschegg_COA.svg/500px-CHE_R%C3%BCschegg_COA.svg.png"
855,50,0,0,"Schwarzenburg BE","Die Resultate dieser Gemeinde sind noch nicht bekannt.","https://thumb.wikimedia.org/wikipedia/commons/thumb/5/50/CHE_Schwarzenburg_COA.svg/960px-CHE_Schwarzenburg_COA.svg.png"
861,50,0,0,"Belp BE","Die Resultate dieser Gemeinde sind noch nicht bekannt.","https://thumb.wikimedia.org/wikipedia/commons/thumb/4/44/CHE_Belp_BE_COA.svg/500px-CHE_Belp_BE_COA.svg.png"
863,50,0,0,"Burgistein BE","Die Resultate dieser Gemeinde sind noch nicht bekannt.","https://thumb.wikimedia.org/wikipedia/commons/thumb/a/ad/CHE_Burgistein_COA.svg/500px-CHE_Burgistein_COA.svg.png"
866,50,0,0,"Gerzensee BE","Die Resultate dieser Gemeinde sind noch nicht bekannt.","https://thumb.wikimedia.org/wikipedia/commons/thumb/1/10/CHE_Gerzensee_COA.svg/500px-CHE_Gerzensee_COA.svg.png"
867,50,0,0,"Gurzelen BE","Die Resultate dieser Gemeinde sind noch nicht bekannt.","https://thumb.wikimedia.org/wikipedia/commons/thumb/9/99/CHE_Gurzelen_COA.svg/960px-CHE_Gurzelen_COA.svg.png"
868,50,0,0,"Jaberg BE","Die Resultate dieser Gemeinde sind noch nicht bekannt.","https://thumb.wikimedia.org/wikipedia/commons/thumb/5/52/CHE_Jaberg_COA.svg/500px-CHE_Jaberg_COA.svg.png"
869,50,0,0,"Kaufdorf BE","Die Resultate dieser Gemeinde sind noch nicht bekannt.","https://thumb.wikimedia.org/wikipedia/commons/thumb/3/3b/CHE_Kaufdorf_COA.svg/500px-CHE_Kaufdorf_COA.svg.png"
870,50,0,0,"Kehrsatz BE","Die Resultate dieser Gemeinde sind noch nicht bekannt.","https://thumb.wikimedia.org/wikipedia/commons/thumb/b/b7/CHE_Kehrsatz_COA.svg/960px-CHE_Kehrsatz_COA.svg.png"
872,50,0,0,"Kirchdorf BE","Die Resultate dieser Gemeinde sind noch nicht bekannt.","https://thumb.wikimedia.org/wikipedia/commons/thumb/5/5c/CHE_Kirchdorf_COA.svg/500px-CHE_Kirchdorf_COA.svg.png"
879,50,0,0,"Riggisberg BE","Die Resultate dieser Gemeinde sind noch nicht bekannt.","https://thumb.wikimedia.org/wikipedia/commons/thumb/f/f4/CHE_Riggisberg_COA.svg/960px-CHE_Riggisberg_COA.svg.png"
880,50,0,0,"Rüeggisberg BE","Die Resultate dieser Gemeinde sind noch nicht bekannt.","https://thumb.wikimedia.org/wikipedia/commons/thumb/3/3c/CHE_R%C3%BCeggisberg_COA.svg/500px-CHE_R%C3%BCeggisberg_COA.svg.png"
883,50,0,0,"Seftigen BE","Die Resultate dieser Gemeinde sind noch nicht bekannt.","https://thumb.wikimedia.org/wikipedia/commons/thumb/2/2b/CHE_Seftigen_COA.svg/500px-CHE_Seftigen_COA.svg.png"
884,50,0,0,"Toffen BE","Die Resultate dieser Gemeinde sind noch nicht bekannt.","https://thumb.wikimedia.org/wikipedia/commons/thumb/7/71/CHE_Toffen_COA.svg/500px-CHE_Toffen_COA.svg.png"
885,50,0,0,"Uttigen BE","Die Resultate dieser Gemeinde sind noch nicht bekannt.","https://thumb.wikimedia.org/wikipedia/commons/thumb/b/bc/CHE_Uttigen_COA.svg/500px-CHE_Uttigen_COA.svg.png"
886,50,0,0,"Wattenwil BE","Die Resultate dieser Gemeinde sind noch nicht bekannt.","https://thumb.wikimedia.org/wikipedia/commons/thumb/3/34/CHE_Wattenwil_COA.svg/500px-CHE_Wattenwil_COA.svg.png"
888,50,0,0,"Wald BE","Die Resultate dieser Gemeinde sind noch nicht bekannt.","https://thumb.wikimedia.org/wikipedia/commons/thumb/0/01/CHE_Wald_BE_COA.svg/960px-CHE_Wald_BE_COA.svg.png"
889,50,0,0,"Thurnen BE","Die Resultate dieser Gemeinde sind noch nicht bekannt.","https://thumb.wikimedia.org/wikipedia/commons/thumb/f/f1/CHE_Thurnen_COA.svg/500px-CHE_Thurnen_COA.svg.png"
901,50,0,0,"Eggiwil BE","Die Resultate dieser Gemeinde sind noch nicht bekannt.","https://thumb.wikimedia.org/wikipedia/commons/thumb/a/a0/CHE_Eggiwil_COA.svg/500px-CHE_Eggiwil_COA.svg.png"
902,50,0,0,"Langnau im Emmental BE","Die Resultate dieser Gemeinde sind noch nicht bekannt.","https://thumb.wikimedia.org/wikipedia/commons/thumb/3/32/CHE_Langnau_im_Emmental_COA.svg/500px-CHE_Langnau_im_Emmental_COA.svg.png"
903,50,0,0,"Lauperswil BE","Die Resultate dieser Gemeinde sind noch nicht bekannt.","https://thumb.wikimedia.org/wikipedia/commons/thumb/3/38/CHE_Lauperswil_COA.svg/500px-CHE_Lauperswil_COA.svg.png"
904,50,0,0,"Röthenbach im Emmental BE","Die Resultate dieser Gemeinde sind noch nicht bekannt.","https://thumb.wikimedia.org/wikipedia/commons/thumb/2/2a/CHE_R%C3%B6thenbach_im_Emmental_COA.svg/500px-CHE_R%C3%B6thenbach_im_Emmental_COA.svg.png"
905,50,0,0,"Rüderswil BE","Die Resultate dieser Gemeinde sind noch nicht bekannt.","https://thumb.wikimedia.org/wikipedia/commons/thumb/d/d8/CHE_R%C3%BCderswil_COA.svg/500px-CHE_R%C3%BCderswil_COA.svg.png"
906,50,0,0,"Schangnau BE","Die Resultate dieser Gemeinde sind noch nicht bekannt.","https://thumb.wikimedia.org/wikipedia/commons/thumb/4/45/CHE_Schangnau_COA.svg/960px-CHE_Schangnau_COA.svg.png"
907,50,0,0,"Signau BE","Die Resultate dieser Gemeinde sind noch nicht bekannt.","https://thumb.wikimedia.org/wikipedia/commons/thumb/a/a2/CHE_Signau_COA.svg/960px-CHE_Signau_COA.svg.png"
908,50,0,0,"Trub BE","Die Resultate dieser Gemeinde sind noch nicht bekannt.","https://thumb.wikimedia.org/wikipedia/commons/thumb/4/47/CHE_Trub_COA.svg/500px-CHE_Trub_COA.svg.png"
909,50,0,0,"Trubschachen BE","Die Resultate dieser Gemeinde sind noch nicht bekannt.","https://thumb.wikimedia.org/wikipedia/commons/thumb/f/ff/CHE_Trubschachen_COA.svg/500px-CHE_Trubschachen_COA.svg.png"
921,50,0,0,"Amsoldingen BE","Die Resultate dieser Gemeinde sind noch nicht bekannt.","https://thumb.wikimedia.org/wikipedia/commons/thumb/2/27/CHE_Amsoldingen_COA.svg/960px-CHE_Amsoldingen_COA.svg.png"
922,50,0,0,"Blumenstein BE","Die Resultate dieser Gemeinde sind noch nicht bekannt.","https://thumb.wikimedia.org/wikipedia/commons/thumb/7/73/CHE_Blumenstein_COA.svg/500px-CHE_Blumenstein_COA.svg.png"
923,50,0,0,"Buchholterberg BE","Die Resultate dieser Gemeinde sind noch nicht bekannt.","https://thumb.wikimedia.org/wikipedia/commons/thumb/e/e4/CHE_Buchholterberg_COA.svg/500px-CHE_Buchholterberg_COA.svg.png"
924,50,0,0,"Eriz BE","Die Resultate dieser Gemeinde sind noch nicht bekannt.","https://thumb.wikimedia.org/wikipedia/commons/thumb/b/b9/CHE_Eriz_COA.svg/500px-CHE_Eriz_COA.svg.png"
925,50,0,0,"Fahrni BE","Die Resultate dieser Gemeinde sind noch nicht bekannt.","https://thumb.wikimedia.org/wikipedia/commons/thumb/1/1f/CHE_Fahrni_COA.svg/960px-CHE_Fahrni_COA.svg.png"
927,50,0,0,"Heiligenschwendi BE","Die Resultate dieser Gemeinde sind noch nicht bekannt.","https://thumb.wikimedia.org/wikipedia/commons/thumb/c/c7/CHE_Heiligenschwendi_COA.svg/500px-CHE_Heiligenschwendi_COA.svg.png"
928,50,0,0,"Heimberg BE","Die Resultate dieser Gemeinde sind noch nicht bekannt.","https://thumb.wikimedia.org/wikipedia/commons/thumb/f/f7/CHE_Heimberg_COA.svg/500px-CHE_Heimberg_COA.svg.png"
929,50,0,0,"Hilterfingen BE","Die Resultate dieser Gemeinde sind noch nicht bekannt.","https://thumb.wikimedia.org/wikipedia/commons/thumb/0/09/CHE_Hilterfingen_COA.svg/500px-CHE_Hilterfingen_COA.svg.png"
931,50,0,0,"Homberg BE","Die Resultate dieser Gemeinde sind noch nicht bekannt.","https://thumb.wikimedia.org/wikipedia/commons/thumb/4/4c/CHE_Homberg_COA.svg/500px-CHE_Homberg_COA.svg.png"
932,50,0,0,"Horrenbach-Buchen BE","Die Resultate dieser Gemeinde sind noch nicht bekannt.","https://thumb.wikimedia.org/wikipedia/commons/thumb/d/d9/CHE_Horrenbach-Buchen_COA.svg/500px-CHE_Horrenbach-Buchen_COA.svg.png"
934,50,0,0,"Oberhofen am Thunersee BE","Die Resultate dieser Gemeinde sind noch nicht bekannt.","https://thumb.wikimedia.org/wikipedia/commons/thumb/0/01/CHE_Oberhofen_am_Thunersee_COA.svg/500px-CHE_Oberhofen_am_Thunersee_COA.svg.png"
935,50,0,0,"Oberlangenegg BE","Die Resultate dieser Gemeinde sind noch nicht bekannt.","https://thumb.wikimedia.org/wikipedia/commons/thumb/6/63/CHE_Oberlangenegg_COA.svg/500px-CHE_Oberlangenegg_COA.svg.png"
936,50,0,0,"Pohlern BE","Die Resultate dieser Gemeinde sind noch nicht bekannt.","https://thumb.wikimedia.org/wikipedia/commons/thumb/b/b9/CHE_Pohlern_COA.svg/500px-CHE_Pohlern_COA.svg.png"
938,50,0,0,"Sigriswil BE","Die Resultate dieser Gemeinde sind noch nicht bekannt.","https://thumb.wikimedia.org/wikipedia/commons/thumb/2/2e/CHE_Sigriswil_COA.svg/500px-CHE_Sigriswil_COA.svg.png"
939,50,0,0,"Steffisburg BE","Die Resultate dieser Gemeinde sind noch nicht bekannt.","https://thumb.wikimedia.org/wikipedia/commons/thumb/8/87/CHE_Steffisburg_COA.svg/500px-CHE_Steffisburg_COA.svg.png"
940,50,0,0,"Teuffenthal BE","Die Resultate dieser Gemeinde sind noch nicht bekannt.","https://thumb.wikimedia.org/wikipedia/commons/thumb/a/a3/CHE_Teuffenthal_COA.svg/500px-CHE_Teuffenthal_COA.svg.png"
941,50,0,0,"Thierachern BE","Die Resultate dieser Gemeinde sind noch nicht bekannt.","https://thumb.wikimedia.org/wikipedia/commons/thumb/1/1f/CHE_Thierachern_COA.svg/500px-CHE_Thierachern_COA.svg.png"
942,50,0,0,"Thun BE","Die Resultate dieser Gemeinde sind noch nicht bekannt.","https://thumb.wikimedia.org/wikipedia/commons/thumb/c/cf/CHE_Thun_BE_COA.svg/960px-CHE_Thun_BE_COA.svg.png"
943,50,0,0,"Uebeschi BE","Die Resultate dieser Gemeinde sind noch nicht bekannt.","https://thumb.wikimedia.org/wikipedia/commons/thumb/9/91/CHE_Uebeschi_BE_COA.svg/500px-CHE_Uebeschi_BE_COA.svg.png"
944,50,0,0,"Uetendorf BE","Die Resultate dieser Gemeinde sind noch nicht bekannt.","https://thumb.wikimedia.org/wikipedia/commons/thumb/4/4f/CHE_Uetendorf_COA.svg/500px-CHE_Uetendorf_COA.svg.png"
945,50,0,0,"Unterlangenegg BE","Die Resultate dieser Gemeinde sind noch nicht bekannt.","https://thumb.wikimedia.org/wikipedia/commons/thumb/a/aa/CHE_Unterlangenegg_COA.svg/500px-CHE_Unterlangenegg_COA.svg.png"
946,50,0,0,"Wachseldorn BE","Die Resultate dieser Gemeinde sind noch nicht bekannt.","https://thumb.wikimedia.org/wikipedia/commons/thumb/8/86/CHE_Wachseldorn_COA.svg/500px-CHE_Wachseldorn_COA.svg.png"
948,50,0,0,"Forst-Längenbühl BE","Die Resultate dieser Gemeinde sind noch nicht bekannt.","https://thumb.wikimedia.org/wikipedia/commons/thumb/a/af/CHE_Forst-L%C3%A4ngenb%C3%BChl_COA.svg/500px-CHE_Forst-L%C3%A4ngenb%C3%BChl_COA.svg.png"
951,50,0,0,"Affoltern im Emmental BE","Die Resultate dieser Gemeinde sind noch nicht bekannt.","https://thumb.wikimedia.org/wikipedia/commons/thumb/5/5d/CHE_Affoltern_im_Emmental_COA.svg/500px-CHE_Affoltern_im_Emmental_COA.svg.png"
952,50,0,0,"Dürrenroth BE","Die Resultate dieser Gemeinde sind noch nicht bekannt.","https://thumb.wikimedia.org/wikipedia/commons/thumb/5/5d/CHE_D%C3%BCrrenroth_COA.svg/960px-CHE_D%C3%BCrrenroth_COA.svg.png"
953,50,0,0,"Eriswil BE","Die Resultate dieser Gemeinde sind noch nicht bekannt.","https://thumb.wikimedia.org/wikipedia/commons/thumb/1/15/CHE_Eriswil_COA.svg/500px-CHE_Eriswil_COA.svg.png"
954,50,0,0,"Huttwil BE","Die Resultate dieser Gemeinde sind noch nicht bekannt.","https://thumb.wikimedia.org/wikipedia/commons/thumb/0/06/CHE_Huttwil_COA.svg/500px-CHE_Huttwil_COA.svg.png"
955,50,0,0,"Lützelflüh BE","Die Resultate dieser Gemeinde sind noch nicht bekannt.","https://thumb.wikimedia.org/wikipedia/commons/thumb/3/3c/CHE_L%C3%BCtzelfl%C3%BCh_COA.svg/500px-CHE_L%C3%BCtzelfl%C3%BCh_COA.svg.png"
956,50,0,0,"Rüegsau BE","Die Resultate dieser Gemeinde sind noch nicht bekannt.","https://thumb.wikimedia.org/wikipedia/commons/thumb/1/1d/CHE_R%C3%BCegsau_COA.svg/500px-CHE_R%C3%BCegsau_COA.svg.png"
957,50,0,0,"Sumiswald BE","Die Resultate dieser Gemeinde sind noch nicht bekannt.","https://thumb.wikimedia.org/wikipedia/commons/thumb/1/19/CHE_Sumiswald_COA.svg/960px-CHE_Sumiswald_COA.svg.png"
958,50,0,0,"Trachselwald BE","Die Resultate dieser Gemeinde sind noch nicht bekannt.","https://thumb.wikimedia.org/wikipedia/commons/thumb/9/93/CHE_Trachselwald_COA.svg/500px-CHE_Trachselwald_COA.svg.png"
959,50,0,0,"Walterswil BE","Die Resultate dieser Gemeinde sind noch nicht bekannt.","https://thumb.wikimedia.org/wikipedia/commons/thumb/d/de/CHE_Walterswil_BE_COA.svg/500px-CHE_Walterswil_BE_COA.svg.png"
960,50,0,0,"Wyssachen BE","Die Resultate dieser Gemeinde sind noch nicht bekannt.","https://thumb.wikimedia.org/wikipedia/commons/thumb/e/e9/CHE_Wyssachen_COA.svg/500px-CHE_Wyssachen_COA.svg.png"
971,50,0,0,"Attiswil BE","Die Resultate dieser Gemeinde sind noch nicht bekannt.","https://thumb.wikimedia.org/wikipedia/commons/thumb/1/15/CHE_Attiswil_COA.svg/500px-CHE_Attiswil_COA.svg.png"
972,50,0,0,"Berken BE","Die Resultate dieser Gemeinde sind noch nicht bekannt.","https://thumb.wikimedia.org/wikipedia/commons/thumb/7/77/CHE_Berken_COA.svg/500px-CHE_Berken_COA.svg.png"
973,50,0,0,"Bettenhausen BE","Die Resultate dieser Gemeinde sind noch nicht bekannt.","https://thumb.wikimedia.org/wikipedia/commons/thumb/0/01/CHE_Bettenhausen_COA.svg/500px-CHE_Bettenhausen_COA.svg.png"
975,50,0,0,"Farnern BE","Die Resultate dieser Gemeinde sind noch nicht bekannt.","https://thumb.wikimedia.org/wikipedia/commons/thumb/3/32/CHE_Farnern_COA.svg/500px-CHE_Farnern_COA.svg.png"
976,50,0,0,"Graben BE","Die Resultate dieser Gemeinde sind noch nicht bekannt.","https://thumb.wikimedia.org/wikipedia/commons/thumb/6/6c/CHE_Graben_BE_COA.svg/960px-CHE_Graben_BE_COA.svg.png"
977,50,0,0,"Heimenhausen BE","Die Resultate dieser Gemeinde sind noch nicht bekannt.","https://thumb.wikimedia.org/wikipedia/commons/thumb/f/f5/CHE_Heimenhausen_COA.svg/500px-CHE_Heimenhausen_COA.svg.png"
979,50,0,0,"Herzogenbuchsee BE","Die Resultate dieser Gemeinde sind noch nicht bekannt.","https://thumb.wikimedia.org/wikipedia/commons/thumb/1/14/CHE_Herzogenbuchsee_COA.svg/500px-CHE_Herzogenbuchsee_COA.svg.png"
980,50,0,0,"Inkwil BE","Die Resultate dieser Gemeinde sind noch nicht bekannt.","https://thumb.wikimedia.org/wikipedia/commons/thumb/8/85/CHE_Inkwil_COA.svg/500px-CHE_Inkwil_COA.svg.png"
981,50,0,0,"Niederbipp BE","Die Resultate dieser Gemeinde sind noch nicht bekannt.","https://thumb.wikimedia.org/wikipedia/commons/thumb/1/16/CHE_Niederbipp_COA.svg/500px-CHE_Niederbipp_COA.svg.png"
982,50,0,0,"Niederönz BE","Die Resultate dieser Gemeinde sind noch nicht bekannt.","https://thumb.wikimedia.org/wikipedia/commons/thumb/1/18/CHE_Nieder%C3%B6nz_COA.svg/500px-CHE_Nieder%C3%B6nz_COA.svg.png"
983,50,0,0,"Oberbipp BE","Die Resultate dieser Gemeinde sind noch nicht bekannt.","https://thumb.wikimedia.org/wikipedia/commons/thumb/b/bd/CHE_Oberbipp_COA.svg/500px-CHE_Oberbipp_COA.svg.png"
985,50,0,0,"Ochlenberg BE","Die Resultate dieser Gemeinde sind noch nicht bekannt.","https://thumb.wikimedia.org/wikipedia/commons/thumb/4/4d/CHE_Ochlenberg_COA.svg/500px-CHE_Ochlenberg_COA.svg.png"
987,50,0,0,"Rumisberg BE","Die Resultate dieser Gemeinde sind noch nicht bekannt.","https://thumb.wikimedia.org/wikipedia/commons/thumb/9/91/CHE_Rumisberg_COA.svg/500px-CHE_Rumisberg_COA.svg.png"
988,50,0,0,"Seeberg BE","Die Resultate dieser Gemeinde sind noch nicht bekannt.","https://thumb.wikimedia.org/wikipedia/commons/thumb/0/0d/CHE_Seeberg_COA.svg/960px-CHE_Seeberg_COA.svg.png"
989,50,0,0,"Thörigen BE","Die Resultate dieser Gemeinde sind noch nicht bekannt.","https://thumb.wikimedia.org/wikipedia/commons/thumb/7/7c/CHE_Th%C3%B6rigen_COA.svg/500px-CHE_Th%C3%B6rigen_COA.svg.png"
990,50,0,0,"Walliswil bei Niederbipp BE","Die Resultate dieser Gemeinde sind noch nicht bekannt.","https://thumb.wikimedia.org/wikipedia/commons/thumb/e/e0/CHE_Walliswil_bei_Niederbipp_COA.svg/500px-CHE_Walliswil_bei_Niederbipp_COA.svg.png"
991,50,0,0,"Walliswil bei Wangen BE","Die Resultate dieser Gemeinde sind noch nicht bekannt.","https://thumb.wikimedia.org/wikipedia/commons/thumb/3/39/CHE_Walliswil_bei_Wangen_COA.svg/960px-CHE_Walliswil_bei_Wangen_COA.svg.png"
992,50,0,0,"Wangen an der Aare BE","Die Resultate dieser Gemeinde sind noch nicht bekannt.","https://thumb.wikimedia.org/wikipedia/commons/thumb/d/d4/CHE_Wangen_an_der_Aare_COA.svg/500px-CHE_Wangen_an_der_Aare_COA.svg.png"
995,50,0,0,"Wiedlisbach BE","Die Resultate dieser Gemeinde sind noch nicht bekannt.","https://thumb.wikimedia.org/wikipedia/commons/thumb/b/bc/CHE_Wiedlisbach_COA.svg/500px-CHE_Wiedlisbach_COA.svg.png"
1001,50,0,0,"Doppleschwand LU","Die Resultate dieser Gemeinde sind noch nicht bekannt.","https://thumb.wikimedia.org/wikipedia/commons/thumb/1/14/CHE_Doppleschwand_COA.svg/960px-CHE_Doppleschwand_COA.svg.png"
1002,50,0,0,"Entlebuch LU","Die Resultate dieser Gemeinde sind noch nicht bekannt.","https://thumb.wikimedia.org/wikipedia/commons/thumb/8/85/CHE_Entlebuch_COA.svg/960px-CHE_Entlebuch_COA.svg.png"
1004,50,0,0,"Flühli LU","Die Resultate dieser Gemeinde sind noch nicht bekannt.","https://thumb.wikimedia.org/wikipedia/commons/thumb/6/65/CHE_Fluehli_COA.svg/960px-CHE_Fluehli_COA.svg.png"
1005,57.4,57.4,42.6,"Hasle LU","Ja zur Neutralitätsinitiative in Hasle LU: 57,4 Prozent.","https://thumb.wikimedia.org/wikipedia/commons/thumb/a/ac/CHE_Hasle_LU_COA.svg/960px-CHE_Hasle_LU_COA.svg.png"
1007,50,0,0,"Romoos LU","Die Resultate dieser Gemeinde sind noch nicht bekannt.","https://thumb.wikimedia.org/wikipedia/commons/thumb/9/96/CHE_Romoos_COA.svg/960px-CHE_Romoos_COA.svg.png"
1008,50,0,0,"Schüpfheim LU","Die Resultate dieser Gemeinde sind noch nicht bekannt.","https://upload.wikimedia.org/wikipedia/commons/7/75/CHE_Schuepfheim_COA.png"
1009,50,0,0,"Werthenstein LU","Die Resultate dieser Gemeinde sind noch nicht bekannt.","https://thumb.wikimedia.org/wikipedia/commons/thumb/e/ec/CHE_Werthenstein_COA.svg/960px-CHE_Werthenstein_COA.svg.png"
1010,50,0,0,"Escholzmatt-Marbach LU","Die Resultate dieser Gemeinde sind noch nicht bekannt.","https://thumb.wikimedia.org/wikipedia/commons/thumb/2/25/CHE_Escholzmatt-Marbach_COA.svg/960px-CHE_Escholzmatt-Marbach_COA.svg.png"
1021,41.5,41.5,58.5,"Aesch LU","In Aesch LU ist die Neutralitätsinitiative mit 58,5 Prozent der Stimmen gescheitert.","https://thumb.wikimedia.org/wikipedia/commons/thumb/2/29/CHE_Aesch_LU_COA.svg/960px-CHE_Aesch_LU_COA.svg.png"
1023,33.9,33.9,66.1,"Ballwil LU","In Ballwil ist die Neutralitätsinitiative mit 66,1 Prozent der Stimmen gescheitert.","https://thumb.wikimedia.org/wikipedia/commons/thumb/d/de/CHE_Ballwil_COA.svg/960px-CHE_Ballwil_COA.svg.png"
1024,28.9,28.9,71.1,"Emmen LU","Nein zur Neutralitätsinitiative in Emmen: 71,1 Prozent.","https://thumb.wikimedia.org/wikipedia/commons/thumb/7/7c/CHE_Emmen_COA.svg/960px-CHE_Emmen_COA.svg.png"
1025,36.4,36.4,63.6,"Ermensee LU","63,6 Prozent der Stimmbürgerinnen und Stimmbürger von Ermensee haben die Neutralitätsinitiative abgelehnt.","https://thumb.wikimedia.org/wikipedia/commons/thumb/2/2d/CHE_Ermensee_COA.svg/960px-CHE_Ermensee_COA.svg.png"
1026,50,0,0,"Eschenbach LU","Die Resultate dieser Gemeinde sind noch nicht bekannt.","https://thumb.wikimedia.org/wikipedia/commons/thumb/4/4a/CHE_Eschenbach_LU_COA.svg/960px-CHE_Eschenbach_LU_COA.svg.png"
1030,50,0,0,"Hitzkirch LU","Die Resultate dieser Gemeinde sind noch nicht bekannt.","https://thumb.wikimedia.org/wikipedia/commons/thumb/1/1f/Coat_of_arms_of_Hitzkirch.svg/960px-Coat_of_arms_of_Hitzkirch.svg.png"
1031,50,0,0,"Hochdorf LU","Die Resultate dieser Gemeinde sind noch nicht bekannt.","https://thumb.wikimedia.org/wikipedia/commons/thumb/3/37/CHE_Hochdorf_COA.svg/960px-CHE_Hochdorf_COA.svg.png"
1032,50,0,0,"Hohenrain LU","Die Resultate dieser Gemeinde sind noch nicht bekannt.","https://thumb.wikimedia.org/wikipedia/commons/thumb/6/62/CHE_Hohenrain_COA.svg/960px-CHE_Hohenrain_COA.svg.png"
1033,31.4,31.4,68.6,"Inwil LU","68,6 Prozent der Stimmbürgerinnen und Stimmbürger von Inwil haben die Neutralitätsinitiative abgelehnt.","https://thumb.wikimedia.org/wikipedia/commons/thumb/1/14/Coat_of_arms_of_Inwil_LU.svg/960px-Coat_of_arms_of_Inwil_LU.svg.png"
1037,50,0,0,"Rain LU","Die Resultate dieser Gemeinde sind noch nicht bekannt.","https://thumb.wikimedia.org/wikipedia/commons/thumb/f/fd/Coat_of_arms_of_Rain_LU.svg/960px-Coat_of_arms_of_Rain_LU.svg.png"
1039,50,0,0,"Römerswil LU","Die Resultate dieser Gemeinde sind noch nicht bekannt.","https://thumb.wikimedia.org/wikipedia/commons/thumb/6/68/CHE_R%C3%B6merswil_COA.svg/960px-CHE_R%C3%B6merswil_COA.svg.png"
1040,50,0,0,"Rothenburg LU","Die Resultate dieser Gemeinde sind noch nicht bekannt.","https://thumb.wikimedia.org/wikipedia/commons/thumb/e/ee/CHE_Rothenburg_COA.svg/960px-CHE_Rothenburg_COA.svg.png"
1041,50,0,0,"Schongau LU","Die Resultate dieser Gemeinde sind noch nicht bekannt.","https://thumb.wikimedia.org/wikipedia/commons/thumb/5/5d/CHE_Schongau_COA.svg/960px-CHE_Schongau_COA.svg.png"
1051,23.3,23.3,76.7,"Adligenswil LU","Nein zur Neutralitätsinitiative in Adligenswil: 76,7 Prozent.","https://upload.wikimedia.org/wikipedia/commons/b/bc/CHE_Adligenswil_COA.png"
1052,50,0,0,"Buchrain LU","Die Resultate dieser Gemeinde sind noch nicht bekannt.","https://thumb.wikimedia.org/wikipedia/commons/thumb/d/d1/CHE_Buchrain_COA.svg/960px-CHE_Buchrain_COA.svg.png"
1053,37.9,37.9,62.1,"Dierikon LU","62,1 Prozent der Stimmbürgerinnen und Stimmbürger von Dierikon haben die Neutralitätsinitiative abgelehnt.","https://thumb.wikimedia.org/wikipedia/commons/thumb/0/0b/CHE_Dierikon_COA.svg/960px-CHE_Dierikon_COA.svg.png"
1054,50,0,0,"Ebikon LU","Die Resultate dieser Gemeinde sind noch nicht bekannt.","https://thumb.wikimedia.org/wikipedia/commons/thumb/d/d9/CHE_Ebikon_COA.svg/960px-CHE_Ebikon_COA.svg.png"
1055,50,0,0,"Gisikon LU","Die Resultate dieser Gemeinde sind noch nicht bekannt.","https://thumb.wikimedia.org/wikipedia/commons/thumb/f/fb/CHE_Gisikon_COA.svg/960px-CHE_Gisikon_COA.svg.png"
1056,50,0,0,"Greppen LU","Die Resultate dieser Gemeinde sind noch nicht bekannt.","https://thumb.wikimedia.org/wikipedia/commons/thumb/9/9d/Coat_of_arms_of_Greppen.svg/960px-Coat_of_arms_of_Greppen.svg.png"
1058,50,0,0,"Horw LU","Die Resultate dieser Gemeinde sind noch nicht bekannt.","https://thumb.wikimedia.org/wikipedia/commons/thumb/6/64/CHE_Horw_COA_2025.svg/960px-CHE_Horw_COA_2025.svg.png"
1059,50,0,0,"Kriens LU","Die Resultate dieser Gemeinde sind noch nicht bekannt.","https://thumb.wikimedia.org/wikipedia/commons/thumb/3/30/CHE_Kriens_COA.svg/960px-CHE_Kriens_COA.svg.png"
1061,19.1,19.1,80.9,"Luzern LU","Mit 80,9 Prozent wird die Neutralitätsinitiative in Luzern verworfen.","https://thumb.wikimedia.org/wikipedia/commons/thumb/d/da/CHE_Stadt_Luzern_COA.gif/960px-CHE_Stadt_Luzern_COA.gif"
1062,31.2,31.2,68.8,"Malters LU","In Malters ist die Neutralitätsinitiative mit 68,8 Prozent der Stimmen gescheitert.","https://thumb.wikimedia.org/wikipedia/commons/thumb/d/d1/Coat_of_arms_of_Malters.svg/960px-Coat_of_arms_of_Malters.svg.png"
1063,50,0,0,"Meggen LU","Die Resultate dieser Gemeinde sind noch nicht bekannt.","https://thumb.wikimedia.org/wikipedia/commons/thumb/0/04/CHE_Meggen_COA.svg/960px-CHE_Meggen_COA.svg.png"
1064,50,0,0,"Meierskappel LU","Die Resultate dieser Gemeinde sind noch nicht bekannt.","https://thumb.wikimedia.org/wikipedia/commons/thumb/2/2f/CHE_Meierskappel_COA.svg/960px-CHE_Meierskappel_COA.svg.png"
1065,50,0,0,"Root LU","Die Resultate dieser Gemeinde sind noch nicht bekannt.","https://thumb.wikimedia.org/wikipedia/commons/thumb/d/df/CHE_Root_COA2.svg/500px-CHE_Root_COA2.svg.png"
1066,33,33,67,"Schwarzenberg LU","In Schwarzenberg ist die Neutralitätsinitiative mit 67 Prozent der Stimmen gescheitert.","https://thumb.wikimedia.org/wikipedia/commons/thumb/c/cb/Coat_of_arms_of_Schwarzenberg_LU.svg/960px-Coat_of_arms_of_Schwarzenberg_LU.svg.png"
1067,50,0,0,"Udligenswil LU","Die Resultate dieser Gemeinde sind noch nicht bekannt.","https://thumb.wikimedia.org/wikipedia/commons/thumb/a/a0/CHE_Udligenswil_COA.svg/960px-CHE_Udligenswil_COA.svg.png"
1068,36.5,36.5,63.5,"Vitznau LU","63,5 Prozent der Stimmbürgerinnen und Stimmbürger von Vitznau haben die Neutralitätsinitiative abgelehnt.","https://thumb.wikimedia.org/wikipedia/commons/thumb/8/86/CHE_Vitznau_COA.svg/960px-CHE_Vitznau_COA.svg.png"
1069,50,0,0,"Weggis LU","Die Resultate dieser Gemeinde sind noch nicht bekannt.","https://thumb.wikimedia.org/wikipedia/commons/thumb/c/cf/CHE_Weggis_COA.svg/960px-CHE_Weggis_COA.svg.png"
1081,50,0,0,"Beromünster LU","Die Resultate dieser Gemeinde sind noch nicht bekannt.","https://thumb.wikimedia.org/wikipedia/commons/thumb/4/45/CHE_Berom%C3%BCnster_COA.svg/960px-CHE_Berom%C3%BCnster_COA.svg.png"
1082,50,0,0,"Büron LU","Die Resultate dieser Gemeinde sind noch nicht bekannt.","https://thumb.wikimedia.org/wikipedia/commons/thumb/3/3d/CHE_B%C3%BCron_COA.svg/960px-CHE_B%C3%BCron_COA.svg.png"
1083,50,0,0,"Buttisholz LU","Die Resultate dieser Gemeinde sind noch nicht bekannt.","https://thumb.wikimedia.org/wikipedia/commons/thumb/d/dc/Coat_of_arms_of_Buttisholz.svg/500px-Coat_of_arms_of_Buttisholz.svg.png"
1084,50,0,0,"Eich LU","Die Resultate dieser Gemeinde sind noch nicht bekannt.","https://thumb.wikimedia.org/wikipedia/commons/thumb/d/d8/CHE_Eich_COA.svg/960px-CHE_Eich_COA.svg.png"
1085,50,0,0,"Geuensee LU","Die Resultate dieser Gemeinde sind noch nicht bekannt.","https://thumb.wikimedia.org/wikipedia/commons/thumb/7/73/CHE_Geuensee_COA.svg/250px-CHE_Geuensee_COA.svg.png"
1086,33.3,33.3,66.7,"Grosswangen LU","66,7 Prozent der Stimmbürgerinnen und Stimmbürger von Grosswangen sprechen sich gegen die Neutralitätsinitiative aus.","https://thumb.wikimedia.org/wikipedia/commons/thumb/d/d3/CHE_Grosswangen_COA.svg/960px-CHE_Grosswangen_COA.svg.png"
1088,50,0,0,"Hildisrieden LU","Die Resultate dieser Gemeinde sind noch nicht bekannt.","https://upload.wikimedia.org/wikipedia/commons/f/fd/Pic_Hildisrieden.png"
1089,27.6,27.6,72.4,"Knutwil LU","In Knutwil ist die Neutralitätsinitiative mit 72,4 Prozent der Stimmen gescheitert.","https://thumb.wikimedia.org/wikipedia/commons/thumb/3/33/Coat_of_arms_of_Knutwil.svg/960px-Coat_of_arms_of_Knutwil.svg.png"
1091,50,0,0,"Mauensee LU","Die Resultate dieser Gemeinde sind noch nicht bekannt.","https://thumb.wikimedia.org/wikipedia/commons/thumb/7/71/CHE_Mauensee_COA.svg/960px-CHE_Mauensee_COA.svg.png"
1093,30.5,30.5,69.5,"Neuenkirch LU","In Neuenkirch ist die Neutralitätsinitiative mit 69,5 Prozent der Stimmen gescheitert.","https://thumb.wikimedia.org/wikipedia/commons/thumb/d/d1/CHE_Neuenkirch_COA.svg/960px-CHE_Neuenkirch_COA.svg.png"
1094,50,0,0,"Nottwil LU","Die Resultate dieser Gemeinde sind noch nicht bekannt.","https://thumb.wikimedia.org/wikipedia/commons/thumb/4/44/Coat_of_arms_of_Nottwil.svg/960px-Coat_of_arms_of_Nottwil.svg.png"
1095,22.4,22.4,77.6,"Oberkirch LU","In Oberkirch ist die Neutralitätsinitiative mit 77,6 Prozent der Stimmen gescheitert.","https://thumb.wikimedia.org/wikipedia/commons/thumb/0/02/CHE_Oberkirch_COA.svg/960px-CHE_Oberkirch_COA.svg.png"
1097,50,0,0,"Rickenbach LU","Die Resultate dieser Gemeinde sind noch nicht bekannt.","https://thumb.wikimedia.org/wikipedia/commons/thumb/0/0f/CHE_Rickenbach_LU_COA.svg/500px-CHE_Rickenbach_LU_COA.svg.png"
1098,50,0,0,"Ruswil LU","Die Resultate dieser Gemeinde sind noch nicht bekannt.","https://upload.wikimedia.org/wikipedia/commons/5/5b/CHE_Ruswil_COA.png"
1099,27.6,27.6,72.4,"Schenkon LU","In Schenkon ist die Neutralitätsinitiative mit 72,4 Prozent der Stimmen gescheitert.","https://thumb.wikimedia.org/wikipedia/commons/thumb/f/f8/Coat_of_arms_of_Schenkon.svg/960px-Coat_of_arms_of_Schenkon.svg.png"
1100,29.9,29.9,70.1,"Schlierbach LU","70,1 Prozent der Stimmbürgerinnen und Stimmbürger von Schlierbach haben die Neutralitätsinitiative abgelehnt.","https://thumb.wikimedia.org/wikipedia/commons/thumb/8/8b/Coat_of_arms_of_Schlierbach_LU.svg/960px-Coat_of_arms_of_Schlierbach_LU.svg.png"
1102,50,0,0,"Sempach LU","Die Resultate dieser Gemeinde sind noch nicht bekannt.","https://upload.wikimedia.org/wikipedia/commons/a/a6/CHE_Sempach_COA.png"
1103,50,0,0,"Sursee LU","Die Resultate dieser Gemeinde sind noch nicht bekannt.","https://thumb.wikimedia.org/wikipedia/commons/thumb/e/e6/Coat_of_arms_of_Sursee.svg/960px-Coat_of_arms_of_Sursee.svg.png"
1104,50,0,0,"Triengen LU","Die Resultate dieser Gemeinde sind noch nicht bekannt.","https://thumb.wikimedia.org/wikipedia/commons/thumb/e/ea/CHE_Triengen_COA.svg/960px-CHE_Triengen_COA.svg.png"
1107,37,37,63,"Wolhusen LU","In Wolhusen ist die Neutralitätsinitiative mit 63 Prozent der Stimmen gescheitert.","https://thumb.wikimedia.org/wikipedia/commons/thumb/c/c1/CHE_Wolhusen_COA_03.svg/960px-CHE_Wolhusen_COA_03.svg.png"
1121,40.7,40.7,59.3,"Alberswil LU","59,3 Prozent der Stimmbürgerinnen und Stimmbürger von Alberswil haben die Neutralitätsinitiative abgelehnt.","https://thumb.wikimedia.org/wikipedia/commons/thumb/8/8b/Coat_of_arms_of_Alberswil.svg/960px-Coat_of_arms_of_Alberswil.svg.png"
1122,40.8,40.8,59.2,"Altbüron LU","In Altbüron ist die Neutralitätsinitiative mit 59,2 Prozent der Stimmen gescheitert.","https://thumb.wikimedia.org/wikipedia/commons/thumb/7/76/CHE_Altb%C3%BCron_COA.svg/960px-CHE_Altb%C3%BCron_COA.svg.png"
1123,50,0,0,"Altishofen LU","Die Resultate dieser Gemeinde sind noch nicht bekannt.","https://thumb.wikimedia.org/wikipedia/commons/thumb/f/f0/CHE_Altishofen_COA.svg/960px-CHE_Altishofen_COA.svg.png"
1125,33.5,33.5,66.5,"Dagmersellen LU","66,5 Prozent der Stimmbürgerinnen und Stimmbürger von Dagmersellen sprechen sich gegen die Neutralitätsinitiative aus.","https://thumb.wikimedia.org/wikipedia/commons/thumb/4/44/CHE_Dagmersellen_COA.svg/960px-CHE_Dagmersellen_COA.svg.png"
1127,50,0,0,"Egolzwil LU","Die Resultate dieser Gemeinde sind noch nicht bekannt.","https://thumb.wikimedia.org/wikipedia/commons/thumb/e/e8/CHE_Egolzwil_COA.svg/960px-CHE_Egolzwil_COA.svg.png"
1128,50,0,0,"Ettiswil LU","Die Resultate dieser Gemeinde sind noch nicht bekannt.","https://thumb.wikimedia.org/wikipedia/commons/thumb/f/fc/CHE_Ettiswil_COA.svg/250px-CHE_Ettiswil_COA.svg.png"
1129,54.8,54.8,45.2,"Fischbach LU","In Fischbach wird die Neutralitätsinitiative mit 54,8 Prozent angenommen.","https://thumb.wikimedia.org/wikipedia/commons/thumb/8/8e/CHE_Fischbach_LU_COA.svg/960px-CHE_Fischbach_LU_COA.svg.png"
1131,50,0,0,"Grossdietwil LU","Die Resultate dieser Gemeinde sind noch nicht bekannt.","https://thumb.wikimedia.org/wikipedia/commons/thumb/e/e1/CHE_Grossdietwil_COA.svg/960px-CHE_Grossdietwil_COA.svg.png"
1132,50,0,0,"Hergiswil bei Willisau LU","Die Resultate dieser Gemeinde sind noch nicht bekannt.","https://thumb.wikimedia.org/wikipedia/commons/thumb/b/b6/CHE_Hergiswil_bei_Willisau_COA.svg/960px-CHE_Hergiswil_bei_Willisau_COA.svg.png"
1135,50,0,0,"Luthern LU","Die Resultate dieser Gemeinde sind noch nicht bekannt.","https://thumb.wikimedia.org/wikipedia/commons/thumb/6/6f/CHE_Luthern_COA.svg/960px-CHE_Luthern_COA.svg.png"
1136,39.8,39.8,60.2,"Menznau LU","Nein zur Neutralitätsinitiative in Menznau: 60,2 Prozent.","https://thumb.wikimedia.org/wikipedia/commons/thumb/a/aa/Coat_of_arms_of_Menznau.svg/960px-Coat_of_arms_of_Menznau.svg.png"
1137,50,0,0,"Nebikon LU","Die Resultate dieser Gemeinde sind noch nicht bekannt.","https://upload.wikimedia.org/wikipedia/commons/6/6d/CHE_Nebikon_COA.png"
1139,37.6,37.6,62.4,"Pfaffnau LU","62,4 Prozent der Stimmbürgerinnen und Stimmbürger von Pfaffnau haben die Neutralitätsinitiative abgelehnt.","https://thumb.wikimedia.org/wikipedia/commons/thumb/0/09/CHE_Pfaffnau_COA.svg/960px-CHE_Pfaffnau_COA.svg.png"
1140,50,0,0,"Reiden LU","Die Resultate dieser Gemeinde sind noch nicht bekannt.","https://thumb.wikimedia.org/wikipedia/commons/thumb/7/7c/Wappen_Reiden.svg/960px-Wappen_Reiden.svg.png"
1142,40.5,40.5,59.5,"Roggliswil LU","Mit 59,5 Prozent wird die Neutralitätsinitiative in Roggliswil verworfen.","https://thumb.wikimedia.org/wikipedia/commons/thumb/6/68/Coat_of_arms_of_Roggliswil.svg/960px-Coat_of_arms_of_Roggliswil.svg.png"
1143,50,0,0,"Schötz LU","Die Resultate dieser Gemeinde sind noch nicht bekannt.","https://thumb.wikimedia.org/wikipedia/commons/thumb/9/95/Coat_of_arms_of_Sch%C3%B6tz.svg/960px-Coat_of_arms_of_Sch%C3%B6tz.svg.png"
1145,44.6,44.6,55.4,"Ufhusen LU","55,4 Prozent der Stimmbürgerinnen und Stimmbürger von Ufhusen haben die Neutralitätsinitiative abgelehnt.","https://thumb.wikimedia.org/wikipedia/commons/thumb/c/cd/Coat_of_arms_of_Ufhusen.svg/960px-Coat_of_arms_of_Ufhusen.svg.png"
1146,33.3,33.3,66.7,"Wauwil LU","66,7 Prozent der Stimmbürgerinnen und Stimmbürger von Wauwil sprechen sich gegen die Neutralitätsinitiative aus.","https://thumb.wikimedia.org/wikipedia/commons/thumb/4/46/CHE_Wauwil_COA.svg/960px-CHE_Wauwil_COA.svg.png"
1147,32.9,32.9,67.1,"Wikon LU","67,1 Prozent der Stimmbürgerinnen und Stimmbürger von Wikon sprechen sich gegen die Neutralitätsinitiative aus.","https://thumb.wikimedia.org/wikipedia/commons/thumb/f/fe/CHE_Wikon_COA.svg/960px-CHE_Wikon_COA.svg.png"
1150,39,39,61,"Zell LU","In Zell LU ist die Neutralitätsinitiative mit 61 Prozent der Stimmen gescheitert.","https://thumb.wikimedia.org/wikipedia/commons/thumb/7/75/CHE_Zell_LU_COA.svg/960px-CHE_Zell_LU_COA.svg.png"
1151,50,0,0,"Willisau LU","Die Resultate dieser Gemeinde sind noch nicht bekannt.","https://upload.wikimedia.org/wikipedia/commons/3/33/CHE_Willisau_COA.png"
1201,50,0,0,"Altdorf UR","Die Resultate dieser Gemeinde sind noch nicht bekannt.","https://thumb.wikimedia.org/wikipedia/commons/thumb/a/af/CHE_Altdorf_COA.svg/960px-CHE_Altdorf_COA.svg.png"
1202,50,0,0,"Andermatt UR","Die Resultate dieser Gemeinde sind noch nicht bekannt.","https://thumb.wikimedia.org/wikipedia/commons/thumb/f/fe/Andermatt-coat_of_arms.svg/500px-Andermatt-coat_of_arms.svg.png"
1203,50,0,0,"Attinghausen UR","Die Resultate dieser Gemeinde sind noch nicht bekannt.","https://thumb.wikimedia.org/wikipedia/commons/thumb/d/d1/CHE_Attinghausen_COA.svg/500px-CHE_Attinghausen_COA.svg.png"
1205,50,0,0,"Bürglen UR","Die Resultate dieser Gemeinde sind noch nicht bekannt.","https://thumb.wikimedia.org/wikipedia/commons/thumb/b/b9/Wappen_B%C3%BCrglen_UR.svg/500px-Wappen_B%C3%BCrglen_UR.svg.png"
1206,50,0,0,"Erstfeld UR","Die Resultate dieser Gemeinde sind noch nicht bekannt.","https://thumb.wikimedia.org/wikipedia/commons/thumb/2/27/CHE_Erstfeld_COA.svg/960px-CHE_Erstfeld_COA.svg.png"
1207,50,0,0,"Flüelen UR","Die Resultate dieser Gemeinde sind noch nicht bekannt.","https://thumb.wikimedia.org/wikipedia/commons/thumb/2/2e/Fl%C3%BCelen-coat_of_arms.svg/960px-Fl%C3%BCelen-coat_of_arms.svg.png"
1208,50,0,0,"Göschenen UR","Die Resultate dieser Gemeinde sind noch nicht bekannt.","https://thumb.wikimedia.org/wikipedia/commons/thumb/6/6f/G%C3%B6schenen-coat_of_arms.svg/500px-G%C3%B6schenen-coat_of_arms.svg.png"
1209,50,0,0,"Gurtnellen UR","Die Resultate dieser Gemeinde sind noch nicht bekannt.","https://thumb.wikimedia.org/wikipedia/commons/thumb/c/c5/Gurtnellen_Wappen.svg/960px-Gurtnellen_Wappen.svg.png"
1210,50,0,0,"Hospental UR","Die Resultate dieser Gemeinde sind noch nicht bekannt.","https://thumb.wikimedia.org/wikipedia/commons/thumb/2/21/Wappen_Hospental.svg/500px-Wappen_Hospental.svg.png"
1211,50,0,0,"Isenthal UR","Die Resultate dieser Gemeinde sind noch nicht bekannt.","https://thumb.wikimedia.org/wikipedia/commons/thumb/5/5c/Isenthal-coat_of_arms.svg/500px-Isenthal-coat_of_arms.svg.png"
1212,50,0,0,"Realp UR","Die Resultate dieser Gemeinde sind noch nicht bekannt.","https://thumb.wikimedia.org/wikipedia/commons/thumb/6/66/Realp-coat_of_arms.svg/500px-Realp-coat_of_arms.svg.png"
1213,50,0,0,"Schattdorf UR","Die Resultate dieser Gemeinde sind noch nicht bekannt.","https://thumb.wikimedia.org/wikipedia/commons/thumb/b/bb/Wappen_Schattdorf.svg/500px-Wappen_Schattdorf.svg.png"
1214,50,0,0,"Seedorf UR","Die Resultate dieser Gemeinde sind noch nicht bekannt.","https://thumb.wikimedia.org/wikipedia/commons/thumb/7/7e/CHE_Seedorf_UR_COA.svg/960px-CHE_Seedorf_UR_COA.svg.png"
1215,50,0,0,"Seelisberg UR","Die Resultate dieser Gemeinde sind noch nicht bekannt.","https://thumb.wikimedia.org/wikipedia/commons/thumb/9/90/Wappen_Seelisberg_UR.svg/500px-Wappen_Seelisberg_UR.svg.png"
1216,50,0,0,"Silenen UR","Die Resultate dieser Gemeinde sind noch nicht bekannt.","https://thumb.wikimedia.org/wikipedia/commons/thumb/a/a3/Wappen_Silenen.svg/500px-Wappen_Silenen.svg.png"
1217,50,0,0,"Sisikon UR","Die Resultate dieser Gemeinde sind noch nicht bekannt.","https://thumb.wikimedia.org/wikipedia/commons/thumb/4/46/Sisikon-coat_of_arms.svg/500px-Sisikon-coat_of_arms.svg.png"
1218,50,0,0,"Spiringen UR","Die Resultate dieser Gemeinde sind noch nicht bekannt.","https://thumb.wikimedia.org/wikipedia/commons/thumb/a/a0/CHE_Spiringen_COA.svg/960px-CHE_Spiringen_COA.svg.png"
1219,50,0,0,"Unterschächen UR","Die Resultate dieser Gemeinde sind noch nicht bekannt.","https://thumb.wikimedia.org/wikipedia/commons/thumb/5/53/CHE_Unterschaechen_COA.svg/500px-CHE_Unterschaechen_COA.svg.png"
1220,50,0,0,"Wassen UR","Die Resultate dieser Gemeinde sind noch nicht bekannt.","https://thumb.wikimedia.org/wikipedia/commons/thumb/e/e9/Wappen_Wassen.svg/500px-Wappen_Wassen.svg.png"
1301,44.6,44.6,55.4,"Einsiedeln SZ","55,4 Prozent der Stimmbürgerinnen und Stimmbürger von Einsiedeln sprechen sich gegen die Neutralitätsinitiative aus.","https://thumb.wikimedia.org/wikipedia/commons/thumb/5/56/Einsiedeln-coat_of_arms.svg/500px-Einsiedeln-coat_of_arms.svg.png"
1311,34.9,34.9,65.1,"Gersau SZ","65,1 Prozent der Stimmbürgerinnen und Stimmbürger von Gersau sprechen sich gegen die Neutralitätsinitiative aus.","https://thumb.wikimedia.org/wikipedia/commons/thumb/1/11/Wappen_Gersau.svg/250px-Wappen_Gersau.svg.png"
1321,42,42,58,"Feusisberg SZ","Mit 58 Prozent wird die Neutralitätsinitiative in Feusisberg verworfen.","https://thumb.wikimedia.org/wikipedia/commons/thumb/d/d2/Feusisberg-blazon.svg/250px-Feusisberg-blazon.svg.png"
1322,50,0,0,"Freienbach SZ","Die Resultate dieser Gemeinde sind noch nicht bekannt.","https://thumb.wikimedia.org/wikipedia/commons/thumb/3/34/CHE_Freienbach_SZ_COA.svg/960px-CHE_Freienbach_SZ_COA.svg.png"
1323,50,0,0,"Wollerau SZ","Die Resultate dieser Gemeinde sind noch nicht bekannt.","https://thumb.wikimedia.org/wikipedia/commons/thumb/9/90/CHE_Wollerau_COA.svg/250px-CHE_Wollerau_COA.svg.png"
1331,50,0,0,"Küssnacht SZ","Die Resultate dieser Gemeinde sind noch nicht bekannt.","https://thumb.wikimedia.org/wikipedia/commons/thumb/e/ea/CHE_K%C3%BCssnacht_COA.svg/500px-CHE_K%C3%BCssnacht_COA.svg.png"
1341,39.1,39.1,60.9,"Altendorf SZ","60,9 Prozent der Stimmbürgerinnen und Stimmbürger von Altendorf haben die Neutralitätsinitiative abgelehnt.","https://thumb.wikimedia.org/wikipedia/de/thumb/e/e3/Wappen_Altendorf_SZ.svg/960px-Wappen_Altendorf_SZ.svg.png"
1342,45.4,45.4,54.6,"Galgenen SZ","In Galgenen ist die Neutralitätsinitiative mit 54,6 Prozent der Stimmen gescheitert.","https://thumb.wikimedia.org/wikipedia/commons/thumb/9/99/CHE_Galgenen_COA.svg/500px-CHE_Galgenen_COA.svg.png"
1343,55,55,45,"Innerthal SZ","Mit 55 Ja- zu 45 Nein-Stimmen nimmt Innerthal die Neutralitätsinitiative an.","https://thumb.wikimedia.org/wikipedia/commons/thumb/1/1b/Innerthal-blazon.svg/250px-Innerthal-blazon.svg.png"
1344,50,0,0,"Lachen SZ","Die Resultate dieser Gemeinde sind noch nicht bekannt.","https://thumb.wikimedia.org/wikipedia/de/thumb/5/55/Wappen_Lachen_SZ.svg/500px-Wappen_Lachen_SZ.svg.png"
1345,36.2,36.2,63.8,"Reichenburg SZ","63,8 Prozent der Stimmbürgerinnen und Stimmbürger von Reichenburg haben die Neutralitätsinitiative abgelehnt.","https://thumb.wikimedia.org/wikipedia/de/thumb/0/02/Wappen_Reichenburg.svg/960px-Wappen_Reichenburg.svg.png"
1346,50,0,0,"Schübelbach SZ","Die Resultate dieser Gemeinde sind noch nicht bekannt.","https://thumb.wikimedia.org/wikipedia/de/thumb/b/bf/Wappen_Sch%C3%BCbelbach.svg/960px-Wappen_Sch%C3%BCbelbach.svg.png"
1347,50,0,0,"Tuggen SZ","Die Resultate dieser Gemeinde sind noch nicht bekannt.","https://upload.wikimedia.org/wikipedia/commons/c/cc/Wappen_tuggen.png"
1348,50,0,0,"Vorderthal SZ","Die Resultate dieser Gemeinde sind noch nicht bekannt.","https://thumb.wikimedia.org/wikipedia/commons/thumb/8/8a/CHE_Vorderthal_COA.svg/500px-CHE_Vorderthal_COA.svg.png"
1349,43.6,43.6,56.4,"Wangen SZ","56,4 Prozent der Stimmbürgerinnen und Stimmbürger von Wangen SZ haben die Neutralitätsinitiative abgelehnt.","https://thumb.wikimedia.org/wikipedia/commons/thumb/7/78/Wangen_SZ-blazon.svg/250px-Wangen_SZ-blazon.svg.png"
1361,50,0,0,"Alpthal SZ","Die Resultate dieser Gemeinde sind noch nicht bekannt.","https://thumb.wikimedia.org/wikipedia/commons/thumb/3/3b/CHE_Alpthal_COA.svg/250px-CHE_Alpthal_COA.svg.png"
1362,37.6,37.6,62.4,"Arth SZ","In Arth ist die Neutralitätsinitiative mit 62,4 Prozent der Stimmen gescheitert.","https://thumb.wikimedia.org/wikipedia/commons/thumb/e/e8/CHE_Arth_COA.svg/500px-CHE_Arth_COA.svg.png"
1363,68.2,68.2,31.8,"Illgau SZ","Illgau hat die Neutralitätsinitiative angenommen; der Ja-Stimmen-Anteil liegt bei 68,2 Prozent.","https://thumb.wikimedia.org/wikipedia/commons/thumb/6/6d/Illgau-blazon.svg/250px-Illgau-blazon.svg.png"
1364,50,0,0,"Ingenbohl SZ","Die Resultate dieser Gemeinde sind noch nicht bekannt.","https://thumb.wikimedia.org/wikipedia/commons/thumb/9/92/Ingenbohl-blazon.svg/250px-Ingenbohl-blazon.svg.png"
1365,52,52,48,"Lauerz SZ","Lauerz hat die Neutralitätsinitiative angenommen; der Ja-Stimmen-Anteil liegt bei 52 Prozent.","https://thumb.wikimedia.org/wikipedia/commons/thumb/a/aa/Lauerz-blazon.svg/250px-Lauerz-blazon.svg.png"
1366,46.7,46.7,53.3,"Morschach SZ","In Morschach ist die Neutralitätsinitiative mit 53,3 Prozent der Stimmen gescheitert.","https://thumb.wikimedia.org/wikipedia/commons/thumb/d/d5/Morschach-blazon.svg/250px-Morschach-blazon.svg.png"
1367,65.2,65.2,34.8,"Muotathal SZ","Mit 65,2 Prozent befürworten die Stimmberechtigten von Muotathal die Neutralitätsinitiative.","https://thumb.wikimedia.org/wikipedia/commons/thumb/3/35/Muotathal-blazon.svg/250px-Muotathal-blazon.svg.png"
1368,57.5,57.5,42.5,"Oberiberg SZ","In Oberiberg ist die Neutralitätsinitiative mit 57,5 Prozent der Stimmen angenommen worden.","https://thumb.wikimedia.org/wikipedia/commons/thumb/e/e9/Oberiberg-blazon.svg/250px-Oberiberg-blazon.svg.png"
1369,63.4,63.4,36.6,"Riemenstalden SZ","Die Neutralitätsinitiative wird in Riemenstalden mit 26 zu 15 Stimmen angenommen.","https://thumb.wikimedia.org/wikipedia/commons/thumb/e/eb/Riemenstalden-blazon.svg/250px-Riemenstalden-blazon.svg.png"
1370,63.5,63.5,36.5,"Rothenthurm SZ","Mit 63,5 Prozent befürworten die Stimmberechtigten von Rothenthurm die Neutralitätsinitiative.","https://thumb.wikimedia.org/wikipedia/commons/thumb/d/d3/CHE_Rothenthurm_COA.svg/500px-CHE_Rothenthurm_COA.svg.png"
1371,50,0,0,"Sattel SZ","Die Resultate dieser Gemeinde sind noch nicht bekannt.","https://thumb.wikimedia.org/wikipedia/commons/thumb/8/8e/Sattel-blazon.svg/250px-Sattel-blazon.svg.png"
1372,50,0,0,"Schwyz SZ","Die Resultate dieser Gemeinde sind noch nicht bekannt.","https://thumb.wikimedia.org/wikipedia/commons/thumb/1/12/CHE_Schwyz_SZ_COA.svg/500px-CHE_Schwyz_SZ_COA.svg.png"
1373,50,0,0,"Steinen SZ","Die Resultate dieser Gemeinde sind noch nicht bekannt.","https://thumb.wikimedia.org/wikipedia/commons/thumb/6/6f/Steinen_SZ-blazon.svg/250px-Steinen_SZ-blazon.svg.png"
1374,59.4,59.4,40.6,"Steinerberg SZ","Die Neutralitätsinitiative erreicht in Steinerberg 59,4 Prozent Ja-Stimmen.","https://thumb.wikimedia.org/wikipedia/commons/thumb/2/25/Steinerberg-blazon.svg/250px-Steinerberg-blazon.svg.png"
1375,73.9,73.9,26.1,"Unteriberg SZ","Unteriberg hat die Neutralitätsinitiative angenommen; der Ja-Stimmen-Anteil liegt bei 73,9 Prozent.","https://thumb.wikimedia.org/wikipedia/commons/thumb/1/16/Unteriberg-blazon.svg/250px-Unteriberg-blazon.svg.png"
1401,50,0,0,"Alpnach OW","Die Resultate dieser Gemeinde sind noch nicht bekannt.","https://thumb.wikimedia.org/wikipedia/commons/thumb/a/ab/CHE_Alpnach_COA.svg/960px-CHE_Alpnach_COA.svg.png"
1402,50,0,0,"Engelberg OW","Die Resultate dieser Gemeinde sind noch nicht bekannt.","https://thumb.wikimedia.org/wikipedia/commons/thumb/b/bb/CHE_Engelberg_COA.svg/960px-CHE_Engelberg_COA.svg.png"
1403,50,0,0,"Giswil OW","Die Resultate dieser Gemeinde sind noch nicht bekannt.","https://thumb.wikimedia.org/wikipedia/commons/thumb/1/1d/CHE_Giswil_COA.svg/960px-CHE_Giswil_COA.svg.png"
1404,50,0,0,"Kerns OW","Die Resultate dieser Gemeinde sind noch nicht bekannt.","https://thumb.wikimedia.org/wikipedia/commons/thumb/6/63/CHE_Kerns_COA.svg/500px-CHE_Kerns_COA.svg.png"
1405,50,0,0,"Lungern OW","Die Resultate dieser Gemeinde sind noch nicht bekannt.","https://thumb.wikimedia.org/wikipedia/commons/thumb/3/32/CHE_Lungern_COA.svg/500px-CHE_Lungern_COA.svg.png"
1406,50,0,0,"Sachseln OW","Die Resultate dieser Gemeinde sind noch nicht bekannt.","https://thumb.wikimedia.org/wikipedia/commons/thumb/0/02/CHE_Sachseln_COA.svg/960px-CHE_Sachseln_COA.svg.png"
1407,50,0,0,"Sarnen OW","Die Resultate dieser Gemeinde sind noch nicht bekannt.","https://thumb.wikimedia.org/wikipedia/commons/thumb/a/a6/CHE_Sarnen_COA.svg/960px-CHE_Sarnen_COA.svg.png"
1501,50,0,0,"Beckenried NW","Die Resultate dieser Gemeinde sind noch nicht bekannt.","https://thumb.wikimedia.org/wikipedia/commons/thumb/0/0d/CHE_Beckenried_COA.svg/960px-CHE_Beckenried_COA.svg.png"
1502,50,0,0,"Buochs NW","Die Resultate dieser Gemeinde sind noch nicht bekannt.","https://thumb.wikimedia.org/wikipedia/commons/thumb/8/8c/CHE_Buochs_COA.svg/960px-CHE_Buochs_COA.svg.png"
1503,50,0,0,"Dallenwil NW","Die Resultate dieser Gemeinde sind noch nicht bekannt.","https://thumb.wikimedia.org/wikipedia/commons/thumb/c/cc/CHE_Dallenwil_COA.svg/500px-CHE_Dallenwil_COA.svg.png"
1504,50,0,0,"Emmetten NW","Die Resultate dieser Gemeinde sind noch nicht bekannt.","https://thumb.wikimedia.org/wikipedia/commons/thumb/5/58/CHE_Emmetten_COA.svg/960px-CHE_Emmetten_COA.svg.png"
1505,50,0,0,"Ennetbürgen NW","Die Resultate dieser Gemeinde sind noch nicht bekannt.","https://thumb.wikimedia.org/wikipedia/commons/thumb/8/8e/CHE_Ennetburgen_COA.svg/960px-CHE_Ennetburgen_COA.svg.png"
1506,50,0,0,"Ennetmoos NW","Die Resultate dieser Gemeinde sind noch nicht bekannt.","https://thumb.wikimedia.org/wikipedia/commons/thumb/c/c2/CHE_Ennetmoos_COA.svg/960px-CHE_Ennetmoos_COA.svg.png"
1507,50,0,0,"Hergiswil NW","Die Resultate dieser Gemeinde sind noch nicht bekannt.","https://thumb.wikimedia.org/wikipedia/commons/thumb/c/cf/CHE_Hergiswil_COA.svg/960px-CHE_Hergiswil_COA.svg.png"
1508,50,0,0,"Oberdorf NW","Die Resultate dieser Gemeinde sind noch nicht bekannt.","https://thumb.wikimedia.org/wikipedia/commons/thumb/8/8c/CHE_Oberdorf_NW_COA.svg/960px-CHE_Oberdorf_NW_COA.svg.png"
1509,50,0,0,"Stans NW","Die Resultate dieser Gemeinde sind noch nicht bekannt.","https://thumb.wikimedia.org/wikipedia/commons/thumb/9/95/CHE_Stans_COA.svg/960px-CHE_Stans_COA.svg.png"
1510,50,0,0,"Stansstad NW","Die Resultate dieser Gemeinde sind noch nicht bekannt.","https://thumb.wikimedia.org/wikipedia/commons/thumb/4/47/CHE_Stansstad_COA.svg/960px-CHE_Stansstad_COA.svg.png"
1511,50,0,0,"Wolfenschiessen NW","Die Resultate dieser Gemeinde sind noch nicht bekannt.","https://thumb.wikimedia.org/wikipedia/commons/thumb/6/6b/CHE_Wolfenschiessen_COA.svg/960px-CHE_Wolfenschiessen_COA.svg.png"
1630,50,0,0,"Glarus Nord GL","Die Resultate dieser Gemeinde sind noch nicht bekannt.","https://thumb.wikimedia.org/wikipedia/commons/thumb/d/d5/CHE_Glarus_Nord_COA.svg/500px-CHE_Glarus_Nord_COA.svg.png"
1631,50,0,0,"Glarus Süd GL","Die Resultate dieser Gemeinde sind noch nicht bekannt.","https://thumb.wikimedia.org/wikipedia/commons/thumb/5/51/CHE_Glarus_S%C3%BCd_COA.svg/960px-CHE_Glarus_S%C3%BCd_COA.svg.png"
1632,50,0,0,"Glarus GL","Die Resultate dieser Gemeinde sind noch nicht bekannt.","https://thumb.wikimedia.org/wikipedia/commons/thumb/b/b6/CHE_Glarus_COA.svg/500px-CHE_Glarus_COA.svg.png"
1701,50,0,0,"Baar ZG","Die Resultate dieser Gemeinde sind noch nicht bekannt.","https://thumb.wikimedia.org/wikipedia/commons/thumb/a/a1/CHE_Baar_COA.svg/500px-CHE_Baar_COA.svg.png"
1702,50,0,0,"Cham ZG","Die Resultate dieser Gemeinde sind noch nicht bekannt.","https://thumb.wikimedia.org/wikipedia/commons/thumb/f/f9/CHE_Cham_ZG_COA.svg/500px-CHE_Cham_ZG_COA.svg.png"
1703,50,0,0,"Hünenberg ZG","Die Resultate dieser Gemeinde sind noch nicht bekannt.","https://thumb.wikimedia.org/wikipedia/commons/thumb/c/cd/CHE_H%C3%BCnenberg_COA.svg/500px-CHE_H%C3%BCnenberg_COA.svg.png"
1704,50,0,0,"Menzingen ZG","Die Resultate dieser Gemeinde sind noch nicht bekannt.","https://thumb.wikimedia.org/wikipedia/commons/thumb/a/a6/CHE_Menzingen_COA.svg/500px-CHE_Menzingen_COA.svg.png"
1705,50,0,0,"Neuheim ZG","Die Resultate dieser Gemeinde sind noch nicht bekannt.","https://thumb.wikimedia.org/wikipedia/commons/thumb/e/ee/CHE_Neuheim_COA.svg/500px-CHE_Neuheim_COA.svg.png"
1706,50,0,0,"Oberägeri ZG","Die Resultate dieser Gemeinde sind noch nicht bekannt.","https://thumb.wikimedia.org/wikipedia/commons/thumb/b/bb/Ober%C3%A4geri_Wappen.svg/330px-Ober%C3%A4geri_Wappen.svg.png"
1707,50,0,0,"Risch ZG","Die Resultate dieser Gemeinde sind noch nicht bekannt.","https://thumb.wikimedia.org/wikipedia/commons/thumb/5/56/Wappen_Risch_Rotkreuz.svg/500px-Wappen_Risch_Rotkreuz.svg.png"
1708,50,0,0,"Steinhausen ZG","Die Resultate dieser Gemeinde sind noch nicht bekannt.","https://thumb.wikimedia.org/wikipedia/commons/thumb/1/1f/Steinhausen_Wappen.svg/330px-Steinhausen_Wappen.svg.png"
1709,50,0,0,"Unterägeri ZG","Die Resultate dieser Gemeinde sind noch nicht bekannt.","https://thumb.wikimedia.org/wikipedia/commons/thumb/3/38/CHE_Unter%C3%A4geri_COA.svg/500px-CHE_Unter%C3%A4geri_COA.svg.png"
1710,50,0,0,"Walchwil ZG","Die Resultate dieser Gemeinde sind noch nicht bekannt.","https://thumb.wikimedia.org/wikipedia/commons/thumb/7/70/CHE_Walchwil_COA.svg/960px-CHE_Walchwil_COA.svg.png"
1711,50,0,0,"Zug ZG","Die Resultate dieser Gemeinde sind noch nicht bekannt.","https://thumb.wikimedia.org/wikipedia/commons/thumb/6/67/CHE_Zug_ZG_COA.svg/500px-CHE_Zug_ZG_COA.svg.png"
2008,28.4,28.4,71.6,"Châtillon FR","In Châtillon FR ist die Neutralitätsinitiative mit 71,6 Prozent der Stimmen gescheitert.","https://upload.wikimedia.org/wikipedia/commons/7/71/Ch%C3%A2tillon.png"
2011,50,0,0,"Cugy FR","Die Resultate dieser Gemeinde sind noch nicht bekannt.","https://thumb.wikimedia.org/wikipedia/commons/thumb/a/ad/CHE_Cugy_FR_COA.svg/960px-CHE_Cugy_FR_COA.svg.png"
2022,50,0,0,"Gletterens FR","Die Resultate dieser Gemeinde sind noch nicht bekannt.","https://thumb.wikimedia.org/wikipedia/commons/thumb/3/39/CHE_Gletterens_COA.svg/500px-CHE_Gletterens_COA.svg.png"
2025,50,0,0,"Lully FR","Die Resultate dieser Gemeinde sind noch nicht bekannt.","https://thumb.wikimedia.org/wikipedia/commons/thumb/1/11/CHE_Lully_FR_COA.svg/250px-CHE_Lully_FR_COA.svg.png"
2029,50,0,0,"Montagny FR","Die Resultate dieser Gemeinde sind noch nicht bekannt.","https://thumb.wikimedia.org/wikipedia/commons/thumb/5/5c/CHE_Montagny_COA.svg/960px-CHE_Montagny_COA.svg.png"
2035,27.7,27.7,72.3,"Nuvilly FR","72,3 Prozent der Stimmbürgerinnen und Stimmbürger von Nuvilly haben die Neutralitätsinitiative abgelehnt.","https://thumb.wikimedia.org/wikipedia/commons/thumb/6/63/CHE_Nuvilly_COA.svg/250px-CHE_Nuvilly_COA.svg.png"
2038,50,0,0,"Prévondavaux FR","Die Resultate dieser Gemeinde sind noch nicht bekannt.","https://thumb.wikimedia.org/wikipedia/commons/thumb/0/08/Pr%C3%A9vondavaux-coat_of_arms.svg/500px-Pr%C3%A9vondavaux-coat_of_arms.svg.png"
2041,50,0,0,"Saint-Aubin FR","Die Resultate dieser Gemeinde sind noch nicht bekannt.","https://thumb.wikimedia.org/wikipedia/commons/thumb/6/62/Saint-Aubin-coat_of_arms.svg/500px-Saint-Aubin-coat_of_arms.svg.png"
2043,50,0,0,"Sévaz FR","Die Resultate dieser Gemeinde sind noch nicht bekannt.","https://thumb.wikimedia.org/wikipedia/commons/thumb/7/77/CHE_S%C3%A9vaz_COA.svg/960px-CHE_S%C3%A9vaz_COA.svg.png"
2044,50,0,0,"Surpierre FR","Die Resultate dieser Gemeinde sind noch nicht bekannt.","https://thumb.wikimedia.org/wikipedia/commons/thumb/b/b4/CHE_Surpierre_COA.svg/500px-CHE_Surpierre_COA.svg.png"
2045,35.6,35.6,64.4,"Vallon FR","In Vallon ist die Neutralitätsinitiative mit 64,4 Prozent der Stimmen gescheitert.","https://thumb.wikimedia.org/wikipedia/commons/thumb/8/83/CHE_Vallon_COA.svg/500px-CHE_Vallon_COA.svg.png"
2050,34.2,34.2,65.8,"Les Montets FR","65,8 Prozent der Stimmbürgerinnen und Stimmbürger von Les Montets sprechen sich gegen die Neutralitätsinitiative aus.","https://thumb.wikimedia.org/wikipedia/commons/thumb/3/33/CHE_Les_Montets_COA.svg/250px-CHE_Les_Montets_COA.svg.png"
2051,34.5,34.5,65.5,"Delley-Portalban FR","65,5 Prozent der Stimmbürgerinnen und Stimmbürger von Delley-Portalban haben die Neutralitätsinitiative abgelehnt.","https://thumb.wikimedia.org/wikipedia/commons/thumb/6/68/CHE_Delley-Portalban_COA.svg/500px-CHE_Delley-Portalban_COA.svg.png"
2053,50,0,0,"Belmont-Broye FR","Die Resultate dieser Gemeinde sind noch nicht bekannt.","https://thumb.wikimedia.org/wikipedia/commons/thumb/7/7f/CHE_Belmont-Broye_COA.svg/500px-CHE_Belmont-Broye_COA.svg.png"
2054,50,0,0,"Estavayer FR","Die Resultate dieser Gemeinde sind noch nicht bekannt.","https://thumb.wikimedia.org/wikipedia/commons/thumb/9/94/CHE_Estavayer_COA.svg/250px-CHE_Estavayer_COA.svg.png"
2055,33.3,33.3,66.7,"Cheyres-Châbles FR","66,7 Prozent der Stimmbürgerinnen und Stimmbürger von Cheyres-Châbles sprechen sich gegen die Neutralitätsinitiative aus.","https://thumb.wikimedia.org/wikipedia/commons/thumb/b/bc/CHE_Cheyres-Ch%C3%A2bles_COA.svg/250px-CHE_Cheyres-Ch%C3%A2bles_COA.svg.png"
2056,35.7,35.7,64.3,"Fétigny-Ménières FR","In Fétigny-Ménières ist die Neutralitätsinitiative mit 64,3 Prozent der Stimmen gescheitert.","https://thumb.wikimedia.org/wikipedia/commons/thumb/6/67/CHE_F%C3%A9tigny-M%C3%A9ni%C3%A8res_COA.svg/500px-CHE_F%C3%A9tigny-M%C3%A9ni%C3%A8res_COA.svg.png"
2063,29.1,29.1,70.9,"Billens-Hennens FR","70,9 Prozent der Stimmbürgerinnen und Stimmbürger von Billens-Hennens haben die Neutralitätsinitiative abgelehnt.","https://thumb.wikimedia.org/wikipedia/commons/thumb/7/70/CHE_Billens-Hennens_COA.svg/250px-CHE_Billens-Hennens_COA.svg.png"
2067,52.9,52.9,47.1,"Le Châtelard FR","In Le Châtelard wird die Neutralitätsinitiative mit 52,9 Prozent angenommen.","https://thumb.wikimedia.org/wikipedia/commons/thumb/d/de/CHE_Le_Ch%C3%A2telard_FR_COA.svg/500px-CHE_Le_Ch%C3%A2telard_FR_COA.svg.png"
2068,50,0,0,"Châtonnaye FR","Die Resultate dieser Gemeinde sind noch nicht bekannt.","https://thumb.wikimedia.org/wikipedia/commons/thumb/7/72/Ch%C3%A2tonnaye-coat_of_arms.svg/500px-Ch%C3%A2tonnaye-coat_of_arms.svg.png"
2079,41.4,41.4,58.6,"Grangettes FR","Mit 34 Nein- zu 24 Ja-Stimmen lehnt Grangettes die Neutralitätsinitiative ab.","https://thumb.wikimedia.org/wikipedia/commons/thumb/2/29/Grangettes-coat_of_arms.svg/500px-Grangettes-coat_of_arms.svg.png"
2086,50,0,0,"Massonnens FR","Die Resultate dieser Gemeinde sind noch nicht bekannt.","https://thumb.wikimedia.org/wikipedia/commons/thumb/6/68/CHE_Massonnens_COA.svg/500px-CHE_Massonnens_COA.svg.png"
2087,50,0,0,"Mézières FR","Die Resultate dieser Gemeinde sind noch nicht bekannt.","https://thumb.wikimedia.org/wikipedia/commons/thumb/c/c2/M%C3%A9zi%C3%A8res_FR-2004-coat_of_arms.svg/500px-M%C3%A9zi%C3%A8res_FR-2004-coat_of_arms.svg.png"
2096,50,0,0,"Romont FR","Die Resultate dieser Gemeinde sind noch nicht bekannt.","https://thumb.wikimedia.org/wikipedia/commons/thumb/0/04/CHE_Romont_FR_COA.svg/500px-CHE_Romont_FR_COA.svg.png"
2097,50,0,0,"Rue FR","Die Resultate dieser Gemeinde sind noch nicht bekannt.","https://thumb.wikimedia.org/wikipedia/commons/thumb/9/90/CHE_Rue_COA.svg/500px-CHE_Rue_COA.svg.png"
2099,50,0,0,"Siviriez FR","Die Resultate dieser Gemeinde sind noch nicht bekannt.","https://thumb.wikimedia.org/wikipedia/commons/thumb/0/0b/CHE_Siviriez_COA.svg/960px-CHE_Siviriez_COA.svg.png"
2102,36.4,36.4,63.6,"Ursy FR","63,6 Prozent der Stimmbürgerinnen und Stimmbürger von Ursy haben die Neutralitätsinitiative abgelehnt.","https://thumb.wikimedia.org/wikipedia/commons/thumb/b/b0/CHE_Ursy_COA.svg/960px-CHE_Ursy_COA.svg.png"
2113,50,0,0,"Vuisternens-devant-Romont FR","Die Resultate dieser Gemeinde sind noch nicht bekannt.","https://thumb.wikimedia.org/wikipedia/commons/thumb/2/22/CHE_Vuisternens-devant-Romont_COA.svg/250px-CHE_Vuisternens-devant-Romont_COA.svg.png"
2114,40.1,40.1,59.9,"Villorsonnens FR","Nein zur Neutralitätsinitiative in Villorsonnens: 59,9 Prozent.","https://thumb.wikimedia.org/wikipedia/commons/thumb/9/92/CHE_Villorsonnens_COA.svg/500px-CHE_Villorsonnens_COA.svg.png"
2115,30.3,30.3,69.7,"Torny FR","69,7 Prozent der Stimmbürgerinnen und Stimmbürger von Torny haben die Neutralitätsinitiative abgelehnt.","https://thumb.wikimedia.org/wikipedia/commons/thumb/c/c6/Torny-coat_of_arms.svg/500px-Torny-coat_of_arms.svg.png"
2117,50,0,0,"Villaz FR","Die Resultate dieser Gemeinde sind noch nicht bekannt.","https://thumb.wikimedia.org/wikipedia/commons/thumb/1/11/CHE_Villaz_FR_COA.svg/500px-CHE_Villaz_FR_COA.svg.png"
2121,36.6,36.6,63.4,"Haut-Intyamon FR","63,4 Prozent der Stimmbürgerinnen und Stimmbürger von Haut-Intyamon haben die Neutralitätsinitiative abgelehnt.","https://thumb.wikimedia.org/wikipedia/commons/thumb/8/8c/Haut-Intyamon-coat_of_arms.svg/500px-Haut-Intyamon-coat_of_arms.svg.png"
2122,30.6,30.6,69.4,"Pont-en-Ogoz FR","In Pont-en-Ogoz ist die Neutralitätsinitiative mit 69,4 Prozent der Stimmen gescheitert.","https://thumb.wikimedia.org/wikipedia/commons/thumb/b/bf/Blason_ville_ch_Pont-en-Ogoz.svg/960px-Blason_ville_ch_Pont-en-Ogoz.svg.png"
2123,43,43,57,"Botterens FR","57 Prozent der Stimmbürgerinnen und Stimmbürger von Botterens haben die Neutralitätsinitiative abgelehnt.","https://thumb.wikimedia.org/wikipedia/commons/thumb/1/17/CHE_Botterens_COA.svg/960px-CHE_Botterens_COA.svg.png"
2124,50,0,0,"Broc FR","Die Resultate dieser Gemeinde sind noch nicht bekannt.","https://thumb.wikimedia.org/wikipedia/commons/thumb/c/c5/CHE_Broc_COA.svg/500px-CHE_Broc_COA.svg.png"
2125,50,0,0,"Bulle FR","Die Resultate dieser Gemeinde sind noch nicht bekannt.","https://thumb.wikimedia.org/wikipedia/commons/thumb/c/c0/CHE_Bulle_COA.svg/500px-CHE_Bulle_COA.svg.png"
2128,46.6,46.6,53.4,"Châtel-sur-Montsalvens FR","53,4 Prozent der Stimmbürgerinnen und Stimmbürger von Châtel-sur-Montsalvens sprechen sich gegen die Neutralitätsinitiative aus.","https://thumb.wikimedia.org/wikipedia/commons/thumb/2/2f/CHE_Ch%C3%A2tel-sur-Montsalvens_COA.svg/500px-CHE_Ch%C3%A2tel-sur-Montsalvens_COA.svg.png"
2129,41.5,41.5,58.5,"Corbières FR","In Corbières ist die Neutralitätsinitiative mit 58,5 Prozent der Stimmen gescheitert.","https://thumb.wikimedia.org/wikipedia/commons/thumb/d/d9/CHE_Corbi%C3%A8res_COA.svg/960px-CHE_Corbi%C3%A8res_COA.svg.png"
2130,37.7,37.7,62.3,"Crésuz FR","In Crésuz ist die Neutralitätsinitiative mit 62,3 Prozent der Stimmen gescheitert.","https://thumb.wikimedia.org/wikipedia/commons/thumb/1/12/Cr%C3%A9suz-coat_of_arms.svg/500px-Cr%C3%A9suz-coat_of_arms.svg.png"
2131,29.9,29.9,70.1,"Echarlens FR","Mit 70,1 Prozent wird die Neutralitätsinitiative in Echarlens verworfen.","https://thumb.wikimedia.org/wikipedia/commons/thumb/f/f9/CHE_Echarlens_COA.svg/960px-CHE_Echarlens_COA.svg.png"
2134,35.1,35.1,64.9,"Grandvillard FR","In Grandvillard ist die Neutralitätsinitiative mit 64,9 Prozent der Stimmen gescheitert.","https://thumb.wikimedia.org/wikipedia/commons/thumb/4/47/Grandvillard-coat_of_arms.svg/500px-Grandvillard-coat_of_arms.svg.png"
2135,50,0,0,"Greyerz FR","Die Resultate dieser Gemeinde sind noch nicht bekannt.","https://thumb.wikimedia.org/wikipedia/commons/thumb/5/52/CHE_Gruy%C3%A8res_COA.svg/500px-CHE_Gruy%C3%A8res_COA.svg.png"
2137,39.5,39.5,60.5,"Hauteville FR","In Hauteville ist die Neutralitätsinitiative mit 60,5 Prozent der Stimmen gescheitert.","https://thumb.wikimedia.org/wikipedia/commons/thumb/d/d2/Hauteville-coat_of_arms.svg/500px-Hauteville-coat_of_arms.svg.png"
2138,50,0,0,"Jaun FR","Die Resultate dieser Gemeinde sind noch nicht bekannt.","https://thumb.wikimedia.org/wikipedia/commons/thumb/5/55/Wappen_Jaun.svg/500px-Wappen_Jaun.svg.png"
2140,26.4,26.4,73.6,"Marsens FR","In Marsens ist die Neutralitätsinitiative mit 73,6 Prozent der Stimmen gescheitert.","https://thumb.wikimedia.org/wikipedia/commons/thumb/9/94/CHE_Marsens_COA.svg/250px-CHE_Marsens_COA.svg.png"
2143,23,23,77,"Morlon FR","77 Prozent der Stimmbürgerinnen und Stimmbürger von Morlon haben die Neutralitätsinitiative abgelehnt.","https://thumb.wikimedia.org/wikipedia/commons/thumb/0/00/Morlon-coat_of_arms.svg/500px-Morlon-coat_of_arms.svg.png"
2145,50,0,0,"Le Pâquier FR","Die Resultate dieser Gemeinde sind noch nicht bekannt.","https://thumb.wikimedia.org/wikipedia/commons/thumb/c/c7/CHE_Le_P%C3%A2quier_COA.svg/500px-CHE_Le_P%C3%A2quier_COA.svg.png"
2147,50,0,0,"Pont-la-Ville FR","Die Resultate dieser Gemeinde sind noch nicht bekannt.","https://thumb.wikimedia.org/wikipedia/commons/thumb/0/01/Wappen_Freiburg_matt.svg/500px-Wappen_Freiburg_matt.svg.png"
2148,31.2,31.2,68.8,"Riaz FR","In Riaz ist die Neutralitätsinitiative mit 68,8 Prozent der Stimmen gescheitert.","https://thumb.wikimedia.org/wikipedia/commons/thumb/f/f6/Riaz-coat_of_arms.svg/500px-Riaz-coat_of_arms.svg.png"
2149,50,0,0,"La Roche FR","Die Resultate dieser Gemeinde sind noch nicht bekannt.","https://thumb.wikimedia.org/wikipedia/commons/thumb/e/ef/La_Roche-coat_of_arms.svg/500px-La_Roche-coat_of_arms.svg.png"
2152,31,31,69,"Sâles FR","Mit 69 Prozent wird die Neutralitätsinitiative in Sâles verworfen.","https://upload.wikimedia.org/wikipedia/commons/3/39/S%C3%A2les_Blason.png"
2153,37.2,37.2,62.8,"Sorens FR","Nein zur Neutralitätsinitiative in Sorens: 62,8 Prozent.","https://thumb.wikimedia.org/wikipedia/commons/thumb/8/8e/Sorens-coat_of_arms.svg/500px-Sorens-coat_of_arms.svg.png"
2155,50,0,0,"Vaulruz FR","Die Resultate dieser Gemeinde sind noch nicht bekannt.","https://thumb.wikimedia.org/wikipedia/commons/thumb/a/ab/Vaulruz-coat_of_arms.svg/500px-Vaulruz-coat_of_arms.svg.png"
2160,28.2,28.2,71.8,"Vuadens FR","Mit 71,8 Prozent wird die Neutralitätsinitiative in Vuadens verworfen.","https://thumb.wikimedia.org/wikipedia/commons/thumb/0/0a/Vuadens-coat_of_arms.svg/500px-Vuadens-coat_of_arms.svg.png"
2162,35.5,35.5,64.5,"Bas-Intyamon FR","64,5 Prozent der Stimmbürgerinnen und Stimmbürger von Bas-Intyamon sprechen sich gegen die Neutralitätsinitiative aus.","https://thumb.wikimedia.org/wikipedia/commons/thumb/1/14/CHE_Bas-Intyamon_COA.svg/500px-CHE_Bas-Intyamon_COA.svg.png"
2163,38.5,38.5,61.5,"Val-de-Charmey FR","61,5 Prozent der Stimmbürgerinnen und Stimmbürger von Val-de-Charmey haben die Neutralitätsinitiative abgelehnt.","https://upload.wikimedia.org/wikipedia/commons/5/52/Val-de-Charmey_Blason.png"
2173,50,0,0,"Autigny FR","Die Resultate dieser Gemeinde sind noch nicht bekannt.","https://thumb.wikimedia.org/wikipedia/commons/thumb/a/ad/CHE_Autigny_COA.svg/960px-CHE_Autigny_COA.svg.png"
2174,50,0,0,"Avry FR","Die Resultate dieser Gemeinde sind noch nicht bekannt.","https://thumb.wikimedia.org/wikipedia/commons/thumb/1/11/CHE_Avry_COA.svg/500px-CHE_Avry_COA.svg.png"
2175,50,0,0,"Belfaux FR","Die Resultate dieser Gemeinde sind noch nicht bekannt.","https://thumb.wikimedia.org/wikipedia/commons/thumb/b/b2/CHE_Belfaux_COA.svg/500px-CHE_Belfaux_COA.svg.png"
2177,29.5,29.5,70.5,"Chénens FR","In Chénens ist die Neutralitätsinitiative mit 70,5 Prozent der Stimmen gescheitert.","https://thumb.wikimedia.org/wikipedia/commons/thumb/e/e2/CHE_Ch%C3%A9nens_COA.svg/960px-CHE_Ch%C3%A9nens_COA.svg.png"
2183,50,0,0,"Corminboeuf FR","Die Resultate dieser Gemeinde sind noch nicht bekannt.","https://thumb.wikimedia.org/wikipedia/commons/thumb/0/0f/CHE_Corminboeuf_COA.svg/500px-CHE_Corminboeuf_COA.svg.png"
2186,50,0,0,"Cottens FR","Die Resultate dieser Gemeinde sind noch nicht bekannt.","https://thumb.wikimedia.org/wikipedia/commons/thumb/f/fd/CHE_Cottens_FR_COA.svg/960px-CHE_Cottens_FR_COA.svg.png"
2194,46.5,46.5,53.5,"Ferpicloz FR","Ferpicloz verwirft die Neutralitätsinitiative mit 38 zu 33 Stimmen.","https://thumb.wikimedia.org/wikipedia/commons/thumb/1/1b/Ferpicloz-coat_of_arms.svg/500px-Ferpicloz-coat_of_arms.svg.png"
2196,50,0,0,"Freiburg FR","Die Resultate dieser Gemeinde sind noch nicht bekannt.","https://thumb.wikimedia.org/wikipedia/commons/thumb/3/34/CHE_District_de_la_Sarine_COA.svg/500px-CHE_District_de_la_Sarine_COA.svg.png"
2197,50,0,0,"Givisiez FR","Die Resultate dieser Gemeinde sind noch nicht bekannt.","https://thumb.wikimedia.org/wikipedia/commons/thumb/4/47/CHE_Givisiez_COA.svg/500px-CHE_Givisiez_COA.svg.png"
2198,31.5,31.5,68.5,"Granges-Paccot FR","Mit 68,5 Prozent wird die Neutralitätsinitiative in Granges-Paccot verworfen.","https://thumb.wikimedia.org/wikipedia/commons/thumb/0/01/Granges-Paccot-coat_of_arms.svg/500px-Granges-Paccot-coat_of_arms.svg.png"
2206,50,0,0,"Marly FR","Die Resultate dieser Gemeinde sind noch nicht bekannt.","https://thumb.wikimedia.org/wikipedia/commons/thumb/1/14/CHE_Marly_FR_COA.svg/960px-CHE_Marly_FR_COA.svg.png"
2208,50,0,0,"Matran FR","Die Resultate dieser Gemeinde sind noch nicht bekannt.","https://thumb.wikimedia.org/wikipedia/commons/thumb/d/d0/CHE_Matran_COA.svg/500px-CHE_Matran_COA.svg.png"
2211,50,0,0,"Neyruz FR","Die Resultate dieser Gemeinde sind noch nicht bekannt.","https://thumb.wikimedia.org/wikipedia/commons/thumb/9/9a/Neyruz-coat_of_arms.svg/500px-Neyruz-coat_of_arms.svg.png"
2216,35,35,65,"Pierrafortscha FR","Pierrafortscha verwirft die Neutralitätsinitiative mit 39 zu 21 Stimmen.","https://thumb.wikimedia.org/wikipedia/commons/thumb/9/9b/Pierrafortscha-coat_of_arms.svg/500px-Pierrafortscha-coat_of_arms.svg.png"
2220,50,0,0,"Le Mouret FR","Die Resultate dieser Gemeinde sind noch nicht bekannt.","https://upload.wikimedia.org/wikipedia/commons/c/ce/GW-FR-Le-Mouret.png"
2226,50,0,0,"Treyvaux FR","Die Resultate dieser Gemeinde sind noch nicht bekannt.","https://thumb.wikimedia.org/wikipedia/commons/thumb/0/0a/Treyvaux-coat_of_arms.svg/500px-Treyvaux-coat_of_arms.svg.png"
2228,50,0,0,"Villars-sur-Glâne FR","Die Resultate dieser Gemeinde sind noch nicht bekannt.","https://thumb.wikimedia.org/wikipedia/commons/thumb/f/f6/CHE_Villars-sur-Gl%C3%A2ne_COA.svg/500px-CHE_Villars-sur-Gl%C3%A2ne_COA.svg.png"
2230,50,0,0,"Villarsel-sur-Marly FR","Die Resultate dieser Gemeinde sind noch nicht bekannt.","https://thumb.wikimedia.org/wikipedia/commons/thumb/2/24/Villarsel-sur-Marly-coat_of_arms.svg/500px-Villarsel-sur-Marly-coat_of_arms.svg.png"
2233,50,0,0,"Hauterive FR","Die Resultate dieser Gemeinde sind noch nicht bekannt.","https://thumb.wikimedia.org/wikipedia/commons/thumb/b/b2/Hauterive-FR-coat_of_arms.svg/500px-Hauterive-FR-coat_of_arms.svg.png"
2234,50,0,0,"La Brillaz FR","Die Resultate dieser Gemeinde sind noch nicht bekannt.","https://thumb.wikimedia.org/wikipedia/commons/thumb/3/30/CHE_La_Brillaz_COA.svg/960px-CHE_La_Brillaz_COA.svg.png"
2235,29.8,29.8,70.2,"La Sonnaz FR","70,2 Prozent der Stimmbürgerinnen und Stimmbürger von La Sonnaz haben die Neutralitätsinitiative abgelehnt.","https://thumb.wikimedia.org/wikipedia/commons/thumb/e/e1/La_Sonnaz-coat_of_arms.svg/500px-La_Sonnaz-coat_of_arms.svg.png"
2236,50,0,0,"Gibloux FR","Die Resultate dieser Gemeinde sind noch nicht bekannt.","https://thumb.wikimedia.org/wikipedia/commons/thumb/5/56/CHE_Gibloux_COA.svg/500px-CHE_Gibloux_COA.svg.png"
2237,25.1,25.1,74.9,"Prez FR","74,9 Prozent der Stimmbürgerinnen und Stimmbürger von Prez sprechen sich gegen die Neutralitätsinitiative aus.","https://thumb.wikimedia.org/wikipedia/commons/thumb/a/a1/CHE_Prez_COA.svg/500px-CHE_Prez_COA.svg.png"
2238,50,0,0,"Bois-d'Amont FR","Die Resultate dieser Gemeinde sind noch nicht bekannt.","https://thumb.wikimedia.org/wikipedia/commons/thumb/5/55/Bois-d%E2%80%99Amont-blazon.svg/250px-Bois-d%E2%80%99Amont-blazon.svg.png"
2239,50,0,0,"Grolley-Ponthaux FR","Die Resultate dieser Gemeinde sind noch nicht bekannt.","https://thumb.wikimedia.org/wikipedia/commons/thumb/9/97/CHE_Grolley-Ponthaux_COA.svg/960px-CHE_Grolley-Ponthaux_COA.svg.png"
2250,50,0,0,"Gurwolf FR","Die Resultate dieser Gemeinde sind noch nicht bekannt.","https://thumb.wikimedia.org/wikipedia/commons/thumb/e/e5/CHE_Courgevaux_FR_COA.svg/500px-CHE_Courgevaux_FR_COA.svg.png"
2254,50,0,0,"Courtepin FR","Die Resultate dieser Gemeinde sind noch nicht bekannt.","https://thumb.wikimedia.org/wikipedia/commons/thumb/f/f1/Courtepin2-coat_of_arms.svg/960px-Courtepin2-coat_of_arms.svg.png"
2257,25.7,25.7,74.3,"Cressier FR","In Cressier FR ist die Neutralitätsinitiative mit 74,3 Prozent der Stimmen gescheitert.","https://thumb.wikimedia.org/wikipedia/commons/thumb/1/17/CHE_Cressier_FR_COA.svg/500px-CHE_Cressier_FR_COA.svg.png"
2258,50,0,0,"Fräschels FR","Die Resultate dieser Gemeinde sind noch nicht bekannt.","https://thumb.wikimedia.org/wikipedia/commons/thumb/7/74/CHE_Fr%C3%A4schels_COA.svg/500px-CHE_Fr%C3%A4schels_COA.svg.png"
2261,26.5,26.5,73.5,"Greng FR","Greng verwirft die Neutralitätsinitiative mit 61 zu 22 Stimmen.","https://thumb.wikimedia.org/wikipedia/commons/thumb/4/4e/Wappen_Greng.svg/500px-Wappen_Greng.svg.png"
2262,50,0,0,"Gurmels FR","Die Resultate dieser Gemeinde sind noch nicht bekannt.","https://thumb.wikimedia.org/wikipedia/commons/thumb/1/16/Gurmels-coat_of_arms.svg/500px-Gurmels-coat_of_arms.svg.png"
2265,50,0,0,"Kerzers FR","Die Resultate dieser Gemeinde sind noch nicht bekannt.","https://thumb.wikimedia.org/wikipedia/commons/thumb/6/62/CHE_Kerzers_COA.svg/960px-CHE_Kerzers_COA.svg.png"
2266,26.3,26.3,73.7,"Kleinbösingen FR","73,7 Prozent der Stimmbürgerinnen und Stimmbürger von Kleinbösingen haben die Neutralitätsinitiative abgelehnt.","https://thumb.wikimedia.org/wikipedia/commons/thumb/1/1f/Kleinb%C3%B6singen-coat_of_arms.svg/500px-Kleinb%C3%B6singen-coat_of_arms.svg.png"
2271,50,0,0,"Merlach FR","Die Resultate dieser Gemeinde sind noch nicht bekannt.","https://thumb.wikimedia.org/wikipedia/commons/thumb/4/40/CHE_Meyriez_COA.svg/960px-CHE_Meyriez_COA.svg.png"
2272,50,0,0,"Misery-Courtion FR","Die Resultate dieser Gemeinde sind noch nicht bekannt.","https://thumb.wikimedia.org/wikipedia/commons/thumb/d/d1/Misery-Courtion-coat_of_arms.svg/500px-Misery-Courtion-coat_of_arms.svg.png"
2274,50,0,0,"Muntelier FR","Die Resultate dieser Gemeinde sind noch nicht bekannt.","https://thumb.wikimedia.org/wikipedia/commons/thumb/9/9c/Muntelier-coat_of_arms.svg/500px-Muntelier-coat_of_arms.svg.png"
2275,50,0,0,"Murten FR","Die Resultate dieser Gemeinde sind noch nicht bekannt.","https://thumb.wikimedia.org/wikipedia/commons/thumb/e/e9/CHE_Murten_FR_COA.svg/500px-CHE_Murten_FR_COA.svg.png"
2276,50,0,0,"Ried bei Kerzers FR","Die Resultate dieser Gemeinde sind noch nicht bekannt.","https://thumb.wikimedia.org/wikipedia/commons/thumb/1/17/CHE_Ried_bei_Kerzers_COA.svg/500px-CHE_Ried_bei_Kerzers_COA.svg.png"
2284,50,0,0,"Mont-Vully FR","Die Resultate dieser Gemeinde sind noch nicht bekannt.","https://thumb.wikimedia.org/wikipedia/commons/thumb/f/fd/CHE_Mont-Vully_COA.svg/500px-CHE_Mont-Vully_COA.svg.png"
2292,50,0,0,"Brünisried FR","Die Resultate dieser Gemeinde sind noch nicht bekannt.","https://thumb.wikimedia.org/wikipedia/commons/thumb/5/54/CHE_Br%C3%BCnisried_COA.svg/960px-CHE_Br%C3%BCnisried_COA.svg.png"
2293,50,0,0,"Düdingen FR","Die Resultate dieser Gemeinde sind noch nicht bekannt.","https://thumb.wikimedia.org/wikipedia/commons/thumb/8/8f/CHE_D%C3%BCdingen_COA.svg/960px-CHE_D%C3%BCdingen_COA.svg.png"
2294,30.2,30.2,69.8,"Giffers FR","69,8 Prozent der Stimmbürgerinnen und Stimmbürger von Giffers sprechen sich gegen die Neutralitätsinitiative aus.","https://thumb.wikimedia.org/wikipedia/commons/thumb/c/ca/CHE_Giffers_COA_Var.svg/500px-CHE_Giffers_COA_Var.svg.png"
2295,22.9,22.9,77.1,"Bösingen FR","77,1 Prozent der Stimmbürgerinnen und Stimmbürger von Bösingen haben die Neutralitätsinitiative abgelehnt.","https://thumb.wikimedia.org/wikipedia/commons/thumb/f/fc/CHE_B%C3%B6singen_COA.svg/960px-CHE_B%C3%B6singen_COA.svg.png"
2296,26,26,74,"Heitenried FR","Mit 74 Prozent wird die Neutralitätsinitiative in Heitenried verworfen.","https://thumb.wikimedia.org/wikipedia/commons/thumb/d/d4/CHE_Heitenried_COA.svg/500px-CHE_Heitenried_COA.svg.png"
2299,50,0,0,"Plaffeien FR","Die Resultate dieser Gemeinde sind noch nicht bekannt.","https://thumb.wikimedia.org/wikipedia/commons/thumb/5/55/CHE_Plaffeien_COA.svg/250px-CHE_Plaffeien_COA.svg.png"
2300,35.4,35.4,64.6,"Plasselb FR","In Plasselb ist die Neutralitätsinitiative mit 64,6 Prozent der Stimmen gescheitert.","https://thumb.wikimedia.org/wikipedia/commons/thumb/a/aa/CHE_Plasselb_COA_02.svg/500px-CHE_Plasselb_COA_02.svg.png"
2301,34.2,34.2,65.8,"Rechthalten FR","65,8 Prozent der Stimmbürgerinnen und Stimmbürger von Rechthalten sprechen sich gegen die Neutralitätsinitiative aus.","https://thumb.wikimedia.org/wikipedia/commons/thumb/b/b4/CHE_Rechthalten_COA.svg/960px-CHE_Rechthalten_COA.svg.png"
2303,50,0,0,"St. Silvester FR","Die Resultate dieser Gemeinde sind noch nicht bekannt.","https://thumb.wikimedia.org/wikipedia/commons/thumb/a/a7/St._Silvester-coat_of_arms.svg/500px-St._Silvester-coat_of_arms.svg.png"
2304,27.8,27.8,72.2,"St. Ursen FR","In St. Ursen ist die Neutralitätsinitiative mit 72,2 Prozent der Stimmen gescheitert.","https://thumb.wikimedia.org/wikipedia/commons/thumb/9/94/St._Ursen-coat_of_arms.svg/500px-St._Ursen-coat_of_arms.svg.png"
2305,50,0,0,"Schmitten FR","Die Resultate dieser Gemeinde sind noch nicht bekannt.","https://thumb.wikimedia.org/wikipedia/commons/thumb/4/4d/CHE_Schmitten_FR_COA.svg/500px-CHE_Schmitten_FR_COA.svg.png"
2306,50,0,0,"Tafers FR","Die Resultate dieser Gemeinde sind noch nicht bekannt.","https://thumb.wikimedia.org/wikipedia/commons/thumb/1/16/CHE_Tafers_COA.svg/500px-CHE_Tafers_COA.svg.png"
2307,31,31,69,"Tentlingen FR","In Tentlingen ist die Neutralitätsinitiative mit 69 Prozent der Stimmen gescheitert.","https://thumb.wikimedia.org/wikipedia/commons/thumb/2/28/Tentlingen-coat_of_arms.svg/500px-Tentlingen-coat_of_arms.svg.png"
2308,26.5,26.5,73.5,"Ueberstorf FR","Mit 73,5 Prozent wird die Neutralitätsinitiative in Ueberstorf verworfen.","https://thumb.wikimedia.org/wikipedia/commons/thumb/2/20/Ueberstorf-blason.png/500px-Ueberstorf-blason.png"
2309,24.8,24.8,75.2,"Wünnewil-Flamatt FR","In Wünnewil-Flamatt ist die Neutralitätsinitiative mit 75,2 Prozent der Stimmen gescheitert.","https://thumb.wikimedia.org/wikipedia/commons/thumb/c/c0/CHE_W%C3%BCnnewil-Flamatt_COA.svg/960px-CHE_W%C3%BCnnewil-Flamatt_COA.svg.png"
2321,50,0,0,"Attalens FR","Die Resultate dieser Gemeinde sind noch nicht bekannt.","https://thumb.wikimedia.org/wikipedia/commons/thumb/f/ff/CHE_Attalens_COA.svg/500px-CHE_Attalens_COA.svg.png"
2323,50,0,0,"Bossonnens FR","Die Resultate dieser Gemeinde sind noch nicht bekannt.","https://thumb.wikimedia.org/wikipedia/commons/thumb/9/96/CHE_Bossonnens_COA.svg/250px-CHE_Bossonnens_COA.svg.png"
2325,50,0,0,"Châtel-Saint-Denis FR","Die Resultate dieser Gemeinde sind noch nicht bekannt.","https://thumb.wikimedia.org/wikipedia/commons/thumb/f/fb/CHE_Ch%C3%A2tel-Saint-Denis_COA.svg/500px-CHE_Ch%C3%A2tel-Saint-Denis_COA.svg.png"
2328,50,0,0,"Granges (Veveyse) FR","Die Resultate dieser Gemeinde sind noch nicht bekannt.","https://thumb.wikimedia.org/wikipedia/commons/thumb/8/8b/Granges-coat_of_arms.svg/500px-Granges-coat_of_arms.svg.png"
2333,50,0,0,"Remaufens FR","Die Resultate dieser Gemeinde sind noch nicht bekannt.","https://thumb.wikimedia.org/wikipedia/commons/thumb/1/15/CHE_Remaufens_COA.svg/500px-CHE_Remaufens_COA.svg.png"
2335,37.6,37.6,62.4,"Saint-Martin FR","In Saint-Martin FR ist die Neutralitätsinitiative mit 62,4 Prozent der Stimmen gescheitert.","https://upload.wikimedia.org/wikipedia/commons/b/b6/Besencens-Wappen.png"
2336,35,35,65,"Semsales FR","Nein zur Neutralitätsinitiative in Semsales: 65 Prozent.","https://thumb.wikimedia.org/wikipedia/commons/thumb/e/e8/CHE_Semsales_COA.svg/960px-CHE_Semsales_COA.svg.png"
2337,50,0,0,"Le Flon FR","Die Resultate dieser Gemeinde sind noch nicht bekannt.","https://thumb.wikimedia.org/wikipedia/commons/thumb/9/9e/Le_Flon-coat_of_arms.svg/500px-Le_Flon-coat_of_arms.svg.png"
2338,35,35,65,"La Verrerie FR","In La Verrerie ist die Neutralitätsinitiative mit 65 Prozent der Stimmen gescheitert.","https://thumb.wikimedia.org/wikipedia/commons/thumb/7/71/La_Verrerie-coat_of_arms.svg/500px-La_Verrerie-coat_of_arms.svg.png"
2401,50,0,0,"Egerkingen SO","Die Resultate dieser Gemeinde sind noch nicht bekannt.","https://thumb.wikimedia.org/wikipedia/commons/thumb/f/f7/Egerkingen-blazon.svg/250px-Egerkingen-blazon.svg.png"
2402,50,0,0,"Härkingen SO","Die Resultate dieser Gemeinde sind noch nicht bekannt.","https://thumb.wikimedia.org/wikipedia/commons/thumb/7/7f/CHE_H%C3%A4rkingen_COA.svg/960px-CHE_H%C3%A4rkingen_COA.svg.png"
2403,50,0,0,"Kestenholz SO","Die Resultate dieser Gemeinde sind noch nicht bekannt.","https://thumb.wikimedia.org/wikipedia/commons/thumb/b/b0/CHE_Kestenholz_COA.svg/960px-CHE_Kestenholz_COA.svg.png"
2404,50,0,0,"Neuendorf SO","Die Resultate dieser Gemeinde sind noch nicht bekannt.","https://thumb.wikimedia.org/wikipedia/commons/thumb/d/d8/Neuendorf_SO-blazon.svg/250px-Neuendorf_SO-blazon.svg.png"
2405,50,0,0,"Niederbuchsiten SO","Die Resultate dieser Gemeinde sind noch nicht bekannt.","https://thumb.wikimedia.org/wikipedia/commons/thumb/4/41/Niederbuchsiten-blazon.svg/250px-Niederbuchsiten-blazon.svg.png"
2406,50,0,0,"Oberbuchsiten SO","Die Resultate dieser Gemeinde sind noch nicht bekannt.","https://thumb.wikimedia.org/wikipedia/commons/thumb/b/b8/Oberbuchsiten-blazon.svg/250px-Oberbuchsiten-blazon.svg.png"
2407,50,0,0,"Oensingen SO","Die Resultate dieser Gemeinde sind noch nicht bekannt.","https://thumb.wikimedia.org/wikipedia/commons/thumb/f/fc/Oensingen-blazon.svg/250px-Oensingen-blazon.svg.png"
2408,50,0,0,"Wolfwil SO","Die Resultate dieser Gemeinde sind noch nicht bekannt.","https://thumb.wikimedia.org/wikipedia/commons/thumb/8/8d/Wolfwil-blason.svg/960px-Wolfwil-blason.svg.png"
2421,50,0,0,"Aedermannsdorf SO","Die Resultate dieser Gemeinde sind noch nicht bekannt.","https://thumb.wikimedia.org/wikipedia/commons/thumb/2/28/Aedermannsdorf-blazon.svg/250px-Aedermannsdorf-blazon.svg.png"
2422,50,0,0,"Balsthal SO","Die Resultate dieser Gemeinde sind noch nicht bekannt.","https://thumb.wikimedia.org/wikipedia/commons/thumb/c/c7/Balsthal-blazon.svg/250px-Balsthal-blazon.svg.png"
2424,50,0,0,"Herbetswil SO","Die Resultate dieser Gemeinde sind noch nicht bekannt.","https://thumb.wikimedia.org/wikipedia/commons/thumb/e/e8/Herbetswil-blazon.svg/250px-Herbetswil-blazon.svg.png"
2425,50,0,0,"Holderbank SO","Die Resultate dieser Gemeinde sind noch nicht bekannt.","https://thumb.wikimedia.org/wikipedia/commons/thumb/b/b2/CHE_Holderbank_SO_CHE.svg/500px-CHE_Holderbank_SO_CHE.svg.png"
2426,50,0,0,"Laupersdorf SO","Die Resultate dieser Gemeinde sind noch nicht bekannt.","https://thumb.wikimedia.org/wikipedia/commons/thumb/b/b1/Laupersdorf-blazon.svg/250px-Laupersdorf-blazon.svg.png"
2427,50,0,0,"Matzendorf SO","Die Resultate dieser Gemeinde sind noch nicht bekannt.","https://thumb.wikimedia.org/wikipedia/commons/thumb/4/44/Matzendorf-blazon.svg/250px-Matzendorf-blazon.svg.png"
2428,50,0,0,"Mümliswil-Ramiswil SO","Die Resultate dieser Gemeinde sind noch nicht bekannt.","https://thumb.wikimedia.org/wikipedia/commons/thumb/2/2c/M%C3%BCmliswilRamiswil-blazon.svg/250px-M%C3%BCmliswilRamiswil-blazon.svg.png"
2430,50,0,0,"Welschenrohr-Gänsbrunnen SO","Die Resultate dieser Gemeinde sind noch nicht bekannt.","https://thumb.wikimedia.org/wikipedia/commons/thumb/b/b6/Welschenrohr-blazon.svg/250px-Welschenrohr-blazon.svg.png"
2445,50,0,0,"Biezwil SO","Die Resultate dieser Gemeinde sind noch nicht bekannt.","https://thumb.wikimedia.org/wikipedia/commons/thumb/a/a6/Biezwil-blazon.svg/250px-Biezwil-blazon.svg.png"
2455,50,0,0,"Lüterkofen-Ichertswil SO","Die Resultate dieser Gemeinde sind noch nicht bekannt.","https://upload.wikimedia.org/wikipedia/commons/3/3f/Lueterkofen-blason.png"
2457,50,0,0,"Messen SO","Die Resultate dieser Gemeinde sind noch nicht bekannt.","https://thumb.wikimedia.org/wikipedia/commons/thumb/9/97/Messen-blazon.svg/250px-Messen-blazon.svg.png"
2461,50,0,0,"Schnottwil SO","Die Resultate dieser Gemeinde sind noch nicht bekannt.","https://upload.wikimedia.org/wikipedia/commons/4/46/Schnottwil-blason.png"
2463,50,0,0,"Unterramsern SO","Die Resultate dieser Gemeinde sind noch nicht bekannt.","https://thumb.wikimedia.org/wikipedia/commons/thumb/f/f9/Unterramsern-blazon.svg/250px-Unterramsern-blazon.svg.png"
2464,50,0,0,"Lüsslingen-Nennigkofen SO","Die Resultate dieser Gemeinde sind noch nicht bekannt.","https://upload.wikimedia.org/wikipedia/de/6/63/GW-SO-Luesslingen-Nennigkofen.png"
2465,50,0,0,"Buchegg SO","Die Resultate dieser Gemeinde sind noch nicht bekannt.","https://thumb.wikimedia.org/wikipedia/commons/thumb/6/65/Buchegg-blazon.svg/250px-Buchegg-blazon.svg.png"
2471,50,0,0,"Bättwil SO","Die Resultate dieser Gemeinde sind noch nicht bekannt.","https://thumb.wikimedia.org/wikipedia/commons/thumb/d/d1/B%C3%A4ttwil-blazon.svg/250px-B%C3%A4ttwil-blazon.svg.png"
2472,50,0,0,"Büren SO","Die Resultate dieser Gemeinde sind noch nicht bekannt.","https://thumb.wikimedia.org/wikipedia/commons/thumb/5/53/B%C3%BCren_SO-blazon.svg/250px-B%C3%BCren_SO-blazon.svg.png"
2473,50,0,0,"Dornach SO","Die Resultate dieser Gemeinde sind noch nicht bekannt.","https://thumb.wikimedia.org/wikipedia/commons/thumb/6/69/CHE_Dornach_SO_COA.svg/250px-CHE_Dornach_SO_COA.svg.png"
2474,50,0,0,"Gempen SO","Die Resultate dieser Gemeinde sind noch nicht bekannt.","https://upload.wikimedia.org/wikipedia/commons/6/6b/Gempen-blason.png"
2475,50,0,0,"Hochwald SO","Die Resultate dieser Gemeinde sind noch nicht bekannt.","https://upload.wikimedia.org/wikipedia/commons/9/90/Hochwald-blason.png"
2476,50,0,0,"Hofstetten-Flüh SO","Die Resultate dieser Gemeinde sind noch nicht bekannt.","https://thumb.wikimedia.org/wikipedia/commons/thumb/6/6e/HofstettenFl%C3%BCh-blazon.svg/250px-HofstettenFl%C3%BCh-blazon.svg.png"
2477,50,0,0,"Metzerlen-Mariastein SO","Die Resultate dieser Gemeinde sind noch nicht bekannt.","https://thumb.wikimedia.org/wikipedia/commons/thumb/d/de/Coat_of_arms_of_Metzerlen-Mariastein.svg/250px-Coat_of_arms_of_Metzerlen-Mariastein.svg.png"
2478,50,0,0,"Nuglar-St. Pantaleon SO","Die Resultate dieser Gemeinde sind noch nicht bekannt.","https://thumb.wikimedia.org/wikipedia/commons/thumb/5/55/CHE_Nuglar-St._Pantaleon_COA.svg/500px-CHE_Nuglar-St._Pantaleon_COA.svg.png"
2479,50,0,0,"Rodersdorf SO","Die Resultate dieser Gemeinde sind noch nicht bekannt.","https://upload.wikimedia.org/wikipedia/commons/0/0d/Rodersdorf-blason.png"
2480,50,0,0,"Seewen SO","Die Resultate dieser Gemeinde sind noch nicht bekannt.","https://thumb.wikimedia.org/wikipedia/commons/thumb/8/82/CHE_Seewen_SO_COA.svg/960px-CHE_Seewen_SO_COA.svg.png"
2481,50,0,0,"Witterswil SO","Die Resultate dieser Gemeinde sind noch nicht bekannt.","https://upload.wikimedia.org/wikipedia/commons/5/59/Witterswil-blason.png"
2491,50,0,0,"Hauenstein-Ifenthal SO","Die Resultate dieser Gemeinde sind noch nicht bekannt.","https://upload.wikimedia.org/wikipedia/commons/c/c3/Hauenstein-Ifenthal-blason.png"
2492,50,0,0,"Kienberg SO","Die Resultate dieser Gemeinde sind noch nicht bekannt.","https://thumb.wikimedia.org/wikipedia/commons/thumb/6/61/Coat_of_arms_of_Kienberg_SO.svg/500px-Coat_of_arms_of_Kienberg_SO.svg.png"
2493,50,0,0,"Lostorf SO","Die Resultate dieser Gemeinde sind noch nicht bekannt.","https://upload.wikimedia.org/wikipedia/commons/b/bd/Lostorf-blason.png"
2495,50,0,0,"Niedergösgen SO","Die Resultate dieser Gemeinde sind noch nicht bekannt.","https://thumb.wikimedia.org/wikipedia/commons/thumb/c/ce/CHE_Niederg%C3%B6sgen_COA.svg/500px-CHE_Niederg%C3%B6sgen_COA.svg.png"
2497,50,0,0,"Obergösgen SO","Die Resultate dieser Gemeinde sind noch nicht bekannt.","https://upload.wikimedia.org/wikipedia/commons/1/15/Obergoesgen-blason.png"
2499,50,0,0,"Stüsslingen SO","Die Resultate dieser Gemeinde sind noch nicht bekannt.","https://thumb.wikimedia.org/wikipedia/commons/thumb/6/6a/CHE_St%C3%BCsslingen_COA.svg/960px-CHE_St%C3%BCsslingen_COA.svg.png"
2500,50,0,0,"Trimbach SO","Die Resultate dieser Gemeinde sind noch nicht bekannt.","https://upload.wikimedia.org/wikipedia/commons/a/a4/Trimbach-blason.png"
2501,50,0,0,"Winznau SO","Die Resultate dieser Gemeinde sind noch nicht bekannt.","https://thumb.wikimedia.org/wikipedia/commons/thumb/9/90/Winznau-blazon.svg/250px-Winznau-blazon.svg.png"
2502,50,0,0,"Wisen SO","Die Resultate dieser Gemeinde sind noch nicht bekannt.","https://upload.wikimedia.org/wikipedia/commons/0/0f/Wisen-blason.png"
2503,50,0,0,"Erlinsbach SO","Die Resultate dieser Gemeinde sind noch nicht bekannt.","https://thumb.wikimedia.org/wikipedia/commons/thumb/2/28/Erlinsbach_SO-blazon.svg/250px-Erlinsbach_SO-blazon.svg.png"
2511,50,0,0,"Aeschi SO","Die Resultate dieser Gemeinde sind noch nicht bekannt.","https://thumb.wikimedia.org/wikipedia/commons/thumb/6/6b/Aeschi_SO-blazon.svg/250px-Aeschi_SO-blazon.svg.png"
2513,50,0,0,"Biberist SO","Die Resultate dieser Gemeinde sind noch nicht bekannt.","https://thumb.wikimedia.org/wikipedia/commons/thumb/b/b0/Biberist-blazon.svg/250px-Biberist-blazon.svg.png"
2514,50,0,0,"Bolken SO","Die Resultate dieser Gemeinde sind noch nicht bekannt.","https://thumb.wikimedia.org/wikipedia/commons/thumb/4/43/Bolken-blazon.svg/960px-Bolken-blazon.svg.png"
2516,50,0,0,"Deitingen SO","Die Resultate dieser Gemeinde sind noch nicht bekannt.","https://upload.wikimedia.org/wikipedia/commons/9/94/Deitingen-blason.png"
2517,50,0,0,"Derendingen SO","Die Resultate dieser Gemeinde sind noch nicht bekannt.","https://thumb.wikimedia.org/wikipedia/commons/thumb/3/31/Derendingen-blazon.svg/250px-Derendingen-blazon.svg.png"
2518,50,0,0,"Etziken SO","Die Resultate dieser Gemeinde sind noch nicht bekannt.","https://upload.wikimedia.org/wikipedia/commons/f/fe/Etziken-blason.png"
2519,50,0,0,"Gerlafingen SO","Die Resultate dieser Gemeinde sind noch nicht bekannt.","https://thumb.wikimedia.org/wikipedia/commons/thumb/b/b4/CHE_Gerlafingen_COA.svg/500px-CHE_Gerlafingen_COA.svg.png"
2523,50,0,0,"Horriwil SO","Die Resultate dieser Gemeinde sind noch nicht bekannt.","https://upload.wikimedia.org/wikipedia/commons/1/14/Horriwil-blason.png"
2524,50,0,0,"Hüniken SO","Die Resultate dieser Gemeinde sind noch nicht bekannt.","https://thumb.wikimedia.org/wikipedia/commons/thumb/f/fd/H%C3%BCniken-blazon.svg/250px-H%C3%BCniken-blazon.svg.png"
2525,50,0,0,"Kriegstetten SO","Die Resultate dieser Gemeinde sind noch nicht bekannt.","https://thumb.wikimedia.org/wikipedia/commons/thumb/8/8e/CHE_Kriegstetten_SO_COA.svg/500px-CHE_Kriegstetten_SO_COA.svg.png"
2526,50,0,0,"Lohn-Ammannsegg SO","Die Resultate dieser Gemeinde sind noch nicht bekannt.","https://thumb.wikimedia.org/wikipedia/commons/thumb/5/51/CHE_Lohn-Ammannsegg_COA.svg/960px-CHE_Lohn-Ammannsegg_COA.svg.png"
2527,50,0,0,"Luterbach SO","Die Resultate dieser Gemeinde sind noch nicht bekannt.","https://upload.wikimedia.org/wikipedia/commons/3/36/Luterbach-blason.png"
2528,50,0,0,"Obergerlafingen SO","Die Resultate dieser Gemeinde sind noch nicht bekannt.","https://thumb.wikimedia.org/wikipedia/commons/thumb/8/8d/CHE_Obergerlafingen_COA.svg/960px-CHE_Obergerlafingen_COA.svg.png"
2530,50,0,0,"Recherswil SO","Die Resultate dieser Gemeinde sind noch nicht bekannt.","https://thumb.wikimedia.org/wikipedia/commons/thumb/b/be/CHE_Recherswil_COA.svg/960px-CHE_Recherswil_COA.svg.png"
2532,50,0,0,"Subingen SO","Die Resultate dieser Gemeinde sind noch nicht bekannt.","https://upload.wikimedia.org/wikipedia/commons/8/8c/Subingen-blason.png"
2534,50,0,0,"Zuchwil SO","Die Resultate dieser Gemeinde sind noch nicht bekannt.","https://thumb.wikimedia.org/wikipedia/commons/thumb/5/55/Zuchwil-blazon.svg/250px-Zuchwil-blazon.svg.png"
2535,50,0,0,"Drei Höfe SO","Die Resultate dieser Gemeinde sind noch nicht bekannt.","https://thumb.wikimedia.org/wikipedia/commons/thumb/2/25/DreiH%C3%B6fe-blazon.svg/250px-DreiH%C3%B6fe-blazon.svg.png"
2541,50,0,0,"Balm bei Günsberg SO","Die Resultate dieser Gemeinde sind noch nicht bekannt.","https://thumb.wikimedia.org/wikipedia/commons/thumb/0/09/BalmBeiG%C3%BCnsberg-blazon.svg/250px-BalmBeiG%C3%BCnsberg-blazon.svg.png"
2542,50,0,0,"Bellach SO","Die Resultate dieser Gemeinde sind noch nicht bekannt.","https://upload.wikimedia.org/wikipedia/commons/7/75/Bellach-blason.png"
2543,50,0,0,"Bettlach SO","Die Resultate dieser Gemeinde sind noch nicht bekannt.","https://thumb.wikimedia.org/wikipedia/commons/thumb/4/44/Bettlach-blazon.svg/250px-Bettlach-blazon.svg.png"
2544,50,0,0,"Feldbrunnen-St. Niklaus SO","Die Resultate dieser Gemeinde sind noch nicht bekannt.","https://upload.wikimedia.org/wikipedia/commons/8/83/Feldbrunnen-StNiklaus-blason.png"
2545,50,0,0,"Flumenthal SO","Die Resultate dieser Gemeinde sind noch nicht bekannt.","https://upload.wikimedia.org/wikipedia/commons/c/cd/Flumenthal-blason.png"
2546,50,0,0,"Grenchen SO","Die Resultate dieser Gemeinde sind noch nicht bekannt.","https://thumb.wikimedia.org/wikipedia/commons/thumb/8/80/Grenchen-blazon.svg/250px-Grenchen-blazon.svg.png"
2547,50,0,0,"Günsberg SO","Die Resultate dieser Gemeinde sind noch nicht bekannt.","https://thumb.wikimedia.org/wikipedia/commons/thumb/c/c0/CHE_G%C3%BCnsberg_COA.svg/500px-CHE_G%C3%BCnsberg_COA.svg.png"
2548,50,0,0,"Hubersdorf SO","Die Resultate dieser Gemeinde sind noch nicht bekannt.","https://upload.wikimedia.org/wikipedia/commons/9/9a/Hubersdorf-blason.png"
2549,50,0,0,"Kammersrohr SO","Die Resultate dieser Gemeinde sind noch nicht bekannt.","https://thumb.wikimedia.org/wikipedia/commons/thumb/4/4a/Kammersrohr-blason.svg/500px-Kammersrohr-blason.svg.png"
2550,50,0,0,"Langendorf SO","Die Resultate dieser Gemeinde sind noch nicht bekannt.","https://upload.wikimedia.org/wikipedia/commons/b/ba/Langendorf-blason.png"
2551,50,0,0,"Lommiswil SO","Die Resultate dieser Gemeinde sind noch nicht bekannt.","https://thumb.wikimedia.org/wikipedia/commons/thumb/f/f2/Lommiswil-blazon.svg/250px-Lommiswil-blazon.svg.png"
2553,50,0,0,"Oberdorf SO","Die Resultate dieser Gemeinde sind noch nicht bekannt.","https://upload.wikimedia.org/wikipedia/commons/9/97/Oberdorf-blason.png"
2554,50,0,0,"Riedholz SO","Die Resultate dieser Gemeinde sind noch nicht bekannt.","https://upload.wikimedia.org/wikipedia/commons/7/7f/Riedholz-blason.png"
2555,50,0,0,"Rüttenen SO","Die Resultate dieser Gemeinde sind noch nicht bekannt.","https://upload.wikimedia.org/wikipedia/commons/e/ea/Ruettenen-blason.png"
2556,50,0,0,"Selzach SO","Die Resultate dieser Gemeinde sind noch nicht bekannt.","https://thumb.wikimedia.org/wikipedia/commons/thumb/2/2a/CHE_Selzach_COA.svg/960px-CHE_Selzach_COA.svg.png"
2571,50,0,0,"Boningen SO","Die Resultate dieser Gemeinde sind noch nicht bekannt.","https://thumb.wikimedia.org/wikipedia/commons/thumb/0/02/Boningen-blazon.svg/250px-Boningen-blazon.svg.png"
2572,50,0,0,"Däniken SO","Die Resultate dieser Gemeinde sind noch nicht bekannt.","https://upload.wikimedia.org/wikipedia/commons/f/f9/Daeniken-blason.png"
2573,50,0,0,"Dulliken SO","Die Resultate dieser Gemeinde sind noch nicht bekannt.","https://upload.wikimedia.org/wikipedia/commons/d/da/Dulliken-blason.png"
2574,50,0,0,"Eppenberg-Wöschnau SO","Die Resultate dieser Gemeinde sind noch nicht bekannt.","https://thumb.wikimedia.org/wikipedia/commons/thumb/a/a0/EppenbergW%C3%B6schnau-blazon.svg/250px-EppenbergW%C3%B6schnau-blazon.svg.png"
2575,50,0,0,"Fulenbach SO","Die Resultate dieser Gemeinde sind noch nicht bekannt.","https://upload.wikimedia.org/wikipedia/commons/4/4c/Fulenbach-blason.png"
2576,50,0,0,"Gretzenbach SO","Die Resultate dieser Gemeinde sind noch nicht bekannt.","https://upload.wikimedia.org/wikipedia/commons/c/c1/Gretzenbach-blason.png"
2578,50,0,0,"Gunzgen SO","Die Resultate dieser Gemeinde sind noch nicht bekannt.","https://upload.wikimedia.org/wikipedia/commons/0/01/Gunzgen-blason.png"
2579,50,0,0,"Hägendorf SO","Die Resultate dieser Gemeinde sind noch nicht bekannt.","https://thumb.wikimedia.org/wikipedia/commons/thumb/5/51/H%C3%A4gendorf-blazon.svg/250px-H%C3%A4gendorf-blazon.svg.png"
2580,50,0,0,"Kappel SO","Die Resultate dieser Gemeinde sind noch nicht bekannt.","https://thumb.wikimedia.org/wikipedia/commons/thumb/6/60/CHE_Kappel_SO_COA.svg/500px-CHE_Kappel_SO_COA.svg.png"
2581,50,0,0,"Olten SO","Die Resultate dieser Gemeinde sind noch nicht bekannt.","https://thumb.wikimedia.org/wikipedia/commons/thumb/3/3d/Olten-blason.svg/500px-Olten-blason.svg.png"
2582,50,0,0,"Rickenbach SO","Die Resultate dieser Gemeinde sind noch nicht bekannt.","https://upload.wikimedia.org/wikipedia/commons/7/79/Rickenbach-blason.png"
2583,50,0,0,"Schönenwerd SO","Die Resultate dieser Gemeinde sind noch nicht bekannt.","https://thumb.wikimedia.org/wikipedia/commons/thumb/1/12/CHE_Sch%C3%B6nenwerd_COA.svg/250px-CHE_Sch%C3%B6nenwerd_COA.svg.png"
2584,50,0,0,"Starrkirch-Wil SO","Die Resultate dieser Gemeinde sind noch nicht bekannt.","https://upload.wikimedia.org/wikipedia/commons/2/28/Starrkirch-Wil-blason.png"
2585,50,0,0,"Walterswil SO","Die Resultate dieser Gemeinde sind noch nicht bekannt.","https://thumb.wikimedia.org/wikipedia/commons/thumb/c/cf/CHE_Walterswil_SO_COA.svg/120px-CHE_Walterswil_SO_COA.svg.png"
2586,50,0,0,"Wangen bei Olten SO","Die Resultate dieser Gemeinde sind noch nicht bekannt.","https://upload.wikimedia.org/wikipedia/commons/1/13/Wangen_bO-blason.png"
2601,50,0,0,"Solothurn SO","Die Resultate dieser Gemeinde sind noch nicht bekannt.","https://thumb.wikimedia.org/wikipedia/commons/thumb/b/b7/Wappen_Solothurn_matt.svg/500px-Wappen_Solothurn_matt.svg.png"
2611,50,0,0,"Bärschwil SO","Die Resultate dieser Gemeinde sind noch nicht bekannt.","https://thumb.wikimedia.org/wikipedia/commons/thumb/f/fd/B%C3%A4rschwil-blazon.svg/250px-B%C3%A4rschwil-blazon.svg.png"
2612,50,0,0,"Beinwil SO","Die Resultate dieser Gemeinde sind noch nicht bekannt.","https://thumb.wikimedia.org/wikipedia/commons/thumb/a/a2/Beinwil_SO-blazon.svg/250px-Beinwil_SO-blazon.svg.png"
2613,50,0,0,"Breitenbach SO","Die Resultate dieser Gemeinde sind noch nicht bekannt.","https://thumb.wikimedia.org/wikipedia/commons/thumb/e/e4/Breitenbach_SO-blazon.svg/250px-Breitenbach_SO-blazon.svg.png"
2614,50,0,0,"Büsserach SO","Die Resultate dieser Gemeinde sind noch nicht bekannt.","https://thumb.wikimedia.org/wikipedia/commons/thumb/d/d0/B%C3%BCsserach-blazon.svg/250px-B%C3%BCsserach-blazon.svg.png"
2615,50,0,0,"Erschwil SO","Die Resultate dieser Gemeinde sind noch nicht bekannt.","https://upload.wikimedia.org/wikipedia/commons/d/d6/Erschwil-blason.png"
2616,50,0,0,"Fehren SO","Die Resultate dieser Gemeinde sind noch nicht bekannt.","https://upload.wikimedia.org/wikipedia/commons/1/1e/Fehren-blason.png"
2617,50,0,0,"Grindel SO","Die Resultate dieser Gemeinde sind noch nicht bekannt.","https://thumb.wikimedia.org/wikipedia/commons/thumb/5/56/Grindel-blazon.svg/250px-Grindel-blazon.svg.png"
2618,50,0,0,"Himmelried SO","Die Resultate dieser Gemeinde sind noch nicht bekannt.","https://thumb.wikimedia.org/wikipedia/commons/thumb/0/08/CHE_Himmelried_COA.svg/960px-CHE_Himmelried_COA.svg.png"
2619,50,0,0,"Kleinlützel SO","Die Resultate dieser Gemeinde sind noch nicht bekannt.","https://thumb.wikimedia.org/wikipedia/commons/thumb/5/58/CHE_Kleinl%C3%BCtzel_COA.svg/500px-CHE_Kleinl%C3%BCtzel_COA.svg.png"
2620,50,0,0,"Meltingen SO","Die Resultate dieser Gemeinde sind noch nicht bekannt.","https://upload.wikimedia.org/wikipedia/commons/1/11/Meltingen-blason.png"
2621,50,0,0,"Nunningen SO","Die Resultate dieser Gemeinde sind noch nicht bekannt.","https://upload.wikimedia.org/wikipedia/commons/0/0d/Nunningen-blason.png"
2622,50,0,0,"Zullwil SO","Die Resultate dieser Gemeinde sind noch nicht bekannt.","https://thumb.wikimedia.org/wikipedia/commons/thumb/8/86/Zullwil-blazon.svg/250px-Zullwil-blazon.svg.png"
2701,50,0,0,"Basel BS","Die Resultate dieser Gemeinde sind noch nicht bekannt.","https://thumb.wikimedia.org/wikipedia/commons/thumb/7/7d/Wappen_Basel-Stadt_matt.svg/960px-Wappen_Basel-Stadt_matt.svg.png"
2702,50,0,0,"Bettingen BS","Die Resultate dieser Gemeinde sind noch nicht bekannt.","https://thumb.wikimedia.org/wikipedia/commons/thumb/b/bb/CHE_Bettingen_BS_COA.svg/500px-CHE_Bettingen_BS_COA.svg.png"
2703,50,0,0,"Riehen BS","Die Resultate dieser Gemeinde sind noch nicht bekannt.","https://thumb.wikimedia.org/wikipedia/commons/thumb/a/aa/CHE_Riehen_COA.svg/500px-CHE_Riehen_COA.svg.png"
2761,26.9,26.9,73.1,"Aesch BL","In Aesch BL ist die Neutralitätsinitiative mit 73,1 Prozent der Stimmen gescheitert.","https://thumb.wikimedia.org/wikipedia/commons/thumb/3/32/CHE_Aesch_BL_COA.svg/960px-CHE_Aesch_BL_COA.svg.png"
2762,21.7,21.7,78.3,"Allschwil BL","In Allschwil ist die Neutralitätsinitiative mit 78,3 Prozent der Stimmen gescheitert.","https://thumb.wikimedia.org/wikipedia/commons/thumb/3/3c/CHE_Allschwil_COA.svg/960px-CHE_Allschwil_COA.svg.png"
2763,21.8,21.8,78.2,"Arlesheim BL","Mit 78,2 Prozent wird die Neutralitätsinitiative in Arlesheim verworfen.","https://thumb.wikimedia.org/wikipedia/commons/thumb/d/db/CHE_Arlesheim_COA.svg/960px-CHE_Arlesheim_COA.svg.png"
2764,23.7,23.7,76.3,"Biel-Benken BL","76,3 Prozent der Stimmbürgerinnen und Stimmbürger von Biel-Benken sprechen sich gegen die Neutralitätsinitiative aus.","https://thumb.wikimedia.org/wikipedia/commons/thumb/d/d0/CHE_Biel-Benken_COA.svg/960px-CHE_Biel-Benken_COA.svg.png"
2765,20.7,20.7,79.3,"Binningen BL","Mit 79,3 Prozent wird die Neutralitätsinitiative in Binningen verworfen.","https://thumb.wikimedia.org/wikipedia/commons/thumb/5/56/CHE_Binningen_COA.svg/500px-CHE_Binningen_COA.svg.png"
2766,24.9,24.9,75.1,"Birsfelden BL","In Birsfelden ist die Neutralitätsinitiative mit 75,1 Prozent der Stimmen gescheitert.","https://thumb.wikimedia.org/wikipedia/commons/thumb/8/8d/Coat_of_arms_of_Birsfelden.svg/960px-Coat_of_arms_of_Birsfelden.svg.png"
2767,50,0,0,"Bottmingen BL","Die Resultate dieser Gemeinde sind noch nicht bekannt.","https://thumb.wikimedia.org/wikipedia/commons/thumb/b/bd/CHE_Bottmingen_COA.svg/960px-CHE_Bottmingen_COA.svg.png"
2768,50,0,0,"Ettingen BL","Die Resultate dieser Gemeinde sind noch nicht bekannt.","https://thumb.wikimedia.org/wikipedia/commons/thumb/8/87/Coat_of_arms_of_Ettingen.svg/960px-Coat_of_arms_of_Ettingen.svg.png"
2769,21.4,21.4,78.6,"Münchenstein BL","Mit 78,6 Prozent wird die Neutralitätsinitiative in Münchenstein verworfen.","https://thumb.wikimedia.org/wikipedia/commons/thumb/7/7d/CHE_M%C3%BCnchenstein_COA.svg/500px-CHE_M%C3%BCnchenstein_COA.svg.png"
2770,50,0,0,"Muttenz BL","Die Resultate dieser Gemeinde sind noch nicht bekannt.","https://upload.wikimedia.org/wikipedia/commons/6/67/Wappen_Muttenz.png"
2771,50,0,0,"Oberwil BL","Die Resultate dieser Gemeinde sind noch nicht bekannt.","https://thumb.wikimedia.org/wikipedia/commons/thumb/2/2a/CHE_Oberwil_BL_COA.svg/960px-CHE_Oberwil_BL_COA.svg.png"
2772,50,0,0,"Pfeffingen BL","Die Resultate dieser Gemeinde sind noch nicht bekannt.","https://thumb.wikimedia.org/wikipedia/commons/thumb/0/07/Coat_of_arms_of_Pfeffingen_BL.svg/960px-Coat_of_arms_of_Pfeffingen_BL.svg.png"
2773,23.4,23.4,76.6,"Reinach BL","76,6 Prozent der Stimmbürgerinnen und Stimmbürger von Reinach BL haben die Neutralitätsinitiative abgelehnt.","https://thumb.wikimedia.org/wikipedia/commons/thumb/a/af/CHE_Reinach_BL_COA.svg/960px-CHE_Reinach_BL_COA.svg.png"
2774,50,0,0,"Schönenbuch BL","Die Resultate dieser Gemeinde sind noch nicht bekannt.","https://thumb.wikimedia.org/wikipedia/commons/thumb/6/6b/CHE_Sch%C3%B6nenbuch_COA.svg/500px-CHE_Sch%C3%B6nenbuch_COA.svg.png"
2775,50,0,0,"Therwil BL","Die Resultate dieser Gemeinde sind noch nicht bekannt.","https://thumb.wikimedia.org/wikipedia/commons/thumb/4/4a/Coat_of_arms_of_Therwil.svg/960px-Coat_of_arms_of_Therwil.svg.png"
2781,32.3,32.3,67.7,"Blauen BL","Mit 67,7 Prozent wird die Neutralitätsinitiative in Blauen verworfen.","https://thumb.wikimedia.org/wikipedia/commons/thumb/8/87/Coat_of_arms_of_Blauen_BL.svg/960px-Coat_of_arms_of_Blauen_BL.svg.png"
2782,43.4,43.4,56.6,"Brislach BL","Nein zur Neutralitätsinitiative in Brislach: 56,6 Prozent.","https://thumb.wikimedia.org/wikipedia/commons/thumb/0/02/Coat_of_arms_of_Brislach.svg/960px-Coat_of_arms_of_Brislach.svg.png"
2783,50,0,0,"Burg im Leimental BL","Die Resultate dieser Gemeinde sind noch nicht bekannt.","https://thumb.wikimedia.org/wikipedia/commons/thumb/4/4e/Coat_of_arms_of_Burg_im_Leimental.svg/960px-Coat_of_arms_of_Burg_im_Leimental.svg.png"
2784,50,0,0,"Dittingen BL","Die Resultate dieser Gemeinde sind noch nicht bekannt.","https://upload.wikimedia.org/wikipedia/commons/0/0b/Wappen_Dittingen.png"
2785,50,0,0,"Duggingen BL","Die Resultate dieser Gemeinde sind noch nicht bekannt.","https://upload.wikimedia.org/wikipedia/commons/8/81/Wappen_Duggingen.png"
2786,50,0,0,"Grellingen BL","Die Resultate dieser Gemeinde sind noch nicht bekannt.","https://thumb.wikimedia.org/wikipedia/commons/thumb/a/a4/Grellingen_coat_of_arms.svg/960px-Grellingen_coat_of_arms.svg.png"
2787,50,0,0,"Laufen BL","Die Resultate dieser Gemeinde sind noch nicht bekannt.","https://thumb.wikimedia.org/wikipedia/commons/thumb/e/e6/CHE_Laufen_BL_official_COA.svg/500px-CHE_Laufen_BL_official_COA.svg.png"
2788,50,0,0,"Liesberg BL","Die Resultate dieser Gemeinde sind noch nicht bekannt.","https://upload.wikimedia.org/wikipedia/commons/b/b5/Wappen_Liesberg.png"
2789,50,0,0,"Nenzlingen BL","Die Resultate dieser Gemeinde sind noch nicht bekannt.","https://thumb.wikimedia.org/wikipedia/commons/thumb/d/da/Wappen_Nenzlingen.png/960px-Wappen_Nenzlingen.png"
2790,50,50,50,"Roggenburg BL","Unentschieden in Roggenburg: Genau 44 Stimmberechtigte stimmen für und gegen die Neutralitätsinitiative.","https://upload.wikimedia.org/wikipedia/commons/a/ad/Wappen_Roggenburg_BL.png"
2791,32.9,32.9,67.1,"Röschenz BL","In Röschenz ist die Neutralitätsinitiative mit 67,1 Prozent der Stimmen gescheitert.","https://thumb.wikimedia.org/wikipedia/commons/thumb/4/4a/CHE_R%C3%B6schenz_COA.svg/960px-CHE_R%C3%B6schenz_COA.svg.png"
2792,45.1,45.1,54.9,"Wahlen BL","54,9 Prozent der Stimmbürgerinnen und Stimmbürger von Wahlen haben die Neutralitätsinitiative abgelehnt.","https://upload.wikimedia.org/wikipedia/commons/7/7a/Wappen_Wahlen.png"
2793,50,0,0,"Zwingen BL","Die Resultate dieser Gemeinde sind noch nicht bekannt.","https://thumb.wikimedia.org/wikipedia/commons/thumb/f/f5/Coat_of_arms_of_Zwingen.svg/960px-Coat_of_arms_of_Zwingen.svg.png"
2821,36.4,36.4,63.6,"Arisdorf BL","Mit 63,6 Prozent wird die Neutralitätsinitiative in Arisdorf verworfen.","https://upload.wikimedia.org/wikipedia/commons/3/36/Wappen_Arisdorf.png"
2822,29.6,29.6,70.4,"Augst BL","70,4 Prozent der Stimmbürgerinnen und Stimmbürger von Augst haben die Neutralitätsinitiative abgelehnt.","https://upload.wikimedia.org/wikipedia/commons/5/53/Wappen_Augst.png"
2823,50,0,0,"Bubendorf BL","Die Resultate dieser Gemeinde sind noch nicht bekannt.","https://thumb.wikimedia.org/wikipedia/commons/thumb/4/41/Coat_of_arms_of_Bubendorf_BL.svg/960px-Coat_of_arms_of_Bubendorf_BL.svg.png"
2824,50,0,0,"Frenkendorf BL","Die Resultate dieser Gemeinde sind noch nicht bekannt.","https://thumb.wikimedia.org/wikipedia/commons/thumb/5/5e/CHE_Frenkendorf_COA.svg/500px-CHE_Frenkendorf_COA.svg.png"
2825,26.7,26.7,73.3,"Füllinsdorf BL","73,3 Prozent der Stimmbürgerinnen und Stimmbürger von Füllinsdorf haben die Neutralitätsinitiative abgelehnt.","https://upload.wikimedia.org/wikipedia/commons/f/f5/Wappen_Fuellinsdorf.png"
2826,35.4,35.4,64.6,"Giebenach BL","In Giebenach ist die Neutralitätsinitiative mit 64,6 Prozent der Stimmen gescheitert.","https://thumb.wikimedia.org/wikipedia/commons/thumb/2/20/Coat_of_arms_of_Giebenach.svg/960px-Coat_of_arms_of_Giebenach.svg.png"
2827,33.3,33.3,66.7,"Hersberg BL","In Hersberg ist die Neutralitätsinitiative mit 66,7 Prozent der Stimmen gescheitert.","https://thumb.wikimedia.org/wikipedia/commons/thumb/1/1a/Coat_of_arms_of_Hersberg.svg/960px-Coat_of_arms_of_Hersberg.svg.png"
2828,50,0,0,"Lausen BL","Die Resultate dieser Gemeinde sind noch nicht bekannt.","https://thumb.wikimedia.org/wikipedia/commons/thumb/8/89/CHE_Lausen_BL_COA.svg/960px-CHE_Lausen_BL_COA.svg.png"
2829,50,0,0,"Liestal BL","Die Resultate dieser Gemeinde sind noch nicht bekannt.","https://thumb.wikimedia.org/wikipedia/commons/thumb/8/82/Coat_of_arms_of_Liestal.svg/960px-Coat_of_arms_of_Liestal.svg.png"
2830,22.9,22.9,77.1,"Lupsingen BL","Nein zur Neutralitätsinitiative in Lupsingen: 77,1 Prozent.","https://upload.wikimedia.org/wikipedia/commons/5/5f/Wappen_Lupsingen.png"
2831,50,0,0,"Pratteln BL","Die Resultate dieser Gemeinde sind noch nicht bekannt.","https://thumb.wikimedia.org/wikipedia/commons/thumb/4/4a/Pratteln-coat_of_arms.svg/960px-Pratteln-coat_of_arms.svg.png"
2832,27.1,27.1,72.9,"Ramlinsburg BL","In Ramlinsburg ist die Neutralitätsinitiative mit 72,9 Prozent der Stimmen gescheitert.","https://thumb.wikimedia.org/wikipedia/commons/thumb/1/10/Coat_of_arms_of_Ramlinsburg.svg/960px-Coat_of_arms_of_Ramlinsburg.svg.png"
2833,50,0,0,"Seltisberg BL","Die Resultate dieser Gemeinde sind noch nicht bekannt.","https://thumb.wikimedia.org/wikipedia/commons/thumb/f/f9/Coat_of_arms_of_Seltisberg.svg/960px-Coat_of_arms_of_Seltisberg.svg.png"
2834,26.2,26.2,73.8,"Ziefen BL","In Ziefen ist die Neutralitätsinitiative mit 73,8 Prozent der Stimmen gescheitert.","https://thumb.wikimedia.org/wikipedia/commons/thumb/e/e4/CHE_Ziefen_COA.svg/960px-CHE_Ziefen_COA.svg.png"
2841,50,0,0,"Anwil BL","Die Resultate dieser Gemeinde sind noch nicht bekannt.","https://thumb.wikimedia.org/wikipedia/commons/thumb/2/23/Coat_of_arms_of_Anwil.svg/960px-Coat_of_arms_of_Anwil.svg.png"
2842,50,0,0,"Böckten BL","Die Resultate dieser Gemeinde sind noch nicht bekannt.","https://thumb.wikimedia.org/wikipedia/commons/thumb/7/7f/Coat_of_arms_of_Boeckten.svg/960px-Coat_of_arms_of_Boeckten.svg.png"
2843,27.1,27.1,72.9,"Buckten BL","72,9 Prozent der Stimmbürgerinnen und Stimmbürger von Buckten sprechen sich gegen die Neutralitätsinitiative aus.","https://thumb.wikimedia.org/wikipedia/commons/thumb/3/39/Coat_of_arms_of_Buckten.svg/960px-Coat_of_arms_of_Buckten.svg.png"
2844,36.4,36.4,63.6,"Buus BL","In Buus ist die Neutralitätsinitiative mit 63,6 Prozent der Stimmen gescheitert.","https://thumb.wikimedia.org/wikipedia/commons/thumb/5/50/CHE_Buus_COA.svg/960px-CHE_Buus_COA.svg.png"
2845,33.5,33.5,66.5,"Diepflingen BL","In Diepflingen ist die Neutralitätsinitiative mit 66,5 Prozent der Stimmen gescheitert.","https://thumb.wikimedia.org/wikipedia/commons/thumb/5/5d/Coat_of_arms_of_Diepflingen.svg/960px-Coat_of_arms_of_Diepflingen.svg.png"
2846,23.4,23.4,76.6,"Gelterkinden BL","In Gelterkinden ist die Neutralitätsinitiative mit 76,6 Prozent der Stimmen gescheitert.","https://thumb.wikimedia.org/wikipedia/commons/thumb/6/69/CHE_Gelterkinden_COA.svg/960px-CHE_Gelterkinden_COA.svg.png"
2847,35.5,35.5,64.5,"Häfelfingen BL","Mit 60 Nein- zu 33 Ja-Stimmen lehnt Häfelfingen die Neutralitätsinitiative ab.","https://upload.wikimedia.org/wikipedia/commons/4/45/Haefelfingen-coat_of_arms.png"
2848,52.1,52.1,47.9,"Hemmiken BL","Die Neutralitätsinitiative wird in Hemmiken mit 49 zu 45 Stimmen angenommen.","https://thumb.wikimedia.org/wikipedia/commons/thumb/b/b8/Coat_of_arms_of_Hemmiken.svg/960px-Coat_of_arms_of_Hemmiken.svg.png"
2849,50,0,0,"Itingen BL","Die Resultate dieser Gemeinde sind noch nicht bekannt.","https://thumb.wikimedia.org/wikipedia/commons/thumb/9/90/Wappen_Itingen.svg/500px-Wappen_Itingen.svg.png"
2850,33.3,33.3,66.7,"Känerkinden BL","Nein zur Neutralitätsinitiative in Känerkinden: 66,7 Prozent.","https://upload.wikimedia.org/wikipedia/commons/f/f5/Wappen_Kaenerkinden.png"
2851,23.8,23.8,76.2,"Kilchberg BL","Kilchberg BL verwirft die Neutralitätsinitiative mit 64 zu 20 Stimmen.","https://thumb.wikimedia.org/wikipedia/commons/thumb/7/7e/Coat_of_arms_of_Kilchberg_BL.svg/960px-Coat_of_arms_of_Kilchberg_BL.svg.png"
2852,50,0,0,"Läufelfingen BL","Die Resultate dieser Gemeinde sind noch nicht bekannt.","https://upload.wikimedia.org/wikipedia/commons/2/2f/Wappen_Laeufelfingen.png"
2853,27.8,27.8,72.2,"Maisprach BL","72,2 Prozent der Stimmbürgerinnen und Stimmbürger von Maisprach haben die Neutralitätsinitiative abgelehnt.","https://thumb.wikimedia.org/wikipedia/commons/thumb/6/61/Coat_of_arms_of_Maisprach.svg/960px-Coat_of_arms_of_Maisprach.svg.png"
2854,32.7,32.7,67.3,"Nusshof BL","67,3 Prozent der Stimmbürgerinnen und Stimmbürger von Nusshof haben die Neutralitätsinitiative abgelehnt.","https://thumb.wikimedia.org/wikipedia/commons/thumb/f/fa/Coat_of_arms_of_Nusshof.svg/960px-Coat_of_arms_of_Nusshof.svg.png"
2855,28.4,28.4,71.6,"Oltingen BL","In Oltingen ist die Neutralitätsinitiative mit 71,6 Prozent der Stimmen gescheitert.","https://thumb.wikimedia.org/wikipedia/commons/thumb/c/ce/Coat_of_arms_of_Oltingen.svg/960px-Coat_of_arms_of_Oltingen.svg.png"
2856,31.8,31.8,68.2,"Ormalingen BL","68,2 Prozent der Stimmbürgerinnen und Stimmbürger von Ormalingen haben die Neutralitätsinitiative abgelehnt.","https://thumb.wikimedia.org/wikipedia/commons/thumb/0/08/Coat_of_arms_of_Ormalingen.svg/960px-Coat_of_arms_of_Ormalingen.svg.png"
2857,35.8,35.8,64.2,"Rickenbach BL","Nein zur Neutralitätsinitiative in Rickenbach BL: 64,2 Prozent.","https://thumb.wikimedia.org/wikipedia/commons/thumb/d/da/Coat_of_arms_of_Rickenbach_BL.svg/960px-Coat_of_arms_of_Rickenbach_BL.svg.png"
2858,50,0,0,"Rothenfluh BL","Die Resultate dieser Gemeinde sind noch nicht bekannt.","https://thumb.wikimedia.org/wikipedia/commons/thumb/4/4b/Coat_of_arms_of_Rothenfluh.svg/960px-Coat_of_arms_of_Rothenfluh.svg.png"
2859,51,51,49,"Rümlingen BL","Rümlingen hat die Neutralitätsinitiative angenommen; der Ja-Stimmen-Anteil liegt bei 51 Prozent.","https://upload.wikimedia.org/wikipedia/commons/3/3c/Wappen_Ruemlingen.png"
2860,24.8,24.8,75.2,"Rünenberg BL","In Rünenberg ist die Neutralitätsinitiative mit 75,2 Prozent der Stimmen gescheitert.","https://thumb.wikimedia.org/wikipedia/commons/thumb/c/ce/Coat_of_arms_of_Ruenenberg.svg/960px-Coat_of_arms_of_Ruenenberg.svg.png"
2861,21.9,21.9,78.1,"Sissach BL","Mit 78,1 Prozent wird die Neutralitätsinitiative in Sissach verworfen.","https://upload.wikimedia.org/wikipedia/commons/9/95/Wappen_Sissach.png"
2862,28.9,28.9,71.1,"Tecknau BL","Nein zur Neutralitätsinitiative in Tecknau: 71,1 Prozent.","https://thumb.wikimedia.org/wikipedia/commons/thumb/9/94/Coat_of_arms_of_Tecknau.svg/960px-Coat_of_arms_of_Tecknau.svg.png"
2863,50,0,0,"Tenniken BL","Die Resultate dieser Gemeinde sind noch nicht bekannt.","https://thumb.wikimedia.org/wikipedia/commons/thumb/9/96/Coat_of_arms_of_Tenniken.svg/960px-Coat_of_arms_of_Tenniken.svg.png"
2864,31.8,31.8,68.2,"Thürnen BL","68,2 Prozent der Stimmbürgerinnen und Stimmbürger von Thürnen haben die Neutralitätsinitiative abgelehnt.","https://thumb.wikimedia.org/wikipedia/commons/thumb/d/d0/CHE_Th%C3%BCrnen_COA.svg/960px-CHE_Th%C3%BCrnen_COA.svg.png"
2865,37.6,37.6,62.4,"Wenslingen BL","In Wenslingen ist die Neutralitätsinitiative mit 62,4 Prozent der Stimmen gescheitert.","https://thumb.wikimedia.org/wikipedia/commons/thumb/4/4a/CHE_Wenslingen_COA.svg/960px-CHE_Wenslingen_COA.svg.png"
2866,45.2,45.2,54.8,"Wintersingen BL","In Wintersingen ist die Neutralitätsinitiative mit 54,8 Prozent der Stimmen gescheitert.","https://thumb.wikimedia.org/wikipedia/commons/thumb/b/b5/CHE_Wintersingen_COA.svg/960px-CHE_Wintersingen_COA.svg.png"
2867,50,0,0,"Wittinsburg BL","Die Resultate dieser Gemeinde sind noch nicht bekannt.","https://thumb.wikimedia.org/wikipedia/commons/thumb/c/c7/Coat_of_arms_of_Wittinsburg.svg/960px-Coat_of_arms_of_Wittinsburg.svg.png"
2868,23,23,77,"Zeglingen BL","Nein zur Neutralitätsinitiative in Zeglingen: 77 Prozent.","https://thumb.wikimedia.org/wikipedia/commons/thumb/d/dc/Coat_of_arms_of_Zeglingen.svg/960px-Coat_of_arms_of_Zeglingen.svg.png"
2869,31.2,31.2,68.8,"Zunzgen BL","In Zunzgen ist die Neutralitätsinitiative mit 68,8 Prozent der Stimmen gescheitert.","https://thumb.wikimedia.org/wikipedia/commons/thumb/d/db/Coat_of_arms_of_Zunzgen.svg/960px-Coat_of_arms_of_Zunzgen.svg.png"
2881,40.4,40.4,59.6,"Arboldswil BL","Nein zur Neutralitätsinitiative in Arboldswil: 59,6 Prozent.","https://thumb.wikimedia.org/wikipedia/commons/thumb/e/e0/CHE_Arboldswil_COA.svg/960px-CHE_Arboldswil_COA.svg.png"
2882,45.5,45.5,54.5,"Bennwil BL","54,5 Prozent der Stimmbürgerinnen und Stimmbürger von Bennwil sprechen sich gegen die Neutralitätsinitiative aus.","https://thumb.wikimedia.org/wikipedia/commons/thumb/0/0f/CHE_Bennwil_COA.svg/960px-CHE_Bennwil_COA.svg.png"
2883,50,0,0,"Bretzwil BL","Die Resultate dieser Gemeinde sind noch nicht bekannt.","https://thumb.wikimedia.org/wikipedia/commons/thumb/f/f8/Coat_of_arms_of_Bretzwil.svg/960px-Coat_of_arms_of_Bretzwil.svg.png"
2884,50,0,0,"Diegten BL","Die Resultate dieser Gemeinde sind noch nicht bekannt.","https://upload.wikimedia.org/wikipedia/commons/7/72/Wappen_Diegten.png"
2885,50,0,0,"Eptingen BL","Die Resultate dieser Gemeinde sind noch nicht bekannt.","https://thumb.wikimedia.org/wikipedia/commons/thumb/d/d5/Wappen_Eptingen.svg/960px-Wappen_Eptingen.svg.png"
2886,50,0,0,"Hölstein BL","Die Resultate dieser Gemeinde sind noch nicht bekannt.","https://thumb.wikimedia.org/wikipedia/commons/thumb/e/ee/Wappen_H%C3%B6lstein.svg/960px-Wappen_H%C3%B6lstein.svg.png"
2887,35.1,35.1,64.9,"Lampenberg BL","In Lampenberg ist die Neutralitätsinitiative mit 64,9 Prozent der Stimmen gescheitert.","https://thumb.wikimedia.org/wikipedia/commons/thumb/b/bc/Coat_of_arms_of_Lampenberg.svg/960px-Coat_of_arms_of_Lampenberg.svg.png"
2888,50,0,0,"Langenbruck BL","Die Resultate dieser Gemeinde sind noch nicht bekannt.","https://upload.wikimedia.org/wikipedia/commons/a/a3/Wappen_Langenbruck.png"
2889,37.5,37.5,62.5,"Lauwil BL","62,5 Prozent der Stimmbürgerinnen und Stimmbürger von Lauwil sprechen sich gegen die Neutralitätsinitiative aus.","https://thumb.wikimedia.org/wikipedia/commons/thumb/2/28/Coat_of_arms_of_Lauwil.svg/960px-Coat_of_arms_of_Lauwil.svg.png"
2890,50,50,50,"Liedertswil BL","Unentschieden in Liedertswil: Genau 26 Stimmberechtigte stimmen für und gegen die Neutralitätsinitiative.","https://upload.wikimedia.org/wikipedia/commons/4/48/Wappen_Liedertswil.png"
2891,31.8,31.8,68.2,"Niederdorf BL","68,2 Prozent der Stimmbürgerinnen und Stimmbürger von Niederdorf sprechen sich gegen die Neutralitätsinitiative aus.","https://thumb.wikimedia.org/wikipedia/commons/thumb/1/17/Coat_of_arms_of_Niederdorf_BL.svg/960px-Coat_of_arms_of_Niederdorf_BL.svg.png"
2892,29.9,29.9,70.1,"Oberdorf BL","70,1 Prozent der Stimmbürgerinnen und Stimmbürger von Oberdorf BL haben die Neutralitätsinitiative abgelehnt.","https://thumb.wikimedia.org/wikipedia/commons/thumb/b/be/Coat_of_arms_of_Oberdorf_BL.svg/960px-Coat_of_arms_of_Oberdorf_BL.svg.png"
2893,36.3,36.3,63.7,"Reigoldswil BL","Nein zur Neutralitätsinitiative in Reigoldswil: 63,7 Prozent.","https://upload.wikimedia.org/wikipedia/commons/c/c0/Wappen_Reigoldswil.png"
2894,26.3,26.3,73.7,"Titterten BL","73,7 Prozent der Stimmbürgerinnen und Stimmbürger von Titterten haben die Neutralitätsinitiative abgelehnt.","https://upload.wikimedia.org/wikipedia/commons/d/d9/Wappen_Titterten.png"
2895,42,42,58,"Waldenburg BL","Nein zur Neutralitätsinitiative in Waldenburg: 58 Prozent.","https://thumb.wikimedia.org/wikipedia/commons/thumb/0/09/CHE_Waldenburg_BL_COA.svg/500px-CHE_Waldenburg_BL_COA.svg.png"
2901,50,0,0,"Gächlingen SH","Die Resultate dieser Gemeinde sind noch nicht bekannt.","https://thumb.wikimedia.org/wikipedia/commons/thumb/0/01/CHE_G%C3%A4chlingen_COA.svg/250px-CHE_G%C3%A4chlingen_COA.svg.png"
2903,50,0,0,"Löhningen SH","Die Resultate dieser Gemeinde sind noch nicht bekannt.","https://thumb.wikimedia.org/wikipedia/commons/thumb/1/19/CHE_L%C3%B6hningen_COA.svg/500px-CHE_L%C3%B6hningen_COA.svg.png"
2904,50,0,0,"Neunkirch SH","Die Resultate dieser Gemeinde sind noch nicht bekannt.","https://upload.wikimedia.org/wikipedia/commons/e/e9/Wappen_Neunkirch.png"
2914,50,0,0,"Büttenhardt SH","Die Resultate dieser Gemeinde sind noch nicht bekannt.","https://upload.wikimedia.org/wikipedia/commons/8/88/Wappen_B%C3%BCttenhardt.png"
2915,50,0,0,"Dörflingen SH","Die Resultate dieser Gemeinde sind noch nicht bekannt.","https://thumb.wikimedia.org/wikipedia/commons/thumb/8/82/D%C3%B6rflingen-blazon.svg/250px-D%C3%B6rflingen-blazon.svg.png"
2917,50,0,0,"Lohn SH","Die Resultate dieser Gemeinde sind noch nicht bekannt.","https://upload.wikimedia.org/wikipedia/commons/5/5a/Wappen_Lohn.png"
2919,50,0,0,"Stetten SH","Die Resultate dieser Gemeinde sind noch nicht bekannt.","https://thumb.wikimedia.org/wikipedia/commons/thumb/a/a8/Stetten_SH-blazon.svg/250px-Stetten_SH-blazon.svg.png"
2920,50,0,0,"Thayngen SH","Die Resultate dieser Gemeinde sind noch nicht bekannt.","https://thumb.wikimedia.org/wikipedia/commons/thumb/4/40/Thayngen_Wappen.svg/500px-Thayngen_Wappen.svg.png"
2931,50,0,0,"Bargen SH","Die Resultate dieser Gemeinde sind noch nicht bekannt.","https://thumb.wikimedia.org/wikipedia/commons/thumb/e/e5/CHE_Bargen_SH_COA.svg/500px-CHE_Bargen_SH_COA.svg.png"
2932,50,0,0,"Beringen SH","Die Resultate dieser Gemeinde sind noch nicht bekannt.","https://upload.wikimedia.org/wikipedia/commons/f/f2/Wappen_Beringen.png"
2933,50,0,0,"Buchberg SH","Die Resultate dieser Gemeinde sind noch nicht bekannt.","https://thumb.wikimedia.org/wikipedia/commons/thumb/5/5b/Buchberg-blazon.svg/250px-Buchberg-blazon.svg.png"
2936,50,0,0,"Merishausen SH","Die Resultate dieser Gemeinde sind noch nicht bekannt.","https://thumb.wikimedia.org/wikipedia/commons/thumb/6/67/Merishausen-blazon.svg/250px-Merishausen-blazon.svg.png"
2937,50,0,0,"Neuhausen am Rheinfall SH","Die Resultate dieser Gemeinde sind noch nicht bekannt.","https://thumb.wikimedia.org/wikipedia/commons/thumb/1/18/Neuhausen_am_Rheinfall-coat_of_arms.svg/500px-Neuhausen_am_Rheinfall-coat_of_arms.svg.png"
2938,50,0,0,"Rüdlingen SH","Die Resultate dieser Gemeinde sind noch nicht bekannt.","https://thumb.wikimedia.org/wikipedia/commons/thumb/8/80/R%C3%BCdlingen-blazon.svg/250px-R%C3%BCdlingen-blazon.svg.png"
2939,50,0,0,"Schaffhausen SH","Die Resultate dieser Gemeinde sind noch nicht bekannt.","https://thumb.wikimedia.org/wikipedia/commons/thumb/e/e6/CHE_Schaffhausen_%28Stadt%29_COA.svg/500px-CHE_Schaffhausen_%28Stadt%29_COA.svg.png"
2951,50,0,0,"Beggingen SH","Die Resultate dieser Gemeinde sind noch nicht bekannt.","https://thumb.wikimedia.org/wikipedia/commons/thumb/c/cf/Beggingen-blazon.svg/250px-Beggingen-blazon.svg.png"
2952,50,0,0,"Schleitheim SH","Die Resultate dieser Gemeinde sind noch nicht bekannt.","https://thumb.wikimedia.org/wikipedia/commons/thumb/a/aa/CHE_Schleitheim_COA.svg/500px-CHE_Schleitheim_COA.svg.png"
2953,50,0,0,"Siblingen SH","Die Resultate dieser Gemeinde sind noch nicht bekannt.","https://upload.wikimedia.org/wikipedia/commons/5/51/Wappen_Siblingen.png"
2961,50,0,0,"Buch SH","Die Resultate dieser Gemeinde sind noch nicht bekannt.","https://upload.wikimedia.org/wikipedia/commons/5/51/Wappen_Buch.png"
2962,50,0,0,"Hemishofen SH","Die Resultate dieser Gemeinde sind noch nicht bekannt.","https://thumb.wikimedia.org/wikipedia/commons/thumb/3/3c/Hemishofen-blazon.svg/250px-Hemishofen-blazon.svg.png"
2963,50,0,0,"Ramsen SH","Die Resultate dieser Gemeinde sind noch nicht bekannt.","https://upload.wikimedia.org/wikipedia/commons/c/c3/Wappen_Ramsen.png"
2964,50,0,0,"Stein am Rhein SH","Die Resultate dieser Gemeinde sind noch nicht bekannt.","https://thumb.wikimedia.org/wikipedia/commons/thumb/8/8a/Stein_am_Rhein-coat_of_arms.svg/500px-Stein_am_Rhein-coat_of_arms.svg.png"
2971,50,0,0,"Hallau SH","Die Resultate dieser Gemeinde sind noch nicht bekannt.","https://thumb.wikimedia.org/wikipedia/commons/thumb/8/89/Hallau-blazon.svg/250px-Hallau-blazon.svg.png"
2972,50,0,0,"Oberhallau SH","Die Resultate dieser Gemeinde sind noch nicht bekannt.","https://thumb.wikimedia.org/wikipedia/commons/thumb/c/c8/Oberhallau-blazon.svg/250px-Oberhallau-blazon.svg.png"
2973,50,0,0,"Trasadingen SH","Die Resultate dieser Gemeinde sind noch nicht bekannt.","https://upload.wikimedia.org/wikipedia/commons/0/03/Wappen_Trasadingen.png"
2974,50,0,0,"Wilchingen SH","Die Resultate dieser Gemeinde sind noch nicht bekannt.","https://upload.wikimedia.org/wikipedia/commons/4/41/Wappen_Wilchingen.png"
3001,50,0,0,"Herisau AR","Die Resultate dieser Gemeinde sind noch nicht bekannt.","https://thumb.wikimedia.org/wikipedia/commons/thumb/9/97/CHE_Herisau_COA.svg/250px-CHE_Herisau_COA.svg.png"
3002,50,0,0,"Hundwil AR","Die Resultate dieser Gemeinde sind noch nicht bekannt.","https://thumb.wikimedia.org/wikipedia/commons/thumb/2/2e/CHE_Hundwil_COA.svg/960px-CHE_Hundwil_COA.svg.png"
3003,53.4,53.4,46.6,"Schönengrund AR","In Schönengrund ist die Neutralitätsinitiative mit 53,4 Prozent der Stimmen angenommen worden.","https://thumb.wikimedia.org/wikipedia/commons/thumb/4/4c/CHE_Sch%C3%B6nengrund_COA.svg/500px-CHE_Sch%C3%B6nengrund_COA.svg.png"
3004,51.7,51.7,48.3,"Schwellbrunn AR","Schwellbrunn hat die Neutralitätsinitiative angenommen; der Ja-Stimmen-Anteil liegt bei 51,7 Prozent.","https://thumb.wikimedia.org/wikipedia/commons/thumb/d/d2/Schwellbrunn-blazon.svg/250px-Schwellbrunn-blazon.svg.png"
3005,50,0,0,"Stein AR","Die Resultate dieser Gemeinde sind noch nicht bekannt.","https://thumb.wikimedia.org/wikipedia/commons/thumb/9/92/CHE_Stein_AR_COA.svg/500px-CHE_Stein_AR_COA.svg.png"
3006,50,0,0,"Urnäsch AR","Die Resultate dieser Gemeinde sind noch nicht bekannt.","https://thumb.wikimedia.org/wikipedia/commons/thumb/a/a1/Urn%C3%A4sch_wappen.svg/250px-Urn%C3%A4sch_wappen.svg.png"
3007,50,0,0,"Waldstatt AR","Die Resultate dieser Gemeinde sind noch nicht bekannt.","https://thumb.wikimedia.org/wikipedia/commons/thumb/b/bb/CHE_Waldstatt_COA.svg/960px-CHE_Waldstatt_COA.svg.png"
3021,38,38,62,"Bühler AR","62 Prozent der Stimmbürgerinnen und Stimmbürger von Bühler sprechen sich gegen die Neutralitätsinitiative aus.","https://thumb.wikimedia.org/wikipedia/commons/thumb/c/c2/CHE_B%C3%BChler_COA.svg/500px-CHE_B%C3%BChler_COA.svg.png"
3022,34.2,34.2,65.8,"Gais AR","65,8 Prozent der Stimmbürgerinnen und Stimmbürger von Gais haben die Neutralitätsinitiative abgelehnt.","https://thumb.wikimedia.org/wikipedia/commons/thumb/0/07/CHE_Gais_COA.svg/960px-CHE_Gais_COA.svg.png"
3023,50,0,0,"Speicher AR","Die Resultate dieser Gemeinde sind noch nicht bekannt.","https://thumb.wikimedia.org/wikipedia/commons/thumb/5/55/CHE_Speicher_COA.svg/960px-CHE_Speicher_COA.svg.png"
3024,28.6,28.6,71.4,"Teufen AR","Mit 71,4 Prozent wird die Neutralitätsinitiative in Teufen AR verworfen.","https://thumb.wikimedia.org/wikipedia/commons/thumb/4/40/Teufen_wappen.svg/500px-Teufen_wappen.svg.png"
3025,26,26,74,"Trogen AR","74 Prozent der Stimmbürgerinnen und Stimmbürger von Trogen haben die Neutralitätsinitiative abgelehnt.","https://thumb.wikimedia.org/wikipedia/commons/thumb/1/12/Trogen_AR_Wappen.svg/960px-Trogen_AR_Wappen.svg.png"
3031,39.5,39.5,60.5,"Grub AR","In Grub AR ist die Neutralitätsinitiative mit 60,5 Prozent der Stimmen gescheitert.","https://thumb.wikimedia.org/wikipedia/commons/thumb/c/ca/CHE_Grub_AR_COA.svg/500px-CHE_Grub_AR_COA.svg.png"
3032,31.2,31.2,68.8,"Heiden AR","68,8 Prozent der Stimmbürgerinnen und Stimmbürger von Heiden sprechen sich gegen die Neutralitätsinitiative aus.","https://thumb.wikimedia.org/wikipedia/commons/thumb/a/a3/CHE_Heiden_COA.svg/500px-CHE_Heiden_COA.svg.png"
3033,38,38,62,"Lutzenberg AR","62 Prozent der Stimmbürgerinnen und Stimmbürger von Lutzenberg haben die Neutralitätsinitiative abgelehnt.","https://thumb.wikimedia.org/wikipedia/commons/thumb/1/19/CHE_Lutzenberg_COA.svg/500px-CHE_Lutzenberg_COA.svg.png"
3034,30.9,30.9,69.1,"Rehetobel AR","69,1 Prozent der Stimmbürgerinnen und Stimmbürger von Rehetobel haben die Neutralitätsinitiative abgelehnt.","https://thumb.wikimedia.org/wikipedia/commons/thumb/2/2f/CHE_Rehetobel_COA.svg/960px-CHE_Rehetobel_COA.svg.png"
3035,40.4,40.4,59.6,"Reute AR","Mit 59,6 Prozent wird die Neutralitätsinitiative in Reute AR verworfen.","https://thumb.wikimedia.org/wikipedia/commons/thumb/b/b7/CHE_Reute_COA.svg/500px-CHE_Reute_COA.svg.png"
3036,50,0,0,"Wald AR","Die Resultate dieser Gemeinde sind noch nicht bekannt.","https://thumb.wikimedia.org/wikipedia/commons/thumb/e/e0/CHE_Wald_AR_COA.svg/500px-CHE_Wald_AR_COA.svg.png"
3037,43.2,43.2,56.8,"Walzenhausen AR","Mit 56,8 Prozent wird die Neutralitätsinitiative in Walzenhausen verworfen.","https://thumb.wikimedia.org/wikipedia/commons/thumb/8/84/CHE_Walzenhausen_COA.svg/500px-CHE_Walzenhausen_COA.svg.png"
3038,44.3,44.3,55.7,"Wolfhalden AR","55,7 Prozent der Stimmbürgerinnen und Stimmbürger von Wolfhalden sprechen sich gegen die Neutralitätsinitiative aus.","https://thumb.wikimedia.org/wikipedia/commons/thumb/b/b3/CHE_Wolfhalden_COA.svg/500px-CHE_Wolfhalden_COA.svg.png"
3101,50,0,0,"Appenzell AI","Die Resultate dieser Gemeinde sind noch nicht bekannt.","https://thumb.wikimedia.org/wikipedia/commons/thumb/0/08/Appenzell-blazon.svg/250px-Appenzell-blazon.svg.png"
3102,50,0,0,"Gonten AI","Die Resultate dieser Gemeinde sind noch nicht bekannt.","https://thumb.wikimedia.org/wikipedia/commons/thumb/2/27/Gonten-blazon.svg/250px-Gonten-blazon.svg.png"
3104,50,0,0,"Schlatt-Haslen AI","Die Resultate dieser Gemeinde sind noch nicht bekannt.","https://thumb.wikimedia.org/wikipedia/commons/thumb/0/03/CHE_Schlatt-Haslen_COA.svg/250px-CHE_Schlatt-Haslen_COA.svg.png"
3111,50,0,0,"Oberegg AI","Die Resultate dieser Gemeinde sind noch nicht bekannt.","https://thumb.wikimedia.org/wikipedia/commons/thumb/5/5c/CHE_Oberegg_COA.svg/960px-CHE_Oberegg_COA.svg.png"
3112,50,0,0,"Schwende-Rüti AI","Die Resultate dieser Gemeinde sind noch nicht bekannt.","https://thumb.wikimedia.org/wikipedia/commons/thumb/0/08/CHE_Schwende-R%C3%BCte_COA.svg/250px-CHE_Schwende-R%C3%BCte_COA.svg.png"
3201,35.3,35.3,64.7,"Häggenschwil SG","In Häggenschwil ist die Neutralitätsinitiative mit 64,7 Prozent der Stimmen gescheitert.","https://thumb.wikimedia.org/wikipedia/commons/thumb/1/1b/H%C3%A4ggenschwil-blazon.svg/250px-H%C3%A4ggenschwil-blazon.svg.png"
3202,37,37,63,"Muolen SG","63 Prozent der Stimmbürgerinnen und Stimmbürger von Muolen haben die Neutralitätsinitiative abgelehnt.","https://thumb.wikimedia.org/wikipedia/commons/thumb/a/a5/Muolen-coat_of_arms.svg/960px-Muolen-coat_of_arms.svg.png"
3203,50,0,0,"St. Gallen SG","Die Resultate dieser Gemeinde sind noch nicht bekannt.","https://thumb.wikimedia.org/wikipedia/commons/thumb/9/90/CHE_St._Gallen_COA.svg/960px-CHE_St._Gallen_COA.svg.png"
3204,50,0,0,"Wittenbach SG","Die Resultate dieser Gemeinde sind noch nicht bekannt.","https://thumb.wikimedia.org/wikipedia/commons/thumb/2/21/Wittenbach-blazon.svg/250px-Wittenbach-blazon.svg.png"
3211,32.3,32.3,67.7,"Berg SG","67,7 Prozent der Stimmbürgerinnen und Stimmbürger von Berg SG haben die Neutralitätsinitiative abgelehnt.","https://thumb.wikimedia.org/wikipedia/commons/thumb/5/5e/Berg_SG-blazon.svg/250px-Berg_SG-blazon.svg.png"
3212,50,0,0,"Eggersriet SG","Die Resultate dieser Gemeinde sind noch nicht bekannt.","https://thumb.wikimedia.org/wikipedia/commons/thumb/9/91/Eggersriet-blazon.svg/250px-Eggersriet-blazon.svg.png"
3213,30.5,30.5,69.5,"Goldach SG","Nein zur Neutralitätsinitiative in Goldach: 69,5 Prozent.","https://thumb.wikimedia.org/wikipedia/commons/thumb/c/c3/Goldach-blazon.svg/250px-Goldach-blazon.svg.png"
3214,50,0,0,"Mörschwil SG","Die Resultate dieser Gemeinde sind noch nicht bekannt.","https://thumb.wikimedia.org/wikipedia/commons/thumb/0/0d/M%C3%B6rschwil-blazon.svg/250px-M%C3%B6rschwil-blazon.svg.png"
3215,31.6,31.6,68.4,"Rorschach SG","Nein zur Neutralitätsinitiative in Rorschach: 68,4 Prozent.","https://thumb.wikimedia.org/wikipedia/commons/thumb/3/3c/CHE_Rorschach_COA.svg/250px-CHE_Rorschach_COA.svg.png"
3216,50,0,0,"Rorschacherberg SG","Die Resultate dieser Gemeinde sind noch nicht bekannt.","https://thumb.wikimedia.org/wikipedia/commons/thumb/8/8b/Rorschacherberg-blazon.svg/250px-Rorschacherberg-blazon.svg.png"
3217,32.7,32.7,67.3,"Steinach SG","In Steinach ist die Neutralitätsinitiative mit 67,3 Prozent der Stimmen gescheitert.","https://thumb.wikimedia.org/wikipedia/commons/thumb/5/54/Steinach-blazon.svg/250px-Steinach-blazon.svg.png"
3218,50,0,0,"Tübach SG","Die Resultate dieser Gemeinde sind noch nicht bekannt.","https://thumb.wikimedia.org/wikipedia/commons/thumb/6/6d/T%C3%BCbach-blazon.svg/250px-T%C3%BCbach-blazon.svg.png"
3219,35.6,35.6,64.4,"Untereggen SG","64,4 Prozent der Stimmbürgerinnen und Stimmbürger von Untereggen sprechen sich gegen die Neutralitätsinitiative aus.","https://thumb.wikimedia.org/wikipedia/commons/thumb/3/33/Untereggen-blazon.svg/250px-Untereggen-blazon.svg.png"
3231,38.4,38.4,61.6,"Au SG","61,6 Prozent der Stimmbürgerinnen und Stimmbürger von Au SG haben die Neutralitätsinitiative abgelehnt.","https://thumb.wikimedia.org/wikipedia/commons/thumb/b/b6/Wappen_Au_Kanton_St._Gallen.svg/250px-Wappen_Au_Kanton_St._Gallen.svg.png"
3232,50,0,0,"Balgach SG","Die Resultate dieser Gemeinde sind noch nicht bekannt.","https://thumb.wikimedia.org/wikipedia/commons/thumb/8/82/Balgach-blazon.svg/250px-Balgach-blazon.svg.png"
3233,37.2,37.2,62.8,"Berneck SG","Mit 62,8 Prozent wird die Neutralitätsinitiative in Berneck verworfen.","https://thumb.wikimedia.org/wikipedia/commons/thumb/1/1a/Berneck-blazon.svg/250px-Berneck-blazon.svg.png"
3234,35.3,35.3,64.7,"Diepoldsau SG","64,7 Prozent der Stimmbürgerinnen und Stimmbürger von Diepoldsau haben die Neutralitätsinitiative abgelehnt.","https://upload.wikimedia.org/wikipedia/commons/f/fe/Coat_Diepoldsau.gif"
3235,40.5,40.5,59.5,"Rheineck SG","Nein zur Neutralitätsinitiative in Rheineck: 59,5 Prozent.","https://thumb.wikimedia.org/wikipedia/commons/thumb/b/ba/Rheineck-coat_of_arms.svg/500px-Rheineck-coat_of_arms.svg.png"
3236,41.5,41.5,58.5,"St. Margrethen SG","In St. Margrethen ist die Neutralitätsinitiative mit 58,5 Prozent der Stimmen gescheitert.","https://thumb.wikimedia.org/wikipedia/commons/thumb/7/75/StMargrethen-blazon.svg/250px-StMargrethen-blazon.svg.png"
3237,38.3,38.3,61.7,"Thal SG","Nein zur Neutralitätsinitiative in Thal: 61,7 Prozent.","https://thumb.wikimedia.org/wikipedia/commons/thumb/4/4f/Thal_SG-blazon.svg/250px-Thal_SG-blazon.svg.png"
3238,38.8,38.8,61.2,"Widnau SG","Mit 61,2 Prozent wird die Neutralitätsinitiative in Widnau verworfen.","https://thumb.wikimedia.org/wikipedia/commons/thumb/b/b8/Widnau-blazon.svg/250px-Widnau-blazon.svg.png"
3251,39.9,39.9,60.1,"Altstätten SG","Nein zur Neutralitätsinitiative in Altstätten: 60,1 Prozent.","https://thumb.wikimedia.org/wikipedia/commons/thumb/2/2e/CHE_Altst%C3%A4tten_SG_COA.svg/500px-CHE_Altst%C3%A4tten_SG_COA.svg.png"
3252,51.7,51.7,48.3,"Eichberg SG","Eichberg hat die Neutralitätsinitiative angenommen; der Ja-Stimmen-Anteil liegt bei 51,7 Prozent.","https://thumb.wikimedia.org/wikipedia/commons/thumb/0/09/CHE_Eichberg_COA.svg/500px-CHE_Eichberg_COA.svg.png"
3253,37.1,37.1,62.9,"Marbach SG","In Marbach SG ist die Neutralitätsinitiative mit 62,9 Prozent der Stimmen gescheitert.","https://thumb.wikimedia.org/wikipedia/commons/thumb/1/1e/Marbach-blazon.svg/250px-Marbach-blazon.svg.png"
3254,47.3,47.3,52.7,"Oberriet SG","52,7 Prozent der Stimmbürgerinnen und Stimmbürger von Oberriet SG sprechen sich gegen die Neutralitätsinitiative aus.","https://thumb.wikimedia.org/wikipedia/commons/thumb/2/2d/Oberriet-blazon.svg/250px-Oberriet-blazon.svg.png"
3255,50,0,0,"Rebstein SG","Die Resultate dieser Gemeinde sind noch nicht bekannt.","https://thumb.wikimedia.org/wikipedia/commons/thumb/1/12/Rebstein-blazon.svg/250px-Rebstein-blazon.svg.png"
3256,44.1,44.1,55.9,"Rüthi SG","In Rüthi SG ist die Neutralitätsinitiative mit 55,9 Prozent der Stimmen gescheitert.","https://thumb.wikimedia.org/wikipedia/commons/thumb/7/77/R%C3%BCthi-blazon.svg/250px-R%C3%BCthi-blazon.svg.png"
3271,34.1,34.1,65.9,"Buchs SG","In Buchs SG ist die Neutralitätsinitiative mit 65,9 Prozent der Stimmen gescheitert.","https://thumb.wikimedia.org/wikipedia/commons/thumb/e/e8/CHE_Buchs_SG_COA.svg/500px-CHE_Buchs_SG_COA.svg.png"
3272,50,0,0,"Gams SG","Die Resultate dieser Gemeinde sind noch nicht bekannt.","https://thumb.wikimedia.org/wikipedia/commons/thumb/c/c1/Gams-blazon.svg/250px-Gams-blazon.svg.png"
3273,34.9,34.9,65.1,"Grabs SG","65,1 Prozent der Stimmbürgerinnen und Stimmbürger von Grabs haben die Neutralitätsinitiative abgelehnt.","https://thumb.wikimedia.org/wikipedia/commons/thumb/7/77/Grabs-blazon.svg/250px-Grabs-blazon.svg.png"
3274,50,0,0,"Sennwald SG","Die Resultate dieser Gemeinde sind noch nicht bekannt.","https://thumb.wikimedia.org/wikipedia/commons/thumb/4/45/CHE_Sennwald_COA.svg/500px-CHE_Sennwald_COA.svg.png"
3275,41,41,59,"Sevelen SG","In Sevelen ist die Neutralitätsinitiative mit 59 Prozent der Stimmen gescheitert.","https://thumb.wikimedia.org/wikipedia/commons/thumb/2/23/CHE_Sevelen_COA.svg/500px-CHE_Sevelen_COA.svg.png"
3276,39.3,39.3,60.7,"Wartau SG","Nein zur Neutralitätsinitiative in Wartau: 60,7 Prozent.","https://thumb.wikimedia.org/wikipedia/commons/thumb/a/ac/CHE_Wartau_COA.svg/960px-CHE_Wartau_COA.svg.png"
3291,31.1,31.1,68.9,"Bad Ragaz SG","68,9 Prozent der Stimmbürgerinnen und Stimmbürger von Bad Ragaz sprechen sich gegen die Neutralitätsinitiative aus.","https://thumb.wikimedia.org/wikipedia/commons/thumb/8/8b/BadRagaz-blazon.svg/250px-BadRagaz-blazon.svg.png"
3292,45.8,45.8,54.2,"Flums SG","54,2 Prozent der Stimmbürgerinnen und Stimmbürger von Flums haben die Neutralitätsinitiative abgelehnt.","https://thumb.wikimedia.org/wikipedia/commons/thumb/7/7e/Flums-blazon.svg/250px-Flums-blazon.svg.png"
3293,39.7,39.7,60.3,"Mels SG","60,3 Prozent der Stimmbürgerinnen und Stimmbürger von Mels haben die Neutralitätsinitiative abgelehnt.","https://thumb.wikimedia.org/wikipedia/commons/thumb/5/5c/CHE_Mels_COA.svg/960px-CHE_Mels_COA.svg.png"
3294,44.3,44.3,55.7,"Pfäfers SG","55,7 Prozent der Stimmbürgerinnen und Stimmbürger von Pfäfers haben die Neutralitätsinitiative abgelehnt.","https://thumb.wikimedia.org/wikipedia/commons/thumb/4/4f/Pf%C3%A4fers-blazon.svg/250px-Pf%C3%A4fers-blazon.svg.png"
3295,44.2,44.2,55.8,"Quarten SG","55,8 Prozent der Stimmbürgerinnen und Stimmbürger von Quarten haben die Neutralitätsinitiative abgelehnt.","https://thumb.wikimedia.org/wikipedia/commons/thumb/1/1f/Quarten-blazon.svg/250px-Quarten-blazon.svg.png"
3296,32.1,32.1,67.9,"Sargans SG","67,9 Prozent der Stimmbürgerinnen und Stimmbürger von Sargans haben die Neutralitätsinitiative abgelehnt.","https://thumb.wikimedia.org/wikipedia/commons/thumb/a/a1/CHE_Sargans_COA.svg/500px-CHE_Sargans_COA.svg.png"
3297,36.4,36.4,63.6,"Vilters-Wangs SG","In Vilters-Wangs ist die Neutralitätsinitiative mit 63,6 Prozent der Stimmen gescheitert.","https://thumb.wikimedia.org/wikipedia/commons/thumb/f/fe/ViltersWangs-blazon.svg/250px-ViltersWangs-blazon.svg.png"
3298,32.8,32.8,67.2,"Walenstadt SG","67,2 Prozent der Stimmbürgerinnen und Stimmbürger von Walenstadt sprechen sich gegen die Neutralitätsinitiative aus.","https://thumb.wikimedia.org/wikipedia/commons/thumb/a/a1/CHE_Walenstadt_COA.svg/960px-CHE_Walenstadt_COA.svg.png"
3311,50,0,0,"Amden SG","Die Resultate dieser Gemeinde sind noch nicht bekannt.","https://thumb.wikimedia.org/wikipedia/commons/thumb/f/f5/Amden-blazon.svg/250px-Amden-blazon.svg.png"
3312,47.8,47.8,52.2,"Benken SG","Nein zur Neutralitätsinitiative in Benken SG: 52,2 Prozent.","https://thumb.wikimedia.org/wikipedia/commons/thumb/e/e7/Benken_SG-blazon.svg/250px-Benken_SG-blazon.svg.png"
3313,46.2,46.2,53.8,"Kaltbrunn SG","In Kaltbrunn ist die Neutralitätsinitiative mit 53,8 Prozent der Stimmen gescheitert.","https://thumb.wikimedia.org/wikipedia/commons/thumb/1/13/Kaltbrunn-blazon.svg/250px-Kaltbrunn-blazon.svg.png"
3315,50,0,0,"Schänis SG","Die Resultate dieser Gemeinde sind noch nicht bekannt.","https://thumb.wikimedia.org/wikipedia/commons/thumb/f/f5/Sch%C3%A4nis-blazon.svg/250px-Sch%C3%A4nis-blazon.svg.png"
3316,41.1,41.1,58.9,"Weesen SG","58,9 Prozent der Stimmbürgerinnen und Stimmbürger von Weesen sprechen sich gegen die Neutralitätsinitiative aus.","https://thumb.wikimedia.org/wikipedia/commons/thumb/5/51/Wappen_Weesen.svg/500px-Wappen_Weesen.svg.png"
3338,35.5,35.5,64.5,"Schmerikon SG","64,5 Prozent der Stimmbürgerinnen und Stimmbürger von Schmerikon haben die Neutralitätsinitiative abgelehnt.","https://thumb.wikimedia.org/wikipedia/commons/thumb/3/31/Wappen_Schmerikon.svg/500px-Wappen_Schmerikon.svg.png"
3339,36.8,36.8,63.2,"Uznach SG","Mit 63,2 Prozent wird die Neutralitätsinitiative in Uznach verworfen.","https://thumb.wikimedia.org/wikipedia/commons/thumb/f/f1/CHE_Uznach_COA.svg/960px-CHE_Uznach_COA.svg.png"
3340,50,0,0,"Rapperswil-Jona SG","Die Resultate dieser Gemeinde sind noch nicht bekannt.","https://thumb.wikimedia.org/wikipedia/commons/thumb/e/ee/Rapperswil-Jona_CoA.svg/500px-Rapperswil-Jona_CoA.svg.png"
3341,46.5,46.5,53.5,"Gommiswald SG","53,5 Prozent der Stimmbürgerinnen und Stimmbürger von Gommiswald haben die Neutralitätsinitiative abgelehnt.","https://thumb.wikimedia.org/wikipedia/commons/thumb/3/3f/CHE_Gommiswald_COA.svg/250px-CHE_Gommiswald_COA.svg.png"
3342,45,45,55,"Eschenbach SG","55 Prozent der Stimmbürgerinnen und Stimmbürger von Eschenbach SG sprechen sich gegen die Neutralitätsinitiative aus.","https://thumb.wikimedia.org/wikipedia/commons/thumb/0/02/CHE_Eschenbach_SG_COA.svg/250px-CHE_Eschenbach_SG_COA.svg.png"
3352,50,0,0,"Ebnat-Kappel SG","Die Resultate dieser Gemeinde sind noch nicht bekannt.","https://thumb.wikimedia.org/wikipedia/commons/thumb/2/24/EbnatKappel-blazon.svg/250px-EbnatKappel-blazon.svg.png"
3359,50,0,0,"Wildhaus-Alt St. Johann SG","Die Resultate dieser Gemeinde sind noch nicht bekannt.","https://thumb.wikimedia.org/wikipedia/commons/thumb/d/dd/CHE_Wildhaus-Alt_St._Johann_COA.svg/250px-CHE_Wildhaus-Alt_St._Johann_COA.svg.png"
3360,50,0,0,"Nesslau SG","Die Resultate dieser Gemeinde sind noch nicht bekannt.","https://thumb.wikimedia.org/wikipedia/commons/thumb/4/49/Nesslau-blazon.svg/250px-Nesslau-blazon.svg.png"
3374,32.5,32.5,67.5,"Lichtensteig SG","67,5 Prozent der Stimmbürgerinnen und Stimmbürger von Lichtensteig haben die Neutralitätsinitiative abgelehnt.","https://thumb.wikimedia.org/wikipedia/commons/thumb/2/23/Wappen_Lichtensteig.svg/250px-Wappen_Lichtensteig.svg.png"
3379,50,0,0,"Wattwil SG","Die Resultate dieser Gemeinde sind noch nicht bekannt.","https://thumb.wikimedia.org/wikipedia/commons/thumb/8/8f/CHE_Wattwil_COA.svg/960px-CHE_Wattwil_COA.svg.png"
3392,42.6,42.6,57.4,"Kirchberg SG","In Kirchberg SG ist die Neutralitätsinitiative mit 57,4 Prozent der Stimmen gescheitert.","https://thumb.wikimedia.org/wikipedia/commons/thumb/0/00/Kirchberg_SG-blazon.svg/250px-Kirchberg_SG-blazon.svg.png"
3393,45.5,45.5,54.5,"Lütisburg SG","In Lütisburg ist die Neutralitätsinitiative mit 54,5 Prozent der Stimmen gescheitert.","https://thumb.wikimedia.org/wikipedia/commons/thumb/b/bd/Wappen_L%C3%BCtisburg.svg/960px-Wappen_L%C3%BCtisburg.svg.png"
3394,50,0,0,"Mosnang SG","Die Resultate dieser Gemeinde sind noch nicht bekannt.","https://thumb.wikimedia.org/wikipedia/commons/thumb/4/45/Mosnang-blazon.svg/250px-Mosnang-blazon.svg.png"
3395,50,0,0,"Bütschwil-Ganterschwil SG","Die Resultate dieser Gemeinde sind noch nicht bekannt.","https://thumb.wikimedia.org/wikipedia/commons/thumb/f/fc/CHE_B%C3%BCtschwil-Ganterschwil_COA.svg/250px-CHE_B%C3%BCtschwil-Ganterschwil_COA.svg.png"
3396,50,0,0,"Neckertal SG","Die Resultate dieser Gemeinde sind noch nicht bekannt.","https://thumb.wikimedia.org/wikipedia/commons/thumb/4/41/CHE_Neckertal_COA.svg/960px-CHE_Neckertal_COA.svg.png"
3401,33.1,33.1,66.9,"Degersheim SG","Nein zur Neutralitätsinitiative in Degersheim: 66,9 Prozent.","https://thumb.wikimedia.org/wikipedia/commons/thumb/a/a3/CHE_Degersheim_COA.svg/500px-CHE_Degersheim_COA.svg.png"
3402,50,0,0,"Flawil SG","Die Resultate dieser Gemeinde sind noch nicht bekannt.","https://thumb.wikimedia.org/wikipedia/commons/thumb/6/61/Wappen_Flawil.svg/960px-Wappen_Flawil.svg.png"
3405,34.7,34.7,65.3,"Jonschwil SG","Mit 65,3 Prozent wird die Neutralitätsinitiative in Jonschwil verworfen.","https://thumb.wikimedia.org/wikipedia/commons/thumb/c/c7/Jonschwil-blazon.svg/250px-Jonschwil-blazon.svg.png"
3407,37.1,37.1,62.9,"Oberuzwil SG","In Oberuzwil ist die Neutralitätsinitiative mit 62,9 Prozent der Stimmen gescheitert.","https://thumb.wikimedia.org/wikipedia/commons/thumb/e/e9/Oberuzwil-coat_of_arms.svg/250px-Oberuzwil-coat_of_arms.svg.png"
3408,35,35,65,"Uzwil SG","65 Prozent der Stimmbürgerinnen und Stimmbürger von Uzwil haben die Neutralitätsinitiative abgelehnt.","https://thumb.wikimedia.org/wikipedia/commons/thumb/0/0f/CHE_Uzwil_COA.svg/960px-CHE_Uzwil_COA.svg.png"
3422,45.7,45.7,54.3,"Niederbüren SG","Mit 54,3 Prozent wird die Neutralitätsinitiative in Niederbüren verworfen.","https://thumb.wikimedia.org/wikipedia/commons/thumb/7/7f/Niederb%C3%BCren-blazon.svg/250px-Niederb%C3%BCren-blazon.svg.png"
3423,38.7,38.7,61.3,"Niederhelfenschwil SG","61,3 Prozent der Stimmbürgerinnen und Stimmbürger von Niederhelfenschwil sprechen sich gegen die Neutralitätsinitiative aus.","https://thumb.wikimedia.org/wikipedia/commons/thumb/9/9a/Niederhelfenschwil-blazon.svg/250px-Niederhelfenschwil-blazon.svg.png"
3424,40.6,40.6,59.4,"Oberbüren SG","In Oberbüren ist die Neutralitätsinitiative mit 59,4 Prozent der Stimmen gescheitert.","https://thumb.wikimedia.org/wikipedia/commons/thumb/6/6d/Oberb%C3%BCren-blazon.svg/250px-Oberb%C3%BCren-blazon.svg.png"
3426,34.6,34.6,65.4,"Zuzwil SG","65,4 Prozent der Stimmbürgerinnen und Stimmbürger von Zuzwil SG sprechen sich gegen die Neutralitätsinitiative aus.","https://thumb.wikimedia.org/wikipedia/commons/thumb/8/8f/Zuzwil_SG-blazon.svg/250px-Zuzwil_SG-blazon.svg.png"
3427,50,0,0,"Wil SG","Die Resultate dieser Gemeinde sind noch nicht bekannt.","https://thumb.wikimedia.org/wikipedia/commons/thumb/1/17/CHE_Wil_SG_COA.svg/960px-CHE_Wil_SG_COA.svg.png"
3441,30.8,30.8,69.2,"Andwil SG","69,2 Prozent der Stimmbürgerinnen und Stimmbürger von Andwil SG haben die Neutralitätsinitiative abgelehnt.","https://thumb.wikimedia.org/wikipedia/commons/thumb/7/70/Andwil_SG-blazon.svg/250px-Andwil_SG-blazon.svg.png"
3442,50,0,0,"Gaiserwald SG","Die Resultate dieser Gemeinde sind noch nicht bekannt.","https://thumb.wikimedia.org/wikipedia/commons/thumb/6/6b/Gaiserwald-blazon.svg/250px-Gaiserwald-blazon.svg.png"
3443,32.2,32.2,67.8,"Gossau SG","In Gossau SG ist die Neutralitätsinitiative mit 67,8 Prozent der Stimmen gescheitert.","https://thumb.wikimedia.org/wikipedia/commons/thumb/4/4e/Gossau_SG-blazon.svg/250px-Gossau_SG-blazon.svg.png"
3444,37.7,37.7,62.3,"Waldkirch SG","Nein zur Neutralitätsinitiative in Waldkirch: 62,3 Prozent.","https://thumb.wikimedia.org/wikipedia/commons/thumb/9/9e/Waldkirch-blazon.svg/250px-Waldkirch-blazon.svg.png"
3506,50,0,0,"Vaz/Obervaz GR","Die Resultate dieser Gemeinde sind noch nicht bekannt.","https://thumb.wikimedia.org/wikipedia/commons/thumb/2/25/CHE_Vaz-Obervaz_COA.svg/250px-CHE_Vaz-Obervaz_COA.svg.png"
3513,23,23,77,"Lantsch/Lenz GR","Mit 77 Prozent wird die Neutralitätsinitiative in Lantsch/Lenz verworfen.","https://thumb.wikimedia.org/wikipedia/commons/thumb/d/d1/CHE_Lantsch-Lenz_COA.svg/250px-CHE_Lantsch-Lenz_COA.svg.png"
3514,43.3,43.3,56.7,"Schmitten GR","Mit 38 Nein- zu 29 Ja-Stimmen lehnt Schmitten GR die Neutralitätsinitiative ab.","https://thumb.wikimedia.org/wikipedia/commons/thumb/2/21/CHE_Schmitten_GR_COA.svg/250px-CHE_Schmitten_GR_COA.svg.png"
3542,36.4,36.4,63.6,"Albula/Alvra GR","Nein zur Neutralitätsinitiative in Albula/Alvra: 63,6 Prozent.","https://thumb.wikimedia.org/wikipedia/commons/thumb/a/ac/CHE_Albula-Alvra_COA.svg/250px-CHE_Albula-Alvra_COA.svg.png"
3543,29.8,29.8,70.2,"Surses GR","Mit 70,2 Prozent wird die Neutralitätsinitiative in Surses verworfen.","https://thumb.wikimedia.org/wikipedia/commons/thumb/7/7e/CHE_Surses_COA.svg/250px-CHE_Surses_COA.svg.png"
3544,28.6,28.6,71.4,"Bergün Filisur GR","Mit 71,4 Prozent wird die Neutralitätsinitiative in Bergün Filisur verworfen.","https://thumb.wikimedia.org/wikipedia/commons/thumb/7/77/CHE_Berg%C3%BCn_Filisur_COA.svg/250px-CHE_Berg%C3%BCn_Filisur_COA.svg.png"
3551,53.2,53.2,46.8,"Brusio GR","Die Neutralitätsinitiative erreicht in Brusio 53,2 Prozent Ja-Stimmen.","https://thumb.wikimedia.org/wikipedia/commons/thumb/d/d9/CHE_Brusio_COA.svg/250px-CHE_Brusio_COA.svg.png"
3561,44.6,44.6,55.4,"Poschiavo GR","In Poschiavo ist die Neutralitätsinitiative mit 55,4 Prozent der Stimmen gescheitert.","https://thumb.wikimedia.org/wikipedia/commons/thumb/1/17/CHE_Poschiavo_COA.svg/250px-CHE_Poschiavo_COA.svg.png"
3572,32.6,32.6,67.4,"Falera GR","In Falera ist die Neutralitätsinitiative mit 67,4 Prozent der Stimmen gescheitert.","https://thumb.wikimedia.org/wikipedia/commons/thumb/c/c0/CHE_Falera_COA.svg/250px-CHE_Falera_COA.svg.png"
3575,31.2,31.2,68.8,"Laax GR","68,8 Prozent der Stimmbürgerinnen und Stimmbürger von Laax haben die Neutralitätsinitiative abgelehnt.","https://thumb.wikimedia.org/wikipedia/commons/thumb/d/d2/CHE_Laax_COA.svg/250px-CHE_Laax_COA.svg.png"
3581,21.5,21.5,78.5,"Sagogn GR","Mit 78,5 Prozent wird die Neutralitätsinitiative in Sagogn verworfen.","https://thumb.wikimedia.org/wikipedia/commons/thumb/e/e9/CHE_Sagogn_COA.svg/250px-CHE_Sagogn_COA.svg.png"
3582,39.6,39.6,60.4,"Schluein GR","60,4 Prozent der Stimmbürgerinnen und Stimmbürger von Schluein haben die Neutralitätsinitiative abgelehnt.","https://thumb.wikimedia.org/wikipedia/commons/thumb/3/3a/CHE_Schluein_COA.svg/250px-CHE_Schluein_COA.svg.png"
3603,18.8,18.8,81.2,"Vals GR","Mit 81,2 Prozent wird die Neutralitätsinitiative in Vals verworfen.","https://thumb.wikimedia.org/wikipedia/commons/thumb/0/07/CHE_Vals_COA.svg/960px-CHE_Vals_COA.svg.png"
3618,50,0,0,"Lumnezia GR","Die Resultate dieser Gemeinde sind noch nicht bekannt.","https://thumb.wikimedia.org/wikipedia/commons/thumb/9/9a/CHE_Lumnezia_COA.svg/250px-CHE_Lumnezia_COA.svg.png"
3619,34.9,34.9,65.1,"Ilanz/Glion GR","65,1 Prozent der Stimmbürgerinnen und Stimmbürger von Ilanz/Glion haben die Neutralitätsinitiative abgelehnt.","https://thumb.wikimedia.org/wikipedia/commons/thumb/b/bc/CHE_Ilanz-Glion_COA.svg/250px-CHE_Ilanz-Glion_COA.svg.png"
3633,39.1,39.1,60.9,"Fürstenau GR","In Fürstenau ist die Neutralitätsinitiative mit 60,9 Prozent der Stimmen gescheitert.","https://thumb.wikimedia.org/wikipedia/commons/thumb/a/a1/CHE_F%C3%BCrstenau_COA.svg/960px-CHE_F%C3%BCrstenau_COA.svg.png"
3637,36.8,36.8,63.2,"Rothenbrunnen GR","63,2 Prozent der Stimmbürgerinnen und Stimmbürger von Rothenbrunnen haben die Neutralitätsinitiative abgelehnt.","https://thumb.wikimedia.org/wikipedia/commons/thumb/3/37/CHE_Rothenbrunnen_COA.svg/250px-CHE_Rothenbrunnen_COA.svg.png"
3638,36.1,36.1,63.9,"Scharans GR","In Scharans ist die Neutralitätsinitiative mit 63,9 Prozent der Stimmen gescheitert.","https://thumb.wikimedia.org/wikipedia/commons/thumb/c/c5/CHE_Scharans_COA.svg/250px-CHE_Scharans_COA.svg.png"
3640,35.2,35.2,64.8,"Sils im Domleschg GR","64,8 Prozent der Stimmbürgerinnen und Stimmbürger von Sils im Domleschg haben die Neutralitätsinitiative abgelehnt.","https://thumb.wikimedia.org/wikipedia/commons/thumb/c/cb/CHE_Sils_im_Domleschg_COA.svg/250px-CHE_Sils_im_Domleschg_COA.svg.png"
3661,38.8,38.8,61.2,"Cazis GR","Nein zur Neutralitätsinitiative in Cazis: 61,2 Prozent.","https://thumb.wikimedia.org/wikipedia/commons/thumb/a/a9/CHE_Cazis_COA.svg/250px-CHE_Cazis_COA.svg.png"
3662,33.3,33.3,66.7,"Flerden GR","66,7 Prozent der Stimmbürgerinnen und Stimmbürger von Flerden haben die Neutralitätsinitiative abgelehnt.","https://thumb.wikimedia.org/wikipedia/commons/thumb/4/42/CHE_Flerden_COA.svg/250px-CHE_Flerden_COA.svg.png"
3663,22.6,22.6,77.4,"Masein GR","77,4 Prozent der Stimmbürgerinnen und Stimmbürger von Masein haben die Neutralitätsinitiative abgelehnt.","https://thumb.wikimedia.org/wikipedia/commons/thumb/c/ce/CHE_Masein_COA.svg/960px-CHE_Masein_COA.svg.png"
3668,34,34,66,"Thusis GR","66 Prozent der Stimmbürgerinnen und Stimmbürger von Thusis haben die Neutralitätsinitiative abgelehnt.","https://thumb.wikimedia.org/wikipedia/commons/thumb/2/2b/CHE_Thusis_COA.svg/250px-CHE_Thusis_COA.svg.png"
3669,31,31,69,"Tschappina GR","Mit 58 Nein- zu 26 Ja-Stimmen lehnt Tschappina die Neutralitätsinitiative ab.","https://thumb.wikimedia.org/wikipedia/commons/thumb/f/f4/CHE_Tschappina_COA.svg/250px-CHE_Tschappina_COA.svg.png"
3670,35.7,35.7,64.3,"Urmein GR","Urmein verwirft die Neutralitätsinitiative mit 54 zu 30 Stimmen.","https://thumb.wikimedia.org/wikipedia/commons/thumb/c/c4/CHE_Urmein_COA.svg/250px-CHE_Urmein_COA.svg.png"
3672,33.5,33.5,66.5,"Safiental GR","Nein zur Neutralitätsinitiative in Safiental: 66,5 Prozent.","https://thumb.wikimedia.org/wikipedia/commons/thumb/4/4b/CHE_Safiental_COA.svg/250px-CHE_Safiental_COA.svg.png"
3673,29.9,29.9,70.1,"Domleschg GR","70,1 Prozent der Stimmbürgerinnen und Stimmbürger von Domleschg haben die Neutralitätsinitiative abgelehnt.","https://thumb.wikimedia.org/wikipedia/commons/thumb/a/a0/CHE_Domleschg_COA.svg/250px-CHE_Domleschg_COA.svg.png"
3681,24.3,24.3,75.7,"Avers GR","Avers verwirft die Neutralitätsinitiative mit 56 zu 18 Stimmen.","https://thumb.wikimedia.org/wikipedia/commons/thumb/6/6f/CHE_Avers_COA.svg/960px-CHE_Avers_COA.svg.png"
3695,22.1,22.1,77.9,"Sufers GR","Sufers verwirft die Neutralitätsinitiative mit 53 zu 15 Stimmen.","https://thumb.wikimedia.org/wikipedia/commons/thumb/5/54/CHE_Sufers_COA.svg/250px-CHE_Sufers_COA.svg.png"
3701,29.4,29.4,70.6,"Andeer GR","In Andeer ist die Neutralitätsinitiative mit 70,6 Prozent der Stimmen gescheitert.","https://thumb.wikimedia.org/wikipedia/commons/thumb/b/b2/CHE_Andeer_COA.svg/250px-CHE_Andeer_COA.svg.png"
3711,48,48,52,"Rongellen GR","Rongellen verwirft die Neutralitätsinitiative mit 13 zu 12 Stimmen.","https://thumb.wikimedia.org/wikipedia/commons/thumb/e/ef/CHE_Rongellen_COA.svg/250px-CHE_Rongellen_COA.svg.png"
3712,35.2,35.2,64.8,"Zillis-Reischen GR","64,8 Prozent der Stimmbürgerinnen und Stimmbürger von Zillis-Reischen sprechen sich gegen die Neutralitätsinitiative aus.","https://thumb.wikimedia.org/wikipedia/commons/thumb/b/b5/CHE_Zillis-Reischen_COA.svg/250px-CHE_Zillis-Reischen_COA.svg.png"
3713,44.8,44.8,55.2,"Ferrera GR","Mit 16 Nein- zu 13 Ja-Stimmen lehnt Ferrera die Neutralitätsinitiative ab.","https://thumb.wikimedia.org/wikipedia/commons/thumb/3/3d/CHE_Ferrera_COA.svg/250px-CHE_Ferrera_COA.svg.png"
3714,33.9,33.9,66.1,"Rheinwald GR","66,1 Prozent der Stimmbürgerinnen und Stimmbürger von Rheinwald haben die Neutralitätsinitiative abgelehnt.","https://thumb.wikimedia.org/wikipedia/commons/thumb/a/ac/CHE_Rheinwald_COA.svg/250px-CHE_Rheinwald_COA.svg.png"
3715,34,34,66,"Muntogna da Schons GR","Mit 66 Prozent wird die Neutralitätsinitiative in Muntogna da Schons verworfen.","https://thumb.wikimedia.org/wikipedia/commons/thumb/0/0a/CHE_Muntogna_da_Schons_COA.svg/250px-CHE_Muntogna_da_Schons_COA.svg.png"
3721,29.6,29.6,70.4,"Bonaduz GR","Mit 70,4 Prozent wird die Neutralitätsinitiative in Bonaduz verworfen.","https://thumb.wikimedia.org/wikipedia/commons/thumb/d/d5/CHE_Bonaduz_COA.svg/250px-CHE_Bonaduz_COA.svg.png"
3722,31,31,69,"Domat/Ems GR","69 Prozent der Stimmbürgerinnen und Stimmbürger von Domat/Ems haben die Neutralitätsinitiative abgelehnt.","https://thumb.wikimedia.org/wikipedia/commons/thumb/1/1f/CHE_Domat-Ems_COA.svg/250px-CHE_Domat-Ems_COA.svg.png"
3723,27.9,27.9,72.1,"Rhäzüns GR","72,1 Prozent der Stimmbürgerinnen und Stimmbürger von Rhäzüns haben die Neutralitätsinitiative abgelehnt.","https://thumb.wikimedia.org/wikipedia/commons/thumb/6/65/CHE_Rh%C3%A4z%C3%BCns_COA.svg/250px-CHE_Rh%C3%A4z%C3%BCns_COA.svg.png"
3731,27.3,27.3,72.7,"Felsberg GR","72,7 Prozent der Stimmbürgerinnen und Stimmbürger von Felsberg haben die Neutralitätsinitiative abgelehnt.","https://thumb.wikimedia.org/wikipedia/commons/thumb/3/3f/CHE_Felsberg_COA.svg/250px-CHE_Felsberg_COA.svg.png"
3732,24.3,24.3,75.7,"Flims GR","75,7 Prozent der Stimmbürgerinnen und Stimmbürger von Flims haben die Neutralitätsinitiative abgelehnt.","https://thumb.wikimedia.org/wikipedia/commons/thumb/9/92/CHE_Flims_COA.svg/250px-CHE_Flims_COA.svg.png"
3733,33.7,33.7,66.3,"Tamins GR","Mit 66,3 Prozent wird die Neutralitätsinitiative in Tamins verworfen.","https://thumb.wikimedia.org/wikipedia/commons/thumb/e/e5/CHE_Tamins_COA.svg/250px-CHE_Tamins_COA.svg.png"
3734,22.9,22.9,77.1,"Trin GR","Nein zur Neutralitätsinitiative in Trin: 77,1 Prozent.","https://thumb.wikimedia.org/wikipedia/commons/thumb/5/55/CHE_Trin_COA.svg/250px-CHE_Trin_COA.svg.png"
3746,33.5,33.5,66.5,"Zernez GR","Mit 66,5 Prozent wird die Neutralitätsinitiative in Zernez verworfen.","https://thumb.wikimedia.org/wikipedia/commons/thumb/e/eb/CHE_Zernez_COA.svg/250px-CHE_Zernez_COA.svg.png"
3752,59.5,59.5,40.5,"Samnaun GR","In Samnaun wird die Neutralitätsinitiative mit 59,5 Prozent angenommen.","https://thumb.wikimedia.org/wikipedia/commons/thumb/a/a3/CHE_Samnaun_COA.svg/250px-CHE_Samnaun_COA.svg.png"
3762,29.1,29.1,70.9,"Scuol GR","In Scuol ist die Neutralitätsinitiative mit 70,9 Prozent der Stimmen gescheitert.","https://thumb.wikimedia.org/wikipedia/commons/thumb/1/10/CHE_Scuol_COA.svg/250px-CHE_Scuol_COA.svg.png"
3764,36.5,36.5,63.5,"Valsot GR","63,5 Prozent der Stimmbürgerinnen und Stimmbürger von Valsot haben die Neutralitätsinitiative abgelehnt.","https://thumb.wikimedia.org/wikipedia/commons/thumb/b/b0/CHE_Valsot_COA.svg/250px-CHE_Valsot_COA.svg.png"
3781,27.2,27.2,72.8,"Bever GR","72,8 Prozent der Stimmbürgerinnen und Stimmbürger von Bever sprechen sich gegen die Neutralitätsinitiative aus.","https://thumb.wikimedia.org/wikipedia/commons/thumb/5/5b/CHE_Bever_COA.svg/250px-CHE_Bever_COA.svg.png"
3782,25.8,25.8,74.2,"Celerina/Schlarigna GR","Mit 74,2 Prozent wird die Neutralitätsinitiative in Celerina/Schlarigna verworfen.","https://thumb.wikimedia.org/wikipedia/commons/thumb/0/09/CHE_Celerina-Schlarigna_COA.svg/250px-CHE_Celerina-Schlarigna_COA.svg.png"
3783,41.2,41.2,58.8,"Madulain GR","Mit 47 Nein- zu 33 Ja-Stimmen lehnt Madulain die Neutralitätsinitiative ab.","https://thumb.wikimedia.org/wikipedia/commons/thumb/5/5e/CHE_Madulain_COA.svg/250px-CHE_Madulain_COA.svg.png"
3784,31.2,31.2,68.8,"Pontresina GR","68,8 Prozent der Stimmbürgerinnen und Stimmbürger von Pontresina haben die Neutralitätsinitiative abgelehnt.","https://thumb.wikimedia.org/wikipedia/commons/thumb/3/3f/CHE_Pontresina_COA.svg/250px-CHE_Pontresina_COA.svg.png"
3785,50,0,0,"La Punt-Chamues-ch GR","Die Resultate dieser Gemeinde sind noch nicht bekannt.","https://thumb.wikimedia.org/wikipedia/commons/thumb/5/55/CHE_La_Punt_Chamues-ch_COA.svg/250px-CHE_La_Punt_Chamues-ch_COA.svg.png"
3786,31.3,31.3,68.7,"Samedan GR","Mit 68,7 Prozent wird die Neutralitätsinitiative in Samedan verworfen.","https://thumb.wikimedia.org/wikipedia/commons/thumb/0/0e/CHE_Samedan_COA.svg/250px-CHE_Samedan_COA.svg.png"
3787,50,0,0,"St. Moritz GR","Die Resultate dieser Gemeinde sind noch nicht bekannt.","https://thumb.wikimedia.org/wikipedia/commons/thumb/8/84/CHE_St_Moritz_COA.svg/250px-CHE_St_Moritz_COA.svg.png"
3788,37.7,37.7,62.3,"S-chanf GR","Mit 62,3 Prozent wird die Neutralitätsinitiative in S-chanf verworfen.","https://thumb.wikimedia.org/wikipedia/commons/thumb/d/d5/CHE_S-chanf_COA.svg/250px-CHE_S-chanf_COA.svg.png"
3789,30.7,30.7,69.3,"Sils im Engadin/Segl GR","69,3 Prozent der Stimmbürgerinnen und Stimmbürger von Sils im Engadin/Segl haben die Neutralitätsinitiative abgelehnt.","https://thumb.wikimedia.org/wikipedia/commons/thumb/f/f7/CHE_Sils_im_Engadin_Segl_COA.svg/960px-CHE_Sils_im_Engadin_Segl_COA.svg.png"
3790,39.7,39.7,60.3,"Silvaplana GR","Mit 60,3 Prozent wird die Neutralitätsinitiative in Silvaplana verworfen.","https://thumb.wikimedia.org/wikipedia/commons/thumb/e/e4/CHE_Silvaplana_COA.svg/250px-CHE_Silvaplana_COA.svg.png"
3791,32.9,32.9,67.1,"Zuoz GR","In Zuoz ist die Neutralitätsinitiative mit 67,1 Prozent der Stimmen gescheitert.","https://thumb.wikimedia.org/wikipedia/commons/thumb/9/93/CHE_Zuoz_COA.svg/250px-CHE_Zuoz_COA.svg.png"
3792,33.2,33.2,66.8,"Bregaglia GR","66,8 Prozent der Stimmbürgerinnen und Stimmbürger von Bregaglia haben die Neutralitätsinitiative abgelehnt.","https://thumb.wikimedia.org/wikipedia/commons/thumb/9/96/CHE_Bregaglia_COA.svg/250px-CHE_Bregaglia_COA.svg.png"
3804,54.1,54.1,45.9,"Buseno GR","Die Neutralitätsinitiative wird in Buseno mit 20 zu 17 Stimmen angenommen.","https://thumb.wikimedia.org/wikipedia/commons/thumb/a/a6/CHE_Buseno_COA.svg/250px-CHE_Buseno_COA.svg.png"
3805,54.4,54.4,45.6,"Castaneda GR","Mit 54,4 Prozent befürworten die Stimmberechtigten von Castaneda die Neutralitätsinitiative.","https://thumb.wikimedia.org/wikipedia/commons/thumb/1/13/CHE_Castaneda_COA.svg/250px-CHE_Castaneda_COA.svg.png"
3808,60.6,60.6,39.4,"Rossa GR","Mit 57 Ja- zu 37 Nein-Stimmen nimmt Rossa die Neutralitätsinitiative an.","https://thumb.wikimedia.org/wikipedia/commons/thumb/0/0f/CHE_Rossa_COA.svg/250px-CHE_Rossa_COA.svg.png"
3810,67.3,67.3,32.7,"Santa Maria in Calanca GR","Mit 33 Ja- zu 16 Nein-Stimmen nimmt Santa Maria in Calanca die Neutralitätsinitiative an.","https://thumb.wikimedia.org/wikipedia/commons/thumb/d/dc/CHE_Santa_Maria_in_Calanca_COA.svg/250px-CHE_Santa_Maria_in_Calanca_COA.svg.png"
3821,58.3,58.3,41.7,"Lostallo GR","Die Neutralitätsinitiative erreicht in Lostallo 58,3 Prozent Ja-Stimmen.","https://thumb.wikimedia.org/wikipedia/commons/thumb/9/98/CHE_Lostallo_COA.svg/250px-CHE_Lostallo_COA.svg.png"
3822,59.3,59.3,40.7,"Mesocco GR","Die Neutralitätsinitiative erreicht in Mesocco 59,3 Prozent Ja-Stimmen.","https://thumb.wikimedia.org/wikipedia/commons/thumb/7/72/CHE_Mesocco_COA.svg/250px-CHE_Mesocco_COA.svg.png"
3823,56,56,44,"Soazza GR","In Soazza ist die Neutralitätsinitiative mit 56 Prozent der Stimmen angenommen worden.","https://thumb.wikimedia.org/wikipedia/commons/thumb/1/13/CHE_Soazza_COA.svg/250px-CHE_Soazza_COA.svg.png"
3831,57.7,57.7,42.3,"Cama GR","Die Neutralitätsinitiative erreicht in Cama 57,7 Prozent Ja-Stimmen.","https://thumb.wikimedia.org/wikipedia/commons/thumb/4/4b/CHE_Cama_COA.svg/250px-CHE_Cama_COA.svg.png"
3832,58.5,58.5,41.5,"Grono GR","In Grono wird die Neutralitätsinitiative mit 58,5 Prozent angenommen.","https://thumb.wikimedia.org/wikipedia/commons/thumb/7/7d/CHE_Grono_COA.svg/250px-CHE_Grono_COA.svg.png"
3834,58.7,58.7,41.3,"Roveredo GR","Ja zur Neutralitätsinitiative in Roveredo GR: 58,7 Prozent.","https://thumb.wikimedia.org/wikipedia/commons/thumb/0/05/CHE_Roveredo_COA.svg/250px-CHE_Roveredo_COA.svg.png"
3835,59.8,59.8,40.2,"San Vittore GR","Die Neutralitätsinitiative erreicht in San Vittore 59,8 Prozent Ja-Stimmen.","https://thumb.wikimedia.org/wikipedia/commons/thumb/4/4d/CHE_San_Vittore_COA.svg/250px-CHE_San_Vittore_COA.svg.png"
3837,31.4,31.4,68.6,"Calanca GR","Calanca verwirft die Neutralitätsinitiative mit 59 zu 27 Stimmen.","https://thumb.wikimedia.org/wikipedia/commons/thumb/b/b1/CHE_Calanca_GR_COA.svg/250px-CHE_Calanca_GR_COA.svg.png"
3847,33.2,33.2,66.8,"Val Müstair GR","66,8 Prozent der Stimmbürgerinnen und Stimmbürger von Val Müstair haben die Neutralitätsinitiative abgelehnt.","https://thumb.wikimedia.org/wikipedia/commons/thumb/8/8b/M%C3%BCnstertal_nach_S%C3%BCden.jpg/960px-M%C3%BCnstertal_nach_S%C3%BCden.jpg"
3851,29.5,29.5,70.5,"Davos GR","In Davos ist die Neutralitätsinitiative mit 70,5 Prozent der Stimmen gescheitert.","https://thumb.wikimedia.org/wikipedia/commons/thumb/3/39/CHE_Davos_COA.svg/250px-CHE_Davos_COA.svg.png"
3861,39.7,39.7,60.3,"Fideris GR","In Fideris ist die Neutralitätsinitiative mit 60,3 Prozent der Stimmen gescheitert.","https://thumb.wikimedia.org/wikipedia/commons/thumb/b/b6/CHE_Fideris_COA.svg/250px-CHE_Fideris_COA.svg.png"
3862,62.7,62.7,37.3,"Furna GR","Mit 52 Ja- zu 31 Nein-Stimmen nimmt Furna die Neutralitätsinitiative an.","https://thumb.wikimedia.org/wikipedia/commons/thumb/0/0c/CHE_Furna_COA.svg/250px-CHE_Furna_COA.svg.png"
3863,38.8,38.8,61.2,"Jenaz GR","Nein zur Neutralitätsinitiative in Jenaz: 61,2 Prozent.","https://thumb.wikimedia.org/wikipedia/commons/thumb/9/99/CHE_Jenaz_COA.svg/250px-CHE_Jenaz_COA.svg.png"
3871,37.9,37.9,62.1,"Klosters-Serneus GR","62,1 Prozent der Stimmbürgerinnen und Stimmbürger von Klosters-Serneus haben die Neutralitätsinitiative abgelehnt.","https://thumb.wikimedia.org/wikipedia/commons/thumb/5/56/CHE_Klosters-Serneus_COA.svg/250px-CHE_Klosters-Serneus_COA.svg.png"
3881,44.8,44.8,55.2,"Conters im Prättigau GR","Conters im Prättigau verwirft die Neutralitätsinitiative mit 48 zu 39 Stimmen.","https://thumb.wikimedia.org/wikipedia/commons/thumb/d/d3/CHE_Conters_im_Pr%C3%A4ttigau_COA.svg/250px-CHE_Conters_im_Pr%C3%A4ttigau_COA.svg.png"
3882,47.7,47.7,52.3,"Küblis GR","Mit 52,3 Prozent wird die Neutralitätsinitiative in Küblis verworfen.","https://thumb.wikimedia.org/wikipedia/commons/thumb/3/3b/CHE_K%C3%BCblis_COA.svg/250px-CHE_K%C3%BCblis_COA.svg.png"
3891,50.1,50.1,49.9,"Luzein GR","Ja zur Neutralitätsinitiative in Luzein: 50,1 Prozent.","https://thumb.wikimedia.org/wikipedia/commons/thumb/4/46/CHE_Luzein_COA.svg/250px-CHE_Luzein_COA.svg.png"
3901,50,0,0,"Chur GR","Die Resultate dieser Gemeinde sind noch nicht bekannt.","https://thumb.wikimedia.org/wikipedia/commons/thumb/5/5a/CHE_Chur_COA.svg/250px-CHE_Chur_COA.svg.png"
3911,29.8,29.8,70.2,"Churwalden GR","70,2 Prozent der Stimmbürgerinnen und Stimmbürger von Churwalden haben die Neutralitätsinitiative abgelehnt.","https://thumb.wikimedia.org/wikipedia/commons/thumb/0/00/CHE_Churwalden_COA.svg/960px-CHE_Churwalden_COA.svg.png"
3921,36.8,36.8,63.2,"Arosa GR","In Arosa ist die Neutralitätsinitiative mit 63,2 Prozent der Stimmen gescheitert.","https://thumb.wikimedia.org/wikipedia/commons/thumb/8/8c/CHE_Arosa_COA.svg/250px-CHE_Arosa_COA.svg.png"
3945,39.3,39.3,60.7,"Trimmis GR","In Trimmis ist die Neutralitätsinitiative mit 60,7 Prozent der Stimmen gescheitert.","https://thumb.wikimedia.org/wikipedia/commons/thumb/4/40/CHE_Trimmis_COA.svg/250px-CHE_Trimmis_COA.svg.png"
3946,37.9,37.9,62.1,"Untervaz GR","Mit 62,1 Prozent wird die Neutralitätsinitiative in Untervaz verworfen.","https://thumb.wikimedia.org/wikipedia/commons/thumb/b/b3/CHE_Untervaz_COA.svg/250px-CHE_Untervaz_COA.svg.png"
3947,33.5,33.5,66.5,"Zizers GR","66,5 Prozent der Stimmbürgerinnen und Stimmbürger von Zizers sprechen sich gegen die Neutralitätsinitiative aus.","https://thumb.wikimedia.org/wikipedia/commons/thumb/a/a8/CHE_Zizers_COA.svg/250px-CHE_Zizers_COA.svg.png"
3951,36,36,64,"Fläsch GR","Nein zur Neutralitätsinitiative in Fläsch: 64 Prozent.","https://thumb.wikimedia.org/wikipedia/commons/thumb/6/6a/CHE_Fl%C3%A4sch_COA.svg/250px-CHE_Fl%C3%A4sch_COA.svg.png"
3952,28.9,28.9,71.1,"Jenins GR","Mit 71,1 Prozent wird die Neutralitätsinitiative in Jenins verworfen.","https://thumb.wikimedia.org/wikipedia/commons/thumb/b/b9/CHE_Jenins_COA.svg/250px-CHE_Jenins_COA.svg.png"
3953,34.4,34.4,65.6,"Maienfeld GR","65,6 Prozent der Stimmbürgerinnen und Stimmbürger von Maienfeld haben die Neutralitätsinitiative abgelehnt.","https://thumb.wikimedia.org/wikipedia/commons/thumb/e/e9/CHE_Maienfeld_COA.svg/250px-CHE_Maienfeld_COA.svg.png"
3954,27,27,73,"Malans GR","Nein zur Neutralitätsinitiative in Malans: 73 Prozent.","https://thumb.wikimedia.org/wikipedia/commons/thumb/3/3e/CHE_Malans_COA.svg/250px-CHE_Malans_COA.svg.png"
3955,35.4,35.4,64.6,"Landquart GR","In Landquart ist die Neutralitätsinitiative mit 64,6 Prozent der Stimmen gescheitert.","https://thumb.wikimedia.org/wikipedia/commons/thumb/3/38/CHE_Landquart_COA.svg/250px-CHE_Landquart_COA.svg.png"
3961,41.2,41.2,58.8,"Grüsch GR","58,8 Prozent der Stimmbürgerinnen und Stimmbürger von Grüsch haben die Neutralitätsinitiative abgelehnt.","https://thumb.wikimedia.org/wikipedia/commons/thumb/4/48/CHE_Gr%C3%BCsch_COA.svg/250px-CHE_Gr%C3%BCsch_COA.svg.png"
3962,41.7,41.7,58.3,"Schiers GR","Mit 58,3 Prozent wird die Neutralitätsinitiative in Schiers verworfen.","https://thumb.wikimedia.org/wikipedia/commons/thumb/f/f7/CHE_Schiers_COA.svg/250px-CHE_Schiers_COA.svg.png"
3972,41.1,41.1,58.9,"Seewis im Prättigau GR","Nein zur Neutralitätsinitiative in Seewis im Prättigau: 58,9 Prozent.","https://thumb.wikimedia.org/wikipedia/commons/thumb/1/1c/CHE_Seewis_im_Pr%C3%A4ttigau_COA.svg/250px-CHE_Seewis_im_Pr%C3%A4ttigau_COA.svg.png"
3981,36,36,64,"Breil/Brigels GR","64 Prozent der Stimmbürgerinnen und Stimmbürger von Breil/Brigels sprechen sich gegen die Neutralitätsinitiative aus.","https://thumb.wikimedia.org/wikipedia/commons/thumb/8/84/CHE_Breil_Brigels_COA.svg/250px-CHE_Breil_Brigels_COA.svg.png"
3982,31.9,31.9,68.1,"Disentis/Mustér GR","In Disentis/Mustér ist die Neutralitätsinitiative mit 68,1 Prozent der Stimmen gescheitert.","https://thumb.wikimedia.org/wikipedia/commons/thumb/e/e5/CHE_Disentis_Muster_COA.svg/250px-CHE_Disentis_Muster_COA.svg.png"
3983,23.1,23.1,76.9,"Medel (Lucmagn) GR","76,9 Prozent der Stimmbürgerinnen und Stimmbürger von Medel (Lucmagn) haben die Neutralitätsinitiative abgelehnt.","https://thumb.wikimedia.org/wikipedia/commons/thumb/a/a5/CHE_Medel_%28Lucmagn%29_COA.svg/250px-CHE_Medel_%28Lucmagn%29_COA.svg.png"
3985,29.8,29.8,70.2,"Sumvitg GR","In Sumvitg ist die Neutralitätsinitiative mit 70,2 Prozent der Stimmen gescheitert.","https://thumb.wikimedia.org/wikipedia/commons/thumb/7/7a/CHE_Sumvitg_COA.svg/250px-CHE_Sumvitg_COA.svg.png"
3986,24.8,24.8,75.2,"Tujetsch GR","75,2 Prozent der Stimmbürgerinnen und Stimmbürger von Tujetsch haben die Neutralitätsinitiative abgelehnt.","https://thumb.wikimedia.org/wikipedia/commons/thumb/3/38/CHE_Tujetsch_COA.svg/250px-CHE_Tujetsch_COA.svg.png"
3987,29.3,29.3,70.7,"Trun GR","In Trun ist die Neutralitätsinitiative mit 70,7 Prozent der Stimmen gescheitert.","https://thumb.wikimedia.org/wikipedia/commons/thumb/8/8a/CHE_Trun_COA.svg/250px-CHE_Trun_COA.svg.png"
3988,37.1,37.1,62.9,"Obersaxen Mundaun GR","62,9 Prozent der Stimmbürgerinnen und Stimmbürger von Obersaxen Mundaun haben die Neutralitätsinitiative abgelehnt.","https://thumb.wikimedia.org/wikipedia/commons/thumb/6/64/CHE_Obersaxen_Mundaun_COA.svg/250px-CHE_Obersaxen_Mundaun_COA.svg.png"
4001,18.1,18.1,81.9,"Aarau AG","81,9 Prozent der Stimmbürgerinnen und Stimmbürger von Aarau haben die Neutralitätsinitiative abgelehnt. Sowohl Aarau als auch der Kanton Aargau verwerfen die Neutralitätsinitiative.","https://thumb.wikimedia.org/wikipedia/commons/thumb/e/e9/CHE_Aarau_corporate_design_COA.svg/960px-CHE_Aarau_corporate_design_COA.svg.png"
4002,20.4,20.4,79.6,"Biberstein AG","In Biberstein ist die Neutralitätsinitiative mit 79,6 Prozent der Stimmen gescheitert. Sowohl Biberstein als auch der Kanton Aargau verwerfen die Neutralitätsinitiative.","https://thumb.wikimedia.org/wikipedia/commons/thumb/a/a7/CHE_Biberstein_COA.svg/330px-CHE_Biberstein_COA.svg.png"
4003,25,25,75,"Buchs AG","Mit 75 Prozent wird die Neutralitätsinitiative in Buchs AG verworfen. Sowohl Buchs AG als auch der Kanton Aargau verwerfen die Neutralitätsinitiative.","https://thumb.wikimedia.org/wikipedia/commons/thumb/1/16/Wappen_Buchs_AG.svg/330px-Wappen_Buchs_AG.svg.png"
4004,35.7,35.7,64.3,"Densbüren AG","64,3 Prozent der Stimmbürgerinnen und Stimmbürger von Densbüren haben die Neutralitätsinitiative abgelehnt. Sowohl Densbüren als auch der Kanton Aargau verwerfen die Neutralitätsinitiative.","https://thumb.wikimedia.org/wikipedia/commons/thumb/b/b2/Wappen_Densb%C3%BCren.svg/330px-Wappen_Densb%C3%BCren.svg.png"
4005,28.8,28.8,71.2,"Erlinsbach AG","71,2 Prozent der Stimmbürgerinnen und Stimmbürger von Erlinsbach AG sprechen sich gegen die Neutralitätsinitiative aus. Sowohl Erlinsbach AG als auch der Kanton Aargau verwerfen die Neutralitätsinitiative.","https://thumb.wikimedia.org/wikipedia/commons/thumb/d/d2/CHE_Erlinsbach_AG_COA.svg/330px-CHE_Erlinsbach_AG_COA.svg.png"
4006,32.4,32.4,67.6,"Gränichen AG","67,6 Prozent der Stimmbürgerinnen und Stimmbürger von Gränichen haben die Neutralitätsinitiative abgelehnt. Sowohl Gränichen als auch der Kanton Aargau verwerfen die Neutralitätsinitiative.","https://thumb.wikimedia.org/wikipedia/commons/thumb/9/93/CHE_Gr%C3%A4nichen_AG_COA.svg/330px-CHE_Gr%C3%A4nichen_AG_COA.svg.png"
4007,33.9,33.9,66.1,"Hirschthal AG","66,1 Prozent der Stimmbürgerinnen und Stimmbürger von Hirschthal haben die Neutralitätsinitiative abgelehnt. Sowohl Hirschthal als auch der Kanton Aargau verwerfen die Neutralitätsinitiative.","https://thumb.wikimedia.org/wikipedia/commons/thumb/e/e4/Wappen_Hirschthal_AG.svg/330px-Wappen_Hirschthal_AG.svg.png"
4008,20.5,20.5,79.5,"Küttigen AG","Mit 79,5 Prozent wird die Neutralitätsinitiative in Küttigen verworfen. Sowohl Küttigen als auch der Kanton Aargau verwerfen die Neutralitätsinitiative.","https://thumb.wikimedia.org/wikipedia/commons/thumb/c/c8/CHE_K%C3%BCttigen_COA.svg/330px-CHE_K%C3%BCttigen_COA.svg.png"
4009,34.3,34.3,65.7,"Muhen AG","65,7 Prozent der Stimmbürgerinnen und Stimmbürger von Muhen haben die Neutralitätsinitiative abgelehnt. Sowohl Muhen als auch der Kanton Aargau verwerfen die Neutralitätsinitiative.","https://thumb.wikimedia.org/wikipedia/commons/thumb/0/06/Wappen_Muhen_AG.svg/330px-Wappen_Muhen_AG.svg.png"
4010,28.4,28.4,71.6,"Oberentfelden AG","Nein zur Neutralitätsinitiative in Oberentfelden: 71,6 Prozent. Sowohl Oberentfelden als auch der Kanton Aargau verwerfen die Neutralitätsinitiative.","https://thumb.wikimedia.org/wikipedia/commons/thumb/0/03/Wappen_Oberentfelden_AG.svg/330px-Wappen_Oberentfelden_AG.svg.png"
4012,21.9,21.9,78.1,"Suhr AG","Nein zur Neutralitätsinitiative in Suhr: 78,1 Prozent. Sowohl Suhr als auch der Kanton Aargau verwerfen die Neutralitätsinitiative.","https://thumb.wikimedia.org/wikipedia/commons/thumb/b/b8/Wappen_Suhr_AG.svg/330px-Wappen_Suhr_AG.svg.png"
4013,26.4,26.4,73.6,"Unterentfelden AG","73,6 Prozent der Stimmbürgerinnen und Stimmbürger von Unterentfelden haben die Neutralitätsinitiative abgelehnt. Sowohl Unterentfelden als auch der Kanton Aargau verwerfen die Neutralitätsinitiative.","https://thumb.wikimedia.org/wikipedia/commons/thumb/0/0e/CHE_Unterentfelden_COA.svg/330px-CHE_Unterentfelden_COA.svg.png"
4021,16.7,16.7,83.3,"Baden AG","Nein zur Neutralitätsinitiative in Baden: 83,3 Prozent. Sowohl Baden als auch der Kanton Aargau verwerfen die Neutralitätsinitiative.","https://thumb.wikimedia.org/wikipedia/commons/thumb/9/91/CHE_Baden_AG_COA.svg/500px-CHE_Baden_AG_COA.svg.png"
4022,29.3,29.3,70.7,"Bellikon AG","In Bellikon ist die Neutralitätsinitiative mit 70,7 Prozent der Stimmen gescheitert. Sowohl Bellikon als auch der Kanton Aargau verwerfen die Neutralitätsinitiative.","https://thumb.wikimedia.org/wikipedia/commons/thumb/6/69/CHE_Bellikon_COA.svg/330px-CHE_Bellikon_COA.svg.png"
4023,27.9,27.9,72.1,"Bergdietikon AG","72,1 Prozent der Stimmbürgerinnen und Stimmbürger von Bergdietikon haben die Neutralitätsinitiative abgelehnt. Sowohl Bergdietikon als auch der Kanton Aargau verwerfen die Neutralitätsinitiative.","https://thumb.wikimedia.org/wikipedia/commons/thumb/4/45/CHE_Bergdietikon_COA.svg/330px-CHE_Bergdietikon_COA.svg.png"
4024,28.4,28.4,71.6,"Birmenstorf AG","71,6 Prozent der Stimmbürgerinnen und Stimmbürger von Birmenstorf AG sprechen sich gegen die Neutralitätsinitiative aus. Sowohl Birmenstorf AG als auch der Kanton Aargau verwerfen die Neutralitätsinitiative.","https://thumb.wikimedia.org/wikipedia/commons/thumb/b/be/CHE_Birmenstorf_COA.svg/330px-CHE_Birmenstorf_COA.svg.png"
4026,11.4,11.4,88.6,"Ennetbaden AG","In Ennetbaden ist die Neutralitätsinitiative mit 88,6 Prozent der Stimmen gescheitert. Sowohl Ennetbaden als auch der Kanton Aargau verwerfen die Neutralitätsinitiative.","https://thumb.wikimedia.org/wikipedia/commons/thumb/6/6d/CHE_Ennetbaden_COA.svg/500px-CHE_Ennetbaden_COA.svg.png"
4027,26,26,74,"Fislisbach AG","Mit 74 Prozent wird die Neutralitätsinitiative in Fislisbach verworfen. Sowohl Fislisbach als auch der Kanton Aargau verwerfen die Neutralitätsinitiative.","https://thumb.wikimedia.org/wikipedia/commons/thumb/c/c3/CHE_Fislisbach_COA.svg/960px-CHE_Fislisbach_COA.svg.png"
4028,24.1,24.1,75.9,"Freienwil AG","In Freienwil ist die Neutralitätsinitiative mit 75,9 Prozent der Stimmen gescheitert. Sowohl Freienwil als auch der Kanton Aargau verwerfen die Neutralitätsinitiative.","https://thumb.wikimedia.org/wikipedia/commons/thumb/9/95/Wappen_Freienwil.svg/330px-Wappen_Freienwil.svg.png"
4029,25.9,25.9,74.1,"Gebenstorf AG","Mit 74,1 Prozent wird die Neutralitätsinitiative in Gebenstorf verworfen. Sowohl Gebenstorf als auch der Kanton Aargau verwerfen die Neutralitätsinitiative.","https://thumb.wikimedia.org/wikipedia/commons/thumb/6/65/Wappen_Gebenstorf_AG.svg/330px-Wappen_Gebenstorf_AG.svg.png"
4030,27.2,27.2,72.8,"Killwangen AG","72,8 Prozent der Stimmbürgerinnen und Stimmbürger von Killwangen sprechen sich gegen die Neutralitätsinitiative aus. Sowohl Killwangen als auch der Kanton Aargau verwerfen die Neutralitätsinitiative.","https://thumb.wikimedia.org/wikipedia/commons/thumb/e/e3/CHE_Killwangen_COA.svg/960px-CHE_Killwangen_COA.svg.png"
4031,30.7,30.7,69.3,"Künten AG","69,3 Prozent der Stimmbürgerinnen und Stimmbürger von Künten sprechen sich gegen die Neutralitätsinitiative aus. Sowohl Künten als auch der Kanton Aargau verwerfen die Neutralitätsinitiative.","https://thumb.wikimedia.org/wikipedia/commons/thumb/9/9f/Wappen_K%C3%BCnten_AG.svg/330px-Wappen_K%C3%BCnten_AG.svg.png"
4032,29.5,29.5,70.5,"Mägenwil AG","In Mägenwil ist die Neutralitätsinitiative mit 70,5 Prozent der Stimmen gescheitert. Sowohl Mägenwil als auch der Kanton Aargau verwerfen die Neutralitätsinitiative.","https://thumb.wikimedia.org/wikipedia/commons/thumb/b/ba/Wappen_M%C3%A4genwil_AG.svg/330px-Wappen_M%C3%A4genwil_AG.svg.png"
4033,28.8,28.8,71.2,"Mellingen AG","71,2 Prozent der Stimmbürgerinnen und Stimmbürger von Mellingen sprechen sich gegen die Neutralitätsinitiative aus. Sowohl Mellingen als auch der Kanton Aargau verwerfen die Neutralitätsinitiative.","https://thumb.wikimedia.org/wikipedia/commons/thumb/c/cb/Wappen_Mellingen_AG.svg/330px-Wappen_Mellingen_AG.svg.png"
4034,34.3,34.3,65.7,"Neuenhof AG","65,7 Prozent der Stimmbürgerinnen und Stimmbürger von Neuenhof sprechen sich gegen die Neutralitätsinitiative aus. Sowohl Neuenhof als auch der Kanton Aargau verwerfen die Neutralitätsinitiative.","https://thumb.wikimedia.org/wikipedia/commons/thumb/f/ff/CHE_Neuenhof_COA.svg/330px-CHE_Neuenhof_COA.svg.png"
4035,23.6,23.6,76.4,"Niederrohrdorf AG","In Niederrohrdorf ist die Neutralitätsinitiative mit 76,4 Prozent der Stimmen gescheitert. Sowohl Niederrohrdorf als auch der Kanton Aargau verwerfen die Neutralitätsinitiative.","https://thumb.wikimedia.org/wikipedia/commons/thumb/c/c3/Wappen_Niederrohrdorf_AG.svg/330px-Wappen_Niederrohrdorf_AG.svg.png"
4037,26.8,26.8,73.2,"Oberrohrdorf AG","73,2 Prozent der Stimmbürgerinnen und Stimmbürger von Oberrohrdorf haben die Neutralitätsinitiative abgelehnt. Sowohl Oberrohrdorf als auch der Kanton Aargau verwerfen die Neutralitätsinitiative.","https://thumb.wikimedia.org/wikipedia/commons/thumb/4/48/Wappen_Oberrohrdorf_AG.svg/330px-Wappen_Oberrohrdorf_AG.svg.png"
4038,21.6,21.6,78.4,"Obersiggenthal AG","78,4 Prozent der Stimmbürgerinnen und Stimmbürger von Obersiggenthal sprechen sich gegen die Neutralitätsinitiative aus. Sowohl Obersiggenthal als auch der Kanton Aargau verwerfen die Neutralitätsinitiative.","https://thumb.wikimedia.org/wikipedia/commons/thumb/2/21/Wappen_Obersiggenthal_AG.svg/330px-Wappen_Obersiggenthal_AG.svg.png"
4039,31.6,31.6,68.4,"Remetschwil AG","Nein zur Neutralitätsinitiative in Remetschwil: 68,4 Prozent. Sowohl Remetschwil als auch der Kanton Aargau verwerfen die Neutralitätsinitiative.","https://thumb.wikimedia.org/wikipedia/commons/thumb/8/88/CHE_Remetschwil_COA.svg/330px-CHE_Remetschwil_COA.svg.png"
4040,39.3,39.3,60.7,"Spreitenbach AG","Nein zur Neutralitätsinitiative in Spreitenbach: 60,7 Prozent. Sowohl Spreitenbach als auch der Kanton Aargau verwerfen die Neutralitätsinitiative.","https://thumb.wikimedia.org/wikipedia/commons/thumb/5/56/CHE_Spreitenbach_COA.svg/330px-CHE_Spreitenbach_COA.svg.png"
4041,33.2,33.2,66.8,"Stetten AG","Nein zur Neutralitätsinitiative in Stetten AG: 66,8 Prozent. Sowohl Stetten AG als auch der Kanton Aargau verwerfen die Neutralitätsinitiative.","https://thumb.wikimedia.org/wikipedia/commons/thumb/e/eb/CHE_Stetten_AG_COA.svg/960px-CHE_Stetten_AG_COA.svg.png"
4044,24.3,24.3,75.7,"Untersiggenthal AG","75,7 Prozent der Stimmbürgerinnen und Stimmbürger von Untersiggenthal sprechen sich gegen die Neutralitätsinitiative aus. Sowohl Untersiggenthal als auch der Kanton Aargau verwerfen die Neutralitätsinitiative.","https://thumb.wikimedia.org/wikipedia/commons/thumb/a/a3/Wappen_Untersiggenthal_AG.svg/330px-Wappen_Untersiggenthal_AG.svg.png"
4045,22.3,22.3,77.7,"Wettingen AG","Mit 77,7 Prozent wird die Neutralitätsinitiative in Wettingen verworfen. Sowohl Wettingen als auch der Kanton Aargau verwerfen die Neutralitätsinitiative.","https://thumb.wikimedia.org/wikipedia/commons/thumb/0/00/Wappen_Wettingen_AG.svg/330px-Wappen_Wettingen_AG.svg.png"
4046,27.2,27.2,72.8,"Wohlenschwil AG","72,8 Prozent der Stimmbürgerinnen und Stimmbürger von Wohlenschwil haben die Neutralitätsinitiative abgelehnt. Sowohl Wohlenschwil als auch der Kanton Aargau verwerfen die Neutralitätsinitiative.","https://thumb.wikimedia.org/wikipedia/commons/thumb/1/18/CHE_Wohlenschwil_COA.svg/330px-CHE_Wohlenschwil_COA.svg.png"
4047,30.1,30.1,69.9,"Würenlingen AG","In Würenlingen ist die Neutralitätsinitiative mit 69,9 Prozent der Stimmen gescheitert. Sowohl Würenlingen als auch der Kanton Aargau verwerfen die Neutralitätsinitiative.","https://thumb.wikimedia.org/wikipedia/commons/thumb/d/d7/CHE_W%C3%BCrenlingen_COA.svg/330px-CHE_W%C3%BCrenlingen_COA.svg.png"
4048,25.6,25.6,74.4,"Würenlos AG","Nein zur Neutralitätsinitiative in Würenlos: 74,4 Prozent. Sowohl Würenlos als auch der Kanton Aargau verwerfen die Neutralitätsinitiative.","https://thumb.wikimedia.org/wikipedia/commons/thumb/8/8d/CHE_W%C3%BCrenlos_COA.svg/330px-CHE_W%C3%BCrenlos_COA.svg.png"
4049,28.6,28.6,71.4,"Ehrendingen AG","Mit 71,4 Prozent wird die Neutralitätsinitiative in Ehrendingen verworfen. Sowohl Ehrendingen als auch der Kanton Aargau verwerfen die Neutralitätsinitiative.","https://thumb.wikimedia.org/wikipedia/commons/thumb/a/af/Wappen_Ehrendingen.svg/960px-Wappen_Ehrendingen.svg.png"
4061,29.4,29.4,70.6,"Arni AG","Nein zur Neutralitätsinitiative in Arni AG: 70,6 Prozent. Sowohl Arni AG als auch der Kanton Aargau verwerfen die Neutralitätsinitiative.","https://thumb.wikimedia.org/wikipedia/commons/thumb/a/a1/CHE_Arni_AG_COA.svg/330px-CHE_Arni_AG_COA.svg.png"
4062,26.8,26.8,73.2,"Berikon AG","Mit 73,2 Prozent wird die Neutralitätsinitiative in Berikon verworfen. Sowohl Berikon als auch der Kanton Aargau verwerfen die Neutralitätsinitiative.","https://thumb.wikimedia.org/wikipedia/commons/thumb/0/09/CHE_Berikon_COA.svg/330px-CHE_Berikon_COA.svg.png"
4063,26.5,26.5,73.5,"Bremgarten AG","73,5 Prozent der Stimmbürgerinnen und Stimmbürger von Bremgarten AG haben die Neutralitätsinitiative abgelehnt. Sowohl Bremgarten AG als auch der Kanton Aargau verwerfen die Neutralitätsinitiative.","https://thumb.wikimedia.org/wikipedia/commons/thumb/b/b5/CHE_Bremgarten_AG_COA.svg/330px-CHE_Bremgarten_AG_COA.svg.png"
4064,40.5,40.5,59.5,"Büttikon AG","In Büttikon ist die Neutralitätsinitiative mit 59,5 Prozent der Stimmen gescheitert. Sowohl Büttikon als auch der Kanton Aargau verwerfen die Neutralitätsinitiative.","https://thumb.wikimedia.org/wikipedia/commons/thumb/7/75/Wappen_B%C3%BCttikon.svg/330px-Wappen_B%C3%BCttikon.svg.png"
4065,36.4,36.4,63.6,"Dottikon AG","63,6 Prozent der Stimmbürgerinnen und Stimmbürger von Dottikon sprechen sich gegen die Neutralitätsinitiative aus. Sowohl Dottikon als auch der Kanton Aargau verwerfen die Neutralitätsinitiative.","https://thumb.wikimedia.org/wikipedia/commons/thumb/0/08/Wappen_Dottikon.svg/330px-Wappen_Dottikon.svg.png"
4066,35.4,35.4,64.6,"Eggenwil AG","64,6 Prozent der Stimmbürgerinnen und Stimmbürger von Eggenwil sprechen sich gegen die Neutralitätsinitiative aus. Sowohl Eggenwil als auch der Kanton Aargau verwerfen die Neutralitätsinitiative.","https://thumb.wikimedia.org/wikipedia/commons/thumb/7/78/Wappen_Eggenwil.svg/330px-Wappen_Eggenwil.svg.png"
4067,34.7,34.7,65.3,"Fischbach-Göslikon AG","Mit 65,3 Prozent wird die Neutralitätsinitiative in Fischbach-Göslikon verworfen. Sowohl Fischbach-Göslikon als auch der Kanton Aargau verwerfen die Neutralitätsinitiative.","https://thumb.wikimedia.org/wikipedia/commons/thumb/a/ac/CHE_Fischbach-G%C3%B6slikon_COA.svg/330px-CHE_Fischbach-G%C3%B6slikon_COA.svg.png"
4068,28.4,28.4,71.6,"Hägglingen AG","In Hägglingen ist die Neutralitätsinitiative mit 71,6 Prozent der Stimmen gescheitert. Sowohl Hägglingen als auch der Kanton Aargau verwerfen die Neutralitätsinitiative.","https://thumb.wikimedia.org/wikipedia/commons/thumb/7/7c/Wappen_H%C3%A4gglingen.svg/330px-Wappen_H%C3%A4gglingen.svg.png"
4071,28.4,28.4,71.6,"Jonen AG","Mit 71,6 Prozent wird die Neutralitätsinitiative in Jonen verworfen. Sowohl Jonen als auch der Kanton Aargau verwerfen die Neutralitätsinitiative.","https://thumb.wikimedia.org/wikipedia/commons/thumb/9/99/Wappen_Jonen_AG.svg/330px-Wappen_Jonen_AG.svg.png"
4072,33.2,33.2,66.8,"Niederwil AG","Nein zur Neutralitätsinitiative in Niederwil AG: 66,8 Prozent. Sowohl Niederwil AG als auch der Kanton Aargau verwerfen die Neutralitätsinitiative.","https://thumb.wikimedia.org/wikipedia/commons/thumb/8/86/CHE_Niederwil_AG_COA.svg/330px-CHE_Niederwil_AG_COA.svg.png"
4073,29,29,71,"Oberlunkhofen AG","In Oberlunkhofen ist die Neutralitätsinitiative mit 71 Prozent der Stimmen gescheitert. Sowohl Oberlunkhofen als auch der Kanton Aargau verwerfen die Neutralitätsinitiative.","https://thumb.wikimedia.org/wikipedia/commons/thumb/c/c5/CHE_Oberlunkhofen_COA.svg/330px-CHE_Oberlunkhofen_COA.svg.png"
4074,34.1,34.1,65.9,"Oberwil-Lieli AG","65,9 Prozent der Stimmbürgerinnen und Stimmbürger von Oberwil-Lieli haben die Neutralitätsinitiative abgelehnt. Sowohl Oberwil-Lieli als auch der Kanton Aargau verwerfen die Neutralitätsinitiative.","https://thumb.wikimedia.org/wikipedia/commons/thumb/7/7c/Wappen_Oberwil-Lieli_AG.svg/330px-Wappen_Oberwil-Lieli_AG.svg.png"
4075,30.4,30.4,69.6,"Rudolfstetten-Friedlisberg AG","In Rudolfstetten-Friedlisberg ist die Neutralitätsinitiative mit 69,6 Prozent der Stimmen gescheitert. Sowohl Rudolfstetten-Friedlisberg als auch der Kanton Aargau verwerfen die Neutralitätsinitiative.","https://thumb.wikimedia.org/wikipedia/commons/thumb/6/6b/Wappen_Rudolfstetten_AG.svg/330px-Wappen_Rudolfstetten_AG.svg.png"
4076,34.7,34.7,65.3,"Sarmenstorf AG","65,3 Prozent der Stimmbürgerinnen und Stimmbürger von Sarmenstorf sprechen sich gegen die Neutralitätsinitiative aus. Sowohl Sarmenstorf als auch der Kanton Aargau verwerfen die Neutralitätsinitiative.","https://thumb.wikimedia.org/wikipedia/commons/thumb/4/49/Wappen_Sarmenstorf_AG.svg/330px-Wappen_Sarmenstorf_AG.svg.png"
4077,34.3,34.3,65.7,"Tägerig AG","Mit 65,7 Prozent wird die Neutralitätsinitiative in Tägerig verworfen. Sowohl Tägerig als auch der Kanton Aargau verwerfen die Neutralitätsinitiative.","https://thumb.wikimedia.org/wikipedia/commons/thumb/7/7c/Wappen_T%C3%A4gerig_AG.svg/330px-Wappen_T%C3%A4gerig_AG.svg.png"
4078,51.1,51.1,48.9,"Uezwil AG","Uezwil hat die Neutralitätsinitiative angenommen; der Ja-Stimmen-Anteil liegt bei 51,1 Prozent. Uezwil sagt Ja zur Neutralitätsinitiative, im Kanton Aargau überwiegt das Nein.","https://thumb.wikimedia.org/wikipedia/commons/thumb/2/28/Wappen_Uezwil_AG.svg/330px-Wappen_Uezwil_AG.svg.png"
4079,35.4,35.4,64.6,"Unterlunkhofen AG","Nein zur Neutralitätsinitiative in Unterlunkhofen: 64,6 Prozent. Sowohl Unterlunkhofen als auch der Kanton Aargau verwerfen die Neutralitätsinitiative.","https://thumb.wikimedia.org/wikipedia/commons/thumb/5/5a/CHE_Unterlunkhofen_COA.svg/330px-CHE_Unterlunkhofen_COA.svg.png"
4080,37,37,63,"Villmergen AG","Nein zur Neutralitätsinitiative in Villmergen: 63 Prozent. Sowohl Villmergen als auch der Kanton Aargau verwerfen die Neutralitätsinitiative.","https://thumb.wikimedia.org/wikipedia/commons/thumb/b/bb/CHE_Villmergen_COA.svg/330px-CHE_Villmergen_COA.svg.png"
4081,30.1,30.1,69.9,"Widen AG","In Widen ist die Neutralitätsinitiative mit 69,9 Prozent der Stimmen gescheitert. Sowohl Widen als auch der Kanton Aargau verwerfen die Neutralitätsinitiative.","https://thumb.wikimedia.org/wikipedia/commons/thumb/7/7d/Wappen_Widen_AG.svg/330px-Wappen_Widen_AG.svg.png"
4082,29.9,29.9,70.1,"Wohlen AG","Mit 70,1 Prozent wird die Neutralitätsinitiative in Wohlen AG verworfen. Sowohl Wohlen AG als auch der Kanton Aargau verwerfen die Neutralitätsinitiative.","https://thumb.wikimedia.org/wikipedia/commons/thumb/1/1e/CHE_Wohlen_AG_COA.svg/500px-CHE_Wohlen_AG_COA.svg.png"
4083,31.2,31.2,68.8,"Zufikon AG","68,8 Prozent der Stimmbürgerinnen und Stimmbürger von Zufikon haben die Neutralitätsinitiative abgelehnt. Sowohl Zufikon als auch der Kanton Aargau verwerfen die Neutralitätsinitiative.","https://thumb.wikimedia.org/wikipedia/commons/thumb/3/39/CHE_Zufikon_COA.svg/330px-CHE_Zufikon_COA.svg.png"
4084,34.5,34.5,65.5,"Islisberg AG","In Islisberg ist die Neutralitätsinitiative mit 65,5 Prozent der Stimmen gescheitert. Sowohl Islisberg als auch der Kanton Aargau verwerfen die Neutralitätsinitiative.","https://thumb.wikimedia.org/wikipedia/commons/thumb/3/39/Wappen_Islisberg_AG.svg/330px-Wappen_Islisberg_AG.svg.png"
4091,28.3,28.3,71.7,"Auenstein AG","Mit 71,7 Prozent wird die Neutralitätsinitiative in Auenstein verworfen. Sowohl Auenstein als auch der Kanton Aargau verwerfen die Neutralitätsinitiative.","https://thumb.wikimedia.org/wikipedia/commons/thumb/d/d4/CHE_Auenstein_COA.svg/330px-CHE_Auenstein_COA.svg.png"
4092,35.7,35.7,64.3,"Birr AG","In Birr ist die Neutralitätsinitiative mit 64,3 Prozent der Stimmen gescheitert. Sowohl Birr als auch der Kanton Aargau verwerfen die Neutralitätsinitiative.","https://thumb.wikimedia.org/wikipedia/commons/thumb/d/d4/CHE_Birr_AG_COA.svg/330px-CHE_Birr_AG_COA.svg.png"
4093,42.4,42.4,57.6,"Birrhard AG","57,6 Prozent der Stimmbürgerinnen und Stimmbürger von Birrhard haben die Neutralitätsinitiative abgelehnt. Sowohl Birrhard als auch der Kanton Aargau verwerfen die Neutralitätsinitiative.","https://thumb.wikimedia.org/wikipedia/commons/thumb/c/c1/Wappen_Birrhard.svg/330px-Wappen_Birrhard.svg.png"
4095,23.5,23.5,76.5,"Brugg AG","76,5 Prozent der Stimmbürgerinnen und Stimmbürger von Brugg haben die Neutralitätsinitiative abgelehnt. Sowohl Brugg als auch der Kanton Aargau verwerfen die Neutralitätsinitiative.","https://thumb.wikimedia.org/wikipedia/commons/thumb/0/0c/CHE_Brugg_COA.svg/330px-CHE_Brugg_COA.svg.png"
4099,35.3,35.3,64.7,"Habsburg AG","64,7 Prozent der Stimmbürgerinnen und Stimmbürger von Habsburg haben die Neutralitätsinitiative abgelehnt. Sowohl Habsburg als auch der Kanton Aargau verwerfen die Neutralitätsinitiative.","https://thumb.wikimedia.org/wikipedia/commons/thumb/b/b2/Wappen_Habsburg_AG.svg/330px-Wappen_Habsburg_AG.svg.png"
4100,30.2,30.2,69.8,"Hausen AG","Mit 69,8 Prozent wird die Neutralitätsinitiative in Hausen AG verworfen. Sowohl Hausen AG als auch der Kanton Aargau verwerfen die Neutralitätsinitiative.","https://thumb.wikimedia.org/wikipedia/commons/thumb/b/b1/CHE_Hausen_AG_COA.svg/500px-CHE_Hausen_AG_COA.svg.png"
4104,32.9,32.9,67.1,"Lupfig AG","Nein zur Neutralitätsinitiative in Lupfig: 67,1 Prozent. Sowohl Lupfig als auch der Kanton Aargau verwerfen die Neutralitätsinitiative.","https://thumb.wikimedia.org/wikipedia/commons/thumb/1/1b/Wappen_Lupfig.svg/330px-Wappen_Lupfig.svg.png"
4105,47.6,47.6,52.4,"Mandach AG","52,4 Prozent der Stimmbürgerinnen und Stimmbürger von Mandach haben die Neutralitätsinitiative abgelehnt. Sowohl Mandach als auch der Kanton Aargau verwerfen die Neutralitätsinitiative.","https://thumb.wikimedia.org/wikipedia/commons/thumb/e/ef/Wappen_Mandach_AG.svg/330px-Wappen_Mandach_AG.svg.png"
4106,39.7,39.7,60.3,"Mönthal AG","60,3 Prozent der Stimmbürgerinnen und Stimmbürger von Mönthal sprechen sich gegen die Neutralitätsinitiative aus. Sowohl Mönthal als auch der Kanton Aargau verwerfen die Neutralitätsinitiative.","https://thumb.wikimedia.org/wikipedia/commons/thumb/b/b6/CHE_M%C3%B6nthal_COA.svg/960px-CHE_M%C3%B6nthal_COA.svg.png"
4107,30.9,30.9,69.1,"Mülligen AG","In Mülligen ist die Neutralitätsinitiative mit 69,1 Prozent der Stimmen gescheitert. Sowohl Mülligen als auch der Kanton Aargau verwerfen die Neutralitätsinitiative.","https://thumb.wikimedia.org/wikipedia/commons/thumb/a/aa/CHE_M%C3%BClligen_COA.svg/330px-CHE_M%C3%BClligen_COA.svg.png"
4110,33.3,33.3,66.7,"Remigen AG","In Remigen ist die Neutralitätsinitiative mit 66,7 Prozent der Stimmen gescheitert. Sowohl Remigen als auch der Kanton Aargau verwerfen die Neutralitätsinitiative.","https://thumb.wikimedia.org/wikipedia/commons/thumb/c/c0/Wappen_Remigen_AG.svg/330px-Wappen_Remigen_AG.svg.png"
4111,29.2,29.2,70.8,"Riniken AG","70,8 Prozent der Stimmbürgerinnen und Stimmbürger von Riniken haben die Neutralitätsinitiative abgelehnt. Sowohl Riniken als auch der Kanton Aargau verwerfen die Neutralitätsinitiative.","https://thumb.wikimedia.org/wikipedia/commons/thumb/a/ac/Wappen_Riniken_AG.svg/330px-Wappen_Riniken_AG.svg.png"
4112,32.5,32.5,67.5,"Rüfenach AG","67,5 Prozent der Stimmbürgerinnen und Stimmbürger von Rüfenach haben die Neutralitätsinitiative abgelehnt. Sowohl Rüfenach als auch der Kanton Aargau verwerfen die Neutralitätsinitiative.","https://thumb.wikimedia.org/wikipedia/commons/thumb/e/e7/Wappen_R%C3%BCfenach_AG.svg/330px-Wappen_R%C3%BCfenach_AG.svg.png"
4117,40.1,40.1,59.9,"Thalheim AG","Nein zur Neutralitätsinitiative in Thalheim AG: 59,9 Prozent. Sowohl Thalheim AG als auch der Kanton Aargau verwerfen die Neutralitätsinitiative.","https://thumb.wikimedia.org/wikipedia/commons/thumb/3/3e/Wappen_Thalheim_AG.svg/330px-Wappen_Thalheim_AG.svg.png"
4120,34.4,34.4,65.6,"Veltheim AG","Nein zur Neutralitätsinitiative in Veltheim AG: 65,6 Prozent. Sowohl Veltheim AG als auch der Kanton Aargau verwerfen die Neutralitätsinitiative.","https://thumb.wikimedia.org/wikipedia/commons/thumb/8/85/Wappen_Veltheim_AG.svg/330px-Wappen_Veltheim_AG.svg.png"
4121,29.6,29.6,70.4,"Villigen AG","70,4 Prozent der Stimmbürgerinnen und Stimmbürger von Villigen haben die Neutralitätsinitiative abgelehnt. Sowohl Villigen als auch der Kanton Aargau verwerfen die Neutralitätsinitiative.","https://thumb.wikimedia.org/wikipedia/commons/thumb/6/61/CHE_Villigen_COA.svg/330px-CHE_Villigen_COA.svg.png"
4123,21.4,21.4,78.6,"Windisch AG","78,6 Prozent der Stimmbürgerinnen und Stimmbürger von Windisch haben die Neutralitätsinitiative abgelehnt. Sowohl Windisch als auch der Kanton Aargau verwerfen die Neutralitätsinitiative.","https://thumb.wikimedia.org/wikipedia/commons/thumb/7/70/Wappen_Windisch_AG.svg/330px-Wappen_Windisch_AG.svg.png"
4124,30.6,30.6,69.4,"Bözberg AG","69,4 Prozent der Stimmbürgerinnen und Stimmbürger von Bözberg sprechen sich gegen die Neutralitätsinitiative aus. Sowohl Bözberg als auch der Kanton Aargau verwerfen die Neutralitätsinitiative.","https://thumb.wikimedia.org/wikipedia/commons/thumb/c/c9/CHE_B%C3%B6zberg_COA.svg/960px-CHE_B%C3%B6zberg_COA.svg.png"
4125,26.2,26.2,73.8,"Schinznach AG","Mit 73,8 Prozent wird die Neutralitätsinitiative in Schinznach verworfen. Sowohl Schinznach als auch der Kanton Aargau verwerfen die Neutralitätsinitiative.","https://thumb.wikimedia.org/wikipedia/commons/thumb/e/e6/CHE_Schinznach_COA.svg/960px-CHE_Schinznach_COA.svg.png"
4131,35.5,35.5,64.5,"Beinwil am See AG","64,5 Prozent der Stimmbürgerinnen und Stimmbürger von Beinwil am See haben die Neutralitätsinitiative abgelehnt. Sowohl Beinwil am See als auch der Kanton Aargau verwerfen die Neutralitätsinitiative.","https://thumb.wikimedia.org/wikipedia/commons/thumb/8/8b/CHE_Beinwil_am_See_COA.svg/500px-CHE_Beinwil_am_See_COA.svg.png"
4132,37.7,37.7,62.3,"Birrwil AG","In Birrwil ist die Neutralitätsinitiative mit 62,3 Prozent der Stimmen gescheitert. Sowohl Birrwil als auch der Kanton Aargau verwerfen die Neutralitätsinitiative.","https://thumb.wikimedia.org/wikipedia/commons/thumb/1/12/CHE_Birrwil_COA.svg/330px-CHE_Birrwil_COA.svg.png"
4134,45.2,45.2,54.8,"Dürrenäsch AG","54,8 Prozent der Stimmbürgerinnen und Stimmbürger von Dürrenäsch sprechen sich gegen die Neutralitätsinitiative aus. Sowohl Dürrenäsch als auch der Kanton Aargau verwerfen die Neutralitätsinitiative.","https://thumb.wikimedia.org/wikipedia/commons/thumb/8/8a/Wappen_D%C3%BCrren%C3%A4sch.svg/330px-Wappen_D%C3%BCrren%C3%A4sch.svg.png"
4135,47.9,47.9,52.1,"Gontenschwil AG","In Gontenschwil ist die Neutralitätsinitiative mit 52,1 Prozent der Stimmen gescheitert. Sowohl Gontenschwil als auch der Kanton Aargau verwerfen die Neutralitätsinitiative.","https://thumb.wikimedia.org/wikipedia/commons/thumb/4/4c/Wappen_Gontenschwil.svg/330px-Wappen_Gontenschwil.svg.png"
4136,42.4,42.4,57.6,"Holziken AG","Mit 57,6 Prozent wird die Neutralitätsinitiative in Holziken verworfen. Sowohl Holziken als auch der Kanton Aargau verwerfen die Neutralitätsinitiative.","https://thumb.wikimedia.org/wikipedia/commons/thumb/9/90/CHE_Holziken_COA.svg/500px-CHE_Holziken_COA.svg.png"
4137,42.2,42.2,57.8,"Leimbach AG","In Leimbach AG ist die Neutralitätsinitiative mit 57,8 Prozent der Stimmen gescheitert. Sowohl Leimbach AG als auch der Kanton Aargau verwerfen die Neutralitätsinitiative.","https://thumb.wikimedia.org/wikipedia/commons/thumb/9/91/CHE_Leimbach_AG_COA.svg/960px-CHE_Leimbach_AG_COA.svg.png"
4138,46.5,46.5,53.5,"Leutwil AG","Nein zur Neutralitätsinitiative in Leutwil: 53,5 Prozent. Sowohl Leutwil als auch der Kanton Aargau verwerfen die Neutralitätsinitiative.","https://thumb.wikimedia.org/wikipedia/commons/thumb/2/2d/Wappen_Leutwil.svg/330px-Wappen_Leutwil.svg.png"
4139,40.9,40.9,59.1,"Menziken AG","59,1 Prozent der Stimmbürgerinnen und Stimmbürger von Menziken haben die Neutralitätsinitiative abgelehnt. Sowohl Menziken als auch der Kanton Aargau verwerfen die Neutralitätsinitiative.","https://thumb.wikimedia.org/wikipedia/commons/thumb/f/f2/CHE_Menziken_COA.svg/500px-CHE_Menziken_COA.svg.png"
4140,44.5,44.5,55.5,"Oberkulm AG","55,5 Prozent der Stimmbürgerinnen und Stimmbürger von Oberkulm haben die Neutralitätsinitiative abgelehnt. Sowohl Oberkulm als auch der Kanton Aargau verwerfen die Neutralitätsinitiative.","https://thumb.wikimedia.org/wikipedia/commons/thumb/6/6a/CHE_Oberkulm_COA.svg/500px-CHE_Oberkulm_COA.svg.png"
4141,43,43,57,"Reinach AG","57 Prozent der Stimmbürgerinnen und Stimmbürger von Reinach AG haben die Neutralitätsinitiative abgelehnt. Sowohl Reinach AG als auch der Kanton Aargau verwerfen die Neutralitätsinitiative.","https://thumb.wikimedia.org/wikipedia/commons/thumb/3/34/CHE_Reinach_AG_COA.svg/330px-CHE_Reinach_AG_COA.svg.png"
4142,45.2,45.2,54.8,"Schlossrued AG","54,8 Prozent der Stimmbürgerinnen und Stimmbürger von Schlossrued haben die Neutralitätsinitiative abgelehnt. Sowohl Schlossrued als auch der Kanton Aargau verwerfen die Neutralitätsinitiative.","https://thumb.wikimedia.org/wikipedia/commons/thumb/d/d5/CHE_Schlossrued_COA.svg/960px-CHE_Schlossrued_COA.svg.png"
4143,49,49,51,"Schmiedrued AG","51 Prozent der Stimmbürgerinnen und Stimmbürger von Schmiedrued sprechen sich gegen die Neutralitätsinitiative aus. Sowohl Schmiedrued als auch der Kanton Aargau verwerfen die Neutralitätsinitiative.","https://thumb.wikimedia.org/wikipedia/commons/thumb/b/bb/CHE_Schmiedrued_COA.svg/330px-CHE_Schmiedrued_COA.svg.png"
4144,32.5,32.5,67.5,"Schöftland AG","67,5 Prozent der Stimmbürgerinnen und Stimmbürger von Schöftland sprechen sich gegen die Neutralitätsinitiative aus. Sowohl Schöftland als auch der Kanton Aargau verwerfen die Neutralitätsinitiative.","https://thumb.wikimedia.org/wikipedia/commons/thumb/a/a8/CHE_Sch%C3%B6ftland_COA.svg/500px-CHE_Sch%C3%B6ftland_COA.svg.png"
4145,39.6,39.6,60.4,"Teufenthal AG","60,4 Prozent der Stimmbürgerinnen und Stimmbürger von Teufenthal AG haben die Neutralitätsinitiative abgelehnt. Sowohl Teufenthal AG als auch der Kanton Aargau verwerfen die Neutralitätsinitiative.","https://thumb.wikimedia.org/wikipedia/commons/thumb/8/8a/Coat_of_arms_of_Teufenthal.svg/960px-Coat_of_arms_of_Teufenthal.svg.png"
4146,43.7,43.7,56.3,"Unterkulm AG","56,3 Prozent der Stimmbürgerinnen und Stimmbürger von Unterkulm haben die Neutralitätsinitiative abgelehnt. Sowohl Unterkulm als auch der Kanton Aargau verwerfen die Neutralitätsinitiative.","https://thumb.wikimedia.org/wikipedia/commons/thumb/a/ad/CHE_Unterkulm_COA.svg/500px-CHE_Unterkulm_COA.svg.png"
4147,40.8,40.8,59.2,"Zetzwil AG","59,2 Prozent der Stimmbürgerinnen und Stimmbürger von Zetzwil haben die Neutralitätsinitiative abgelehnt. Sowohl Zetzwil als auch der Kanton Aargau verwerfen die Neutralitätsinitiative.","https://thumb.wikimedia.org/wikipedia/commons/thumb/d/d4/CHE_Zetzwil_COA.svg/330px-CHE_Zetzwil_COA.svg.png"
4161,32.9,32.9,67.1,"Eiken AG","67,1 Prozent der Stimmbürgerinnen und Stimmbürger von Eiken haben die Neutralitätsinitiative abgelehnt. Sowohl Eiken als auch der Kanton Aargau verwerfen die Neutralitätsinitiative.","https://thumb.wikimedia.org/wikipedia/commons/thumb/2/26/Wappen_Eiken.svg/330px-Wappen_Eiken.svg.png"
4163,29.9,29.9,70.1,"Frick AG","70,1 Prozent der Stimmbürgerinnen und Stimmbürger von Frick sprechen sich gegen die Neutralitätsinitiative aus. Sowohl Frick als auch der Kanton Aargau verwerfen die Neutralitätsinitiative.","https://thumb.wikimedia.org/wikipedia/commons/thumb/6/62/CHE_Frick_COA.svg/330px-CHE_Frick_COA.svg.png"
4164,33,33,67,"Gansingen AG","In Gansingen ist die Neutralitätsinitiative mit 67 Prozent der Stimmen gescheitert. Sowohl Gansingen als auch der Kanton Aargau verwerfen die Neutralitätsinitiative.","https://thumb.wikimedia.org/wikipedia/commons/thumb/a/a3/CHE_Gansingen_COA.svg/330px-CHE_Gansingen_COA.svg.png"
4165,22.1,22.1,77.9,"Gipf-Oberfrick AG","In Gipf-Oberfrick ist die Neutralitätsinitiative mit 77,9 Prozent der Stimmen gescheitert. Sowohl Gipf-Oberfrick als auch der Kanton Aargau verwerfen die Neutralitätsinitiative.","https://thumb.wikimedia.org/wikipedia/commons/thumb/d/dc/CHE_Gipf-Oberfrick_COA.svg/330px-CHE_Gipf-Oberfrick_COA.svg.png"
4169,31.8,31.8,68.2,"Kaisten AG","In Kaisten ist die Neutralitätsinitiative mit 68,2 Prozent der Stimmen gescheitert. Sowohl Kaisten als auch der Kanton Aargau verwerfen die Neutralitätsinitiative.","https://thumb.wikimedia.org/wikipedia/commons/thumb/d/dd/Wappen_Kaisten_AG.svg/330px-Wappen_Kaisten_AG.svg.png"
4170,29.7,29.7,70.3,"Laufenburg AG","Mit 70,3 Prozent wird die Neutralitätsinitiative in Laufenburg verworfen. Sowohl Laufenburg als auch der Kanton Aargau verwerfen die Neutralitätsinitiative.","https://thumb.wikimedia.org/wikipedia/commons/thumb/4/49/Wappen_Laufenburg_AG.svg/330px-Wappen_Laufenburg_AG.svg.png"
4172,34.2,34.2,65.8,"Münchwilen AG","65,8 Prozent der Stimmbürgerinnen und Stimmbürger von Münchwilen AG haben die Neutralitätsinitiative abgelehnt. Sowohl Münchwilen AG als auch der Kanton Aargau verwerfen die Neutralitätsinitiative.","https://thumb.wikimedia.org/wikipedia/commons/thumb/8/89/CHE_M%C3%BCnchwilen_COA.svg/330px-CHE_M%C3%BCnchwilen_COA.svg.png"
4173,35.6,35.6,64.4,"Oberhof AG","In Oberhof ist die Neutralitätsinitiative mit 64,4 Prozent der Stimmen gescheitert. Sowohl Oberhof als auch der Kanton Aargau verwerfen die Neutralitätsinitiative.","https://thumb.wikimedia.org/wikipedia/commons/thumb/8/80/CHE_Oberhof_COA.svg/330px-CHE_Oberhof_COA.svg.png"
4175,31.7,31.7,68.3,"Oeschgen AG","Mit 68,3 Prozent wird die Neutralitätsinitiative in Oeschgen verworfen. Sowohl Oeschgen als auch der Kanton Aargau verwerfen die Neutralitätsinitiative.","https://thumb.wikimedia.org/wikipedia/commons/thumb/4/46/Coat_of_arms_of_Oeschgen.svg/960px-Coat_of_arms_of_Oeschgen.svg.png"
4176,45.7,45.7,54.3,"Schwaderloch AG","54,3 Prozent der Stimmbürgerinnen und Stimmbürger von Schwaderloch haben die Neutralitätsinitiative abgelehnt. Sowohl Schwaderloch als auch der Kanton Aargau verwerfen die Neutralitätsinitiative.","https://thumb.wikimedia.org/wikipedia/commons/thumb/9/90/CHE_Schwaderloch_COA.svg/960px-CHE_Schwaderloch_COA.svg.png"
4177,36.4,36.4,63.6,"Sisseln AG","In Sisseln ist die Neutralitätsinitiative mit 63,6 Prozent der Stimmen gescheitert. Sowohl Sisseln als auch der Kanton Aargau verwerfen die Neutralitätsinitiative.","https://thumb.wikimedia.org/wikipedia/commons/thumb/6/6d/CHE_Sisseln_COA.svg/330px-CHE_Sisseln_COA.svg.png"
4181,36,36,64,"Wittnau AG","64 Prozent der Stimmbürgerinnen und Stimmbürger von Wittnau haben die Neutralitätsinitiative abgelehnt. Sowohl Wittnau als auch der Kanton Aargau verwerfen die Neutralitätsinitiative.","https://thumb.wikimedia.org/wikipedia/commons/thumb/8/80/CHE_Wittnau_COA.svg/330px-CHE_Wittnau_COA.svg.png"
4182,43.3,43.3,56.7,"Wölflinswil AG","In Wölflinswil ist die Neutralitätsinitiative mit 56,7 Prozent der Stimmen gescheitert. Sowohl Wölflinswil als auch der Kanton Aargau verwerfen die Neutralitätsinitiative.","https://thumb.wikimedia.org/wikipedia/commons/thumb/2/2a/CHE_W%C3%B6lflinswil_COA.svg/330px-CHE_W%C3%B6lflinswil_COA.svg.png"
4183,30.5,30.5,69.5,"Zeihen AG","Mit 69,5 Prozent wird die Neutralitätsinitiative in Zeihen verworfen. Sowohl Zeihen als auch der Kanton Aargau verwerfen die Neutralitätsinitiative.","https://thumb.wikimedia.org/wikipedia/commons/thumb/6/60/CHE_Zeihen_COA.svg/330px-CHE_Zeihen_COA.svg.png"
4184,34.4,34.4,65.6,"Mettauertal AG","In Mettauertal ist die Neutralitätsinitiative mit 65,6 Prozent der Stimmen gescheitert. Sowohl Mettauertal als auch der Kanton Aargau verwerfen die Neutralitätsinitiative.","https://thumb.wikimedia.org/wikipedia/commons/thumb/7/7b/CHE_Mettauertal_COA.svg/960px-CHE_Mettauertal_COA.svg.png"
4185,35.6,35.6,64.4,"Böztal AG","In Böztal ist die Neutralitätsinitiative mit 64,4 Prozent der Stimmen gescheitert. Sowohl Böztal als auch der Kanton Aargau verwerfen die Neutralitätsinitiative.","https://thumb.wikimedia.org/wikipedia/commons/thumb/3/3d/CHE_B%C3%B6ztal_COA.svg/960px-CHE_B%C3%B6ztal_COA.svg.png"
4186,30.9,30.9,69.1,"Herznach-Ueken AG","Mit 69,1 Prozent wird die Neutralitätsinitiative in Herznach-Ueken verworfen. Sowohl Herznach-Ueken als auch der Kanton Aargau verwerfen die Neutralitätsinitiative.","https://thumb.wikimedia.org/wikipedia/commons/thumb/6/68/CHE_Herznach-Ueken_COA.svg/960px-CHE_Herznach-Ueken_COA.svg.png"
4191,35.5,35.5,64.5,"Ammerswil AG","In Ammerswil ist die Neutralitätsinitiative mit 64,5 Prozent der Stimmen gescheitert. Sowohl Ammerswil als auch der Kanton Aargau verwerfen die Neutralitätsinitiative.","https://thumb.wikimedia.org/wikipedia/commons/thumb/6/6e/CHE_Ammerswil_COA.svg/330px-CHE_Ammerswil_COA.svg.png"
4192,41.8,41.8,58.2,"Boniswil AG","58,2 Prozent der Stimmbürgerinnen und Stimmbürger von Boniswil haben die Neutralitätsinitiative abgelehnt. Sowohl Boniswil als auch der Kanton Aargau verwerfen die Neutralitätsinitiative.","https://thumb.wikimedia.org/wikipedia/commons/thumb/8/85/Wappen_Boniswil.svg/330px-Wappen_Boniswil.svg.png"
4193,34.7,34.7,65.3,"Brunegg AG","65,3 Prozent der Stimmbürgerinnen und Stimmbürger von Brunegg haben die Neutralitätsinitiative abgelehnt. Sowohl Brunegg als auch der Kanton Aargau verwerfen die Neutralitätsinitiative.","https://thumb.wikimedia.org/wikipedia/commons/thumb/f/f7/CHE_Brunegg_COA.svg/330px-CHE_Brunegg_COA.svg.png"
4194,39.4,39.4,60.6,"Dintikon AG","Mit 60,6 Prozent wird die Neutralitätsinitiative in Dintikon verworfen. Sowohl Dintikon als auch der Kanton Aargau verwerfen die Neutralitätsinitiative.","https://thumb.wikimedia.org/wikipedia/commons/thumb/7/7d/CHE_Dintikon_COA.svg/330px-CHE_Dintikon_COA.svg.png"
4195,38.8,38.8,61.2,"Egliswil AG","61,2 Prozent der Stimmbürgerinnen und Stimmbürger von Egliswil haben die Neutralitätsinitiative abgelehnt. Sowohl Egliswil als auch der Kanton Aargau verwerfen die Neutralitätsinitiative.","https://thumb.wikimedia.org/wikipedia/commons/thumb/4/44/Wappen_Egliswil.svg/330px-Wappen_Egliswil.svg.png"
4196,31.9,31.9,68.1,"Fahrwangen AG","68,1 Prozent der Stimmbürgerinnen und Stimmbürger von Fahrwangen haben die Neutralitätsinitiative abgelehnt. Sowohl Fahrwangen als auch der Kanton Aargau verwerfen die Neutralitätsinitiative.","https://thumb.wikimedia.org/wikipedia/commons/thumb/7/7c/CHE_Fahrwangen_COA.svg/330px-CHE_Fahrwangen_COA.svg.png"
4197,36,36,64,"Hallwil AG","Nein zur Neutralitätsinitiative in Hallwil: 64 Prozent. Sowohl Hallwil als auch der Kanton Aargau verwerfen die Neutralitätsinitiative.","https://thumb.wikimedia.org/wikipedia/commons/thumb/4/4c/Wappen_Hallwil.svg/330px-Wappen_Hallwil.svg.png"
4198,39,39,61,"Hendschiken AG","In Hendschiken ist die Neutralitätsinitiative mit 61 Prozent der Stimmen gescheitert. Sowohl Hendschiken als auch der Kanton Aargau verwerfen die Neutralitätsinitiative.","https://thumb.wikimedia.org/wikipedia/commons/thumb/7/71/CHE_Hendschiken_COA.svg/330px-CHE_Hendschiken_COA.svg.png"
4199,42.8,42.8,57.2,"Holderbank AG","In Holderbank AG ist die Neutralitätsinitiative mit 57,2 Prozent der Stimmen gescheitert. Sowohl Holderbank AG als auch der Kanton Aargau verwerfen die Neutralitätsinitiative.","https://thumb.wikimedia.org/wikipedia/commons/thumb/a/a2/CHE_Holderbank_AG_COA.svg/330px-CHE_Holderbank_AG_COA.svg.png"
4200,44,44,56,"Hunzenschwil AG","Mit 56 Prozent wird die Neutralitätsinitiative in Hunzenschwil verworfen. Sowohl Hunzenschwil als auch der Kanton Aargau verwerfen die Neutralitätsinitiative.","https://thumb.wikimedia.org/wikipedia/commons/thumb/8/85/CHE_Hunzenschwil_COA.svg/330px-CHE_Hunzenschwil_COA.svg.png"
4201,19.7,19.7,80.3,"Lenzburg AG","80,3 Prozent der Stimmbürgerinnen und Stimmbürger von Lenzburg haben die Neutralitätsinitiative abgelehnt. Sowohl Lenzburg als auch der Kanton Aargau verwerfen die Neutralitätsinitiative.","https://thumb.wikimedia.org/wikipedia/commons/thumb/7/71/CHE_Lenzburg_COA.svg/500px-CHE_Lenzburg_COA.svg.png"
4202,32.7,32.7,67.3,"Meisterschwanden AG","67,3 Prozent der Stimmbürgerinnen und Stimmbürger von Meisterschwanden haben die Neutralitätsinitiative abgelehnt. Sowohl Meisterschwanden als auch der Kanton Aargau verwerfen die Neutralitätsinitiative.","https://thumb.wikimedia.org/wikipedia/commons/thumb/5/51/Coat_of_arms_of_Meisterschwanden.svg/960px-Coat_of_arms_of_Meisterschwanden.svg.png"
4203,27.7,27.7,72.3,"Möriken-Wildegg AG","72,3 Prozent der Stimmbürgerinnen und Stimmbürger von Möriken-Wildegg haben die Neutralitätsinitiative abgelehnt. Sowohl Möriken-Wildegg als auch der Kanton Aargau verwerfen die Neutralitätsinitiative.","https://thumb.wikimedia.org/wikipedia/commons/thumb/c/c4/CHE_M%C3%B6riken-Wildegg_COA.svg/330px-CHE_M%C3%B6riken-Wildegg_COA.svg.png"
4204,25,25,75,"Niederlenz AG","Nein zur Neutralitätsinitiative in Niederlenz: 75 Prozent. Sowohl Niederlenz als auch der Kanton Aargau verwerfen die Neutralitätsinitiative.","https://thumb.wikimedia.org/wikipedia/commons/thumb/a/a7/Niederlenz-blason.svg/960px-Niederlenz-blason.svg.png"
4205,33.5,33.5,66.5,"Othmarsingen AG","66,5 Prozent der Stimmbürgerinnen und Stimmbürger von Othmarsingen sprechen sich gegen die Neutralitätsinitiative aus. Sowohl Othmarsingen als auch der Kanton Aargau verwerfen die Neutralitätsinitiative.","https://thumb.wikimedia.org/wikipedia/commons/thumb/5/5b/CHE_Othmarsingen_COA.svg/330px-CHE_Othmarsingen_COA.svg.png"
4206,34.5,34.5,65.5,"Rupperswil AG","65,5 Prozent der Stimmbürgerinnen und Stimmbürger von Rupperswil haben die Neutralitätsinitiative abgelehnt. Sowohl Rupperswil als auch der Kanton Aargau verwerfen die Neutralitätsinitiative.","https://thumb.wikimedia.org/wikipedia/commons/thumb/0/0d/CHE_Rupperswil_COA.svg/500px-CHE_Rupperswil_COA.svg.png"
4207,35.6,35.6,64.4,"Schafisheim AG","In Schafisheim ist die Neutralitätsinitiative mit 64,4 Prozent der Stimmen gescheitert. Sowohl Schafisheim als auch der Kanton Aargau verwerfen die Neutralitätsinitiative.","https://thumb.wikimedia.org/wikipedia/commons/thumb/0/0e/CHE_Schafisheim_COA.svg/330px-CHE_Schafisheim_COA.svg.png"
4208,35.5,35.5,64.5,"Seengen AG","64,5 Prozent der Stimmbürgerinnen und Stimmbürger von Seengen haben die Neutralitätsinitiative abgelehnt. Sowohl Seengen als auch der Kanton Aargau verwerfen die Neutralitätsinitiative.","https://thumb.wikimedia.org/wikipedia/commons/thumb/2/20/CHE_Seengen_COA.svg/330px-CHE_Seengen_COA.svg.png"
4209,36.4,36.4,63.6,"Seon AG","Nein zur Neutralitätsinitiative in Seon: 63,6 Prozent. Sowohl Seon als auch der Kanton Aargau verwerfen die Neutralitätsinitiative.","https://thumb.wikimedia.org/wikipedia/commons/thumb/1/1d/CHE_Seon_COA.svg/960px-CHE_Seon_COA.svg.png"
4210,26.5,26.5,73.5,"Staufen AG","In Staufen ist die Neutralitätsinitiative mit 73,5 Prozent der Stimmen gescheitert. Sowohl Staufen als auch der Kanton Aargau verwerfen die Neutralitätsinitiative.","https://thumb.wikimedia.org/wikipedia/commons/thumb/e/ef/CHE_Staufen_COA.svg/330px-CHE_Staufen_COA.svg.png"
4221,37.1,37.1,62.9,"Abtwil AG","Nein zur Neutralitätsinitiative in Abtwil: 62,9 Prozent. Sowohl Abtwil als auch der Kanton Aargau verwerfen die Neutralitätsinitiative.","https://thumb.wikimedia.org/wikipedia/commons/thumb/a/aa/CHE_Abtwil_AG_COA.svg/330px-CHE_Abtwil_AG_COA.svg.png"
4222,34.8,34.8,65.2,"Aristau AG","In Aristau ist die Neutralitätsinitiative mit 65,2 Prozent der Stimmen gescheitert. Sowohl Aristau als auch der Kanton Aargau verwerfen die Neutralitätsinitiative.","https://thumb.wikimedia.org/wikipedia/commons/thumb/3/35/CHE_Aristau_COA.svg/330px-CHE_Aristau_COA.svg.png"
4223,40.3,40.3,59.7,"Auw AG","59,7 Prozent der Stimmbürgerinnen und Stimmbürger von Auw haben die Neutralitätsinitiative abgelehnt. Sowohl Auw als auch der Kanton Aargau verwerfen die Neutralitätsinitiative.","https://thumb.wikimedia.org/wikipedia/commons/thumb/6/67/CHE_Auw_AG_COA.svg/330px-CHE_Auw_AG_COA.svg.png"
4224,42.4,42.4,57.6,"Beinwil (Freiamt) AG","In Beinwil (Freiamt) ist die Neutralitätsinitiative mit 57,6 Prozent der Stimmen gescheitert. Sowohl Beinwil (Freiamt) als auch der Kanton Aargau verwerfen die Neutralitätsinitiative.","https://thumb.wikimedia.org/wikipedia/commons/thumb/2/21/CHE_Beinwil_%28Freiamt%29_COA.svg/330px-CHE_Beinwil_%28Freiamt%29_COA.svg.png"
4226,33.6,33.6,66.4,"Besenbüren AG","In Besenbüren ist die Neutralitätsinitiative mit 66,4 Prozent der Stimmen gescheitert. Sowohl Besenbüren als auch der Kanton Aargau verwerfen die Neutralitätsinitiative.","https://thumb.wikimedia.org/wikipedia/commons/thumb/9/99/CHE_Besenb%C3%BCren_COA.svg/330px-CHE_Besenb%C3%BCren_COA.svg.png"
4227,34.7,34.7,65.3,"Bettwil AG","Nein zur Neutralitätsinitiative in Bettwil: 65,3 Prozent. Sowohl Bettwil als auch der Kanton Aargau verwerfen die Neutralitätsinitiative.","https://thumb.wikimedia.org/wikipedia/commons/thumb/0/03/CHE_Bettwil_COA.svg/330px-CHE_Bettwil_COA.svg.png"
4228,39.5,39.5,60.5,"Boswil AG","In Boswil ist die Neutralitätsinitiative mit 60,5 Prozent der Stimmen gescheitert. Sowohl Boswil als auch der Kanton Aargau verwerfen die Neutralitätsinitiative.","https://thumb.wikimedia.org/wikipedia/commons/thumb/1/1b/CHE_Boswil_COA.svg/330px-CHE_Boswil_COA.svg.png"
4229,36.5,36.5,63.5,"Bünzen AG","63,5 Prozent der Stimmbürgerinnen und Stimmbürger von Bünzen haben die Neutralitätsinitiative abgelehnt. Sowohl Bünzen als auch der Kanton Aargau verwerfen die Neutralitätsinitiative.","https://thumb.wikimedia.org/wikipedia/commons/thumb/6/6f/Wappen_B%C3%BCnzen_AG.svg/330px-Wappen_B%C3%BCnzen_AG.svg.png"
4230,39.1,39.1,60.9,"Buttwil AG","Mit 60,9 Prozent wird die Neutralitätsinitiative in Buttwil verworfen. Sowohl Buttwil als auch der Kanton Aargau verwerfen die Neutralitätsinitiative.","https://thumb.wikimedia.org/wikipedia/commons/thumb/0/0a/Wappen_Buttwil.svg/330px-Wappen_Buttwil.svg.png"
4231,33.6,33.6,66.4,"Dietwil AG","Nein zur Neutralitätsinitiative in Dietwil: 66,4 Prozent. Sowohl Dietwil als auch der Kanton Aargau verwerfen die Neutralitätsinitiative.","https://thumb.wikimedia.org/wikipedia/commons/thumb/3/3a/CHE_Dietwil_COA.svg/330px-CHE_Dietwil_COA.svg.png"
4232,35.8,35.8,64.2,"Geltwil AG","Mit 61 Nein- zu 34 Ja-Stimmen lehnt Geltwil die Neutralitätsinitiative ab. Sowohl Geltwil als auch der Kanton Aargau verwerfen die Neutralitätsinitiative.","https://thumb.wikimedia.org/wikipedia/commons/thumb/a/a7/CHE_Geltwil_COA.svg/330px-CHE_Geltwil_COA.svg.png"
4233,48.5,48.5,51.5,"Kallern AG","Mit 51,5 Prozent wird die Neutralitätsinitiative in Kallern verworfen. Sowohl Kallern als auch der Kanton Aargau verwerfen die Neutralitätsinitiative.","https://thumb.wikimedia.org/wikipedia/commons/thumb/6/69/CHE_Kallern_COA.svg/330px-CHE_Kallern_COA.svg.png"
4234,31.1,31.1,68.9,"Merenschwand AG","68,9 Prozent der Stimmbürgerinnen und Stimmbürger von Merenschwand haben die Neutralitätsinitiative abgelehnt. Sowohl Merenschwand als auch der Kanton Aargau verwerfen die Neutralitätsinitiative.","https://thumb.wikimedia.org/wikipedia/commons/thumb/6/6a/CHE_Merenschwand_COA.svg/330px-CHE_Merenschwand_COA.svg.png"
4235,38.9,38.9,61.1,"Mühlau AG","61,1 Prozent der Stimmbürgerinnen und Stimmbürger von Mühlau sprechen sich gegen die Neutralitätsinitiative aus. Sowohl Mühlau als auch der Kanton Aargau verwerfen die Neutralitätsinitiative.","https://thumb.wikimedia.org/wikipedia/commons/thumb/f/f4/CHE_M%C3%BChlau_AG_COA.svg/330px-CHE_M%C3%BChlau_AG_COA.svg.png"
4236,26.4,26.4,73.6,"Muri AG","73,6 Prozent der Stimmbürgerinnen und Stimmbürger von Muri AG haben die Neutralitätsinitiative abgelehnt. Sowohl Muri AG als auch der Kanton Aargau verwerfen die Neutralitätsinitiative.","https://thumb.wikimedia.org/wikipedia/commons/thumb/2/28/CHE_Muri_COA.svg/330px-CHE_Muri_COA.svg.png"
4237,27.8,27.8,72.2,"Oberrüti AG","In Oberrüti ist die Neutralitätsinitiative mit 72,2 Prozent der Stimmen gescheitert. Sowohl Oberrüti als auch der Kanton Aargau verwerfen die Neutralitätsinitiative.","https://thumb.wikimedia.org/wikipedia/commons/thumb/2/21/CHE_Oberr%C3%BCti_COA.svg/330px-CHE_Oberr%C3%BCti_COA.svg.png"
4238,38.2,38.2,61.8,"Rottenschwil AG","Mit 61,8 Prozent wird die Neutralitätsinitiative in Rottenschwil verworfen. Sowohl Rottenschwil als auch der Kanton Aargau verwerfen die Neutralitätsinitiative.","https://thumb.wikimedia.org/wikipedia/commons/thumb/0/0b/CHE_Rottenschwil_COA.svg/330px-CHE_Rottenschwil_COA.svg.png"
4239,36.1,36.1,63.9,"Sins AG","In Sins ist die Neutralitätsinitiative mit 63,9 Prozent der Stimmen gescheitert. Sowohl Sins als auch der Kanton Aargau verwerfen die Neutralitätsinitiative.","https://thumb.wikimedia.org/wikipedia/commons/thumb/d/d3/CHE_Sins_COA.svg/330px-CHE_Sins_COA.svg.png"
4240,29.7,29.7,70.3,"Waltenschwil AG","Mit 70,3 Prozent wird die Neutralitätsinitiative in Waltenschwil verworfen. Sowohl Waltenschwil als auch der Kanton Aargau verwerfen die Neutralitätsinitiative.","https://thumb.wikimedia.org/wikipedia/commons/thumb/6/6c/CHE_Waltenschwil_COA.svg/330px-CHE_Waltenschwil_COA.svg.png"
4251,39.5,39.5,60.5,"Hellikon AG","In Hellikon ist die Neutralitätsinitiative mit 60,5 Prozent der Stimmen gescheitert. Sowohl Hellikon als auch der Kanton Aargau verwerfen die Neutralitätsinitiative.","https://thumb.wikimedia.org/wikipedia/commons/thumb/5/56/Wappen_Hellikon_AG.svg/330px-Wappen_Hellikon_AG.svg.png"
4252,30.5,30.5,69.5,"Kaiseraugst AG","69,5 Prozent der Stimmbürgerinnen und Stimmbürger von Kaiseraugst haben die Neutralitätsinitiative abgelehnt. Sowohl Kaiseraugst als auch der Kanton Aargau verwerfen die Neutralitätsinitiative.","https://thumb.wikimedia.org/wikipedia/commons/thumb/3/3c/Wappen_Kaiseraugst_AG.svg/330px-Wappen_Kaiseraugst_AG.svg.png"
4253,24.8,24.8,75.2,"Magden AG","In Magden ist die Neutralitätsinitiative mit 75,2 Prozent der Stimmen gescheitert. Sowohl Magden als auch der Kanton Aargau verwerfen die Neutralitätsinitiative.","https://thumb.wikimedia.org/wikipedia/commons/thumb/8/8d/Wappen_Magden_AG.svg/330px-Wappen_Magden_AG.svg.png"
4254,28.3,28.3,71.7,"Möhlin AG","Nein zur Neutralitätsinitiative in Möhlin: 71,7 Prozent. Sowohl Möhlin als auch der Kanton Aargau verwerfen die Neutralitätsinitiative.","https://thumb.wikimedia.org/wikipedia/commons/thumb/4/43/Wappen_M%C3%B6hlin_AG.svg/330px-Wappen_M%C3%B6hlin_AG.svg.png"
4255,37.6,37.6,62.4,"Mumpf AG","Mit 62,4 Prozent wird die Neutralitätsinitiative in Mumpf verworfen. Sowohl Mumpf als auch der Kanton Aargau verwerfen die Neutralitätsinitiative.","https://thumb.wikimedia.org/wikipedia/commons/thumb/3/33/Wappen_Mumpf_AG.svg/330px-Wappen_Mumpf_AG.svg.png"
4256,33,33,67,"Obermumpf AG","In Obermumpf ist die Neutralitätsinitiative mit 67 Prozent der Stimmen gescheitert. Sowohl Obermumpf als auch der Kanton Aargau verwerfen die Neutralitätsinitiative.","https://thumb.wikimedia.org/wikipedia/commons/thumb/b/ba/Wappen_Obermumpf_AG.svg/330px-Wappen_Obermumpf_AG.svg.png"
4257,30.9,30.9,69.1,"Olsberg AG","69,1 Prozent der Stimmbürgerinnen und Stimmbürger von Olsberg haben die Neutralitätsinitiative abgelehnt. Sowohl Olsberg als auch der Kanton Aargau verwerfen die Neutralitätsinitiative.","https://thumb.wikimedia.org/wikipedia/commons/thumb/f/fe/CHE_Olsberg_AG_COA.svg/960px-CHE_Olsberg_AG_COA.svg.png"
4258,23.4,23.4,76.6,"Rheinfelden AG","76,6 Prozent der Stimmbürgerinnen und Stimmbürger von Rheinfelden sprechen sich gegen die Neutralitätsinitiative aus. Sowohl Rheinfelden als auch der Kanton Aargau verwerfen die Neutralitätsinitiative.","https://thumb.wikimedia.org/wikipedia/commons/thumb/7/7f/CHE_Rheinfelden_COA.svg/960px-CHE_Rheinfelden_COA.svg.png"
4259,31.2,31.2,68.8,"Schupfart AG","In Schupfart ist die Neutralitätsinitiative mit 68,8 Prozent der Stimmen gescheitert. Sowohl Schupfart als auch der Kanton Aargau verwerfen die Neutralitätsinitiative.","https://thumb.wikimedia.org/wikipedia/commons/thumb/e/ee/CHE_Schupfart_COA.svg/330px-CHE_Schupfart_COA.svg.png"
4260,30.2,30.2,69.8,"Stein AG","69,8 Prozent der Stimmbürgerinnen und Stimmbürger von Stein AG haben die Neutralitätsinitiative abgelehnt. Sowohl Stein AG als auch der Kanton Aargau verwerfen die Neutralitätsinitiative.","https://thumb.wikimedia.org/wikipedia/commons/thumb/d/d3/CHE_Stein_COA.svg/330px-CHE_Stein_COA.svg.png"
4261,29.8,29.8,70.2,"Wallbach AG","In Wallbach ist die Neutralitätsinitiative mit 70,2 Prozent der Stimmen gescheitert. Sowohl Wallbach als auch der Kanton Aargau verwerfen die Neutralitätsinitiative.","https://thumb.wikimedia.org/wikipedia/commons/thumb/a/af/Wappen_Wallbach_AG.svg/330px-Wappen_Wallbach_AG.svg.png"
4262,38.2,38.2,61.8,"Wegenstetten AG","61,8 Prozent der Stimmbürgerinnen und Stimmbürger von Wegenstetten haben die Neutralitätsinitiative abgelehnt. Sowohl Wegenstetten als auch der Kanton Aargau verwerfen die Neutralitätsinitiative.","https://thumb.wikimedia.org/wikipedia/commons/thumb/4/43/Wappen_Wegenstetten_AG.svg/330px-Wappen_Wegenstetten_AG.svg.png"
4263,27.6,27.6,72.4,"Zeiningen AG","Nein zur Neutralitätsinitiative in Zeiningen: 72,4 Prozent. Sowohl Zeiningen als auch der Kanton Aargau verwerfen die Neutralitätsinitiative.","https://thumb.wikimedia.org/wikipedia/commons/thumb/2/23/CHE_Zeiningen_COA.svg/330px-CHE_Zeiningen_COA.svg.png"
4264,35.9,35.9,64.1,"Zuzgen AG","In Zuzgen ist die Neutralitätsinitiative mit 64,1 Prozent der Stimmen gescheitert. Sowohl Zuzgen als auch der Kanton Aargau verwerfen die Neutralitätsinitiative.","https://thumb.wikimedia.org/wikipedia/commons/thumb/e/e4/CHE_Zuzgen_COA.svg/330px-CHE_Zuzgen_COA.svg.png"
4271,30.7,30.7,69.3,"Aarburg AG","In Aarburg ist die Neutralitätsinitiative mit 69,3 Prozent der Stimmen gescheitert. Sowohl Aarburg als auch der Kanton Aargau verwerfen die Neutralitätsinitiative.","https://thumb.wikimedia.org/wikipedia/commons/thumb/9/97/CHE_Aarburg_COA.svg/330px-CHE_Aarburg_COA.svg.png"
4273,37.3,37.3,62.7,"Bottenwil AG","Mit 62,7 Prozent wird die Neutralitätsinitiative in Bottenwil verworfen. Sowohl Bottenwil als auch der Kanton Aargau verwerfen die Neutralitätsinitiative.","https://thumb.wikimedia.org/wikipedia/commons/thumb/3/3b/Wappen_Bottenwil.svg/330px-Wappen_Bottenwil.svg.png"
4274,33.1,33.1,66.9,"Brittnau AG","In Brittnau ist die Neutralitätsinitiative mit 66,9 Prozent der Stimmen gescheitert. Sowohl Brittnau als auch der Kanton Aargau verwerfen die Neutralitätsinitiative.","https://thumb.wikimedia.org/wikipedia/commons/thumb/0/09/CHE_Brittnau_COA.svg/960px-CHE_Brittnau_COA.svg.png"
4275,42.7,42.7,57.3,"Kirchleerau AG","Nein zur Neutralitätsinitiative in Kirchleerau: 57,3 Prozent. Sowohl Kirchleerau als auch der Kanton Aargau verwerfen die Neutralitätsinitiative.","https://thumb.wikimedia.org/wikipedia/commons/thumb/d/d4/Wappen_Kirchleerau_AG.svg/330px-Wappen_Kirchleerau_AG.svg.png"
4276,40,40,60,"Kölliken AG","60 Prozent der Stimmbürgerinnen und Stimmbürger von Kölliken sprechen sich gegen die Neutralitätsinitiative aus. Sowohl Kölliken als auch der Kanton Aargau verwerfen die Neutralitätsinitiative.","https://thumb.wikimedia.org/wikipedia/commons/thumb/2/24/CHE_K%C3%B6lliken_COA.svg/330px-CHE_K%C3%B6lliken_COA.svg.png"
4277,46.5,46.5,53.5,"Moosleerau AG","53,5 Prozent der Stimmbürgerinnen und Stimmbürger von Moosleerau haben die Neutralitätsinitiative abgelehnt. Sowohl Moosleerau als auch der Kanton Aargau verwerfen die Neutralitätsinitiative.","https://thumb.wikimedia.org/wikipedia/commons/thumb/a/a7/Wappen_Moosleerau_AG.svg/330px-Wappen_Moosleerau_AG.svg.png"
4279,41.9,41.9,58.1,"Murgenthal AG","In Murgenthal ist die Neutralitätsinitiative mit 58,1 Prozent der Stimmen gescheitert. Sowohl Murgenthal als auch der Kanton Aargau verwerfen die Neutralitätsinitiative.","https://thumb.wikimedia.org/wikipedia/commons/thumb/8/81/Wappen_Murgenthal_AG.svg/330px-Wappen_Murgenthal_AG.svg.png"
4280,33.5,33.5,66.5,"Oftringen AG","Nein zur Neutralitätsinitiative in Oftringen: 66,5 Prozent. Sowohl Oftringen als auch der Kanton Aargau verwerfen die Neutralitätsinitiative.","https://thumb.wikimedia.org/wikipedia/commons/thumb/b/b9/CHE_Oftringen_COA.svg/330px-CHE_Oftringen_COA.svg.png"
4281,46.6,46.6,53.4,"Reitnau AG","In Reitnau ist die Neutralitätsinitiative mit 53,4 Prozent der Stimmen gescheitert. Sowohl Reitnau als auch der Kanton Aargau verwerfen die Neutralitätsinitiative.","https://thumb.wikimedia.org/wikipedia/commons/thumb/5/5c/Wappen_Reitnau_AG.svg/330px-Wappen_Reitnau_AG.svg.png"
4282,35.7,35.7,64.3,"Rothrist AG","64,3 Prozent der Stimmbürgerinnen und Stimmbürger von Rothrist haben die Neutralitätsinitiative abgelehnt. Sowohl Rothrist als auch der Kanton Aargau verwerfen die Neutralitätsinitiative.","https://thumb.wikimedia.org/wikipedia/commons/thumb/6/6c/Wappen_Rothrist_AG.svg/330px-Wappen_Rothrist_AG.svg.png"
4283,38.1,38.1,61.9,"Safenwil AG","In Safenwil ist die Neutralitätsinitiative mit 61,9 Prozent der Stimmen gescheitert. Sowohl Safenwil als auch der Kanton Aargau verwerfen die Neutralitätsinitiative.","https://thumb.wikimedia.org/wikipedia/commons/thumb/a/a9/Wappen_Safenwil_AG.svg/330px-Wappen_Safenwil_AG.svg.png"
4284,42.3,42.3,57.7,"Staffelbach AG","Nein zur Neutralitätsinitiative in Staffelbach: 57,7 Prozent. Sowohl Staffelbach als auch der Kanton Aargau verwerfen die Neutralitätsinitiative.","https://thumb.wikimedia.org/wikipedia/commons/thumb/0/0a/Wappen_Staffelbach_AG.svg/330px-Wappen_Staffelbach_AG.svg.png"
4285,26.8,26.8,73.2,"Strengelbach AG","In Strengelbach ist die Neutralitätsinitiative mit 73,2 Prozent der Stimmen gescheitert. Sowohl Strengelbach als auch der Kanton Aargau verwerfen die Neutralitätsinitiative.","https://thumb.wikimedia.org/wikipedia/commons/thumb/2/2a/Wappen_Strengelbach_AG.svg/330px-Wappen_Strengelbach_AG.svg.png"
4286,44.1,44.1,55.9,"Uerkheim AG","In Uerkheim ist die Neutralitätsinitiative mit 55,9 Prozent der Stimmen gescheitert. Sowohl Uerkheim als auch der Kanton Aargau verwerfen die Neutralitätsinitiative.","https://thumb.wikimedia.org/wikipedia/commons/thumb/a/af/CHE_Uerkheim_COA.svg/960px-CHE_Uerkheim_COA.svg.png"
4287,34.7,34.7,65.3,"Vordemwald AG","65,3 Prozent der Stimmbürgerinnen und Stimmbürger von Vordemwald sprechen sich gegen die Neutralitätsinitiative aus. Sowohl Vordemwald als auch der Kanton Aargau verwerfen die Neutralitätsinitiative.","https://thumb.wikimedia.org/wikipedia/commons/thumb/6/6a/Wappen_Vordemwald_AG.svg/330px-Wappen_Vordemwald_AG.svg.png"
4288,54.8,54.8,45.2,"Wiliberg AG","Mit 51 Ja- zu 42 Nein-Stimmen nimmt Wiliberg die Neutralitätsinitiative an. Wiliberg sagt Ja zur Neutralitätsinitiative, im Kanton Aargau überwiegt das Nein.","https://thumb.wikimedia.org/wikipedia/commons/thumb/4/43/Wappen_Wiliberg_AG.svg/330px-Wappen_Wiliberg_AG.svg.png"
4289,23.6,23.6,76.4,"Zofingen AG","Mit 76,4 Prozent wird die Neutralitätsinitiative in Zofingen verworfen. Sowohl Zofingen als auch der Kanton Aargau verwerfen die Neutralitätsinitiative.","https://thumb.wikimedia.org/wikipedia/commons/thumb/a/a5/Wappen_Zofingen_AG.svg/330px-Wappen_Zofingen_AG.svg.png"
4303,35.3,35.3,64.7,"Böttstein AG","64,7 Prozent der Stimmbürgerinnen und Stimmbürger von Böttstein haben die Neutralitätsinitiative abgelehnt. Sowohl Böttstein als auch der Kanton Aargau verwerfen die Neutralitätsinitiative.","https://thumb.wikimedia.org/wikipedia/commons/thumb/c/cb/CHE_B%C3%B6ttstein_COA.svg/500px-CHE_B%C3%B6ttstein_COA.svg.png"
4304,31.8,31.8,68.2,"Döttingen AG","68,2 Prozent der Stimmbürgerinnen und Stimmbürger von Döttingen sprechen sich gegen die Neutralitätsinitiative aus. Sowohl Döttingen als auch der Kanton Aargau verwerfen die Neutralitätsinitiative.","https://thumb.wikimedia.org/wikipedia/commons/thumb/b/bd/CHE_D%C3%B6ttingen_AG_COA.svg/500px-CHE_D%C3%B6ttingen_AG_COA.svg.png"
4305,30.6,30.6,69.4,"Endingen AG","In Endingen ist die Neutralitätsinitiative mit 69,4 Prozent der Stimmen gescheitert. Sowohl Endingen als auch der Kanton Aargau verwerfen die Neutralitätsinitiative.","https://thumb.wikimedia.org/wikipedia/commons/thumb/b/b3/CHE_Endingen_COA.svg/960px-CHE_Endingen_COA.svg.png"
4306,42.8,42.8,57.2,"Fisibach AG","In Fisibach ist die Neutralitätsinitiative mit 57,2 Prozent der Stimmen gescheitert. Sowohl Fisibach als auch der Kanton Aargau verwerfen die Neutralitätsinitiative.","https://thumb.wikimedia.org/wikipedia/commons/thumb/1/18/CHE_Fisibach_COA.svg/330px-CHE_Fisibach_COA.svg.png"
4307,33.7,33.7,66.3,"Full-Reuenthal AG","66,3 Prozent der Stimmbürgerinnen und Stimmbürger von Full-Reuenthal sprechen sich gegen die Neutralitätsinitiative aus. Sowohl Full-Reuenthal als auch der Kanton Aargau verwerfen die Neutralitätsinitiative.","https://thumb.wikimedia.org/wikipedia/commons/thumb/4/4c/CHE_Full-Reuenthal_COA.svg/330px-CHE_Full-Reuenthal_COA.svg.png"
4309,27.6,27.6,72.4,"Klingnau AG","72,4 Prozent der Stimmbürgerinnen und Stimmbürger von Klingnau sprechen sich gegen die Neutralitätsinitiative aus. Sowohl Klingnau als auch der Kanton Aargau verwerfen die Neutralitätsinitiative.","https://thumb.wikimedia.org/wikipedia/commons/thumb/5/5d/Wappen_Klingnau.svg/330px-Wappen_Klingnau.svg.png"
4310,41,41,59,"Koblenz AG","59 Prozent der Stimmbürgerinnen und Stimmbürger von Koblenz haben die Neutralitätsinitiative abgelehnt. Sowohl Koblenz als auch der Kanton Aargau verwerfen die Neutralitätsinitiative.","https://thumb.wikimedia.org/wikipedia/commons/thumb/8/8e/Wappen_Koblenz_AG.svg/330px-Wappen_Koblenz_AG.svg.png"
4311,42.1,42.1,57.9,"Leibstadt AG","57,9 Prozent der Stimmbürgerinnen und Stimmbürger von Leibstadt haben die Neutralitätsinitiative abgelehnt. Sowohl Leibstadt als auch der Kanton Aargau verwerfen die Neutralitätsinitiative.","https://thumb.wikimedia.org/wikipedia/commons/thumb/5/58/CHE_Leibstadt_COA.svg/500px-CHE_Leibstadt_COA.svg.png"
4312,31,31,69,"Lengnau AG","69 Prozent der Stimmbürgerinnen und Stimmbürger von Lengnau AG haben die Neutralitätsinitiative abgelehnt. Sowohl Lengnau AG als auch der Kanton Aargau verwerfen die Neutralitätsinitiative.","https://thumb.wikimedia.org/wikipedia/commons/thumb/9/9b/Wappen_Lengnau_AG.svg/330px-Wappen_Lengnau_AG.svg.png"
4313,33.7,33.7,66.3,"Leuggern AG","In Leuggern ist die Neutralitätsinitiative mit 66,3 Prozent der Stimmen gescheitert. Sowohl Leuggern als auch der Kanton Aargau verwerfen die Neutralitätsinitiative.","https://thumb.wikimedia.org/wikipedia/commons/thumb/6/60/Coat_of_arms_of_Leuggern.svg/960px-Coat_of_arms_of_Leuggern.svg.png"
4314,20.2,20.2,79.8,"Mellikon AG","Mit 71 Nein- zu 18 Ja-Stimmen lehnt Mellikon die Neutralitätsinitiative ab. Sowohl Mellikon als auch der Kanton Aargau verwerfen die Neutralitätsinitiative.","https://thumb.wikimedia.org/wikipedia/commons/thumb/5/51/CHE_Mellikon_COA.svg/330px-CHE_Mellikon_COA.svg.png"
4318,26.7,26.7,73.3,"Schneisingen AG","Mit 73,3 Prozent wird die Neutralitätsinitiative in Schneisingen verworfen. Sowohl Schneisingen als auch der Kanton Aargau verwerfen die Neutralitätsinitiative.","https://thumb.wikimedia.org/wikipedia/commons/thumb/d/da/CHE_Schneisingen_COA.svg/960px-CHE_Schneisingen_COA.svg.png"
4319,33.1,33.1,66.9,"Siglistorf AG","In Siglistorf ist die Neutralitätsinitiative mit 66,9 Prozent der Stimmen gescheitert. Sowohl Siglistorf als auch der Kanton Aargau verwerfen die Neutralitätsinitiative.","https://thumb.wikimedia.org/wikipedia/commons/thumb/3/39/CHE_Siglistorf_COA.svg/960px-CHE_Siglistorf_COA.svg.png"
4320,34.9,34.9,65.1,"Tegerfelden AG","65,1 Prozent der Stimmbürgerinnen und Stimmbürger von Tegerfelden haben die Neutralitätsinitiative abgelehnt. Sowohl Tegerfelden als auch der Kanton Aargau verwerfen die Neutralitätsinitiative.","https://thumb.wikimedia.org/wikipedia/commons/thumb/c/c6/CHE_Tegerfelden_COA.svg/330px-CHE_Tegerfelden_COA.svg.png"
4324,35.1,35.1,64.9,"Zurzach AG","Nein zur Neutralitätsinitiative in Zurzach: 64,9 Prozent. Sowohl Zurzach als auch der Kanton Aargau verwerfen die Neutralitätsinitiative.","https://thumb.wikimedia.org/wikipedia/commons/thumb/8/82/CHE_Zurzach_COA.svg/500px-CHE_Zurzach_COA.svg.png"
4401,50,0,0,"Arbon TG","Die Resultate dieser Gemeinde sind noch nicht bekannt.","https://upload.wikimedia.org/wikipedia/commons/0/05/Arbon_Wappen.jpg"
4406,50,0,0,"Dozwil TG","Die Resultate dieser Gemeinde sind noch nicht bekannt.","https://thumb.wikimedia.org/wikipedia/commons/thumb/7/7d/Dozwil-blazon.svg/250px-Dozwil-blazon.svg.png"
4411,50,0,0,"Egnach TG","Die Resultate dieser Gemeinde sind noch nicht bekannt.","https://thumb.wikimedia.org/wikipedia/commons/thumb/6/6a/CHE_Egnach_COA.svg/960px-CHE_Egnach_COA.svg.png"
4416,50,0,0,"Hefenhofen TG","Die Resultate dieser Gemeinde sind noch nicht bekannt.","https://thumb.wikimedia.org/wikipedia/commons/thumb/e/ea/CHE_Hefenhofen_COA.svg/250px-CHE_Hefenhofen_COA.svg.png"
4421,50,0,0,"Horn TG","Die Resultate dieser Gemeinde sind noch nicht bekannt.","https://thumb.wikimedia.org/wikipedia/commons/thumb/2/25/Wappen_Horn.svg/500px-Wappen_Horn.svg.png"
4426,50,0,0,"Kesswil TG","Die Resultate dieser Gemeinde sind noch nicht bekannt.","https://thumb.wikimedia.org/wikipedia/commons/thumb/e/ef/Kesswil-blazon.svg/250px-Kesswil-blazon.svg.png"
4431,50,0,0,"Roggwil TG","Die Resultate dieser Gemeinde sind noch nicht bekannt.","https://thumb.wikimedia.org/wikipedia/commons/thumb/8/8e/Roggwil_TG-coat_of_arms.svg/250px-Roggwil_TG-coat_of_arms.svg.png"
4436,50,0,0,"Romanshorn TG","Die Resultate dieser Gemeinde sind noch nicht bekannt.","https://thumb.wikimedia.org/wikipedia/commons/thumb/7/71/Wappen_Romanshorn.svg/250px-Wappen_Romanshorn.svg.png"
4441,50,0,0,"Salmsach TG","Die Resultate dieser Gemeinde sind noch nicht bekannt.","https://thumb.wikimedia.org/wikipedia/commons/thumb/9/9e/Salmsach-blazon.svg/250px-Salmsach-blazon.svg.png"
4446,50,0,0,"Sommeri TG","Die Resultate dieser Gemeinde sind noch nicht bekannt.","https://thumb.wikimedia.org/wikipedia/commons/thumb/2/26/Sommeri-blazon.svg/250px-Sommeri-blazon.svg.png"
4451,50,0,0,"Uttwil TG","Die Resultate dieser Gemeinde sind noch nicht bekannt.","https://thumb.wikimedia.org/wikipedia/commons/thumb/b/be/CHE_Uttwil_COA.svg/500px-CHE_Uttwil_COA.svg.png"
4461,50,0,0,"Amriswil TG","Die Resultate dieser Gemeinde sind noch nicht bekannt.","https://thumb.wikimedia.org/wikipedia/commons/thumb/3/3e/CHE_Amriswil_COA.svg/960px-CHE_Amriswil_COA.svg.png"
4471,50,0,0,"Bischofszell TG","Die Resultate dieser Gemeinde sind noch nicht bekannt.","https://thumb.wikimedia.org/wikipedia/commons/thumb/e/e8/Bischofszell-blazon.svg/250px-Bischofszell-blazon.svg.png"
4476,50,0,0,"Erlen TG","Die Resultate dieser Gemeinde sind noch nicht bekannt.","https://thumb.wikimedia.org/wikipedia/commons/thumb/4/44/Erlen-blazon.svg/250px-Erlen-blazon.svg.png"
4486,50,0,0,"Hauptwil-Gottshaus TG","Die Resultate dieser Gemeinde sind noch nicht bekannt.","https://thumb.wikimedia.org/wikipedia/commons/thumb/d/dd/HauptwilGottshaus-blazon.svg/250px-HauptwilGottshaus-blazon.svg.png"
4495,50,0,0,"Hohentannen TG","Die Resultate dieser Gemeinde sind noch nicht bekannt.","https://thumb.wikimedia.org/wikipedia/commons/thumb/d/df/Hohentannen-blazon.svg/250px-Hohentannen-blazon.svg.png"
4501,50,0,0,"Kradolf-Schönenberg TG","Die Resultate dieser Gemeinde sind noch nicht bekannt.","https://thumb.wikimedia.org/wikipedia/commons/thumb/1/11/KradolfSch%C3%B6nenberg-blazon.svg/250px-KradolfSch%C3%B6nenberg-blazon.svg.png"
4506,50,0,0,"Sulgen TG","Die Resultate dieser Gemeinde sind noch nicht bekannt.","https://thumb.wikimedia.org/wikipedia/commons/thumb/f/f9/Sulgen-blazon.svg/250px-Sulgen-blazon.svg.png"
4511,50,0,0,"Zihlschlacht-Sitterdorf TG","Die Resultate dieser Gemeinde sind noch nicht bekannt.","https://thumb.wikimedia.org/wikipedia/commons/thumb/7/7c/ZihlschlachtSitterdorf-blazon.svg/250px-ZihlschlachtSitterdorf-blazon.svg.png"
4536,50,0,0,"Basadingen-Schlattingen TG","Die Resultate dieser Gemeinde sind noch nicht bekannt.","https://thumb.wikimedia.org/wikipedia/commons/thumb/0/01/BasadingenSchlattingen-blazon.svg/250px-BasadingenSchlattingen-blazon.svg.png"
4545,50,0,0,"Diessenhofen TG","Die Resultate dieser Gemeinde sind noch nicht bekannt.","https://thumb.wikimedia.org/wikipedia/commons/thumb/f/f8/Diessenhofen-blazon.svg/250px-Diessenhofen-blazon.svg.png"
4546,50,0,0,"Schlatt TG","Die Resultate dieser Gemeinde sind noch nicht bekannt.","https://thumb.wikimedia.org/wikipedia/commons/thumb/f/fa/Schlatt_TG-blazon.svg/250px-Schlatt_TG-blazon.svg.png"
4551,50,0,0,"Aadorf TG","Die Resultate dieser Gemeinde sind noch nicht bekannt.","https://thumb.wikimedia.org/wikipedia/commons/thumb/0/0e/Wappen_Aadorf.svg/250px-Wappen_Aadorf.svg.png"
4561,50,0,0,"Felben-Wellhausen TG","Die Resultate dieser Gemeinde sind noch nicht bekannt.","https://thumb.wikimedia.org/wikipedia/commons/thumb/0/09/FelbenWellhausen-blazon.svg/250px-FelbenWellhausen-blazon.svg.png"
4566,50,0,0,"Frauenfeld TG","Die Resultate dieser Gemeinde sind noch nicht bekannt.","https://thumb.wikimedia.org/wikipedia/commons/thumb/e/eb/Frauenfeld-blazon.svg/250px-Frauenfeld-blazon.svg.png"
4571,50,0,0,"Gachnang TG","Die Resultate dieser Gemeinde sind noch nicht bekannt.","https://thumb.wikimedia.org/wikipedia/commons/thumb/a/af/CHE_Gachnang_COA.svg/500px-CHE_Gachnang_COA.svg.png"
4590,50,0,0,"Hüttlingen TG","Die Resultate dieser Gemeinde sind noch nicht bekannt.","https://thumb.wikimedia.org/wikipedia/commons/thumb/6/6f/H%C3%BCttlingen-blazon.svg/250px-H%C3%BCttlingen-blazon.svg.png"
4591,50,0,0,"Matzingen TG","Die Resultate dieser Gemeinde sind noch nicht bekannt.","https://thumb.wikimedia.org/wikipedia/commons/thumb/0/0e/CHE_Matzingen_COA.svg/500px-CHE_Matzingen_COA.svg.png"
4601,50,0,0,"Neunforn TG","Die Resultate dieser Gemeinde sind noch nicht bekannt.","https://thumb.wikimedia.org/wikipedia/commons/thumb/8/89/Neunforn-blazon.svg/250px-Neunforn-blazon.svg.png"
4606,50,0,0,"Stettfurt TG","Die Resultate dieser Gemeinde sind noch nicht bekannt.","https://thumb.wikimedia.org/wikipedia/commons/thumb/1/12/Stettfurt-blazon.svg/250px-Stettfurt-blazon.svg.png"
4611,50,0,0,"Thundorf TG","Die Resultate dieser Gemeinde sind noch nicht bekannt.","https://thumb.wikimedia.org/wikipedia/commons/thumb/5/5d/Thundorf-coat_of_arms.svg/500px-Thundorf-coat_of_arms.svg.png"
4616,50,0,0,"Uesslingen-Buch TG","Die Resultate dieser Gemeinde sind noch nicht bekannt.","https://thumb.wikimedia.org/wikipedia/commons/thumb/c/c6/UesslingenBuch-blazon.svg/250px-UesslingenBuch-blazon.svg.png"
4621,50,0,0,"Warth-Weiningen TG","Die Resultate dieser Gemeinde sind noch nicht bekannt.","https://thumb.wikimedia.org/wikipedia/commons/thumb/d/d9/WarthWeiningen-blazon.svg/250px-WarthWeiningen-blazon.svg.png"
4641,50,0,0,"Altnau TG","Die Resultate dieser Gemeinde sind noch nicht bekannt.","https://thumb.wikimedia.org/wikipedia/commons/thumb/b/bf/CHE_Altnau_COA.svg/500px-CHE_Altnau_COA.svg.png"
4643,50,0,0,"Bottighofen TG","Die Resultate dieser Gemeinde sind noch nicht bekannt.","https://thumb.wikimedia.org/wikipedia/commons/thumb/e/e8/Bottighofen-blazon.svg/250px-Bottighofen-blazon.svg.png"
4646,50,0,0,"Ermatingen TG","Die Resultate dieser Gemeinde sind noch nicht bekannt.","https://thumb.wikimedia.org/wikipedia/commons/thumb/8/8d/Ermatingen-blazon.svg/250px-Ermatingen-blazon.svg.png"
4651,50,0,0,"Gottlieben TG","Die Resultate dieser Gemeinde sind noch nicht bekannt.","https://thumb.wikimedia.org/wikipedia/commons/thumb/9/93/Gottlieben-blazon.svg/250px-Gottlieben-blazon.svg.png"
4656,50,0,0,"Güttingen TG","Die Resultate dieser Gemeinde sind noch nicht bekannt.","https://thumb.wikimedia.org/wikipedia/commons/thumb/1/1a/G%C3%BCttingen-blazon.svg/250px-G%C3%BCttingen-blazon.svg.png"
4666,50,0,0,"Kemmental TG","Die Resultate dieser Gemeinde sind noch nicht bekannt.","https://thumb.wikimedia.org/wikipedia/commons/thumb/e/e4/CHE_Kemmental_COA.svg/500px-CHE_Kemmental_COA.svg.png"
4671,50,0,0,"Kreuzlingen TG","Die Resultate dieser Gemeinde sind noch nicht bekannt.","https://thumb.wikimedia.org/wikipedia/commons/thumb/2/25/Kreuzlingen-blazon.svg/250px-Kreuzlingen-blazon.svg.png"
4681,50,0,0,"Langrickenbach TG","Die Resultate dieser Gemeinde sind noch nicht bekannt.","https://thumb.wikimedia.org/wikipedia/commons/thumb/7/71/Langrickenbach-blazon.svg/250px-Langrickenbach-blazon.svg.png"
4683,50,0,0,"Lengwil TG","Die Resultate dieser Gemeinde sind noch nicht bekannt.","https://upload.wikimedia.org/wikipedia/de/8/8f/GW-TG-Lengwil.png"
4691,50,0,0,"Münsterlingen TG","Die Resultate dieser Gemeinde sind noch nicht bekannt.","https://thumb.wikimedia.org/wikipedia/commons/thumb/6/67/GW-TG-Muensterlingen.svg/500px-GW-TG-Muensterlingen.svg.png"
4696,50,0,0,"Tägerwilen TG","Die Resultate dieser Gemeinde sind noch nicht bekannt.","https://thumb.wikimedia.org/wikipedia/commons/thumb/6/6b/T%C3%A4gerwilen-blazon.svg/250px-T%C3%A4gerwilen-blazon.svg.png"
4701,50,0,0,"Wäldi TG","Die Resultate dieser Gemeinde sind noch nicht bekannt.","https://thumb.wikimedia.org/wikipedia/commons/thumb/0/03/W%C3%A4ldi-blazon.svg/250px-W%C3%A4ldi-blazon.svg.png"
4711,50,0,0,"Affeltrangen TG","Die Resultate dieser Gemeinde sind noch nicht bekannt.","https://thumb.wikimedia.org/wikipedia/commons/thumb/2/21/CHE_Affeltrangen_COA.svg/960px-CHE_Affeltrangen_COA.svg.png"
4716,50,0,0,"Bettwiesen TG","Die Resultate dieser Gemeinde sind noch nicht bekannt.","https://thumb.wikimedia.org/wikipedia/commons/thumb/c/c4/Bettwiesen-blazon.svg/250px-Bettwiesen-blazon.svg.png"
4721,50,0,0,"Bichelsee-Balterswil TG","Die Resultate dieser Gemeinde sind noch nicht bekannt.","https://thumb.wikimedia.org/wikipedia/commons/thumb/f/fe/BichelseeBalterswil-blazon.svg/250px-BichelseeBalterswil-blazon.svg.png"
4723,50,0,0,"Braunau TG","Die Resultate dieser Gemeinde sind noch nicht bekannt.","https://thumb.wikimedia.org/wikipedia/commons/thumb/2/2e/Braunau-blazon.svg/250px-Braunau-blazon.svg.png"
4724,50,0,0,"Eschlikon TG","Die Resultate dieser Gemeinde sind noch nicht bekannt.","https://thumb.wikimedia.org/wikipedia/commons/thumb/f/f4/Eschlikon-blazon.svg/250px-Eschlikon-blazon.svg.png"
4726,50,0,0,"Fischingen TG","Die Resultate dieser Gemeinde sind noch nicht bekannt.","https://thumb.wikimedia.org/wikipedia/commons/thumb/f/f7/Fischingen-blazon.svg/250px-Fischingen-blazon.svg.png"
4741,50,0,0,"Lommis TG","Die Resultate dieser Gemeinde sind noch nicht bekannt.","https://thumb.wikimedia.org/wikipedia/commons/thumb/9/90/Lommis-blazon.svg/250px-Lommis-blazon.svg.png"
4746,50,0,0,"Münchwilen TG","Die Resultate dieser Gemeinde sind noch nicht bekannt.","https://thumb.wikimedia.org/wikipedia/commons/thumb/3/37/M%C3%BCnchwilen_TG-blazon.svg/250px-M%C3%BCnchwilen_TG-blazon.svg.png"
4751,50,0,0,"Rickenbach TG","Die Resultate dieser Gemeinde sind noch nicht bekannt.","https://thumb.wikimedia.org/wikipedia/commons/thumb/a/ae/Rickenbach_TG-blazon.svg/250px-Rickenbach_TG-blazon.svg.png"
4756,50,0,0,"Schönholzerswilen TG","Die Resultate dieser Gemeinde sind noch nicht bekannt.","https://thumb.wikimedia.org/wikipedia/commons/thumb/9/95/CHE_Sch%C3%B6nholzerswilen_COA.svg/250px-CHE_Sch%C3%B6nholzerswilen_COA.svg.png"
4761,50,0,0,"Sirnach TG","Die Resultate dieser Gemeinde sind noch nicht bekannt.","https://thumb.wikimedia.org/wikipedia/commons/thumb/5/5f/CHE_Sirnach_COA.svg/500px-CHE_Sirnach_COA.svg.png"
4776,50,0,0,"Tobel-Tägerschen TG","Die Resultate dieser Gemeinde sind noch nicht bekannt.","https://thumb.wikimedia.org/wikipedia/commons/thumb/2/2a/CHE_Tobel-T%C3%A4gerschen_COA.svg/500px-CHE_Tobel-T%C3%A4gerschen_COA.svg.png"
4781,50,0,0,"Wängi TG","Die Resultate dieser Gemeinde sind noch nicht bekannt.","https://thumb.wikimedia.org/wikipedia/commons/thumb/6/6e/Wappen_Waengi.svg/250px-Wappen_Waengi.svg.png"
4786,50,0,0,"Wilen TG","Die Resultate dieser Gemeinde sind noch nicht bekannt.","https://thumb.wikimedia.org/wikipedia/commons/thumb/4/4e/Wilen-blazon.svg/250px-Wilen-blazon.svg.png"
4791,50,0,0,"Wuppenau TG","Die Resultate dieser Gemeinde sind noch nicht bekannt.","https://thumb.wikimedia.org/wikipedia/commons/thumb/d/d5/CHE_Wuppenau_COA.svg/250px-CHE_Wuppenau_COA.svg.png"
4801,50,0,0,"Berlingen TG","Die Resultate dieser Gemeinde sind noch nicht bekannt.","https://thumb.wikimedia.org/wikipedia/commons/thumb/5/5b/Berlingen_Wappen.svg/500px-Berlingen_Wappen.svg.png"
4806,50,0,0,"Eschenz TG","Die Resultate dieser Gemeinde sind noch nicht bekannt.","https://thumb.wikimedia.org/wikipedia/commons/thumb/5/52/Eschenz-blazon.svg/250px-Eschenz-blazon.svg.png"
4811,50,0,0,"Herdern TG","Die Resultate dieser Gemeinde sind noch nicht bekannt.","https://thumb.wikimedia.org/wikipedia/commons/thumb/6/68/Herdern-blazon.svg/250px-Herdern-blazon.svg.png"
4816,50,0,0,"Homburg TG","Die Resultate dieser Gemeinde sind noch nicht bekannt.","https://thumb.wikimedia.org/wikipedia/commons/thumb/4/40/Homburg-blazon.svg/250px-Homburg-blazon.svg.png"
4821,50,0,0,"Hüttwilen TG","Die Resultate dieser Gemeinde sind noch nicht bekannt.","https://thumb.wikimedia.org/wikipedia/commons/thumb/b/bf/H%C3%BCttwilen-blazon.svg/250px-H%C3%BCttwilen-blazon.svg.png"
4826,50,0,0,"Mammern TG","Die Resultate dieser Gemeinde sind noch nicht bekannt.","https://thumb.wikimedia.org/wikipedia/commons/thumb/c/c6/Mammern-blazon.svg/250px-Mammern-blazon.svg.png"
4831,50,0,0,"Müllheim TG","Die Resultate dieser Gemeinde sind noch nicht bekannt.","https://thumb.wikimedia.org/wikipedia/commons/thumb/2/25/M%C3%BCllheim-blazon.svg/250px-M%C3%BCllheim-blazon.svg.png"
4841,50,0,0,"Pfyn TG","Die Resultate dieser Gemeinde sind noch nicht bekannt.","https://thumb.wikimedia.org/wikipedia/commons/thumb/1/1a/Pfyn-blazon.svg/250px-Pfyn-blazon.svg.png"
4846,50,0,0,"Raperswilen TG","Die Resultate dieser Gemeinde sind noch nicht bekannt.","https://thumb.wikimedia.org/wikipedia/commons/thumb/5/56/CHE_Raperswilen_COA.svg/500px-CHE_Raperswilen_COA.svg.png"
4851,50,0,0,"Salenstein TG","Die Resultate dieser Gemeinde sind noch nicht bekannt.","https://thumb.wikimedia.org/wikipedia/commons/thumb/c/c2/Salenstein-blazon.svg/250px-Salenstein-blazon.svg.png"
4864,50,0,0,"Steckborn TG","Die Resultate dieser Gemeinde sind noch nicht bekannt.","https://thumb.wikimedia.org/wikipedia/commons/thumb/7/7b/Steckborn-blazon.svg/250px-Steckborn-blazon.svg.png"
4871,50,0,0,"Wagenhausen TG","Die Resultate dieser Gemeinde sind noch nicht bekannt.","https://thumb.wikimedia.org/wikipedia/commons/thumb/f/ff/Wagenhausen-blazon.svg/250px-Wagenhausen-blazon.svg.png"
4881,50,0,0,"Amlikon-Bissegg TG","Die Resultate dieser Gemeinde sind noch nicht bekannt.","https://thumb.wikimedia.org/wikipedia/commons/thumb/f/f0/AmlikonBissegg-blazon.svg/250px-AmlikonBissegg-blazon.svg.png"
4891,50,0,0,"Berg TG","Die Resultate dieser Gemeinde sind noch nicht bekannt.","https://thumb.wikimedia.org/wikipedia/commons/thumb/3/34/Berg_TG-blazon.svg/250px-Berg_TG-blazon.svg.png"
4901,50,0,0,"Birwinken TG","Die Resultate dieser Gemeinde sind noch nicht bekannt.","https://thumb.wikimedia.org/wikipedia/commons/thumb/4/4a/Birwinken-blazon.svg/250px-Birwinken-blazon.svg.png"
4911,50,0,0,"Bürglen TG","Die Resultate dieser Gemeinde sind noch nicht bekannt.","https://thumb.wikimedia.org/wikipedia/commons/thumb/d/de/B%C3%BCrglen_TG-blazon.svg/250px-B%C3%BCrglen_TG-blazon.svg.png"
4921,50,0,0,"Bussnang TG","Die Resultate dieser Gemeinde sind noch nicht bekannt.","https://thumb.wikimedia.org/wikipedia/commons/thumb/9/97/Bussnang-blazon.svg/250px-Bussnang-blazon.svg.png"
4941,50,0,0,"Märstetten TG","Die Resultate dieser Gemeinde sind noch nicht bekannt.","https://thumb.wikimedia.org/wikipedia/commons/thumb/4/4e/M%C3%A4rstetten-blazon.svg/250px-M%C3%A4rstetten-blazon.svg.png"
4946,50,0,0,"Weinfelden TG","Die Resultate dieser Gemeinde sind noch nicht bekannt.","https://thumb.wikimedia.org/wikipedia/commons/thumb/6/6d/Weinfelden-blazon.svg/250px-Weinfelden-blazon.svg.png"
4951,50,0,0,"Wigoltingen TG","Die Resultate dieser Gemeinde sind noch nicht bekannt.","https://thumb.wikimedia.org/wikipedia/commons/thumb/8/85/Wigoltingen-blazon.svg/250px-Wigoltingen-blazon.svg.png"
5001,50,0,0,"Arbedo-Castione TI","Die Resultate dieser Gemeinde sind noch nicht bekannt.","https://thumb.wikimedia.org/wikipedia/commons/thumb/a/a2/CHE_Arbedo-Castione_COA.svg/500px-CHE_Arbedo-Castione_COA.svg.png"
5002,50,0,0,"Bellinzona TI","Die Resultate dieser Gemeinde sind noch nicht bekannt.","https://thumb.wikimedia.org/wikipedia/commons/thumb/4/46/CHE_Bellinzona_COA-02.svg/500px-CHE_Bellinzona_COA-02.svg.png"
5003,50,0,0,"Cadenazzo TI","Die Resultate dieser Gemeinde sind noch nicht bekannt.","https://thumb.wikimedia.org/wikipedia/commons/thumb/3/35/Cadenazzo-coat_of_arms.svg/500px-Cadenazzo-coat_of_arms.svg.png"
5009,74.8,74.8,25.2,"Isone TI","Ja zur Neutralitätsinitiative in Isone: 74,8 Prozent.","https://thumb.wikimedia.org/wikipedia/commons/thumb/0/02/CHE_Isone_COA.svg/500px-CHE_Isone_COA.svg.png"
5010,49.5,49.5,50.5,"Lumino TI","50,5 Prozent der Stimmbürgerinnen und Stimmbürger von Lumino haben die Neutralitätsinitiative abgelehnt.","https://thumb.wikimedia.org/wikipedia/commons/thumb/8/8d/Lumino-coat_of_arms.svg/500px-Lumino-coat_of_arms.svg.png"
5017,55.2,55.2,44.8,"Sant'Antonino TI","Sant'Antonino hat die Neutralitätsinitiative angenommen; der Ja-Stimmen-Anteil liegt bei 55,2 Prozent.","https://thumb.wikimedia.org/wikipedia/commons/thumb/3/30/SantAntonino-coat_of_arms.svg/500px-SantAntonino-coat_of_arms.svg.png"
5048,50,0,0,"Acquarossa TI","Die Resultate dieser Gemeinde sind noch nicht bekannt.","https://thumb.wikimedia.org/wikipedia/commons/thumb/c/c7/CHE_Acquarossa_COA.svg/500px-CHE_Acquarossa_COA.svg.png"
5049,50,0,0,"Blenio TI","Die Resultate dieser Gemeinde sind noch nicht bekannt.","https://thumb.wikimedia.org/wikipedia/commons/thumb/0/0d/CHE_Blenio_COA.svg/500px-CHE_Blenio_COA.svg.png"
5050,50,0,0,"Serravalle TI","Die Resultate dieser Gemeinde sind noch nicht bekannt.","https://upload.wikimedia.org/wikipedia/de/3/31/Wappen.Serravalle.png"
5061,50,0,0,"Airolo TI","Die Resultate dieser Gemeinde sind noch nicht bekannt.","https://thumb.wikimedia.org/wikipedia/commons/thumb/8/84/CHE_Airolo_COA.svg/500px-CHE_Airolo_COA.svg.png"
5063,50,0,0,"Bedretto TI","Die Resultate dieser Gemeinde sind noch nicht bekannt.","https://thumb.wikimedia.org/wikipedia/commons/thumb/9/99/Bedretto-coat_of_arms.svg/500px-Bedretto-coat_of_arms.svg.png"
5071,50,0,0,"Dalpe TI","Die Resultate dieser Gemeinde sind noch nicht bekannt.","https://thumb.wikimedia.org/wikipedia/commons/thumb/0/06/Dalpe-coat_of_arms.svg/500px-Dalpe-coat_of_arms.svg.png"
5072,50,0,0,"Faido TI","Die Resultate dieser Gemeinde sind noch nicht bekannt.","https://thumb.wikimedia.org/wikipedia/commons/thumb/1/11/CHE_Faido_COA.svg/500px-CHE_Faido_COA.svg.png"
5073,50,0,0,"Giornico TI","Die Resultate dieser Gemeinde sind noch nicht bekannt.","https://thumb.wikimedia.org/wikipedia/commons/thumb/b/b6/CHE_Giornico_COA_2025.svg/960px-CHE_Giornico_COA_2025.svg.png"
5076,48.7,48.7,51.3,"Personico TI","Nein zur Neutralitätsinitiative in Personico: 51,3 Prozent.","https://thumb.wikimedia.org/wikipedia/commons/thumb/0/02/Personico-coat_of_arms.svg/500px-Personico-coat_of_arms.svg.png"
5077,51.5,51.5,48.5,"Pollegio TI","Pollegio stimmt der Neutralitätsinitiative mit 51,5 Prozent zu.","https://thumb.wikimedia.org/wikipedia/commons/thumb/c/ce/Pollegio-coat_of_arms.svg/500px-Pollegio-coat_of_arms.svg.png"
5079,50,0,0,"Quinto TI","Die Resultate dieser Gemeinde sind noch nicht bekannt.","https://thumb.wikimedia.org/wikipedia/commons/thumb/e/ee/CHE_Quinto_COA_2025.svg/500px-CHE_Quinto_COA_2025.svg.png"
5091,50,0,0,"Ascona TI","Die Resultate dieser Gemeinde sind noch nicht bekannt.","https://thumb.wikimedia.org/wikipedia/commons/thumb/c/c9/CHE_Ascona_COA.svg/500px-CHE_Ascona_COA.svg.png"
5096,49.4,49.4,50.6,"Brione sopra Minusio TI","In Brione sopra Minusio ist die Neutralitätsinitiative mit 50,6 Prozent der Stimmen gescheitert.","https://thumb.wikimedia.org/wikipedia/commons/thumb/4/4e/CHE_Brione_sopra_Minusio_TI_COA.svg/500px-CHE_Brione_sopra_Minusio_TI_COA.svg.png"
5097,48.5,48.5,51.5,"Brissago TI","51,5 Prozent der Stimmbürgerinnen und Stimmbürger von Brissago sprechen sich gegen die Neutralitätsinitiative aus.","https://thumb.wikimedia.org/wikipedia/commons/thumb/0/0e/Brissago-coat_of_arms.svg/500px-Brissago-coat_of_arms.svg.png"
5108,50,0,0,"Gordola TI","Die Resultate dieser Gemeinde sind noch nicht bekannt.","https://thumb.wikimedia.org/wikipedia/commons/thumb/e/e8/CHE_Gordola_COA.svg/500px-CHE_Gordola_COA.svg.png"
5112,50,0,0,"Lavertezzo TI","Die Resultate dieser Gemeinde sind noch nicht bekannt.","https://thumb.wikimedia.org/wikipedia/commons/thumb/c/c5/Lavertezzo-coat_of_arms.svg/500px-Lavertezzo-coat_of_arms.svg.png"
5113,50,0,0,"Locarno TI","Die Resultate dieser Gemeinde sind noch nicht bekannt.","https://thumb.wikimedia.org/wikipedia/commons/thumb/5/5a/CHE_Locarno_COA.svg/500px-CHE_Locarno_COA.svg.png"
5115,50,0,0,"Losone TI","Die Resultate dieser Gemeinde sind noch nicht bekannt.","https://thumb.wikimedia.org/wikipedia/commons/thumb/f/f1/CHE_Losone_COA.svg/500px-CHE_Losone_COA.svg.png"
5117,50,0,0,"Mergoscia TI","Die Resultate dieser Gemeinde sind noch nicht bekannt.","https://thumb.wikimedia.org/wikipedia/commons/thumb/5/52/Mergoscia-coat_of_arms.svg/500px-Mergoscia-coat_of_arms.svg.png"
5118,50,0,0,"Minusio TI","Die Resultate dieser Gemeinde sind noch nicht bekannt.","https://thumb.wikimedia.org/wikipedia/commons/thumb/0/01/Minusio-coat_of_arms.svg/500px-Minusio-coat_of_arms.svg.png"
5120,50,0,0,"Muralto TI","Die Resultate dieser Gemeinde sind noch nicht bekannt.","https://thumb.wikimedia.org/wikipedia/commons/thumb/d/d9/Muralto-coat_of_arms.svg/500px-Muralto-coat_of_arms.svg.png"
5121,50,0,0,"Orselina TI","Die Resultate dieser Gemeinde sind noch nicht bekannt.","https://thumb.wikimedia.org/wikipedia/commons/thumb/2/29/CHE_Orselina_COA.svg/500px-CHE_Orselina_COA.svg.png"
5125,50,0,0,"Ronco sopra Ascona TI","Die Resultate dieser Gemeinde sind noch nicht bekannt.","https://thumb.wikimedia.org/wikipedia/commons/thumb/2/2f/RoncoSopraAscona-coat_of_arms.svg/500px-RoncoSopraAscona-coat_of_arms.svg.png"
5131,50,0,0,"Tenero-Contra TI","Die Resultate dieser Gemeinde sind noch nicht bekannt.","https://thumb.wikimedia.org/wikipedia/commons/thumb/a/a4/Tenero-Contra-coat_of_arms.svg/500px-Tenero-Contra-coat_of_arms.svg.png"
5136,50,0,0,"Onsernone TI","Die Resultate dieser Gemeinde sind noch nicht bekannt.","https://thumb.wikimedia.org/wikipedia/commons/thumb/9/90/CHE_Onsernone_COA.svg/500px-CHE_Onsernone_COA.svg.png"
5138,50,0,0,"Cugnasco-Gerra TI","Die Resultate dieser Gemeinde sind noch nicht bekannt.","https://thumb.wikimedia.org/wikipedia/commons/thumb/1/16/CHE_Cugnasco-Gerra_COA.svg/500px-CHE_Cugnasco-Gerra_COA.svg.png"
5141,50,0,0,"Agno TI","Die Resultate dieser Gemeinde sind noch nicht bekannt.","https://thumb.wikimedia.org/wikipedia/commons/thumb/9/90/CHE_Agno_COA.svg/500px-CHE_Agno_COA.svg.png"
5143,50,0,0,"Aranno TI","Die Resultate dieser Gemeinde sind noch nicht bekannt.","https://thumb.wikimedia.org/wikipedia/commons/thumb/5/56/Aranno-coat_of_arms.svg/500px-Aranno-coat_of_arms.svg.png"
5144,51.1,51.1,48.9,"Arogno TI","Arogno stimmt der Neutralitätsinitiative mit 51,1 Prozent zu.","https://thumb.wikimedia.org/wikipedia/commons/thumb/f/fd/Arogno-coat_of_arms.svg/500px-Arogno-coat_of_arms.svg.png"
5148,55.5,55.5,44.5,"Bedano TI","In Bedano wird die Neutralitätsinitiative mit 55,5 Prozent angenommen.","https://thumb.wikimedia.org/wikipedia/commons/thumb/6/60/Bedano-coat_of_arms.svg/500px-Bedano-coat_of_arms.svg.png"
5151,50,0,0,"Bioggio TI","Die Resultate dieser Gemeinde sind noch nicht bekannt.","https://thumb.wikimedia.org/wikipedia/commons/thumb/e/e4/CHE_Bioggio_COA.svg/500px-CHE_Bioggio_COA.svg.png"
5154,50,0,0,"Bissone TI","Die Resultate dieser Gemeinde sind noch nicht bekannt.","https://thumb.wikimedia.org/wikipedia/commons/thumb/3/37/CHE_Bissone_COA.svg/960px-CHE_Bissone_COA.svg.png"
5160,52.1,52.1,47.9,"Brusino Arsizio TI","Ja zur Neutralitätsinitiative in Brusino Arsizio: 52,1 Prozent.","https://thumb.wikimedia.org/wikipedia/commons/thumb/e/eb/BrusinoArsizio-coat_of_arms.svg/500px-BrusinoArsizio-coat_of_arms.svg.png"
5161,53.8,53.8,46.2,"Cademario TI","Mit 53,8 Prozent befürworten die Stimmberechtigten von Cademario die Neutralitätsinitiative.","https://thumb.wikimedia.org/wikipedia/commons/thumb/7/7d/Cademario-coat_of_arms.svg/500px-Cademario-coat_of_arms.svg.png"
5162,53.1,53.1,46.9,"Cadempino TI","In Cadempino wird die Neutralitätsinitiative mit 53,1 Prozent angenommen.","https://thumb.wikimedia.org/wikipedia/commons/thumb/9/99/Cadempino-coat_of_arms.svg/500px-Cadempino-coat_of_arms.svg.png"
5167,50,0,0,"Canobbio TI","Die Resultate dieser Gemeinde sind noch nicht bekannt.","https://thumb.wikimedia.org/wikipedia/commons/thumb/3/34/CHE_Canobbio_COA.svg/500px-CHE_Canobbio_COA.svg.png"
5171,50.7,50.7,49.3,"Caslano TI","Mit 50,7 Prozent befürworten die Stimmberechtigten von Caslano die Neutralitätsinitiative.","https://thumb.wikimedia.org/wikipedia/commons/thumb/d/dd/Caslano-coat_of_arms.svg/500px-Caslano-coat_of_arms.svg.png"
5176,50,0,0,"Comano TI","Die Resultate dieser Gemeinde sind noch nicht bekannt.","https://thumb.wikimedia.org/wikipedia/commons/thumb/7/7f/Comano-coat_of_arms.svg/500px-Comano-coat_of_arms.svg.png"
5180,50,0,0,"Cureglia TI","Die Resultate dieser Gemeinde sind noch nicht bekannt.","https://thumb.wikimedia.org/wikipedia/commons/thumb/4/47/Cureglia-coat_of_arms.svg/500px-Cureglia-coat_of_arms.svg.png"
5186,56.4,56.4,43.6,"Grancia TI","Grancia hat die Neutralitätsinitiative angenommen; der Ja-Stimmen-Anteil liegt bei 56,4 Prozent.","https://thumb.wikimedia.org/wikipedia/commons/thumb/7/79/Grancia-coat_of_arms.svg/500px-Grancia-coat_of_arms.svg.png"
5187,50,0,0,"Gravesano TI","Die Resultate dieser Gemeinde sind noch nicht bekannt.","https://thumb.wikimedia.org/wikipedia/commons/thumb/7/73/Gravesano-coat_of_arms.svg/500px-Gravesano-coat_of_arms.svg.png"
5189,52,52,48,"Lamone TI","In Lamone wird die Neutralitätsinitiative mit 52 Prozent angenommen.","https://thumb.wikimedia.org/wikipedia/commons/thumb/8/80/CHE_Lamone_COA.svg/500px-CHE_Lamone_COA.svg.png"
5192,50,0,0,"Lugano TI","Die Resultate dieser Gemeinde sind noch nicht bekannt.","https://thumb.wikimedia.org/wikipedia/commons/thumb/7/73/CHE_Lugano_COA.svg/960px-CHE_Lugano_COA.svg.png"
5193,50,0,0,"Magliaso TI","Die Resultate dieser Gemeinde sind noch nicht bekannt.","https://thumb.wikimedia.org/wikipedia/commons/thumb/f/f6/Magliaso-coat_of_arms.svg/500px-Magliaso-coat_of_arms.svg.png"
5194,50,0,0,"Manno TI","Die Resultate dieser Gemeinde sind noch nicht bekannt.","https://thumb.wikimedia.org/wikipedia/commons/thumb/b/bb/CHE_Manno_COA.svg/500px-CHE_Manno_COA.svg.png"
5196,50,0,0,"Massagno TI","Die Resultate dieser Gemeinde sind noch nicht bekannt.","https://thumb.wikimedia.org/wikipedia/commons/thumb/2/2a/Massagno-coat_of_arms.svg/500px-Massagno-coat_of_arms.svg.png"
5198,50,0,0,"Melide TI","Die Resultate dieser Gemeinde sind noch nicht bekannt.","https://thumb.wikimedia.org/wikipedia/commons/thumb/3/36/CHE_Melide_COA.svg/500px-CHE_Melide_COA.svg.png"
5199,50,0,0,"Mezzovico-Vira TI","Die Resultate dieser Gemeinde sind noch nicht bekannt.","https://thumb.wikimedia.org/wikipedia/commons/thumb/6/67/CHE_Mezzovico-Vira_COA.svg/500px-CHE_Mezzovico-Vira_COA.svg.png"
5203,50,0,0,"Morcote TI","Die Resultate dieser Gemeinde sind noch nicht bekannt.","https://thumb.wikimedia.org/wikipedia/commons/thumb/f/f8/CHE_Morcote_COA.svg/500px-CHE_Morcote_COA.svg.png"
5205,50,0,0,"Muzzano TI","Die Resultate dieser Gemeinde sind noch nicht bekannt.","https://thumb.wikimedia.org/wikipedia/commons/thumb/5/55/CHE_Muzzano_COA.svg/500px-CHE_Muzzano_COA.svg.png"
5206,48.2,48.2,51.8,"Neggio TI","In Neggio ist die Neutralitätsinitiative mit 51,8 Prozent der Stimmen gescheitert.","https://thumb.wikimedia.org/wikipedia/commons/thumb/3/3f/Neggio-coat_of_arms.svg/500px-Neggio-coat_of_arms.svg.png"
5208,43.4,43.4,56.6,"Origlio TI","Mit 56,6 Prozent wird die Neutralitätsinitiative in Origlio verworfen.","https://thumb.wikimedia.org/wikipedia/commons/thumb/9/9c/Origlio-coat_of_arms.svg/500px-Origlio-coat_of_arms.svg.png"
5210,50,0,0,"Paradiso TI","Die Resultate dieser Gemeinde sind noch nicht bekannt.","https://thumb.wikimedia.org/wikipedia/commons/thumb/7/75/CHE_Paradiso_COA.svg/500px-CHE_Paradiso_COA.svg.png"
5212,50,0,0,"Ponte Capriasca TI","Die Resultate dieser Gemeinde sind noch nicht bekannt.","https://thumb.wikimedia.org/wikipedia/commons/thumb/8/89/PonteCapriasca-coat_of_arms.svg/500px-PonteCapriasca-coat_of_arms.svg.png"
5214,50,0,0,"Porza TI","Die Resultate dieser Gemeinde sind noch nicht bekannt.","https://thumb.wikimedia.org/wikipedia/commons/thumb/1/1f/CHE_Porza_COA.svg/500px-CHE_Porza_COA.svg.png"
5216,46.7,46.7,53.3,"Pura TI","Nein zur Neutralitätsinitiative in Pura: 53,3 Prozent.","https://thumb.wikimedia.org/wikipedia/commons/thumb/6/60/Pura-coat_of_arms.svg/500px-Pura-coat_of_arms.svg.png"
5221,50,0,0,"Savosa TI","Die Resultate dieser Gemeinde sind noch nicht bekannt.","https://thumb.wikimedia.org/wikipedia/commons/thumb/8/8e/Savosa-coat_of_arms.svg/500px-Savosa-coat_of_arms.svg.png"
5225,50,0,0,"Sorengo TI","Die Resultate dieser Gemeinde sind noch nicht bekannt.","https://thumb.wikimedia.org/wikipedia/commons/thumb/1/18/Sorengo-coat_of_arms.svg/500px-Sorengo-coat_of_arms.svg.png"
5226,50,0,0,"Capriasca TI","Die Resultate dieser Gemeinde sind noch nicht bekannt.","https://thumb.wikimedia.org/wikipedia/commons/thumb/c/cc/Capriasca-coat_of_arms.svg/500px-Capriasca-coat_of_arms.svg.png"
5227,52.1,52.1,47.9,"Torricella-Taverne TI","Ja zur Neutralitätsinitiative in Torricella-Taverne: 52,1 Prozent.","https://thumb.wikimedia.org/wikipedia/commons/thumb/c/cc/Torricella-Taverne-coat_of_arms.svg/500px-Torricella-Taverne-coat_of_arms.svg.png"
5230,41.2,41.2,58.8,"Vernate TI","58,8 Prozent der Stimmbürgerinnen und Stimmbürger von Vernate haben die Neutralitätsinitiative abgelehnt.","https://thumb.wikimedia.org/wikipedia/commons/thumb/0/02/CHE_Vernate_COA.svg/500px-CHE_Vernate_COA.svg.png"
5231,50,0,0,"Vezia TI","Die Resultate dieser Gemeinde sind noch nicht bekannt.","https://thumb.wikimedia.org/wikipedia/commons/thumb/e/e9/Vezia-coat_of_arms.svg/500px-Vezia-coat_of_arms.svg.png"
5233,50,0,0,"Vico Morcote TI","Die Resultate dieser Gemeinde sind noch nicht bekannt.","https://thumb.wikimedia.org/wikipedia/commons/thumb/b/ba/VicoMorcote-coat_of_arms.svg/500px-VicoMorcote-coat_of_arms.svg.png"
5236,50,0,0,"Collina d'Oro TI","Die Resultate dieser Gemeinde sind noch nicht bekannt.","https://thumb.wikimedia.org/wikipedia/commons/thumb/b/bf/CHE_Collina_d%27Oro_COA.svg/500px-CHE_Collina_d%27Oro_COA.svg.png"
5237,50,0,0,"Alto Malcantone TI","Die Resultate dieser Gemeinde sind noch nicht bekannt.","https://thumb.wikimedia.org/wikipedia/commons/thumb/d/d0/CHE_Alto_Malcantone_COA.svg/500px-CHE_Alto_Malcantone_COA.svg.png"
5238,50,0,0,"Monteceneri TI","Die Resultate dieser Gemeinde sind noch nicht bekannt.","https://thumb.wikimedia.org/wikipedia/commons/thumb/e/ee/CHE_Monteceneri_COA.svg/500px-CHE_Monteceneri_COA.svg.png"
5239,50,0,0,"Tresa TI","Die Resultate dieser Gemeinde sind noch nicht bekannt.","https://thumb.wikimedia.org/wikipedia/commons/thumb/f/f0/CHE_Tresa_COA.svg/960px-CHE_Tresa_COA.svg.png"
5240,50,0,0,"Val Mara TI","Die Resultate dieser Gemeinde sind noch nicht bekannt.","https://thumb.wikimedia.org/wikipedia/commons/thumb/8/81/CHE_Val_Mara_TI_COA.svg/500px-CHE_Val_Mara_TI_COA.svg.png"
5242,49.3,49.3,50.7,"Balerna TI","Nein zur Neutralitätsinitiative in Balerna: 50,7 Prozent.","https://thumb.wikimedia.org/wikipedia/commons/thumb/4/41/CHE_Balerna_COA.svg/500px-CHE_Balerna_COA.svg.png"
5249,49.2,49.2,50.8,"Castel San Pietro TI","50,8 Prozent der Stimmbürgerinnen und Stimmbürger von Castel San Pietro sprechen sich gegen die Neutralitätsinitiative aus.","https://thumb.wikimedia.org/wikipedia/commons/thumb/6/66/CastelSanPietro-blason.svg/500px-CastelSanPietro-blason.svg.png"
5250,50,0,0,"Chiasso TI","Die Resultate dieser Gemeinde sind noch nicht bekannt.","https://thumb.wikimedia.org/wikipedia/commons/thumb/4/47/Chiasso-coat_of_arms.svg/500px-Chiasso-coat_of_arms.svg.png"
5251,50,0,0,"Coldrerio TI","Die Resultate dieser Gemeinde sind noch nicht bekannt.","https://thumb.wikimedia.org/wikipedia/commons/thumb/7/74/Coldrerio-coat_of_arms.svg/500px-Coldrerio-coat_of_arms.svg.png"
5254,50,0,0,"Mendrisio TI","Die Resultate dieser Gemeinde sind noch nicht bekannt.","https://thumb.wikimedia.org/wikipedia/commons/thumb/3/3e/CHE_Mendrisio_COA.svg/960px-CHE_Mendrisio_COA.svg.png"
5257,50,0,0,"Morbio Inferiore TI","Die Resultate dieser Gemeinde sind noch nicht bekannt.","https://thumb.wikimedia.org/wikipedia/commons/thumb/4/4c/CHE_Morbio_Inferiore_TI_COA.svg/500px-CHE_Morbio_Inferiore_TI_COA.svg.png"
5260,52,52,48,"Novazzano TI","Die Neutralitätsinitiative erreicht in Novazzano 52 Prozent Ja-Stimmen.","https://thumb.wikimedia.org/wikipedia/commons/thumb/e/e8/Novazzano-blason.svg/500px-Novazzano-blason.svg.png"
5263,54.2,54.2,45.8,"Riva San Vitale TI","In Riva San Vitale wird die Neutralitätsinitiative mit 54,2 Prozent angenommen.","https://thumb.wikimedia.org/wikipedia/commons/thumb/e/e6/CHE_Riva_San_Vitale_COA.svg/500px-CHE_Riva_San_Vitale_COA.svg.png"
5266,50,0,0,"Stabio TI","Die Resultate dieser Gemeinde sind noch nicht bekannt.","https://thumb.wikimedia.org/wikipedia/commons/thumb/4/46/CHE_Stabio_COA.svg/500px-CHE_Stabio_COA.svg.png"
5268,50,0,0,"Vacallo TI","Die Resultate dieser Gemeinde sind noch nicht bekannt.","https://thumb.wikimedia.org/wikipedia/commons/thumb/1/16/Vacallo-coat_of_arms.svg/500px-Vacallo-coat_of_arms.svg.png"
5269,50,0,0,"Breggia TI","Die Resultate dieser Gemeinde sind noch nicht bekannt.","https://thumb.wikimedia.org/wikipedia/commons/thumb/7/7b/Breggia_CoA.png/500px-Breggia_CoA.png"
5281,50,0,0,"Biasca TI","Die Resultate dieser Gemeinde sind noch nicht bekannt.","https://thumb.wikimedia.org/wikipedia/commons/thumb/0/03/CHE_Biasca_TI_COA.svg/500px-CHE_Biasca_TI_COA.svg.png"
5287,50,0,0,"Riviera TI","Die Resultate dieser Gemeinde sind noch nicht bekannt.","https://thumb.wikimedia.org/wikipedia/commons/thumb/3/32/Blason_de_Riviera_%28Tessin%29.svg/500px-Blason_de_Riviera_%28Tessin%29.svg.png"
5304,21.1,21.1,78.9,"Bosco/Gurin TI","Mit 15 Nein- zu 4 Ja-Stimmen lehnt Bosco/Gurin die Neutralitätsinitiative ab.","https://thumb.wikimedia.org/wikipedia/commons/thumb/2/2a/CHE_Bosco-Gurin_COA.svg/500px-CHE_Bosco-Gurin_COA.svg.png"
5307,50,0,0,"Campo (Vallemaggia) TI","Die Resultate dieser Gemeinde sind noch nicht bekannt.","https://thumb.wikimedia.org/wikipedia/commons/thumb/2/27/Campo%28Vallemaggia%29-coat_of_arms.svg/500px-Campo%28Vallemaggia%29-coat_of_arms.svg.png"
5309,50,0,0,"Cerentino TI","Die Resultate dieser Gemeinde sind noch nicht bekannt.","https://thumb.wikimedia.org/wikipedia/commons/thumb/8/8b/Cerentino-coat_of_arms.svg/500px-Cerentino-coat_of_arms.svg.png"
5310,50,0,0,"Cevio TI","Die Resultate dieser Gemeinde sind noch nicht bekannt.","https://thumb.wikimedia.org/wikipedia/commons/thumb/8/8f/CHE_Cevio_COA.svg/500px-CHE_Cevio_COA.svg.png"
5315,25,25,75,"Linescio TI","Mit 15 Nein- zu 5 Ja-Stimmen lehnt Linescio die Neutralitätsinitiative ab.","https://thumb.wikimedia.org/wikipedia/commons/thumb/3/33/Linescio-coat_of_arms.svg/500px-Linescio-coat_of_arms.svg.png"
5317,50,0,0,"Maggia TI","Die Resultate dieser Gemeinde sind noch nicht bekannt.","https://thumb.wikimedia.org/wikipedia/commons/thumb/f/ff/CHE_Maggia_COA.svg/500px-CHE_Maggia_COA.svg.png"
5323,50,0,0,"Lavizzara TI","Die Resultate dieser Gemeinde sind noch nicht bekannt.","https://thumb.wikimedia.org/wikipedia/commons/thumb/0/03/Lavizzara-coat_of_arms.svg/500px-Lavizzara-coat_of_arms.svg.png"
5324,50,0,0,"Avegno Gordevio TI","Die Resultate dieser Gemeinde sind noch nicht bekannt.","https://thumb.wikimedia.org/wikipedia/commons/thumb/a/a0/CHE_Avegno_Gordevio_COA.svg/500px-CHE_Avegno_Gordevio_COA.svg.png"
5395,50,0,0,"Lema TI","Die Resultate dieser Gemeinde sind noch nicht bekannt.","https://thumb.wikimedia.org/wikipedia/commons/thumb/a/a8/CHE_Lema_COA.svg/500px-CHE_Lema_COA.svg.png"
5396,50,0,0,"Terre di Pedemonte TI","Die Resultate dieser Gemeinde sind noch nicht bekannt.","https://thumb.wikimedia.org/wikipedia/commons/thumb/e/e4/CHE_Terre_di_Pedemonte_COA.svg/250px-CHE_Terre_di_Pedemonte_COA.svg.png"
5397,50,0,0,"Centovalli TI","Die Resultate dieser Gemeinde sind noch nicht bekannt.","https://thumb.wikimedia.org/wikipedia/commons/thumb/4/4b/CHE_Centovalli_TI_COA.png/500px-CHE_Centovalli_TI_COA.png"
5398,50,0,0,"Gambarogno TI","Die Resultate dieser Gemeinde sind noch nicht bekannt.","https://thumb.wikimedia.org/wikipedia/commons/thumb/2/2b/CHE_Gambarogno_TI_COA.svg/500px-CHE_Gambarogno_TI_COA.svg.png"
5399,50,0,0,"Verzasca TI","Die Resultate dieser Gemeinde sind noch nicht bekannt.","https://thumb.wikimedia.org/wikipedia/commons/thumb/c/cc/CHE_Verzasca_TI_COA.svg/500px-CHE_Verzasca_TI_COA.svg.png"
5401,50,0,0,"Aigle VD","Die Resultate dieser Gemeinde sind noch nicht bekannt.","https://thumb.wikimedia.org/wikipedia/commons/thumb/8/8f/CHE_Aigle_COA.svg/500px-CHE_Aigle_COA.svg.png"
5402,50,0,0,"Bex VD","Die Resultate dieser Gemeinde sind noch nicht bekannt.","https://thumb.wikimedia.org/wikipedia/commons/thumb/6/66/CHE_Bex_COA.svg/500px-CHE_Bex_COA.svg.png"
5403,32.2,32.2,67.8,"Chessel VD","In Chessel ist die Neutralitätsinitiative mit 67,8 Prozent der Stimmen gescheitert.","https://thumb.wikimedia.org/wikipedia/commons/thumb/8/85/CHE_Chessel_COA.svg/500px-CHE_Chessel_COA.svg.png"
5404,50,0,0,"Corbeyrier VD","Die Resultate dieser Gemeinde sind noch nicht bekannt.","https://thumb.wikimedia.org/wikipedia/commons/thumb/9/99/CHE_Corbeyrier_COA.svg/500px-CHE_Corbeyrier_COA.svg.png"
5405,29.4,29.4,70.6,"Gryon VD","In Gryon ist die Neutralitätsinitiative mit 70,6 Prozent der Stimmen gescheitert.","https://thumb.wikimedia.org/wikipedia/commons/thumb/7/7e/CHE_Gryon_COA.svg/500px-CHE_Gryon_COA.svg.png"
5406,43.3,43.3,56.7,"Lavey-Morcles VD","Mit 56,7 Prozent wird die Neutralitätsinitiative in Lavey-Morcles verworfen.","https://thumb.wikimedia.org/wikipedia/commons/thumb/1/16/CHE_Lavey-Morcles_COA.svg/500px-CHE_Lavey-Morcles_COA.svg.png"
5407,30.5,30.5,69.5,"Leysin VD","69,5 Prozent der Stimmbürgerinnen und Stimmbürger von Leysin sprechen sich gegen die Neutralitätsinitiative aus.","https://thumb.wikimedia.org/wikipedia/commons/thumb/f/fe/CHE_Leysin_COA.svg/500px-CHE_Leysin_COA.svg.png"
5408,38.2,38.2,61.8,"Noville VD","In Noville ist die Neutralitätsinitiative mit 61,8 Prozent der Stimmen gescheitert.","https://thumb.wikimedia.org/wikipedia/commons/thumb/7/77/CHE_Noville_COA.svg/500px-CHE_Noville_COA.svg.png"
5409,28.1,28.1,71.9,"Ollon VD","71,9 Prozent der Stimmbürgerinnen und Stimmbürger von Ollon sprechen sich gegen die Neutralitätsinitiative aus.","https://thumb.wikimedia.org/wikipedia/commons/thumb/2/2d/CHE_Ollon_VD_COA.svg/500px-CHE_Ollon_VD_COA.svg.png"
5410,44.1,44.1,55.9,"Ormont-Dessous VD","55,9 Prozent der Stimmbürgerinnen und Stimmbürger von Ormont-Dessous haben die Neutralitätsinitiative abgelehnt.","https://thumb.wikimedia.org/wikipedia/commons/thumb/5/55/CHE_Ormont-Dessous_COA.svg/500px-CHE_Ormont-Dessous_COA.svg.png"
5411,35,35,65,"Ormont-Dessus VD","65 Prozent der Stimmbürgerinnen und Stimmbürger von Ormont-Dessus sprechen sich gegen die Neutralitätsinitiative aus.","https://thumb.wikimedia.org/wikipedia/commons/thumb/9/9d/CHE_Ormont-Dessus_COA.svg/500px-CHE_Ormont-Dessus_COA.svg.png"
5412,30,30,70,"Rennaz VD","In Rennaz ist die Neutralitätsinitiative mit 70 Prozent der Stimmen gescheitert.","https://thumb.wikimedia.org/wikipedia/commons/thumb/e/eb/CHE_Rennaz_COA.svg/500px-CHE_Rennaz_COA.svg.png"
5413,36.5,36.5,63.5,"Roche VD","Mit 63,5 Prozent wird die Neutralitätsinitiative in Roche VD verworfen.","https://thumb.wikimedia.org/wikipedia/commons/thumb/a/a8/CHE_Roche_COA.svg/500px-CHE_Roche_COA.svg.png"
5414,50,0,0,"Villeneuve VD","Die Resultate dieser Gemeinde sind noch nicht bekannt.","https://thumb.wikimedia.org/wikipedia/commons/thumb/e/e9/CHE_Villeneuve_COA.svg/500px-CHE_Villeneuve_COA.svg.png"
5415,24.5,24.5,75.5,"Yvorne VD","In Yvorne ist die Neutralitätsinitiative mit 75,5 Prozent der Stimmen gescheitert.","https://thumb.wikimedia.org/wikipedia/commons/thumb/5/5e/CHE_Yvorne_COA.svg/500px-CHE_Yvorne_COA.svg.png"
5422,25.8,25.8,74.2,"Aubonne VD","In Aubonne ist die Neutralitätsinitiative mit 74,2 Prozent der Stimmen gescheitert.","https://thumb.wikimedia.org/wikipedia/commons/thumb/b/ba/CHE_Aubonne_COA.svg/500px-CHE_Aubonne_COA.svg.png"
5423,35.8,35.8,64.2,"Ballens VD","Mit 64,2 Prozent wird die Neutralitätsinitiative in Ballens verworfen.","https://thumb.wikimedia.org/wikipedia/commons/thumb/2/2d/CHE_Ballens_COA.svg/500px-CHE_Ballens_COA.svg.png"
5424,34.5,34.5,65.5,"Berolle VD","65,5 Prozent der Stimmbürgerinnen und Stimmbürger von Berolle haben die Neutralitätsinitiative abgelehnt.","https://thumb.wikimedia.org/wikipedia/commons/thumb/5/57/CHE_Berolle_COA.svg/500px-CHE_Berolle_COA.svg.png"
5425,42.1,42.1,57.9,"Bière VD","In Bière ist die Neutralitätsinitiative mit 57,9 Prozent der Stimmen gescheitert.","https://thumb.wikimedia.org/wikipedia/commons/thumb/d/d8/CHE_Bi%C3%A8re_COA.svg/500px-CHE_Bi%C3%A8re_COA.svg.png"
5426,27.3,27.3,72.7,"Bougy-Villars VD","Nein zur Neutralitätsinitiative in Bougy-Villars: 72,7 Prozent.","https://thumb.wikimedia.org/wikipedia/commons/thumb/6/6a/CHE_Bougy-Villars_COA.svg/500px-CHE_Bougy-Villars_COA.svg.png"
5427,25,25,75,"Féchy VD","Mit 75 Prozent wird die Neutralitätsinitiative in Féchy verworfen.","https://thumb.wikimedia.org/wikipedia/commons/thumb/8/83/CHE_F%C3%A9chy_COA.svg/500px-CHE_F%C3%A9chy_COA.svg.png"
5428,32.7,32.7,67.3,"Gimel VD","67,3 Prozent der Stimmbürgerinnen und Stimmbürger von Gimel haben die Neutralitätsinitiative abgelehnt.","https://thumb.wikimedia.org/wikipedia/commons/thumb/1/1f/CHE_Gimel_COA.svg/500px-CHE_Gimel_COA.svg.png"
5429,34.2,34.2,65.8,"Longirod VD","65,8 Prozent der Stimmbürgerinnen und Stimmbürger von Longirod haben die Neutralitätsinitiative abgelehnt.","https://thumb.wikimedia.org/wikipedia/commons/thumb/2/20/CHE_Longirod_COA.svg/500px-CHE_Longirod_COA.svg.png"
5430,30.1,30.1,69.9,"Marchissy VD","Mit 69,9 Prozent wird die Neutralitätsinitiative in Marchissy verworfen.","https://thumb.wikimedia.org/wikipedia/commons/thumb/d/d3/CHE_Marchissy_COA.svg/500px-CHE_Marchissy_COA.svg.png"
5431,39.8,39.8,60.2,"Mollens VD","60,2 Prozent der Stimmbürgerinnen und Stimmbürger von Mollens VD sprechen sich gegen die Neutralitätsinitiative aus.","https://thumb.wikimedia.org/wikipedia/commons/thumb/b/b4/CHE_Mollens_COA.svg/500px-CHE_Mollens_COA.svg.png"
5434,33.8,33.8,66.2,"Saint-George VD","66,2 Prozent der Stimmbürgerinnen und Stimmbürger von Saint-George sprechen sich gegen die Neutralitätsinitiative aus.","https://thumb.wikimedia.org/wikipedia/commons/thumb/e/ec/CHE_Saint-George_COA.svg/500px-CHE_Saint-George_COA.svg.png"
5435,32.3,32.3,67.7,"Saint-Livres VD","67,7 Prozent der Stimmbürgerinnen und Stimmbürger von Saint-Livres haben die Neutralitätsinitiative abgelehnt.","https://thumb.wikimedia.org/wikipedia/commons/thumb/e/e2/CHE_Saint-Livres_COA.svg/500px-CHE_Saint-Livres_COA.svg.png"
5436,50,0,0,"Saint-Oyens VD","Die Resultate dieser Gemeinde sind noch nicht bekannt.","https://thumb.wikimedia.org/wikipedia/commons/thumb/2/2e/CHE_Saint-Oyens_COA.svg/500px-CHE_Saint-Oyens_COA.svg.png"
5437,34.3,34.3,65.7,"Saubraz VD","Mit 65,7 Prozent wird die Neutralitätsinitiative in Saubraz verworfen.","https://thumb.wikimedia.org/wikipedia/commons/thumb/b/b1/CHE_Saubraz_COA.svg/500px-CHE_Saubraz_COA.svg.png"
5451,50,0,0,"Avenches VD","Die Resultate dieser Gemeinde sind noch nicht bekannt.","https://thumb.wikimedia.org/wikipedia/commons/thumb/8/8e/CHE_Avenches_COA.svg/500px-CHE_Avenches_COA.svg.png"
5456,32.7,32.7,67.3,"Cudrefin VD","Mit 67,3 Prozent wird die Neutralitätsinitiative in Cudrefin verworfen.","https://thumb.wikimedia.org/wikipedia/commons/thumb/a/af/CHE_Cudrefin_COA.svg/500px-CHE_Cudrefin_COA.svg.png"
5458,23.6,23.6,76.4,"Faoug VD","In Faoug ist die Neutralitätsinitiative mit 76,4 Prozent der Stimmen gescheitert.","https://thumb.wikimedia.org/wikipedia/commons/thumb/c/c6/CHE_Faoug_COA.svg/500px-CHE_Faoug_COA.svg.png"
5464,30,30,70,"Vully-les-Lacs VD","Mit 70 Prozent wird die Neutralitätsinitiative in Vully-les-Lacs verworfen.","https://thumb.wikimedia.org/wikipedia/commons/thumb/8/83/CHE_Vully-les-Lacs_COA.svg/500px-CHE_Vully-les-Lacs_COA.svg.png"
5471,32.5,32.5,67.5,"Bettens VD","67,5 Prozent der Stimmbürgerinnen und Stimmbürger von Bettens sprechen sich gegen die Neutralitätsinitiative aus.","https://thumb.wikimedia.org/wikipedia/commons/thumb/e/e4/CHE_Bettens_COA.svg/500px-CHE_Bettens_COA.svg.png"
5472,30.7,30.7,69.3,"Bournens VD","In Bournens ist die Neutralitätsinitiative mit 69,3 Prozent der Stimmen gescheitert.","https://thumb.wikimedia.org/wikipedia/commons/thumb/c/cc/CHE_Bournens_COA.svg/500px-CHE_Bournens_COA.svg.png"
5473,24.9,24.9,75.1,"Boussens VD","75,1 Prozent der Stimmbürgerinnen und Stimmbürger von Boussens haben die Neutralitätsinitiative abgelehnt.","https://thumb.wikimedia.org/wikipedia/commons/thumb/b/b5/CHE_Boussens_COA.svg/500px-CHE_Boussens_COA.svg.png"
5474,28,28,72,"La Chaux (Cossonay) VD","72 Prozent der Stimmbürgerinnen und Stimmbürger von La Chaux (Cossonay) haben die Neutralitätsinitiative abgelehnt.","https://thumb.wikimedia.org/wikipedia/commons/thumb/8/83/CHE_La_Chaux_%28Cossonay%29_COA.svg/500px-CHE_La_Chaux_%28Cossonay%29_COA.svg.png"
5475,31,31,69,"Chavannes-le-Veyron VD","Mit 49 Nein- zu 22 Ja-Stimmen lehnt Chavannes-le-Veyron die Neutralitätsinitiative ab.","https://thumb.wikimedia.org/wikipedia/commons/thumb/6/69/CHE_Chavannes-le-Veyron_COA.svg/500px-CHE_Chavannes-le-Veyron_COA.svg.png"
5476,28.1,28.1,71.9,"Chevilly VD","In Chevilly ist die Neutralitätsinitiative mit 71,9 Prozent der Stimmen gescheitert.","https://thumb.wikimedia.org/wikipedia/commons/thumb/7/7b/CHE_Chevilly_COA.svg/500px-CHE_Chevilly_COA.svg.png"
5477,23.6,23.6,76.4,"Cossonay VD","76,4 Prozent der Stimmbürgerinnen und Stimmbürger von Cossonay haben die Neutralitätsinitiative abgelehnt.","https://thumb.wikimedia.org/wikipedia/commons/thumb/a/af/CHE_Cossonay_COA.svg/500px-CHE_Cossonay_COA.svg.png"
5479,25.7,25.7,74.3,"Cuarnens VD","In Cuarnens ist die Neutralitätsinitiative mit 74,3 Prozent der Stimmen gescheitert.","https://thumb.wikimedia.org/wikipedia/commons/thumb/d/dd/CHE_Cuarnens_COA.svg/500px-CHE_Cuarnens_COA.svg.png"
5480,22.4,22.4,77.6,"Daillens VD","In Daillens ist die Neutralitätsinitiative mit 77,6 Prozent der Stimmen gescheitert.","https://thumb.wikimedia.org/wikipedia/commons/thumb/6/66/CHE_Daillens_COA.svg/500px-CHE_Daillens_COA.svg.png"
5481,22.1,22.1,77.9,"Dizy VD","Mit 74 Nein- zu 21 Ja-Stimmen lehnt Dizy die Neutralitätsinitiative ab.","https://thumb.wikimedia.org/wikipedia/commons/thumb/0/0d/CHE_Dizy_COA.svg/500px-CHE_Dizy_COA.svg.png"
5482,22.6,22.6,77.4,"Eclépens VD","77,4 Prozent der Stimmbürgerinnen und Stimmbürger von Eclépens haben die Neutralitätsinitiative abgelehnt.","https://thumb.wikimedia.org/wikipedia/commons/thumb/b/b7/CHE_Ecl%C3%A9pens_COA.svg/500px-CHE_Ecl%C3%A9pens_COA.svg.png"
5483,23.2,23.2,76.8,"Ferreyres VD","Mit 76,8 Prozent wird die Neutralitätsinitiative in Ferreyres verworfen.","https://thumb.wikimedia.org/wikipedia/commons/thumb/3/32/CHE_Ferreyres_COA.svg/500px-CHE_Ferreyres_COA.svg.png"
5484,28.1,28.1,71.9,"Gollion VD","71,9 Prozent der Stimmbürgerinnen und Stimmbürger von Gollion haben die Neutralitätsinitiative abgelehnt.","https://thumb.wikimedia.org/wikipedia/commons/thumb/2/24/CHE_Gollion_COA.svg/500px-CHE_Gollion_COA.svg.png"
5485,25.2,25.2,74.8,"Grancy VD","Nein zur Neutralitätsinitiative in Grancy: 74,8 Prozent.","https://thumb.wikimedia.org/wikipedia/commons/thumb/b/b0/CHE_Grancy_COA.svg/500px-CHE_Grancy_COA.svg.png"
5486,29.9,29.9,70.1,"L'Isle VD","In L'Isle ist die Neutralitätsinitiative mit 70,1 Prozent der Stimmen gescheitert.","https://thumb.wikimedia.org/wikipedia/commons/thumb/b/b1/CHE_L%27Isle_COA.svg/500px-CHE_L%27Isle_COA.svg.png"
5487,24.5,24.5,75.5,"Lussery-Villars VD","75,5 Prozent der Stimmbürgerinnen und Stimmbürger von Lussery-Villars haben die Neutralitätsinitiative abgelehnt.","https://thumb.wikimedia.org/wikipedia/commons/thumb/f/f8/CHE_Lussery-Villars_COA.svg/500px-CHE_Lussery-Villars_COA.svg.png"
5488,21.4,21.4,78.6,"Mauraz VD","Mit 22 Nein- zu 6 Ja-Stimmen lehnt Mauraz die Neutralitätsinitiative ab.","https://thumb.wikimedia.org/wikipedia/commons/thumb/c/c4/CHE_Mauraz_COA.svg/500px-CHE_Mauraz_COA.svg.png"
5489,29,29,71,"Mex VD","71 Prozent der Stimmbürgerinnen und Stimmbürger von Mex VD haben die Neutralitätsinitiative abgelehnt.","https://thumb.wikimedia.org/wikipedia/commons/thumb/3/3d/CHE_Mex_VD_COA.svg/500px-CHE_Mex_VD_COA.svg.png"
5490,23.1,23.1,76.9,"Moiry VD","Nein zur Neutralitätsinitiative in Moiry: 76,9 Prozent.","https://thumb.wikimedia.org/wikipedia/commons/thumb/e/e9/CHE_Moiry_COA.svg/500px-CHE_Moiry_COA.svg.png"
5491,34,34,66,"Mont-la-Ville VD","Nein zur Neutralitätsinitiative in Mont-la-Ville: 66 Prozent.","https://thumb.wikimedia.org/wikipedia/commons/thumb/2/23/CHE_Mont-la-Ville_COA.svg/500px-CHE_Mont-la-Ville_COA.svg.png"
5492,33.1,33.1,66.9,"Montricher VD","In Montricher ist die Neutralitätsinitiative mit 66,9 Prozent der Stimmen gescheitert.","https://thumb.wikimedia.org/wikipedia/commons/thumb/1/1b/CHE_Montricher_COA.svg/500px-CHE_Montricher_COA.svg.png"
5493,33.1,33.1,66.9,"Orny VD","In Orny ist die Neutralitätsinitiative mit 66,9 Prozent der Stimmen gescheitert.","https://thumb.wikimedia.org/wikipedia/commons/thumb/5/59/CHE_Orny_COA.svg/500px-CHE_Orny_COA.svg.png"
5495,26.7,26.7,73.3,"Penthalaz VD","Mit 73,3 Prozent wird die Neutralitätsinitiative in Penthalaz verworfen.","https://thumb.wikimedia.org/wikipedia/commons/thumb/2/2a/CHE_Penthalaz_COA.svg/500px-CHE_Penthalaz_COA.svg.png"
5496,29.3,29.3,70.7,"Penthaz VD","70,7 Prozent der Stimmbürgerinnen und Stimmbürger von Penthaz haben die Neutralitätsinitiative abgelehnt.","https://thumb.wikimedia.org/wikipedia/commons/thumb/c/cd/CHE_Penthaz_COA.svg/500px-CHE_Penthaz_COA.svg.png"
5497,30,30,70,"Pompaples VD","70 Prozent der Stimmbürgerinnen und Stimmbürger von Pompaples sprechen sich gegen die Neutralitätsinitiative aus.","https://thumb.wikimedia.org/wikipedia/commons/thumb/e/ea/CHE_Pompaples_COA.svg/500px-CHE_Pompaples_COA.svg.png"
5498,50,0,0,"La Sarraz VD","Die Resultate dieser Gemeinde sind noch nicht bekannt.","https://thumb.wikimedia.org/wikipedia/commons/thumb/6/69/CHE_La_Sarraz_COA.svg/500px-CHE_La_Sarraz_COA.svg.png"
5499,27.4,27.4,72.6,"Senarclens VD","72,6 Prozent der Stimmbürgerinnen und Stimmbürger von Senarclens haben die Neutralitätsinitiative abgelehnt.","https://thumb.wikimedia.org/wikipedia/commons/thumb/d/d9/CHE_Senarclens_COA.svg/500px-CHE_Senarclens_COA.svg.png"
5501,28.2,28.2,71.8,"Sullens VD","71,8 Prozent der Stimmbürgerinnen und Stimmbürger von Sullens sprechen sich gegen die Neutralitätsinitiative aus.","https://thumb.wikimedia.org/wikipedia/commons/thumb/f/fb/CHE_Sullens_COA.svg/500px-CHE_Sullens_COA.svg.png"
5503,25.2,25.2,74.8,"Vufflens-la-Ville VD","Mit 74,8 Prozent wird die Neutralitätsinitiative in Vufflens-la-Ville verworfen.","https://thumb.wikimedia.org/wikipedia/commons/thumb/8/8e/CHE_Vufflens-la-Ville_COA.svg/500px-CHE_Vufflens-la-Ville_COA.svg.png"
5511,26.2,26.2,73.8,"Assens VD","In Assens ist die Neutralitätsinitiative mit 73,8 Prozent der Stimmen gescheitert.","https://thumb.wikimedia.org/wikipedia/commons/thumb/2/21/CHE_Assens_COA.svg/500px-CHE_Assens_COA.svg.png"
5512,25.8,25.8,74.2,"Bercher VD","In Bercher ist die Neutralitätsinitiative mit 74,2 Prozent der Stimmen gescheitert.","https://thumb.wikimedia.org/wikipedia/commons/thumb/2/2d/CHE_Bercher_COA.svg/500px-CHE_Bercher_COA.svg.png"
5514,30.7,30.7,69.3,"Bottens VD","69,3 Prozent der Stimmbürgerinnen und Stimmbürger von Bottens haben die Neutralitätsinitiative abgelehnt.","https://thumb.wikimedia.org/wikipedia/commons/thumb/9/96/CHE_Bottens_COA.svg/500px-CHE_Bottens_COA.svg.png"
5515,28,28,72,"Bretigny-sur-Morrens VD","72 Prozent der Stimmbürgerinnen und Stimmbürger von Bretigny-sur-Morrens haben die Neutralitätsinitiative abgelehnt.","https://thumb.wikimedia.org/wikipedia/commons/thumb/9/91/CHE_Bretigny-sur-Morrens_COA.svg/500px-CHE_Bretigny-sur-Morrens_COA.svg.png"
5516,24.7,24.7,75.3,"Cugy VD","Mit 75,3 Prozent wird die Neutralitätsinitiative in Cugy VD verworfen.","https://thumb.wikimedia.org/wikipedia/commons/thumb/6/6b/CHE_Cugy_VD_COA.svg/500px-CHE_Cugy_VD_COA.svg.png"
5518,50,0,0,"Echallens VD","Die Resultate dieser Gemeinde sind noch nicht bekannt.","https://thumb.wikimedia.org/wikipedia/commons/thumb/7/70/CHE_Echallens_COA.svg/500px-CHE_Echallens_COA.svg.png"
5520,35.5,35.5,64.5,"Essertines-sur-Yverdon VD","Nein zur Neutralitätsinitiative in Essertines-sur-Yverdon: 64,5 Prozent.","https://thumb.wikimedia.org/wikipedia/commons/thumb/e/e9/CHE_Essertines-sur-Yverdon_COA.svg/500px-CHE_Essertines-sur-Yverdon_COA.svg.png"
5521,25.4,25.4,74.6,"Etagnières VD","Mit 74,6 Prozent wird die Neutralitätsinitiative in Etagnières verworfen.","https://thumb.wikimedia.org/wikipedia/commons/thumb/1/15/CHE_%C3%89tagni%C3%A8res_COA.svg/500px-CHE_%C3%89tagni%C3%A8res_COA.svg.png"
5522,28.4,28.4,71.6,"Fey VD","Nein zur Neutralitätsinitiative in Fey: 71,6 Prozent.","https://thumb.wikimedia.org/wikipedia/commons/thumb/b/bb/CHE_Fey_COA.svg/500px-CHE_Fey_COA.svg.png"
5523,30.7,30.7,69.3,"Froideville VD","Mit 69,3 Prozent wird die Neutralitätsinitiative in Froideville verworfen.","https://thumb.wikimedia.org/wikipedia/commons/thumb/c/c8/CHE_Froideville_COA.svg/500px-CHE_Froideville_COA.svg.png"
5527,30.2,30.2,69.8,"Morrens VD","Nein zur Neutralitätsinitiative in Morrens VD: 69,8 Prozent.","https://thumb.wikimedia.org/wikipedia/commons/thumb/4/41/CHE_Morrens_COA.svg/500px-CHE_Morrens_COA.svg.png"
5529,31.3,31.3,68.7,"Oulens-sous-Echallens VD","In Oulens-sous-Echallens ist die Neutralitätsinitiative mit 68,7 Prozent der Stimmen gescheitert.","https://thumb.wikimedia.org/wikipedia/commons/thumb/7/73/CHE_Oulens-sous-Echallens_COA.svg/500px-CHE_Oulens-sous-Echallens_COA.svg.png"
5530,37.9,37.9,62.1,"Pailly VD","Mit 62,1 Prozent wird die Neutralitätsinitiative in Pailly verworfen.","https://thumb.wikimedia.org/wikipedia/commons/thumb/1/1c/CHE_Pailly_COA.svg/500px-CHE_Pailly_COA.svg.png"
5531,25.1,25.1,74.9,"Penthéréaz VD","Nein zur Neutralitätsinitiative in Penthéréaz: 74,9 Prozent.","https://thumb.wikimedia.org/wikipedia/commons/thumb/8/82/CHE_Penth%C3%A9r%C3%A9az_COA.svg/500px-CHE_Penth%C3%A9r%C3%A9az_COA.svg.png"
5533,27.5,27.5,72.5,"Poliez-Pittet VD","72,5 Prozent der Stimmbürgerinnen und Stimmbürger von Poliez-Pittet haben die Neutralitätsinitiative abgelehnt.","https://thumb.wikimedia.org/wikipedia/commons/thumb/9/9b/CHE_Poliez-Pittet_COA.svg/500px-CHE_Poliez-Pittet_COA.svg.png"
5534,29,29,71,"Rueyres VD","Nein zur Neutralitätsinitiative in Rueyres: 71 Prozent.","https://thumb.wikimedia.org/wikipedia/commons/thumb/e/ea/CHE_Rueyres_COA.svg/500px-CHE_Rueyres_COA.svg.png"
5535,36.9,36.9,63.1,"Saint-Barthélemy VD","Mit 63,1 Prozent wird die Neutralitätsinitiative in Saint-Barthélemy VD verworfen.","https://thumb.wikimedia.org/wikipedia/commons/thumb/1/1b/CHE_Saint-Barth%C3%A9lemy_COA.svg/500px-CHE_Saint-Barth%C3%A9lemy_COA.svg.png"
5537,28.3,28.3,71.7,"Villars-le-Terroir VD","In Villars-le-Terroir ist die Neutralitätsinitiative mit 71,7 Prozent der Stimmen gescheitert.","https://thumb.wikimedia.org/wikipedia/commons/thumb/f/f1/CHE_Villars-le-Terroir_COA.svg/500px-CHE_Villars-le-Terroir_COA.svg.png"
5539,34.3,34.3,65.7,"Vuarrens VD","In Vuarrens ist die Neutralitätsinitiative mit 65,7 Prozent der Stimmen gescheitert.","https://thumb.wikimedia.org/wikipedia/commons/thumb/d/d4/CHE_Vuarrens_COA.svg/500px-CHE_Vuarrens_COA.svg.png"
5540,50,0,0,"Montilliez VD","Die Resultate dieser Gemeinde sind noch nicht bekannt.","https://thumb.wikimedia.org/wikipedia/commons/thumb/5/58/CHE_Montilliez_COA.svg/500px-CHE_Montilliez_COA.svg.png"
5541,30.2,30.2,69.8,"Goumoëns VD","69,8 Prozent der Stimmbürgerinnen und Stimmbürger von Goumoëns haben die Neutralitätsinitiative abgelehnt.","https://thumb.wikimedia.org/wikipedia/commons/thumb/9/99/CHE_Goumo%C3%ABns_COA.svg/500px-CHE_Goumo%C3%ABns_COA.svg.png"
5551,26.2,26.2,73.8,"Bonvillars VD","Nein zur Neutralitätsinitiative in Bonvillars: 73,8 Prozent.","https://thumb.wikimedia.org/wikipedia/commons/thumb/3/37/CHE_Bonvillars_COA.svg/500px-CHE_Bonvillars_COA.svg.png"
5552,42.8,42.8,57.2,"Bullet VD","57,2 Prozent der Stimmbürgerinnen und Stimmbürger von Bullet sprechen sich gegen die Neutralitätsinitiative aus.","https://thumb.wikimedia.org/wikipedia/commons/thumb/8/80/CHE_Bullet_COA.svg/500px-CHE_Bullet_COA.svg.png"
5553,27.5,27.5,72.5,"Champagne VD","72,5 Prozent der Stimmbürgerinnen und Stimmbürger von Champagne haben die Neutralitätsinitiative abgelehnt.","https://thumb.wikimedia.org/wikipedia/commons/thumb/5/5a/CHE_Champagne_COA.svg/500px-CHE_Champagne_COA.svg.png"
5554,28.4,28.4,71.6,"Concise VD","71,6 Prozent der Stimmbürgerinnen und Stimmbürger von Concise sprechen sich gegen die Neutralitätsinitiative aus.","https://thumb.wikimedia.org/wikipedia/commons/thumb/9/96/CHE_Concise_COA.svg/500px-CHE_Concise_COA.svg.png"
5555,24.3,24.3,75.7,"Corcelles-près-Concise VD","Nein zur Neutralitätsinitiative in Corcelles-près-Concise: 75,7 Prozent.","https://thumb.wikimedia.org/wikipedia/commons/thumb/3/39/CHE_Corcelles-pr%C3%A8s-Concise_COA.svg/500px-CHE_Corcelles-pr%C3%A8s-Concise_COA.svg.png"
5556,21.4,21.4,78.6,"Fiez VD","78,6 Prozent der Stimmbürgerinnen und Stimmbürger von Fiez sprechen sich gegen die Neutralitätsinitiative aus.","https://thumb.wikimedia.org/wikipedia/commons/thumb/2/25/CHE_Fiez_COA.svg/500px-CHE_Fiez_COA.svg.png"
5557,38,38,62,"Fontaines-sur-Grandson VD","Fontaines-sur-Grandson verwirft die Neutralitätsinitiative mit 49 zu 30 Stimmen.","https://thumb.wikimedia.org/wikipedia/commons/thumb/d/d5/CHE_Fontaines-sur-Grandson_COA.svg/500px-CHE_Fontaines-sur-Grandson_COA.svg.png"
5559,31.8,31.8,68.2,"Giez VD","Nein zur Neutralitätsinitiative in Giez: 68,2 Prozent.","https://thumb.wikimedia.org/wikipedia/commons/thumb/5/5e/CHE_Giez_COA.svg/500px-CHE_Giez_COA.svg.png"
5560,50,0,0,"Grandevent VD","Die Resultate dieser Gemeinde sind noch nicht bekannt.","https://thumb.wikimedia.org/wikipedia/commons/thumb/e/eb/CHE_Grandevent_COA.svg/500px-CHE_Grandevent_COA.svg.png"
5561,26.3,26.3,73.7,"Grandson VD","73,7 Prozent der Stimmbürgerinnen und Stimmbürger von Grandson haben die Neutralitätsinitiative abgelehnt.","https://thumb.wikimedia.org/wikipedia/commons/thumb/7/7d/CHE_Grandson_COA.svg/500px-CHE_Grandson_COA.svg.png"
5562,40.7,40.7,59.3,"Mauborget VD","Mauborget verwirft die Neutralitätsinitiative mit 35 zu 24 Stimmen.","https://thumb.wikimedia.org/wikipedia/commons/thumb/f/fa/CHE_Mauborget_COA.svg/500px-CHE_Mauborget_COA.svg.png"
5563,54.8,54.8,45.2,"Mutrux VD","Mit 23 Ja- zu 19 Nein-Stimmen nimmt Mutrux die Neutralitätsinitiative an.","https://thumb.wikimedia.org/wikipedia/commons/thumb/3/38/CHE_Mutrux_COA.svg/500px-CHE_Mutrux_COA.svg.png"
5564,25,25,75,"Novalles VD","Novalles verwirft die Neutralitätsinitiative mit 36 zu 12 Stimmen.","https://thumb.wikimedia.org/wikipedia/commons/thumb/c/c2/CHE_Novalles_COA.svg/500px-CHE_Novalles_COA.svg.png"
5565,28.3,28.3,71.7,"Onnens VD","71,7 Prozent der Stimmbürgerinnen und Stimmbürger von Onnens VD haben die Neutralitätsinitiative abgelehnt.","https://thumb.wikimedia.org/wikipedia/commons/thumb/5/51/CHE_Onnens_COA.svg/500px-CHE_Onnens_COA.svg.png"
5566,36.7,36.7,63.3,"Provence VD","63,3 Prozent der Stimmbürgerinnen und Stimmbürger von Provence haben die Neutralitätsinitiative abgelehnt.","https://thumb.wikimedia.org/wikipedia/commons/thumb/f/f2/CHE_Provence_COA.svg/500px-CHE_Provence_COA.svg.png"
5568,50,0,0,"Sainte-Croix VD","Die Resultate dieser Gemeinde sind noch nicht bekannt.","https://thumb.wikimedia.org/wikipedia/commons/thumb/4/4c/CHE_Sainte-Croix_COA.svg/500px-CHE_Sainte-Croix_COA.svg.png"
5571,34.7,34.7,65.3,"Tévenon VD","65,3 Prozent der Stimmbürgerinnen und Stimmbürger von Tévenon sprechen sich gegen die Neutralitätsinitiative aus.","https://thumb.wikimedia.org/wikipedia/commons/thumb/b/b2/CHE_T%C3%A9venon_COA.svg/500px-CHE_T%C3%A9venon_COA.svg.png"
5581,23.6,23.6,76.4,"Belmont-sur-Lausanne VD","76,4 Prozent der Stimmbürgerinnen und Stimmbürger von Belmont-sur-Lausanne sprechen sich gegen die Neutralitätsinitiative aus.","https://thumb.wikimedia.org/wikipedia/commons/thumb/4/48/CHE_Belmont-sur-Lausanne_COA.svg/500px-CHE_Belmont-sur-Lausanne_COA.svg.png"
5582,24.8,24.8,75.2,"Cheseaux-sur-Lausanne VD","Nein zur Neutralitätsinitiative in Cheseaux-sur-Lausanne: 75,2 Prozent.","https://thumb.wikimedia.org/wikipedia/commons/thumb/c/ce/CHE_Cheseaux-sur-Lausanne_COA.svg/500px-CHE_Cheseaux-sur-Lausanne_COA.svg.png"
5583,50,0,0,"Crissier VD","Die Resultate dieser Gemeinde sind noch nicht bekannt.","https://thumb.wikimedia.org/wikipedia/commons/thumb/0/0e/CHE_Crissier_COA.svg/500px-CHE_Crissier_COA.svg.png"
5584,23.2,23.2,76.8,"Epalinges VD","76,8 Prozent der Stimmbürgerinnen und Stimmbürger von Epalinges sprechen sich gegen die Neutralitätsinitiative aus.","https://thumb.wikimedia.org/wikipedia/commons/thumb/9/9a/CHE_%C3%89palinges_COA.svg/500px-CHE_%C3%89palinges_COA.svg.png"
5585,27.3,27.3,72.7,"Jouxtens-Mézery VD","72,7 Prozent der Stimmbürgerinnen und Stimmbürger von Jouxtens-Mézery haben die Neutralitätsinitiative abgelehnt.","https://thumb.wikimedia.org/wikipedia/commons/thumb/8/82/CHE_Jouxtens-M%C3%A9zery_COA.svg/500px-CHE_Jouxtens-M%C3%A9zery_COA.svg.png"
5586,50,0,0,"Lausanne VD","Die Resultate dieser Gemeinde sind noch nicht bekannt.","https://thumb.wikimedia.org/wikipedia/commons/thumb/2/29/CHE_Lausanne_COA.svg/500px-CHE_Lausanne_COA.svg.png"
5587,23.8,23.8,76.2,"Le Mont-sur-Lausanne VD","Mit 76,2 Prozent wird die Neutralitätsinitiative in Le Mont-sur-Lausanne verworfen.","https://thumb.wikimedia.org/wikipedia/commons/thumb/d/dc/CHE_Le_Mont-sur-Lausanne_COA.svg/500px-CHE_Le_Mont-sur-Lausanne_COA.svg.png"
5588,29.1,29.1,70.9,"Paudex VD","70,9 Prozent der Stimmbürgerinnen und Stimmbürger von Paudex sprechen sich gegen die Neutralitätsinitiative aus.","https://thumb.wikimedia.org/wikipedia/commons/thumb/5/5d/CHE_Paudex_COA.svg/500px-CHE_Paudex_COA.svg.png"
5589,23.7,23.7,76.3,"Prilly VD","Mit 76,3 Prozent wird die Neutralitätsinitiative in Prilly verworfen.","https://thumb.wikimedia.org/wikipedia/commons/thumb/8/86/CHE_Prilly_COA.svg/500px-CHE_Prilly_COA.svg.png"
5590,22,22,78,"Pully VD","78 Prozent der Stimmbürgerinnen und Stimmbürger von Pully haben die Neutralitätsinitiative abgelehnt.","https://thumb.wikimedia.org/wikipedia/commons/thumb/e/ec/CHE_Pully_COA.svg/960px-CHE_Pully_COA.svg.png"
5591,50,0,0,"Renens VD","Die Resultate dieser Gemeinde sind noch nicht bekannt.","https://thumb.wikimedia.org/wikipedia/commons/thumb/0/0b/CHE_Renens_COA.svg/500px-CHE_Renens_COA.svg.png"
5592,28,28,72,"Romanel-sur-Lausanne VD","Mit 72 Prozent wird die Neutralitätsinitiative in Romanel-sur-Lausanne verworfen.","https://thumb.wikimedia.org/wikipedia/commons/thumb/c/c1/CHE_Romanel-sur-Lausanne_COA.svg/500px-CHE_Romanel-sur-Lausanne_COA.svg.png"
5601,24.6,24.6,75.4,"Chexbres VD","75,4 Prozent der Stimmbürgerinnen und Stimmbürger von Chexbres haben die Neutralitätsinitiative abgelehnt.","https://thumb.wikimedia.org/wikipedia/commons/thumb/9/9f/CHE_Chexbres_COA.svg/500px-CHE_Chexbres_COA.svg.png"
5604,50,0,0,"Forel (Lavaux) VD","Die Resultate dieser Gemeinde sind noch nicht bekannt.","https://thumb.wikimedia.org/wikipedia/commons/thumb/5/5b/CHE_Forel_%28Lavaux%29_COA.svg/500px-CHE_Forel_%28Lavaux%29_COA.svg.png"
5606,50,0,0,"Lutry VD","Die Resultate dieser Gemeinde sind noch nicht bekannt.","https://thumb.wikimedia.org/wikipedia/commons/thumb/2/26/CHE_Lutry_COA.svg/500px-CHE_Lutry_COA.svg.png"
5607,29,29,71,"Puidoux VD","71 Prozent der Stimmbürgerinnen und Stimmbürger von Puidoux haben die Neutralitätsinitiative abgelehnt.","https://thumb.wikimedia.org/wikipedia/commons/thumb/9/99/CHE_Puidoux_COA.svg/500px-CHE_Puidoux_COA.svg.png"
5609,19.9,19.9,80.1,"Rivaz VD","80,1 Prozent der Stimmbürgerinnen und Stimmbürger von Rivaz sprechen sich gegen die Neutralitätsinitiative aus.","https://thumb.wikimedia.org/wikipedia/commons/thumb/0/00/CHE_Rivaz_COA.svg/500px-CHE_Rivaz_COA.svg.png"
5610,51.7,51.7,48.3,"Saint-Saphorin (Lavaux) VD","Ja zur Neutralitätsinitiative in Saint-Saphorin (Lavaux): 51,7 Prozent.","https://thumb.wikimedia.org/wikipedia/commons/thumb/4/46/CHE_Saint-Saphorin_COA.svg/500px-CHE_Saint-Saphorin_COA.svg.png"
5611,25.7,25.7,74.3,"Savigny VD","74,3 Prozent der Stimmbürgerinnen und Stimmbürger von Savigny sprechen sich gegen die Neutralitätsinitiative aus.","https://thumb.wikimedia.org/wikipedia/commons/thumb/6/67/CHE_Savigny_COA.svg/500px-CHE_Savigny_COA.svg.png"
5613,20,20,80,"Bourg-en-Lavaux VD","Mit 80 Prozent wird die Neutralitätsinitiative in Bourg-en-Lavaux verworfen.","https://thumb.wikimedia.org/wikipedia/commons/thumb/c/cf/CHE_Bourg-en-Lavaux_COA.svg/500px-CHE_Bourg-en-Lavaux_COA.svg.png"
5621,17.5,17.5,82.5,"Aclens VD","82,5 Prozent der Stimmbürgerinnen und Stimmbürger von Aclens haben die Neutralitätsinitiative abgelehnt.","https://thumb.wikimedia.org/wikipedia/commons/thumb/c/cf/CHE_Aclens_COA.svg/500px-CHE_Aclens_COA.svg.png"
5622,26.6,26.6,73.4,"Bremblens VD","In Bremblens ist die Neutralitätsinitiative mit 73,4 Prozent der Stimmen gescheitert.","https://thumb.wikimedia.org/wikipedia/commons/thumb/3/3e/CHE_Bremblens_COA.svg/500px-CHE_Bremblens_COA.svg.png"
5623,28,28,72,"Buchillon VD","Mit 72 Prozent wird die Neutralitätsinitiative in Buchillon verworfen.","https://thumb.wikimedia.org/wikipedia/commons/thumb/1/19/CHE_Buchillon_COA.svg/500px-CHE_Buchillon_COA.svg.png"
5624,27.7,27.7,72.3,"Bussigny VD","In Bussigny ist die Neutralitätsinitiative mit 72,3 Prozent der Stimmen gescheitert.","https://thumb.wikimedia.org/wikipedia/commons/thumb/3/34/CHE_Bussigny_COA.svg/500px-CHE_Bussigny_COA.svg.png"
5627,29.4,29.4,70.6,"Chavannes-près-Renens VD","In Chavannes-près-Renens ist die Neutralitätsinitiative mit 70,6 Prozent der Stimmen gescheitert.","https://thumb.wikimedia.org/wikipedia/commons/thumb/f/f2/CHE_Chavannes-pr%C3%A8s-Renens_COA.svg/500px-CHE_Chavannes-pr%C3%A8s-Renens_COA.svg.png"
5628,21.5,21.5,78.5,"Chigny VD","78,5 Prozent der Stimmbürgerinnen und Stimmbürger von Chigny haben die Neutralitätsinitiative abgelehnt.","https://thumb.wikimedia.org/wikipedia/commons/thumb/7/73/CHE_Chigny_COA.svg/500px-CHE_Chigny_COA.svg.png"
5629,26.7,26.7,73.3,"Clarmont VD","Mit 55 Nein- zu 20 Ja-Stimmen lehnt Clarmont die Neutralitätsinitiative ab.","https://thumb.wikimedia.org/wikipedia/commons/thumb/8/8c/CHE_Clarmont_COA.svg/500px-CHE_Clarmont_COA.svg.png"
5631,20.8,20.8,79.2,"Denens VD","79,2 Prozent der Stimmbürgerinnen und Stimmbürger von Denens haben die Neutralitätsinitiative abgelehnt.","https://thumb.wikimedia.org/wikipedia/commons/thumb/5/56/CHE_Denens_COA.svg/500px-CHE_Denens_COA.svg.png"
5632,23,23,77,"Denges VD","77 Prozent der Stimmbürgerinnen und Stimmbürger von Denges sprechen sich gegen die Neutralitätsinitiative aus.","https://thumb.wikimedia.org/wikipedia/commons/thumb/5/52/CHE_Denges_COA.svg/500px-CHE_Denges_COA.svg.png"
5633,23.2,23.2,76.8,"Echandens VD","76,8 Prozent der Stimmbürgerinnen und Stimmbürger von Echandens sprechen sich gegen die Neutralitätsinitiative aus.","https://thumb.wikimedia.org/wikipedia/commons/thumb/d/d1/CHE_Echandens_COA.svg/500px-CHE_Echandens_COA.svg.png"
5634,23.7,23.7,76.3,"Echichens VD","In Echichens ist die Neutralitätsinitiative mit 76,3 Prozent der Stimmen gescheitert.","https://thumb.wikimedia.org/wikipedia/commons/thumb/e/eb/CHE_Echichens_COA.svg/500px-CHE_Echichens_COA.svg.png"
5635,27.8,27.8,72.2,"Ecublens VD","Mit 72,2 Prozent wird die Neutralitätsinitiative in Ecublens VD verworfen.","https://thumb.wikimedia.org/wikipedia/commons/thumb/b/b7/CHE_Ecublens_VD_COA.svg/500px-CHE_Ecublens_VD_COA.svg.png"
5636,24.3,24.3,75.7,"Etoy VD","In Etoy ist die Neutralitätsinitiative mit 75,7 Prozent der Stimmen gescheitert.","https://thumb.wikimedia.org/wikipedia/commons/thumb/a/ac/CHE_Etoy_COA.svg/500px-CHE_Etoy_COA.svg.png"
5637,22.5,22.5,77.5,"Lavigny VD","Mit 77,5 Prozent wird die Neutralitätsinitiative in Lavigny verworfen.","https://thumb.wikimedia.org/wikipedia/commons/thumb/6/67/CHE_Lavigny_COA.svg/500px-CHE_Lavigny_COA.svg.png"
5638,21.5,21.5,78.5,"Lonay VD","Mit 78,5 Prozent wird die Neutralitätsinitiative in Lonay verworfen.","https://thumb.wikimedia.org/wikipedia/commons/thumb/e/ea/CHE_Lonay_COA.svg/500px-CHE_Lonay_COA.svg.png"
5639,18.3,18.3,81.7,"Lully VD","Nein zur Neutralitätsinitiative in Lully VD: 81,7 Prozent.","https://thumb.wikimedia.org/wikipedia/commons/thumb/e/ef/CHE_Lully_VD_COA.svg/500px-CHE_Lully_VD_COA.svg.png"
5640,12.3,12.3,87.7,"Lussy-sur-Morges VD","87,7 Prozent der Stimmbürgerinnen und Stimmbürger von Lussy-sur-Morges haben die Neutralitätsinitiative abgelehnt.","https://thumb.wikimedia.org/wikipedia/commons/thumb/2/23/CHE_Lussy-sur-Morges_COA.svg/500px-CHE_Lussy-sur-Morges_COA.svg.png"
5642,24.5,24.5,75.5,"Morges VD","Mit 75,5 Prozent wird die Neutralitätsinitiative in Morges verworfen.","https://thumb.wikimedia.org/wikipedia/commons/thumb/8/8f/CHE_Morges_COA.svg/500px-CHE_Morges_COA.svg.png"
5643,50,0,0,"Préverenges VD","Die Resultate dieser Gemeinde sind noch nicht bekannt.","https://thumb.wikimedia.org/wikipedia/commons/thumb/c/c3/CHE_Pr%C3%A9verenges_COA.svg/500px-CHE_Pr%C3%A9verenges_COA.svg.png"
5645,25.5,25.5,74.5,"Romanel-sur-Morges VD","Nein zur Neutralitätsinitiative in Romanel-sur-Morges: 74,5 Prozent.","https://thumb.wikimedia.org/wikipedia/commons/thumb/a/ab/CHE_Romanel-sur-Morges_COA.svg/500px-CHE_Romanel-sur-Morges_COA.svg.png"
5646,27.9,27.9,72.1,"Saint-Prex VD","Nein zur Neutralitätsinitiative in Saint-Prex: 72,1 Prozent.","https://thumb.wikimedia.org/wikipedia/commons/thumb/0/07/CHE_Saint-Prex_COA.svg/500px-CHE_Saint-Prex_COA.svg.png"
5648,25.8,25.8,74.2,"Saint-Sulpice VD","74,2 Prozent der Stimmbürgerinnen und Stimmbürger von Saint-Sulpice VD sprechen sich gegen die Neutralitätsinitiative aus.","https://thumb.wikimedia.org/wikipedia/commons/thumb/5/57/CHE_Saint-Sulpice_VD_COA.svg/500px-CHE_Saint-Sulpice_VD_COA.svg.png"
5649,24.8,24.8,75.2,"Tolochenaz VD","Mit 75,2 Prozent wird die Neutralitätsinitiative in Tolochenaz verworfen.","https://thumb.wikimedia.org/wikipedia/commons/thumb/4/47/CHE_Tolochenaz_COA.svg/500px-CHE_Tolochenaz_COA.svg.png"
5650,26.8,26.8,73.2,"Vaux-sur-Morges VD","Vaux-sur-Morges verwirft die Neutralitätsinitiative mit 60 zu 22 Stimmen.","https://thumb.wikimedia.org/wikipedia/commons/thumb/a/a9/CHE_Vaux-sur-Morges_COA.svg/500px-CHE_Vaux-sur-Morges_COA.svg.png"
5651,32.5,32.5,67.5,"Villars-Sainte-Croix VD","Mit 67,5 Prozent wird die Neutralitätsinitiative in Villars-Sainte-Croix verworfen.","https://thumb.wikimedia.org/wikipedia/commons/thumb/3/3e/CHE_Villars-Sainte-Croix_COA.svg/500px-CHE_Villars-Sainte-Croix_COA.svg.png"
5652,29.5,29.5,70.5,"Villars-sous-Yens VD","In Villars-sous-Yens ist die Neutralitätsinitiative mit 70,5 Prozent der Stimmen gescheitert.","https://thumb.wikimedia.org/wikipedia/commons/thumb/9/94/CHE_Villars-sous-Yens_COA.svg/500px-CHE_Villars-sous-Yens_COA.svg.png"
5653,27.5,27.5,72.5,"Vufflens-le-Château VD","Nein zur Neutralitätsinitiative in Vufflens-le-Château: 72,5 Prozent.","https://thumb.wikimedia.org/wikipedia/commons/thumb/4/42/CHE_Vufflens-le-Ch%C3%A2teau_COA.svg/500px-CHE_Vufflens-le-Ch%C3%A2teau_COA.svg.png"
5654,22,22,78,"Vullierens VD","In Vullierens ist die Neutralitätsinitiative mit 78 Prozent der Stimmen gescheitert.","https://thumb.wikimedia.org/wikipedia/commons/thumb/1/11/CHE_Vullierens_COA.svg/500px-CHE_Vullierens_COA.svg.png"
5655,23.9,23.9,76.1,"Yens VD","Mit 76,1 Prozent wird die Neutralitätsinitiative in Yens verworfen.","https://thumb.wikimedia.org/wikipedia/commons/thumb/1/14/CHE_Yens_COA.svg/500px-CHE_Yens_COA.svg.png"
5656,26.8,26.8,73.2,"Hautemorges VD","73,2 Prozent der Stimmbürgerinnen und Stimmbürger von Hautemorges haben die Neutralitätsinitiative abgelehnt.","https://thumb.wikimedia.org/wikipedia/commons/thumb/2/2f/CHE_Hautemorges_COA.svg/500px-CHE_Hautemorges_COA.svg.png"
5661,36.2,36.2,63.8,"Boulens VD","63,8 Prozent der Stimmbürgerinnen und Stimmbürger von Boulens sprechen sich gegen die Neutralitätsinitiative aus.","https://thumb.wikimedia.org/wikipedia/commons/thumb/f/f0/CHE_Boulens_COA.svg/500px-CHE_Boulens_COA.svg.png"
5663,35,35,65,"Bussy-sur-Moudon VD","In Bussy-sur-Moudon ist die Neutralitätsinitiative mit 65 Prozent der Stimmen gescheitert.","https://thumb.wikimedia.org/wikipedia/commons/thumb/5/50/CHE_Bussy-sur-Moudon_COA.svg/500px-CHE_Bussy-sur-Moudon_COA.svg.png"
5665,54.7,54.7,45.3,"Chavannes-sur-Moudon VD","Mit 52 Ja- zu 43 Nein-Stimmen nimmt Chavannes-sur-Moudon die Neutralitätsinitiative an.","https://thumb.wikimedia.org/wikipedia/commons/thumb/a/ab/CHE_Chavannes-sur-Moudon_COA.svg/500px-CHE_Chavannes-sur-Moudon_COA.svg.png"
5669,50,0,0,"Curtilles VD","Die Resultate dieser Gemeinde sind noch nicht bekannt.","https://thumb.wikimedia.org/wikipedia/commons/thumb/f/f0/CHE_Curtilles_COA.svg/500px-CHE_Curtilles_COA.svg.png"
5671,38.8,38.8,61.2,"Dompierre VD","61,2 Prozent der Stimmbürgerinnen und Stimmbürger von Dompierre VD haben die Neutralitätsinitiative abgelehnt.","https://thumb.wikimedia.org/wikipedia/commons/thumb/9/90/CHE_Dompierre_VD_COA.svg/500px-CHE_Dompierre_VD_COA.svg.png"
5673,38.2,38.2,61.8,"Hermenches VD","Mit 61,8 Prozent wird die Neutralitätsinitiative in Hermenches verworfen.","https://thumb.wikimedia.org/wikipedia/commons/thumb/7/74/CHE_Hermenches_COA.svg/500px-CHE_Hermenches_COA.svg.png"
5674,25.9,25.9,74.1,"Lovatens VD","Lovatens verwirft die Neutralitätsinitiative mit 43 zu 15 Stimmen.","https://thumb.wikimedia.org/wikipedia/commons/thumb/1/1e/CHE_Lovatens_COA.svg/500px-CHE_Lovatens_COA.svg.png"
5675,50,0,0,"Lucens VD","Die Resultate dieser Gemeinde sind noch nicht bekannt.","https://thumb.wikimedia.org/wikipedia/commons/thumb/3/31/CHE_Lucens_COA.svg/500px-CHE_Lucens_COA.svg.png"
5678,50,0,0,"Moudon VD","Die Resultate dieser Gemeinde sind noch nicht bekannt.","https://thumb.wikimedia.org/wikipedia/commons/thumb/7/78/CHE_Moudon_COA.svg/500px-CHE_Moudon_COA.svg.png"
5680,37.6,37.6,62.4,"Ogens VD","62,4 Prozent der Stimmbürgerinnen und Stimmbürger von Ogens haben die Neutralitätsinitiative abgelehnt.","https://thumb.wikimedia.org/wikipedia/commons/thumb/1/1e/CHE_Ogens_COA.svg/500px-CHE_Ogens_COA.svg.png"
5683,36.1,36.1,63.9,"Prévonloup VD","Prévonloup verwirft die Neutralitätsinitiative mit 53 zu 30 Stimmen.","https://thumb.wikimedia.org/wikipedia/commons/thumb/a/a7/CHE_Pr%C3%A9vonloup_COA.svg/500px-CHE_Pr%C3%A9vonloup_COA.svg.png"
5684,34.5,34.5,65.5,"Rossenges VD","Mit 19 Nein- zu 10 Ja-Stimmen lehnt Rossenges die Neutralitätsinitiative ab.","https://thumb.wikimedia.org/wikipedia/commons/thumb/c/cf/CHE_Rossenges_COA.svg/500px-CHE_Rossenges_COA.svg.png"
5688,28.6,28.6,71.4,"Syens VD","Mit 30 Nein- zu 12 Ja-Stimmen lehnt Syens die Neutralitätsinitiative ab.","https://thumb.wikimedia.org/wikipedia/commons/thumb/e/e9/CHE_Syens_COA.svg/500px-CHE_Syens_COA.svg.png"
5690,39.3,39.3,60.7,"Villars-le-Comte VD","Mit 37 Nein- zu 24 Ja-Stimmen lehnt Villars-le-Comte die Neutralitätsinitiative ab.","https://thumb.wikimedia.org/wikipedia/commons/thumb/d/d1/CHE_Villars-le-Comte_COA.svg/500px-CHE_Villars-le-Comte_COA.svg.png"
5692,28,28,72,"Vucherens VD","Mit 72 Prozent wird die Neutralitätsinitiative in Vucherens verworfen.","https://thumb.wikimedia.org/wikipedia/commons/thumb/3/31/CHE_Vucherens_COA.svg/500px-CHE_Vucherens_COA.svg.png"
5693,50,0,0,"Montanaire VD","Die Resultate dieser Gemeinde sind noch nicht bekannt.","https://thumb.wikimedia.org/wikipedia/commons/thumb/9/9d/CHE_Montanaire_COA.svg/500px-CHE_Montanaire_COA.svg.png"
5701,21.3,21.3,78.7,"Arnex-sur-Nyon VD","Mit 59 Nein- zu 16 Ja-Stimmen lehnt Arnex-sur-Nyon die Neutralitätsinitiative ab.","https://thumb.wikimedia.org/wikipedia/commons/thumb/3/30/CHE_Arnex-sur-Nyon_COA.svg/500px-CHE_Arnex-sur-Nyon_COA.svg.png"
5702,29,29,71,"Arzier-Le Muids VD","71 Prozent der Stimmbürgerinnen und Stimmbürger von Arzier-Le Muids haben die Neutralitätsinitiative abgelehnt.","https://thumb.wikimedia.org/wikipedia/commons/thumb/8/82/CHE_Arzier-Le_Muids_COA.svg/500px-CHE_Arzier-Le_Muids_COA.svg.png"
5703,25.6,25.6,74.4,"Bassins VD","Mit 74,4 Prozent wird die Neutralitätsinitiative in Bassins verworfen.","https://thumb.wikimedia.org/wikipedia/commons/thumb/c/c5/CHE_Bassins_COA.svg/500px-CHE_Bassins_COA.svg.png"
5704,50,0,0,"Begnins VD","Die Resultate dieser Gemeinde sind noch nicht bekannt.","https://thumb.wikimedia.org/wikipedia/commons/thumb/6/6a/CHE_Begnins_COA.svg/500px-CHE_Begnins_COA.svg.png"
5705,21,21,79,"Bogis-Bossey VD","Nein zur Neutralitätsinitiative in Bogis-Bossey: 79 Prozent.","https://thumb.wikimedia.org/wikipedia/commons/thumb/1/17/CHE_Bogis-Bossey_COA.svg/500px-CHE_Bogis-Bossey_COA.svg.png"
5706,50,0,0,"Borex VD","Die Resultate dieser Gemeinde sind noch nicht bekannt.","https://thumb.wikimedia.org/wikipedia/commons/thumb/5/54/CHE_Borex_COA.svg/500px-CHE_Borex_COA.svg.png"
5707,30.7,30.7,69.3,"Chavannes-de-Bogis VD","In Chavannes-de-Bogis ist die Neutralitätsinitiative mit 69,3 Prozent der Stimmen gescheitert.","https://thumb.wikimedia.org/wikipedia/commons/thumb/9/93/CHE_Chavannes-de-Bogis_COA.svg/500px-CHE_Chavannes-de-Bogis_COA.svg.png"
5708,34,34,66,"Chavannes-des-Bois VD","In Chavannes-des-Bois ist die Neutralitätsinitiative mit 66 Prozent der Stimmen gescheitert.","https://thumb.wikimedia.org/wikipedia/commons/thumb/5/50/CHE_Chavannes-des-Bois_COA.svg/500px-CHE_Chavannes-des-Bois_COA.svg.png"
5709,29.3,29.3,70.7,"Chéserex VD","In Chéserex ist die Neutralitätsinitiative mit 70,7 Prozent der Stimmen gescheitert.","https://thumb.wikimedia.org/wikipedia/commons/thumb/5/55/CHE_Ch%C3%A9serex_COA.svg/500px-CHE_Ch%C3%A9serex_COA.svg.png"
5710,30.1,30.1,69.9,"Coinsins VD","69,9 Prozent der Stimmbürgerinnen und Stimmbürger von Coinsins haben die Neutralitätsinitiative abgelehnt.","https://thumb.wikimedia.org/wikipedia/commons/thumb/7/73/CHE_Coinsins_COA.svg/500px-CHE_Coinsins_COA.svg.png"
5711,50,0,0,"Commugny VD","Die Resultate dieser Gemeinde sind noch nicht bekannt.","https://thumb.wikimedia.org/wikipedia/commons/thumb/0/01/CHE_Commugny_COA.svg/500px-CHE_Commugny_COA.svg.png"
5712,26.7,26.7,73.3,"Coppet VD","73,3 Prozent der Stimmbürgerinnen und Stimmbürger von Coppet haben die Neutralitätsinitiative abgelehnt.","https://thumb.wikimedia.org/wikipedia/commons/thumb/8/81/CHE_Coppet_COA.svg/500px-CHE_Coppet_COA.svg.png"
5713,26,26,74,"Crans-près-Céligny VD","Nein zur Neutralitätsinitiative in Crans-près-Céligny: 74 Prozent.","https://thumb.wikimedia.org/wikipedia/commons/thumb/9/98/CHE_Crans_VD_COA.svg/500px-CHE_Crans_VD_COA.svg.png"
5714,28.5,28.5,71.5,"Crassier VD","In Crassier ist die Neutralitätsinitiative mit 71,5 Prozent der Stimmen gescheitert.","https://thumb.wikimedia.org/wikipedia/commons/thumb/4/4f/CHE_Crassier_COA.svg/500px-CHE_Crassier_COA.svg.png"
5715,50,0,0,"Duillier VD","Die Resultate dieser Gemeinde sind noch nicht bekannt.","https://thumb.wikimedia.org/wikipedia/commons/thumb/8/87/CHE_Duillier_COA.svg/500px-CHE_Duillier_COA.svg.png"
5716,26.4,26.4,73.6,"Eysins VD","Nein zur Neutralitätsinitiative in Eysins: 73,6 Prozent.","https://thumb.wikimedia.org/wikipedia/commons/thumb/b/bc/CHE_Eysins_COA.svg/500px-CHE_Eysins_COA.svg.png"
5717,29.2,29.2,70.8,"Founex VD","70,8 Prozent der Stimmbürgerinnen und Stimmbürger von Founex haben die Neutralitätsinitiative abgelehnt.","https://thumb.wikimedia.org/wikipedia/commons/thumb/7/7b/CHE_Founex_COA.svg/500px-CHE_Founex_COA.svg.png"
5718,26.9,26.9,73.1,"Genolier VD","73,1 Prozent der Stimmbürgerinnen und Stimmbürger von Genolier sprechen sich gegen die Neutralitätsinitiative aus.","https://thumb.wikimedia.org/wikipedia/commons/thumb/4/42/CHE_Genolier_COA.svg/500px-CHE_Genolier_COA.svg.png"
5719,29,29,71,"Gingins VD","In Gingins ist die Neutralitätsinitiative mit 71 Prozent der Stimmen gescheitert.","https://thumb.wikimedia.org/wikipedia/commons/thumb/c/c1/CHE_Gingins_COA.svg/500px-CHE_Gingins_COA.svg.png"
5720,50,0,0,"Givrins VD","Die Resultate dieser Gemeinde sind noch nicht bekannt.","https://thumb.wikimedia.org/wikipedia/commons/thumb/c/c1/CHE_Givrins_COA.svg/500px-CHE_Givrins_COA.svg.png"
5721,30.4,30.4,69.6,"Gland VD","69,6 Prozent der Stimmbürgerinnen und Stimmbürger von Gland haben die Neutralitätsinitiative abgelehnt.","https://thumb.wikimedia.org/wikipedia/commons/thumb/6/62/CHE_Gland_COA.svg/500px-CHE_Gland_COA.svg.png"
5722,20.9,20.9,79.1,"Grens VD","Mit 79,1 Prozent wird die Neutralitätsinitiative in Grens verworfen.","https://thumb.wikimedia.org/wikipedia/commons/thumb/d/d9/CHE_Grens_COA.svg/500px-CHE_Grens_COA.svg.png"
5723,27.7,27.7,72.3,"Mies VD","Mit 72,3 Prozent wird die Neutralitätsinitiative in Mies verworfen.","https://thumb.wikimedia.org/wikipedia/commons/thumb/9/99/CHE_Mies_COA.svg/500px-CHE_Mies_COA.svg.png"
5724,24.6,24.6,75.4,"Nyon VD","75,4 Prozent der Stimmbürgerinnen und Stimmbürger von Nyon sprechen sich gegen die Neutralitätsinitiative aus.","https://thumb.wikimedia.org/wikipedia/commons/thumb/3/31/CHE_Nyon_COA.svg/500px-CHE_Nyon_COA.svg.png"
5725,50,0,0,"Prangins VD","Die Resultate dieser Gemeinde sind noch nicht bekannt.","https://thumb.wikimedia.org/wikipedia/commons/thumb/e/e4/CHE_Prangins_COA.svg/500px-CHE_Prangins_COA.svg.png"
5726,37.1,37.1,62.9,"La Rippe VD","62,9 Prozent der Stimmbürgerinnen und Stimmbürger von La Rippe haben die Neutralitätsinitiative abgelehnt.","https://thumb.wikimedia.org/wikipedia/commons/thumb/9/92/CHE_La_Rippe_COA.svg/500px-CHE_La_Rippe_COA.svg.png"
5727,50,0,0,"Saint-Cergue VD","Die Resultate dieser Gemeinde sind noch nicht bekannt.","https://thumb.wikimedia.org/wikipedia/commons/thumb/b/bf/CHE_Saint-Cergue_COA.svg/500px-CHE_Saint-Cergue_COA.svg.png"
5728,50,0,0,"Signy-Avenex VD","Die Resultate dieser Gemeinde sind noch nicht bekannt.","https://thumb.wikimedia.org/wikipedia/commons/thumb/d/db/CHE_Signy-Avenex_COA.svg/500px-CHE_Signy-Avenex_COA.svg.png"
5729,29.3,29.3,70.7,"Tannay VD","70,7 Prozent der Stimmbürgerinnen und Stimmbürger von Tannay sprechen sich gegen die Neutralitätsinitiative aus.","https://thumb.wikimedia.org/wikipedia/commons/thumb/e/ea/CHE_Tannay_COA.svg/500px-CHE_Tannay_COA.svg.png"
5730,22.5,22.5,77.5,"Trélex VD","Nein zur Neutralitätsinitiative in Trélex: 77,5 Prozent.","https://thumb.wikimedia.org/wikipedia/commons/thumb/3/33/CHE_Tr%C3%A9lex_COA.svg/500px-CHE_Tr%C3%A9lex_COA.svg.png"
5731,50,0,0,"Le Vaud VD","Die Resultate dieser Gemeinde sind noch nicht bekannt.","https://thumb.wikimedia.org/wikipedia/commons/thumb/1/15/CHE_Le_Vaud_COA.svg/500px-CHE_Le_Vaud_COA.svg.png"
5732,27,27,73,"Vich VD","73 Prozent der Stimmbürgerinnen und Stimmbürger von Vich haben die Neutralitätsinitiative abgelehnt.","https://thumb.wikimedia.org/wikipedia/commons/thumb/2/29/CHE_Vich_COA.svg/500px-CHE_Vich_COA.svg.png"
5741,36.3,36.3,63.7,"L'Abergement VD","Nein zur Neutralitätsinitiative in L'Abergement: 63,7 Prozent.","https://thumb.wikimedia.org/wikipedia/commons/thumb/2/20/CHE_L-Abergement_COA.svg/500px-CHE_L-Abergement_COA.svg.png"
5742,25.6,25.6,74.4,"Agiez VD","74,4 Prozent der Stimmbürgerinnen und Stimmbürger von Agiez haben die Neutralitätsinitiative abgelehnt.","https://thumb.wikimedia.org/wikipedia/commons/thumb/b/ba/CHE_Agiez_COA.svg/500px-CHE_Agiez_COA.svg.png"
5743,28.7,28.7,71.3,"Arnex-sur-Orbe VD","Mit 71,3 Prozent wird die Neutralitätsinitiative in Arnex-sur-Orbe verworfen.","https://thumb.wikimedia.org/wikipedia/commons/thumb/d/d3/CHE_Arnex-sur-Orbe_COA.svg/500px-CHE_Arnex-sur-Orbe_COA.svg.png"
5744,35.9,35.9,64.1,"Ballaigues VD","In Ballaigues ist die Neutralitätsinitiative mit 64,1 Prozent der Stimmen gescheitert.","https://thumb.wikimedia.org/wikipedia/commons/thumb/4/4d/CHE_Ballaigues_COA.svg/500px-CHE_Ballaigues_COA.svg.png"
5745,36.1,36.1,63.9,"Baulmes VD","63,9 Prozent der Stimmbürgerinnen und Stimmbürger von Baulmes sprechen sich gegen die Neutralitätsinitiative aus.","https://thumb.wikimedia.org/wikipedia/commons/thumb/a/a7/CHE_Baulmes_COA.svg/500px-CHE_Baulmes_COA.svg.png"
5746,30.2,30.2,69.8,"Bavois VD","In Bavois ist die Neutralitätsinitiative mit 69,8 Prozent der Stimmen gescheitert.","https://thumb.wikimedia.org/wikipedia/commons/thumb/7/73/CHE_Bavois_COA.svg/500px-CHE_Bavois_COA.svg.png"
5747,30.4,30.4,69.6,"Bofflens VD","Mit 64 Nein- zu 28 Ja-Stimmen lehnt Bofflens die Neutralitätsinitiative ab.","https://thumb.wikimedia.org/wikipedia/commons/thumb/3/3b/CHE_Bofflens_COA.svg/500px-CHE_Bofflens_COA.svg.png"
5748,40.4,40.4,59.6,"Bretonnières VD","59,6 Prozent der Stimmbürgerinnen und Stimmbürger von Bretonnières haben die Neutralitätsinitiative abgelehnt.","https://thumb.wikimedia.org/wikipedia/commons/thumb/2/2b/CHE_Bretonni%C3%A8res_COA.svg/500px-CHE_Bretonni%C3%A8res_COA.svg.png"
5749,29.8,29.8,70.2,"Chavornay VD","Nein zur Neutralitätsinitiative in Chavornay: 70,2 Prozent.","https://thumb.wikimedia.org/wikipedia/commons/thumb/f/f4/CHE_Chavornay_COA.svg/500px-CHE_Chavornay_COA.svg.png"
5750,26.4,26.4,73.6,"Les Clées VD","Mit 53 Nein- zu 19 Ja-Stimmen lehnt Les Clées die Neutralitätsinitiative ab.","https://thumb.wikimedia.org/wikipedia/commons/thumb/9/99/CHE_Les_Cl%C3%A9es_COA.svg/500px-CHE_Les_Cl%C3%A9es_COA.svg.png"
5752,30.8,30.8,69.2,"Croy VD","Mit 69,2 Prozent wird die Neutralitätsinitiative in Croy verworfen.","https://thumb.wikimedia.org/wikipedia/commons/thumb/7/74/CHE_Croy_COA.svg/500px-CHE_Croy_COA.svg.png"
5754,34.6,34.6,65.4,"Juriens VD","Mit 65,4 Prozent wird die Neutralitätsinitiative in Juriens verworfen.","https://thumb.wikimedia.org/wikipedia/commons/thumb/1/1d/CHE_Juriens_COA.svg/500px-CHE_Juriens_COA.svg.png"
5755,31,31,69,"Lignerolle VD","69 Prozent der Stimmbürgerinnen und Stimmbürger von Lignerolle haben die Neutralitätsinitiative abgelehnt.","https://thumb.wikimedia.org/wikipedia/commons/thumb/7/78/CHE_Lignerolle_COA.svg/500px-CHE_Lignerolle_COA.svg.png"
5756,24.7,24.7,75.3,"Montcherand VD","In Montcherand ist die Neutralitätsinitiative mit 75,3 Prozent der Stimmen gescheitert.","https://thumb.wikimedia.org/wikipedia/commons/thumb/d/db/CHE_Montcherand_COA.svg/500px-CHE_Montcherand_COA.svg.png"
5757,50,0,0,"Orbe VD","Die Resultate dieser Gemeinde sind noch nicht bekannt.","https://thumb.wikimedia.org/wikipedia/commons/thumb/6/65/CHE_Orbe_COA.svg/500px-CHE_Orbe_COA.svg.png"
5758,40.9,40.9,59.1,"La Praz VD","La Praz verwirft die Neutralitätsinitiative mit 55 zu 38 Stimmen.","https://thumb.wikimedia.org/wikipedia/commons/thumb/9/97/CHE_La_Praz_COA.svg/500px-CHE_La_Praz_COA.svg.png"
5759,42.4,42.4,57.6,"Premier VD","In Premier ist die Neutralitätsinitiative mit 57,6 Prozent der Stimmen gescheitert.","https://thumb.wikimedia.org/wikipedia/commons/thumb/4/47/CHE_Premier_COA.svg/500px-CHE_Premier_COA.svg.png"
5760,31.7,31.7,68.3,"Rances VD","In Rances ist die Neutralitätsinitiative mit 68,3 Prozent der Stimmen gescheitert.","https://thumb.wikimedia.org/wikipedia/commons/thumb/6/69/CHE_Rances_COA.svg/500px-CHE_Rances_COA.svg.png"
5761,28.6,28.6,71.4,"Romainmôtier-Envy VD","In Romainmôtier-Envy ist die Neutralitätsinitiative mit 71,4 Prozent der Stimmen gescheitert.","https://thumb.wikimedia.org/wikipedia/commons/thumb/6/62/CHE_Romainmotier-Envy_COA.svg/500px-CHE_Romainmotier-Envy_COA.svg.png"
5762,43.8,43.8,56.2,"Sergey VD","Mit 36 Nein- zu 28 Ja-Stimmen lehnt Sergey die Neutralitätsinitiative ab.","https://thumb.wikimedia.org/wikipedia/commons/thumb/6/62/CHE_Sergey_COA.svg/500px-CHE_Sergey_COA.svg.png"
5763,24.9,24.9,75.1,"Valeyres-sous-Rances VD","Nein zur Neutralitätsinitiative in Valeyres-sous-Rances: 75,1 Prozent.","https://thumb.wikimedia.org/wikipedia/commons/thumb/f/ff/CHE_Valeyres-sous-Rances_COA.svg/500px-CHE_Valeyres-sous-Rances_COA.svg.png"
5764,36.3,36.3,63.7,"Vallorbe VD","In Vallorbe ist die Neutralitätsinitiative mit 63,7 Prozent der Stimmen gescheitert.","https://thumb.wikimedia.org/wikipedia/commons/thumb/d/d8/CHE_Vallorbe_COA.svg/500px-CHE_Vallorbe_COA.svg.png"
5765,38.1,38.1,61.9,"Vaulion VD","In Vaulion ist die Neutralitätsinitiative mit 61,9 Prozent der Stimmen gescheitert.","https://thumb.wikimedia.org/wikipedia/commons/thumb/0/0c/CHE_Vaulion_COA.svg/500px-CHE_Vaulion_COA.svg.png"
5766,30.2,30.2,69.8,"Vuiteboeuf VD","69,8 Prozent der Stimmbürgerinnen und Stimmbürger von Vuiteboeuf sprechen sich gegen die Neutralitätsinitiative aus.","https://thumb.wikimedia.org/wikipedia/commons/thumb/a/a5/CHE_Vuiteboeuf_COA.svg/500px-CHE_Vuiteboeuf_COA.svg.png"
5785,30.7,30.7,69.3,"Corcelles-le-Jorat VD","In Corcelles-le-Jorat ist die Neutralitätsinitiative mit 69,3 Prozent der Stimmen gescheitert.","https://thumb.wikimedia.org/wikipedia/commons/thumb/2/24/CHE_Corcelles-le-Jorat_COA.svg/500px-CHE_Corcelles-le-Jorat_COA.svg.png"
5790,50,0,0,"Maracon VD","Die Resultate dieser Gemeinde sind noch nicht bekannt.","https://thumb.wikimedia.org/wikipedia/commons/thumb/1/10/CHE_Maracon_COA.svg/500px-CHE_Maracon_COA.svg.png"
5792,31.1,31.1,68.9,"Montpreveyres VD","68,9 Prozent der Stimmbürgerinnen und Stimmbürger von Montpreveyres haben die Neutralitätsinitiative abgelehnt.","https://thumb.wikimedia.org/wikipedia/commons/thumb/f/fd/CHE_Montpreveyres_COA.svg/500px-CHE_Montpreveyres_COA.svg.png"
5798,29.4,29.4,70.6,"Ropraz VD","70,6 Prozent der Stimmbürgerinnen und Stimmbürger von Ropraz haben die Neutralitätsinitiative abgelehnt.","https://thumb.wikimedia.org/wikipedia/commons/thumb/8/8d/CHE_Ropraz_COA.svg/500px-CHE_Ropraz_COA.svg.png"
5799,50,0,0,"Servion VD","Die Resultate dieser Gemeinde sind noch nicht bekannt.","https://thumb.wikimedia.org/wikipedia/commons/thumb/d/d0/CHE_Servion_COA.svg/500px-CHE_Servion_COA.svg.png"
5803,28.6,28.6,71.4,"Vulliens VD","71,4 Prozent der Stimmbürgerinnen und Stimmbürger von Vulliens haben die Neutralitätsinitiative abgelehnt.","https://thumb.wikimedia.org/wikipedia/commons/thumb/f/f1/CHE_Vulliens_COA.svg/500px-CHE_Vulliens_COA.svg.png"
5804,27.8,27.8,72.2,"Jorat-Menthue VD","72,2 Prozent der Stimmbürgerinnen und Stimmbürger von Jorat-Menthue sprechen sich gegen die Neutralitätsinitiative aus.","https://thumb.wikimedia.org/wikipedia/commons/thumb/e/e0/CHE_Jorat-Menthue_COA.svg/500px-CHE_Jorat-Menthue_COA.svg.png"
5805,29.7,29.7,70.3,"Oron VD","In Oron ist die Neutralitätsinitiative mit 70,3 Prozent der Stimmen gescheitert.","https://thumb.wikimedia.org/wikipedia/commons/thumb/9/91/CHE_Oron_COA.svg/500px-CHE_Oron_COA.svg.png"
5806,26.5,26.5,73.5,"Jorat-Mézières VD","Nein zur Neutralitätsinitiative in Jorat-Mézières: 73,5 Prozent.","https://thumb.wikimedia.org/wikipedia/commons/thumb/8/8a/CHE_Jorat-M%C3%A9zi%C3%A8res_COA.svg/500px-CHE_Jorat-M%C3%A9zi%C3%A8res_COA.svg.png"
5812,50,50,50,"Champtauroz VD","Unentschieden in Champtauroz: Genau 37 Stimmberechtigte stimmen für und gegen die Neutralitätsinitiative.","https://thumb.wikimedia.org/wikipedia/commons/thumb/b/bf/CHE_Champtauroz_COA.svg/500px-CHE_Champtauroz_COA.svg.png"
5813,37.1,37.1,62.9,"Chevroux VD","Nein zur Neutralitätsinitiative in Chevroux: 62,9 Prozent.","https://thumb.wikimedia.org/wikipedia/commons/thumb/0/0d/CHE_Chevroux_COA.svg/500px-CHE_Chevroux_COA.svg.png"
5816,32.8,32.8,67.2,"Corcelles-près-Payerne VD","Nein zur Neutralitätsinitiative in Corcelles-près-Payerne: 67,2 Prozent.","https://thumb.wikimedia.org/wikipedia/commons/thumb/4/40/CHE_Corcelles-pr%C3%A8s-Payerne_COA.svg/500px-CHE_Corcelles-pr%C3%A8s-Payerne_COA.svg.png"
5817,34.8,34.8,65.2,"Grandcour VD","In Grandcour ist die Neutralitätsinitiative mit 65,2 Prozent der Stimmen gescheitert.","https://thumb.wikimedia.org/wikipedia/commons/thumb/f/f8/CHE_Grandcour_COA.svg/500px-CHE_Grandcour_COA.svg.png"
5819,40.6,40.6,59.4,"Henniez VD","59,4 Prozent der Stimmbürgerinnen und Stimmbürger von Henniez haben die Neutralitätsinitiative abgelehnt.","https://thumb.wikimedia.org/wikipedia/commons/thumb/7/7b/CHE_Henniez_COA.svg/500px-CHE_Henniez_COA.svg.png"
5821,28.7,28.7,71.3,"Missy VD","71,3 Prozent der Stimmbürgerinnen und Stimmbürger von Missy sprechen sich gegen die Neutralitätsinitiative aus.","https://thumb.wikimedia.org/wikipedia/commons/thumb/e/ef/CHE_Missy_COA.svg/500px-CHE_Missy_COA.svg.png"
5822,30.1,30.1,69.9,"Payerne VD","69,9 Prozent der Stimmbürgerinnen und Stimmbürger von Payerne haben die Neutralitätsinitiative abgelehnt.","https://thumb.wikimedia.org/wikipedia/commons/thumb/1/1b/CHE_Payerne_VD_COA.svg/500px-CHE_Payerne_VD_COA.svg.png"
5827,38.2,38.2,61.8,"Trey VD","Mit 61,8 Prozent wird die Neutralitätsinitiative in Trey verworfen.","https://thumb.wikimedia.org/wikipedia/commons/thumb/d/df/CHE_Trey_COA.svg/500px-CHE_Trey_COA.svg.png"
5828,46.3,46.3,53.7,"Treytorrens (Payerne) VD","Mit 29 Nein- zu 25 Ja-Stimmen lehnt Treytorrens (Payerne) die Neutralitätsinitiative ab.","https://thumb.wikimedia.org/wikipedia/commons/thumb/9/97/CHE_Treytorrens_COA.svg/500px-CHE_Treytorrens_COA.svg.png"
5830,28.4,28.4,71.6,"Villarzel VD","71,6 Prozent der Stimmbürgerinnen und Stimmbürger von Villarzel haben die Neutralitätsinitiative abgelehnt.","https://thumb.wikimedia.org/wikipedia/commons/thumb/7/7b/CHE_Villarzel_COA.svg/500px-CHE_Villarzel_COA.svg.png"
5831,36.3,36.3,63.7,"Valbroye VD","In Valbroye ist die Neutralitätsinitiative mit 63,7 Prozent der Stimmen gescheitert.","https://thumb.wikimedia.org/wikipedia/commons/thumb/1/11/CHE_Valbroye_COA.svg/500px-CHE_Valbroye_COA.svg.png"
5841,33.2,33.2,66.8,"Château-d'Oex VD","66,8 Prozent der Stimmbürgerinnen und Stimmbürger von Château-d'Oex haben die Neutralitätsinitiative abgelehnt.","https://thumb.wikimedia.org/wikipedia/commons/thumb/b/b4/CHE_Ch%C3%A2teau_d%E2%80%99Oex_COA.svg/500px-CHE_Ch%C3%A2teau_d%E2%80%99Oex_COA.svg.png"
5842,25.9,25.9,74.1,"Rossinière VD","In Rossinière ist die Neutralitätsinitiative mit 74,1 Prozent der Stimmen gescheitert.","https://thumb.wikimedia.org/wikipedia/commons/thumb/a/a9/CHE_Rossini%C3%A8re_COA.svg/500px-CHE_Rossini%C3%A8re_COA.svg.png"
5843,40.7,40.7,59.3,"Rougemont VD","Mit 59,3 Prozent wird die Neutralitätsinitiative in Rougemont verworfen.","https://thumb.wikimedia.org/wikipedia/commons/thumb/0/0c/CHE_Rougemont_COA.svg/500px-CHE_Rougemont_COA.svg.png"
5851,24.8,24.8,75.2,"Allaman VD","Nein zur Neutralitätsinitiative in Allaman: 75,2 Prozent.","https://thumb.wikimedia.org/wikipedia/commons/thumb/e/e1/CHE_Allaman_COA.svg/500px-CHE_Allaman_COA.svg.png"
5852,29.4,29.4,70.6,"Bursinel VD","70,6 Prozent der Stimmbürgerinnen und Stimmbürger von Bursinel haben die Neutralitätsinitiative abgelehnt.","https://thumb.wikimedia.org/wikipedia/commons/thumb/6/6b/CHE_Bursinel_COA.svg/500px-CHE_Bursinel_COA.svg.png"
5853,25.3,25.3,74.7,"Bursins VD","Nein zur Neutralitätsinitiative in Bursins: 74,7 Prozent.","https://thumb.wikimedia.org/wikipedia/commons/thumb/f/fa/CHE_Bursins_COA.svg/500px-CHE_Bursins_COA.svg.png"
5854,35.8,35.8,64.2,"Burtigny VD","64,2 Prozent der Stimmbürgerinnen und Stimmbürger von Burtigny sprechen sich gegen die Neutralitätsinitiative aus.","https://thumb.wikimedia.org/wikipedia/commons/thumb/7/73/CHE_Burtigny_COA.svg/500px-CHE_Burtigny_COA.svg.png"
5855,29.6,29.6,70.4,"Dully VD","Mit 70,4 Prozent wird die Neutralitätsinitiative in Dully verworfen.","https://thumb.wikimedia.org/wikipedia/commons/thumb/d/dd/CHE_Dully_COA.svg/500px-CHE_Dully_COA.svg.png"
5856,23.8,23.8,76.2,"Essertines-sur-Rolle VD","In Essertines-sur-Rolle ist die Neutralitätsinitiative mit 76,2 Prozent der Stimmen gescheitert.","https://thumb.wikimedia.org/wikipedia/commons/thumb/b/b0/CHE_Essertines-sur-Rolle_COA.svg/500px-CHE_Essertines-sur-Rolle_COA.svg.png"
5857,26.7,26.7,73.3,"Gilly VD","In Gilly ist die Neutralitätsinitiative mit 73,3 Prozent der Stimmen gescheitert.","https://thumb.wikimedia.org/wikipedia/commons/thumb/2/25/CHE_Gilly_COA.svg/500px-CHE_Gilly_COA.svg.png"
5858,30.5,30.5,69.5,"Luins VD","Mit 69,5 Prozent wird die Neutralitätsinitiative in Luins verworfen.","https://thumb.wikimedia.org/wikipedia/commons/thumb/5/54/CHE_Luins_COA.svg/500px-CHE_Luins_COA.svg.png"
5859,28.9,28.9,71.1,"Mont-sur-Rolle VD","71,1 Prozent der Stimmbürgerinnen und Stimmbürger von Mont-sur-Rolle haben die Neutralitätsinitiative abgelehnt.","https://thumb.wikimedia.org/wikipedia/commons/thumb/c/cd/CHE_Mont-sur-Rolle_COA.svg/500px-CHE_Mont-sur-Rolle_COA.svg.png"
5860,31.5,31.5,68.5,"Perroy VD","Nein zur Neutralitätsinitiative in Perroy: 68,5 Prozent.","https://thumb.wikimedia.org/wikipedia/commons/thumb/f/f2/CHE_Perroy_COA.svg/500px-CHE_Perroy_COA.svg.png"
5861,50,0,0,"Rolle VD","Die Resultate dieser Gemeinde sind noch nicht bekannt.","https://thumb.wikimedia.org/wikipedia/commons/thumb/b/be/CHE_Rolle_COA.svg/500px-CHE_Rolle_COA.svg.png"
5862,36,36,64,"Tartegnin VD","Tartegnin verwirft die Neutralitätsinitiative mit 48 zu 27 Stimmen.","https://thumb.wikimedia.org/wikipedia/commons/thumb/4/40/CHE_Tartegnin_COA.svg/500px-CHE_Tartegnin_COA.svg.png"
5863,25.5,25.5,74.5,"Vinzel VD","74,5 Prozent der Stimmbürgerinnen und Stimmbürger von Vinzel haben die Neutralitätsinitiative abgelehnt.","https://thumb.wikimedia.org/wikipedia/commons/thumb/2/28/CHE_Vinzel_COA.svg/500px-CHE_Vinzel_COA.svg.png"
5871,29.6,29.6,70.4,"L'Abbaye VD","70,4 Prozent der Stimmbürgerinnen und Stimmbürger von L'Abbaye haben die Neutralitätsinitiative abgelehnt.","https://thumb.wikimedia.org/wikipedia/commons/thumb/3/34/CHE_L%E2%80%99Abbaye_COA.svg/500px-CHE_L%E2%80%99Abbaye_COA.svg.png"
5872,32.3,32.3,67.7,"Le Chenit VD","In Le Chenit ist die Neutralitätsinitiative mit 67,7 Prozent der Stimmen gescheitert.","https://thumb.wikimedia.org/wikipedia/commons/thumb/3/33/CHE_Le_Chenit_COA.svg/500px-CHE_Le_Chenit_COA.svg.png"
5873,50,0,0,"Le Lieu VD","Die Resultate dieser Gemeinde sind noch nicht bekannt.","https://thumb.wikimedia.org/wikipedia/commons/thumb/3/38/CHE_Le_Lieu_COA.svg/500px-CHE_Le_Lieu_COA.svg.png"
5882,25.7,25.7,74.3,"Chardonne VD","74,3 Prozent der Stimmbürgerinnen und Stimmbürger von Chardonne haben die Neutralitätsinitiative abgelehnt.","https://thumb.wikimedia.org/wikipedia/commons/thumb/1/1b/CHE_Chardonne_COA.svg/500px-CHE_Chardonne_COA.svg.png"
5883,22,22,78,"Corseaux VD","In Corseaux ist die Neutralitätsinitiative mit 78 Prozent der Stimmen gescheitert.","https://thumb.wikimedia.org/wikipedia/commons/thumb/e/e9/CHE_Corseaux_COA.svg/500px-CHE_Corseaux_COA.svg.png"
5884,30.6,30.6,69.4,"Corsier-sur-Vevey VD","In Corsier-sur-Vevey ist die Neutralitätsinitiative mit 69,4 Prozent der Stimmen gescheitert.","https://thumb.wikimedia.org/wikipedia/commons/thumb/2/23/CHE_Corsier-sur-Vevey_COA.svg/500px-CHE_Corsier-sur-Vevey_COA.svg.png"
5885,23,23,77,"Jongny VD","Mit 77 Prozent wird die Neutralitätsinitiative in Jongny verworfen.","https://thumb.wikimedia.org/wikipedia/commons/thumb/a/a8/CHE_Jongny_COA.svg/500px-CHE_Jongny_COA.svg.png"
5886,50,0,0,"Montreux VD","Die Resultate dieser Gemeinde sind noch nicht bekannt.","https://thumb.wikimedia.org/wikipedia/commons/thumb/7/77/CHE_Montreux_COA.svg/500px-CHE_Montreux_COA.svg.png"
5889,23.4,23.4,76.6,"La Tour-de-Peilz VD","76,6 Prozent der Stimmbürgerinnen und Stimmbürger von La Tour-de-Peilz haben die Neutralitätsinitiative abgelehnt.","https://thumb.wikimedia.org/wikipedia/commons/thumb/0/05/CHE_La_Tour-de-Peilz_COA.svg/500px-CHE_La_Tour-de-Peilz_COA.svg.png"
5890,50,0,0,"Vevey VD","Die Resultate dieser Gemeinde sind noch nicht bekannt.","https://thumb.wikimedia.org/wikipedia/commons/thumb/5/59/CHE_Vevey_COA.svg/500px-CHE_Vevey_COA.svg.png"
5891,32.6,32.6,67.4,"Veytaux VD","67,4 Prozent der Stimmbürgerinnen und Stimmbürger von Veytaux haben die Neutralitätsinitiative abgelehnt.","https://thumb.wikimedia.org/wikipedia/commons/thumb/6/62/CHE_Veytaux_COA.svg/500px-CHE_Veytaux_COA.svg.png"
5892,22.6,22.6,77.4,"Blonay-Saint-Légier VD","In Blonay-Saint-Légier ist die Neutralitätsinitiative mit 77,4 Prozent der Stimmen gescheitert.","https://thumb.wikimedia.org/wikipedia/commons/thumb/b/b4/CHE_Blonay-Saint-L%C3%A9gier_COA.svg/500px-CHE_Blonay-Saint-L%C3%A9gier_COA.svg.png"
5902,41.7,41.7,58.3,"Belmont-sur-Yverdon VD","In Belmont-sur-Yverdon ist die Neutralitätsinitiative mit 58,3 Prozent der Stimmen gescheitert.","https://thumb.wikimedia.org/wikipedia/commons/thumb/8/88/CHE_Belmont-sur-Yverdon_COA.svg/500px-CHE_Belmont-sur-Yverdon_COA.svg.png"
5903,39.5,39.5,60.5,"Bioley-Magnoux VD","Mit 60,5 Prozent wird die Neutralitätsinitiative in Bioley-Magnoux verworfen.","https://thumb.wikimedia.org/wikipedia/commons/thumb/e/e8/CHE_Bioley-Magnoux_COA.svg/500px-CHE_Bioley-Magnoux_COA.svg.png"
5904,25.2,25.2,74.8,"Chamblon VD","74,8 Prozent der Stimmbürgerinnen und Stimmbürger von Chamblon haben die Neutralitätsinitiative abgelehnt.","https://thumb.wikimedia.org/wikipedia/commons/thumb/5/54/CHE_Chamblon_COA.svg/500px-CHE_Chamblon_COA.svg.png"
5905,28,28,72,"Champvent VD","72 Prozent der Stimmbürgerinnen und Stimmbürger von Champvent sprechen sich gegen die Neutralitätsinitiative aus.","https://thumb.wikimedia.org/wikipedia/commons/thumb/c/ca/CHE_Champvent_COA.svg/500px-CHE_Champvent_COA.svg.png"
5907,35.5,35.5,64.5,"Chavannes-le-Chêne VD","64,5 Prozent der Stimmbürgerinnen und Stimmbürger von Chavannes-le-Chêne haben die Neutralitätsinitiative abgelehnt.","https://thumb.wikimedia.org/wikipedia/commons/thumb/5/53/CHE_Chavannes-le-Ch%C3%AAne_COA.svg/500px-CHE_Chavannes-le-Ch%C3%AAne_COA.svg.png"
5908,27.7,27.7,72.3,"Chêne-Pâquier VD","Mit 47 Nein- zu 18 Ja-Stimmen lehnt Chêne-Pâquier die Neutralitätsinitiative ab.","https://thumb.wikimedia.org/wikipedia/commons/thumb/e/e3/CHE_Ch%C3%AAne-P%C3%A2quier_COA.svg/500px-CHE_Ch%C3%AAne-P%C3%A2quier_COA.svg.png"
5909,21.3,21.3,78.7,"Cheseaux-Noréaz VD","In Cheseaux-Noréaz ist die Neutralitätsinitiative mit 78,7 Prozent der Stimmen gescheitert.","https://thumb.wikimedia.org/wikipedia/commons/thumb/5/54/CHE_Cheseaux-Nor%C3%A9az_COA.svg/500px-CHE_Cheseaux-Nor%C3%A9az_COA.svg.png"
5910,28.9,28.9,71.1,"Cronay VD","Mit 71,1 Prozent wird die Neutralitätsinitiative in Cronay verworfen.","https://thumb.wikimedia.org/wikipedia/commons/thumb/c/ce/CHE_Cronay_COA.svg/500px-CHE_Cronay_COA.svg.png"
5911,42.2,42.2,57.8,"Cuarny VD","In Cuarny ist die Neutralitätsinitiative mit 57,8 Prozent der Stimmen gescheitert.","https://thumb.wikimedia.org/wikipedia/commons/thumb/0/05/CHE_Cuarny_COA.svg/500px-CHE_Cuarny_COA.svg.png"
5912,32.5,32.5,67.5,"Démoret VD","Mit 52 Nein- zu 25 Ja-Stimmen lehnt Démoret die Neutralitätsinitiative ab.","https://thumb.wikimedia.org/wikipedia/commons/thumb/e/e6/CHE_D%C3%A9moret_COA.svg/500px-CHE_D%C3%A9moret_COA.svg.png"
5913,28.2,28.2,71.8,"Donneloye VD","In Donneloye ist die Neutralitätsinitiative mit 71,8 Prozent der Stimmen gescheitert.","https://thumb.wikimedia.org/wikipedia/commons/thumb/2/2c/CHE_Donneloye_COA.svg/500px-CHE_Donneloye_COA.svg.png"
5914,31.7,31.7,68.3,"Ependes VD","In Ependes VD ist die Neutralitätsinitiative mit 68,3 Prozent der Stimmen gescheitert.","https://thumb.wikimedia.org/wikipedia/commons/thumb/7/7d/CHE_Ependes_COA.svg/500px-CHE_Ependes_COA.svg.png"
5919,30.9,30.9,69.1,"Mathod VD","In Mathod ist die Neutralitätsinitiative mit 69,1 Prozent der Stimmen gescheitert.","https://thumb.wikimedia.org/wikipedia/commons/thumb/8/8d/CHE_Mathod_COA.svg/500px-CHE_Mathod_COA.svg.png"
5921,40.2,40.2,59.8,"Molondin VD","Mit 59,8 Prozent wird die Neutralitätsinitiative in Molondin verworfen.","https://thumb.wikimedia.org/wikipedia/commons/thumb/e/e7/CHE_Molondin_COA.svg/500px-CHE_Molondin_COA.svg.png"
5922,26.9,26.9,73.1,"Montagny-près-Yverdon VD","In Montagny-près-Yverdon ist die Neutralitätsinitiative mit 73,1 Prozent der Stimmen gescheitert.","https://thumb.wikimedia.org/wikipedia/commons/thumb/6/63/CHE_Montagny-pr%C3%A8s-Yverdon_COA.svg/500px-CHE_Montagny-pr%C3%A8s-Yverdon_COA.svg.png"
5923,38.2,38.2,61.8,"Oppens VD","Oppens verwirft die Neutralitätsinitiative mit 47 zu 29 Stimmen.","https://thumb.wikimedia.org/wikipedia/commons/thumb/9/9a/CHE_Oppens_COA.svg/500px-CHE_Oppens_COA.svg.png"
5924,29.3,29.3,70.7,"Orges VD","In Orges ist die Neutralitätsinitiative mit 70,7 Prozent der Stimmen gescheitert.","https://thumb.wikimedia.org/wikipedia/commons/thumb/7/75/CHE_Orges_COA.svg/500px-CHE_Orges_COA.svg.png"
5925,41.6,41.6,58.4,"Orzens VD","Mit 58,4 Prozent wird die Neutralitätsinitiative in Orzens verworfen.","https://thumb.wikimedia.org/wikipedia/commons/thumb/a/a2/CHE_Orzens_COA.svg/500px-CHE_Orzens_COA.svg.png"
5926,32.7,32.7,67.3,"Pomy VD","In Pomy ist die Neutralitätsinitiative mit 67,3 Prozent der Stimmen gescheitert.","https://thumb.wikimedia.org/wikipedia/commons/thumb/7/79/CHE_Pomy_COA.svg/500px-CHE_Pomy_COA.svg.png"
5928,53,53,47,"Rovray VD","Die Neutralitätsinitiative erreicht in Rovray 53 Prozent Ja-Stimmen.","https://thumb.wikimedia.org/wikipedia/commons/thumb/3/30/CHE_Rovray_COA.svg/500px-CHE_Rovray_COA.svg.png"
5929,32,32,68,"Suchy VD","68 Prozent der Stimmbürgerinnen und Stimmbürger von Suchy haben die Neutralitätsinitiative abgelehnt.","https://thumb.wikimedia.org/wikipedia/commons/thumb/e/ea/CHE_Suchy_COA.svg/500px-CHE_Suchy_COA.svg.png"
5930,23.9,23.9,76.1,"Suscévaz VD","In Suscévaz ist die Neutralitätsinitiative mit 76,1 Prozent der Stimmen gescheitert.","https://thumb.wikimedia.org/wikipedia/commons/thumb/0/0e/CHE_Susc%C3%A9vaz_COA.svg/500px-CHE_Susc%C3%A9vaz_COA.svg.png"
5931,38.7,38.7,61.3,"Treycovagnes VD","In Treycovagnes ist die Neutralitätsinitiative mit 61,3 Prozent der Stimmen gescheitert.","https://thumb.wikimedia.org/wikipedia/commons/thumb/7/72/CHE_Treycovagnes_COA.svg/500px-CHE_Treycovagnes_COA.svg.png"
5932,17.3,17.3,82.7,"Ursins VD","Mit 81 Nein- zu 17 Ja-Stimmen lehnt Ursins die Neutralitätsinitiative ab.","https://thumb.wikimedia.org/wikipedia/commons/thumb/5/50/CHE_Ursins_COA.svg/500px-CHE_Ursins_COA.svg.png"
5933,28.2,28.2,71.8,"Valeyres-sous-Montagny VD","In Valeyres-sous-Montagny ist die Neutralitätsinitiative mit 71,8 Prozent der Stimmen gescheitert.","https://thumb.wikimedia.org/wikipedia/commons/thumb/0/00/CHE_Valeyres-sous-Montagny_COA.svg/500px-CHE_Valeyres-sous-Montagny_COA.svg.png"
5934,35.1,35.1,64.9,"Valeyres-sous-Ursins VD","64,9 Prozent der Stimmbürgerinnen und Stimmbürger von Valeyres-sous-Ursins haben die Neutralitätsinitiative abgelehnt.","https://thumb.wikimedia.org/wikipedia/commons/thumb/6/62/CHE_Valeyres-sous-Ursins_COA.svg/500px-CHE_Valeyres-sous-Ursins_COA.svg.png"
5935,42.6,42.6,57.4,"Villars-Epeney VD","Mit 27 Nein- zu 20 Ja-Stimmen lehnt Villars-Epeney die Neutralitätsinitiative ab.","https://thumb.wikimedia.org/wikipedia/commons/thumb/e/e5/CHE_Villars-Epeney_COA.svg/500px-CHE_Villars-Epeney_COA.svg.png"
5937,50.9,50.9,49.1,"Vugelles-La Mothe VD","Die Neutralitätsinitiative wird in Vugelles-La Mothe mit 27 zu 26 Stimmen angenommen.","https://thumb.wikimedia.org/wikipedia/commons/thumb/3/38/CHE_Vugelles-La_Mothe_COA.svg/500px-CHE_Vugelles-La_Mothe_COA.svg.png"
5938,50,0,0,"Yverdon-les-Bains VD","Die Resultate dieser Gemeinde sind noch nicht bekannt.","https://thumb.wikimedia.org/wikipedia/commons/thumb/9/9c/CHE_Yverdon-les-Bains_VD_COA.svg/500px-CHE_Yverdon-les-Bains_VD_COA.svg.png"
5939,30.1,30.1,69.9,"Yvonand VD","69,9 Prozent der Stimmbürgerinnen und Stimmbürger von Yvonand sprechen sich gegen die Neutralitätsinitiative aus.","https://thumb.wikimedia.org/wikipedia/commons/thumb/5/55/CHE_Yvonand_COA.svg/500px-CHE_Yvonand_COA.svg.png"
6002,28.9,28.9,71.1,"Brig-Glis VS","Nein zur Neutralitätsinitiative in Brig-Glis: 71,1 Prozent.","https://thumb.wikimedia.org/wikipedia/commons/thumb/e/ec/CHE_Brig-Glis_COA.svg/500px-CHE_Brig-Glis_COA.svg.png"
6004,36.4,36.4,63.6,"Eggerberg VS","In Eggerberg ist die Neutralitätsinitiative mit 63,6 Prozent der Stimmen gescheitert.","https://thumb.wikimedia.org/wikipedia/commons/thumb/0/08/CHE_Eggerberg_COA.svg/500px-CHE_Eggerberg_COA.svg.png"
6007,31,31,69,"Naters VS","In Naters ist die Neutralitätsinitiative mit 69 Prozent der Stimmen gescheitert.","https://thumb.wikimedia.org/wikipedia/commons/thumb/c/c8/CHE_Naters_COA.svg/500px-CHE_Naters_COA.svg.png"
6008,30,30,70,"Ried-Brig VS","In Ried-Brig ist die Neutralitätsinitiative mit 70 Prozent der Stimmen gescheitert.","https://thumb.wikimedia.org/wikipedia/commons/thumb/0/03/CHE_Ried-Brig_COA.svg/500px-CHE_Ried-Brig_COA.svg.png"
6009,50,0,0,"Simplon VS","Die Resultate dieser Gemeinde sind noch nicht bekannt.","https://thumb.wikimedia.org/wikipedia/commons/thumb/a/a7/CHE_Simplon_COA.svg/500px-CHE_Simplon_COA.svg.png"
6010,24.9,24.9,75.1,"Termen VS","75,1 Prozent der Stimmbürgerinnen und Stimmbürger von Termen haben die Neutralitätsinitiative abgelehnt.","https://thumb.wikimedia.org/wikipedia/commons/thumb/c/c4/CHE_Termen_COA.svg/500px-CHE_Termen_COA.svg.png"
6011,92,92,8,"Zwischbergen VS","Die Neutralitätsinitiative wird in Zwischbergen mit 23 zu 2 Stimmen angenommen.","https://thumb.wikimedia.org/wikipedia/commons/thumb/4/43/CHE_Zwischbergen_COA.svg/500px-CHE_Zwischbergen_COA.svg.png"
6021,34.2,34.2,65.8,"Ardon VS","65,8 Prozent der Stimmbürgerinnen und Stimmbürger von Ardon haben die Neutralitätsinitiative abgelehnt.","https://thumb.wikimedia.org/wikipedia/commons/thumb/a/ad/CHE_Ardon_COA.svg/500px-CHE_Ardon_COA.svg.png"
6022,36.3,36.3,63.7,"Chamoson VS","Nein zur Neutralitätsinitiative in Chamoson: 63,7 Prozent.","https://thumb.wikimedia.org/wikipedia/commons/thumb/c/c4/CHE_Chamoson_COA.svg/500px-CHE_Chamoson_COA.svg.png"
6023,35.2,35.2,64.8,"Conthey VS","In Conthey ist die Neutralitätsinitiative mit 64,8 Prozent der Stimmen gescheitert.","https://thumb.wikimedia.org/wikipedia/commons/thumb/3/31/CHE_Conthey_COA.svg/500px-CHE_Conthey_COA.svg.png"
6024,32.5,32.5,67.5,"Nendaz VS","Mit 67,5 Prozent wird die Neutralitätsinitiative in Nendaz verworfen.","https://thumb.wikimedia.org/wikipedia/commons/thumb/f/f1/CHE_Nendaz_COA.svg/500px-CHE_Nendaz_COA.svg.png"
6025,33.8,33.8,66.2,"Vétroz VS","Nein zur Neutralitätsinitiative in Vétroz: 66,2 Prozent.","https://thumb.wikimedia.org/wikipedia/commons/thumb/b/b4/CHE_V%C3%A9troz_COA.svg/500px-CHE_V%C3%A9troz_COA.svg.png"
6032,52,52,48,"Bourg-Saint-Pierre VS","Bourg-Saint-Pierre stimmt der Neutralitätsinitiative mit 52 Prozent zu.","https://thumb.wikimedia.org/wikipedia/commons/thumb/2/23/CHE_Bourg-Saint-Pierre_COA.svg/500px-CHE_Bourg-Saint-Pierre_COA.svg.png"
6033,29.6,29.6,70.4,"Liddes VS","70,4 Prozent der Stimmbürgerinnen und Stimmbürger von Liddes haben die Neutralitätsinitiative abgelehnt.","https://thumb.wikimedia.org/wikipedia/commons/thumb/c/c4/CHE_Liddes_COA.svg/500px-CHE_Liddes_COA.svg.png"
6034,33.3,33.3,66.7,"Orsières VS","Nein zur Neutralitätsinitiative in Orsières: 66,7 Prozent.","https://thumb.wikimedia.org/wikipedia/commons/thumb/1/1b/CHE_Orsi%C3%A8res_COA.svg/500px-CHE_Orsi%C3%A8res_COA.svg.png"
6035,34.2,34.2,65.8,"Sembrancher VS","Mit 65,8 Prozent wird die Neutralitätsinitiative in Sembrancher verworfen.","https://thumb.wikimedia.org/wikipedia/commons/thumb/a/a9/CHE_Sembrancher_COA.svg/500px-CHE_Sembrancher_COA.svg.png"
6037,27.1,27.1,72.9,"Val de Bagnes VS","In Val de Bagnes ist die Neutralitätsinitiative mit 72,9 Prozent der Stimmen gescheitert.","https://thumb.wikimedia.org/wikipedia/commons/thumb/5/5d/CHE_Val_de_Bagnes_COA.svg/500px-CHE_Val_de_Bagnes_COA.svg.png"
6052,31.1,31.1,68.9,"Bellwald VS","In Bellwald ist die Neutralitätsinitiative mit 68,9 Prozent der Stimmen gescheitert.","https://thumb.wikimedia.org/wikipedia/commons/thumb/1/1c/CHE_Bellwald_COA.svg/500px-CHE_Bellwald_COA.svg.png"
6054,32.7,32.7,67.3,"Binn VS","Binn verwirft die Neutralitätsinitiative mit 37 zu 18 Stimmen.","https://thumb.wikimedia.org/wikipedia/commons/thumb/8/8e/CHE_Binn_COA.svg/500px-CHE_Binn_COA.svg.png"
6056,36,36,64,"Ernen VS","Mit 64 Prozent wird die Neutralitätsinitiative in Ernen verworfen.","https://thumb.wikimedia.org/wikipedia/commons/thumb/9/90/CHE_Ernen_COA_alt.svg/500px-CHE_Ernen_COA_alt.svg.png"
6057,31.1,31.1,68.9,"Fiesch VS","Mit 68,9 Prozent wird die Neutralitätsinitiative in Fiesch verworfen.","https://thumb.wikimedia.org/wikipedia/commons/thumb/3/39/CHE_Fiesch_COA.svg/500px-CHE_Fiesch_COA.svg.png"
6058,32.8,32.8,67.2,"Fieschertal VS","In Fieschertal ist die Neutralitätsinitiative mit 67,2 Prozent der Stimmen gescheitert.","https://thumb.wikimedia.org/wikipedia/commons/thumb/c/c1/CHE_Fieschertal_COA.svg/500px-CHE_Fieschertal_COA.svg.png"
6061,20.2,20.2,79.8,"Lax VS","In Lax ist die Neutralitätsinitiative mit 79,8 Prozent der Stimmen gescheitert.","https://thumb.wikimedia.org/wikipedia/commons/thumb/0/03/CHE_Lax_COA.svg/500px-CHE_Lax_COA.svg.png"
6076,35.9,35.9,64.1,"Obergoms VS","64,1 Prozent der Stimmbürgerinnen und Stimmbürger von Obergoms haben die Neutralitätsinitiative abgelehnt.","https://thumb.wikimedia.org/wikipedia/commons/thumb/e/e2/CHE_Obergoms_COA.svg/500px-CHE_Obergoms_COA.svg.png"
6077,25.7,25.7,74.3,"Goms VS","In Goms ist die Neutralitätsinitiative mit 74,3 Prozent der Stimmen gescheitert.","https://thumb.wikimedia.org/wikipedia/commons/thumb/a/aa/CHE_Goms_COA.svg/500px-CHE_Goms_COA.svg.png"
6082,26.6,26.6,73.4,"Ayent VS","73,4 Prozent der Stimmbürgerinnen und Stimmbürger von Ayent haben die Neutralitätsinitiative abgelehnt.","https://thumb.wikimedia.org/wikipedia/commons/thumb/1/16/CHE_Ayent_COA.svg/500px-CHE_Ayent_COA.svg.png"
6083,42.4,42.4,57.6,"Evolène VS","57,6 Prozent der Stimmbürgerinnen und Stimmbürger von Evolène sprechen sich gegen die Neutralitätsinitiative aus.","https://thumb.wikimedia.org/wikipedia/commons/thumb/5/5c/CHE_Evol%C3%A8ne_COA.svg/500px-CHE_Evol%C3%A8ne_COA.svg.png"
6084,39.8,39.8,60.2,"Hérémence VS","In Hérémence ist die Neutralitätsinitiative mit 60,2 Prozent der Stimmen gescheitert.","https://thumb.wikimedia.org/wikipedia/commons/thumb/6/61/H%C3%A9r%C3%A9mence-blazon.svg/250px-H%C3%A9r%C3%A9mence-blazon.svg.png"
6087,29.9,29.9,70.1,"Saint-Martin VS","In Saint-Martin VS ist die Neutralitätsinitiative mit 70,1 Prozent der Stimmen gescheitert.","https://thumb.wikimedia.org/wikipedia/commons/thumb/4/4a/CHE_Saint-Martin_COA.svg/500px-CHE_Saint-Martin_COA.svg.png"
6089,36.4,36.4,63.6,"Vex VS","In Vex ist die Neutralitätsinitiative mit 63,6 Prozent der Stimmen gescheitert.","https://thumb.wikimedia.org/wikipedia/commons/thumb/c/ca/Vex-blazon.svg/250px-Vex-blazon.svg.png"
6090,30.6,30.6,69.4,"Mont-Noble VS","69,4 Prozent der Stimmbürgerinnen und Stimmbürger von Mont-Noble haben die Neutralitätsinitiative abgelehnt.","https://thumb.wikimedia.org/wikipedia/commons/thumb/d/d4/CHE_Mont-Noble_COA.svg/500px-CHE_Mont-Noble_COA.svg.png"
6101,43.6,43.6,56.4,"Agarn VS","In Agarn ist die Neutralitätsinitiative mit 56,4 Prozent der Stimmen gescheitert.","https://thumb.wikimedia.org/wikipedia/commons/thumb/2/24/CHE_Agarn_COA.svg/500px-CHE_Agarn_COA.svg.png"
6102,33,33,67,"Albinen VS","In Albinen ist die Neutralitätsinitiative mit 67 Prozent der Stimmen gescheitert.","https://thumb.wikimedia.org/wikipedia/commons/thumb/7/74/CHE_Albinen_COA_alt.svg/500px-CHE_Albinen_COA_alt.svg.png"
6104,48.6,48.6,51.4,"Ergisch VS","In Ergisch ist die Neutralitätsinitiative mit 51,4 Prozent der Stimmen gescheitert.","https://thumb.wikimedia.org/wikipedia/commons/thumb/e/e2/CHE_Ergisch_COA.svg/500px-CHE_Ergisch_COA.svg.png"
6109,27.5,27.5,72.5,"Inden VS","Inden verwirft die Neutralitätsinitiative mit 29 zu 11 Stimmen.","https://thumb.wikimedia.org/wikipedia/commons/thumb/f/fb/CHE_Inden_COA.svg/500px-CHE_Inden_COA.svg.png"
6110,33,33,67,"Leuk VS","67 Prozent der Stimmbürgerinnen und Stimmbürger von Leuk sprechen sich gegen die Neutralitätsinitiative aus.","https://thumb.wikimedia.org/wikipedia/commons/thumb/d/d3/CHE_Leuk_COA.svg/500px-CHE_Leuk_COA.svg.png"
6111,35.7,35.7,64.3,"Leukerbad VS","64,3 Prozent der Stimmbürgerinnen und Stimmbürger von Leukerbad sprechen sich gegen die Neutralitätsinitiative aus.","https://thumb.wikimedia.org/wikipedia/commons/thumb/8/86/CHE_Leukerbad_COA.svg/500px-CHE_Leukerbad_COA.svg.png"
6112,39.3,39.3,60.7,"Oberems VS","Oberems verwirft die Neutralitätsinitiative mit 34 zu 22 Stimmen.","https://thumb.wikimedia.org/wikipedia/commons/thumb/f/f1/CHE_Oberems_COA.svg/500px-CHE_Oberems_COA.svg.png"
6113,37.9,37.9,62.1,"Salgesch VS","In Salgesch ist die Neutralitätsinitiative mit 62,1 Prozent der Stimmen gescheitert.","https://thumb.wikimedia.org/wikipedia/commons/thumb/4/42/CHE_Salgesch_COA.svg/500px-CHE_Salgesch_COA.svg.png"
6116,50,0,0,"Varen VS","Die Resultate dieser Gemeinde sind noch nicht bekannt.","https://thumb.wikimedia.org/wikipedia/commons/thumb/3/3d/CHE_Varen_COA.svg/500px-CHE_Varen_COA.svg.png"
6117,42.4,42.4,57.6,"Guttet-Feschel VS","57,6 Prozent der Stimmbürgerinnen und Stimmbürger von Guttet-Feschel haben die Neutralitätsinitiative abgelehnt.","https://thumb.wikimedia.org/wikipedia/commons/thumb/4/4f/GuttetFeschel-blazon.svg/250px-GuttetFeschel-blazon.svg.png"
6118,36.6,36.6,63.4,"Gampel-Bratsch VS","In Gampel-Bratsch ist die Neutralitätsinitiative mit 63,4 Prozent der Stimmen gescheitert.","https://thumb.wikimedia.org/wikipedia/commons/thumb/3/39/CHE_Gampel-Bratsch_COA.svg/500px-CHE_Gampel-Bratsch_COA.svg.png"
6119,38.2,38.2,61.8,"Turtmann-Unterems VS","In Turtmann-Unterems ist die Neutralitätsinitiative mit 61,8 Prozent der Stimmen gescheitert.","https://thumb.wikimedia.org/wikipedia/commons/thumb/a/a3/Wappen_Wallis_matt.svg/500px-Wappen_Wallis_matt.svg.png"
6131,32.2,32.2,67.8,"Bovernier VS","Nein zur Neutralitätsinitiative in Bovernier: 67,8 Prozent.","https://thumb.wikimedia.org/wikipedia/commons/thumb/0/0a/CHE_Bovernier_COA.svg/500px-CHE_Bovernier_COA.svg.png"
6133,33.2,33.2,66.8,"Fully VS","In Fully ist die Neutralitätsinitiative mit 66,8 Prozent der Stimmen gescheitert.","https://thumb.wikimedia.org/wikipedia/commons/thumb/8/8d/CHE_Fully_COA.svg/500px-CHE_Fully_COA.svg.png"
6134,44.7,44.7,55.3,"Isérables VS","55,3 Prozent der Stimmbürgerinnen und Stimmbürger von Isérables sprechen sich gegen die Neutralitätsinitiative aus.","https://thumb.wikimedia.org/wikipedia/commons/thumb/1/12/CHE_Is%C3%A9rables_COA.svg/500px-CHE_Is%C3%A9rables_COA.svg.png"
6135,39.7,39.7,60.3,"Leytron VS","60,3 Prozent der Stimmbürgerinnen und Stimmbürger von Leytron sprechen sich gegen die Neutralitätsinitiative aus.","https://thumb.wikimedia.org/wikipedia/commons/thumb/c/ca/CHE_Leytron_COA.svg/500px-CHE_Leytron_COA.svg.png"
6136,50,0,0,"Martigny VS","Die Resultate dieser Gemeinde sind noch nicht bekannt.","https://thumb.wikimedia.org/wikipedia/commons/thumb/f/f1/CHE_Martigny_COA.svg/500px-CHE_Martigny_COA.svg.png"
6137,29.6,29.6,70.4,"Martigny-Combe VS","70,4 Prozent der Stimmbürgerinnen und Stimmbürger von Martigny-Combe haben die Neutralitätsinitiative abgelehnt.","https://thumb.wikimedia.org/wikipedia/commons/thumb/9/91/CHE_Martigny-Combe_COA.svg/500px-CHE_Martigny-Combe_COA.svg.png"
6139,37,37,63,"Riddes VS","In Riddes ist die Neutralitätsinitiative mit 63 Prozent der Stimmen gescheitert.","https://thumb.wikimedia.org/wikipedia/commons/thumb/9/9f/CHE_Riddes_COA.svg/500px-CHE_Riddes_COA.svg.png"
6140,36.7,36.7,63.3,"Saillon VS","63,3 Prozent der Stimmbürgerinnen und Stimmbürger von Saillon sprechen sich gegen die Neutralitätsinitiative aus.","https://thumb.wikimedia.org/wikipedia/commons/thumb/9/90/CHE_Saillon_COA.svg/500px-CHE_Saillon_COA.svg.png"
6141,46.5,46.5,53.5,"Saxon VS","53,5 Prozent der Stimmbürgerinnen und Stimmbürger von Saxon haben die Neutralitätsinitiative abgelehnt.","https://thumb.wikimedia.org/wikipedia/commons/thumb/6/62/CHE_Saxon_COA.svg/500px-CHE_Saxon_COA.svg.png"
6142,37.7,37.7,62.3,"Trient VS","Mit 43 Nein- zu 26 Ja-Stimmen lehnt Trient die Neutralitätsinitiative ab.","https://thumb.wikimedia.org/wikipedia/commons/thumb/9/96/CHE_Trient_COA.svg/500px-CHE_Trient_COA.svg.png"
6151,32.7,32.7,67.3,"Champéry VS","67,3 Prozent der Stimmbürgerinnen und Stimmbürger von Champéry haben die Neutralitätsinitiative abgelehnt.","https://thumb.wikimedia.org/wikipedia/commons/thumb/6/69/CHE_Champ%C3%A9ry_COA.svg/500px-CHE_Champ%C3%A9ry_COA.svg.png"
6152,33.7,33.7,66.3,"Collombey-Muraz VS","66,3 Prozent der Stimmbürgerinnen und Stimmbürger von Collombey-Muraz sprechen sich gegen die Neutralitätsinitiative aus.","https://thumb.wikimedia.org/wikipedia/commons/thumb/a/aa/CHE_Collombey-Muraz_COA.svg/500px-CHE_Collombey-Muraz_COA.svg.png"
6153,50,0,0,"Monthey VS","Die Resultate dieser Gemeinde sind noch nicht bekannt.","https://thumb.wikimedia.org/wikipedia/commons/thumb/0/04/CHE_Monthey_COA.svg/500px-CHE_Monthey_COA.svg.png"
6154,34.9,34.9,65.1,"Port-Valais VS","65,1 Prozent der Stimmbürgerinnen und Stimmbürger von Port-Valais haben die Neutralitätsinitiative abgelehnt.","https://thumb.wikimedia.org/wikipedia/commons/thumb/9/93/Port-Valais_Coat_of_Arms.svg/330px-Port-Valais_Coat_of_Arms.svg.png"
6155,37.4,37.4,62.6,"Saint-Gingolph VS","Mit 62,6 Prozent wird die Neutralitätsinitiative in Saint-Gingolph verworfen.","https://thumb.wikimedia.org/wikipedia/commons/thumb/d/dc/CHE_Saint-Gingolph_COA.svg/500px-CHE_Saint-Gingolph_COA.svg.png"
6156,38.5,38.5,61.5,"Troistorrents VS","61,5 Prozent der Stimmbürgerinnen und Stimmbürger von Troistorrents haben die Neutralitätsinitiative abgelehnt.","https://thumb.wikimedia.org/wikipedia/commons/thumb/2/22/CHE_Troistorrents_COA.svg/500px-CHE_Troistorrents_COA.svg.png"
6157,45,45,55,"Val-d'Illiez VS","55 Prozent der Stimmbürgerinnen und Stimmbürger von Val-d'Illiez haben die Neutralitätsinitiative abgelehnt.","https://thumb.wikimedia.org/wikipedia/commons/thumb/a/ae/CHE_Val-d%27Illiez_COA.svg/500px-CHE_Val-d%27Illiez_COA.svg.png"
6158,34.4,34.4,65.6,"Vionnaz VS","65,6 Prozent der Stimmbürgerinnen und Stimmbürger von Vionnaz haben die Neutralitätsinitiative abgelehnt.","https://thumb.wikimedia.org/wikipedia/commons/thumb/5/58/CHE_Vionnaz_COA.svg/500px-CHE_Vionnaz_COA.svg.png"
6159,31.7,31.7,68.3,"Vouvry VS","68,3 Prozent der Stimmbürgerinnen und Stimmbürger von Vouvry haben die Neutralitätsinitiative abgelehnt.","https://thumb.wikimedia.org/wikipedia/commons/thumb/1/18/CHE_Vouvry_COA.svg/500px-CHE_Vouvry_COA.svg.png"
6172,16.7,16.7,83.3,"Bister VS","Bister verwirft die Neutralitätsinitiative mit 10 zu 2 Stimmen.","https://thumb.wikimedia.org/wikipedia/commons/thumb/6/60/CHE_Bister_COA.svg/500px-CHE_Bister_COA.svg.png"
6173,40,40,60,"Bitsch VS","60 Prozent der Stimmbürgerinnen und Stimmbürger von Bitsch haben die Neutralitätsinitiative abgelehnt.","https://thumb.wikimedia.org/wikipedia/commons/thumb/4/41/CHE_Bitsch_COA.svg/500px-CHE_Bitsch_COA.svg.png"
6177,36.7,36.7,63.3,"Grengiols VS","63,3 Prozent der Stimmbürgerinnen und Stimmbürger von Grengiols haben die Neutralitätsinitiative abgelehnt.","https://thumb.wikimedia.org/wikipedia/commons/thumb/6/68/CHE_Grengiols_COA.svg/500px-CHE_Grengiols_COA.svg.png"
6181,30.6,30.6,69.4,"Riederalp VS","In Riederalp ist die Neutralitätsinitiative mit 69,4 Prozent der Stimmen gescheitert.","https://thumb.wikimedia.org/wikipedia/commons/thumb/7/75/CHE_Riederalp_COA.svg/500px-CHE_Riederalp_COA.svg.png"
6191,34,34,66,"Ausserberg VS","Mit 66 Prozent wird die Neutralitätsinitiative in Ausserberg verworfen.","https://thumb.wikimedia.org/wikipedia/commons/thumb/a/ab/CHE_Ausserberg_COA.svg/500px-CHE_Ausserberg_COA.svg.png"
6192,32,32,68,"Blatten VS","In Blatten ist die Neutralitätsinitiative mit 68 Prozent der Stimmen gescheitert.","https://thumb.wikimedia.org/wikipedia/commons/thumb/0/0d/CHE_Blatten_COA.svg/500px-CHE_Blatten_COA.svg.png"
6193,26.6,26.6,73.4,"Bürchen VS","In Bürchen ist die Neutralitätsinitiative mit 73,4 Prozent der Stimmen gescheitert.","https://thumb.wikimedia.org/wikipedia/commons/thumb/5/50/CHE_B%C3%BCrchen_COA_alt.svg/500px-CHE_B%C3%BCrchen_COA_alt.svg.png"
6194,37,37,63,"Eischoll VS","Mit 63 Prozent wird die Neutralitätsinitiative in Eischoll verworfen.","https://thumb.wikimedia.org/wikipedia/commons/thumb/3/37/CHE_Eischoll_COA.svg/500px-CHE_Eischoll_COA.svg.png"
6195,20.6,20.6,79.4,"Ferden VS","79,4 Prozent der Stimmbürgerinnen und Stimmbürger von Ferden haben die Neutralitätsinitiative abgelehnt.","https://thumb.wikimedia.org/wikipedia/commons/thumb/8/83/CHE_Ferden_COA.svg/500px-CHE_Ferden_COA.svg.png"
6197,16.4,16.4,83.6,"Kippel VS","Mit 83,6 Prozent wird die Neutralitätsinitiative in Kippel verworfen.","https://thumb.wikimedia.org/wikipedia/commons/thumb/0/00/CHE_Kippel_COA.svg/500px-CHE_Kippel_COA.svg.png"
6198,31.6,31.6,68.4,"Niedergesteln VS","In Niedergesteln ist die Neutralitätsinitiative mit 68,4 Prozent der Stimmen gescheitert.","https://thumb.wikimedia.org/wikipedia/commons/thumb/e/ee/CHE_Niedergesteln_COA.svg/500px-CHE_Niedergesteln_COA.svg.png"
6199,32.4,32.4,67.6,"Raron VS","67,6 Prozent der Stimmbürgerinnen und Stimmbürger von Raron haben die Neutralitätsinitiative abgelehnt.","https://thumb.wikimedia.org/wikipedia/commons/thumb/c/c5/CHE_Raron_COA.svg/500px-CHE_Raron_COA.svg.png"
6201,26.8,26.8,73.2,"Unterbäch VS","In Unterbäch ist die Neutralitätsinitiative mit 73,2 Prozent der Stimmen gescheitert.","https://thumb.wikimedia.org/wikipedia/commons/thumb/1/1d/CHE_Unterb%C3%A4ch_COA_alt.svg/500px-CHE_Unterb%C3%A4ch_COA_alt.svg.png"
6202,30.7,30.7,69.3,"Wiler (Lötschen) VS","69,3 Prozent der Stimmbürgerinnen und Stimmbürger von Wiler (Lötschen) haben die Neutralitätsinitiative abgelehnt.","https://thumb.wikimedia.org/wikipedia/commons/thumb/d/da/CHE_Wiler_COA.svg/500px-CHE_Wiler_COA.svg.png"
6203,25.5,25.5,74.5,"Mörel-Filet VS","In Mörel-Filet ist die Neutralitätsinitiative mit 74,5 Prozent der Stimmen gescheitert.","https://thumb.wikimedia.org/wikipedia/commons/thumb/a/aa/CHE_Moerel-Filet_COA.svg/500px-CHE_Moerel-Filet_COA.svg.png"
6204,35.4,35.4,64.6,"Steg-Hohtenn VS","64,6 Prozent der Stimmbürgerinnen und Stimmbürger von Steg-Hohtenn sprechen sich gegen die Neutralitätsinitiative aus.","https://thumb.wikimedia.org/wikipedia/commons/thumb/e/e7/CHE_Steg-Hohtenn_COA.svg/500px-CHE_Steg-Hohtenn_COA.svg.png"
6205,26,26,74,"Bettmeralp VS","In Bettmeralp ist die Neutralitätsinitiative mit 74 Prozent der Stimmen gescheitert.","https://thumb.wikimedia.org/wikipedia/commons/thumb/1/17/CHE_Betten_COA.svg/500px-CHE_Betten_COA.svg.png"
6211,30.4,30.4,69.6,"Collonges VS","In Collonges ist die Neutralitätsinitiative mit 69,6 Prozent der Stimmen gescheitert.","https://thumb.wikimedia.org/wikipedia/commons/thumb/7/72/CHE_Collonges_COA.svg/500px-CHE_Collonges_COA.svg.png"
6212,41.2,41.2,58.8,"Dorénaz VS","Nein zur Neutralitätsinitiative in Dorénaz: 58,8 Prozent.","https://thumb.wikimedia.org/wikipedia/commons/thumb/9/94/Dor%C3%A9naz-blazon.svg/250px-Dor%C3%A9naz-blazon.svg.png"
6213,45.5,45.5,54.5,"Evionnaz VS","Mit 54,5 Prozent wird die Neutralitätsinitiative in Evionnaz verworfen.","https://thumb.wikimedia.org/wikipedia/commons/thumb/1/1b/CHE_Evionnaz_COA.svg/500px-CHE_Evionnaz_COA.svg.png"
6214,31.5,31.5,68.5,"Finhaut VS","In Finhaut ist die Neutralitätsinitiative mit 68,5 Prozent der Stimmen gescheitert.","https://thumb.wikimedia.org/wikipedia/commons/thumb/6/64/CHE_Finhaut_COA.svg/500px-CHE_Finhaut_COA.svg.png"
6215,34.2,34.2,65.8,"Massongex VS","65,8 Prozent der Stimmbürgerinnen und Stimmbürger von Massongex haben die Neutralitätsinitiative abgelehnt.","https://thumb.wikimedia.org/wikipedia/commons/thumb/9/9e/CHE_Massongex_COA.svg/500px-CHE_Massongex_COA.svg.png"
6217,31.3,31.3,68.7,"Saint-Maurice VS","Mit 68,7 Prozent wird die Neutralitätsinitiative in Saint-Maurice verworfen.","https://thumb.wikimedia.org/wikipedia/commons/thumb/6/62/CHE_St_Maurice_COA.svg/500px-CHE_St_Maurice_COA.svg.png"
6218,23.5,23.5,76.5,"Salvan VS","In Salvan ist die Neutralitätsinitiative mit 76,5 Prozent der Stimmen gescheitert.","https://thumb.wikimedia.org/wikipedia/commons/thumb/f/fd/Salvan-blazon.svg/250px-Salvan-blazon.svg.png"
6219,32.1,32.1,67.9,"Vernayaz VS","Mit 67,9 Prozent wird die Neutralitätsinitiative in Vernayaz verworfen.","https://thumb.wikimedia.org/wikipedia/commons/thumb/d/da/Vernayaz-blazon.svg/250px-Vernayaz-blazon.svg.png"
6220,35,35,65,"Vérossaz VS","Nein zur Neutralitätsinitiative in Vérossaz: 65 Prozent.","https://thumb.wikimedia.org/wikipedia/commons/thumb/9/9c/V%C3%A9rossaz-blazon.svg/250px-V%C3%A9rossaz-blazon.svg.png"
6232,31.7,31.7,68.3,"Chalais VS","In Chalais ist die Neutralitätsinitiative mit 68,3 Prozent der Stimmen gescheitert.","https://thumb.wikimedia.org/wikipedia/commons/thumb/1/15/CHE_Chalais_COA.svg/500px-CHE_Chalais_COA.svg.png"
6235,33.6,33.6,66.4,"Chippis VS","66,4 Prozent der Stimmbürgerinnen und Stimmbürger von Chippis haben die Neutralitätsinitiative abgelehnt.","https://thumb.wikimedia.org/wikipedia/commons/thumb/b/b8/CHE_Chippis_COA.svg/500px-CHE_Chippis_COA.svg.png"
6238,33.7,33.7,66.3,"Grône VS","66,3 Prozent der Stimmbürgerinnen und Stimmbürger von Grône haben die Neutralitätsinitiative abgelehnt.","https://thumb.wikimedia.org/wikipedia/commons/thumb/6/6c/CHE_Gr%C3%B4ne_COA.svg/500px-CHE_Gr%C3%B4ne_COA.svg.png"
6239,30.7,30.7,69.3,"Icogne VS","69,3 Prozent der Stimmbürgerinnen und Stimmbürger von Icogne sprechen sich gegen die Neutralitätsinitiative aus.","https://thumb.wikimedia.org/wikipedia/commons/thumb/f/f9/CHE_Icogne_COA.svg/500px-CHE_Icogne_COA.svg.png"
6240,34.4,34.4,65.6,"Lens VS","65,6 Prozent der Stimmbürgerinnen und Stimmbürger von Lens sprechen sich gegen die Neutralitätsinitiative aus.","https://thumb.wikimedia.org/wikipedia/commons/thumb/0/0a/CHE_Lens_COA.svg/500px-CHE_Lens_COA.svg.png"
6246,32.2,32.2,67.8,"Saint-Léonard VS","In Saint-Léonard ist die Neutralitätsinitiative mit 67,8 Prozent der Stimmen gescheitert.","https://thumb.wikimedia.org/wikipedia/commons/thumb/a/a0/CHE_Saint-L%C3%A9onard_COA.svg/500px-CHE_Saint-L%C3%A9onard_COA.svg.png"
6248,32.2,32.2,67.8,"Siders VS","Nein zur Neutralitätsinitiative in Siders: 67,8 Prozent.","https://thumb.wikimedia.org/wikipedia/commons/thumb/1/18/CHE_Sierre_COA.svg/500px-CHE_Sierre_COA.svg.png"
6252,27.2,27.2,72.8,"Anniviers VS","In Anniviers ist die Neutralitätsinitiative mit 72,8 Prozent der Stimmen gescheitert.","https://thumb.wikimedia.org/wikipedia/commons/thumb/7/71/CHE_Anniviers_COA.svg/500px-CHE_Anniviers_COA.svg.png"
6253,37.8,37.8,62.2,"Crans-Montana VS","Nein zur Neutralitätsinitiative in Crans-Montana: 62,2 Prozent.","https://thumb.wikimedia.org/wikipedia/commons/thumb/9/94/CHE_Crans-Montana_COA.svg/500px-CHE_Crans-Montana_COA.svg.png"
6254,30.2,30.2,69.8,"Noble-Contrée VS","In Noble-Contrée ist die Neutralitätsinitiative mit 69,8 Prozent der Stimmen gescheitert.","https://thumb.wikimedia.org/wikipedia/commons/thumb/9/98/CHE_Noble-Contr%C3%A9e_COA_alt.svg/500px-CHE_Noble-Contr%C3%A9e_COA_alt.svg.png"
6261,38.4,38.4,61.6,"Arbaz VS","Nein zur Neutralitätsinitiative in Arbaz: 61,6 Prozent.","https://thumb.wikimedia.org/wikipedia/commons/thumb/0/0a/CHE_Arbaz_COA.svg/500px-CHE_Arbaz_COA.svg.png"
6263,30.6,30.6,69.4,"Grimisuat VS","In Grimisuat ist die Neutralitätsinitiative mit 69,4 Prozent der Stimmen gescheitert.","https://thumb.wikimedia.org/wikipedia/commons/thumb/f/f2/Grimisuat-blazon.svg/250px-Grimisuat-blazon.svg.png"
6265,33.2,33.2,66.8,"Savièse VS","66,8 Prozent der Stimmbürgerinnen und Stimmbürger von Savièse haben die Neutralitätsinitiative abgelehnt.","https://thumb.wikimedia.org/wikipedia/commons/thumb/3/34/CHE_Savi%C3%A8se_COA.svg/500px-CHE_Savi%C3%A8se_COA.svg.png"
6266,50,0,0,"Sitten VS","Die Resultate dieser Gemeinde sind noch nicht bekannt.","https://thumb.wikimedia.org/wikipedia/commons/thumb/d/d7/CHE_Sion_COA.svg/500px-CHE_Sion_COA.svg.png"
6267,34.3,34.3,65.7,"Veysonnaz VS","Nein zur Neutralitätsinitiative in Veysonnaz: 65,7 Prozent.","https://thumb.wikimedia.org/wikipedia/commons/thumb/2/28/CHE_Veysonnaz_COA.svg/500px-CHE_Veysonnaz_COA.svg.png"
6281,27.7,27.7,72.3,"Baltschieder VS","72,3 Prozent der Stimmbürgerinnen und Stimmbürger von Baltschieder sprechen sich gegen die Neutralitätsinitiative aus.","https://thumb.wikimedia.org/wikipedia/commons/thumb/0/0d/CHE_Baltschieder_COA.svg/500px-CHE_Baltschieder_COA.svg.png"
6282,48.8,48.8,51.2,"Eisten VS","Eisten verwirft die Neutralitätsinitiative mit 42 zu 40 Stimmen.","https://thumb.wikimedia.org/wikipedia/commons/thumb/1/16/CHE_Eisten_COA.svg/500px-CHE_Eisten_COA.svg.png"
6283,33.8,33.8,66.2,"Embd VS","Mit 51 Nein- zu 26 Ja-Stimmen lehnt Embd die Neutralitätsinitiative ab.","https://thumb.wikimedia.org/wikipedia/commons/thumb/1/10/CHE_Embd_COA.svg/500px-CHE_Embd_COA.svg.png"
6285,40.6,40.6,59.4,"Grächen VS","Mit 59,4 Prozent wird die Neutralitätsinitiative in Grächen verworfen.","https://thumb.wikimedia.org/wikipedia/commons/thumb/c/cb/CHE_Graechen_COA.svg/500px-CHE_Graechen_COA.svg.png"
6286,30.6,30.6,69.4,"Lalden VS","Mit 69,4 Prozent wird die Neutralitätsinitiative in Lalden verworfen.","https://thumb.wikimedia.org/wikipedia/commons/thumb/9/90/CHE_Lalden_COA.svg/500px-CHE_Lalden_COA.svg.png"
6287,49.6,49.6,50.4,"Randa VS","In Randa ist die Neutralitätsinitiative mit 50,4 Prozent der Stimmen gescheitert.","https://thumb.wikimedia.org/wikipedia/commons/thumb/f/f8/CHE_Randa_COA.svg/500px-CHE_Randa_COA.svg.png"
6288,48.3,48.3,51.7,"Saas-Almagell VS","Nein zur Neutralitätsinitiative in Saas-Almagell: 51,7 Prozent.","https://thumb.wikimedia.org/wikipedia/commons/thumb/6/6e/CHE_Saas-Almagell_COA.svg/500px-CHE_Saas-Almagell_COA.svg.png"
6289,41.2,41.2,58.8,"Saas-Balen VS","In Saas-Balen ist die Neutralitätsinitiative mit 58,8 Prozent der Stimmen gescheitert.","https://thumb.wikimedia.org/wikipedia/commons/thumb/0/01/CHE_Saas-Balen_COA.svg/500px-CHE_Saas-Balen_COA.svg.png"
6290,21.6,21.6,78.4,"Saas-Fee VS","78,4 Prozent der Stimmbürgerinnen und Stimmbürger von Saas-Fee haben die Neutralitätsinitiative abgelehnt.","https://thumb.wikimedia.org/wikipedia/commons/thumb/9/90/CHE_Saas-Fee_COA.svg/500px-CHE_Saas-Fee_COA.svg.png"
6291,39.4,39.4,60.6,"Saas-Grund VS","60,6 Prozent der Stimmbürgerinnen und Stimmbürger von Saas-Grund haben die Neutralitätsinitiative abgelehnt.","https://thumb.wikimedia.org/wikipedia/commons/thumb/5/5d/CHE_Saas-Grund_COA.svg/500px-CHE_Saas-Grund_COA.svg.png"
6292,43.4,43.4,56.6,"St. Niklaus VS","Mit 56,6 Prozent wird die Neutralitätsinitiative in St. Niklaus verworfen.","https://thumb.wikimedia.org/wikipedia/commons/thumb/d/d2/CHE_St._Niklaus_COA.svg/500px-CHE_St._Niklaus_COA.svg.png"
6293,36.5,36.5,63.5,"Stalden VS","Mit 63,5 Prozent wird die Neutralitätsinitiative in Stalden VS verworfen.","https://thumb.wikimedia.org/wikipedia/commons/thumb/1/17/CHE_Stalden_COA.svg/500px-CHE_Stalden_COA.svg.png"
6294,34.2,34.2,65.8,"Staldenried VS","65,8 Prozent der Stimmbürgerinnen und Stimmbürger von Staldenried haben die Neutralitätsinitiative abgelehnt.","https://thumb.wikimedia.org/wikipedia/commons/thumb/9/9c/CHE_Staldenried_COA.svg/500px-CHE_Staldenried_COA.svg.png"
6295,41.8,41.8,58.2,"Täsch VS","Nein zur Neutralitätsinitiative in Täsch: 58,2 Prozent.","https://thumb.wikimedia.org/wikipedia/commons/thumb/3/31/CHE_T%C3%A4sch_VS_COA.svg/500px-CHE_T%C3%A4sch_VS_COA.svg.png"
6296,41.3,41.3,58.7,"Törbel VS","Nein zur Neutralitätsinitiative in Törbel: 58,7 Prozent.","https://thumb.wikimedia.org/wikipedia/commons/thumb/a/ab/CHE_T%C3%B6rbel_COA.svg/500px-CHE_T%C3%B6rbel_COA.svg.png"
6297,31.7,31.7,68.3,"Visp VS","In Visp ist die Neutralitätsinitiative mit 68,3 Prozent der Stimmen gescheitert.","https://thumb.wikimedia.org/wikipedia/commons/thumb/8/81/CHE_Visp_COA.svg/500px-CHE_Visp_COA.svg.png"
6298,18.8,18.8,81.2,"Visperterminen VS","Nein zur Neutralitätsinitiative in Visperterminen: 81,2 Prozent.","https://thumb.wikimedia.org/wikipedia/commons/thumb/e/e9/CHE_Visperterminen_COA.svg/500px-CHE_Visperterminen_COA.svg.png"
6299,29.9,29.9,70.1,"Zeneggen VS","In Zeneggen ist die Neutralitätsinitiative mit 70,1 Prozent der Stimmen gescheitert.","https://thumb.wikimedia.org/wikipedia/commons/thumb/f/f0/CHE_Zeneggen_COA.svg/500px-CHE_Zeneggen_COA.svg.png"
6300,32.3,32.3,67.7,"Zermatt VS","67,7 Prozent der Stimmbürgerinnen und Stimmbürger von Zermatt haben die Neutralitätsinitiative abgelehnt.","https://thumb.wikimedia.org/wikipedia/commons/thumb/5/50/CHE_Zermatt_COA.svg/500px-CHE_Zermatt_COA.svg.png"
6404,50,0,0,"Boudry NE","Die Resultate dieser Gemeinde sind noch nicht bekannt.","https://thumb.wikimedia.org/wikipedia/commons/thumb/8/86/CHE_Boudry_COA.svg/250px-CHE_Boudry_COA.svg.png"
6408,50,0,0,"Cortaillod NE","Die Resultate dieser Gemeinde sind noch nicht bekannt.","https://thumb.wikimedia.org/wikipedia/commons/thumb/5/5a/Cortaillod-blazon.svg/250px-Cortaillod-blazon.svg.png"
6413,50,0,0,"Rochefort NE","Die Resultate dieser Gemeinde sind noch nicht bekannt.","https://thumb.wikimedia.org/wikipedia/commons/thumb/c/ca/Rochefort-blazon.svg/250px-Rochefort-blazon.svg.png"
6416,50,0,0,"Milvignes NE","Die Resultate dieser Gemeinde sind noch nicht bekannt.","https://thumb.wikimedia.org/wikipedia/commons/thumb/c/c5/Milvignes-blazon.svg/250px-Milvignes-blazon.svg.png"
6417,50,0,0,"La Grande Béroche NE","Die Resultate dieser Gemeinde sind noch nicht bekannt.","https://thumb.wikimedia.org/wikipedia/commons/thumb/6/6e/LaGrandeB%C3%A9roche-blazon.svg/250px-LaGrandeB%C3%A9roche-blazon.svg.png"
6421,50,0,0,"La Chaux-de-Fonds NE","Die Resultate dieser Gemeinde sind noch nicht bekannt.","https://thumb.wikimedia.org/wikipedia/commons/thumb/b/b3/CHE_La_Chaux-de-Fonds_COA.svg/500px-CHE_La_Chaux-de-Fonds_COA.svg.png"
6422,50,0,0,"Les Planchettes NE","Die Resultate dieser Gemeinde sind noch nicht bekannt.","https://thumb.wikimedia.org/wikipedia/commons/thumb/6/65/CHE_Les_Planchettes_COA.svg/500px-CHE_Les_Planchettes_COA.svg.png"
6423,50,0,0,"La Sagne NE","Die Resultate dieser Gemeinde sind noch nicht bekannt.","https://thumb.wikimedia.org/wikipedia/commons/thumb/8/86/La_Sagne-coat_of_arms.svg/500px-La_Sagne-coat_of_arms.svg.png"
6432,50,0,0,"La BréviNE","Die Resultate dieser Gemeinde sind noch nicht bekannt.","https://thumb.wikimedia.org/wikipedia/commons/thumb/3/33/CHE_La_Br%C3%A9vine_COA.svg/500px-CHE_La_Br%C3%A9vine_COA.svg.png"
6433,50,0,0,"Brot-Plamboz NE","Die Resultate dieser Gemeinde sind noch nicht bekannt.","https://thumb.wikimedia.org/wikipedia/commons/thumb/4/48/Brot-Plamboz-coat_of_arms.svg/500px-Brot-Plamboz-coat_of_arms.svg.png"
6434,50,0,0,"Le Cerneux-Péquignot NE","Die Resultate dieser Gemeinde sind noch nicht bekannt.","https://thumb.wikimedia.org/wikipedia/commons/thumb/9/9e/Le_Cerneux-Pequignot-coat_of_arms.svg/500px-Le_Cerneux-Pequignot-coat_of_arms.svg.png"
6435,50,0,0,"La Chaux-du-Milieu NE","Die Resultate dieser Gemeinde sind noch nicht bekannt.","https://thumb.wikimedia.org/wikipedia/commons/thumb/4/49/La_Chaux-du-Milieu-coat_of_arms.svg/500px-La_Chaux-du-Milieu-coat_of_arms.svg.png"
6436,50,0,0,"Le Locle NE","Die Resultate dieser Gemeinde sind noch nicht bekannt.","https://thumb.wikimedia.org/wikipedia/commons/thumb/4/4e/LeLocle-blazon.svg/250px-LeLocle-blazon.svg.png"
6437,50,0,0,"Les Ponts-de-Martel NE","Die Resultate dieser Gemeinde sind noch nicht bekannt.","https://thumb.wikimedia.org/wikipedia/commons/thumb/8/8b/CHE_Les_Ponts-de-Martel_COA.svg/500px-CHE_Les_Ponts-de-Martel_COA.svg.png"
6451,50,0,0,"Cornaux NE","Die Resultate dieser Gemeinde sind noch nicht bekannt.","https://thumb.wikimedia.org/wikipedia/commons/thumb/2/29/CHE_Cornaux_COA.svg/500px-CHE_Cornaux_COA.svg.png"
6452,50,0,0,"Cressier NE","Die Resultate dieser Gemeinde sind noch nicht bekannt.","https://thumb.wikimedia.org/wikipedia/commons/thumb/d/d4/Cressier_NE-blazon.svg/250px-Cressier_NE-blazon.svg.png"
6455,50,0,0,"Le Landeron NE","Die Resultate dieser Gemeinde sind noch nicht bekannt.","https://thumb.wikimedia.org/wikipedia/commons/thumb/0/01/LeLanderon-blazon.svg/250px-LeLanderon-blazon.svg.png"
6456,50,0,0,"Lignières NE","Die Resultate dieser Gemeinde sind noch nicht bekannt.","https://thumb.wikimedia.org/wikipedia/commons/thumb/6/6f/CHE_Ligni%C3%A8res_COA.svg/500px-CHE_Ligni%C3%A8res_COA.svg.png"
6458,50,0,0,"Neuenburg NE","Die Resultate dieser Gemeinde sind noch nicht bekannt.","https://thumb.wikimedia.org/wikipedia/commons/thumb/0/04/CHE_Neuch%C3%A2tel_COA.svg/500px-CHE_Neuch%C3%A2tel_COA.svg.png"
6487,50,0,0,"Val-de-Ruz NE","Die Resultate dieser Gemeinde sind noch nicht bekannt.","https://thumb.wikimedia.org/wikipedia/commons/thumb/b/b1/CHE_Val-de-Ruz_COA.svg/500px-CHE_Val-de-Ruz_COA.svg.png"
6504,50,0,0,"La Côte-aux-Fées NE","Die Resultate dieser Gemeinde sind noch nicht bekannt.","https://thumb.wikimedia.org/wikipedia/commons/thumb/3/35/CHE_La_C%C3%B4te-aux-F%C3%A9es_COA.svg/500px-CHE_La_C%C3%B4te-aux-F%C3%A9es_COA.svg.png"
6511,50,0,0,"Les Verrières NE","Die Resultate dieser Gemeinde sind noch nicht bekannt.","https://thumb.wikimedia.org/wikipedia/commons/thumb/6/6a/CHE_Les_Verri%C3%A8res_COA.svg/500px-CHE_Les_Verri%C3%A8res_COA.svg.png"
6512,50,0,0,"Val-de-Travers NE","Die Resultate dieser Gemeinde sind noch nicht bekannt.","https://thumb.wikimedia.org/wikipedia/commons/thumb/f/f7/CHE_Val-de-Travers_COA.svg/250px-CHE_Val-de-Travers_COA.svg.png"
6513,50,0,0,"Laténa NE","Die Resultate dieser Gemeinde sind noch nicht bekannt.","https://thumb.wikimedia.org/wikipedia/commons/thumb/0/0e/CHE_Lat%C3%A9na_COA.svg/500px-CHE_Lat%C3%A9na_COA.svg.png"
6601,50,0,0,"Aire-la-Ville GE","Die Resultate dieser Gemeinde sind noch nicht bekannt.","https://thumb.wikimedia.org/wikipedia/commons/thumb/6/67/CHE_Aire-la-Ville_COA.svg/960px-CHE_Aire-la-Ville_COA.svg.png"
6602,50,0,0,"Anières GE","Die Resultate dieser Gemeinde sind noch nicht bekannt.","https://thumb.wikimedia.org/wikipedia/commons/thumb/b/b8/CHE_Ani%C3%A8res_COA.svg/960px-CHE_Ani%C3%A8res_COA.svg.png"
6603,50,0,0,"Avully GE","Die Resultate dieser Gemeinde sind noch nicht bekannt.","https://thumb.wikimedia.org/wikipedia/commons/thumb/4/4f/CHE_Avully_COA.svg/960px-CHE_Avully_COA.svg.png"
6604,50,0,0,"Avusy GE","Die Resultate dieser Gemeinde sind noch nicht bekannt.","https://thumb.wikimedia.org/wikipedia/commons/thumb/e/e6/CHE_Avusy_COA.svg/960px-CHE_Avusy_COA.svg.png"
6605,50,0,0,"Bardonnex GE","Die Resultate dieser Gemeinde sind noch nicht bekannt.","https://thumb.wikimedia.org/wikipedia/commons/thumb/1/15/CHE_Bardonnex_COA.svg/500px-CHE_Bardonnex_COA.svg.png"
6606,50,0,0,"Bellevue GE","Die Resultate dieser Gemeinde sind noch nicht bekannt.","https://thumb.wikimedia.org/wikipedia/commons/thumb/0/09/CHE_Bellevue_COA.svg/960px-CHE_Bellevue_COA.svg.png"
6607,50,0,0,"Bernex GE","Die Resultate dieser Gemeinde sind noch nicht bekannt.","https://thumb.wikimedia.org/wikipedia/commons/thumb/e/e4/CHE_Bernex_COA.svg/960px-CHE_Bernex_COA.svg.png"
6608,50,0,0,"Carouge GE","Die Resultate dieser Gemeinde sind noch nicht bekannt.","https://thumb.wikimedia.org/wikipedia/commons/thumb/4/4b/CHE_Carouge_COA.svg/960px-CHE_Carouge_COA.svg.png"
6609,50,0,0,"Cartigny GE","Die Resultate dieser Gemeinde sind noch nicht bekannt.","https://thumb.wikimedia.org/wikipedia/commons/thumb/3/30/CHE_Cartigny_COA.svg/960px-CHE_Cartigny_COA.svg.png"
6610,50,0,0,"Céligny GE","Die Resultate dieser Gemeinde sind noch nicht bekannt.","https://thumb.wikimedia.org/wikipedia/commons/thumb/7/7b/CHE_C%C3%A9ligny_COA.svg/960px-CHE_C%C3%A9ligny_COA.svg.png"
6611,50,0,0,"Chancy GE","Die Resultate dieser Gemeinde sind noch nicht bekannt.","https://thumb.wikimedia.org/wikipedia/commons/thumb/5/52/CHE_Chancy_COA.svg/960px-CHE_Chancy_COA.svg.png"
6612,50,0,0,"Chêne-Bougeries GE","Die Resultate dieser Gemeinde sind noch nicht bekannt.","https://thumb.wikimedia.org/wikipedia/commons/thumb/f/f4/CHE_Ch%C3%AAne-Bougeries_COA.svg/500px-CHE_Ch%C3%AAne-Bougeries_COA.svg.png"
6613,50,0,0,"Chêne-Bourg GE","Die Resultate dieser Gemeinde sind noch nicht bekannt.","https://thumb.wikimedia.org/wikipedia/commons/thumb/d/d3/CHE_Ch%C3%AAne-Bourg_COA.svg/960px-CHE_Ch%C3%AAne-Bourg_COA.svg.png"
6614,50,0,0,"Choulex GE","Die Resultate dieser Gemeinde sind noch nicht bekannt.","https://thumb.wikimedia.org/wikipedia/commons/thumb/2/27/CHE_Choulex_COA.svg/960px-CHE_Choulex_COA.svg.png"
6615,50,0,0,"Collex-Bossy GE","Die Resultate dieser Gemeinde sind noch nicht bekannt.","https://thumb.wikimedia.org/wikipedia/commons/thumb/f/f5/CHE_Collex-Bossy_COA.svg/960px-CHE_Collex-Bossy_COA.svg.png"
6616,50,0,0,"Collonge-Bellerive GE","Die Resultate dieser Gemeinde sind noch nicht bekannt.","https://thumb.wikimedia.org/wikipedia/commons/thumb/f/f6/CHE_Collonge-Bellerive_COA.svg/960px-CHE_Collonge-Bellerive_COA.svg.png"
6617,50,0,0,"Cologny GE","Die Resultate dieser Gemeinde sind noch nicht bekannt.","https://thumb.wikimedia.org/wikipedia/commons/thumb/a/a2/CHE_Cologny_COA.svg/960px-CHE_Cologny_COA.svg.png"
6618,50,0,0,"Confignon GE","Die Resultate dieser Gemeinde sind noch nicht bekannt.","https://thumb.wikimedia.org/wikipedia/commons/thumb/5/58/CHE_Confignon_COA.svg/960px-CHE_Confignon_COA.svg.png"
6619,50,0,0,"Corsier GE","Die Resultate dieser Gemeinde sind noch nicht bekannt.","https://thumb.wikimedia.org/wikipedia/commons/thumb/3/3c/CHE_Corsier_COA.svg/960px-CHE_Corsier_COA.svg.png"
6620,50,0,0,"Dardagny GE","Die Resultate dieser Gemeinde sind noch nicht bekannt.","https://thumb.wikimedia.org/wikipedia/commons/thumb/2/26/CHE_Dardagny_COA.svg/960px-CHE_Dardagny_COA.svg.png"
6621,50,0,0,"Genf GE","Die Resultate dieser Gemeinde sind noch nicht bekannt.","https://thumb.wikimedia.org/wikipedia/commons/thumb/4/4d/CHE_Gen%C3%A8ve_COA.svg/960px-CHE_Gen%C3%A8ve_COA.svg.png"
6622,50,0,0,"Genthod GE","Die Resultate dieser Gemeinde sind noch nicht bekannt.","https://thumb.wikimedia.org/wikipedia/commons/thumb/f/f5/CHE_Genthod_COA.svg/960px-CHE_Genthod_COA.svg.png"
6623,50,0,0,"Le Grand-Saconnex GE","Die Resultate dieser Gemeinde sind noch nicht bekannt.","https://thumb.wikimedia.org/wikipedia/commons/thumb/6/6a/CHE_Le_Grand-Saconnex_COA.svg/960px-CHE_Le_Grand-Saconnex_COA.svg.png"
6624,50,0,0,"Gy GE","Die Resultate dieser Gemeinde sind noch nicht bekannt.","https://thumb.wikimedia.org/wikipedia/commons/thumb/f/f8/CHE_Gy_COA.svg/960px-CHE_Gy_COA.svg.png"
6625,50,0,0,"Hermance GE","Die Resultate dieser Gemeinde sind noch nicht bekannt.","https://thumb.wikimedia.org/wikipedia/commons/thumb/b/b3/CHE_Hermance_COA.svg/960px-CHE_Hermance_COA.svg.png"
6626,50,0,0,"Jussy GE","Die Resultate dieser Gemeinde sind noch nicht bekannt.","https://thumb.wikimedia.org/wikipedia/commons/thumb/3/31/CHE_Jussy_COA.svg/960px-CHE_Jussy_COA.svg.png"
6627,50,0,0,"Laconnex GE","Die Resultate dieser Gemeinde sind noch nicht bekannt.","https://thumb.wikimedia.org/wikipedia/commons/thumb/9/97/CHE_Laconnex_COA.svg/960px-CHE_Laconnex_COA.svg.png"
6628,50,0,0,"Lancy GE","Die Resultate dieser Gemeinde sind noch nicht bekannt.","https://thumb.wikimedia.org/wikipedia/commons/thumb/2/29/CHE_Lancy_COA.svg/960px-CHE_Lancy_COA.svg.png"
6629,50,0,0,"Meinier GE","Die Resultate dieser Gemeinde sind noch nicht bekannt.","https://thumb.wikimedia.org/wikipedia/commons/thumb/a/a4/CHE_Meinier_COA.svg/960px-CHE_Meinier_COA.svg.png"
6630,50,0,0,"Meyrin GE","Die Resultate dieser Gemeinde sind noch nicht bekannt.","https://thumb.wikimedia.org/wikipedia/commons/thumb/5/5a/CHE_Meyrin_COA.svg/960px-CHE_Meyrin_COA.svg.png"
6631,50,0,0,"Onex GE","Die Resultate dieser Gemeinde sind noch nicht bekannt.","https://thumb.wikimedia.org/wikipedia/commons/thumb/b/b6/CHE_Onex_COA.svg/960px-CHE_Onex_COA.svg.png"
6632,50,0,0,"Perly-Certoux GE","Die Resultate dieser Gemeinde sind noch nicht bekannt.","https://thumb.wikimedia.org/wikipedia/commons/thumb/e/ed/CHE_Perly-Certoux_COA.svg/960px-CHE_Perly-Certoux_COA.svg.png"
6633,50,0,0,"Plan-les-Ouates GE","Die Resultate dieser Gemeinde sind noch nicht bekannt.","https://thumb.wikimedia.org/wikipedia/commons/thumb/6/66/CHE_Plan-les-Ouates_COA.svg/960px-CHE_Plan-les-Ouates_COA.svg.png"
6634,50,0,0,"Pregny-Chambésy GE","Die Resultate dieser Gemeinde sind noch nicht bekannt.","https://thumb.wikimedia.org/wikipedia/commons/thumb/0/07/CHE_Pregny-Chamb%C3%A9sy_COA.svg/960px-CHE_Pregny-Chamb%C3%A9sy_COA.svg.png"
6635,50,0,0,"Presinge GE","Die Resultate dieser Gemeinde sind noch nicht bekannt.","https://thumb.wikimedia.org/wikipedia/commons/thumb/b/b1/CHE_Presinge_COA.svg/960px-CHE_Presinge_COA.svg.png"
6636,50,0,0,"Puplinge GE","Die Resultate dieser Gemeinde sind noch nicht bekannt.","https://thumb.wikimedia.org/wikipedia/commons/thumb/c/ce/CHE_Puplinge_COA.svg/960px-CHE_Puplinge_COA.svg.png"
6637,50,0,0,"Russin GE","Die Resultate dieser Gemeinde sind noch nicht bekannt.","https://thumb.wikimedia.org/wikipedia/commons/thumb/4/49/CHE_Russin_COA.svg/960px-CHE_Russin_COA.svg.png"
6638,50,0,0,"Satigny GE","Die Resultate dieser Gemeinde sind noch nicht bekannt.","https://thumb.wikimedia.org/wikipedia/commons/thumb/e/e6/CHE_Satigny_COA.svg/960px-CHE_Satigny_COA.svg.png"
6639,50,0,0,"Soral GE","Die Resultate dieser Gemeinde sind noch nicht bekannt.","https://thumb.wikimedia.org/wikipedia/commons/thumb/d/de/CHE_Soral_COA.svg/960px-CHE_Soral_COA.svg.png"
6640,50,0,0,"Thônex GE","Die Resultate dieser Gemeinde sind noch nicht bekannt.","https://thumb.wikimedia.org/wikipedia/commons/thumb/e/e5/CHE_Th%C3%B4nex_COA.svg/960px-CHE_Th%C3%B4nex_COA.svg.png"
6641,50,0,0,"Troinex GE","Die Resultate dieser Gemeinde sind noch nicht bekannt.","https://thumb.wikimedia.org/wikipedia/commons/thumb/3/36/CHE_Troinex_COA.svg/960px-CHE_Troinex_COA.svg.png"
6642,50,0,0,"Vandoeuvres GE","Die Resultate dieser Gemeinde sind noch nicht bekannt.","https://thumb.wikimedia.org/wikipedia/commons/thumb/7/70/CHE_Vand%C5%93uvres_COA.svg/960px-CHE_Vand%C5%93uvres_COA.svg.png"
6643,50,0,0,"Vernier GE","Die Resultate dieser Gemeinde sind noch nicht bekannt.","https://thumb.wikimedia.org/wikipedia/commons/thumb/5/58/CHE_Vernier_COA.svg/960px-CHE_Vernier_COA.svg.png"
6644,50,0,0,"Versoix GE","Die Resultate dieser Gemeinde sind noch nicht bekannt.","https://thumb.wikimedia.org/wikipedia/commons/thumb/e/e2/CHE_Versoix_COA.svg/960px-CHE_Versoix_COA.svg.png"
6645,50,0,0,"Veyrier GE","Die Resultate dieser Gemeinde sind noch nicht bekannt.","https://thumb.wikimedia.org/wikipedia/commons/thumb/e/e9/CHE_Veyrier_COA.svg/960px-CHE_Veyrier_COA.svg.png"
6702,50,0,0,"Boécourt JU","Die Resultate dieser Gemeinde sind noch nicht bekannt.","https://thumb.wikimedia.org/wikipedia/commons/thumb/6/6b/CHE_Bo%C3%A9court_COA.svg/960px-CHE_Bo%C3%A9court_COA.svg.png"
6703,50,0,0,"Bourrignon JU","Die Resultate dieser Gemeinde sind noch nicht bekannt.","https://thumb.wikimedia.org/wikipedia/commons/thumb/c/ca/Bourrignon-blazon.svg/250px-Bourrignon-blazon.svg.png"
6704,50,0,0,"Châtillon JU","Die Resultate dieser Gemeinde sind noch nicht bekannt.","https://thumb.wikimedia.org/wikipedia/commons/thumb/b/bd/CHE_Ch%C3%A2tillon_COA.svg/250px-CHE_Ch%C3%A2tillon_COA.svg.png"
6706,50,0,0,"Courchapoix JU","Die Resultate dieser Gemeinde sind noch nicht bekannt.","https://thumb.wikimedia.org/wikipedia/commons/thumb/d/de/CHE_Courchapoix_COA.svg/960px-CHE_Courchapoix_COA.svg.png"
6708,50,0,0,"Courrendlin JU","Die Resultate dieser Gemeinde sind noch nicht bekannt.","https://thumb.wikimedia.org/wikipedia/commons/thumb/9/9f/CHE_Courrendlin_COA.svg/960px-CHE_Courrendlin_COA.svg.png"
6709,50,0,0,"Courroux JU","Die Resultate dieser Gemeinde sind noch nicht bekannt.","https://thumb.wikimedia.org/wikipedia/commons/thumb/2/21/Courroux-blazon.svg/250px-Courroux-blazon.svg.png"
6710,50,0,0,"Courtételle JU","Die Resultate dieser Gemeinde sind noch nicht bekannt.","https://thumb.wikimedia.org/wikipedia/commons/thumb/0/02/CH_Courtetelle_COA.svg/500px-CH_Courtetelle_COA.svg.png"
6711,50,0,0,"Delsberg JU","Die Resultate dieser Gemeinde sind noch nicht bekannt.","https://thumb.wikimedia.org/wikipedia/commons/thumb/2/26/CHE_Del%C3%A9mont_COA.svg/500px-CHE_Del%C3%A9mont_COA.svg.png"
6712,50,0,0,"Develier JU","Die Resultate dieser Gemeinde sind noch nicht bekannt.","https://thumb.wikimedia.org/wikipedia/commons/thumb/2/25/CHE_Develier_COA.svg/960px-CHE_Develier_COA.svg.png"
6713,50,0,0,"Ederswiler JU","Die Resultate dieser Gemeinde sind noch nicht bekannt.","https://thumb.wikimedia.org/wikipedia/commons/thumb/d/db/CHE_Ederswiler_COA.svg/960px-CHE_Ederswiler_COA.svg.png"
6715,50,0,0,"Mervelier JU","Die Resultate dieser Gemeinde sind noch nicht bekannt.","https://thumb.wikimedia.org/wikipedia/commons/thumb/a/ad/CHE_Mervelier_COA.svg/960px-CHE_Mervelier_COA.svg.png"
6716,50,0,0,"Mettembert JU","Die Resultate dieser Gemeinde sind noch nicht bekannt.","https://thumb.wikimedia.org/wikipedia/commons/thumb/8/8c/CHE_Mettembert_COA.svg/500px-CHE_Mettembert_COA.svg.png"
6718,50,0,0,"Movelier JU","Die Resultate dieser Gemeinde sind noch nicht bekannt.","https://thumb.wikimedia.org/wikipedia/commons/thumb/7/7d/CHE_Movelier_COA.svg/960px-CHE_Movelier_COA.svg.png"
6719,50,0,0,"Pleigne JU","Die Resultate dieser Gemeinde sind noch nicht bekannt.","https://thumb.wikimedia.org/wikipedia/commons/thumb/0/04/CHE_Pleigne_COA.svg/500px-CHE_Pleigne_COA.svg.png"
6721,50,0,0,"Rossemaison JU","Die Resultate dieser Gemeinde sind noch nicht bekannt.","https://thumb.wikimedia.org/wikipedia/commons/thumb/d/d4/CHE_Rossemaison_COA.svg/960px-CHE_Rossemaison_COA.svg.png"
6722,50,0,0,"Saulcy JU","Die Resultate dieser Gemeinde sind noch nicht bekannt.","https://thumb.wikimedia.org/wikipedia/commons/thumb/0/0c/CHE_Saulcy_COA.svg/960px-CHE_Saulcy_COA.svg.png"
6724,50,0,0,"Soyhières JU","Die Resultate dieser Gemeinde sind noch nicht bekannt.","https://thumb.wikimedia.org/wikipedia/commons/thumb/3/30/CHE_Soyhi%C3%A8res_COA.svg/960px-CHE_Soyhi%C3%A8res_COA.svg.png"
6729,50,0,0,"Haute-Sorne JU","Die Resultate dieser Gemeinde sind noch nicht bekannt.","https://thumb.wikimedia.org/wikipedia/commons/thumb/2/2f/CHE_Haute-Sorne_COA.svg/500px-CHE_Haute-Sorne_COA.svg.png"
6730,50,0,0,"Val Terbi JU","Die Resultate dieser Gemeinde sind noch nicht bekannt.","https://thumb.wikimedia.org/wikipedia/commons/thumb/c/c1/Coats_of_arms_of_None.svg/250px-Coats_of_arms_of_None.svg.png"
6741,50,0,0,"Le Bémont JU","Die Resultate dieser Gemeinde sind noch nicht bekannt.","https://thumb.wikimedia.org/wikipedia/commons/thumb/8/81/CHE_Le_B%C3%A9mont_COA.svg/960px-CHE_Le_B%C3%A9mont_COA.svg.png"
6742,50,0,0,"Les Bois JU","Die Resultate dieser Gemeinde sind noch nicht bekannt.","https://thumb.wikimedia.org/wikipedia/commons/thumb/a/a5/CHE_Les_Bois_COA.svg/250px-CHE_Les_Bois_COA.svg.png"
6743,50,0,0,"Les Breuleux JU","Die Resultate dieser Gemeinde sind noch nicht bekannt.","https://thumb.wikimedia.org/wikipedia/commons/thumb/b/b4/CHE_Les_Breuleux_COA.svg/960px-CHE_Les_Breuleux_COA.svg.png"
6745,50,0,0,"Les Enfers JU","Die Resultate dieser Gemeinde sind noch nicht bekannt.","https://thumb.wikimedia.org/wikipedia/commons/thumb/6/65/LesEnfers-blazon.svg/250px-LesEnfers-blazon.svg.png"
6748,50,0,0,"Les Genevez JU","Die Resultate dieser Gemeinde sind noch nicht bekannt.","https://thumb.wikimedia.org/wikipedia/commons/thumb/8/83/CHE_Les_Genevez_COA.svg/500px-CHE_Les_Genevez_COA.svg.png"
6750,50,0,0,"Lajoux JU","Die Resultate dieser Gemeinde sind noch nicht bekannt.","https://thumb.wikimedia.org/wikipedia/commons/thumb/4/43/CHE_Lajoux_COA.svg/960px-CHE_Lajoux_COA.svg.png"
6751,50,0,0,"Montfaucon JU","Die Resultate dieser Gemeinde sind noch nicht bekannt.","https://thumb.wikimedia.org/wikipedia/commons/thumb/e/e2/CHE_Montfaucon_COA.svg/960px-CHE_Montfaucon_COA.svg.png"
6753,50,0,0,"Muriaux JU","Die Resultate dieser Gemeinde sind noch nicht bekannt.","https://thumb.wikimedia.org/wikipedia/commons/thumb/9/96/CHE_Muriaux_COA.svg/960px-CHE_Muriaux_COA.svg.png"
6754,50,0,0,"Le Noirmont JU","Die Resultate dieser Gemeinde sind noch nicht bekannt.","https://thumb.wikimedia.org/wikipedia/commons/thumb/a/a9/CHE_Le_Noirmont_COA.svg/500px-CHE_Le_Noirmont_COA.svg.png"
6757,50,0,0,"Saignelégier JU","Die Resultate dieser Gemeinde sind noch nicht bekannt.","https://thumb.wikimedia.org/wikipedia/commons/thumb/2/23/CHE_Saignel%C3%A9gier_COA.svg/960px-CHE_Saignel%C3%A9gier_COA.svg.png"
6758,50,0,0,"Saint-Brais JU","Die Resultate dieser Gemeinde sind noch nicht bekannt.","https://thumb.wikimedia.org/wikipedia/commons/thumb/a/a2/CHE_Saint-Brais_COA.svg/960px-CHE_Saint-Brais_COA.svg.png"
6759,50,0,0,"Soubey JU","Die Resultate dieser Gemeinde sind noch nicht bekannt.","https://thumb.wikimedia.org/wikipedia/commons/thumb/0/02/CHE_Soubey_COA.svg/960px-CHE_Soubey_COA.svg.png"
6771,50,0,0,"Alle JU","Die Resultate dieser Gemeinde sind noch nicht bekannt.","https://thumb.wikimedia.org/wikipedia/commons/thumb/9/9c/CHE_Alle_COA.svg/500px-CHE_Alle_COA.svg.png"
6774,50,0,0,"Boncourt JU","Die Resultate dieser Gemeinde sind noch nicht bekannt.","https://thumb.wikimedia.org/wikipedia/commons/thumb/6/64/Boncourt-blazon.svg/250px-Boncourt-blazon.svg.png"
6778,50,0,0,"Bure JU","Die Resultate dieser Gemeinde sind noch nicht bekannt.","https://thumb.wikimedia.org/wikipedia/commons/thumb/1/1e/CHE_Bure_COA.svg/960px-CHE_Bure_COA.svg.png"
6781,50,0,0,"Coeuve JU","Die Resultate dieser Gemeinde sind noch nicht bekannt.","https://thumb.wikimedia.org/wikipedia/commons/thumb/5/57/Coeuve-blazon.svg/250px-Coeuve-blazon.svg.png"
6782,50,0,0,"Cornol JU","Die Resultate dieser Gemeinde sind noch nicht bekannt.","https://thumb.wikimedia.org/wikipedia/commons/thumb/a/a0/CHE_Cornol_COA.svg/500px-CHE_Cornol_COA.svg.png"
6783,50,0,0,"Courchavon JU","Die Resultate dieser Gemeinde sind noch nicht bekannt.","https://thumb.wikimedia.org/wikipedia/commons/thumb/e/ef/Courchavon-blazon.svg/250px-Courchavon-blazon.svg.png"
6784,50,0,0,"Courgenay JU","Die Resultate dieser Gemeinde sind noch nicht bekannt.","https://thumb.wikimedia.org/wikipedia/commons/thumb/3/37/CHE_Courgenay_COA.svg/960px-CHE_Courgenay_COA.svg.png"
6785,50,0,0,"Courtedoux JU","Die Resultate dieser Gemeinde sind noch nicht bekannt.","https://thumb.wikimedia.org/wikipedia/commons/thumb/1/1c/CHE_Courtedoux_COA.svg/960px-CHE_Courtedoux_COA.svg.png"
6789,50,0,0,"Fahy JU","Die Resultate dieser Gemeinde sind noch nicht bekannt.","https://thumb.wikimedia.org/wikipedia/commons/thumb/5/58/CHE_Fahy_COA.svg/960px-CHE_Fahy_COA.svg.png"
6790,50,0,0,"Fontenais JU","Die Resultate dieser Gemeinde sind noch nicht bekannt.","https://thumb.wikimedia.org/wikipedia/commons/thumb/9/95/Fontenais-blazon.svg/250px-Fontenais-blazon.svg.png"
6792,50,0,0,"Grandfontaine JU","Die Resultate dieser Gemeinde sind noch nicht bekannt.","https://thumb.wikimedia.org/wikipedia/commons/thumb/0/02/Grandfontaine-blazon.svg/250px-Grandfontaine-blazon.svg.png"
6800,50,0,0,"Pruntrut JU","Die Resultate dieser Gemeinde sind noch nicht bekannt.","https://thumb.wikimedia.org/wikipedia/commons/thumb/6/64/CHE_Porrentruy_JU_COA.svg/960px-CHE_Porrentruy_JU_COA.svg.png"
6806,50,0,0,"Vendlincourt JU","Die Resultate dieser Gemeinde sind noch nicht bekannt.","https://thumb.wikimedia.org/wikipedia/commons/thumb/0/07/CHE_Vendlincourt_COA.svg/500px-CHE_Vendlincourt_COA.svg.png"
6807,50,0,0,"Basse-Allaine JU","Die Resultate dieser Gemeinde sind noch nicht bekannt.","https://thumb.wikimedia.org/wikipedia/commons/thumb/c/c4/BasseAllaine-blazon.svg/250px-BasseAllaine-blazon.svg.png"
6808,50,0,0,"Clos du Doubs JU","Die Resultate dieser Gemeinde sind noch nicht bekannt.","https://thumb.wikimedia.org/wikipedia/commons/thumb/c/c0/ClosDuDoubs-blazon.svg/250px-ClosDuDoubs-blazon.svg.png"
6809,50,0,0,"Haute-Ajoie JU","Die Resultate dieser Gemeinde sind noch nicht bekannt.","https://thumb.wikimedia.org/wikipedia/commons/thumb/f/f0/Wappen_Jura_matt.svg/500px-Wappen_Jura_matt.svg.png"
6810,50,0,0,"La Baroche JU","Die Resultate dieser Gemeinde sind noch nicht bekannt.","https://thumb.wikimedia.org/wikipedia/commons/thumb/a/a1/CHE_La_Baroche_COA.svg/500px-CHE_La_Baroche_COA.svg.png"
6811,50,0,0,"Damphreux-Lugnez JU","Die Resultate dieser Gemeinde sind noch nicht bekannt.","https://thumb.wikimedia.org/wikipedia/commons/thumb/1/1d/CHE_Damphreux-Lugnez_COA.svg/960px-CHE_Damphreux-Lugnez_COA.svg.png"
6812,50,0,0,"Basse-Vendline JU","Die Resultate dieser Gemeinde sind noch nicht bekannt.","https://thumb.wikimedia.org/wikipedia/commons/thumb/3/3f/CHE_Basse-Vendline_COA.svg/500px-CHE_Basse-Vendline_COA.svg.png"
6831,50,0,0,"Moutier JU","Die Resultate dieser Gemeinde sind noch nicht bekannt.","https://thumb.wikimedia.org/wikipedia/commons/thumb/f/f0/CHE_Moutier_COA.svg/500px-CHE_Moutier_COA.svg.png"
