"ID","Gemeinde_color","Ja_Stimmen_In_Prozent","Nein_Stimmen_In_Prozent","Gemeinde_it","Text_it","link_wappen"
1,28.7,28.7,71.3,"Aeugst am Albis (ZH)","A Aeugst am Albis, l'Iniziativa sulla neutralità è stata respinta con il 71,3 per cento.","https://thumb.wikimedia.org/wikipedia/commons/thumb/5/58/CHE_Aeugst_am_Albis_COA.svg/250px-CHE_Aeugst_am_Albis_COA.svg.png"
2,26.7,26.7,73.3,"Affoltern am Albis (ZH)","A Affoltern am Albis l'Iniziativa sulla neutralità è stata respinta con il 73,3 per cento.","https://thumb.wikimedia.org/wikipedia/commons/thumb/6/6c/CHE_Affoltern_am_Albis_COA.svg/250px-CHE_Affoltern_am_Albis_COA.svg.png"
3,24.6,24.6,75.4,"Bonstetten (ZH)","A Bonstetten l'Iniziativa sulla neutralità è stata respinta con il 75,4 per cento.","https://thumb.wikimedia.org/wikipedia/commons/thumb/1/12/CHE_Bonstetten_COA.svg/330px-CHE_Bonstetten_COA.svg.png"
4,29.1,29.1,70.9,"Hausen am Albis (ZH)","A Hausen am Albis l'Iniziativa sulla neutralità non ottiene la maggioranza: 70,9 per cento di no.","https://thumb.wikimedia.org/wikipedia/commons/thumb/a/a3/CHE_Hausen_am_Albis_COA.svg/250px-CHE_Hausen_am_Albis_COA.svg.png"
5,25.2,25.2,74.8,"Hedingen (ZH)","La popolazione di Hedingen respinge l'Iniziativa sulla neutralità con il 74,8 per cento.","https://thumb.wikimedia.org/wikipedia/commons/thumb/c/cf/CHE_Hedingen_COA.svg/250px-CHE_Hedingen_COA.svg.png"
6,36.6,36.6,63.4,"Kappel am Albis (ZH)","A Kappel am Albis l'Iniziativa sulla neutralità è stata respinta con il 63,4 per cento.","https://thumb.wikimedia.org/wikipedia/commons/thumb/6/62/CHE_Kappel_am_Albis_COA.svg/250px-CHE_Kappel_am_Albis_COA.svg.png"
7,31.3,31.3,68.7,"Knonau (ZH)","La popolazione di Knonau respinge l'Iniziativa sulla neutralità con il 68,7 per cento.","https://thumb.wikimedia.org/wikipedia/commons/thumb/7/70/CHE_Knonau_COA.svg/250px-CHE_Knonau_COA.svg.png"
8,35.3,35.3,64.7,"Maschwanden (ZH)","La popolazione di Maschwanden respinge l'Iniziativa sulla neutralità con il 64,7 per cento.","https://thumb.wikimedia.org/wikipedia/commons/thumb/c/c8/CHE_Maschwanden_COA.svg/250px-CHE_Maschwanden_COA.svg.png"
9,26.9,26.9,73.1,"Mettmenstetten (ZH)","A Mettmenstetten l'Iniziativa sulla neutralità non ottiene la maggioranza: 73,1 per cento di no.","https://thumb.wikimedia.org/wikipedia/commons/thumb/d/d8/CHE_Mettmenstetten_COA.svg/250px-CHE_Mettmenstetten_COA.svg.png"
10,28.5,28.5,71.5,"Obfelden (ZH)","A Obfelden l'Iniziativa sulla neutralità non ottiene la maggioranza: 71,5 per cento di no.","https://thumb.wikimedia.org/wikipedia/commons/thumb/3/37/CHE_Obfelden_COA.svg/250px-CHE_Obfelden_COA.svg.png"
11,31.2,31.2,68.8,"Ottenbach (ZH)","La popolazione di Ottenbach respinge l'Iniziativa sulla neutralità con il 68,8 per cento.","https://thumb.wikimedia.org/wikipedia/commons/thumb/2/28/CHE_Ottenbach_COA.svg/250px-CHE_Ottenbach_COA.svg.png"
12,50,0,0,"Rifferswil (ZH)","I risultati di questo comune non sono ancora noti.","https://thumb.wikimedia.org/wikipedia/commons/thumb/f/fa/CHE_Rifferswil_COA.svg/250px-CHE_Rifferswil_COA.svg.png"
13,27.6,27.6,72.4,"Stallikon (ZH)","A Stallikon l'Iniziativa sulla neutralità non ottiene la maggioranza: 72,4 per cento di no.","https://thumb.wikimedia.org/wikipedia/commons/thumb/2/22/CHE_Stallikon_COA.svg/250px-CHE_Stallikon_COA.svg.png"
14,22.3,22.3,77.7,"Wettswil am Albis (ZH)","A Wettswil am Albis, l'Iniziativa sulla neutralità è stata respinta con il 77,7 per cento.","https://thumb.wikimedia.org/wikipedia/commons/thumb/c/c6/CHE_Wettswil_am_Albis_COA.svg/250px-CHE_Wettswil_am_Albis_COA.svg.png"
22,38.3,38.3,61.7,"Benken (ZH)","Con il 61,7 per cento dei voti, l'Iniziativa sulla neutralità viene respinta a Benken ZH.","https://thumb.wikimedia.org/wikipedia/commons/thumb/2/2c/CHE_Benken_COA.svg/250px-CHE_Benken_COA.svg.png"
23,37.8,37.8,62.2,"Berg am Irchel (ZH)","A Berg am Irchel l'Iniziativa sulla neutralità è stata respinta con il 62,2 per cento.","https://thumb.wikimedia.org/wikipedia/commons/thumb/b/b6/CHE_Berg_am_Irchel_COA.svg/250px-CHE_Berg_am_Irchel_COA.svg.png"
24,33.6,33.6,66.4,"Buch am Irchel (ZH)","Con il 66,4 per cento dei voti, Buch am Irchel ha respinto l'Iniziativa sulla neutralità.","https://thumb.wikimedia.org/wikipedia/commons/thumb/a/ae/CHE_Buch_am_Irchel_COA.svg/250px-CHE_Buch_am_Irchel_COA.svg.png"
25,24.8,24.8,75.2,"Dachsen (ZH)","Con il 75,2 per cento dei voti, Dachsen ha respinto l'Iniziativa sulla neutralità.","https://thumb.wikimedia.org/wikipedia/commons/thumb/c/c5/CHE_Dachsen_COA.svg/330px-CHE_Dachsen_COA.svg.png"
26,35.5,35.5,64.5,"Dorf (ZH)","La popolazione di Dorf respinge l'Iniziativa sulla neutralità con il 64,5 per cento.","https://thumb.wikimedia.org/wikipedia/commons/thumb/1/14/CHE_Dorf_COA.svg/250px-CHE_Dorf_COA.svg.png"
27,25.2,25.2,74.8,"Feuerthalen (ZH)","A Feuerthalen l'Iniziativa sulla neutralità è stata respinta con il 74,8 per cento.","https://thumb.wikimedia.org/wikipedia/commons/thumb/5/50/CHE_Feuerthalen_COA.svg/250px-CHE_Feuerthalen_COA.svg.png"
28,40.2,40.2,59.8,"Flaach (ZH)","A Flaach, l'Iniziativa sulla neutralità è stata respinta con il 59,8 per cento.","https://thumb.wikimedia.org/wikipedia/commons/thumb/2/29/CHE_Flaach_COA.svg/250px-CHE_Flaach_COA.svg.png"
29,20.3,20.3,79.7,"Flurlingen (ZH)","A Flurlingen l'Iniziativa sulla neutralità è stata respinta con il 79,7 per cento.","https://thumb.wikimedia.org/wikipedia/commons/thumb/c/cc/CHE_Flurlingen_COA.svg/250px-CHE_Flurlingen_COA.svg.png"
31,31.2,31.2,68.8,"Henggart (ZH)","A Henggart l'Iniziativa sulla neutralità è stata respinta con il 68,8 per cento.","https://thumb.wikimedia.org/wikipedia/commons/thumb/7/78/CHE_Henggart_COA.svg/250px-CHE_Henggart_COA.svg.png"
33,35.6,35.6,64.4,"Kleinandelfingen (ZH)","La popolazione di Kleinandelfingen respinge l'Iniziativa sulla neutralità con il 64,4 per cento.","https://thumb.wikimedia.org/wikipedia/commons/thumb/6/6f/CHE_Kleinandelfingen_COA.svg/250px-CHE_Kleinandelfingen_COA.svg.png"
34,30.2,30.2,69.8,"Laufen-Uhwiesen (ZH)","A Laufen-Uhwiesen l'Iniziativa sulla neutralità è stata respinta con il 69,8 per cento.","https://thumb.wikimedia.org/wikipedia/commons/thumb/5/5d/CHE_Laufen-Uhwiesen_COA.svg/250px-CHE_Laufen-Uhwiesen_COA.svg.png"
35,41.6,41.6,58.4,"Marthalen (ZH)","La popolazione di Marthalen respinge l'Iniziativa sulla neutralità con il 58,4 per cento.","https://thumb.wikimedia.org/wikipedia/commons/thumb/a/a7/CHE_Marthalen_COA.svg/250px-CHE_Marthalen_COA.svg.png"
37,30.3,30.3,69.7,"Ossingen (ZH)","Con il 69,7 per cento dei voti, l'Iniziativa sulla neutralità viene respinta a Ossingen.","https://thumb.wikimedia.org/wikipedia/commons/thumb/0/08/CHE_Ossingen_COA.svg/250px-CHE_Ossingen_COA.svg.png"
38,30.1,30.1,69.9,"Rheinau (ZH)","A Rheinau, l'Iniziativa sulla neutralità è stata respinta con il 69,9 per cento.","https://thumb.wikimedia.org/wikipedia/commons/thumb/8/8b/CHE_Rheinau_COA.svg/250px-CHE_Rheinau_COA.svg.png"
39,44,44,56,"Thalheim an der Thur (ZH)","A Thalheim an der Thur, l'Iniziativa sulla neutralità è stata respinta con il 56 per cento.","https://thumb.wikimedia.org/wikipedia/commons/thumb/e/e3/CHE_Thalheim_COA.svg/250px-CHE_Thalheim_COA.svg.png"
40,37.3,37.3,62.7,"Trüllikon (ZH)","Con il 62,7 per cento dei voti, Trüllikon ha respinto l'Iniziativa sulla neutralità.","https://thumb.wikimedia.org/wikipedia/commons/thumb/c/c8/CHE_Tr%C3%BCllikon_COA.svg/250px-CHE_Tr%C3%BCllikon_COA.svg.png"
41,37.2,37.2,62.8,"Truttikon (ZH)","A Truttikon l'Iniziativa sulla neutralità non ottiene la maggioranza: 62,8 per cento di no.","https://thumb.wikimedia.org/wikipedia/commons/thumb/e/e1/CHE_Truttikon_COA.svg/250px-CHE_Truttikon_COA.svg.png"
43,40.1,40.1,59.9,"Volken (ZH)","La popolazione di Volken respinge l'Iniziativa sulla neutralità con il 59,9 per cento.","https://thumb.wikimedia.org/wikipedia/commons/thumb/a/a9/CHE_Volken_COA.svg/250px-CHE_Volken_COA.svg.png"
51,31.2,31.2,68.8,"Bachenbülach (ZH)","Con il 68,8 per cento dei voti, Bachenbülach ha respinto l'Iniziativa sulla neutralità.","https://thumb.wikimedia.org/wikipedia/commons/thumb/a/a8/CHE_Bachenb%C3%BClach_COA.svg/250px-CHE_Bachenb%C3%BClach_COA.svg.png"
52,30.4,30.4,69.6,"Bassersdorf (ZH)","A Bassersdorf l'Iniziativa sulla neutralità non ottiene la maggioranza: 69,6 per cento di no.","https://thumb.wikimedia.org/wikipedia/commons/thumb/c/c7/CHE_Bassersdorf_COA.svg/250px-CHE_Bassersdorf_COA.svg.png"
53,28.4,28.4,71.6,"Bülach (ZH)","Con il 71,6 per cento dei voti, l'Iniziativa sulla neutralità viene respinta a Bülach.","https://thumb.wikimedia.org/wikipedia/commons/thumb/f/fb/CHE_B%C3%BClach_COA.svg/250px-CHE_B%C3%BClach_COA.svg.png"
54,26,26,74,"Dietlikon (ZH)","Con il 74 per cento dei voti, Dietlikon ha respinto l'Iniziativa sulla neutralità.","https://thumb.wikimedia.org/wikipedia/commons/thumb/4/42/CHE_Dietlikon_COA.svg/250px-CHE_Dietlikon_COA.svg.png"
55,27.2,27.2,72.8,"Eglisau (ZH)","Con il 72,8 per cento dei voti, l'Iniziativa sulla neutralità viene respinta a Eglisau.","https://thumb.wikimedia.org/wikipedia/commons/thumb/0/0c/CHE_Eglisau_COA.svg/250px-CHE_Eglisau_COA.svg.png"
56,33.4,33.4,66.6,"Embrach (ZH)","A Embrach, l'Iniziativa sulla neutralità è stata respinta con il 66,6 per cento.","https://thumb.wikimedia.org/wikipedia/commons/thumb/e/e2/CHE_Embrach_COA.svg/250px-CHE_Embrach_COA.svg.png"
57,31.2,31.2,68.8,"Freienstein-Teufen (ZH)","La popolazione di Freienstein-Teufen respinge l'Iniziativa sulla neutralità con il 68,8 per cento.","https://thumb.wikimedia.org/wikipedia/commons/thumb/0/06/CHE_Freienstein-Teufen_COA.svg/250px-CHE_Freienstein-Teufen_COA.svg.png"
58,36.8,36.8,63.2,"Glattfelden (ZH)","A Glattfelden l'Iniziativa sulla neutralità non ottiene la maggioranza: 63,2 per cento di no.","https://thumb.wikimedia.org/wikipedia/commons/thumb/6/69/CHE_Glattfelden_COA.svg/250px-CHE_Glattfelden_COA.svg.png"
59,36.4,36.4,63.6,"Hochfelden (ZH)","A Hochfelden l'Iniziativa sulla neutralità non ottiene la maggioranza: 63,6 per cento di no.","https://thumb.wikimedia.org/wikipedia/commons/thumb/d/d0/CHE_Hochfelden_COA.svg/250px-CHE_Hochfelden_COA.svg.png"
60,39.5,39.5,60.5,"Höri (ZH)","A Höri l'Iniziativa sulla neutralità non ottiene la maggioranza: 60,5 per cento di no.","https://thumb.wikimedia.org/wikipedia/commons/thumb/c/c5/CHE_H%C3%B6ri_COA.svg/250px-CHE_H%C3%B6ri_COA.svg.png"
61,33.4,33.4,66.6,"Hüntwangen (ZH)","La popolazione di Hüntwangen respinge l'Iniziativa sulla neutralità con il 66,6 per cento.","https://thumb.wikimedia.org/wikipedia/commons/thumb/3/31/CHE_H%C3%BCntwangen_COA.svg/250px-CHE_H%C3%BCntwangen_COA.svg.png"
62,33.2,33.2,66.8,"Kloten (ZH)","La popolazione di Kloten respinge l'Iniziativa sulla neutralità con il 66,8 per cento.","https://thumb.wikimedia.org/wikipedia/commons/thumb/0/0b/CHE_Kloten_Brand_Mark.svg/500px-CHE_Kloten_Brand_Mark.svg.png"
63,33.5,33.5,66.5,"Lufingen (ZH)","A Lufingen l'Iniziativa sulla neutralità non ottiene la maggioranza: 66,5 per cento di no.","https://thumb.wikimedia.org/wikipedia/commons/thumb/3/39/CHE_Lufingen_COA.svg/250px-CHE_Lufingen_COA.svg.png"
64,32.4,32.4,67.6,"Nürensdorf (ZH)","La popolazione di Nürensdorf respinge l'Iniziativa sulla neutralità con il 67,6 per cento.","https://thumb.wikimedia.org/wikipedia/commons/thumb/e/e2/CHE_N%C3%BCrensdorf_COA.svg/250px-CHE_N%C3%BCrensdorf_COA.svg.png"
65,42.3,42.3,57.7,"Oberembrach (ZH)","Con il 57,7 per cento dei voti, l'Iniziativa sulla neutralità viene respinta a Oberembrach.","https://thumb.wikimedia.org/wikipedia/commons/thumb/4/44/CHE_Oberembrach_COA.svg/250px-CHE_Oberembrach_COA.svg.png"
66,33.8,33.8,66.2,"Opfikon (ZH)","A Opfikon l'Iniziativa sulla neutralità è stata respinta con il 66,2 per cento.","https://thumb.wikimedia.org/wikipedia/commons/thumb/0/0b/CHE_Opfikon_COA.svg/250px-CHE_Opfikon_COA.svg.png"
67,31.1,31.1,68.9,"Rafz (ZH)","Con il 68,9 per cento dei voti, Rafz ha respinto l'Iniziativa sulla neutralità.","https://thumb.wikimedia.org/wikipedia/commons/thumb/c/cc/CHE_Rafz_COA.svg/250px-CHE_Rafz_COA.svg.png"
68,37.8,37.8,62.2,"Rorbas (ZH)","La popolazione di Rorbas respinge l'Iniziativa sulla neutralità con il 62,2 per cento.","https://thumb.wikimedia.org/wikipedia/commons/thumb/d/d6/CHE_Rorbas_COA.svg/250px-CHE_Rorbas_COA.svg.png"
69,26.2,26.2,73.8,"Wallisellen (ZH)","A Wallisellen, l'Iniziativa sulla neutralità è stata respinta con il 73,8 per cento.","https://thumb.wikimedia.org/wikipedia/commons/thumb/3/3b/CHE_Wallisellen_COA.svg/250px-CHE_Wallisellen_COA.svg.png"
70,29.7,29.7,70.3,"Wasterkingen (ZH)","A Wasterkingen l'Iniziativa sulla neutralità non ottiene la maggioranza: 70,3 per cento di no.","https://thumb.wikimedia.org/wikipedia/commons/thumb/4/47/CHE_Wasterkingen_COA.svg/250px-CHE_Wasterkingen_COA.svg.png"
71,36.1,36.1,63.9,"Wil (ZH)","A Wil ZH l'Iniziativa sulla neutralità non ottiene la maggioranza: 63,9 per cento di no.","https://thumb.wikimedia.org/wikipedia/commons/thumb/d/de/CHE_Wil_ZH_COA.svg/250px-CHE_Wil_ZH_COA.svg.png"
72,31.8,31.8,68.2,"Winkel (ZH)","A Winkel l'Iniziativa sulla neutralità è stata respinta con il 68,2 per cento.","https://thumb.wikimedia.org/wikipedia/commons/thumb/6/63/CHE_Winkel_COA.svg/330px-CHE_Winkel_COA.svg.png"
81,39.1,39.1,60.9,"Bachs (ZH)","La popolazione di Bachs respinge l'Iniziativa sulla neutralità con il 60,9 per cento.","https://thumb.wikimedia.org/wikipedia/commons/thumb/0/0b/CHE_Bachs_COA.svg/250px-CHE_Bachs_COA.svg.png"
82,31.2,31.2,68.8,"Boppelsen (ZH)","A Boppelsen, l'Iniziativa sulla neutralità è stata respinta con il 68,8 per cento.","https://thumb.wikimedia.org/wikipedia/commons/thumb/5/50/CHE_Boppelsen_COA.svg/330px-CHE_Boppelsen_COA.svg.png"
83,33.2,33.2,66.8,"Buchs (ZH)","A Buchs ZH, l'Iniziativa sulla neutralità è stata respinta con il 66,8 per cento.","https://thumb.wikimedia.org/wikipedia/commons/thumb/0/0c/CHE_Buchs_COA.svg/250px-CHE_Buchs_COA.svg.png"
84,37.9,37.9,62.1,"Dällikon (ZH)","Con il 62,1 per cento dei voti, l'Iniziativa sulla neutralità viene respinta a Dällikon.","https://thumb.wikimedia.org/wikipedia/commons/thumb/e/ef/CHE_D%C3%A4llikon_COA.svg/250px-CHE_D%C3%A4llikon_COA.svg.png"
85,34.9,34.9,65.1,"Dänikon (ZH)","A Dänikon, l'Iniziativa sulla neutralità è stata respinta con il 65,1 per cento.","https://thumb.wikimedia.org/wikipedia/commons/thumb/5/58/CHE_D%C3%A4nikon_COA.svg/250px-CHE_D%C3%A4nikon_COA.svg.png"
86,33.8,33.8,66.2,"Dielsdorf (ZH)","A Dielsdorf l'Iniziativa sulla neutralità non ottiene la maggioranza: 66,2 per cento di no.","https://thumb.wikimedia.org/wikipedia/commons/thumb/e/e1/CHE_Dielsdorf_COA.svg/250px-CHE_Dielsdorf_COA.svg.png"
87,40,40,60,"Hüttikon (ZH)","Con il 60 per cento dei voti, l'Iniziativa sulla neutralità viene respinta a Hüttikon.","https://thumb.wikimedia.org/wikipedia/commons/thumb/5/5e/CHE_H%C3%BCttikon_COA.svg/250px-CHE_H%C3%BCttikon_COA.svg.png"
88,35.5,35.5,64.5,"Neerach (ZH)","Con il 64,5 per cento dei voti, Neerach ha respinto l'Iniziativa sulla neutralità.","https://thumb.wikimedia.org/wikipedia/commons/thumb/c/c8/CHE_Neerach_COA.svg/250px-CHE_Neerach_COA.svg.png"
89,38.1,38.1,61.9,"Niederglatt (ZH)","A Niederglatt l'Iniziativa sulla neutralità è stata respinta con il 61,9 per cento.","https://thumb.wikimedia.org/wikipedia/commons/thumb/b/be/CHE_Niederglatt_COA.svg/250px-CHE_Niederglatt_COA.svg.png"
90,37.4,37.4,62.6,"Niederhasli (ZH)","La popolazione di Niederhasli respinge l'Iniziativa sulla neutralità con il 62,6 per cento.","https://thumb.wikimedia.org/wikipedia/commons/thumb/e/e6/CHE_Niederhasli_COA_%28side%29.svg/250px-CHE_Niederhasli_COA_%28side%29.svg.png"
91,25.6,25.6,74.4,"Niederweningen (ZH)","A Niederweningen l'Iniziativa sulla neutralità è stata respinta con il 74,4 per cento.","https://thumb.wikimedia.org/wikipedia/commons/thumb/2/2a/CHE_Niederweningen_COA.svg/250px-CHE_Niederweningen_COA.svg.png"
92,41.7,41.7,58.3,"Oberglatt (ZH)","La popolazione di Oberglatt respinge l'Iniziativa sulla neutralità con il 58,3 per cento.","https://thumb.wikimedia.org/wikipedia/commons/thumb/7/7c/CHE_Oberglatt_COA.svg/250px-CHE_Oberglatt_COA.svg.png"
93,30.6,30.6,69.4,"Oberweningen (ZH)","A Oberweningen, l'Iniziativa sulla neutralità è stata respinta con il 69,4 per cento.","https://thumb.wikimedia.org/wikipedia/commons/thumb/b/b9/CHE_Oberweningen_COA.svg/250px-CHE_Oberweningen_COA.svg.png"
94,27.9,27.9,72.1,"Otelfingen (ZH)","La popolazione di Otelfingen respinge l'Iniziativa sulla neutralità con il 72,1 per cento.","https://thumb.wikimedia.org/wikipedia/commons/thumb/8/8a/CHE_Otelfingen_COA.svg/250px-CHE_Otelfingen_COA.svg.png"
95,25.6,25.6,74.4,"Regensberg (ZH)","Con il 74,4 per cento dei voti, Regensberg ha respinto l'Iniziativa sulla neutralità.","https://thumb.wikimedia.org/wikipedia/commons/thumb/1/15/CHE_Regensberg_COA.svg/250px-CHE_Regensberg_COA.svg.png"
96,36.5,36.5,63.5,"Regensdorf (ZH)","Con il 63,5 per cento dei voti, Regensdorf ha respinto l'Iniziativa sulla neutralità.","https://thumb.wikimedia.org/wikipedia/commons/thumb/d/dc/Wappen_Regensberg.svg/500px-Wappen_Regensberg.svg.png"
97,38.9,38.9,61.1,"Rümlang (ZH)","A Rümlang, l'Iniziativa sulla neutralità è stata respinta con il 61,1 per cento.","https://thumb.wikimedia.org/wikipedia/commons/thumb/1/1e/CHE_R%C3%BCmlang_COA.svg/250px-CHE_R%C3%BCmlang_COA.svg.png"
98,39.2,39.2,60.8,"Schleinikon (ZH)","Con il 60,8 per cento dei voti, l'Iniziativa sulla neutralità viene respinta a Schleinikon.","https://thumb.wikimedia.org/wikipedia/commons/thumb/c/ca/CHE_Schleinikon_COA.svg/250px-CHE_Schleinikon_COA.svg.png"
99,34.9,34.9,65.1,"Schöfflisdorf (ZH)","A Schöfflisdorf, l'Iniziativa sulla neutralità è stata respinta con il 65,1 per cento.","https://thumb.wikimedia.org/wikipedia/commons/thumb/3/3b/CHE_Sch%C3%B6fflisdorf_COA.svg/250px-CHE_Sch%C3%B6fflisdorf_COA.svg.png"
100,40,40,60,"Stadel (ZH)","La popolazione di Stadel respinge l'Iniziativa sulla neutralità con il 60 per cento.","https://thumb.wikimedia.org/wikipedia/commons/thumb/2/25/CHE_Stadel_COA.svg/250px-CHE_Stadel_COA.svg.png"
101,32.6,32.6,67.4,"Steinmaur (ZH)","A Steinmaur, l'Iniziativa sulla neutralità è stata respinta con il 67,4 per cento.","https://thumb.wikimedia.org/wikipedia/commons/thumb/f/f3/CHE_Steinmaur_COA.svg/250px-CHE_Steinmaur_COA.svg.png"
102,41.6,41.6,58.4,"Weiach (ZH)","Con il 58,4 per cento dei voti, Weiach ha respinto l'Iniziativa sulla neutralità.","https://thumb.wikimedia.org/wikipedia/commons/thumb/8/8f/CHE_Weiach_COA.svg/250px-CHE_Weiach_COA.svg.png"
111,43,43,57,"Bäretswil (ZH)","Con il 57 per cento dei voti, l'Iniziativa sulla neutralità viene respinta a Bäretswil.","https://thumb.wikimedia.org/wikipedia/commons/thumb/a/a2/CHE_B%C3%A4retswil_COA.svg/960px-CHE_B%C3%A4retswil_COA.svg.png"
112,32.8,32.8,67.2,"Bubikon (ZH)","Con il 67,2 per cento dei voti, l'Iniziativa sulla neutralità viene respinta a Bubikon.","https://thumb.wikimedia.org/wikipedia/commons/thumb/0/0e/CHE_Bubikon_COA.svg/250px-CHE_Bubikon_COA.svg.png"
113,34.8,34.8,65.2,"Dürnten (ZH)","A Dürnten l'Iniziativa sulla neutralità è stata respinta con il 65,2 per cento.","https://thumb.wikimedia.org/wikipedia/commons/thumb/6/63/CHE_D%C3%BCrnten_COA.svg/250px-CHE_D%C3%BCrnten_COA.svg.png"
114,53.7,53.7,46.3,"Fischenthal (ZH)","Sì all'Iniziativa sulla neutralità a Fischenthal, con il 53,7 per cento di voti favorevoli.","https://thumb.wikimedia.org/wikipedia/commons/thumb/1/1f/CHE_Fischenthal_COA.svg/250px-CHE_Fischenthal_COA.svg.png"
115,35.4,35.4,64.6,"Gossau (ZH)","Con il 64,6 per cento dei voti, Gossau ZH ha respinto l'Iniziativa sulla neutralità.","https://thumb.wikimedia.org/wikipedia/commons/thumb/3/33/CHE_Gossau_ZH_COA.svg/250px-CHE_Gossau_ZH_COA.svg.png"
116,33.4,33.4,66.6,"Grüningen (ZH)","Con il 66,6 per cento dei voti, Grüningen ha respinto l'Iniziativa sulla neutralità.","https://thumb.wikimedia.org/wikipedia/commons/thumb/f/fc/CHE_Gr%C3%BCningen_COA.svg/250px-CHE_Gr%C3%BCningen_COA.svg.png"
117,34,34,66,"Hinwil (ZH)","A Hinwil l'Iniziativa sulla neutralità non ottiene la maggioranza: 66 per cento di no.","https://thumb.wikimedia.org/wikipedia/commons/thumb/0/00/CHE_Hinwil_COA.svg/250px-CHE_Hinwil_COA.svg.png"
118,32.6,32.6,67.4,"Rüti (ZH)","La popolazione di Rüti ZH respinge l'Iniziativa sulla neutralità con il 67,4 per cento.","https://thumb.wikimedia.org/wikipedia/commons/thumb/e/e7/CHE_R%C3%BCti_ZH_COA.svg/250px-CHE_R%C3%BCti_ZH_COA.svg.png"
119,31.2,31.2,68.8,"Seegräben (ZH)","Con il 68,8 per cento dei voti, Seegräben ha respinto l'Iniziativa sulla neutralità.","https://thumb.wikimedia.org/wikipedia/commons/thumb/2/29/CHE_Seegr%C3%A4ben_COA.svg/250px-CHE_Seegr%C3%A4ben_COA.svg.png"
120,36.4,36.4,63.6,"Wald (ZH)","A Wald ZH l'Iniziativa sulla neutralità è stata respinta con il 63,6 per cento.","https://thumb.wikimedia.org/wikipedia/commons/thumb/4/45/Wald-blazon-modern.svg/250px-Wald-blazon-modern.svg.png"
121,30.9,30.9,69.1,"Wetzikon (ZH)","La popolazione di Wetzikon ZH respinge l'Iniziativa sulla neutralità con il 69,1 per cento.","https://thumb.wikimedia.org/wikipedia/commons/thumb/0/0b/CHE_Wetzikon_COA.svg/250px-CHE_Wetzikon_COA.svg.png"
131,26.2,26.2,73.8,"Adliswil (ZH)","La popolazione di Adliswil respinge l'Iniziativa sulla neutralità con il 73,8 per cento.","https://thumb.wikimedia.org/wikipedia/commons/thumb/0/0e/CHE_Adliswil_COA.svg/250px-CHE_Adliswil_COA.svg.png"
135,22.1,22.1,77.9,"Kilchberg (ZH)","A Kilchberg ZH, l'Iniziativa sulla neutralità è stata respinta con il 77,9 per cento.","https://thumb.wikimedia.org/wikipedia/commons/thumb/f/fd/CHE_Kilchberg_COA.svg/250px-CHE_Kilchberg_COA.svg.png"
136,26.2,26.2,73.8,"Langnau am Albis (ZH)","La popolazione di Langnau am Albis respinge l'Iniziativa sulla neutralità con il 73,8 per cento.","https://thumb.wikimedia.org/wikipedia/commons/thumb/a/a5/CHE_Langnau_am_Albis_COA.svg/250px-CHE_Langnau_am_Albis_COA.svg.png"
137,21.1,21.1,78.9,"Oberrieden (ZH)","A Oberrieden l'Iniziativa sulla neutralità non ottiene la maggioranza: 78,9 per cento di no.","https://thumb.wikimedia.org/wikipedia/commons/thumb/7/73/CHE_Oberrieden_COA.svg/250px-CHE_Oberrieden_COA.svg.png"
138,27.3,27.3,72.7,"Richterswil (ZH)","La popolazione di Richterswil respinge l'Iniziativa sulla neutralità con il 72,7 per cento.","https://thumb.wikimedia.org/wikipedia/commons/thumb/b/b0/CHE_Richterswil_COA.svg/960px-CHE_Richterswil_COA.svg.png"
139,24.6,24.6,75.4,"Rüschlikon (ZH)","Con il 75,4 per cento dei voti, l'Iniziativa sulla neutralità viene respinta a Rüschlikon.","https://thumb.wikimedia.org/wikipedia/commons/thumb/b/bb/CHE_R%C3%BCschlikon_COA.svg/250px-CHE_R%C3%BCschlikon_COA.svg.png"
141,21.9,21.9,78.1,"Thalwil (ZH)","Con il 78,1 per cento dei voti, l'Iniziativa sulla neutralità viene respinta a Thalwil.","https://thumb.wikimedia.org/wikipedia/commons/thumb/3/33/CHE_Thalwil_COA.svg/250px-CHE_Thalwil_COA.svg.png"
151,50,0,0,"Erlenbach (ZH)","I risultati di questo comune non sono ancora noti.","https://thumb.wikimedia.org/wikipedia/commons/thumb/d/d8/CHE_Erlenbach_COA.svg/250px-CHE_Erlenbach_COA.svg.png"
152,30.5,30.5,69.5,"Herrliberg (ZH)","A Herrliberg, l'Iniziativa sulla neutralità è stata respinta con il 69,5 per cento.","https://thumb.wikimedia.org/wikipedia/commons/thumb/b/b2/CHE_Herrliberg_COA.svg/250px-CHE_Herrliberg_COA.svg.png"
153,33.2,33.2,66.8,"Hombrechtikon (ZH)","A Hombrechtikon l'Iniziativa sulla neutralità non ottiene la maggioranza: 66,8 per cento di no.","https://thumb.wikimedia.org/wikipedia/commons/thumb/1/18/CHE_Hombrechtikon_COA.svg/250px-CHE_Hombrechtikon_COA.svg.png"
154,25.7,25.7,74.3,"Küsnacht (ZH)","La popolazione di Küsnacht ZH respinge l'Iniziativa sulla neutralità con il 74,3 per cento.","https://thumb.wikimedia.org/wikipedia/commons/thumb/4/49/CHE_K%C3%BCsnacht_COA.svg/250px-CHE_K%C3%BCsnacht_COA.svg.png"
155,22.6,22.6,77.4,"Männedorf (ZH)","Con il 77,4 per cento dei voti, l'Iniziativa sulla neutralità viene respinta a Männedorf.","https://thumb.wikimedia.org/wikipedia/commons/thumb/9/9a/CHE_M%C3%A4nnedorf_COA.svg/250px-CHE_M%C3%A4nnedorf_COA.svg.png"
156,24.7,24.7,75.3,"Meilen (ZH)","Con il 75,3 per cento dei voti, Meilen ha respinto l'Iniziativa sulla neutralità.","https://thumb.wikimedia.org/wikipedia/commons/thumb/b/bc/CHE_Meilen_COA.svg/250px-CHE_Meilen_COA.svg.png"
157,36.3,36.3,63.7,"Oetwil am See (ZH)","A Oetwil am See l'Iniziativa sulla neutralità è stata respinta con il 63,7 per cento.","https://thumb.wikimedia.org/wikipedia/commons/thumb/d/db/CHE_Oetwil_am_See_COA.svg/250px-CHE_Oetwil_am_See_COA.svg.png"
158,23.3,23.3,76.7,"Stäfa (ZH)","A Stäfa l'Iniziativa sulla neutralità è stata respinta con il 76,7 per cento.","https://thumb.wikimedia.org/wikipedia/commons/thumb/5/5e/CHE_St%C3%A4fa_COA.svg/250px-CHE_St%C3%A4fa_COA.svg.png"
159,50,0,0,"Uetikon am See (ZH)","I risultati di questo comune non sono ancora noti.","https://thumb.wikimedia.org/wikipedia/commons/thumb/4/42/CHE_Uetikon_COA.svg/250px-CHE_Uetikon_COA.svg.png"
160,25.4,25.4,74.6,"Zumikon (ZH)","Con il 74,6 per cento dei voti, l'Iniziativa sulla neutralità viene respinta a Zumikon.","https://thumb.wikimedia.org/wikipedia/commons/thumb/1/13/CHE_Zumikon_COA.svg/250px-CHE_Zumikon_COA.svg.png"
161,24,24,76,"Zollikon (ZH)","A Zollikon l'Iniziativa sulla neutralità è stata respinta con il 76 per cento.","https://thumb.wikimedia.org/wikipedia/commons/thumb/2/2a/CHE_Zollikon_COA.svg/250px-CHE_Zollikon_COA.svg.png"
172,28.3,28.3,71.7,"Fehraltorf (ZH)","A Fehraltorf l'Iniziativa sulla neutralità è stata respinta con il 71,7 per cento.","https://thumb.wikimedia.org/wikipedia/commons/thumb/a/ad/CHE_Fehraltorf_COA.svg/330px-CHE_Fehraltorf_COA.svg.png"
173,35.3,35.3,64.7,"Hittnau (ZH)","A Hittnau l'Iniziativa sulla neutralità non ottiene la maggioranza: 64,7 per cento di no.","https://thumb.wikimedia.org/wikipedia/commons/thumb/d/d5/CHE_Hittnau_COA.svg/250px-CHE_Hittnau_COA.svg.png"
176,32.4,32.4,67.6,"Lindau (ZH)","La popolazione di Lindau respinge l'Iniziativa sulla neutralità con il 67,6 per cento.","https://thumb.wikimedia.org/wikipedia/commons/thumb/8/86/CHE_Lindau_COA.svg/250px-CHE_Lindau_COA.svg.png"
177,27.2,27.2,72.8,"Pfäffikon (ZH)","A Pfäffikon l'Iniziativa sulla neutralità è stata respinta con il 72,8 per cento.","https://thumb.wikimedia.org/wikipedia/commons/thumb/6/61/CHE_Pf%C3%A4ffikon_ZH_COA.svg/960px-CHE_Pf%C3%A4ffikon_ZH_COA.svg.png"
178,36,36,64,"Russikon (ZH)","La popolazione di Russikon respinge l'Iniziativa sulla neutralità con il 64 per cento.","https://thumb.wikimedia.org/wikipedia/commons/thumb/2/2f/CHE_Russikon_COA.svg/250px-CHE_Russikon_COA.svg.png"
180,35.7,35.7,64.3,"Weisslingen (ZH)","A Weisslingen l'Iniziativa sulla neutralità è stata respinta con il 64,3 per cento.","https://thumb.wikimedia.org/wikipedia/commons/thumb/3/39/CHE_Weisslingen_COA.svg/250px-CHE_Weisslingen_COA.svg.png"
181,45.2,45.2,54.8,"Wila (ZH)","A Wila l'Iniziativa sulla neutralità è stata respinta con il 54,8 per cento.","https://thumb.wikimedia.org/wikipedia/commons/thumb/1/16/CHE_Wila_COA.svg/250px-CHE_Wila_COA.svg.png"
182,36.3,36.3,63.7,"Wildberg (ZH)","La popolazione di Wildberg respinge l'Iniziativa sulla neutralità con il 63,7 per cento.","https://thumb.wikimedia.org/wikipedia/commons/thumb/0/0b/CHE_Wildberg_COA.svg/250px-CHE_Wildberg_COA.svg.png"
191,28.1,28.1,71.9,"Dübendorf (ZH)","La popolazione di Dübendorf respinge l'Iniziativa sulla neutralità con il 71,9 per cento.","https://thumb.wikimedia.org/wikipedia/commons/thumb/f/f7/CHE_D%C3%BCbendorf_COA.svg/250px-CHE_D%C3%BCbendorf_COA.svg.png"
192,31.4,31.4,68.6,"Egg (ZH)","A Egg l'Iniziativa sulla neutralità non ottiene la maggioranza: 68,6 per cento di no.","https://thumb.wikimedia.org/wikipedia/commons/thumb/6/6a/CHE_Egg_COA_%28variant%29.svg/250px-CHE_Egg_COA_%28variant%29.svg.png"
193,27,27,73,"Fällanden (ZH)","La popolazione di Fällanden respinge l'Iniziativa sulla neutralità con il 73 per cento.","https://thumb.wikimedia.org/wikipedia/commons/thumb/c/c4/CHE_F%C3%A4llanden_COA.svg/250px-CHE_F%C3%A4llanden_COA.svg.png"
194,24.1,24.1,75.9,"Greifensee (ZH)","A Greifensee l'Iniziativa sulla neutralità non ottiene la maggioranza: 75,9 per cento di no.","https://thumb.wikimedia.org/wikipedia/commons/thumb/7/76/CHE_Greifensee_COA.svg/250px-CHE_Greifensee_COA.svg.png"
195,28.2,28.2,71.8,"Maur (ZH)","La popolazione di Maur respinge l'Iniziativa sulla neutralità con il 71,8 per cento.","https://thumb.wikimedia.org/wikipedia/commons/thumb/c/cf/CHE_Maur_COA.svg/250px-CHE_Maur_COA.svg.png"
196,28.9,28.9,71.1,"Mönchaltorf (ZH)","La popolazione di Mönchaltorf respinge l'Iniziativa sulla neutralità con il 71,1 per cento.","https://thumb.wikimedia.org/wikipedia/commons/thumb/d/d1/CHE_M%C3%B6nchaltorf_COA.svg/250px-CHE_M%C3%B6nchaltorf_COA.svg.png"
197,24.3,24.3,75.7,"Schwerzenbach (ZH)","A Schwerzenbach l'Iniziativa sulla neutralità non ottiene la maggioranza: 75,7 per cento di no.","https://thumb.wikimedia.org/wikipedia/commons/thumb/d/da/CHE_Schwerzenbach_COA.svg/250px-CHE_Schwerzenbach_COA.svg.png"
198,50,0,0,"Uster (ZH)","I risultati di questo comune non sono ancora noti.","https://thumb.wikimedia.org/wikipedia/commons/thumb/2/2d/CHE_Uster_COA.svg/250px-CHE_Uster_COA.svg.png"
199,31.9,31.9,68.1,"Volketswil (ZH)","A Volketswil l'Iniziativa sulla neutralità non ottiene la maggioranza: 68,1 per cento di no.","https://thumb.wikimedia.org/wikipedia/commons/thumb/9/94/CHE_Volketswil_COA.svg/250px-CHE_Volketswil_COA.svg.png"
200,30.8,30.8,69.2,"Wangen-Brüttisellen (ZH)","Con il 69,2 per cento dei voti, l'Iniziativa sulla neutralità viene respinta a Wangen-Brüttisellen.","https://thumb.wikimedia.org/wikipedia/commons/thumb/5/5b/CHE_Wangen-Br%C3%BCttisellen_COA.svg/250px-CHE_Wangen-Br%C3%BCttisellen_COA.svg.png"
211,41.3,41.3,58.7,"Altikon (ZH)","La popolazione di Altikon respinge l'Iniziativa sulla neutralità con il 58,7 per cento.","https://thumb.wikimedia.org/wikipedia/commons/thumb/a/ab/CHE_Altikon_COA.svg/250px-CHE_Altikon_COA.svg.png"
213,29.3,29.3,70.7,"Brütten (ZH)","La popolazione di Brütten respinge l'Iniziativa sulla neutralità con il 70,7 per cento.","https://thumb.wikimedia.org/wikipedia/commons/thumb/4/40/CHE_Br%C3%BCtten_COA.svg/250px-CHE_Br%C3%BCtten_COA.svg.png"
214,31.7,31.7,68.3,"Dägerlen (ZH)","A Dägerlen l'Iniziativa sulla neutralità non ottiene la maggioranza: 68,3 per cento di no.","https://thumb.wikimedia.org/wikipedia/commons/thumb/e/eb/CHE_D%C3%A4gerlen_COA.svg/250px-CHE_D%C3%A4gerlen_COA.svg.png"
215,22.7,22.7,77.3,"Dättlikon (ZH)","Con il 77,3 per cento dei voti, Dättlikon ha respinto l'Iniziativa sulla neutralità.","https://thumb.wikimedia.org/wikipedia/commons/thumb/a/a7/CHE_D%C3%A4ttlikon_COA.svg/250px-CHE_D%C3%A4ttlikon_COA.svg.png"
216,36.7,36.7,63.3,"Dinhard (ZH)","A Dinhard l'Iniziativa sulla neutralità non ottiene la maggioranza: 63,3 per cento di no.","https://thumb.wikimedia.org/wikipedia/commons/thumb/2/2d/CHE_Dinhard_COA.svg/250px-CHE_Dinhard_COA.svg.png"
218,37.2,37.2,62.8,"Ellikon an der Thur (ZH)","A Ellikon an der Thur l'Iniziativa sulla neutralità non ottiene la maggioranza: 62,8 per cento di no.","https://thumb.wikimedia.org/wikipedia/commons/thumb/a/a5/CHE_Ellikon_an_der_Thur_COA.svg/250px-CHE_Ellikon_an_der_Thur_COA.svg.png"
219,28.6,28.6,71.4,"Elsau (ZH)","A Elsau, l'Iniziativa sulla neutralità è stata respinta con il 71,4 per cento.","https://thumb.wikimedia.org/wikipedia/commons/thumb/4/4c/CHE_Elsau_COA.svg/330px-CHE_Elsau_COA.svg.png"
220,42.2,42.2,57.8,"Hagenbuch (ZH)","A Hagenbuch, l'Iniziativa sulla neutralità è stata respinta con il 57,8 per cento.","https://thumb.wikimedia.org/wikipedia/commons/thumb/6/6c/CHE_Hagenbuch_COA.svg/250px-CHE_Hagenbuch_COA.svg.png"
221,24.8,24.8,75.2,"Hettlingen (ZH)","La popolazione di Hettlingen respinge l'Iniziativa sulla neutralità con il 75,2 per cento.","https://thumb.wikimedia.org/wikipedia/commons/thumb/8/80/CHE_Hettlingen_COA.svg/250px-CHE_Hettlingen_COA.svg.png"
223,30.5,30.5,69.5,"Neftenbach (ZH)","A Neftenbach, l'Iniziativa sulla neutralità è stata respinta con il 69,5 per cento.","https://thumb.wikimedia.org/wikipedia/commons/thumb/d/d2/CHE_Neftenbach_COA.svg/250px-CHE_Neftenbach_COA.svg.png"
224,33.2,33.2,66.8,"Pfungen (ZH)","La popolazione di Pfungen respinge l'Iniziativa sulla neutralità con il 66,8 per cento.","https://thumb.wikimedia.org/wikipedia/commons/thumb/e/e8/CHE_Pfungen_COA.svg/250px-CHE_Pfungen_COA.svg.png"
225,31,31,69,"Rickenbach (ZH)","A Rickenbach ZH l'Iniziativa sulla neutralità è stata respinta con il 69 per cento.","https://thumb.wikimedia.org/wikipedia/commons/thumb/0/05/CHE_Rickenbach_COA.svg/250px-CHE_Rickenbach_COA.svg.png"
226,38.8,38.8,61.2,"Schlatt (ZH)","Con il 61,2 per cento dei voti, Schlatt ZH ha respinto l'Iniziativa sulla neutralità.","https://thumb.wikimedia.org/wikipedia/commons/thumb/b/bb/CHE_Schlatt_COA.svg/250px-CHE_Schlatt_COA.svg.png"
227,27.7,27.7,72.3,"Seuzach (ZH)","A Seuzach l'Iniziativa sulla neutralità non ottiene la maggioranza: 72,3 per cento di no.","https://thumb.wikimedia.org/wikipedia/commons/thumb/9/98/CHE_Seuzach_COA.svg/250px-CHE_Seuzach_COA.svg.png"
228,50,0,0,"Turbenthal (ZH)","I risultati di questo comune non sono ancora noti.","https://thumb.wikimedia.org/wikipedia/commons/thumb/a/ae/CHE_Turbenthal_COA.svg/250px-CHE_Turbenthal_COA.svg.png"
230,50,0,0,"Winterthour (ZH)","I risultati di questo comune non sono ancora noti.","https://thumb.wikimedia.org/wikipedia/commons/thumb/b/b8/Wappen_Winterthur.svg/960px-Wappen_Winterthur.svg.png"
231,35.1,35.1,64.9,"Zell (ZH)","Con il 64,9 per cento dei voti, Zell ZH ha respinto l'Iniziativa sulla neutralità.","https://thumb.wikimedia.org/wikipedia/commons/thumb/1/13/CHE_Zell_COA.svg/250px-CHE_Zell_COA.svg.png"
241,26.1,26.1,73.9,"Aesch (ZH)","Con il 73,9 per cento dei voti, Aesch ZH ha respinto l'Iniziativa sulla neutralità.","https://thumb.wikimedia.org/wikipedia/commons/thumb/1/19/CHE_Aesch_COA.svg/250px-CHE_Aesch_COA.svg.png"
242,25.3,25.3,74.7,"Birmensdorf (ZH)","A Birmensdorf ZH l'Iniziativa sulla neutralità è stata respinta con il 74,7 per cento.","https://thumb.wikimedia.org/wikipedia/commons/thumb/2/23/CHE_Birmensdorf_COA.svg/250px-CHE_Birmensdorf_COA.svg.png"
243,29.6,29.6,70.4,"Dietikon (ZH)","La popolazione di Dietikon respinge l'Iniziativa sulla neutralità con il 70,4 per cento.","https://thumb.wikimedia.org/wikipedia/commons/thumb/a/a0/CHE_Dietikon_COA.svg/250px-CHE_Dietikon_COA.svg.png"
244,50,0,0,"Geroldswil (ZH)","I risultati di questo comune non sono ancora noti.","https://thumb.wikimedia.org/wikipedia/commons/thumb/a/ae/CHE_Geroldswil_COA.svg/250px-CHE_Geroldswil_COA.svg.png"
245,24.3,24.3,75.7,"Oberengstringen (ZH)","La popolazione di Oberengstringen respinge l'Iniziativa sulla neutralità con il 75,7 per cento.","https://thumb.wikimedia.org/wikipedia/commons/thumb/a/ac/CHE_Oberengstringen_COA.svg/250px-CHE_Oberengstringen_COA.svg.png"
246,31.3,31.3,68.7,"Oetwil an der Limmat (ZH)","Con il 68,7 per cento dei voti, Oetwil an der Limmat ha respinto l'Iniziativa sulla neutralità.","https://thumb.wikimedia.org/wikipedia/commons/thumb/8/87/CHE_Oetwil_an_der_Limmat_COA.svg/960px-CHE_Oetwil_an_der_Limmat_COA.svg.png"
247,28.5,28.5,71.5,"Schlieren (ZH)","A Schlieren l'Iniziativa sulla neutralità non ottiene la maggioranza: 71,5 per cento di no.","https://thumb.wikimedia.org/wikipedia/commons/thumb/3/38/CHE_Schlieren_COA.svg/250px-CHE_Schlieren_COA.svg.png"
248,22.8,22.8,77.2,"Uitikon (ZH)","La popolazione di Uitikon respinge l'Iniziativa sulla neutralità con il 77,2 per cento.","https://thumb.wikimedia.org/wikipedia/commons/thumb/6/69/CHE_Uitikon_COA.svg/250px-CHE_Uitikon_COA.svg.png"
249,29.8,29.8,70.2,"Unterengstringen (ZH)","A Unterengstringen, l'Iniziativa sulla neutralità è stata respinta con il 70,2 per cento.","https://thumb.wikimedia.org/wikipedia/commons/thumb/6/61/CHE_Unterengstringen_COA.svg/250px-CHE_Unterengstringen_COA.svg.png"
250,28.5,28.5,71.5,"Urdorf (ZH)","La popolazione di Urdorf respinge l'Iniziativa sulla neutralità con il 71,5 per cento.","https://thumb.wikimedia.org/wikipedia/commons/thumb/c/ce/CHE_Urdorf_COA.svg/250px-CHE_Urdorf_COA.svg.png"
251,33.4,33.4,66.6,"Weiningen (ZH)","Con il 66,6 per cento dei voti, Weiningen ZH ha respinto l'Iniziativa sulla neutralità.","https://thumb.wikimedia.org/wikipedia/commons/thumb/7/77/CHE_Weiningen_COA.svg/250px-CHE_Weiningen_COA.svg.png"
261,50,0,0,"Zurigo (ZH)","I risultati di questo comune non sono ancora noti.","https://thumb.wikimedia.org/wikipedia/commons/thumb/4/4a/CHE_Z%C3%BCrich_COA.svg/250px-CHE_Z%C3%BCrich_COA.svg.png"
291,31.2,31.2,68.8,"Andelfingen (ZH)","A Andelfingen, l'Iniziativa sulla neutralità è stata respinta con il 68,8 per cento.","https://thumb.wikimedia.org/wikipedia/commons/thumb/7/7d/CHE_Andelfingen_COA.svg/250px-CHE_Andelfingen_COA.svg.png"
292,34,34,66,"Stammheim (ZH)","La popolazione di Stammheim respinge l'Iniziativa sulla neutralità con il 66 per cento.","https://thumb.wikimedia.org/wikipedia/commons/thumb/d/de/CHE_Stammheim_COA.svg/250px-CHE_Stammheim_COA.svg.png"
293,27.4,27.4,72.6,"Wädenswil (ZH)","A Wädenswil l'Iniziativa sulla neutralità è stata respinta con il 72,6 per cento.","https://thumb.wikimedia.org/wikipedia/commons/thumb/b/b0/CHE_W%C3%A4denswil_COA.svg/250px-CHE_W%C3%A4denswil_COA.svg.png"
294,31.2,31.2,68.8,"Elgg (ZH)","Con il 68,8 per cento dei voti, l'Iniziativa sulla neutralità viene respinta a Elgg.","https://thumb.wikimedia.org/wikipedia/commons/thumb/5/56/CHE_Elgg_COA.svg/250px-CHE_Elgg_COA.svg.png"
295,26.2,26.2,73.8,"Horgen (ZH)","A Horgen l'Iniziativa sulla neutralità non ottiene la maggioranza: 73,8 per cento di no.","https://thumb.wikimedia.org/wikipedia/commons/thumb/1/1a/CHE_Horgen_COA.svg/250px-CHE_Horgen_COA.svg.png"
296,29.7,29.7,70.3,"Illnau-Effretikon (ZH)","A Illnau-Effretikon l'Iniziativa sulla neutralità è stata respinta con il 70,3 per cento.","https://upload.wikimedia.org/wikipedia/commons/7/7e/Wappen-Illnau-Effretikon.jpg"
297,44.4,44.4,55.6,"Bauma (ZH)","La popolazione di Bauma respinge l'Iniziativa sulla neutralità con il 55,6 per cento.","https://thumb.wikimedia.org/wikipedia/commons/thumb/b/b3/CHE_Bauma_COA.svg/250px-CHE_Bauma_COA.svg.png"
298,28.9,28.9,71.1,"Wiesendangen (ZH)","A Wiesendangen l'Iniziativa sulla neutralità è stata respinta con il 71,1 per cento.","https://thumb.wikimedia.org/wikipedia/commons/thumb/4/42/CHE_Wiesendangen_COA.svg/250px-CHE_Wiesendangen_COA.svg.png"
301,50,0,0,"Aarberg (BE)","I risultati di questo comune non sono ancora noti.","https://thumb.wikimedia.org/wikipedia/commons/thumb/b/be/CHE_Aarberg_BE_COA.svg/500px-CHE_Aarberg_BE_COA.svg.png"
302,50,0,0,"Bargen (BE)","I risultati di questo comune non sono ancora noti.","https://thumb.wikimedia.org/wikipedia/commons/thumb/7/77/CHE_Bargen_BE_COA.svg/500px-CHE_Bargen_BE_COA.svg.png"
303,50,0,0,"Grossaffoltern (BE)","I risultati di questo comune non sono ancora noti.","https://thumb.wikimedia.org/wikipedia/commons/thumb/2/23/CHE_Grossaffoltern_BE_COA.svg/500px-CHE_Grossaffoltern_BE_COA.svg.png"
304,50,0,0,"Kallnach (BE)","I risultati di questo comune non sono ancora noti.","https://thumb.wikimedia.org/wikipedia/commons/thumb/1/17/CHE_Kallnach_COA.svg/500px-CHE_Kallnach_COA.svg.png"
305,50,0,0,"Kappelen (BE)","I risultati di questo comune non sono ancora noti.","https://thumb.wikimedia.org/wikipedia/commons/thumb/7/72/CHE_Kappelen_BE_COA.svg/500px-CHE_Kappelen_BE_COA.svg.png"
306,50,0,0,"Lyss (BE)","I risultati di questo comune non sono ancora noti.","https://thumb.wikimedia.org/wikipedia/commons/thumb/8/88/CHE_Lyss_COA.svg/500px-CHE_Lyss_COA.svg.png"
307,50,0,0,"Meikirch (BE)","I risultati di questo comune non sono ancora noti.","https://thumb.wikimedia.org/wikipedia/commons/thumb/f/f0/CHE_Meikirch_COA.svg/500px-CHE_Meikirch_COA.svg.png"
309,50,0,0,"Radelfingen (BE)","I risultati di questo comune non sono ancora noti.","https://thumb.wikimedia.org/wikipedia/commons/thumb/0/05/CHE_Radelfingen_BE_COA.svg/500px-CHE_Radelfingen_BE_COA.svg.png"
310,50,0,0,"Rapperswil (BE)","I risultati di questo comune non sono ancora noti.","https://thumb.wikimedia.org/wikipedia/commons/thumb/8/8f/CHE_Rapperswil_BE_official_COA.svg/500px-CHE_Rapperswil_BE_official_COA.svg.png"
311,50,0,0,"Schüpfen (BE)","I risultati di questo comune non sono ancora noti.","https://thumb.wikimedia.org/wikipedia/commons/thumb/8/8e/CHE_Sch%C3%BCpfen_BE_COA.svg/500px-CHE_Sch%C3%BCpfen_BE_COA.svg.png"
312,50,0,0,"Seedorf (BE)","I risultati di questo comune non sono ancora noti.","https://thumb.wikimedia.org/wikipedia/commons/thumb/7/7a/CHE_Seedorf_BE_COA.svg/960px-CHE_Seedorf_BE_COA.svg.png"
321,29.2,29.2,70.8,"Aarwangen (BE)","Con il 70,8 per cento dei voti, l'Iniziativa sulla neutralità viene respinta a Aarwangen.","https://thumb.wikimedia.org/wikipedia/commons/thumb/d/dd/CHE_Aarwangen_COA.svg/960px-CHE_Aarwangen_COA.svg.png"
322,44.6,44.6,55.4,"Auswil (BE)","A Auswil l'Iniziativa sulla neutralità è stata respinta con il 55,4 per cento.","https://thumb.wikimedia.org/wikipedia/commons/thumb/0/07/CHE_Auswil_COA.svg/960px-CHE_Auswil_COA.svg.png"
323,43.9,43.9,56.1,"Bannwil (BE)","La popolazione di Bannwil respinge l'Iniziativa sulla neutralità con il 56,1 per cento.","https://thumb.wikimedia.org/wikipedia/commons/thumb/b/b3/CHE_Bannwil_COA.svg/500px-CHE_Bannwil_COA.svg.png"
324,35.6,35.6,64.4,"Bleienbach (BE)","La popolazione di Bleienbach respinge l'Iniziativa sulla neutralità con il 64,4 per cento.","https://thumb.wikimedia.org/wikipedia/commons/thumb/c/ce/CHE_Bleienbach_COA.svg/960px-CHE_Bleienbach_COA.svg.png"
325,31.8,31.8,68.2,"Busswil bei Melchnau (BE)","A Busswil bei Melchnau l'Iniziativa sulla neutralità è respinta con 58 contro 27 voti.","https://thumb.wikimedia.org/wikipedia/commons/thumb/f/f7/CHE_Busswil_bei_Melchnau_COA.svg/500px-CHE_Busswil_bei_Melchnau_COA.svg.png"
326,46.7,46.7,53.3,"Gondiswil (BE)","A Gondiswil l'Iniziativa sulla neutralità è stata respinta con il 53,3 per cento.","https://thumb.wikimedia.org/wikipedia/commons/thumb/f/f4/CHE_Gondiswil_COA.svg/960px-CHE_Gondiswil_COA.svg.png"
329,23.5,23.5,76.5,"Langenthal (BE)","Con il 76,5 per cento dei voti, Langenthal ha respinto l'Iniziativa sulla neutralità.","https://thumb.wikimedia.org/wikipedia/commons/thumb/f/f2/CHE_Langenthal_COA.svg/960px-CHE_Langenthal_COA.svg.png"
331,31.6,31.6,68.4,"Lotzwil (BE)","La popolazione di Lotzwil respinge l'Iniziativa sulla neutralità con il 68,4 per cento.","https://thumb.wikimedia.org/wikipedia/commons/thumb/6/64/CHE_Lotzwil_COA.svg/500px-CHE_Lotzwil_COA.svg.png"
332,35.4,35.4,64.6,"Madiswil (BE)","A Madiswil l'Iniziativa sulla neutralità non ottiene la maggioranza: 64,6 per cento di no.","https://thumb.wikimedia.org/wikipedia/commons/thumb/4/45/CHE_Madiswil_COA.svg/500px-CHE_Madiswil_COA.svg.png"
333,36.6,36.6,63.4,"Melchnau (BE)","Con il 63,4 per cento dei voti, l'Iniziativa sulla neutralità viene respinta a Melchnau.","https://thumb.wikimedia.org/wikipedia/commons/thumb/e/e7/CHE_Melchnau_COA.svg/500px-CHE_Melchnau_COA.svg.png"
335,46.8,46.8,53.2,"Oeschenbach (BE)","A Oeschenbach, l'Iniziativa sulla neutralità è stata respinta con 42 contro 37 voti.","https://thumb.wikimedia.org/wikipedia/commons/thumb/a/a7/CHE_Oeschenbach_COA.svg/500px-CHE_Oeschenbach_COA.svg.png"
336,53,53,47,"Reisiswil (BE)","A Reisiswil l'Iniziativa sulla neutralità passa con 35 contro 31 voti.","https://thumb.wikimedia.org/wikipedia/commons/thumb/5/5b/CHE_Reisiswil_COA.svg/500px-CHE_Reisiswil_COA.svg.png"
337,30.5,30.5,69.5,"Roggwil (BE)","Con il 69,5 per cento dei voti, Roggwil BE ha respinto l'Iniziativa sulla neutralità.","https://thumb.wikimedia.org/wikipedia/commons/thumb/e/e0/CHE_Roggwil_BE_COA.svg/500px-CHE_Roggwil_BE_COA.svg.png"
338,34.9,34.9,65.1,"Rohrbach (BE)","La popolazione di Rohrbach respinge l'Iniziativa sulla neutralità con il 65,1 per cento.","https://thumb.wikimedia.org/wikipedia/commons/thumb/8/81/CHE_Rohrbach_COA.svg/960px-CHE_Rohrbach_COA.svg.png"
339,58.5,58.5,41.5,"Rohrbachgraben (BE)","A Rohrbachgraben, l'Iniziativa sulla neutralità è stata approvata con il 58,5 per cento.","https://thumb.wikimedia.org/wikipedia/commons/thumb/8/86/CHE_Rohrbachgraben_COA.svg/500px-CHE_Rohrbachgraben_COA.svg.png"
340,36.4,36.4,63.6,"Rütschelen (BE)","Con il 63,6 per cento dei voti, Rütschelen ha respinto l'Iniziativa sulla neutralità.","https://thumb.wikimedia.org/wikipedia/commons/thumb/c/c1/CHE_R%C3%BCtschelen_COA.svg/960px-CHE_R%C3%BCtschelen_COA.svg.png"
341,43.4,43.4,56.6,"Schwarzhäusern (BE)","A Schwarzhäusern, l'Iniziativa sulla neutralità è stata respinta con il 56,6 per cento.","https://thumb.wikimedia.org/wikipedia/commons/thumb/5/5b/CHE_Schwarzh%C3%A4usern_COA.svg/500px-CHE_Schwarzh%C3%A4usern_COA.svg.png"
342,30.7,30.7,69.3,"Thunstetten (BE)","La popolazione di Thunstetten respinge l'Iniziativa sulla neutralità con il 69,3 per cento.","https://thumb.wikimedia.org/wikipedia/commons/thumb/e/e5/CHE_Thunstetten_COA.svg/500px-CHE_Thunstetten_COA.svg.png"
344,41.6,41.6,58.4,"Ursenbach (BE)","A Ursenbach l'Iniziativa sulla neutralità non ottiene la maggioranza: 58,4 per cento di no.","https://thumb.wikimedia.org/wikipedia/commons/thumb/0/08/CHE_Ursenbach_COA.svg/500px-CHE_Ursenbach_COA.svg.png"
345,26.7,26.7,73.3,"Wynau (BE)","A Wynau l'Iniziativa sulla neutralità è stata respinta con il 73,3 per cento.","https://thumb.wikimedia.org/wikipedia/commons/thumb/a/ab/CHE_Wynau_COA.svg/500px-CHE_Wynau_COA.svg.png"
351,50,0,0,"Berna (BE)","I risultati di questo comune non sono ancora noti.","https://thumb.wikimedia.org/wikipedia/commons/thumb/9/91/CHE_Bern_BE_COA.svg/960px-CHE_Bern_BE_COA.svg.png"
352,50,0,0,"Bolligen (BE)","I risultati di questo comune non sono ancora noti.","https://thumb.wikimedia.org/wikipedia/commons/thumb/b/ba/CHE_Bolligen_COA.svg/500px-CHE_Bolligen_COA.svg.png"
353,50,0,0,"Bremgarten bei Bern (BE)","I risultati di questo comune non sono ancora noti.","https://thumb.wikimedia.org/wikipedia/commons/thumb/1/1f/CHE_Bremgarten_bei_Bern_COA.svg/500px-CHE_Bremgarten_bei_Bern_COA.svg.png"
354,50,0,0,"Kirchlindach (BE)","I risultati di questo comune non sono ancora noti.","https://thumb.wikimedia.org/wikipedia/commons/thumb/0/0f/CHE_Kirchlindach_COA.svg/500px-CHE_Kirchlindach_COA.svg.png"
355,50,0,0,"Köniz (BE)","I risultati di questo comune non sono ancora noti.","https://thumb.wikimedia.org/wikipedia/commons/thumb/e/e3/CHE_K%C3%B6niz_COA.svg/960px-CHE_K%C3%B6niz_COA.svg.png"
356,50,0,0,"Muri bei Bern (BE)","I risultati di questo comune non sono ancora noti.","https://thumb.wikimedia.org/wikipedia/commons/thumb/8/85/CHE_Muri_bei_Bern_COA.svg/500px-CHE_Muri_bei_Bern_COA.svg.png"
357,50,0,0,"Oberbalm (BE)","I risultati di questo comune non sono ancora noti.","https://thumb.wikimedia.org/wikipedia/commons/thumb/5/5b/CHE_Oberbalm_COA.svg/500px-CHE_Oberbalm_COA.svg.png"
358,50,0,0,"Stettlen (BE)","I risultati di questo comune non sono ancora noti.","https://thumb.wikimedia.org/wikipedia/commons/thumb/9/9d/CHE_Stettlen_COA.svg/500px-CHE_Stettlen_COA.svg.png"
359,50,0,0,"Vechigen (BE)","I risultati di questo comune non sono ancora noti.","https://thumb.wikimedia.org/wikipedia/commons/thumb/d/df/CHE_Vechigen_COA.svg/500px-CHE_Vechigen_COA.svg.png"
360,50,0,0,"Wohlen bei Bern (BE)","I risultati di questo comune non sono ancora noti.","https://thumb.wikimedia.org/wikipedia/commons/thumb/d/de/CHE_Wohlen_bei_Bern_COA.svg/500px-CHE_Wohlen_bei_Bern_COA.svg.png"
361,50,0,0,"Zollikofen (BE)","I risultati di questo comune non sono ancora noti.","https://thumb.wikimedia.org/wikipedia/commons/thumb/7/72/CHE_Zollikofen_COA.svg/500px-CHE_Zollikofen_COA.svg.png"
362,50,0,0,"Ittigen (BE)","I risultati di questo comune non sono ancora noti.","https://thumb.wikimedia.org/wikipedia/commons/thumb/2/21/CHE_Ittigen_COA.svg/960px-CHE_Ittigen_COA.svg.png"
363,50,0,0,"Ostermundigen (BE)","I risultati di questo comune non sono ancora noti.","https://thumb.wikimedia.org/wikipedia/commons/thumb/0/08/CHE_Ostermundigen_COA.svg/500px-CHE_Ostermundigen_COA.svg.png"
371,21.2,21.2,78.8,"Bienne (BE)","La popolazione di Bienne respinge l'Iniziativa sulla neutralità con il 78,8 per cento.","https://thumb.wikimedia.org/wikipedia/commons/thumb/3/39/CHE_Biel_COA.svg/960px-CHE_Biel_COA.svg.png"
372,21.1,21.1,78.9,"Evilard (BE)","A Evilard l'Iniziativa sulla neutralità è stata respinta con il 78,9 per cento.","https://thumb.wikimedia.org/wikipedia/commons/thumb/5/5b/CHE_Evilard_COA.svg/500px-CHE_Evilard_COA.svg.png"
381,50,0,0,"Arch (BE)","I risultati di questo comune non sono ancora noti.","https://thumb.wikimedia.org/wikipedia/commons/thumb/4/48/CHE_Arch_COA.svg/500px-CHE_Arch_COA.svg.png"
382,50,0,0,"Büetigen (BE)","I risultati di questo comune non sono ancora noti.","https://thumb.wikimedia.org/wikipedia/commons/thumb/e/e0/CHE_B%C3%BCetigen_COA.svg/500px-CHE_B%C3%BCetigen_COA.svg.png"
383,50,0,0,"Büren an der Aare (BE)","I risultati di questo comune non sono ancora noti.","https://thumb.wikimedia.org/wikipedia/commons/thumb/5/55/CHE_B%C3%BCren_an_der_Aare_COA.svg/500px-CHE_B%C3%BCren_an_der_Aare_COA.svg.png"
385,50,0,0,"Diessbach bei Büren (BE)","I risultati di questo comune non sono ancora noti.","https://thumb.wikimedia.org/wikipedia/commons/thumb/1/1b/CHE_Diessbach_bei_B%C3%BCren_COA.svg/500px-CHE_Diessbach_bei_B%C3%BCren_COA.svg.png"
386,50,0,0,"Dotzigen (BE)","I risultati di questo comune non sono ancora noti.","https://thumb.wikimedia.org/wikipedia/commons/thumb/a/aa/CHE_Dotzigen_BE_COA.svg/500px-CHE_Dotzigen_BE_COA.svg.png"
387,31.6,31.6,68.4,"Longeau (BE)","Con il 68,4 per cento dei voti, l'Iniziativa sulla neutralità viene respinta a Longeau.","https://thumb.wikimedia.org/wikipedia/commons/thumb/d/dd/CHE_Lengnau_BE_COA.svg/500px-CHE_Lengnau_BE_COA.svg.png"
388,50,0,0,"Leuzigen (BE)","I risultati di questo comune non sono ancora noti.","https://thumb.wikimedia.org/wikipedia/commons/thumb/b/ba/CHE_Leuzigen_COA.svg/500px-CHE_Leuzigen_COA.svg.png"
390,37,37,63,"Meinisberg (BE)","A Meinisberg l'Iniziativa sulla neutralità è stata respinta con il 63 per cento.","https://thumb.wikimedia.org/wikipedia/commons/thumb/9/99/CHE_Meinisberg_COA.svg/500px-CHE_Meinisberg_COA.svg.png"
391,50,0,0,"Oberwil bei Büren (BE)","I risultati di questo comune non sono ancora noti.","https://thumb.wikimedia.org/wikipedia/commons/thumb/0/08/CHE_Oberwil_bei_B%C3%BCren_COA.svg/960px-CHE_Oberwil_bei_B%C3%BCren_COA.svg.png"
392,30.5,30.5,69.5,"Perles (BE)","A Perles, l'Iniziativa sulla neutralità è stata respinta con il 69,5 per cento.","https://thumb.wikimedia.org/wikipedia/commons/thumb/b/bc/CHE_Pieterlen_COA.svg/500px-CHE_Pieterlen_COA.svg.png"
393,50,0,0,"Rüti bei Büren (BE)","I risultati di questo comune non sono ancora noti.","https://thumb.wikimedia.org/wikipedia/commons/thumb/1/18/CHE_R%C3%BCti_bei_B%C3%BCren_COA.svg/500px-CHE_R%C3%BCti_bei_B%C3%BCren_COA.svg.png"
394,50,0,0,"Wengi (BE)","I risultati di questo comune non sono ancora noti.","https://thumb.wikimedia.org/wikipedia/commons/thumb/6/66/CHE_Wengi_COA.svg/500px-CHE_Wengi_COA.svg.png"
401,50,0,0,"Aefligen (BE)","I risultati di questo comune non sono ancora noti.","https://thumb.wikimedia.org/wikipedia/commons/thumb/5/57/CHE_Aefligen_COA.svg/500px-CHE_Aefligen_COA.svg.png"
402,50,0,0,"Alchenstorf (BE)","I risultati di questo comune non sono ancora noti.","https://thumb.wikimedia.org/wikipedia/commons/thumb/6/65/CHE_Alchenstorf_COA.svg/500px-CHE_Alchenstorf_COA.svg.png"
403,50,0,0,"Bäriswil (BE)","I risultati di questo comune non sono ancora noti.","https://thumb.wikimedia.org/wikipedia/commons/thumb/b/b6/CHE_B%C3%A4riswil_COA.svg/500px-CHE_B%C3%A4riswil_COA.svg.png"
404,50,0,0,"Berthoud (BE)","I risultati di questo comune non sono ancora noti.","https://thumb.wikimedia.org/wikipedia/commons/thumb/8/80/CHE_Burgdorf_BE_COA.svg/500px-CHE_Burgdorf_BE_COA.svg.png"
405,50,0,0,"Ersigen (BE)","I risultati di questo comune non sono ancora noti.","https://thumb.wikimedia.org/wikipedia/commons/thumb/0/0c/CHE_Ersigen_COA.svg/500px-CHE_Ersigen_COA.svg.png"
406,50,0,0,"Hasle bei Burgdorf (BE)","I risultati di questo comune non sono ancora noti.","https://thumb.wikimedia.org/wikipedia/commons/thumb/5/5e/CHE_Hasle_bei_Burgdorf_COA.svg/500px-CHE_Hasle_bei_Burgdorf_COA.svg.png"
407,50,0,0,"Heimiswil (BE)","I risultati di questo comune non sono ancora noti.","https://thumb.wikimedia.org/wikipedia/commons/thumb/c/ca/CHE_Heimiswil_COA.svg/500px-CHE_Heimiswil_COA.svg.png"
409,50,0,0,"Hindelbank (BE)","I risultati di questo comune non sono ancora noti.","https://thumb.wikimedia.org/wikipedia/commons/thumb/0/0d/CHE_Hindelbank_COA.svg/500px-CHE_Hindelbank_COA.svg.png"
410,50,0,0,"Höchstetten (BE)","I risultati di questo comune non sono ancora noti.","https://thumb.wikimedia.org/wikipedia/commons/thumb/8/8c/CHE_H%C3%B6chstetten_COA.svg/500px-CHE_H%C3%B6chstetten_COA.svg.png"
411,50,0,0,"Kernenried (BE)","I risultati di questo comune non sono ancora noti.","https://thumb.wikimedia.org/wikipedia/commons/thumb/e/ec/CHE_Kernenried_COA.svg/500px-CHE_Kernenried_COA.svg.png"
412,50,0,0,"Kirchberg (BE)","I risultati di questo comune non sono ancora noti.","https://thumb.wikimedia.org/wikipedia/commons/thumb/1/1d/CHE_Kirchberg_BE_COA.svg/960px-CHE_Kirchberg_BE_COA.svg.png"
413,50,0,0,"Koppigen (BE)","I risultati di questo comune non sono ancora noti.","https://thumb.wikimedia.org/wikipedia/commons/thumb/0/02/CHE_Koppigen_COA.svg/500px-CHE_Koppigen_COA.svg.png"
414,50,0,0,"Krauchthal (BE)","I risultati di questo comune non sono ancora noti.","https://thumb.wikimedia.org/wikipedia/commons/thumb/f/f0/CHE_Krauchthal_COA.svg/500px-CHE_Krauchthal_COA.svg.png"
415,50,0,0,"Lyssach (BE)","I risultati di questo comune non sono ancora noti.","https://thumb.wikimedia.org/wikipedia/commons/thumb/3/3a/CHE_Lyssach_COA.svg/500px-CHE_Lyssach_COA.svg.png"
418,50,0,0,"Oberburg (BE)","I risultati di questo comune non sono ancora noti.","https://thumb.wikimedia.org/wikipedia/commons/thumb/e/e3/CHE_Oberburg_COA.svg/960px-CHE_Oberburg_COA.svg.png"
420,50,0,0,"Rüdtligen-Alchenflüh (BE)","I risultati di questo comune non sono ancora noti.","https://thumb.wikimedia.org/wikipedia/commons/thumb/a/af/CHE_R%C3%BCdtligen-Alchenfl%C3%BCh_COA.svg/500px-CHE_R%C3%BCdtligen-Alchenfl%C3%BCh_COA.svg.png"
421,50,0,0,"Rumendingen (BE)","I risultati di questo comune non sono ancora noti.","https://thumb.wikimedia.org/wikipedia/commons/thumb/a/a0/CHE_Rumendingen_COA.svg/500px-CHE_Rumendingen_COA.svg.png"
422,50,0,0,"Rüti bei Lyssach (BE)","I risultati di questo comune non sono ancora noti.","https://thumb.wikimedia.org/wikipedia/commons/thumb/d/d8/CHE_R%C3%BCti_bei_Lyssach_COA.svg/500px-CHE_R%C3%BCti_bei_Lyssach_COA.svg.png"
423,50,0,0,"Willadingen (BE)","I risultati di questo comune non sono ancora noti.","https://thumb.wikimedia.org/wikipedia/commons/thumb/a/a7/CHE_Willadingen_COA.svg/500px-CHE_Willadingen_COA.svg.png"
424,50,0,0,"Wynigen (BE)","I risultati di questo comune non sono ancora noti.","https://thumb.wikimedia.org/wikipedia/commons/thumb/1/17/CHE_Wynigen_COA.svg/960px-CHE_Wynigen_COA.svg.png"
431,50,0,0,"Corgémont (BE)","I risultati di questo comune non sono ancora noti.","https://thumb.wikimedia.org/wikipedia/commons/thumb/b/b3/CHE_Corg%C3%A9mont_COA.svg/500px-CHE_Corg%C3%A9mont_COA.svg.png"
432,50,0,0,"Cormoret (BE)","I risultati di questo comune non sono ancora noti.","https://thumb.wikimedia.org/wikipedia/commons/thumb/d/d6/CHE_Cormoret_COA.svg/500px-CHE_Cormoret_COA.svg.png"
433,50,0,0,"Cortébert (BE)","I risultati di questo comune non sono ancora noti.","https://thumb.wikimedia.org/wikipedia/commons/thumb/7/73/CHE_Cort%C3%A9bert_COA.svg/500px-CHE_Cort%C3%A9bert_COA.svg.png"
434,50,0,0,"Courtelary (BE)","I risultati di questo comune non sono ancora noti.","https://thumb.wikimedia.org/wikipedia/commons/thumb/6/6b/CHE_Courtelary_COA.svg/500px-CHE_Courtelary_COA.svg.png"
435,50,0,0,"La Ferrière (BE)","I risultati di questo comune non sono ancora noti.","https://thumb.wikimedia.org/wikipedia/commons/thumb/2/24/CHE_La_Ferri%C3%A8re_COA.svg/500px-CHE_La_Ferri%C3%A8re_COA.svg.png"
437,50,0,0,"Mont-Tramelan (BE)","I risultati di questo comune non sono ancora noti.","https://thumb.wikimedia.org/wikipedia/commons/thumb/4/4c/CHE_Mont-Tramelan_COA.svg/500px-CHE_Mont-Tramelan_COA.svg.png"
438,50,0,0,"Orvin (BE)","I risultati di questo comune non sono ancora noti.","https://thumb.wikimedia.org/wikipedia/commons/thumb/c/cf/CHE_Orvin_COA.svg/500px-CHE_Orvin_COA.svg.png"
441,50,0,0,"Renan (BE)","I risultati di questo comune non sono ancora noti.","https://thumb.wikimedia.org/wikipedia/commons/thumb/0/08/CHE_Renan_COA.svg/500px-CHE_Renan_COA.svg.png"
442,50,0,0,"Romont (BE)","I risultati di questo comune non sono ancora noti.","https://thumb.wikimedia.org/wikipedia/commons/thumb/4/4c/CHE_Romont_BE_COA.svg/500px-CHE_Romont_BE_COA.svg.png"
443,50,0,0,"Saint-Imier (BE)","I risultati di questo comune non sono ancora noti.","https://thumb.wikimedia.org/wikipedia/commons/thumb/4/4a/CHE_Saint-Imier_COA.svg/500px-CHE_Saint-Imier_COA.svg.png"
444,50,0,0,"Sonceboz-Sombeval (BE)","I risultati di questo comune non sono ancora noti.","https://thumb.wikimedia.org/wikipedia/commons/thumb/9/9d/CHE_Sonceboz-Sombeval_COA.svg/500px-CHE_Sonceboz-Sombeval_COA.svg.png"
445,50,0,0,"Sonvilier (BE)","I risultati di questo comune non sono ancora noti.","https://thumb.wikimedia.org/wikipedia/commons/thumb/b/bd/CHE_Sonvilier_COA.svg/500px-CHE_Sonvilier_COA.svg.png"
446,50,0,0,"Tramelan (BE)","I risultati di questo comune non sono ancora noti.","https://thumb.wikimedia.org/wikipedia/commons/thumb/4/49/CHE_Tramelan_COA.svg/500px-CHE_Tramelan_COA.svg.png"
448,50,0,0,"Villeret (BE)","I risultati di questo comune non sono ancora noti.","https://thumb.wikimedia.org/wikipedia/commons/thumb/8/8a/CHE_Villeret_COA.svg/500px-CHE_Villeret_COA.svg.png"
449,50,0,0,"Sauge (BE)","I risultati di questo comune non sono ancora noti.","https://thumb.wikimedia.org/wikipedia/commons/thumb/f/fd/CHE_Sauge_COA.svg/500px-CHE_Sauge_COA.svg.png"
450,50,0,0,"Péry-La Heutte (BE)","I risultati di questo comune non sono ancora noti.","https://thumb.wikimedia.org/wikipedia/commons/thumb/0/02/CHE_P%C3%A9ry-La_Heutte_COA.svg/500px-CHE_P%C3%A9ry-La_Heutte_COA.svg.png"
491,50,0,0,"Brüttelen (BE)","I risultati di questo comune non sono ancora noti.","https://thumb.wikimedia.org/wikipedia/commons/thumb/f/f8/CHE_Br%C3%BCttelen_COA.svg/500px-CHE_Br%C3%BCttelen_COA.svg.png"
492,50,0,0,"Cerlier (BE)","I risultati di questo comune non sono ancora noti.","https://thumb.wikimedia.org/wikipedia/commons/thumb/b/b4/CHE_Erlach_COA.svg/500px-CHE_Erlach_COA.svg.png"
493,50,0,0,"Finsterhennen (BE)","I risultati di questo comune non sono ancora noti.","https://thumb.wikimedia.org/wikipedia/commons/thumb/c/c5/CHE_Finsterhennen_BE_COA.svg/500px-CHE_Finsterhennen_BE_COA.svg.png"
494,50,0,0,"Gals (BE)","I risultati di questo comune non sono ancora noti.","https://thumb.wikimedia.org/wikipedia/commons/thumb/2/29/CHE_Gals_COA.svg/500px-CHE_Gals_COA.svg.png"
495,50,0,0,"Gampelen (BE)","I risultati di questo comune non sono ancora noti.","https://thumb.wikimedia.org/wikipedia/commons/thumb/5/50/CHE_Gampelen_COA.svg/500px-CHE_Gampelen_COA.svg.png"
496,50,0,0,"Anet (BE)","I risultati di questo comune non sono ancora noti.","https://thumb.wikimedia.org/wikipedia/commons/thumb/6/6b/CHE_Ins_COA.svg/500px-CHE_Ins_COA.svg.png"
497,50,0,0,"Lüscherz (BE)","I risultati di questo comune non sono ancora noti.","https://thumb.wikimedia.org/wikipedia/commons/thumb/8/8b/CHE_L%C3%BCscherz_COA.svg/500px-CHE_L%C3%BCscherz_COA.svg.png"
498,50,0,0,"Müntschemier (BE)","I risultati di questo comune non sono ancora noti.","https://thumb.wikimedia.org/wikipedia/commons/thumb/a/a8/CHE_M%C3%BCntschemier_COA.svg/500px-CHE_M%C3%BCntschemier_COA.svg.png"
499,50,0,0,"Siselen (BE)","I risultati di questo comune non sono ancora noti.","https://thumb.wikimedia.org/wikipedia/commons/thumb/9/97/CHE_Siselen_COA.svg/500px-CHE_Siselen_COA.svg.png"
500,50,0,0,"Treiten (BE)","I risultati di questo comune non sono ancora noti.","https://thumb.wikimedia.org/wikipedia/commons/thumb/8/81/CHE_Treiten_COA.svg/500px-CHE_Treiten_COA.svg.png"
501,50,0,0,"Tschugg (BE)","I risultati di questo comune non sono ancora noti.","https://thumb.wikimedia.org/wikipedia/commons/thumb/b/b8/CHE_Tschugg_COA.svg/500px-CHE_Tschugg_COA.svg.png"
502,50,0,0,"Vinelz (BE)","I risultati di questo comune non sono ancora noti.","https://thumb.wikimedia.org/wikipedia/commons/thumb/d/d3/CHE_Vinelz_COA.svg/500px-CHE_Vinelz_COA.svg.png"
533,50,0,0,"Bätterkinden (BE)","I risultati di questo comune non sono ancora noti.","https://thumb.wikimedia.org/wikipedia/commons/thumb/7/7b/CHE_B%C3%A4tterkinden_COA.svg/500px-CHE_B%C3%A4tterkinden_COA.svg.png"
538,50,0,0,"Fraubrunnen (BE)","I risultati di questo comune non sono ancora noti.","https://thumb.wikimedia.org/wikipedia/commons/thumb/2/2e/CHE_Fraubrunnen_COA.svg/500px-CHE_Fraubrunnen_COA.svg.png"
540,50,0,0,"Jegenstorf (BE)","I risultati di questo comune non sono ancora noti.","https://thumb.wikimedia.org/wikipedia/commons/thumb/1/10/CHE_Jegenstorf_COA.svg/500px-CHE_Jegenstorf_COA.svg.png"
541,50,0,0,"Iffwil (BE)","I risultati di questo comune non sono ancora noti.","https://thumb.wikimedia.org/wikipedia/commons/thumb/3/36/CHE_Iffwil_COA.svg/500px-CHE_Iffwil_COA.svg.png"
543,50,0,0,"Mattstetten (BE)","I risultati di questo comune non sono ancora noti.","https://thumb.wikimedia.org/wikipedia/commons/thumb/f/f5/CHE_Mattstetten_COA.svg/500px-CHE_Mattstetten_COA.svg.png"
544,50,0,0,"Moosseedorf (BE)","I risultati di questo comune non sono ancora noti.","https://thumb.wikimedia.org/wikipedia/commons/thumb/6/6f/CHE_Moosseedorf_COA.svg/500px-CHE_Moosseedorf_COA.svg.png"
546,50,0,0,"Münchenbuchsee (BE)","I risultati di questo comune non sono ancora noti.","https://thumb.wikimedia.org/wikipedia/commons/thumb/a/a9/CHE_M%C3%BCnchenbuchsee_COA.svg/500px-CHE_M%C3%BCnchenbuchsee_COA.svg.png"
551,50,0,0,"Urtenen-Schönbühl (BE)","I risultati di questo comune non sono ancora noti.","https://thumb.wikimedia.org/wikipedia/commons/thumb/a/a2/CHE_Urtenen-Sch%C3%B6nb%C3%BChl_COA.svg/500px-CHE_Urtenen-Sch%C3%B6nb%C3%BChl_COA.svg.png"
552,50,0,0,"Utzenstorf (BE)","I risultati di questo comune non sono ancora noti.","https://thumb.wikimedia.org/wikipedia/commons/thumb/f/f7/CHE_Utzenstorf_COA.svg/500px-CHE_Utzenstorf_COA.svg.png"
553,50,0,0,"Wiggiswil (BE)","I risultati di questo comune non sono ancora noti.","https://thumb.wikimedia.org/wikipedia/commons/thumb/5/55/CHE_Wiggiswil_COA.svg/500px-CHE_Wiggiswil_COA.svg.png"
554,50,0,0,"Wiler bei Utzenstorf (BE)","I risultati di questo comune non sono ancora noti.","https://thumb.wikimedia.org/wikipedia/commons/thumb/3/35/CHE_Wiler_bei_Utzenstorf_COA.svg/500px-CHE_Wiler_bei_Utzenstorf_COA.svg.png"
556,50,0,0,"Zielebach (BE)","I risultati di questo comune non sono ancora noti.","https://thumb.wikimedia.org/wikipedia/commons/thumb/8/8e/CHE_Zielebach_COA.svg/500px-CHE_Zielebach_COA.svg.png"
557,50,0,0,"Zuzwil (BE)","I risultati di questo comune non sono ancora noti.","https://thumb.wikimedia.org/wikipedia/commons/thumb/1/1e/CHE_Zuzwil_BE_COA.svg/500px-CHE_Zuzwil_BE_COA.svg.png"
561,57.6,57.6,42.4,"Adelboden (BE)","A Adelboden, l'Iniziativa sulla neutralità è approvata con il 57,6 per cento.","https://thumb.wikimedia.org/wikipedia/commons/thumb/2/21/CHE_Adelboden_COA.svg/500px-CHE_Adelboden_COA.svg.png"
562,43.4,43.4,56.6,"Aeschi bei Spiez (BE)","A Aeschi bei Spiez, l'Iniziativa sulla neutralità è stata respinta con il 56,6 per cento.","https://thumb.wikimedia.org/wikipedia/commons/thumb/9/93/CHE_Aeschi_bei_Spiez_COA.svg/500px-CHE_Aeschi_bei_Spiez_COA.svg.png"
563,47.9,47.9,52.1,"Frutigen (BE)","La popolazione di Frutigen respinge l'Iniziativa sulla neutralità con il 52,1 per cento.","https://thumb.wikimedia.org/wikipedia/commons/thumb/e/e5/CHE_Frutigen_COA.svg/500px-CHE_Frutigen_COA.svg.png"
564,54.8,54.8,45.2,"Kandergrund (BE)","La popolazione di Kandergrund approva l'Iniziativa sulla neutralità con il 54,8 per cento.","https://thumb.wikimedia.org/wikipedia/commons/thumb/3/36/CHE_Kandergrund_COA.svg/500px-CHE_Kandergrund_COA.svg.png"
565,32.2,32.2,67.8,"Kandersteg (BE)","A Kandersteg l'Iniziativa sulla neutralità è stata respinta con il 67,8 per cento.","https://thumb.wikimedia.org/wikipedia/commons/thumb/b/b1/CHE_Kandersteg_COA.svg/500px-CHE_Kandersteg_COA.svg.png"
566,34.8,34.8,65.2,"Krattigen (BE)","Con il 65,2 per cento dei voti, Krattigen ha respinto l'Iniziativa sulla neutralità.","https://thumb.wikimedia.org/wikipedia/commons/thumb/8/80/CHE_Krattigen_COA.svg/960px-CHE_Krattigen_COA.svg.png"
567,47.5,47.5,52.5,"Reichenbach im Kandertal (BE)","A Reichenbach im Kandertal l'Iniziativa sulla neutralità è stata respinta con il 52,5 per cento.","https://thumb.wikimedia.org/wikipedia/commons/thumb/e/ea/CHE_Reichenbach_im_Kandertal_COA.svg/500px-CHE_Reichenbach_im_Kandertal_COA.svg.png"
571,50.6,50.6,49.4,"Beatenberg (BE)","Sì all'Iniziativa sulla neutralità a Beatenberg: 50,6 per cento.","https://thumb.wikimedia.org/wikipedia/commons/thumb/a/a9/CHE_Beatenberg_COA.svg/500px-CHE_Beatenberg_COA.svg.png"
572,30.2,30.2,69.8,"Bönigen (BE)","La popolazione di Bönigen respinge l'Iniziativa sulla neutralità con il 69,8 per cento.","https://thumb.wikimedia.org/wikipedia/commons/thumb/3/39/CHE_B%C3%B6nigen_BE_COA.svg/500px-CHE_B%C3%B6nigen_BE_COA.svg.png"
573,36.2,36.2,63.8,"Brienz (BE)","La popolazione di Brienz BE respinge l'Iniziativa sulla neutralità con il 63,8 per cento.","https://thumb.wikimedia.org/wikipedia/commons/thumb/2/25/CHE_Brienz_COA.svg/960px-CHE_Brienz_COA.svg.png"
574,46.9,46.9,53.1,"Brienzwiler (BE)","A Brienzwiler, l'Iniziativa sulla neutralità è stata respinta con il 53,1 per cento.","https://thumb.wikimedia.org/wikipedia/commons/thumb/e/ef/CHE_Brienzwiler_COA.svg/500px-CHE_Brienzwiler_COA.svg.png"
575,33.3,33.3,66.7,"Därligen (BE)","Con il 66,7 per cento dei voti, l'Iniziativa sulla neutralità viene respinta a Därligen.","https://thumb.wikimedia.org/wikipedia/commons/thumb/c/cf/CHE_D%C3%A4rligen_COA.svg/500px-CHE_D%C3%A4rligen_COA.svg.png"
576,50,50,50,"Grindelwald (BE)","A Grindelwald ci sono 617 voti a favore e altrettanti contrari all'Iniziativa sulla neutralità.","https://thumb.wikimedia.org/wikipedia/commons/thumb/2/28/CHE_Grindelwald_COA.svg/500px-CHE_Grindelwald_COA.svg.png"
577,42,42,58,"Gsteigwiler (BE)","A Gsteigwiler l'Iniziativa sulla neutralità è stata respinta con il 58 per cento.","https://thumb.wikimedia.org/wikipedia/commons/thumb/5/5c/CHE_Gsteigwiler_COA.svg/500px-CHE_Gsteigwiler_COA.svg.png"
578,56.8,56.8,43.2,"Gündlischwand (BE)","A Gündlischwand, l'Iniziativa sulla neutralità è stata approvata con il 56,8 per cento.","https://thumb.wikimedia.org/wikipedia/commons/thumb/c/c6/CHE_G%C3%BCndlischwand_COA.svg/500px-CHE_G%C3%BCndlischwand_COA.svg.png"
579,59.8,59.8,40.2,"Habkern (BE)","A Habkern, l'Iniziativa sulla neutralità è approvata con il 59,8 per cento.","https://thumb.wikimedia.org/wikipedia/commons/thumb/5/5b/CHE_Habkern_COA.svg/960px-CHE_Habkern_COA.svg.png"
580,45.9,45.9,54.1,"Hofstetten bei Brienz (BE)","Con il 54,1 per cento dei voti, l'Iniziativa sulla neutralità viene respinta a Hofstetten bei Brienz.","https://thumb.wikimedia.org/wikipedia/commons/thumb/6/62/CHE_Hofstetten_bei_Brienz_COA.svg/500px-CHE_Hofstetten_bei_Brienz_COA.svg.png"
581,28.7,28.7,71.3,"Interlaken (BE)","A Interlaken l'Iniziativa sulla neutralità è stata respinta con il 71,3 per cento.","https://thumb.wikimedia.org/wikipedia/commons/thumb/9/96/CHE_Interlaken_COA.svg/500px-CHE_Interlaken_COA.svg.png"
582,40,40,60,"Iseltwald (BE)","A Iseltwald l'Iniziativa sulla neutralità non ottiene la maggioranza: 60 per cento di no.","https://thumb.wikimedia.org/wikipedia/commons/thumb/b/b8/CHE_Iseltwald_COA.svg/500px-CHE_Iseltwald_COA.svg.png"
584,33.5,33.5,66.5,"Lauterbrunnen (BE)","Con il 66,5 per cento dei voti, Lauterbrunnen ha respinto l'Iniziativa sulla neutralità.","https://thumb.wikimedia.org/wikipedia/commons/thumb/0/0b/CHE_Lauterbrunnen_COA.svg/500px-CHE_Lauterbrunnen_COA.svg.png"
585,37.5,37.5,62.5,"Leissigen (BE)","A Leissigen, l'Iniziativa sulla neutralità è stata respinta con il 62,5 per cento.","https://thumb.wikimedia.org/wikipedia/commons/thumb/2/24/CHE_Leissigen_COA.svg/500px-CHE_Leissigen_COA.svg.png"
586,54.9,54.9,45.1,"Lütschental (BE)","A Lütschental, l'Iniziativa sulla neutralità è approvata con 39 voti contro 32.","https://thumb.wikimedia.org/wikipedia/commons/thumb/c/c1/CHE_L%C3%BCtschental_COA.svg/500px-CHE_L%C3%BCtschental_COA.svg.png"
587,27.7,27.7,72.3,"Matten bei Interlaken (BE)","A Matten bei Interlaken, l'Iniziativa sulla neutralità è stata respinta con il 72,3 per cento.","https://thumb.wikimedia.org/wikipedia/commons/thumb/2/22/CHE_Matten_bei_Interlaken_COA.svg/500px-CHE_Matten_bei_Interlaken_COA.svg.png"
588,33.1,33.1,66.9,"Niederried bei Interlaken (BE)","Con il 66,9 per cento dei voti, Niederried bei Interlaken ha respinto l'Iniziativa sulla neutralità.","https://thumb.wikimedia.org/wikipedia/commons/thumb/3/39/CHE_Niederried_bei_Interlaken_COA.svg/500px-CHE_Niederried_bei_Interlaken_COA.svg.png"
589,32.4,32.4,67.6,"Oberried am Brienzersee (BE)","La popolazione di Oberried am Brienzersee respinge l'Iniziativa sulla neutralità con il 67,6 per cento.","https://thumb.wikimedia.org/wikipedia/commons/thumb/b/b5/CHE_Oberried_am_Brienzersee_COA.svg/500px-CHE_Oberried_am_Brienzersee_COA.svg.png"
590,34.5,34.5,65.5,"Ringgenberg (BE)","Con il 65,5 per cento dei voti, Ringgenberg BE ha respinto l'Iniziativa sulla neutralità.","https://thumb.wikimedia.org/wikipedia/commons/thumb/9/95/CHE_Ringgenberg_COA.svg/500px-CHE_Ringgenberg_COA.svg.png"
591,53.7,53.7,46.3,"Saxeten (BE)","A Saxeten, l'Iniziativa sulla neutralità è approvata con 22 voti contro 19.","https://thumb.wikimedia.org/wikipedia/commons/thumb/5/5b/CHE_Saxeten_COA.svg/500px-CHE_Saxeten_COA.svg.png"
592,21.7,21.7,78.3,"Schwanden bei Brienz (BE)","La popolazione di Schwanden bei Brienz respinge l'Iniziativa sulla neutralità con il 78,3 per cento.","https://upload.wikimedia.org/wikipedia/commons/4/4f/Wappen-gross.gif"
593,30.1,30.1,69.9,"Unterseen (BE)","La popolazione di Unterseen respinge l'Iniziativa sulla neutralità con il 69,9 per cento.","https://thumb.wikimedia.org/wikipedia/commons/thumb/b/b9/CHE_Unterseen_COA.svg/500px-CHE_Unterseen_COA.svg.png"
594,40.2,40.2,59.8,"Wilderswil (BE)","La popolazione di Wilderswil respinge l'Iniziativa sulla neutralità con il 59,8 per cento.","https://thumb.wikimedia.org/wikipedia/commons/thumb/7/79/CHE_Wilderswil_COA.svg/500px-CHE_Wilderswil_COA.svg.png"
602,50,0,0,"Arni (BE)","I risultati di questo comune non sono ancora noti.","https://thumb.wikimedia.org/wikipedia/commons/thumb/a/a7/CHE_Arni_BE_COA.svg/960px-CHE_Arni_BE_COA.svg.png"
603,50,0,0,"Biglen (BE)","I risultati di questo comune non sono ancora noti.","https://thumb.wikimedia.org/wikipedia/commons/thumb/9/9d/CHE_Biglen_COA.svg/500px-CHE_Biglen_COA.svg.png"
605,50,0,0,"Bowil (BE)","I risultati di questo comune non sono ancora noti.","https://thumb.wikimedia.org/wikipedia/commons/thumb/4/4a/CHE_Bowil_COA.svg/960px-CHE_Bowil_COA.svg.png"
606,50,0,0,"Brenzikofen (BE)","I risultati di questo comune non sono ancora noti.","https://thumb.wikimedia.org/wikipedia/commons/thumb/2/24/CHE_Brenzikofen_COA.svg/500px-CHE_Brenzikofen_COA.svg.png"
607,50,0,0,"Freimettigen (BE)","I risultati di questo comune non sono ancora noti.","https://thumb.wikimedia.org/wikipedia/commons/thumb/3/38/CHE_Freimettigen_COA.svg/500px-CHE_Freimettigen_COA.svg.png"
608,50,0,0,"Grosshöchstetten (BE)","I risultati di questo comune non sono ancora noti.","https://thumb.wikimedia.org/wikipedia/commons/thumb/0/01/CHE_Grossh%C3%B6chstetten_COA.svg/500px-CHE_Grossh%C3%B6chstetten_COA.svg.png"
609,50,0,0,"Häutligen (BE)","I risultati di questo comune non sono ancora noti.","https://thumb.wikimedia.org/wikipedia/commons/thumb/f/fe/CHE_H%C3%A4utligen_COA.svg/500px-CHE_H%C3%A4utligen_COA.svg.png"
610,50,0,0,"Herbligen (BE)","I risultati di questo comune non sono ancora noti.","https://thumb.wikimedia.org/wikipedia/commons/thumb/6/6e/CHE_Herbligen_COA.svg/500px-CHE_Herbligen_COA.svg.png"
611,50,0,0,"Kiesen (BE)","I risultati di questo comune non sono ancora noti.","https://thumb.wikimedia.org/wikipedia/commons/thumb/6/6b/CHE_Kiesen_COA.svg/960px-CHE_Kiesen_COA.svg.png"
612,50,0,0,"Konolfingen (BE)","I risultati di questo comune non sono ancora noti.","https://thumb.wikimedia.org/wikipedia/commons/thumb/d/d8/CHE_Konolfingen_COA.svg/960px-CHE_Konolfingen_COA.svg.png"
613,50,0,0,"Landiswil (BE)","I risultati di questo comune non sono ancora noti.","https://thumb.wikimedia.org/wikipedia/commons/thumb/8/8c/CHE_Landiswil_COA.svg/500px-CHE_Landiswil_COA.svg.png"
614,50,0,0,"Linden (BE)","I risultati di questo comune non sono ancora noti.","https://thumb.wikimedia.org/wikipedia/commons/thumb/e/ea/CHE_Linden_COA.svg/500px-CHE_Linden_COA.svg.png"
615,50,0,0,"Mirchel (BE)","I risultati di questo comune non sono ancora noti.","https://thumb.wikimedia.org/wikipedia/commons/thumb/1/1b/CHE_Mirchel_COA.svg/500px-CHE_Mirchel_COA.svg.png"
616,50,0,0,"Münsingen (BE)","I risultati di questo comune non sono ancora noti.","https://thumb.wikimedia.org/wikipedia/commons/thumb/c/c0/CHE_M%C3%BCnsingen_COA.svg/500px-CHE_M%C3%BCnsingen_COA.svg.png"
617,50,0,0,"Niederhünigen (BE)","I risultati di questo comune non sono ancora noti.","https://thumb.wikimedia.org/wikipedia/commons/thumb/d/d4/CHE_Niederh%C3%BCnigen_COA.svg/500px-CHE_Niederh%C3%BCnigen_COA.svg.png"
619,50,0,0,"Oberdiessbach (BE)","I risultati di questo comune non sono ancora noti.","https://thumb.wikimedia.org/wikipedia/commons/thumb/8/84/CHE_Oberdiessbach_COA.svg/500px-CHE_Oberdiessbach_COA.svg.png"
620,50,0,0,"Oberthal (BE)","I risultati di questo comune non sono ancora noti.","https://thumb.wikimedia.org/wikipedia/commons/thumb/d/d5/CHE_Oberthal_COA.svg/500px-CHE_Oberthal_COA.svg.png"
622,50,0,0,"Oppligen (BE)","I risultati di questo comune non sono ancora noti.","https://thumb.wikimedia.org/wikipedia/commons/thumb/f/f1/CHE_Oppligen_COA.svg/500px-CHE_Oppligen_COA.svg.png"
623,50,0,0,"Rubigen (BE)","I risultati di questo comune non sono ancora noti.","https://thumb.wikimedia.org/wikipedia/commons/thumb/5/5f/CHE_Rubigen_COA.svg/500px-CHE_Rubigen_COA.svg.png"
626,50,0,0,"Walkringen (BE)","I risultati di questo comune non sono ancora noti.","https://thumb.wikimedia.org/wikipedia/commons/thumb/a/a8/CHE_Walkringen_COA.svg/960px-CHE_Walkringen_COA.svg.png"
627,50,0,0,"Worb (BE)","I risultati di questo comune non sono ancora noti.","https://thumb.wikimedia.org/wikipedia/commons/thumb/8/8d/CHE_Worb_COA.svg/960px-CHE_Worb_COA.svg.png"
628,50,0,0,"Zäziwil (BE)","I risultati di questo comune non sono ancora noti.","https://thumb.wikimedia.org/wikipedia/commons/thumb/1/1a/CHE_Z%C3%A4ziwil_COA.svg/960px-CHE_Z%C3%A4ziwil_COA.svg.png"
630,50,0,0,"Allmendingen (BE)","I risultati di questo comune non sono ancora noti.","https://thumb.wikimedia.org/wikipedia/commons/thumb/e/e2/CHE_Allmendingen_bei_Bern_COA.svg/500px-CHE_Allmendingen_bei_Bern_COA.svg.png"
632,50,0,0,"Wichtrach (BE)","I risultati di questo comune non sono ancora noti.","https://thumb.wikimedia.org/wikipedia/commons/thumb/7/71/CHE_Wichtrach_COA.svg/500px-CHE_Wichtrach_COA.svg.png"
662,50,0,0,"Ferenbalm (BE)","I risultati di questo comune non sono ancora noti.","https://thumb.wikimedia.org/wikipedia/commons/thumb/6/64/CHE_Ferenbalm_COA.svg/500px-CHE_Ferenbalm_COA.svg.png"
663,50,0,0,"Frauenkappelen (BE)","I risultati di questo comune non sono ancora noti.","https://thumb.wikimedia.org/wikipedia/commons/thumb/e/e0/CHE_Frauenkappelen_COA.svg/500px-CHE_Frauenkappelen_COA.svg.png"
665,50,0,0,"Gurbrü (BE)","I risultati di questo comune non sono ancora noti.","https://thumb.wikimedia.org/wikipedia/commons/thumb/e/e1/CHE_Gurbr%C3%BC_BE_COA.svg/500px-CHE_Gurbr%C3%BC_BE_COA.svg.png"
666,50,0,0,"Kriechenwil (BE)","I risultati di questo comune non sono ancora noti.","https://thumb.wikimedia.org/wikipedia/commons/thumb/8/86/CHE_Kriechenwil_COA.svg/960px-CHE_Kriechenwil_COA.svg.png"
667,50,0,0,"Laupen (BE)","I risultati di questo comune non sono ancora noti.","https://thumb.wikimedia.org/wikipedia/commons/thumb/4/46/CHE_Laupen_BE_COA.svg/500px-CHE_Laupen_BE_COA.svg.png"
668,50,0,0,"Mühleberg (BE)","I risultati di questo comune non sono ancora noti.","https://thumb.wikimedia.org/wikipedia/commons/thumb/6/6c/CHE_M%C3%BChleberg_COA.svg/500px-CHE_M%C3%BChleberg_COA.svg.png"
669,50,0,0,"Villars-les-Moines (BE)","I risultati di questo comune non sono ancora noti.","https://thumb.wikimedia.org/wikipedia/commons/thumb/b/b5/CHE_M%C3%BCnchenwiler_COA.svg/500px-CHE_M%C3%BCnchenwiler_COA.svg.png"
670,50,0,0,"Neuenegg (BE)","I risultati di questo comune non sono ancora noti.","https://thumb.wikimedia.org/wikipedia/commons/thumb/7/7d/CHE_Neuenegg_COA.svg/500px-CHE_Neuenegg_COA.svg.png"
671,50,0,0,"Wileroltigen (BE)","I risultati di questo comune non sono ancora noti.","https://thumb.wikimedia.org/wikipedia/commons/thumb/b/b4/CHE_Wileroltigen_COA.svg/500px-CHE_Wileroltigen_COA.svg.png"
681,50,0,0,"Belprahon (BE)","I risultati di questo comune non sono ancora noti.","https://thumb.wikimedia.org/wikipedia/commons/thumb/d/df/CHE_Belprahon_COA.svg/500px-CHE_Belprahon_COA.svg.png"
683,50,0,0,"Champoz (BE)","I risultati di questo comune non sono ancora noti.","https://thumb.wikimedia.org/wikipedia/commons/thumb/8/89/CHE_Champoz_COA.svg/500px-CHE_Champoz_COA.svg.png"
687,50,0,0,"Corcelles (BE)","I risultati di questo comune non sono ancora noti.","https://thumb.wikimedia.org/wikipedia/commons/thumb/f/f4/CHE_Corcelles_COA.svg/500px-CHE_Corcelles_COA.svg.png"
690,50,0,0,"Court (BE)","I risultati di questo comune non sono ancora noti.","https://thumb.wikimedia.org/wikipedia/commons/thumb/2/2e/CHE_Court_COA.svg/500px-CHE_Court_COA.svg.png"
691,50,0,0,"Crémines (BE)","I risultati di questo comune non sono ancora noti.","https://thumb.wikimedia.org/wikipedia/commons/thumb/4/43/CHE_Cr%C3%A9mines_COA.svg/500px-CHE_Cr%C3%A9mines_COA.svg.png"
692,50,0,0,"Eschert (BE)","I risultati di questo comune non sono ancora noti.","https://thumb.wikimedia.org/wikipedia/commons/thumb/7/7d/CHE_Eschert_COA.svg/500px-CHE_Eschert_COA.svg.png"
694,50,0,0,"Grandval (BE)","I risultati di questo comune non sono ancora noti.","https://thumb.wikimedia.org/wikipedia/commons/thumb/b/be/CHE_Grandval_COA.svg/500px-CHE_Grandval_COA.svg.png"
696,50,0,0,"Loveresse (BE)","I risultati di questo comune non sono ancora noti.","https://thumb.wikimedia.org/wikipedia/commons/thumb/2/20/CHE_Loveresse_COA.svg/500px-CHE_Loveresse_COA.svg.png"
701,50,0,0,"Perrefitte (BE)","I risultati di questo comune non sono ancora noti.","https://thumb.wikimedia.org/wikipedia/commons/thumb/5/58/CHE_Perrefitte_COA.svg/500px-CHE_Perrefitte_COA.svg.png"
703,50,0,0,"Reconvilier (BE)","I risultati di questo comune non sono ancora noti.","https://thumb.wikimedia.org/wikipedia/commons/thumb/a/a3/CHE_Reconvilier_COA.svg/500px-CHE_Reconvilier_COA.svg.png"
704,50,0,0,"Roches (BE)","I risultati di questo comune non sono ancora noti.","https://thumb.wikimedia.org/wikipedia/commons/thumb/9/90/CHE_Roches_COA.svg/500px-CHE_Roches_COA.svg.png"
706,50,0,0,"Saicourt (BE)","I risultati di questo comune non sono ancora noti.","https://thumb.wikimedia.org/wikipedia/commons/thumb/6/69/CHE_Saicourt_COA.svg/500px-CHE_Saicourt_COA.svg.png"
707,50,0,0,"Saules (BE)","I risultati di questo comune non sono ancora noti.","https://thumb.wikimedia.org/wikipedia/commons/thumb/8/84/CHE_Saules_COA.svg/500px-CHE_Saules_COA.svg.png"
708,50,0,0,"La Scheulte (BE)","I risultati di questo comune non sono ancora noti.","https://thumb.wikimedia.org/wikipedia/commons/thumb/e/e5/CHE_Schelten_COA.svg/500px-CHE_Schelten_COA.svg.png"
709,50,0,0,"Seehof (BE)","I risultati di questo comune non sono ancora noti.","https://thumb.wikimedia.org/wikipedia/commons/thumb/1/1b/CHE_Seehof_COA.svg/500px-CHE_Seehof_COA.svg.png"
711,50,0,0,"Sorvilier (BE)","I risultati di questo comune non sono ancora noti.","https://thumb.wikimedia.org/wikipedia/commons/thumb/b/b4/CHE_Sorvilier_COA.svg/500px-CHE_Sorvilier_COA.svg.png"
713,50,0,0,"Tavannes (BE)","I risultati di questo comune non sono ancora noti.","https://thumb.wikimedia.org/wikipedia/commons/thumb/2/29/CHE_Tavannes_COA.svg/500px-CHE_Tavannes_COA.svg.png"
715,50,0,0,"Rebévelier (BE)","I risultati di questo comune non sono ancora noti.","https://thumb.wikimedia.org/wikipedia/commons/thumb/4/4d/CHE_Reb%C3%A9velier_COA.svg/500px-CHE_Reb%C3%A9velier_COA.svg.png"
716,50,0,0,"Petit-Val (BE)","I risultati di questo comune non sono ancora noti.","https://thumb.wikimedia.org/wikipedia/commons/thumb/4/40/CHE_Petit-Val_COA.svg/500px-CHE_Petit-Val_COA.svg.png"
717,50,0,0,"Valbirse (BE)","I risultati di questo comune non sono ancora noti.","https://thumb.wikimedia.org/wikipedia/commons/thumb/a/a9/CHE_Valbirse_COA.svg/960px-CHE_Valbirse_COA.svg.png"
723,50,0,0,"La Neuveville (BE)","I risultati di questo comune non sono ancora noti.","https://thumb.wikimedia.org/wikipedia/commons/thumb/b/b7/CHE_La_Neuveville_COA.svg/960px-CHE_La_Neuveville_COA.svg.png"
724,50,0,0,"Nods (BE)","I risultati di questo comune non sono ancora noti.","https://thumb.wikimedia.org/wikipedia/commons/thumb/0/0a/CHE_Nods_COA.svg/500px-CHE_Nods_COA.svg.png"
726,50,0,0,"Plateau de Diesse (BE)","I risultati di questo comune non sono ancora noti.","https://upload.wikimedia.org/wikipedia/de/0/02/GW-BE-Plateau-de-Diesse.png"
731,29.9,29.9,70.1,"Aegerten (BE)","La popolazione di Aegerten respinge l'Iniziativa sulla neutralità con il 70,1 per cento.","https://thumb.wikimedia.org/wikipedia/commons/thumb/b/b0/CHE_Aegerten_COA.svg/960px-CHE_Aegerten_COA.svg.png"
732,23.7,23.7,76.3,"Bellmund (BE)","A Bellmund, l'Iniziativa sulla neutralità è stata respinta con il 76,3 per cento.","https://thumb.wikimedia.org/wikipedia/commons/thumb/6/62/CHE_Bellmund_COA.svg/960px-CHE_Bellmund_COA.svg.png"
733,24.1,24.1,75.9,"Brügg (BE)","A Brügg l'Iniziativa sulla neutralità non ottiene la maggioranza: 75,9 per cento di no.","https://thumb.wikimedia.org/wikipedia/commons/thumb/a/a0/CHE_Br%C3%BCgg_COA.svg/500px-CHE_Br%C3%BCgg_COA.svg.png"
734,50,0,0,"Bühl (BE)","I risultati di questo comune non sono ancora noti.","https://thumb.wikimedia.org/wikipedia/commons/thumb/c/cd/CHE_B%C3%BChl_COA.svg/500px-CHE_B%C3%BChl_COA.svg.png"
735,50,0,0,"Epsach (BE)","I risultati di questo comune non sono ancora noti.","https://thumb.wikimedia.org/wikipedia/commons/thumb/a/ad/CHE_Epsach_COA.svg/500px-CHE_Epsach_COA.svg.png"
736,50,0,0,"Hagneck (BE)","I risultati di questo comune non sono ancora noti.","https://thumb.wikimedia.org/wikipedia/commons/thumb/9/92/CHE_Hagneck_COA.svg/500px-CHE_Hagneck_COA.svg.png"
737,50,0,0,"Hermrigen (BE)","I risultati di questo comune non sono ancora noti.","https://thumb.wikimedia.org/wikipedia/commons/thumb/3/33/CHE_Hermrigen_COA.svg/500px-CHE_Hermrigen_COA.svg.png"
738,50,0,0,"Jens (BE)","I risultati di questo comune non sono ancora noti.","https://thumb.wikimedia.org/wikipedia/commons/thumb/5/53/CHE_Jens_COA.svg/500px-CHE_Jens_COA.svg.png"
739,23.3,23.3,76.7,"Ipsach (BE)","A Ipsach, l'Iniziativa sulla neutralità è stata respinta con il 76,7 per cento.","https://thumb.wikimedia.org/wikipedia/commons/thumb/7/75/CHE_Ipsach_COA.svg/960px-CHE_Ipsach_COA.svg.png"
740,17,17,83,"Gléresse (BE)","A Gléresse l'Iniziativa sulla neutralità è stata respinta con il 83 per cento.","https://thumb.wikimedia.org/wikipedia/commons/thumb/e/e9/CHE_Ligerz_COA.svg/500px-CHE_Ligerz_COA.svg.png"
741,50,0,0,"Merzligen (BE)","I risultati di questo comune non sono ancora noti.","https://thumb.wikimedia.org/wikipedia/commons/thumb/2/2d/CHE_Merzligen_COA.svg/500px-CHE_Merzligen_COA.svg.png"
742,25.8,25.8,74.2,"Mörigen (BE)","La popolazione di Mörigen respinge l'Iniziativa sulla neutralità con il 74,2 per cento.","https://thumb.wikimedia.org/wikipedia/commons/thumb/b/b5/CHE_M%C3%B6rigen_COA.svg/500px-CHE_M%C3%B6rigen_COA.svg.png"
743,21.6,21.6,78.4,"Nidau (BE)","A Nidau l'Iniziativa sulla neutralità è stata respinta con il 78,4 per cento.","https://thumb.wikimedia.org/wikipedia/commons/thumb/3/39/CHE_Nidau_COA.svg/960px-CHE_Nidau_COA.svg.png"
744,33.6,33.6,66.4,"Orpund (BE)","A Orpund, l'Iniziativa sulla neutralità è stata respinta con il 66,4 per cento.","https://thumb.wikimedia.org/wikipedia/commons/thumb/7/76/CHE_Orpund_COA.svg/500px-CHE_Orpund_COA.svg.png"
745,20.6,20.6,79.4,"Port (BE)","A Port l'Iniziativa sulla neutralità non ottiene la maggioranza: 79,4 per cento di no.","https://thumb.wikimedia.org/wikipedia/commons/thumb/4/44/CHE_Port_BE_COA.svg/500px-CHE_Port_BE_COA.svg.png"
746,31.8,31.8,68.2,"Safnern (BE)","La popolazione di Safnern respinge l'Iniziativa sulla neutralità con il 68,2 per cento.","https://thumb.wikimedia.org/wikipedia/commons/thumb/9/90/CHE_Safnern_COA.svg/500px-CHE_Safnern_COA.svg.png"
747,39,39,61,"Scheuren (BE)","La popolazione di Scheuren respinge l'Iniziativa sulla neutralità con il 61 per cento.","https://thumb.wikimedia.org/wikipedia/commons/thumb/e/eb/CHE_Scheuren_COA.svg/500px-CHE_Scheuren_COA.svg.png"
748,41.7,41.7,58.3,"Schwadernau (BE)","A Schwadernau, l'Iniziativa sulla neutralità è stata respinta con il 58,3 per cento.","https://thumb.wikimedia.org/wikipedia/commons/thumb/a/af/CHE_Schwadernau_COA.svg/500px-CHE_Schwadernau_COA.svg.png"
749,50,0,0,"Studen (BE)","I risultati di questo comune non sono ancora noti.","https://thumb.wikimedia.org/wikipedia/commons/thumb/c/c8/CHE_Studen_COA.svg/500px-CHE_Studen_COA.svg.png"
750,26.1,26.1,73.9,"Sutz-Lattrigen (BE)","A Sutz-Lattrigen l'Iniziativa sulla neutralità è stata respinta con il 73,9 per cento.","https://thumb.wikimedia.org/wikipedia/commons/thumb/4/4e/CHE_Sutz-Lattrigen_COA.svg/500px-CHE_Sutz-Lattrigen_COA.svg.png"
751,50,0,0,"Täuffelen (BE)","I risultati di questo comune non sono ancora noti.","https://thumb.wikimedia.org/wikipedia/commons/thumb/1/19/CHE_T%C3%A4uffelen_COA.svg/500px-CHE_T%C3%A4uffelen_COA.svg.png"
754,50,0,0,"Walperswil (BE)","I risultati di questo comune non sono ancora noti.","https://thumb.wikimedia.org/wikipedia/commons/thumb/c/c3/CHE_Walperswil_COA.svg/960px-CHE_Walperswil_COA.svg.png"
755,50,0,0,"Worben (BE)","I risultati di questo comune non sono ancora noti.","https://thumb.wikimedia.org/wikipedia/commons/thumb/1/11/CHE_Worben_COA.svg/500px-CHE_Worben_COA.svg.png"
756,20.8,20.8,79.2,"Douanne-Daucher (BE)","La popolazione di Douanne-Daucher respinge l'Iniziativa sulla neutralità con il 79,2 per cento.","https://thumb.wikimedia.org/wikipedia/commons/thumb/2/2a/CHE_Twann-T%C3%BCscherz_COA.svg/500px-CHE_Twann-T%C3%BCscherz_COA.svg.png"
761,58.9,58.9,41.1,"Därstetten (BE)","Sì all'Iniziativa sulla neutralità a Därstetten: 58,9 per cento.","https://thumb.wikimedia.org/wikipedia/commons/thumb/2/2e/CHE_D%C3%A4rstetten_COA.svg/960px-CHE_D%C3%A4rstetten_COA.svg.png"
762,56.2,56.2,43.8,"Diemtigen (BE)","La popolazione di Diemtigen approva l'Iniziativa sulla neutralità con il 56,2 per cento.","https://thumb.wikimedia.org/wikipedia/commons/thumb/4/45/CHE_Diemtigen_COA.svg/500px-CHE_Diemtigen_COA.svg.png"
763,54.1,54.1,45.9,"Erlenbach im Simmental (BE)","La popolazione di Erlenbach im Simmental approva l'Iniziativa sulla neutralità con il 54,1 per cento.","https://thumb.wikimedia.org/wikipedia/commons/thumb/0/01/CHE_Erlenbach_im_Simmental_COA.svg/500px-CHE_Erlenbach_im_Simmental_COA.svg.png"
766,67.4,67.4,32.6,"Oberwil im Simmental (BE)","A Oberwil im Simmental, l'Iniziativa sulla neutralità è approvata con il 67,4 per cento.","https://thumb.wikimedia.org/wikipedia/commons/thumb/b/b8/CHE_Oberwil_im_Simmental_COA.svg/500px-CHE_Oberwil_im_Simmental_COA.svg.png"
767,50,0,0,"Reutigen (BE)","I risultati di questo comune non sono ancora noti.","https://thumb.wikimedia.org/wikipedia/commons/thumb/d/d3/CHE_Reutigen_COA.svg/960px-CHE_Reutigen_COA.svg.png"
768,27.1,27.1,72.9,"Spiez (BE)","La popolazione di Spiez respinge l'Iniziativa sulla neutralità con il 72,9 per cento.","https://thumb.wikimedia.org/wikipedia/commons/thumb/4/4b/CHE_Spiez_COA.svg/500px-CHE_Spiez_COA.svg.png"
769,42.9,42.9,57.1,"Wimmis (BE)","A Wimmis l'Iniziativa sulla neutralità non ottiene la maggioranza: 57,1 per cento di no.","https://thumb.wikimedia.org/wikipedia/commons/thumb/a/a4/CHE_Wimmis_COA.svg/500px-CHE_Wimmis_COA.svg.png"
770,50,0,0,"Stocken-Höfen (BE)","I risultati di questo comune non sono ancora noti.","https://thumb.wikimedia.org/wikipedia/commons/thumb/3/34/CHE_Stocken-H%C3%B6fen_COA.svg/960px-CHE_Stocken-H%C3%B6fen_COA.svg.png"
782,28.6,28.6,71.4,"Guttannen (BE)","A Guttannen l'Iniziativa sulla neutralità è respinta con 70 contro 28 voti.","https://thumb.wikimedia.org/wikipedia/commons/thumb/1/13/CHE_Guttannen_COA.svg/500px-CHE_Guttannen_COA.svg.png"
783,42.9,42.9,57.1,"Hasliberg (BE)","La popolazione di Hasliberg respinge l'Iniziativa sulla neutralità con il 57,1 per cento.","https://thumb.wikimedia.org/wikipedia/commons/thumb/8/83/CHE_Hasliberg_COA.svg/500px-CHE_Hasliberg_COA.svg.png"
784,42.9,42.9,57.1,"Innertkirchen (BE)","La popolazione di Innertkirchen respinge l'Iniziativa sulla neutralità con il 57,1 per cento.","https://thumb.wikimedia.org/wikipedia/commons/thumb/4/42/CHE_Innertkirchen_COA.svg/500px-CHE_Innertkirchen_COA.svg.png"
785,32.3,32.3,67.7,"Meiringen (BE)","A Meiringen l'Iniziativa sulla neutralità non ottiene la maggioranza: 67,7 per cento di no.","https://thumb.wikimedia.org/wikipedia/commons/thumb/8/8b/CHE_Meiringen_COA.svg/500px-CHE_Meiringen_COA.svg.png"
786,45.2,45.2,54.8,"Schattenhalb (BE)","La popolazione di Schattenhalb respinge l'Iniziativa sulla neutralità con il 54,8 per cento.","https://thumb.wikimedia.org/wikipedia/commons/thumb/0/0b/CHE_Schattenhalb_COA.svg/500px-CHE_Schattenhalb_COA.svg.png"
791,59.3,59.3,40.7,"Boltigen (BE)","Sì all'Iniziativa sulla neutralità a Boltigen, con il 59,3 per cento di voti favorevoli.","https://thumb.wikimedia.org/wikipedia/commons/thumb/9/95/CHE_Boltigen_COA.svg/500px-CHE_Boltigen_COA.svg.png"
792,43.2,43.2,56.8,"Lenk (BE)","A Lenk l'Iniziativa sulla neutralità è stata respinta con il 56,8 per cento.","https://thumb.wikimedia.org/wikipedia/commons/thumb/1/13/CHE_Lenk_COA.svg/500px-CHE_Lenk_COA.svg.png"
793,62.7,62.7,37.3,"Saint-Etienne (BE)","Sì all'Iniziativa sulla neutralità a Saint-Etienne, con il 62,7 per cento di voti favorevoli.","https://thumb.wikimedia.org/wikipedia/commons/thumb/f/f9/CHE_St_Stephan_COA.svg/500px-CHE_St_Stephan_COA.svg.png"
794,38.6,38.6,61.4,"Zweisimmen (BE)","A Zweisimmen l'Iniziativa sulla neutralità non ottiene la maggioranza: 61,4 per cento di no.","https://thumb.wikimedia.org/wikipedia/commons/thumb/e/ec/CHE_Zweisimmen_COA.svg/960px-CHE_Zweisimmen_COA.svg.png"
841,46.6,46.6,53.4,"Gsteig (BE)","Con il 53,4 per cento dei voti, Gsteig ha respinto l'Iniziativa sulla neutralità.","https://thumb.wikimedia.org/wikipedia/commons/thumb/8/85/CHE_Gsteig_bei_Gstaad_COA.svg/500px-CHE_Gsteig_bei_Gstaad_COA.svg.png"
842,58.3,58.3,41.7,"Lauenen (BE)","La popolazione di Lauenen approva l'Iniziativa sulla neutralità con il 58,3 per cento.","https://thumb.wikimedia.org/wikipedia/commons/thumb/c/c8/CHE_Lauenen_COA.svg/500px-CHE_Lauenen_COA.svg.png"
843,41.7,41.7,58.3,"Gessenay (BE)","Con il 58,3 per cento dei voti, l'Iniziativa sulla neutralità viene respinta a Gessenay.","https://thumb.wikimedia.org/wikipedia/commons/thumb/a/a7/CHE_Saanen_COA.svg/500px-CHE_Saanen_COA.svg.png"
852,50,0,0,"Guggisberg (BE)","I risultati di questo comune non sono ancora noti.","https://thumb.wikimedia.org/wikipedia/commons/thumb/d/d1/CHE_Guggisberg_COA.svg/500px-CHE_Guggisberg_COA.svg.png"
853,50,0,0,"Rüschegg (BE)","I risultati di questo comune non sono ancora noti.","https://thumb.wikimedia.org/wikipedia/commons/thumb/c/c8/CHE_R%C3%BCschegg_COA.svg/500px-CHE_R%C3%BCschegg_COA.svg.png"
855,50,0,0,"Schwarzenburg (BE)","I risultati di questo comune non sono ancora noti.","https://thumb.wikimedia.org/wikipedia/commons/thumb/5/50/CHE_Schwarzenburg_COA.svg/960px-CHE_Schwarzenburg_COA.svg.png"
861,50,0,0,"Belp (BE)","I risultati di questo comune non sono ancora noti.","https://thumb.wikimedia.org/wikipedia/commons/thumb/4/44/CHE_Belp_BE_COA.svg/500px-CHE_Belp_BE_COA.svg.png"
863,50,0,0,"Burgistein (BE)","I risultati di questo comune non sono ancora noti.","https://thumb.wikimedia.org/wikipedia/commons/thumb/a/ad/CHE_Burgistein_COA.svg/500px-CHE_Burgistein_COA.svg.png"
866,50,0,0,"Gerzensee (BE)","I risultati di questo comune non sono ancora noti.","https://thumb.wikimedia.org/wikipedia/commons/thumb/1/10/CHE_Gerzensee_COA.svg/500px-CHE_Gerzensee_COA.svg.png"
867,50,0,0,"Gurzelen (BE)","I risultati di questo comune non sono ancora noti.","https://thumb.wikimedia.org/wikipedia/commons/thumb/9/99/CHE_Gurzelen_COA.svg/960px-CHE_Gurzelen_COA.svg.png"
868,50,0,0,"Jaberg (BE)","I risultati di questo comune non sono ancora noti.","https://thumb.wikimedia.org/wikipedia/commons/thumb/5/52/CHE_Jaberg_COA.svg/500px-CHE_Jaberg_COA.svg.png"
869,50,0,0,"Kaufdorf (BE)","I risultati di questo comune non sono ancora noti.","https://thumb.wikimedia.org/wikipedia/commons/thumb/3/3b/CHE_Kaufdorf_COA.svg/500px-CHE_Kaufdorf_COA.svg.png"
870,50,0,0,"Kehrsatz (BE)","I risultati di questo comune non sono ancora noti.","https://thumb.wikimedia.org/wikipedia/commons/thumb/b/b7/CHE_Kehrsatz_COA.svg/960px-CHE_Kehrsatz_COA.svg.png"
872,50,0,0,"Kirchdorf (BE)","I risultati di questo comune non sono ancora noti.","https://thumb.wikimedia.org/wikipedia/commons/thumb/5/5c/CHE_Kirchdorf_COA.svg/500px-CHE_Kirchdorf_COA.svg.png"
879,50,0,0,"Riggisberg (BE)","I risultati di questo comune non sono ancora noti.","https://thumb.wikimedia.org/wikipedia/commons/thumb/f/f4/CHE_Riggisberg_COA.svg/960px-CHE_Riggisberg_COA.svg.png"
880,50,0,0,"Rüeggisberg (BE)","I risultati di questo comune non sono ancora noti.","https://thumb.wikimedia.org/wikipedia/commons/thumb/3/3c/CHE_R%C3%BCeggisberg_COA.svg/500px-CHE_R%C3%BCeggisberg_COA.svg.png"
883,50,0,0,"Seftigen (BE)","I risultati di questo comune non sono ancora noti.","https://thumb.wikimedia.org/wikipedia/commons/thumb/2/2b/CHE_Seftigen_COA.svg/500px-CHE_Seftigen_COA.svg.png"
884,50,0,0,"Toffen (BE)","I risultati di questo comune non sono ancora noti.","https://thumb.wikimedia.org/wikipedia/commons/thumb/7/71/CHE_Toffen_COA.svg/500px-CHE_Toffen_COA.svg.png"
885,50,0,0,"Uttigen (BE)","I risultati di questo comune non sono ancora noti.","https://thumb.wikimedia.org/wikipedia/commons/thumb/b/bc/CHE_Uttigen_COA.svg/500px-CHE_Uttigen_COA.svg.png"
886,50,0,0,"Wattenwil (BE)","I risultati di questo comune non sono ancora noti.","https://thumb.wikimedia.org/wikipedia/commons/thumb/3/34/CHE_Wattenwil_COA.svg/500px-CHE_Wattenwil_COA.svg.png"
888,50,0,0,"Wald (BE)","I risultati di questo comune non sono ancora noti.","https://thumb.wikimedia.org/wikipedia/commons/thumb/0/01/CHE_Wald_BE_COA.svg/960px-CHE_Wald_BE_COA.svg.png"
889,50,0,0,"Thurnen (BE)","I risultati di questo comune non sono ancora noti.","https://thumb.wikimedia.org/wikipedia/commons/thumb/f/f1/CHE_Thurnen_COA.svg/500px-CHE_Thurnen_COA.svg.png"
901,50,0,0,"Eggiwil (BE)","I risultati di questo comune non sono ancora noti.","https://thumb.wikimedia.org/wikipedia/commons/thumb/a/a0/CHE_Eggiwil_COA.svg/500px-CHE_Eggiwil_COA.svg.png"
902,50,0,0,"Langnau im Emmental (BE)","I risultati di questo comune non sono ancora noti.","https://thumb.wikimedia.org/wikipedia/commons/thumb/3/32/CHE_Langnau_im_Emmental_COA.svg/500px-CHE_Langnau_im_Emmental_COA.svg.png"
903,50,0,0,"Lauperswil (BE)","I risultati di questo comune non sono ancora noti.","https://thumb.wikimedia.org/wikipedia/commons/thumb/3/38/CHE_Lauperswil_COA.svg/500px-CHE_Lauperswil_COA.svg.png"
904,50,0,0,"Röthenbach im Emmental (BE)","I risultati di questo comune non sono ancora noti.","https://thumb.wikimedia.org/wikipedia/commons/thumb/2/2a/CHE_R%C3%B6thenbach_im_Emmental_COA.svg/500px-CHE_R%C3%B6thenbach_im_Emmental_COA.svg.png"
905,50,0,0,"Rüderswil (BE)","I risultati di questo comune non sono ancora noti.","https://thumb.wikimedia.org/wikipedia/commons/thumb/d/d8/CHE_R%C3%BCderswil_COA.svg/500px-CHE_R%C3%BCderswil_COA.svg.png"
906,50,0,0,"Schangnau (BE)","I risultati di questo comune non sono ancora noti.","https://thumb.wikimedia.org/wikipedia/commons/thumb/4/45/CHE_Schangnau_COA.svg/960px-CHE_Schangnau_COA.svg.png"
907,50,0,0,"Signau (BE)","I risultati di questo comune non sono ancora noti.","https://thumb.wikimedia.org/wikipedia/commons/thumb/a/a2/CHE_Signau_COA.svg/960px-CHE_Signau_COA.svg.png"
908,50,0,0,"Trub (BE)","I risultati di questo comune non sono ancora noti.","https://thumb.wikimedia.org/wikipedia/commons/thumb/4/47/CHE_Trub_COA.svg/500px-CHE_Trub_COA.svg.png"
909,50,0,0,"Trubschachen (BE)","I risultati di questo comune non sono ancora noti.","https://thumb.wikimedia.org/wikipedia/commons/thumb/f/ff/CHE_Trubschachen_COA.svg/500px-CHE_Trubschachen_COA.svg.png"
921,50,0,0,"Amsoldingen (BE)","I risultati di questo comune non sono ancora noti.","https://thumb.wikimedia.org/wikipedia/commons/thumb/2/27/CHE_Amsoldingen_COA.svg/960px-CHE_Amsoldingen_COA.svg.png"
922,50,0,0,"Blumenstein (BE)","I risultati di questo comune non sono ancora noti.","https://thumb.wikimedia.org/wikipedia/commons/thumb/7/73/CHE_Blumenstein_COA.svg/500px-CHE_Blumenstein_COA.svg.png"
923,50,0,0,"Buchholterberg (BE)","I risultati di questo comune non sono ancora noti.","https://thumb.wikimedia.org/wikipedia/commons/thumb/e/e4/CHE_Buchholterberg_COA.svg/500px-CHE_Buchholterberg_COA.svg.png"
924,50,0,0,"Eriz (BE)","I risultati di questo comune non sono ancora noti.","https://thumb.wikimedia.org/wikipedia/commons/thumb/b/b9/CHE_Eriz_COA.svg/500px-CHE_Eriz_COA.svg.png"
925,50,0,0,"Fahrni (BE)","I risultati di questo comune non sono ancora noti.","https://thumb.wikimedia.org/wikipedia/commons/thumb/1/1f/CHE_Fahrni_COA.svg/960px-CHE_Fahrni_COA.svg.png"
927,50,0,0,"Heiligenschwendi (BE)","I risultati di questo comune non sono ancora noti.","https://thumb.wikimedia.org/wikipedia/commons/thumb/c/c7/CHE_Heiligenschwendi_COA.svg/500px-CHE_Heiligenschwendi_COA.svg.png"
928,50,0,0,"Heimberg (BE)","I risultati di questo comune non sono ancora noti.","https://thumb.wikimedia.org/wikipedia/commons/thumb/f/f7/CHE_Heimberg_COA.svg/500px-CHE_Heimberg_COA.svg.png"
929,50,0,0,"Hilterfingen (BE)","I risultati di questo comune non sono ancora noti.","https://thumb.wikimedia.org/wikipedia/commons/thumb/0/09/CHE_Hilterfingen_COA.svg/500px-CHE_Hilterfingen_COA.svg.png"
931,50,0,0,"Homberg (BE)","I risultati di questo comune non sono ancora noti.","https://thumb.wikimedia.org/wikipedia/commons/thumb/4/4c/CHE_Homberg_COA.svg/500px-CHE_Homberg_COA.svg.png"
932,50,0,0,"Horrenbach-Buchen (BE)","I risultati di questo comune non sono ancora noti.","https://thumb.wikimedia.org/wikipedia/commons/thumb/d/d9/CHE_Horrenbach-Buchen_COA.svg/500px-CHE_Horrenbach-Buchen_COA.svg.png"
934,50,0,0,"Oberhofen am Thunersee (BE)","I risultati di questo comune non sono ancora noti.","https://thumb.wikimedia.org/wikipedia/commons/thumb/0/01/CHE_Oberhofen_am_Thunersee_COA.svg/500px-CHE_Oberhofen_am_Thunersee_COA.svg.png"
935,50,0,0,"Oberlangenegg (BE)","I risultati di questo comune non sono ancora noti.","https://thumb.wikimedia.org/wikipedia/commons/thumb/6/63/CHE_Oberlangenegg_COA.svg/500px-CHE_Oberlangenegg_COA.svg.png"
936,50,0,0,"Pohlern (BE)","I risultati di questo comune non sono ancora noti.","https://thumb.wikimedia.org/wikipedia/commons/thumb/b/b9/CHE_Pohlern_COA.svg/500px-CHE_Pohlern_COA.svg.png"
938,50,0,0,"Sigriswil (BE)","I risultati di questo comune non sono ancora noti.","https://thumb.wikimedia.org/wikipedia/commons/thumb/2/2e/CHE_Sigriswil_COA.svg/500px-CHE_Sigriswil_COA.svg.png"
939,50,0,0,"Steffisburg (BE)","I risultati di questo comune non sono ancora noti.","https://thumb.wikimedia.org/wikipedia/commons/thumb/8/87/CHE_Steffisburg_COA.svg/500px-CHE_Steffisburg_COA.svg.png"
940,50,0,0,"Teuffenthal (BE)","I risultati di questo comune non sono ancora noti.","https://thumb.wikimedia.org/wikipedia/commons/thumb/a/a3/CHE_Teuffenthal_COA.svg/500px-CHE_Teuffenthal_COA.svg.png"
941,50,0,0,"Thierachern (BE)","I risultati di questo comune non sono ancora noti.","https://thumb.wikimedia.org/wikipedia/commons/thumb/1/1f/CHE_Thierachern_COA.svg/500px-CHE_Thierachern_COA.svg.png"
942,50,0,0,"Thoune (BE)","I risultati di questo comune non sono ancora noti.","https://thumb.wikimedia.org/wikipedia/commons/thumb/c/cf/CHE_Thun_BE_COA.svg/960px-CHE_Thun_BE_COA.svg.png"
943,50,0,0,"Uebeschi (BE)","I risultati di questo comune non sono ancora noti.","https://thumb.wikimedia.org/wikipedia/commons/thumb/9/91/CHE_Uebeschi_BE_COA.svg/500px-CHE_Uebeschi_BE_COA.svg.png"
944,50,0,0,"Uetendorf (BE)","I risultati di questo comune non sono ancora noti.","https://thumb.wikimedia.org/wikipedia/commons/thumb/4/4f/CHE_Uetendorf_COA.svg/500px-CHE_Uetendorf_COA.svg.png"
945,50,0,0,"Unterlangenegg (BE)","I risultati di questo comune non sono ancora noti.","https://thumb.wikimedia.org/wikipedia/commons/thumb/a/aa/CHE_Unterlangenegg_COA.svg/500px-CHE_Unterlangenegg_COA.svg.png"
946,50,0,0,"Wachseldorn (BE)","I risultati di questo comune non sono ancora noti.","https://thumb.wikimedia.org/wikipedia/commons/thumb/8/86/CHE_Wachseldorn_COA.svg/500px-CHE_Wachseldorn_COA.svg.png"
948,50,0,0,"Forst-Längenbühl (BE)","I risultati di questo comune non sono ancora noti.","https://thumb.wikimedia.org/wikipedia/commons/thumb/a/af/CHE_Forst-L%C3%A4ngenb%C3%BChl_COA.svg/500px-CHE_Forst-L%C3%A4ngenb%C3%BChl_COA.svg.png"
951,50,0,0,"Affoltern im Emmental (BE)","I risultati di questo comune non sono ancora noti.","https://thumb.wikimedia.org/wikipedia/commons/thumb/5/5d/CHE_Affoltern_im_Emmental_COA.svg/500px-CHE_Affoltern_im_Emmental_COA.svg.png"
952,50,0,0,"Dürrenroth (BE)","I risultati di questo comune non sono ancora noti.","https://thumb.wikimedia.org/wikipedia/commons/thumb/5/5d/CHE_D%C3%BCrrenroth_COA.svg/960px-CHE_D%C3%BCrrenroth_COA.svg.png"
953,47.8,47.8,52.2,"Eriswil (BE)","A Eriswil, l'Iniziativa sulla neutralità è stata respinta con il 52,2 per cento.","https://thumb.wikimedia.org/wikipedia/commons/thumb/1/15/CHE_Eriswil_COA.svg/500px-CHE_Eriswil_COA.svg.png"
954,35.1,35.1,64.9,"Huttwil (BE)","A Huttwil l'Iniziativa sulla neutralità non ottiene la maggioranza: 64,9 per cento di no.","https://thumb.wikimedia.org/wikipedia/commons/thumb/0/06/CHE_Huttwil_COA.svg/500px-CHE_Huttwil_COA.svg.png"
955,50,0,0,"Lützelflüh (BE)","I risultati di questo comune non sono ancora noti.","https://thumb.wikimedia.org/wikipedia/commons/thumb/3/3c/CHE_L%C3%BCtzelfl%C3%BCh_COA.svg/500px-CHE_L%C3%BCtzelfl%C3%BCh_COA.svg.png"
956,50,0,0,"Rüegsau (BE)","I risultati di questo comune non sono ancora noti.","https://thumb.wikimedia.org/wikipedia/commons/thumb/1/1d/CHE_R%C3%BCegsau_COA.svg/500px-CHE_R%C3%BCegsau_COA.svg.png"
957,50,0,0,"Sumiswald (BE)","I risultati di questo comune non sono ancora noti.","https://thumb.wikimedia.org/wikipedia/commons/thumb/1/19/CHE_Sumiswald_COA.svg/960px-CHE_Sumiswald_COA.svg.png"
958,50,0,0,"Trachselwald (BE)","I risultati di questo comune non sono ancora noti.","https://thumb.wikimedia.org/wikipedia/commons/thumb/9/93/CHE_Trachselwald_COA.svg/500px-CHE_Trachselwald_COA.svg.png"
959,46.7,46.7,53.3,"Walterswil (BE)","Con il 53,3 per cento dei voti, l'Iniziativa sulla neutralità viene respinta a Walterswil BE.","https://thumb.wikimedia.org/wikipedia/commons/thumb/d/de/CHE_Walterswil_BE_COA.svg/500px-CHE_Walterswil_BE_COA.svg.png"
960,42.1,42.1,57.9,"Wyssachen (BE)","A Wyssachen l'Iniziativa sulla neutralità non ottiene la maggioranza: 57,9 per cento di no.","https://thumb.wikimedia.org/wikipedia/commons/thumb/e/e9/CHE_Wyssachen_COA.svg/500px-CHE_Wyssachen_COA.svg.png"
971,31.3,31.3,68.7,"Attiswil (BE)","Con il 68,7 per cento dei voti, l'Iniziativa sulla neutralità viene respinta a Attiswil.","https://thumb.wikimedia.org/wikipedia/commons/thumb/1/15/CHE_Attiswil_COA.svg/500px-CHE_Attiswil_COA.svg.png"
972,48.1,48.1,51.9,"Berken (BE)","A Berken, l'Iniziativa sulla neutralità è stata respinta con 14 contro 13 voti.","https://thumb.wikimedia.org/wikipedia/commons/thumb/7/77/CHE_Berken_COA.svg/500px-CHE_Berken_COA.svg.png"
973,29.8,29.8,70.2,"Bettenhausen (BE)","A Bettenhausen l'Iniziativa sulla neutralità non ottiene la maggioranza: 70,2 per cento di no.","https://thumb.wikimedia.org/wikipedia/commons/thumb/0/01/CHE_Bettenhausen_COA.svg/500px-CHE_Bettenhausen_COA.svg.png"
975,41,41,59,"Farnern (BE)","Con il 59 per cento dei voti, l'Iniziativa sulla neutralità viene respinta a Farnern.","https://thumb.wikimedia.org/wikipedia/commons/thumb/3/32/CHE_Farnern_COA.svg/500px-CHE_Farnern_COA.svg.png"
976,40,40,60,"Graben (BE)","A Graben l'Iniziativa sulla neutralità è stata respinta con il 60 per cento.","https://thumb.wikimedia.org/wikipedia/commons/thumb/6/6c/CHE_Graben_BE_COA.svg/960px-CHE_Graben_BE_COA.svg.png"
977,27.1,27.1,72.9,"Heimenhausen (BE)","Con il 72,9 per cento dei voti, l'Iniziativa sulla neutralità viene respinta a Heimenhausen.","https://thumb.wikimedia.org/wikipedia/commons/thumb/f/f5/CHE_Heimenhausen_COA.svg/500px-CHE_Heimenhausen_COA.svg.png"
979,23.5,23.5,76.5,"Herzogenbuchsee (BE)","Con il 76,5 per cento dei voti, l'Iniziativa sulla neutralità viene respinta a Herzogenbuchsee.","https://thumb.wikimedia.org/wikipedia/commons/thumb/1/14/CHE_Herzogenbuchsee_COA.svg/500px-CHE_Herzogenbuchsee_COA.svg.png"
980,32.1,32.1,67.9,"Inkwil (BE)","A Inkwil, l'Iniziativa sulla neutralità è stata respinta con il 67,9 per cento.","https://thumb.wikimedia.org/wikipedia/commons/thumb/8/85/CHE_Inkwil_COA.svg/500px-CHE_Inkwil_COA.svg.png"
981,37.1,37.1,62.9,"Niederbipp (BE)","La popolazione di Niederbipp respinge l'Iniziativa sulla neutralità con il 62,9 per cento.","https://thumb.wikimedia.org/wikipedia/commons/thumb/1/16/CHE_Niederbipp_COA.svg/500px-CHE_Niederbipp_COA.svg.png"
982,29.3,29.3,70.7,"Niederönz (BE)","La popolazione di Niederönz respinge l'Iniziativa sulla neutralità con il 70,7 per cento.","https://thumb.wikimedia.org/wikipedia/commons/thumb/1/18/CHE_Nieder%C3%B6nz_COA.svg/500px-CHE_Nieder%C3%B6nz_COA.svg.png"
983,32,32,68,"Oberbipp (BE)","A Oberbipp, l'Iniziativa sulla neutralità è stata respinta con il 68 per cento.","https://thumb.wikimedia.org/wikipedia/commons/thumb/b/bd/CHE_Oberbipp_COA.svg/500px-CHE_Oberbipp_COA.svg.png"
985,44.2,44.2,55.8,"Ochlenberg (BE)","A Ochlenberg, l'Iniziativa sulla neutralità è stata respinta con il 55,8 per cento.","https://thumb.wikimedia.org/wikipedia/commons/thumb/4/4d/CHE_Ochlenberg_COA.svg/500px-CHE_Ochlenberg_COA.svg.png"
987,44.3,44.3,55.7,"Rumisberg (BE)","Con il 55,7 per cento dei voti, Rumisberg ha respinto l'Iniziativa sulla neutralità.","https://thumb.wikimedia.org/wikipedia/commons/thumb/9/91/CHE_Rumisberg_COA.svg/500px-CHE_Rumisberg_COA.svg.png"
988,39.7,39.7,60.3,"Seeberg (BE)","La popolazione di Seeberg respinge l'Iniziativa sulla neutralità con il 60,3 per cento.","https://thumb.wikimedia.org/wikipedia/commons/thumb/0/0d/CHE_Seeberg_COA.svg/960px-CHE_Seeberg_COA.svg.png"
989,38.8,38.8,61.2,"Thörigen (BE)","Con il 61,2 per cento dei voti, l'Iniziativa sulla neutralità viene respinta a Thörigen.","https://thumb.wikimedia.org/wikipedia/commons/thumb/7/7c/CHE_Th%C3%B6rigen_COA.svg/500px-CHE_Th%C3%B6rigen_COA.svg.png"
990,37.3,37.3,62.7,"Walliswil bei Niederbipp (BE)","A Walliswil bei Niederbipp l'Iniziativa sulla neutralità è respinta con 52 contro 31 voti.","https://thumb.wikimedia.org/wikipedia/commons/thumb/e/e0/CHE_Walliswil_bei_Niederbipp_COA.svg/500px-CHE_Walliswil_bei_Niederbipp_COA.svg.png"
991,37.5,37.5,62.5,"Walliswil bei Wangen (BE)","Con il 62,5 per cento dei voti, Walliswil bei Wangen ha respinto l'Iniziativa sulla neutralità.","https://thumb.wikimedia.org/wikipedia/commons/thumb/3/39/CHE_Walliswil_bei_Wangen_COA.svg/960px-CHE_Walliswil_bei_Wangen_COA.svg.png"
992,31,31,69,"Wangen an der Aare (BE)","Con il 69 per cento dei voti, Wangen an der Aare ha respinto l'Iniziativa sulla neutralità.","https://thumb.wikimedia.org/wikipedia/commons/thumb/d/d4/CHE_Wangen_an_der_Aare_COA.svg/500px-CHE_Wangen_an_der_Aare_COA.svg.png"
995,36.4,36.4,63.6,"Wiedlisbach (BE)","Con il 63,6 per cento dei voti, Wiedlisbach ha respinto l'Iniziativa sulla neutralità.","https://thumb.wikimedia.org/wikipedia/commons/thumb/b/bc/CHE_Wiedlisbach_COA.svg/500px-CHE_Wiedlisbach_COA.svg.png"
1001,50.1,50.1,49.9,"Doppleschwand (LU)","A Doppleschwand l'Iniziativa sulla neutralità è stata approvata con il 50,1 per cento.","https://thumb.wikimedia.org/wikipedia/commons/thumb/1/14/CHE_Doppleschwand_COA.svg/960px-CHE_Doppleschwand_COA.svg.png"
1002,48.8,48.8,51.2,"Entlebuch (LU)","La popolazione di Entlebuch respinge l'Iniziativa sulla neutralità con il 51,2 per cento.","https://thumb.wikimedia.org/wikipedia/commons/thumb/8/85/CHE_Entlebuch_COA.svg/960px-CHE_Entlebuch_COA.svg.png"
1004,46.2,46.2,53.8,"Flühli (LU)","A Flühli l'Iniziativa sulla neutralità non ottiene la maggioranza: 53,8 per cento di no.","https://thumb.wikimedia.org/wikipedia/commons/thumb/6/65/CHE_Fluehli_COA.svg/960px-CHE_Fluehli_COA.svg.png"
1005,57.4,57.4,42.6,"Hasle (LU)","Sì all'Iniziativa sulla neutralità a Hasle LU, con il 57,4 per cento di voti favorevoli.","https://thumb.wikimedia.org/wikipedia/commons/thumb/a/ac/CHE_Hasle_LU_COA.svg/960px-CHE_Hasle_LU_COA.svg.png"
1007,49.6,49.6,50.4,"Romoos (LU)","A Romoos l'Iniziativa sulla neutralità non ottiene la maggioranza: 50,4 per cento di no.","https://thumb.wikimedia.org/wikipedia/commons/thumb/9/96/CHE_Romoos_COA.svg/960px-CHE_Romoos_COA.svg.png"
1008,35.8,35.8,64.2,"Schüpfheim (LU)","Con il 64,2 per cento dei voti, l'Iniziativa sulla neutralità viene respinta a Schüpfheim.","https://upload.wikimedia.org/wikipedia/commons/7/75/CHE_Schuepfheim_COA.png"
1009,46,46,54,"Werthenstein (LU)","La popolazione di Werthenstein respinge l'Iniziativa sulla neutralità con il 54 per cento.","https://thumb.wikimedia.org/wikipedia/commons/thumb/e/ec/CHE_Werthenstein_COA.svg/960px-CHE_Werthenstein_COA.svg.png"
1010,46.7,46.7,53.3,"Escholzmatt-Marbach (LU)","Con il 53,3 per cento dei voti, l'Iniziativa sulla neutralità viene respinta a Escholzmatt-Marbach.","https://thumb.wikimedia.org/wikipedia/commons/thumb/2/25/CHE_Escholzmatt-Marbach_COA.svg/960px-CHE_Escholzmatt-Marbach_COA.svg.png"
1021,41.5,41.5,58.5,"Aesch (LU)","Con il 58,5 per cento dei voti, l'Iniziativa sulla neutralità viene respinta a Aesch LU.","https://thumb.wikimedia.org/wikipedia/commons/thumb/2/29/CHE_Aesch_LU_COA.svg/960px-CHE_Aesch_LU_COA.svg.png"
1023,33.9,33.9,66.1,"Ballwil (LU)","Con il 66,1 per cento dei voti, l'Iniziativa sulla neutralità viene respinta a Ballwil.","https://thumb.wikimedia.org/wikipedia/commons/thumb/d/de/CHE_Ballwil_COA.svg/960px-CHE_Ballwil_COA.svg.png"
1024,28.9,28.9,71.1,"Emmen (LU)","A Emmen l'Iniziativa sulla neutralità è stata respinta con il 71,1 per cento.","https://thumb.wikimedia.org/wikipedia/commons/thumb/7/7c/CHE_Emmen_COA.svg/960px-CHE_Emmen_COA.svg.png"
1025,36.4,36.4,63.6,"Ermensee (LU)","La popolazione di Ermensee respinge l'Iniziativa sulla neutralità con il 63,6 per cento.","https://thumb.wikimedia.org/wikipedia/commons/thumb/2/2d/CHE_Ermensee_COA.svg/960px-CHE_Ermensee_COA.svg.png"
1026,29.8,29.8,70.2,"Eschenbach (LU)","A Eschenbach LU l'Iniziativa sulla neutralità non ottiene la maggioranza: 70,2 per cento di no.","https://thumb.wikimedia.org/wikipedia/commons/thumb/4/4a/CHE_Eschenbach_LU_COA.svg/960px-CHE_Eschenbach_LU_COA.svg.png"
1030,33.2,33.2,66.8,"Hitzkirch (LU)","La popolazione di Hitzkirch respinge l'Iniziativa sulla neutralità con il 66,8 per cento.","https://thumb.wikimedia.org/wikipedia/commons/thumb/1/1f/Coat_of_arms_of_Hitzkirch.svg/960px-Coat_of_arms_of_Hitzkirch.svg.png"
1031,25.9,25.9,74.1,"Hochdorf (LU)","La popolazione di Hochdorf respinge l'Iniziativa sulla neutralità con il 74,1 per cento.","https://thumb.wikimedia.org/wikipedia/commons/thumb/3/37/CHE_Hochdorf_COA.svg/960px-CHE_Hochdorf_COA.svg.png"
1032,39.7,39.7,60.3,"Hohenrain (LU)","Con il 60,3 per cento dei voti, l'Iniziativa sulla neutralità viene respinta a Hohenrain.","https://thumb.wikimedia.org/wikipedia/commons/thumb/6/62/CHE_Hohenrain_COA.svg/960px-CHE_Hohenrain_COA.svg.png"
1033,31.4,31.4,68.6,"Inwil (LU)","A Inwil, l'Iniziativa sulla neutralità è stata respinta con il 68,6 per cento.","https://thumb.wikimedia.org/wikipedia/commons/thumb/1/14/Coat_of_arms_of_Inwil_LU.svg/960px-Coat_of_arms_of_Inwil_LU.svg.png"
1037,29.4,29.4,70.6,"Rain (LU)","A Rain, l'Iniziativa sulla neutralità è stata respinta con il 70,6 per cento.","https://thumb.wikimedia.org/wikipedia/commons/thumb/f/fd/Coat_of_arms_of_Rain_LU.svg/960px-Coat_of_arms_of_Rain_LU.svg.png"
1039,36.5,36.5,63.5,"Römerswil (LU)","La popolazione di Römerswil respinge l'Iniziativa sulla neutralità con il 63,5 per cento.","https://thumb.wikimedia.org/wikipedia/commons/thumb/6/68/CHE_R%C3%B6merswil_COA.svg/960px-CHE_R%C3%B6merswil_COA.svg.png"
1040,23.4,23.4,76.6,"Rothenburg (LU)","Con il 76,6 per cento dei voti, Rothenburg ha respinto l'Iniziativa sulla neutralità.","https://thumb.wikimedia.org/wikipedia/commons/thumb/e/ee/CHE_Rothenburg_COA.svg/960px-CHE_Rothenburg_COA.svg.png"
1041,43.8,43.8,56.2,"Schongau (LU)","La popolazione di Schongau respinge l'Iniziativa sulla neutralità con il 56,2 per cento.","https://thumb.wikimedia.org/wikipedia/commons/thumb/5/5d/CHE_Schongau_COA.svg/960px-CHE_Schongau_COA.svg.png"
1051,23.3,23.3,76.7,"Adligenswil (LU)","A Adligenswil l'Iniziativa sulla neutralità è stata respinta con il 76,7 per cento.","https://upload.wikimedia.org/wikipedia/commons/b/bc/CHE_Adligenswil_COA.png"
1052,24.8,24.8,75.2,"Buchrain (LU)","Con il 75,2 per cento dei voti, l'Iniziativa sulla neutralità viene respinta a Buchrain.","https://thumb.wikimedia.org/wikipedia/commons/thumb/d/d1/CHE_Buchrain_COA.svg/960px-CHE_Buchrain_COA.svg.png"
1053,37.9,37.9,62.1,"Dierikon (LU)","La popolazione di Dierikon respinge l'Iniziativa sulla neutralità con il 62,1 per cento.","https://thumb.wikimedia.org/wikipedia/commons/thumb/0/0b/CHE_Dierikon_COA.svg/960px-CHE_Dierikon_COA.svg.png"
1054,27.9,27.9,72.1,"Ebikon (LU)","Con il 72,1 per cento dei voti, l'Iniziativa sulla neutralità viene respinta a Ebikon.","https://thumb.wikimedia.org/wikipedia/commons/thumb/d/d9/CHE_Ebikon_COA.svg/960px-CHE_Ebikon_COA.svg.png"
1055,35,35,65,"Gisikon (LU)","Con il 65 per cento dei voti, Gisikon ha respinto l'Iniziativa sulla neutralità.","https://thumb.wikimedia.org/wikipedia/commons/thumb/f/fb/CHE_Gisikon_COA.svg/960px-CHE_Gisikon_COA.svg.png"
1056,31,31,69,"Greppen (LU)","A Greppen l'Iniziativa sulla neutralità è stata respinta con il 69 per cento.","https://thumb.wikimedia.org/wikipedia/commons/thumb/9/9d/Coat_of_arms_of_Greppen.svg/960px-Coat_of_arms_of_Greppen.svg.png"
1058,23.2,23.2,76.8,"Horw (LU)","A Horw l'Iniziativa sulla neutralità è stata respinta con il 76,8 per cento.","https://thumb.wikimedia.org/wikipedia/commons/thumb/6/64/CHE_Horw_COA_2025.svg/960px-CHE_Horw_COA_2025.svg.png"
1059,23.3,23.3,76.7,"Kriens (LU)","Con il 76,7 per cento dei voti, Kriens ha respinto l'Iniziativa sulla neutralità.","https://thumb.wikimedia.org/wikipedia/commons/thumb/3/30/CHE_Kriens_COA.svg/960px-CHE_Kriens_COA.svg.png"
1061,19.1,19.1,80.9,"Lucerna (LU)","A Lucerna l'Iniziativa sulla neutralità non ottiene la maggioranza: 80,9 per cento di no.","https://thumb.wikimedia.org/wikipedia/commons/thumb/d/da/CHE_Stadt_Luzern_COA.gif/960px-CHE_Stadt_Luzern_COA.gif"
1062,31.2,31.2,68.8,"Malters (LU)","La popolazione di Malters respinge l'Iniziativa sulla neutralità con il 68,8 per cento.","https://thumb.wikimedia.org/wikipedia/commons/thumb/d/d1/Coat_of_arms_of_Malters.svg/960px-Coat_of_arms_of_Malters.svg.png"
1063,25.9,25.9,74.1,"Meggen (LU)","La popolazione di Meggen respinge l'Iniziativa sulla neutralità con il 74,1 per cento.","https://thumb.wikimedia.org/wikipedia/commons/thumb/0/04/CHE_Meggen_COA.svg/960px-CHE_Meggen_COA.svg.png"
1064,35.9,35.9,64.1,"Meierskappel (LU)","A Meierskappel l'Iniziativa sulla neutralità è stata respinta con il 64,1 per cento.","https://thumb.wikimedia.org/wikipedia/commons/thumb/2/2f/CHE_Meierskappel_COA.svg/960px-CHE_Meierskappel_COA.svg.png"
1065,29.9,29.9,70.1,"Root (LU)","La popolazione di Root respinge l'Iniziativa sulla neutralità con il 70,1 per cento.","https://thumb.wikimedia.org/wikipedia/commons/thumb/d/df/CHE_Root_COA2.svg/500px-CHE_Root_COA2.svg.png"
1066,33,33,67,"Schwarzenberg (LU)","La popolazione di Schwarzenberg respinge l'Iniziativa sulla neutralità con il 67 per cento.","https://thumb.wikimedia.org/wikipedia/commons/thumb/c/cb/Coat_of_arms_of_Schwarzenberg_LU.svg/960px-Coat_of_arms_of_Schwarzenberg_LU.svg.png"
1067,25.2,25.2,74.8,"Udligenswil (LU)","La popolazione di Udligenswil respinge l'Iniziativa sulla neutralità con il 74,8 per cento.","https://thumb.wikimedia.org/wikipedia/commons/thumb/a/a0/CHE_Udligenswil_COA.svg/960px-CHE_Udligenswil_COA.svg.png"
1068,36.5,36.5,63.5,"Vitznau (LU)","A Vitznau, l'Iniziativa sulla neutralità è stata respinta con il 63,5 per cento.","https://thumb.wikimedia.org/wikipedia/commons/thumb/8/86/CHE_Vitznau_COA.svg/960px-CHE_Vitznau_COA.svg.png"
1069,34.6,34.6,65.4,"Weggis (LU)","Con il 65,4 per cento dei voti, Weggis ha respinto l'Iniziativa sulla neutralità.","https://thumb.wikimedia.org/wikipedia/commons/thumb/c/cf/CHE_Weggis_COA.svg/960px-CHE_Weggis_COA.svg.png"
1081,31.5,31.5,68.5,"Beromünster (LU)","La popolazione di Beromünster respinge l'Iniziativa sulla neutralità con il 68,5 per cento.","https://thumb.wikimedia.org/wikipedia/commons/thumb/4/45/CHE_Berom%C3%BCnster_COA.svg/960px-CHE_Berom%C3%BCnster_COA.svg.png"
1082,34.3,34.3,65.7,"Büron (LU)","A Büron l'Iniziativa sulla neutralità è stata respinta con il 65,7 per cento.","https://thumb.wikimedia.org/wikipedia/commons/thumb/3/3d/CHE_B%C3%BCron_COA.svg/960px-CHE_B%C3%BCron_COA.svg.png"
1083,30.6,30.6,69.4,"Buttisholz (LU)","A Buttisholz, l'Iniziativa sulla neutralità è stata respinta con il 69,4 per cento.","https://thumb.wikimedia.org/wikipedia/commons/thumb/d/dc/Coat_of_arms_of_Buttisholz.svg/500px-Coat_of_arms_of_Buttisholz.svg.png"
1084,34.6,34.6,65.4,"Eich (LU)","A Eich, l'Iniziativa sulla neutralità è stata respinta con il 65,4 per cento.","https://thumb.wikimedia.org/wikipedia/commons/thumb/d/d8/CHE_Eich_COA.svg/960px-CHE_Eich_COA.svg.png"
1085,31.6,31.6,68.4,"Geuensee (LU)","A Geuensee l'Iniziativa sulla neutralità è stata respinta con il 68,4 per cento.","https://thumb.wikimedia.org/wikipedia/commons/thumb/7/73/CHE_Geuensee_COA.svg/250px-CHE_Geuensee_COA.svg.png"
1086,33.3,33.3,66.7,"Grosswangen (LU)","Con il 66,7 per cento dei voti, Grosswangen ha respinto l'Iniziativa sulla neutralità.","https://thumb.wikimedia.org/wikipedia/commons/thumb/d/d3/CHE_Grosswangen_COA.svg/960px-CHE_Grosswangen_COA.svg.png"
1088,26.7,26.7,73.3,"Hildisrieden (LU)","A Hildisrieden l'Iniziativa sulla neutralità è stata respinta con il 73,3 per cento.","https://upload.wikimedia.org/wikipedia/commons/f/fd/Pic_Hildisrieden.png"
1089,27.6,27.6,72.4,"Knutwil (LU)","Con il 72,4 per cento dei voti, l'Iniziativa sulla neutralità viene respinta a Knutwil.","https://thumb.wikimedia.org/wikipedia/commons/thumb/3/33/Coat_of_arms_of_Knutwil.svg/960px-Coat_of_arms_of_Knutwil.svg.png"
1091,26.5,26.5,73.5,"Mauensee (LU)","La popolazione di Mauensee respinge l'Iniziativa sulla neutralità con il 73,5 per cento.","https://thumb.wikimedia.org/wikipedia/commons/thumb/7/71/CHE_Mauensee_COA.svg/960px-CHE_Mauensee_COA.svg.png"
1093,30.5,30.5,69.5,"Neuenkirch (LU)","La popolazione di Neuenkirch respinge l'Iniziativa sulla neutralità con il 69,5 per cento.","https://thumb.wikimedia.org/wikipedia/commons/thumb/d/d1/CHE_Neuenkirch_COA.svg/960px-CHE_Neuenkirch_COA.svg.png"
1094,50,0,0,"Nottwil (LU)","I risultati di questo comune non sono ancora noti.","https://thumb.wikimedia.org/wikipedia/commons/thumb/4/44/Coat_of_arms_of_Nottwil.svg/960px-Coat_of_arms_of_Nottwil.svg.png"
1095,22.4,22.4,77.6,"Oberkirch (LU)","Con il 77,6 per cento dei voti, l'Iniziativa sulla neutralità viene respinta a Oberkirch.","https://thumb.wikimedia.org/wikipedia/commons/thumb/0/02/CHE_Oberkirch_COA.svg/960px-CHE_Oberkirch_COA.svg.png"
1097,36.9,36.9,63.1,"Rickenbach (LU)","Con il 63,1 per cento dei voti, Rickenbach LU ha respinto l'Iniziativa sulla neutralità.","https://thumb.wikimedia.org/wikipedia/commons/thumb/0/0f/CHE_Rickenbach_LU_COA.svg/500px-CHE_Rickenbach_LU_COA.svg.png"
1098,34.1,34.1,65.9,"Ruswil (LU)","Con il 65,9 per cento dei voti, l'Iniziativa sulla neutralità viene respinta a Ruswil.","https://upload.wikimedia.org/wikipedia/commons/5/5b/CHE_Ruswil_COA.png"
1099,27.6,27.6,72.4,"Schenkon (LU)","Con il 72,4 per cento dei voti, l'Iniziativa sulla neutralità viene respinta a Schenkon.","https://thumb.wikimedia.org/wikipedia/commons/thumb/f/f8/Coat_of_arms_of_Schenkon.svg/960px-Coat_of_arms_of_Schenkon.svg.png"
1100,29.9,29.9,70.1,"Schlierbach (LU)","La popolazione di Schlierbach respinge l'Iniziativa sulla neutralità con il 70,1 per cento.","https://thumb.wikimedia.org/wikipedia/commons/thumb/8/8b/Coat_of_arms_of_Schlierbach_LU.svg/960px-Coat_of_arms_of_Schlierbach_LU.svg.png"
1102,20.2,20.2,79.8,"Sempach (LU)","La popolazione di Sempach respinge l'Iniziativa sulla neutralità con il 79,8 per cento.","https://upload.wikimedia.org/wikipedia/commons/a/a6/CHE_Sempach_COA.png"
1103,19.8,19.8,80.2,"Sursee (LU)","La popolazione di Sursee respinge l'Iniziativa sulla neutralità con il 80,2 per cento.","https://thumb.wikimedia.org/wikipedia/commons/thumb/e/e6/Coat_of_arms_of_Sursee.svg/960px-Coat_of_arms_of_Sursee.svg.png"
1104,36.3,36.3,63.7,"Triengen (LU)","Con il 63,7 per cento dei voti, Triengen ha respinto l'Iniziativa sulla neutralità.","https://thumb.wikimedia.org/wikipedia/commons/thumb/e/ea/CHE_Triengen_COA.svg/960px-CHE_Triengen_COA.svg.png"
1107,37,37,63,"Wolhusen (LU)","Con il 63 per cento dei voti, l'Iniziativa sulla neutralità viene respinta a Wolhusen.","https://thumb.wikimedia.org/wikipedia/commons/thumb/c/c1/CHE_Wolhusen_COA_03.svg/960px-CHE_Wolhusen_COA_03.svg.png"
1121,40.7,40.7,59.3,"Alberswil (LU)","A Alberswil, l'Iniziativa sulla neutralità è stata respinta con il 59,3 per cento.","https://thumb.wikimedia.org/wikipedia/commons/thumb/8/8b/Coat_of_arms_of_Alberswil.svg/960px-Coat_of_arms_of_Alberswil.svg.png"
1122,40.8,40.8,59.2,"Altbüron (LU)","La popolazione di Altbüron respinge l'Iniziativa sulla neutralità con il 59,2 per cento.","https://thumb.wikimedia.org/wikipedia/commons/thumb/7/76/CHE_Altb%C3%BCron_COA.svg/960px-CHE_Altb%C3%BCron_COA.svg.png"
1123,30.9,30.9,69.1,"Altishofen (LU)","Con il 69,1 per cento dei voti, l'Iniziativa sulla neutralità viene respinta a Altishofen.","https://thumb.wikimedia.org/wikipedia/commons/thumb/f/f0/CHE_Altishofen_COA.svg/960px-CHE_Altishofen_COA.svg.png"
1125,33.5,33.5,66.5,"Dagmersellen (LU)","Con il 66,5 per cento dei voti, Dagmersellen ha respinto l'Iniziativa sulla neutralità.","https://thumb.wikimedia.org/wikipedia/commons/thumb/4/44/CHE_Dagmersellen_COA.svg/960px-CHE_Dagmersellen_COA.svg.png"
1127,29.4,29.4,70.6,"Egolzwil (LU)","La popolazione di Egolzwil respinge l'Iniziativa sulla neutralità con il 70,6 per cento.","https://thumb.wikimedia.org/wikipedia/commons/thumb/e/e8/CHE_Egolzwil_COA.svg/960px-CHE_Egolzwil_COA.svg.png"
1128,30.7,30.7,69.3,"Ettiswil (LU)","A Ettiswil l'Iniziativa sulla neutralità è stata respinta con il 69,3 per cento.","https://thumb.wikimedia.org/wikipedia/commons/thumb/f/fc/CHE_Ettiswil_COA.svg/250px-CHE_Ettiswil_COA.svg.png"
1129,54.8,54.8,45.2,"Fischbach (LU)","Sì all'Iniziativa sulla neutralità a Fischbach: 54,8 per cento.","https://thumb.wikimedia.org/wikipedia/commons/thumb/8/8e/CHE_Fischbach_LU_COA.svg/960px-CHE_Fischbach_LU_COA.svg.png"
1131,34.7,34.7,65.3,"Grossdietwil (LU)","La popolazione di Grossdietwil respinge l'Iniziativa sulla neutralità con il 65,3 per cento.","https://thumb.wikimedia.org/wikipedia/commons/thumb/e/e1/CHE_Grossdietwil_COA.svg/960px-CHE_Grossdietwil_COA.svg.png"
1132,44.5,44.5,55.5,"Hergiswil bei Willisau (LU)","A Hergiswil bei Willisau l'Iniziativa sulla neutralità è stata respinta con il 55,5 per cento.","https://thumb.wikimedia.org/wikipedia/commons/thumb/b/b6/CHE_Hergiswil_bei_Willisau_COA.svg/960px-CHE_Hergiswil_bei_Willisau_COA.svg.png"
1135,49,49,51,"Luthern (LU)","A Luthern l'Iniziativa sulla neutralità è stata respinta con il 51 per cento.","https://thumb.wikimedia.org/wikipedia/commons/thumb/6/6f/CHE_Luthern_COA.svg/960px-CHE_Luthern_COA.svg.png"
1136,39.8,39.8,60.2,"Menznau (LU)","A Menznau l'Iniziativa sulla neutralità è stata respinta con il 60,2 per cento.","https://thumb.wikimedia.org/wikipedia/commons/thumb/a/aa/Coat_of_arms_of_Menznau.svg/960px-Coat_of_arms_of_Menznau.svg.png"
1137,26.8,26.8,73.2,"Nebikon (LU)","A Nebikon, l'Iniziativa sulla neutralità è stata respinta con il 73,2 per cento.","https://upload.wikimedia.org/wikipedia/commons/6/6d/CHE_Nebikon_COA.png"
1139,37.6,37.6,62.4,"Pfaffnau (LU)","A Pfaffnau, l'Iniziativa sulla neutralità è stata respinta con il 62,4 per cento.","https://thumb.wikimedia.org/wikipedia/commons/thumb/0/09/CHE_Pfaffnau_COA.svg/960px-CHE_Pfaffnau_COA.svg.png"
1140,30.9,30.9,69.1,"Reiden (LU)","A Reiden l'Iniziativa sulla neutralità non ottiene la maggioranza: 69,1 per cento di no.","https://thumb.wikimedia.org/wikipedia/commons/thumb/7/7c/Wappen_Reiden.svg/960px-Wappen_Reiden.svg.png"
1142,40.5,40.5,59.5,"Roggliswil (LU)","A Roggliswil l'Iniziativa sulla neutralità non ottiene la maggioranza: 59,5 per cento di no.","https://thumb.wikimedia.org/wikipedia/commons/thumb/6/68/Coat_of_arms_of_Roggliswil.svg/960px-Coat_of_arms_of_Roggliswil.svg.png"
1143,32.6,32.6,67.4,"Schötz (LU)","La popolazione di Schötz respinge l'Iniziativa sulla neutralità con il 67,4 per cento.","https://thumb.wikimedia.org/wikipedia/commons/thumb/9/95/Coat_of_arms_of_Sch%C3%B6tz.svg/960px-Coat_of_arms_of_Sch%C3%B6tz.svg.png"
1145,44.6,44.6,55.4,"Ufhusen (LU)","La popolazione di Ufhusen respinge l'Iniziativa sulla neutralità con il 55,4 per cento.","https://thumb.wikimedia.org/wikipedia/commons/thumb/c/cd/Coat_of_arms_of_Ufhusen.svg/960px-Coat_of_arms_of_Ufhusen.svg.png"
1146,33.3,33.3,66.7,"Wauwil (LU)","Con il 66,7 per cento dei voti, Wauwil ha respinto l'Iniziativa sulla neutralità.","https://thumb.wikimedia.org/wikipedia/commons/thumb/4/46/CHE_Wauwil_COA.svg/960px-CHE_Wauwil_COA.svg.png"
1147,32.9,32.9,67.1,"Wikon (LU)","Con il 67,1 per cento dei voti, Wikon ha respinto l'Iniziativa sulla neutralità.","https://thumb.wikimedia.org/wikipedia/commons/thumb/f/fe/CHE_Wikon_COA.svg/960px-CHE_Wikon_COA.svg.png"
1150,39,39,61,"Zell (LU) (LU)","Con il 61 per cento dei voti, l'Iniziativa sulla neutralità viene respinta a Zell LU.","https://thumb.wikimedia.org/wikipedia/commons/thumb/7/75/CHE_Zell_LU_COA.svg/960px-CHE_Zell_LU_COA.svg.png"
1151,30.9,30.9,69.1,"Willisau (LU)","A Willisau l'Iniziativa sulla neutralità è stata respinta con il 69,1 per cento.","https://upload.wikimedia.org/wikipedia/commons/3/33/CHE_Willisau_COA.png"
1201,23.6,23.6,76.4,"Altdorf (UR)","Con il 76,4 per cento dei voti, Altdorf UR ha respinto l'Iniziativa sulla neutralità. Sia Altdorf UR che il cantone Uri hanno bocciato l'Iniziativa sulla neutralità.","https://thumb.wikimedia.org/wikipedia/commons/thumb/a/af/CHE_Altdorf_COA.svg/960px-CHE_Altdorf_COA.svg.png"
1202,34.9,34.9,65.1,"Andermatt (UR)","La popolazione di Andermatt respinge l'Iniziativa sulla neutralità con il 65,1 per cento. Sia Andermatt che il cantone Uri hanno bocciato l'Iniziativa sulla neutralità.","https://thumb.wikimedia.org/wikipedia/commons/thumb/f/fe/Andermatt-coat_of_arms.svg/500px-Andermatt-coat_of_arms.svg.png"
1203,44.1,44.1,55.9,"Attinghausen (UR)","A Attinghausen l'Iniziativa sulla neutralità non ottiene la maggioranza: 55,9 per cento di no. Sia Attinghausen che il cantone Uri hanno bocciato l'Iniziativa sulla neutralità.","https://thumb.wikimedia.org/wikipedia/commons/thumb/d/d1/CHE_Attinghausen_COA.svg/500px-CHE_Attinghausen_COA.svg.png"
1205,42.7,42.7,57.3,"Bürglen (UR) (UR)","A Bürglen UR l'Iniziativa sulla neutralità non ottiene la maggioranza: 57,3 per cento di no. Sia Bürglen UR che il cantone Uri hanno bocciato l'Iniziativa sulla neutralità.","https://thumb.wikimedia.org/wikipedia/commons/thumb/b/b9/Wappen_B%C3%BCrglen_UR.svg/500px-Wappen_B%C3%BCrglen_UR.svg.png"
1206,37.1,37.1,62.9,"Erstfeld (UR)","A Erstfeld, l'Iniziativa sulla neutralità è stata respinta con il 62,9 per cento. Sia Erstfeld che il cantone Uri hanno bocciato l'Iniziativa sulla neutralità.","https://thumb.wikimedia.org/wikipedia/commons/thumb/2/27/CHE_Erstfeld_COA.svg/960px-CHE_Erstfeld_COA.svg.png"
1207,34.9,34.9,65.1,"Flüelen (UR)","A Flüelen l'Iniziativa sulla neutralità non ottiene la maggioranza: 65,1 per cento di no. Sia Flüelen che il cantone Uri hanno bocciato l'Iniziativa sulla neutralità.","https://thumb.wikimedia.org/wikipedia/commons/thumb/2/2e/Fl%C3%BCelen-coat_of_arms.svg/960px-Fl%C3%BCelen-coat_of_arms.svg.png"
1208,46.6,46.6,53.4,"Göschenen (UR)","Con il 53,4 per cento dei voti, Göschenen ha respinto l'Iniziativa sulla neutralità. Sia Göschenen che il cantone Uri hanno bocciato l'Iniziativa sulla neutralità.","https://thumb.wikimedia.org/wikipedia/commons/thumb/6/6f/G%C3%B6schenen-coat_of_arms.svg/500px-G%C3%B6schenen-coat_of_arms.svg.png"
1209,54.6,54.6,45.4,"Gurtnellen (UR)","Sì all'Iniziativa sulla neutralità a Gurtnellen: 54,6 per cento. Gurtnellen dice sì all'Iniziativa sulla neutralità, il cantone Uri dice no.","https://thumb.wikimedia.org/wikipedia/commons/thumb/c/c5/Gurtnellen_Wappen.svg/960px-Gurtnellen_Wappen.svg.png"
1210,46.2,46.2,53.8,"Hospental (UR)","A Hospental, l'Iniziativa sulla neutralità è stata respinta con 35 contro 30 voti. Sia Hospental che il cantone Uri hanno bocciato l'Iniziativa sulla neutralità.","https://thumb.wikimedia.org/wikipedia/commons/thumb/2/21/Wappen_Hospental.svg/500px-Wappen_Hospental.svg.png"
1211,41.1,41.1,58.9,"Isenthal (UR)","Con il 58,9 per cento dei voti, Isenthal ha respinto l'Iniziativa sulla neutralità. Sia Isenthal che il cantone Uri hanno bocciato l'Iniziativa sulla neutralità.","https://thumb.wikimedia.org/wikipedia/commons/thumb/5/5c/Isenthal-coat_of_arms.svg/500px-Isenthal-coat_of_arms.svg.png"
1212,47.2,47.2,52.8,"Realp (UR)","A Realp, l'Iniziativa sulla neutralità è stata respinta con 28 contro 25 voti. Sia Realp che il cantone Uri hanno bocciato l'Iniziativa sulla neutralità.","https://thumb.wikimedia.org/wikipedia/commons/thumb/6/66/Realp-coat_of_arms.svg/500px-Realp-coat_of_arms.svg.png"
1213,37.6,37.6,62.4,"Schattdorf (UR)","La popolazione di Schattdorf respinge l'Iniziativa sulla neutralità con il 62,4 per cento. Sia Schattdorf che il cantone Uri hanno bocciato l'Iniziativa sulla neutralità.","https://thumb.wikimedia.org/wikipedia/commons/thumb/b/bb/Wappen_Schattdorf.svg/500px-Wappen_Schattdorf.svg.png"
1214,38.3,38.3,61.7,"Seedorf (UR)","La popolazione di Seedorf UR respinge l'Iniziativa sulla neutralità con il 61,7 per cento. Sia Seedorf UR che il cantone Uri hanno bocciato l'Iniziativa sulla neutralità.","https://thumb.wikimedia.org/wikipedia/commons/thumb/7/7e/CHE_Seedorf_UR_COA.svg/960px-CHE_Seedorf_UR_COA.svg.png"
1215,50.4,50.4,49.6,"Seelisberg (UR)","Sì all'Iniziativa sulla neutralità a Seelisberg con il 50,4 per cento. Seelisberg dice sì all'Iniziativa sulla neutralità, il cantone Uri dice no.","https://thumb.wikimedia.org/wikipedia/commons/thumb/9/90/Wappen_Seelisberg_UR.svg/500px-Wappen_Seelisberg_UR.svg.png"
1216,48.8,48.8,51.2,"Silenen (UR)","Con il 51,2 per cento dei voti, Silenen ha respinto l'Iniziativa sulla neutralità. Sia Silenen che il cantone Uri hanno bocciato l'Iniziativa sulla neutralità.","https://thumb.wikimedia.org/wikipedia/commons/thumb/a/a3/Wappen_Silenen.svg/500px-Wappen_Silenen.svg.png"
1217,54,54,46,"Sisikon (UR)","A Sisikon l'Iniziativa sulla neutralità è stata approvata con il 54 per cento. Sisikon dice sì all'Iniziativa sulla neutralità, il cantone Uri dice no.","https://thumb.wikimedia.org/wikipedia/commons/thumb/4/46/Sisikon-coat_of_arms.svg/500px-Sisikon-coat_of_arms.svg.png"
1218,65.2,65.2,34.8,"Spiringen (UR)","A Spiringen, l'Iniziativa sulla neutralità è approvata con il 65,2 per cento. Spiringen dice sì all'Iniziativa sulla neutralità, il cantone Uri dice no.","https://thumb.wikimedia.org/wikipedia/commons/thumb/a/a0/CHE_Spiringen_COA.svg/960px-CHE_Spiringen_COA.svg.png"
1219,65.8,65.8,34.2,"Unterschächen (UR)","A Unterschächen, l'Iniziativa sulla neutralità è approvata con il 65,8 per cento. Unterschächen dice sì all'Iniziativa sulla neutralità, il cantone Uri dice no.","https://thumb.wikimedia.org/wikipedia/commons/thumb/5/53/CHE_Unterschaechen_COA.svg/500px-CHE_Unterschaechen_COA.svg.png"
1220,41.7,41.7,58.3,"Wassen (UR)","A Wassen l'Iniziativa sulla neutralità non ottiene la maggioranza: 58,3 per cento di no. Sia Wassen che il cantone Uri hanno bocciato l'Iniziativa sulla neutralità.","https://thumb.wikimedia.org/wikipedia/commons/thumb/e/e9/Wappen_Wassen.svg/500px-Wappen_Wassen.svg.png"
1301,44.6,44.6,55.4,"Einsiedeln (SZ)","Con il 55,4 per cento dei voti, Einsiedeln ha respinto l'Iniziativa sulla neutralità. Sia Einsiedeln che il cantone Svitto hanno bocciato l'Iniziativa sulla neutralità.","https://thumb.wikimedia.org/wikipedia/commons/thumb/5/56/Einsiedeln-coat_of_arms.svg/500px-Einsiedeln-coat_of_arms.svg.png"
1311,34.9,34.9,65.1,"Gersau (SZ)","Con il 65,1 per cento dei voti, Gersau ha respinto l'Iniziativa sulla neutralità. Sia Gersau che il cantone Svitto hanno bocciato l'Iniziativa sulla neutralità.","https://thumb.wikimedia.org/wikipedia/commons/thumb/1/11/Wappen_Gersau.svg/250px-Wappen_Gersau.svg.png"
1321,42,42,58,"Feusisberg (SZ)","A Feusisberg l'Iniziativa sulla neutralità non ottiene la maggioranza: 58 per cento di no. Sia Feusisberg che il cantone Svitto hanno bocciato l'Iniziativa sulla neutralità.","https://thumb.wikimedia.org/wikipedia/commons/thumb/d/d2/Feusisberg-blazon.svg/250px-Feusisberg-blazon.svg.png"
1322,37.8,37.8,62.2,"Freienbach (SZ)","La popolazione di Freienbach respinge l'Iniziativa sulla neutralità con il 62,2 per cento. Sia Freienbach che il cantone Svitto hanno bocciato l'Iniziativa sulla neutralità.","https://thumb.wikimedia.org/wikipedia/commons/thumb/3/34/CHE_Freienbach_SZ_COA.svg/960px-CHE_Freienbach_SZ_COA.svg.png"
1323,40.4,40.4,59.6,"Wollerau (SZ)","A Wollerau l'Iniziativa sulla neutralità è stata respinta con il 59,6 per cento. Sia Wollerau che il cantone Svitto hanno bocciato l'Iniziativa sulla neutralità.","https://thumb.wikimedia.org/wikipedia/commons/thumb/9/90/CHE_Wollerau_COA.svg/250px-CHE_Wollerau_COA.svg.png"
1331,32.1,32.1,67.9,"Küssnacht (SZ)","A Küssnacht SZ l'Iniziativa sulla neutralità non ottiene la maggioranza: 67,9 per cento di no. Sia Küssnacht SZ che il cantone Svitto hanno bocciato l'Iniziativa sulla neutralità.","https://thumb.wikimedia.org/wikipedia/commons/thumb/e/ea/CHE_K%C3%BCssnacht_COA.svg/500px-CHE_K%C3%BCssnacht_COA.svg.png"
1341,39.1,39.1,60.9,"Altendorf (SZ)","A Altendorf, l'Iniziativa sulla neutralità è stata respinta con il 60,9 per cento. Sia Altendorf che il cantone Svitto hanno bocciato l'Iniziativa sulla neutralità.","https://thumb.wikimedia.org/wikipedia/de/thumb/e/e3/Wappen_Altendorf_SZ.svg/960px-Wappen_Altendorf_SZ.svg.png"
1342,45.4,45.4,54.6,"Galgenen (SZ)","La popolazione di Galgenen respinge l'Iniziativa sulla neutralità con il 54,6 per cento. Sia Galgenen che il cantone Svitto hanno bocciato l'Iniziativa sulla neutralità.","https://thumb.wikimedia.org/wikipedia/commons/thumb/9/99/CHE_Galgenen_COA.svg/500px-CHE_Galgenen_COA.svg.png"
1343,55,55,45,"Innerthal (SZ)","A Innerthal l'Iniziativa sulla neutralità passa con 55 contro 45 voti. Innerthal dice sì all'Iniziativa sulla neutralità, il cantone Svitto dice no.","https://thumb.wikimedia.org/wikipedia/commons/thumb/1/1b/Innerthal-blazon.svg/250px-Innerthal-blazon.svg.png"
1344,31.6,31.6,68.4,"Lachen (SZ)","La popolazione di Lachen respinge l'Iniziativa sulla neutralità con il 68,4 per cento. Sia Lachen che il cantone Svitto hanno bocciato l'Iniziativa sulla neutralità.","https://thumb.wikimedia.org/wikipedia/de/thumb/5/55/Wappen_Lachen_SZ.svg/500px-Wappen_Lachen_SZ.svg.png"
1345,36.2,36.2,63.8,"Reichenburg (SZ)","La popolazione di Reichenburg respinge l'Iniziativa sulla neutralità con il 63,8 per cento. Sia Reichenburg che il cantone Svitto hanno bocciato l'Iniziativa sulla neutralità.","https://thumb.wikimedia.org/wikipedia/de/thumb/0/02/Wappen_Reichenburg.svg/960px-Wappen_Reichenburg.svg.png"
1346,43.9,43.9,56.1,"Schübelbach (SZ)","A Schübelbach l'Iniziativa sulla neutralità è stata respinta con il 56,1 per cento. Sia Schübelbach che il cantone Svitto hanno bocciato l'Iniziativa sulla neutralità.","https://thumb.wikimedia.org/wikipedia/de/thumb/b/bf/Wappen_Sch%C3%BCbelbach.svg/960px-Wappen_Sch%C3%BCbelbach.svg.png"
1347,47.7,47.7,52.3,"Tuggen (SZ)","A Tuggen l'Iniziativa sulla neutralità è stata respinta con il 52,3 per cento. Sia Tuggen che il cantone Svitto hanno bocciato l'Iniziativa sulla neutralità.","https://upload.wikimedia.org/wikipedia/commons/c/cc/Wappen_tuggen.png"
1348,69.3,69.3,30.7,"Vorderthal (SZ)","A Vorderthal l'Iniziativa sulla neutralità è stata approvata con il 69,3 per cento. Vorderthal dice sì all'Iniziativa sulla neutralità, il cantone Svitto dice no.","https://thumb.wikimedia.org/wikipedia/commons/thumb/8/8a/CHE_Vorderthal_COA.svg/500px-CHE_Vorderthal_COA.svg.png"
1349,43.6,43.6,56.4,"Wangen (SZ)","La popolazione di Wangen SZ respinge l'Iniziativa sulla neutralità con il 56,4 per cento. Sia Wangen SZ che il cantone Svitto hanno bocciato l'Iniziativa sulla neutralità.","https://thumb.wikimedia.org/wikipedia/commons/thumb/7/78/Wangen_SZ-blazon.svg/250px-Wangen_SZ-blazon.svg.png"
1361,71,71,29,"Alpthal (SZ)","A Alpthal, l'Iniziativa sulla neutralità è approvata con il 71 per cento. Alpthal dice sì all'Iniziativa sulla neutralità, il cantone Svitto dice no.","https://thumb.wikimedia.org/wikipedia/commons/thumb/3/3b/CHE_Alpthal_COA.svg/250px-CHE_Alpthal_COA.svg.png"
1362,37.6,37.6,62.4,"Arth (SZ)","Con il 62,4 per cento dei voti, l'Iniziativa sulla neutralità viene respinta a Arth. Sia Arth che il cantone Svitto hanno bocciato l'Iniziativa sulla neutralità.","https://thumb.wikimedia.org/wikipedia/commons/thumb/e/e8/CHE_Arth_COA.svg/500px-CHE_Arth_COA.svg.png"
1363,68.2,68.2,31.8,"Illgau (SZ)","A Illgau, l'Iniziativa sulla neutralità è approvata con il 68,2 per cento. Illgau dice sì all'Iniziativa sulla neutralità, il cantone Svitto dice no.","https://thumb.wikimedia.org/wikipedia/commons/thumb/6/6d/Illgau-blazon.svg/250px-Illgau-blazon.svg.png"
1364,35.6,35.6,64.4,"Ingenbohl (SZ)","La popolazione di Ingenbohl respinge l'Iniziativa sulla neutralità con il 64,4 per cento. Sia Ingenbohl che il cantone Svitto hanno bocciato l'Iniziativa sulla neutralità.","https://thumb.wikimedia.org/wikipedia/commons/thumb/9/92/Ingenbohl-blazon.svg/250px-Ingenbohl-blazon.svg.png"
1365,52,52,48,"Lauerz (SZ)","A Lauerz, l'Iniziativa sulla neutralità è approvata con il 52 per cento. Lauerz dice sì all'Iniziativa sulla neutralità, il cantone Svitto dice no.","https://thumb.wikimedia.org/wikipedia/commons/thumb/a/aa/Lauerz-blazon.svg/250px-Lauerz-blazon.svg.png"
1366,46.7,46.7,53.3,"Morschach (SZ)","La popolazione di Morschach respinge l'Iniziativa sulla neutralità con il 53,3 per cento. Sia Morschach che il cantone Svitto hanno bocciato l'Iniziativa sulla neutralità.","https://thumb.wikimedia.org/wikipedia/commons/thumb/d/d5/Morschach-blazon.svg/250px-Morschach-blazon.svg.png"
1367,65.2,65.2,34.8,"Muotathal (SZ)","A Muotathal l'Iniziativa sulla neutralità è stata approvata con il 65,2 per cento. Muotathal dice sì all'Iniziativa sulla neutralità, il cantone Svitto dice no.","https://thumb.wikimedia.org/wikipedia/commons/thumb/3/35/Muotathal-blazon.svg/250px-Muotathal-blazon.svg.png"
1368,57.5,57.5,42.5,"Oberiberg (SZ)","Sì all'Iniziativa sulla neutralità a Oberiberg con il 57,5 per cento. Oberiberg dice sì all'Iniziativa sulla neutralità, il cantone Svitto dice no.","https://thumb.wikimedia.org/wikipedia/commons/thumb/e/e9/Oberiberg-blazon.svg/250px-Oberiberg-blazon.svg.png"
1369,63.4,63.4,36.6,"Riemenstalden (SZ)","A Riemenstalden, l'Iniziativa sulla neutralità è approvata con 26 voti contro 15. Riemenstalden dice sì all'Iniziativa sulla neutralità, il cantone Svitto dice no.","https://thumb.wikimedia.org/wikipedia/commons/thumb/e/eb/Riemenstalden-blazon.svg/250px-Riemenstalden-blazon.svg.png"
1370,63.5,63.5,36.5,"Rothenthurm (SZ)","A Rothenthurm l'Iniziativa sulla neutralità è stata approvata con il 63,5 per cento. Rothenthurm dice sì all'Iniziativa sulla neutralità, il cantone Svitto dice no.","https://thumb.wikimedia.org/wikipedia/commons/thumb/d/d3/CHE_Rothenthurm_COA.svg/500px-CHE_Rothenthurm_COA.svg.png"
1371,51.2,51.2,48.8,"Sattel (SZ)","Sì all'Iniziativa sulla neutralità a Sattel con il 51,2 per cento. Sattel dice sì all'Iniziativa sulla neutralità, il cantone Svitto dice no.","https://thumb.wikimedia.org/wikipedia/commons/thumb/8/8e/Sattel-blazon.svg/250px-Sattel-blazon.svg.png"
1372,38.3,38.3,61.7,"Svitto (SZ)","Con il 61,7 per cento dei voti, Svitto ha respinto l'Iniziativa sulla neutralità. Sia Svitto che il cantone Svitto hanno bocciato l'Iniziativa sulla neutralità.","https://thumb.wikimedia.org/wikipedia/commons/thumb/1/12/CHE_Schwyz_SZ_COA.svg/500px-CHE_Schwyz_SZ_COA.svg.png"
1373,45.9,45.9,54.1,"Steinen (SZ)","Con il 54,1 per cento dei voti, l'Iniziativa sulla neutralità viene respinta a Steinen. Sia Steinen che il cantone Svitto hanno bocciato l'Iniziativa sulla neutralità.","https://thumb.wikimedia.org/wikipedia/commons/thumb/6/6f/Steinen_SZ-blazon.svg/250px-Steinen_SZ-blazon.svg.png"
1374,59.4,59.4,40.6,"Steinerberg (SZ)","La popolazione di Steinerberg approva l'Iniziativa sulla neutralità con il 59,4 per cento. Steinerberg dice sì all'Iniziativa sulla neutralità, il cantone Svitto dice no.","https://thumb.wikimedia.org/wikipedia/commons/thumb/2/25/Steinerberg-blazon.svg/250px-Steinerberg-blazon.svg.png"
1375,73.9,73.9,26.1,"Unteriberg (SZ)","A Unteriberg, l'Iniziativa sulla neutralità è approvata con il 73,9 per cento. Unteriberg dice sì all'Iniziativa sulla neutralità, il cantone Svitto dice no.","https://thumb.wikimedia.org/wikipedia/commons/thumb/1/16/Unteriberg-blazon.svg/250px-Unteriberg-blazon.svg.png"
1401,34.4,34.4,65.6,"Alpnach (OW)","Con il 65,6 per cento dei voti, l'Iniziativa sulla neutralità viene respinta a Alpnach. Sia Alpnach che il cantone Obvaldo hanno bocciato l'Iniziativa sulla neutralità.","https://thumb.wikimedia.org/wikipedia/commons/thumb/a/ab/CHE_Alpnach_COA.svg/960px-CHE_Alpnach_COA.svg.png"
1402,33.2,33.2,66.8,"Engelberg (OW)","La popolazione di Engelberg respinge l'Iniziativa sulla neutralità con il 66,8 per cento. Sia Engelberg che il cantone Obvaldo hanno bocciato l'Iniziativa sulla neutralità.","https://thumb.wikimedia.org/wikipedia/commons/thumb/b/bb/CHE_Engelberg_COA.svg/960px-CHE_Engelberg_COA.svg.png"
1403,41.1,41.1,58.9,"Giswil (OW)","La popolazione di Giswil respinge l'Iniziativa sulla neutralità con il 58,9 per cento. Sia Giswil che il cantone Obvaldo hanno bocciato l'Iniziativa sulla neutralità.","https://thumb.wikimedia.org/wikipedia/commons/thumb/1/1d/CHE_Giswil_COA.svg/960px-CHE_Giswil_COA.svg.png"
1404,40.3,40.3,59.7,"Kerns (OW)","A Kerns l'Iniziativa sulla neutralità è stata respinta con il 59,7 per cento. Sia Kerns che il cantone Obvaldo hanno bocciato l'Iniziativa sulla neutralità.","https://thumb.wikimedia.org/wikipedia/commons/thumb/6/63/CHE_Kerns_COA.svg/500px-CHE_Kerns_COA.svg.png"
1405,36.7,36.7,63.3,"Lungern (OW)","A Lungern l'Iniziativa sulla neutralità è stata respinta con il 63,3 per cento. Sia Lungern che il cantone Obvaldo hanno bocciato l'Iniziativa sulla neutralità.","https://thumb.wikimedia.org/wikipedia/commons/thumb/3/32/CHE_Lungern_COA.svg/500px-CHE_Lungern_COA.svg.png"
1406,33.6,33.6,66.4,"Sachseln (OW)","Con il 66,4 per cento dei voti, l'Iniziativa sulla neutralità viene respinta a Sachseln. Sia Sachseln che il cantone Obvaldo hanno bocciato l'Iniziativa sulla neutralità.","https://thumb.wikimedia.org/wikipedia/commons/thumb/0/02/CHE_Sachseln_COA.svg/960px-CHE_Sachseln_COA.svg.png"
1407,34.2,34.2,65.8,"Sarnen (OW)","A Sarnen, l'Iniziativa sulla neutralità è stata respinta con il 65,8 per cento. Sia Sarnen che il cantone Obvaldo hanno bocciato l'Iniziativa sulla neutralità.","https://thumb.wikimedia.org/wikipedia/commons/thumb/a/a6/CHE_Sarnen_COA.svg/960px-CHE_Sarnen_COA.svg.png"
1501,35.3,35.3,64.7,"Beckenried (NW)","A Beckenried, l'Iniziativa sulla neutralità è stata respinta con il 64,7 per cento. Sia Beckenried che il cantone Nidvaldo hanno bocciato l'Iniziativa sulla neutralità.","https://thumb.wikimedia.org/wikipedia/commons/thumb/0/0d/CHE_Beckenried_COA.svg/960px-CHE_Beckenried_COA.svg.png"
1502,31.8,31.8,68.2,"Buochs (NW)","Con il 68,2 per cento dei voti, Buochs ha respinto l'Iniziativa sulla neutralità. Sia Buochs che il cantone Nidvaldo hanno bocciato l'Iniziativa sulla neutralità.","https://thumb.wikimedia.org/wikipedia/commons/thumb/8/8c/CHE_Buochs_COA.svg/960px-CHE_Buochs_COA.svg.png"
1503,42.1,42.1,57.9,"Dallenwil (NW)","La popolazione di Dallenwil respinge l'Iniziativa sulla neutralità con il 57,9 per cento. Sia Dallenwil che il cantone Nidvaldo hanno bocciato l'Iniziativa sulla neutralità.","https://thumb.wikimedia.org/wikipedia/commons/thumb/c/cc/CHE_Dallenwil_COA.svg/500px-CHE_Dallenwil_COA.svg.png"
1504,42.1,42.1,57.9,"Emmetten (NW)","A Emmetten, l'Iniziativa sulla neutralità è stata respinta con il 57,9 per cento. Sia Emmetten che il cantone Nidvaldo hanno bocciato l'Iniziativa sulla neutralità.","https://thumb.wikimedia.org/wikipedia/commons/thumb/5/58/CHE_Emmetten_COA.svg/960px-CHE_Emmetten_COA.svg.png"
1505,29.9,29.9,70.1,"Ennetbürgen (NW)","A Ennetbürgen, l'Iniziativa sulla neutralità è stata respinta con il 70,1 per cento. Sia Ennetbürgen che il cantone Nidvaldo hanno bocciato l'Iniziativa sulla neutralità.","https://thumb.wikimedia.org/wikipedia/commons/thumb/8/8e/CHE_Ennetburgen_COA.svg/960px-CHE_Ennetburgen_COA.svg.png"
1506,39.8,39.8,60.2,"Ennetmoos (NW)","A Ennetmoos, l'Iniziativa sulla neutralità è stata respinta con il 60,2 per cento. Sia Ennetmoos che il cantone Nidvaldo hanno bocciato l'Iniziativa sulla neutralità.","https://thumb.wikimedia.org/wikipedia/commons/thumb/c/c2/CHE_Ennetmoos_COA.svg/960px-CHE_Ennetmoos_COA.svg.png"
1507,33.5,33.5,66.5,"Hergiswil (NW)","La popolazione di Hergiswil NW respinge l'Iniziativa sulla neutralità con il 66,5 per cento. Sia Hergiswil NW che il cantone Nidvaldo hanno bocciato l'Iniziativa sulla neutralità.","https://thumb.wikimedia.org/wikipedia/commons/thumb/c/cf/CHE_Hergiswil_COA.svg/960px-CHE_Hergiswil_COA.svg.png"
1508,35.7,35.7,64.3,"Oberdorf (NW)","A Oberdorf NW l'Iniziativa sulla neutralità è stata respinta con il 64,3 per cento. Sia Oberdorf NW che il cantone Nidvaldo hanno bocciato l'Iniziativa sulla neutralità.","https://thumb.wikimedia.org/wikipedia/commons/thumb/8/8c/CHE_Oberdorf_NW_COA.svg/960px-CHE_Oberdorf_NW_COA.svg.png"
1509,25.5,25.5,74.5,"Stans (NW)","A Stans, l'Iniziativa sulla neutralità è stata respinta con il 74,5 per cento. Sia Stans che il cantone Nidvaldo hanno bocciato l'Iniziativa sulla neutralità.","https://thumb.wikimedia.org/wikipedia/commons/thumb/9/95/CHE_Stans_COA.svg/960px-CHE_Stans_COA.svg.png"
1510,35.1,35.1,64.9,"Stansstad (NW)","A Stansstad l'Iniziativa sulla neutralità è stata respinta con il 64,9 per cento. Sia Stansstad che il cantone Nidvaldo hanno bocciato l'Iniziativa sulla neutralità.","https://thumb.wikimedia.org/wikipedia/commons/thumb/4/47/CHE_Stansstad_COA.svg/960px-CHE_Stansstad_COA.svg.png"
1511,38.3,38.3,61.7,"Wolfenschiessen (NW)","La popolazione di Wolfenschiessen respinge l'Iniziativa sulla neutralità con il 61,7 per cento. Sia Wolfenschiessen che il cantone Nidvaldo hanno bocciato l'Iniziativa sulla neutralità.","https://thumb.wikimedia.org/wikipedia/commons/thumb/6/6b/CHE_Wolfenschiessen_COA.svg/960px-CHE_Wolfenschiessen_COA.svg.png"
1630,40.1,40.1,59.9,"Glarus Nord (GL)","A Glarus Nord l'Iniziativa sulla neutralità è stata respinta con il 59,9 per cento. Sia Glarus Nord che il cantone Glarona hanno bocciato l'Iniziativa sulla neutralità.","https://thumb.wikimedia.org/wikipedia/commons/thumb/d/d5/CHE_Glarus_Nord_COA.svg/500px-CHE_Glarus_Nord_COA.svg.png"
1631,41.6,41.6,58.4,"Glarus Süd (GL)","A Glarus Süd l'Iniziativa sulla neutralità non ottiene la maggioranza: 58,4 per cento di no. Sia Glarus Süd che il cantone Glarona hanno bocciato l'Iniziativa sulla neutralità.","https://thumb.wikimedia.org/wikipedia/commons/thumb/5/51/CHE_Glarus_S%C3%BCd_COA.svg/960px-CHE_Glarus_S%C3%BCd_COA.svg.png"
1632,30,30,70,"Glarona (GL)","Con il 70 per cento dei voti, l'Iniziativa sulla neutralità viene respinta a Glarona. Sia Glarona che il cantone Glarona hanno bocciato l'Iniziativa sulla neutralità.","https://thumb.wikimedia.org/wikipedia/commons/thumb/b/b6/CHE_Glarus_COA.svg/500px-CHE_Glarus_COA.svg.png"
1701,29.1,29.1,70.9,"Baar (ZG)","A Baar l'Iniziativa sulla neutralità è stata respinta con il 70,9 per cento. Sia Baar che il cantone Zugo hanno bocciato l'Iniziativa sulla neutralità.","https://thumb.wikimedia.org/wikipedia/commons/thumb/a/a1/CHE_Baar_COA.svg/500px-CHE_Baar_COA.svg.png"
1702,27,27,73,"Cham (ZG)","La popolazione di Cham respinge l'Iniziativa sulla neutralità con il 73 per cento. Sia Cham che il cantone Zugo hanno bocciato l'Iniziativa sulla neutralità.","https://thumb.wikimedia.org/wikipedia/commons/thumb/f/f9/CHE_Cham_ZG_COA.svg/500px-CHE_Cham_ZG_COA.svg.png"
1703,20.1,20.1,79.9,"Hünenberg (ZG)","A Hünenberg l'Iniziativa sulla neutralità non ottiene la maggioranza: 79,9 per cento di no. Sia Hünenberg che il cantone Zugo hanno bocciato l'Iniziativa sulla neutralità.","https://thumb.wikimedia.org/wikipedia/commons/thumb/c/cd/CHE_H%C3%BCnenberg_COA.svg/500px-CHE_H%C3%BCnenberg_COA.svg.png"
1704,40.2,40.2,59.8,"Menzingen (ZG)","A Menzingen l'Iniziativa sulla neutralità è stata respinta con il 59,8 per cento. Sia Menzingen che il cantone Zugo hanno bocciato l'Iniziativa sulla neutralità.","https://thumb.wikimedia.org/wikipedia/commons/thumb/a/a6/CHE_Menzingen_COA.svg/500px-CHE_Menzingen_COA.svg.png"
1705,34.6,34.6,65.4,"Neuheim (ZG)","Con il 65,4 per cento dei voti, l'Iniziativa sulla neutralità viene respinta a Neuheim. Sia Neuheim che il cantone Zugo hanno bocciato l'Iniziativa sulla neutralità.","https://thumb.wikimedia.org/wikipedia/commons/thumb/e/ee/CHE_Neuheim_COA.svg/500px-CHE_Neuheim_COA.svg.png"
1706,39.3,39.3,60.7,"Oberägeri (ZG)","La popolazione di Oberägeri respinge l'Iniziativa sulla neutralità con il 60,7 per cento. Sia Oberägeri che il cantone Zugo hanno bocciato l'Iniziativa sulla neutralità.","https://thumb.wikimedia.org/wikipedia/commons/thumb/b/bb/Ober%C3%A4geri_Wappen.svg/330px-Ober%C3%A4geri_Wappen.svg.png"
1707,29.8,29.8,70.2,"Risch (ZG)","Con il 70,2 per cento dei voti, Risch ha respinto l'Iniziativa sulla neutralità. Sia Risch che il cantone Zugo hanno bocciato l'Iniziativa sulla neutralità.","https://thumb.wikimedia.org/wikipedia/commons/thumb/5/56/Wappen_Risch_Rotkreuz.svg/500px-Wappen_Risch_Rotkreuz.svg.png"
1708,24.4,24.4,75.6,"Steinhausen (ZG)","La popolazione di Steinhausen respinge l'Iniziativa sulla neutralità con il 75,6 per cento. Sia Steinhausen che il cantone Zugo hanno bocciato l'Iniziativa sulla neutralità.","https://thumb.wikimedia.org/wikipedia/commons/thumb/1/1f/Steinhausen_Wappen.svg/330px-Steinhausen_Wappen.svg.png"
1709,33.2,33.2,66.8,"Unterägeri (ZG)","A Unterägeri, l'Iniziativa sulla neutralità è stata respinta con il 66,8 per cento. Sia Unterägeri che il cantone Zugo hanno bocciato l'Iniziativa sulla neutralità.","https://thumb.wikimedia.org/wikipedia/commons/thumb/3/38/CHE_Unter%C3%A4geri_COA.svg/500px-CHE_Unter%C3%A4geri_COA.svg.png"
1710,36.3,36.3,63.7,"Walchwil (ZG)","La popolazione di Walchwil respinge l'Iniziativa sulla neutralità con il 63,7 per cento. Sia Walchwil che il cantone Zugo hanno bocciato l'Iniziativa sulla neutralità.","https://thumb.wikimedia.org/wikipedia/commons/thumb/7/70/CHE_Walchwil_COA.svg/960px-CHE_Walchwil_COA.svg.png"
1711,25.1,25.1,74.9,"Zugo (ZG)","Con il 74,9 per cento dei voti, l'Iniziativa sulla neutralità viene respinta a Zugo. Sia Zugo che il cantone Zugo hanno bocciato l'Iniziativa sulla neutralità.","https://thumb.wikimedia.org/wikipedia/commons/thumb/6/67/CHE_Zug_ZG_COA.svg/500px-CHE_Zug_ZG_COA.svg.png"
2008,28.4,28.4,71.6,"Châtillon (FR)","Con il 71,6 per cento dei voti, l'Iniziativa sulla neutralità viene respinta a Châtillon FR. Sia Châtillon FR che il cantone Friburgo hanno bocciato l'Iniziativa sulla neutralità.","https://upload.wikimedia.org/wikipedia/commons/7/71/Ch%C3%A2tillon.png"
2011,35,35,65,"Cugy (FR)","A Cugy FR l'Iniziativa sulla neutralità è stata respinta con il 65 per cento. Sia Cugy FR che il cantone Friburgo hanno bocciato l'Iniziativa sulla neutralità.","https://thumb.wikimedia.org/wikipedia/commons/thumb/a/ad/CHE_Cugy_FR_COA.svg/960px-CHE_Cugy_FR_COA.svg.png"
2022,35.9,35.9,64.1,"Gletterens (FR)","La popolazione di Gletterens respinge l'Iniziativa sulla neutralità con il 64,1 per cento. Sia Gletterens che il cantone Friburgo hanno bocciato l'Iniziativa sulla neutralità.","https://thumb.wikimedia.org/wikipedia/commons/thumb/3/39/CHE_Gletterens_COA.svg/500px-CHE_Gletterens_COA.svg.png"
2025,35.4,35.4,64.6,"Lully (FR)","A Lully FR l'Iniziativa sulla neutralità è stata respinta con il 64,6 per cento. Sia Lully FR che il cantone Friburgo hanno bocciato l'Iniziativa sulla neutralità.","https://thumb.wikimedia.org/wikipedia/commons/thumb/1/11/CHE_Lully_FR_COA.svg/250px-CHE_Lully_FR_COA.svg.png"
2029,30.2,30.2,69.8,"Montagny (FR)","A Montagny FR, l'Iniziativa sulla neutralità è stata respinta con il 69,8 per cento. Sia Montagny FR che il cantone Friburgo hanno bocciato l'Iniziativa sulla neutralità.","https://thumb.wikimedia.org/wikipedia/commons/thumb/5/5c/CHE_Montagny_COA.svg/960px-CHE_Montagny_COA.svg.png"
2035,27.7,27.7,72.3,"Nuvilly (FR)","A Nuvilly, l'Iniziativa sulla neutralità è stata respinta con il 72,3 per cento. Sia Nuvilly che il cantone Friburgo hanno bocciato l'Iniziativa sulla neutralità.","https://thumb.wikimedia.org/wikipedia/commons/thumb/6/63/CHE_Nuvilly_COA.svg/250px-CHE_Nuvilly_COA.svg.png"
2038,41,41,59,"Prévondavaux (FR)","A Prévondavaux, l'Iniziativa sulla neutralità è stata respinta con 23 contro 16 voti. Sia Prévondavaux che il cantone Friburgo hanno bocciato l'Iniziativa sulla neutralità.","https://thumb.wikimedia.org/wikipedia/commons/thumb/0/08/Pr%C3%A9vondavaux-coat_of_arms.svg/500px-Pr%C3%A9vondavaux-coat_of_arms.svg.png"
2041,25,25,75,"Saint-Aubin (FR)","La popolazione di Saint-Aubin FR respinge l'Iniziativa sulla neutralità con il 75 per cento. Sia Saint-Aubin FR che il cantone Friburgo hanno bocciato l'Iniziativa sulla neutralità.","https://thumb.wikimedia.org/wikipedia/commons/thumb/6/62/Saint-Aubin-coat_of_arms.svg/500px-Saint-Aubin-coat_of_arms.svg.png"
2043,31.2,31.2,68.8,"Sévaz (FR)","A Sévaz, l'Iniziativa sulla neutralità è stata respinta con 66 contro 30 voti. Sia Sévaz che il cantone Friburgo hanno bocciato l'Iniziativa sulla neutralità.","https://thumb.wikimedia.org/wikipedia/commons/thumb/7/77/CHE_S%C3%A9vaz_COA.svg/960px-CHE_S%C3%A9vaz_COA.svg.png"
2044,40.2,40.2,59.8,"Surpierre (FR)","Con il 59,8 per cento dei voti, Surpierre ha respinto l'Iniziativa sulla neutralità. Sia Surpierre che il cantone Friburgo hanno bocciato l'Iniziativa sulla neutralità.","https://thumb.wikimedia.org/wikipedia/commons/thumb/b/b4/CHE_Surpierre_COA.svg/500px-CHE_Surpierre_COA.svg.png"
2045,35.6,35.6,64.4,"Vallon (FR)","La popolazione di Vallon respinge l'Iniziativa sulla neutralità con il 64,4 per cento. Sia Vallon che il cantone Friburgo hanno bocciato l'Iniziativa sulla neutralità.","https://thumb.wikimedia.org/wikipedia/commons/thumb/8/83/CHE_Vallon_COA.svg/500px-CHE_Vallon_COA.svg.png"
2050,34.2,34.2,65.8,"Les Montets (FR)","Con il 65,8 per cento dei voti, Les Montets ha respinto l'Iniziativa sulla neutralità. Sia Les Montets che il cantone Friburgo hanno bocciato l'Iniziativa sulla neutralità.","https://thumb.wikimedia.org/wikipedia/commons/thumb/3/33/CHE_Les_Montets_COA.svg/250px-CHE_Les_Montets_COA.svg.png"
2051,34.5,34.5,65.5,"Delley-Portalban (FR)","La popolazione di Delley-Portalban respinge l'Iniziativa sulla neutralità con il 65,5 per cento. Sia Delley-Portalban che il cantone Friburgo hanno bocciato l'Iniziativa sulla neutralità.","https://thumb.wikimedia.org/wikipedia/commons/thumb/6/68/CHE_Delley-Portalban_COA.svg/500px-CHE_Delley-Portalban_COA.svg.png"
2053,34.7,34.7,65.3,"Belmont-Broye (FR)","A Belmont-Broye l'Iniziativa sulla neutralità è stata respinta con il 65,3 per cento. Sia Belmont-Broye che il cantone Friburgo hanno bocciato l'Iniziativa sulla neutralità.","https://thumb.wikimedia.org/wikipedia/commons/thumb/7/7f/CHE_Belmont-Broye_COA.svg/500px-CHE_Belmont-Broye_COA.svg.png"
2054,29.4,29.4,70.6,"Estavayer (FR)","La popolazione di Estavayer respinge l'Iniziativa sulla neutralità con il 70,6 per cento. Sia Estavayer che il cantone Friburgo hanno bocciato l'Iniziativa sulla neutralità.","https://thumb.wikimedia.org/wikipedia/commons/thumb/9/94/CHE_Estavayer_COA.svg/250px-CHE_Estavayer_COA.svg.png"
2055,33.3,33.3,66.7,"Cheyres-Châbles (FR)","Con il 66,7 per cento dei voti, Cheyres-Châbles ha respinto l'Iniziativa sulla neutralità. Sia Cheyres-Châbles che il cantone Friburgo hanno bocciato l'Iniziativa sulla neutralità.","https://thumb.wikimedia.org/wikipedia/commons/thumb/b/bc/CHE_Cheyres-Ch%C3%A2bles_COA.svg/250px-CHE_Cheyres-Ch%C3%A2bles_COA.svg.png"
2056,35.7,35.7,64.3,"Fétigny-Ménières (FR)","Con il 64,3 per cento dei voti, l'Iniziativa sulla neutralità viene respinta a Fétigny-Ménières. Sia Fétigny-Ménières che il cantone Friburgo hanno bocciato l'Iniziativa sulla neutralità.","https://thumb.wikimedia.org/wikipedia/commons/thumb/6/67/CHE_F%C3%A9tigny-M%C3%A9ni%C3%A8res_COA.svg/500px-CHE_F%C3%A9tigny-M%C3%A9ni%C3%A8res_COA.svg.png"
2063,29.1,29.1,70.9,"Billens-Hennens (FR)","A Billens-Hennens, l'Iniziativa sulla neutralità è stata respinta con il 70,9 per cento. Sia Billens-Hennens che il cantone Friburgo hanno bocciato l'Iniziativa sulla neutralità.","https://thumb.wikimedia.org/wikipedia/commons/thumb/7/70/CHE_Billens-Hennens_COA.svg/250px-CHE_Billens-Hennens_COA.svg.png"
2067,52.9,52.9,47.1,"Le Châtelard (FR)","Sì all'Iniziativa sulla neutralità a Le Châtelard: 52,9 per cento. Le Châtelard dice sì all'Iniziativa sulla neutralità, il cantone Friburgo dice no.","https://thumb.wikimedia.org/wikipedia/commons/thumb/d/de/CHE_Le_Ch%C3%A2telard_FR_COA.svg/500px-CHE_Le_Ch%C3%A2telard_FR_COA.svg.png"
2068,33.8,33.8,66.2,"Châtonnaye (FR)","Con il 66,2 per cento dei voti, Châtonnaye ha respinto l'Iniziativa sulla neutralità. Sia Châtonnaye che il cantone Friburgo hanno bocciato l'Iniziativa sulla neutralità.","https://thumb.wikimedia.org/wikipedia/commons/thumb/7/72/Ch%C3%A2tonnaye-coat_of_arms.svg/500px-Ch%C3%A2tonnaye-coat_of_arms.svg.png"
2079,41.4,41.4,58.6,"Grangettes (FR)","A Grangettes l'Iniziativa sulla neutralità è respinta con 34 contro 24 voti. Sia Grangettes che il cantone Friburgo hanno bocciato l'Iniziativa sulla neutralità.","https://thumb.wikimedia.org/wikipedia/commons/thumb/2/29/Grangettes-coat_of_arms.svg/500px-Grangettes-coat_of_arms.svg.png"
2086,37.3,37.3,62.7,"Massonnens (FR)","A Massonnens l'Iniziativa sulla neutralità è stata respinta con il 62,7 per cento. Sia Massonnens che il cantone Friburgo hanno bocciato l'Iniziativa sulla neutralità.","https://thumb.wikimedia.org/wikipedia/commons/thumb/6/68/CHE_Massonnens_COA.svg/500px-CHE_Massonnens_COA.svg.png"
2087,39.8,39.8,60.2,"Mézières (FR)","Con il 60,2 per cento dei voti, Mézières FR ha respinto l'Iniziativa sulla neutralità. Sia Mézières FR che il cantone Friburgo hanno bocciato l'Iniziativa sulla neutralità.","https://thumb.wikimedia.org/wikipedia/commons/thumb/c/c2/M%C3%A9zi%C3%A8res_FR-2004-coat_of_arms.svg/500px-M%C3%A9zi%C3%A8res_FR-2004-coat_of_arms.svg.png"
2096,31.2,31.2,68.8,"Romont (FR)","A Romont FR l'Iniziativa sulla neutralità non ottiene la maggioranza: 68,8 per cento di no. Sia Romont FR che il cantone Friburgo hanno bocciato l'Iniziativa sulla neutralità.","https://thumb.wikimedia.org/wikipedia/commons/thumb/0/04/CHE_Romont_FR_COA.svg/500px-CHE_Romont_FR_COA.svg.png"
2097,40.4,40.4,59.6,"Rue (FR)","A Rue l'Iniziativa sulla neutralità è stata respinta con il 59,6 per cento. Sia Rue che il cantone Friburgo hanno bocciato l'Iniziativa sulla neutralità.","https://thumb.wikimedia.org/wikipedia/commons/thumb/9/90/CHE_Rue_COA.svg/500px-CHE_Rue_COA.svg.png"
2099,38.9,38.9,61.1,"Siviriez (FR)","Con il 61,1 per cento dei voti, l'Iniziativa sulla neutralità viene respinta a Siviriez. Sia Siviriez che il cantone Friburgo hanno bocciato l'Iniziativa sulla neutralità.","https://thumb.wikimedia.org/wikipedia/commons/thumb/0/0b/CHE_Siviriez_COA.svg/960px-CHE_Siviriez_COA.svg.png"
2102,36.4,36.4,63.6,"Ursy (FR)","La popolazione di Ursy respinge l'Iniziativa sulla neutralità con il 63,6 per cento. Sia Ursy che il cantone Friburgo hanno bocciato l'Iniziativa sulla neutralità.","https://thumb.wikimedia.org/wikipedia/commons/thumb/b/b0/CHE_Ursy_COA.svg/960px-CHE_Ursy_COA.svg.png"
2113,39.9,39.9,60.1,"Vuisternens-devant-Romont (FR)","A Vuisternens-devant-Romont l'Iniziativa sulla neutralità è stata respinta con il 60,1 per cento. Sia Vuisternens-devant-Romont che il cantone Friburgo hanno bocciato l'Iniziativa sulla neutralità.","https://thumb.wikimedia.org/wikipedia/commons/thumb/2/22/CHE_Vuisternens-devant-Romont_COA.svg/250px-CHE_Vuisternens-devant-Romont_COA.svg.png"
2114,40.1,40.1,59.9,"Villorsonnens (FR)","A Villorsonnens l'Iniziativa sulla neutralità è stata respinta con il 59,9 per cento. Sia Villorsonnens che il cantone Friburgo hanno bocciato l'Iniziativa sulla neutralità.","https://thumb.wikimedia.org/wikipedia/commons/thumb/9/92/CHE_Villorsonnens_COA.svg/500px-CHE_Villorsonnens_COA.svg.png"
2115,30.3,30.3,69.7,"Torny (FR)","La popolazione di Torny respinge l'Iniziativa sulla neutralità con il 69,7 per cento. Sia Torny che il cantone Friburgo hanno bocciato l'Iniziativa sulla neutralità.","https://thumb.wikimedia.org/wikipedia/commons/thumb/c/c6/Torny-coat_of_arms.svg/500px-Torny-coat_of_arms.svg.png"
2117,33,33,67,"Villaz (FR)","A Villaz l'Iniziativa sulla neutralità è stata respinta con il 67 per cento. Sia Villaz che il cantone Friburgo hanno bocciato l'Iniziativa sulla neutralità.","https://thumb.wikimedia.org/wikipedia/commons/thumb/1/11/CHE_Villaz_FR_COA.svg/500px-CHE_Villaz_FR_COA.svg.png"
2121,36.6,36.6,63.4,"Haut-Intyamon (FR)","A Haut-Intyamon, l'Iniziativa sulla neutralità è stata respinta con il 63,4 per cento. Sia Haut-Intyamon che il cantone Friburgo hanno bocciato l'Iniziativa sulla neutralità.","https://thumb.wikimedia.org/wikipedia/commons/thumb/8/8c/Haut-Intyamon-coat_of_arms.svg/500px-Haut-Intyamon-coat_of_arms.svg.png"
2122,30.6,30.6,69.4,"Pont-en-Ogoz (FR)","La popolazione di Pont-en-Ogoz respinge l'Iniziativa sulla neutralità con il 69,4 per cento. Sia Pont-en-Ogoz che il cantone Friburgo hanno bocciato l'Iniziativa sulla neutralità.","https://thumb.wikimedia.org/wikipedia/commons/thumb/b/bf/Blason_ville_ch_Pont-en-Ogoz.svg/960px-Blason_ville_ch_Pont-en-Ogoz.svg.png"
2123,43,43,57,"Botterens (FR)","A Botterens, l'Iniziativa sulla neutralità è stata respinta con il 57 per cento. Sia Botterens che il cantone Friburgo hanno bocciato l'Iniziativa sulla neutralità.","https://thumb.wikimedia.org/wikipedia/commons/thumb/1/17/CHE_Botterens_COA.svg/960px-CHE_Botterens_COA.svg.png"
2124,25.8,25.8,74.2,"Broc (FR)","La popolazione di Broc respinge l'Iniziativa sulla neutralità con il 74,2 per cento. Sia Broc che il cantone Friburgo hanno bocciato l'Iniziativa sulla neutralità.","https://thumb.wikimedia.org/wikipedia/commons/thumb/c/c5/CHE_Broc_COA.svg/500px-CHE_Broc_COA.svg.png"
2125,29.8,29.8,70.2,"Bulle (FR)","A Bulle l'Iniziativa sulla neutralità è stata respinta con il 70,2 per cento. Sia Bulle che il cantone Friburgo hanno bocciato l'Iniziativa sulla neutralità.","https://thumb.wikimedia.org/wikipedia/commons/thumb/c/c0/CHE_Bulle_COA.svg/500px-CHE_Bulle_COA.svg.png"
2128,46.6,46.6,53.4,"Châtel-sur-Montsalvens (FR)","Con il 53,4 per cento dei voti, Châtel-sur-Montsalvens ha respinto l'Iniziativa sulla neutralità. Sia Châtel-sur-Montsalvens che il cantone Friburgo hanno bocciato l'Iniziativa sulla neutralità.","https://thumb.wikimedia.org/wikipedia/commons/thumb/2/2f/CHE_Ch%C3%A2tel-sur-Montsalvens_COA.svg/500px-CHE_Ch%C3%A2tel-sur-Montsalvens_COA.svg.png"
2129,41.5,41.5,58.5,"Corbières (FR)","Con il 58,5 per cento dei voti, l'Iniziativa sulla neutralità viene respinta a Corbières. Sia Corbières che il cantone Friburgo hanno bocciato l'Iniziativa sulla neutralità.","https://thumb.wikimedia.org/wikipedia/commons/thumb/d/d9/CHE_Corbi%C3%A8res_COA.svg/960px-CHE_Corbi%C3%A8res_COA.svg.png"
2130,37.7,37.7,62.3,"Crésuz (FR)","La popolazione di Crésuz respinge l'Iniziativa sulla neutralità con il 62,3 per cento. Sia Crésuz che il cantone Friburgo hanno bocciato l'Iniziativa sulla neutralità.","https://thumb.wikimedia.org/wikipedia/commons/thumb/1/12/Cr%C3%A9suz-coat_of_arms.svg/500px-Cr%C3%A9suz-coat_of_arms.svg.png"
2131,29.9,29.9,70.1,"Echarlens (FR)","A Echarlens l'Iniziativa sulla neutralità non ottiene la maggioranza: 70,1 per cento di no. Sia Echarlens che il cantone Friburgo hanno bocciato l'Iniziativa sulla neutralità.","https://thumb.wikimedia.org/wikipedia/commons/thumb/f/f9/CHE_Echarlens_COA.svg/960px-CHE_Echarlens_COA.svg.png"
2134,35.1,35.1,64.9,"Grandvillard (FR)","Con il 64,9 per cento dei voti, l'Iniziativa sulla neutralità viene respinta a Grandvillard. Sia Grandvillard che il cantone Friburgo hanno bocciato l'Iniziativa sulla neutralità.","https://thumb.wikimedia.org/wikipedia/commons/thumb/4/47/Grandvillard-coat_of_arms.svg/500px-Grandvillard-coat_of_arms.svg.png"
2135,34.6,34.6,65.4,"Gruyères (FR)","Con il 65,4 per cento dei voti, Gruyères ha respinto l'Iniziativa sulla neutralità. Sia Gruyères che il cantone Friburgo hanno bocciato l'Iniziativa sulla neutralità.","https://thumb.wikimedia.org/wikipedia/commons/thumb/5/52/CHE_Gruy%C3%A8res_COA.svg/500px-CHE_Gruy%C3%A8res_COA.svg.png"
2137,39.5,39.5,60.5,"Hauteville (FR)","La popolazione di Hauteville respinge l'Iniziativa sulla neutralità con il 60,5 per cento. Sia Hauteville che il cantone Friburgo hanno bocciato l'Iniziativa sulla neutralità.","https://thumb.wikimedia.org/wikipedia/commons/thumb/d/d2/Hauteville-coat_of_arms.svg/500px-Hauteville-coat_of_arms.svg.png"
2138,60.8,60.8,39.2,"Bellegarde (FR)","Sì all'Iniziativa sulla neutralità a Bellegarde con il 60,8 per cento. Bellegarde dice sì all'Iniziativa sulla neutralità, il cantone Friburgo dice no.","https://thumb.wikimedia.org/wikipedia/commons/thumb/5/55/Wappen_Jaun.svg/500px-Wappen_Jaun.svg.png"
2140,26.4,26.4,73.6,"Marsens (FR)","Con il 73,6 per cento dei voti, l'Iniziativa sulla neutralità viene respinta a Marsens. Sia Marsens che il cantone Friburgo hanno bocciato l'Iniziativa sulla neutralità.","https://thumb.wikimedia.org/wikipedia/commons/thumb/9/94/CHE_Marsens_COA.svg/250px-CHE_Marsens_COA.svg.png"
2143,23,23,77,"Morlon (FR)","La popolazione di Morlon respinge l'Iniziativa sulla neutralità con il 77 per cento. Sia Morlon che il cantone Friburgo hanno bocciato l'Iniziativa sulla neutralità.","https://thumb.wikimedia.org/wikipedia/commons/thumb/0/00/Morlon-coat_of_arms.svg/500px-Morlon-coat_of_arms.svg.png"
2145,34.3,34.3,65.7,"Le Pâquier (FR)","La popolazione di Le Pâquier FR respinge l'Iniziativa sulla neutralità con il 65,7 per cento. Sia Le Pâquier FR che il cantone Friburgo hanno bocciato l'Iniziativa sulla neutralità.","https://thumb.wikimedia.org/wikipedia/commons/thumb/c/c7/CHE_Le_P%C3%A2quier_COA.svg/500px-CHE_Le_P%C3%A2quier_COA.svg.png"
2147,27.7,27.7,72.3,"Pont-la-Ville (FR)","A Pont-la-Ville, l'Iniziativa sulla neutralità è stata respinta con il 72,3 per cento. Sia Pont-la-Ville che il cantone Friburgo hanno bocciato l'Iniziativa sulla neutralità.","https://thumb.wikimedia.org/wikipedia/commons/thumb/0/01/Wappen_Freiburg_matt.svg/500px-Wappen_Freiburg_matt.svg.png"
2148,31.2,31.2,68.8,"Riaz (FR)","Con il 68,8 per cento dei voti, l'Iniziativa sulla neutralità viene respinta a Riaz. Sia Riaz che il cantone Friburgo hanno bocciato l'Iniziativa sulla neutralità.","https://thumb.wikimedia.org/wikipedia/commons/thumb/f/f6/Riaz-coat_of_arms.svg/500px-Riaz-coat_of_arms.svg.png"
2149,42.2,42.2,57.8,"La Roche (FR)","Con il 57,8 per cento dei voti, La Roche ha respinto l'Iniziativa sulla neutralità. Sia La Roche che il cantone Friburgo hanno bocciato l'Iniziativa sulla neutralità.","https://thumb.wikimedia.org/wikipedia/commons/thumb/e/ef/La_Roche-coat_of_arms.svg/500px-La_Roche-coat_of_arms.svg.png"
2152,31,31,69,"Sâles (FR)","A Sâles l'Iniziativa sulla neutralità non ottiene la maggioranza: 69 per cento di no. Sia Sâles che il cantone Friburgo hanno bocciato l'Iniziativa sulla neutralità.","https://upload.wikimedia.org/wikipedia/commons/3/39/S%C3%A2les_Blason.png"
2153,37.2,37.2,62.8,"Sorens (FR)","A Sorens l'Iniziativa sulla neutralità è stata respinta con il 62,8 per cento. Sia Sorens che il cantone Friburgo hanno bocciato l'Iniziativa sulla neutralità.","https://thumb.wikimedia.org/wikipedia/commons/thumb/8/8e/Sorens-coat_of_arms.svg/500px-Sorens-coat_of_arms.svg.png"
2155,31.7,31.7,68.3,"Vaulruz (FR)","La popolazione di Vaulruz respinge l'Iniziativa sulla neutralità con il 68,3 per cento. Sia Vaulruz che il cantone Friburgo hanno bocciato l'Iniziativa sulla neutralità.","https://thumb.wikimedia.org/wikipedia/commons/thumb/a/ab/Vaulruz-coat_of_arms.svg/500px-Vaulruz-coat_of_arms.svg.png"
2160,28.2,28.2,71.8,"Vuadens (FR)","A Vuadens l'Iniziativa sulla neutralità non ottiene la maggioranza: 71,8 per cento di no. Sia Vuadens che il cantone Friburgo hanno bocciato l'Iniziativa sulla neutralità.","https://thumb.wikimedia.org/wikipedia/commons/thumb/0/0a/Vuadens-coat_of_arms.svg/500px-Vuadens-coat_of_arms.svg.png"
2162,35.5,35.5,64.5,"Bas-Intyamon (FR)","Con il 64,5 per cento dei voti, Bas-Intyamon ha respinto l'Iniziativa sulla neutralità. Sia Bas-Intyamon che il cantone Friburgo hanno bocciato l'Iniziativa sulla neutralità.","https://thumb.wikimedia.org/wikipedia/commons/thumb/1/14/CHE_Bas-Intyamon_COA.svg/500px-CHE_Bas-Intyamon_COA.svg.png"
2163,38.5,38.5,61.5,"Val-de-Charmey (FR)","La popolazione di Val-de-Charmey respinge l'Iniziativa sulla neutralità con il 61,5 per cento. Sia Val-de-Charmey che il cantone Friburgo hanno bocciato l'Iniziativa sulla neutralità.","https://upload.wikimedia.org/wikipedia/commons/5/52/Val-de-Charmey_Blason.png"
2173,32.2,32.2,67.8,"Autigny (FR)","A Autigny l'Iniziativa sulla neutralità non ottiene la maggioranza: 67,8 per cento di no. Sia Autigny che il cantone Friburgo hanno bocciato l'Iniziativa sulla neutralità.","https://thumb.wikimedia.org/wikipedia/commons/thumb/a/ad/CHE_Autigny_COA.svg/960px-CHE_Autigny_COA.svg.png"
2174,25.8,25.8,74.2,"Avry (FR)","Con il 74,2 per cento dei voti, Avry ha respinto l'Iniziativa sulla neutralità. Sia Avry che il cantone Friburgo hanno bocciato l'Iniziativa sulla neutralità.","https://thumb.wikimedia.org/wikipedia/commons/thumb/1/11/CHE_Avry_COA.svg/500px-CHE_Avry_COA.svg.png"
2175,24.5,24.5,75.5,"Belfaux (FR)","A Belfaux, l'Iniziativa sulla neutralità è stata respinta con il 75,5 per cento. Sia Belfaux che il cantone Friburgo hanno bocciato l'Iniziativa sulla neutralità.","https://thumb.wikimedia.org/wikipedia/commons/thumb/b/b2/CHE_Belfaux_COA.svg/500px-CHE_Belfaux_COA.svg.png"
2177,29.5,29.5,70.5,"Chénens (FR)","Con il 70,5 per cento dei voti, l'Iniziativa sulla neutralità viene respinta a Chénens. Sia Chénens che il cantone Friburgo hanno bocciato l'Iniziativa sulla neutralità.","https://thumb.wikimedia.org/wikipedia/commons/thumb/e/e2/CHE_Ch%C3%A9nens_COA.svg/960px-CHE_Ch%C3%A9nens_COA.svg.png"
2183,21.8,21.8,78.2,"Corminboeuf (FR)","La popolazione di Corminboeuf respinge l'Iniziativa sulla neutralità con il 78,2 per cento. Sia Corminboeuf che il cantone Friburgo hanno bocciato l'Iniziativa sulla neutralità.","https://thumb.wikimedia.org/wikipedia/commons/thumb/0/0f/CHE_Corminboeuf_COA.svg/500px-CHE_Corminboeuf_COA.svg.png"
2186,26.7,26.7,73.3,"Cottens (FR)","La popolazione di Cottens FR respinge l'Iniziativa sulla neutralità con il 73,3 per cento. Sia Cottens FR che il cantone Friburgo hanno bocciato l'Iniziativa sulla neutralità.","https://thumb.wikimedia.org/wikipedia/commons/thumb/f/fd/CHE_Cottens_FR_COA.svg/960px-CHE_Cottens_FR_COA.svg.png"
2194,46.5,46.5,53.5,"Ferpicloz (FR)","A Ferpicloz, l'Iniziativa sulla neutralità è stata respinta con 38 contro 33 voti. Sia Ferpicloz che il cantone Friburgo hanno bocciato l'Iniziativa sulla neutralità.","https://thumb.wikimedia.org/wikipedia/commons/thumb/1/1b/Ferpicloz-coat_of_arms.svg/500px-Ferpicloz-coat_of_arms.svg.png"
2196,19.9,19.9,80.1,"Friburgo (FR)","La popolazione di Friburgo respinge l'Iniziativa sulla neutralità con il 80,1 per cento. Sia Friburgo che il cantone Friburgo hanno bocciato l'Iniziativa sulla neutralità.","https://thumb.wikimedia.org/wikipedia/commons/thumb/3/34/CHE_District_de_la_Sarine_COA.svg/500px-CHE_District_de_la_Sarine_COA.svg.png"
2197,22.5,22.5,77.5,"Givisiez (FR)","Con il 77,5 per cento dei voti, l'Iniziativa sulla neutralità viene respinta a Givisiez. Sia Givisiez che il cantone Friburgo hanno bocciato l'Iniziativa sulla neutralità.","https://thumb.wikimedia.org/wikipedia/commons/thumb/4/47/CHE_Givisiez_COA.svg/500px-CHE_Givisiez_COA.svg.png"
2198,31.5,31.5,68.5,"Granges-Paccot (FR)","A Granges-Paccot l'Iniziativa sulla neutralità non ottiene la maggioranza: 68,5 per cento di no. Sia Granges-Paccot che il cantone Friburgo hanno bocciato l'Iniziativa sulla neutralità.","https://thumb.wikimedia.org/wikipedia/commons/thumb/0/01/Granges-Paccot-coat_of_arms.svg/500px-Granges-Paccot-coat_of_arms.svg.png"
2206,22.7,22.7,77.3,"Marly (FR)","A Marly l'Iniziativa sulla neutralità non ottiene la maggioranza: 77,3 per cento di no. Sia Marly che il cantone Friburgo hanno bocciato l'Iniziativa sulla neutralità.","https://thumb.wikimedia.org/wikipedia/commons/thumb/1/14/CHE_Marly_FR_COA.svg/960px-CHE_Marly_FR_COA.svg.png"
2208,27.9,27.9,72.1,"Matran (FR)","A Matran, l'Iniziativa sulla neutralità è stata respinta con il 72,1 per cento. Sia Matran che il cantone Friburgo hanno bocciato l'Iniziativa sulla neutralità.","https://thumb.wikimedia.org/wikipedia/commons/thumb/d/d0/CHE_Matran_COA.svg/500px-CHE_Matran_COA.svg.png"
2211,22.2,22.2,77.8,"Neyruz (FR)","A Neyruz FR l'Iniziativa sulla neutralità è stata respinta con il 77,8 per cento. Sia Neyruz FR che il cantone Friburgo hanno bocciato l'Iniziativa sulla neutralità.","https://thumb.wikimedia.org/wikipedia/commons/thumb/9/9a/Neyruz-coat_of_arms.svg/500px-Neyruz-coat_of_arms.svg.png"
2216,35,35,65,"Pierrafortscha (FR)","A Pierrafortscha, l'Iniziativa sulla neutralità è stata respinta con 39 contro 21 voti. Sia Pierrafortscha che il cantone Friburgo hanno bocciato l'Iniziativa sulla neutralità.","https://thumb.wikimedia.org/wikipedia/commons/thumb/9/9b/Pierrafortscha-coat_of_arms.svg/500px-Pierrafortscha-coat_of_arms.svg.png"
2220,36.9,36.9,63.1,"Le Mouret (FR)","La popolazione di Le Mouret respinge l'Iniziativa sulla neutralità con il 63,1 per cento. Sia Le Mouret che il cantone Friburgo hanno bocciato l'Iniziativa sulla neutralità.","https://upload.wikimedia.org/wikipedia/commons/c/ce/GW-FR-Le-Mouret.png"
2226,29.9,29.9,70.1,"Treyvaux (FR)","La popolazione di Treyvaux respinge l'Iniziativa sulla neutralità con il 70,1 per cento. Sia Treyvaux che il cantone Friburgo hanno bocciato l'Iniziativa sulla neutralità.","https://thumb.wikimedia.org/wikipedia/commons/thumb/0/0a/Treyvaux-coat_of_arms.svg/500px-Treyvaux-coat_of_arms.svg.png"
2228,21.6,21.6,78.4,"Villars-sur-Glâne (FR)","A Villars-sur-Glâne l'Iniziativa sulla neutralità non ottiene la maggioranza: 78,4 per cento di no. Sia Villars-sur-Glâne che il cantone Friburgo hanno bocciato l'Iniziativa sulla neutralità.","https://thumb.wikimedia.org/wikipedia/commons/thumb/f/f6/CHE_Villars-sur-Gl%C3%A2ne_COA.svg/500px-CHE_Villars-sur-Gl%C3%A2ne_COA.svg.png"
2230,56.7,56.7,43.3,"Villarsel-sur-Marly (FR)","A Villarsel-sur-Marly l'Iniziativa sulla neutralità passa con 17 contro 13 voti. Villarsel-sur-Marly dice sì all'Iniziativa sulla neutralità, il cantone Friburgo dice no.","https://thumb.wikimedia.org/wikipedia/commons/thumb/2/24/Villarsel-sur-Marly-coat_of_arms.svg/500px-Villarsel-sur-Marly-coat_of_arms.svg.png"
2233,25.4,25.4,74.6,"Hauterive (FR)","La popolazione di Hauterive FR respinge l'Iniziativa sulla neutralità con il 74,6 per cento. Sia Hauterive FR che il cantone Friburgo hanno bocciato l'Iniziativa sulla neutralità.","https://thumb.wikimedia.org/wikipedia/commons/thumb/b/b2/Hauterive-FR-coat_of_arms.svg/500px-Hauterive-FR-coat_of_arms.svg.png"
2234,23.7,23.7,76.3,"La Brillaz (FR)","La popolazione di La Brillaz respinge l'Iniziativa sulla neutralità con il 76,3 per cento. Sia La Brillaz che il cantone Friburgo hanno bocciato l'Iniziativa sulla neutralità.","https://thumb.wikimedia.org/wikipedia/commons/thumb/3/30/CHE_La_Brillaz_COA.svg/960px-CHE_La_Brillaz_COA.svg.png"
2235,29.8,29.8,70.2,"La Sonnaz (FR)","A La Sonnaz, l'Iniziativa sulla neutralità è stata respinta con il 70,2 per cento. Sia La Sonnaz che il cantone Friburgo hanno bocciato l'Iniziativa sulla neutralità.","https://thumb.wikimedia.org/wikipedia/commons/thumb/e/e1/La_Sonnaz-coat_of_arms.svg/500px-La_Sonnaz-coat_of_arms.svg.png"
2236,29.7,29.7,70.3,"Gibloux (FR)","Con il 70,3 per cento dei voti, l'Iniziativa sulla neutralità viene respinta a Gibloux. Sia Gibloux che il cantone Friburgo hanno bocciato l'Iniziativa sulla neutralità.","https://thumb.wikimedia.org/wikipedia/commons/thumb/5/56/CHE_Gibloux_COA.svg/500px-CHE_Gibloux_COA.svg.png"
2237,25.1,25.1,74.9,"Prez (FR)","Con il 74,9 per cento dei voti, Prez ha respinto l'Iniziativa sulla neutralità. Sia Prez che il cantone Friburgo hanno bocciato l'Iniziativa sulla neutralità.","https://thumb.wikimedia.org/wikipedia/commons/thumb/a/a1/CHE_Prez_COA.svg/500px-CHE_Prez_COA.svg.png"
2238,27.8,27.8,72.2,"Bois-d'Amont (((FR)))","La popolazione di Bois-d'Amont respinge l'Iniziativa sulla neutralità con il 72,2 per cento. Sia Bois-d'Amont che il cantone Friburgo hanno bocciato l'Iniziativa sulla neutralità.","https://thumb.wikimedia.org/wikipedia/commons/thumb/5/55/Bois-d%E2%80%99Amont-blazon.svg/250px-Bois-d%E2%80%99Amont-blazon.svg.png"
2239,33.2,33.2,66.8,"Grolley-Ponthaux (FR)","Con il 66,8 per cento dei voti, Grolley-Ponthaux ha respinto l'Iniziativa sulla neutralità. Sia Grolley-Ponthaux che il cantone Friburgo hanno bocciato l'Iniziativa sulla neutralità.","https://thumb.wikimedia.org/wikipedia/commons/thumb/9/97/CHE_Grolley-Ponthaux_COA.svg/960px-CHE_Grolley-Ponthaux_COA.svg.png"
2250,26.8,26.8,73.2,"Courgevaux (FR)","A Courgevaux l'Iniziativa sulla neutralità è stata respinta con il 73,2 per cento. Sia Courgevaux che il cantone Friburgo hanno bocciato l'Iniziativa sulla neutralità.","https://thumb.wikimedia.org/wikipedia/commons/thumb/e/e5/CHE_Courgevaux_FR_COA.svg/500px-CHE_Courgevaux_FR_COA.svg.png"
2254,35.6,35.6,64.4,"Courtepin (FR)","Con il 64,4 per cento dei voti, Courtepin ha respinto l'Iniziativa sulla neutralità. Sia Courtepin che il cantone Friburgo hanno bocciato l'Iniziativa sulla neutralità.","https://thumb.wikimedia.org/wikipedia/commons/thumb/f/f1/Courtepin2-coat_of_arms.svg/960px-Courtepin2-coat_of_arms.svg.png"
2257,25.7,25.7,74.3,"Cressier (FR)","La popolazione di Cressier FR respinge l'Iniziativa sulla neutralità con il 74,3 per cento. Sia Cressier FR che il cantone Friburgo hanno bocciato l'Iniziativa sulla neutralità.","https://thumb.wikimedia.org/wikipedia/commons/thumb/1/17/CHE_Cressier_FR_COA.svg/500px-CHE_Cressier_FR_COA.svg.png"
2258,25,25,75,"Fräschels (FR)","A Fräschels, l'Iniziativa sulla neutralità è stata respinta con il 75 per cento. Sia Fräschels che il cantone Friburgo hanno bocciato l'Iniziativa sulla neutralità.","https://thumb.wikimedia.org/wikipedia/commons/thumb/7/74/CHE_Fr%C3%A4schels_COA.svg/500px-CHE_Fr%C3%A4schels_COA.svg.png"
2261,26.5,26.5,73.5,"Greng (FR)","A Greng, l'Iniziativa sulla neutralità è stata respinta con 61 contro 22 voti. Sia Greng che il cantone Friburgo hanno bocciato l'Iniziativa sulla neutralità.","https://thumb.wikimedia.org/wikipedia/commons/thumb/4/4e/Wappen_Greng.svg/500px-Wappen_Greng.svg.png"
2262,28.5,28.5,71.5,"Cormondes (FR)","Con il 71,5 per cento dei voti, Cormondes ha respinto l'Iniziativa sulla neutralità. Sia Cormondes che il cantone Friburgo hanno bocciato l'Iniziativa sulla neutralità.","https://thumb.wikimedia.org/wikipedia/commons/thumb/1/16/Gurmels-coat_of_arms.svg/500px-Gurmels-coat_of_arms.svg.png"
2265,25.1,25.1,74.9,"Chiètres (FR)","A Chiètres, l'Iniziativa sulla neutralità è stata respinta con il 74,9 per cento. Sia Chiètres che il cantone Friburgo hanno bocciato l'Iniziativa sulla neutralità.","https://thumb.wikimedia.org/wikipedia/commons/thumb/6/62/CHE_Kerzers_COA.svg/960px-CHE_Kerzers_COA.svg.png"
2266,26.3,26.3,73.7,"Kleinbösingen (FR)","A Kleinbösingen, l'Iniziativa sulla neutralità è stata respinta con il 73,7 per cento. Sia Kleinbösingen che il cantone Friburgo hanno bocciato l'Iniziativa sulla neutralità.","https://thumb.wikimedia.org/wikipedia/commons/thumb/1/1f/Kleinb%C3%B6singen-coat_of_arms.svg/500px-Kleinb%C3%B6singen-coat_of_arms.svg.png"
2271,16.2,16.2,83.8,"Meyriez (FR)","La popolazione di Meyriez respinge l'Iniziativa sulla neutralità con il 83,8 per cento. Sia Meyriez che il cantone Friburgo hanno bocciato l'Iniziativa sulla neutralità.","https://thumb.wikimedia.org/wikipedia/commons/thumb/4/40/CHE_Meyriez_COA.svg/960px-CHE_Meyriez_COA.svg.png"
2272,32,32,68,"Misery-Courtion (FR)","A Misery-Courtion l'Iniziativa sulla neutralità non ottiene la maggioranza: 68 per cento di no. Sia Misery-Courtion che il cantone Friburgo hanno bocciato l'Iniziativa sulla neutralità.","https://thumb.wikimedia.org/wikipedia/commons/thumb/d/d1/Misery-Courtion-coat_of_arms.svg/500px-Misery-Courtion-coat_of_arms.svg.png"
2274,20.1,20.1,79.9,"Montilier (FR)","Con il 79,9 per cento dei voti, Montilier ha respinto l'Iniziativa sulla neutralità. Sia Montilier che il cantone Friburgo hanno bocciato l'Iniziativa sulla neutralità.","https://thumb.wikimedia.org/wikipedia/commons/thumb/9/9c/Muntelier-coat_of_arms.svg/500px-Muntelier-coat_of_arms.svg.png"
2275,25.2,25.2,74.8,"Morat (FR)","A Morat, l'Iniziativa sulla neutralità è stata respinta con il 74,8 per cento. Sia Morat che il cantone Friburgo hanno bocciato l'Iniziativa sulla neutralità.","https://thumb.wikimedia.org/wikipedia/commons/thumb/e/e9/CHE_Murten_FR_COA.svg/500px-CHE_Murten_FR_COA.svg.png"
2276,28.6,28.6,71.4,"Ried bei Kerzers (FR)","A Ried bei Kerzers, l'Iniziativa sulla neutralità è stata respinta con il 71,4 per cento. Sia Ried bei Kerzers che il cantone Friburgo hanno bocciato l'Iniziativa sulla neutralità.","https://thumb.wikimedia.org/wikipedia/commons/thumb/1/17/CHE_Ried_bei_Kerzers_COA.svg/500px-CHE_Ried_bei_Kerzers_COA.svg.png"
2284,24.1,24.1,75.9,"Mont-Vully (FR)","A Mont-Vully l'Iniziativa sulla neutralità non ottiene la maggioranza: 75,9 per cento di no. Sia Mont-Vully che il cantone Friburgo hanno bocciato l'Iniziativa sulla neutralità.","https://thumb.wikimedia.org/wikipedia/commons/thumb/f/fd/CHE_Mont-Vully_COA.svg/500px-CHE_Mont-Vully_COA.svg.png"
2292,29.1,29.1,70.9,"Brünisried (FR)","A Brünisried, l'Iniziativa sulla neutralità è stata respinta con il 70,9 per cento. Sia Brünisried che il cantone Friburgo hanno bocciato l'Iniziativa sulla neutralità.","https://thumb.wikimedia.org/wikipedia/commons/thumb/5/54/CHE_Br%C3%BCnisried_COA.svg/960px-CHE_Br%C3%BCnisried_COA.svg.png"
2293,23.7,23.7,76.3,"Guin (FR)","Con il 76,3 per cento dei voti, l'Iniziativa sulla neutralità viene respinta a Guin. Sia Guin che il cantone Friburgo hanno bocciato l'Iniziativa sulla neutralità.","https://thumb.wikimedia.org/wikipedia/commons/thumb/8/8f/CHE_D%C3%BCdingen_COA.svg/960px-CHE_D%C3%BCdingen_COA.svg.png"
2294,30.2,30.2,69.8,"Chevrilles (FR)","Con il 69,8 per cento dei voti, Chevrilles ha respinto l'Iniziativa sulla neutralità. Sia Chevrilles che il cantone Friburgo hanno bocciato l'Iniziativa sulla neutralità.","https://thumb.wikimedia.org/wikipedia/commons/thumb/c/ca/CHE_Giffers_COA_Var.svg/500px-CHE_Giffers_COA_Var.svg.png"
2295,22.9,22.9,77.1,"Bösingen (FR)","La popolazione di Bösingen respinge l'Iniziativa sulla neutralità con il 77,1 per cento. Sia Bösingen che il cantone Friburgo hanno bocciato l'Iniziativa sulla neutralità.","https://thumb.wikimedia.org/wikipedia/commons/thumb/f/fc/CHE_B%C3%B6singen_COA.svg/960px-CHE_B%C3%B6singen_COA.svg.png"
2296,26,26,74,"Heitenried (FR)","A Heitenried l'Iniziativa sulla neutralità non ottiene la maggioranza: 74 per cento di no. Sia Heitenried che il cantone Friburgo hanno bocciato l'Iniziativa sulla neutralità.","https://thumb.wikimedia.org/wikipedia/commons/thumb/d/d4/CHE_Heitenried_COA.svg/500px-CHE_Heitenried_COA.svg.png"
2299,36.5,36.5,63.5,"Planfayon (FR)","Con il 63,5 per cento dei voti, Planfayon ha respinto l'Iniziativa sulla neutralità. Sia Planfayon che il cantone Friburgo hanno bocciato l'Iniziativa sulla neutralità.","https://thumb.wikimedia.org/wikipedia/commons/thumb/5/55/CHE_Plaffeien_COA.svg/250px-CHE_Plaffeien_COA.svg.png"
2300,35.4,35.4,64.6,"Plasselb (FR)","La popolazione di Plasselb respinge l'Iniziativa sulla neutralità con il 64,6 per cento. Sia Plasselb che il cantone Friburgo hanno bocciato l'Iniziativa sulla neutralità.","https://thumb.wikimedia.org/wikipedia/commons/thumb/a/aa/CHE_Plasselb_COA_02.svg/500px-CHE_Plasselb_COA_02.svg.png"
2301,34.2,34.2,65.8,"Dirlaret (FR)","Con il 65,8 per cento dei voti, Dirlaret ha respinto l'Iniziativa sulla neutralità. Sia Dirlaret che il cantone Friburgo hanno bocciato l'Iniziativa sulla neutralità.","https://thumb.wikimedia.org/wikipedia/commons/thumb/b/b4/CHE_Rechthalten_COA.svg/960px-CHE_Rechthalten_COA.svg.png"
2303,50.3,50.3,49.7,"Saint-Silvestre (FR)","A Saint-Silvestre, l'Iniziativa sulla neutralità è approvata con il 50,3 per cento. Saint-Silvestre dice sì all'Iniziativa sulla neutralità, il cantone Friburgo dice no.","https://thumb.wikimedia.org/wikipedia/commons/thumb/a/a7/St._Silvester-coat_of_arms.svg/500px-St._Silvester-coat_of_arms.svg.png"
2304,27.8,27.8,72.2,"Saint-Ours (FR)","Con il 72,2 per cento dei voti, l'Iniziativa sulla neutralità viene respinta a Saint-Ours. Sia Saint-Ours che il cantone Friburgo hanno bocciato l'Iniziativa sulla neutralità.","https://thumb.wikimedia.org/wikipedia/commons/thumb/9/94/St._Ursen-coat_of_arms.svg/500px-St._Ursen-coat_of_arms.svg.png"
2305,23.9,23.9,76.1,"Schmitten (FR)","La popolazione di Schmitten FR respinge l'Iniziativa sulla neutralità con il 76,1 per cento. Sia Schmitten FR che il cantone Friburgo hanno bocciato l'Iniziativa sulla neutralità.","https://thumb.wikimedia.org/wikipedia/commons/thumb/4/4d/CHE_Schmitten_FR_COA.svg/500px-CHE_Schmitten_FR_COA.svg.png"
2306,27,27,73,"Tavel (FR)","Con il 73 per cento dei voti, Tavel ha respinto l'Iniziativa sulla neutralità. Sia Tavel che il cantone Friburgo hanno bocciato l'Iniziativa sulla neutralità.","https://thumb.wikimedia.org/wikipedia/commons/thumb/1/16/CHE_Tafers_COA.svg/500px-CHE_Tafers_COA.svg.png"
2307,31,31,69,"Tinterin (FR)","La popolazione di Tinterin respinge l'Iniziativa sulla neutralità con il 69 per cento. Sia Tinterin che il cantone Friburgo hanno bocciato l'Iniziativa sulla neutralità.","https://thumb.wikimedia.org/wikipedia/commons/thumb/2/28/Tentlingen-coat_of_arms.svg/500px-Tentlingen-coat_of_arms.svg.png"
2308,26.5,26.5,73.5,"Ueberstorf (FR)","A Ueberstorf l'Iniziativa sulla neutralità non ottiene la maggioranza: 73,5 per cento di no. Sia Ueberstorf che il cantone Friburgo hanno bocciato l'Iniziativa sulla neutralità.","https://thumb.wikimedia.org/wikipedia/commons/thumb/2/20/Ueberstorf-blason.png/500px-Ueberstorf-blason.png"
2309,24.8,24.8,75.2,"Wünnewil-Flamatt (FR)","Con il 75,2 per cento dei voti, l'Iniziativa sulla neutralità viene respinta a Wünnewil-Flamatt. Sia Wünnewil-Flamatt che il cantone Friburgo hanno bocciato l'Iniziativa sulla neutralità.","https://thumb.wikimedia.org/wikipedia/commons/thumb/c/c0/CHE_W%C3%BCnnewil-Flamatt_COA.svg/960px-CHE_W%C3%BCnnewil-Flamatt_COA.svg.png"
2321,29.3,29.3,70.7,"Attalens (FR)","Con il 70,7 per cento dei voti, l'Iniziativa sulla neutralità viene respinta a Attalens. Sia Attalens che il cantone Friburgo hanno bocciato l'Iniziativa sulla neutralità.","https://thumb.wikimedia.org/wikipedia/commons/thumb/f/ff/CHE_Attalens_COA.svg/500px-CHE_Attalens_COA.svg.png"
2323,29.3,29.3,70.7,"Bossonnens (FR)","A Bossonnens l'Iniziativa sulla neutralità è stata respinta con il 70,7 per cento. Sia Bossonnens che il cantone Friburgo hanno bocciato l'Iniziativa sulla neutralità.","https://thumb.wikimedia.org/wikipedia/commons/thumb/9/96/CHE_Bossonnens_COA.svg/250px-CHE_Bossonnens_COA.svg.png"
2325,35,35,65,"Châtel-Saint-Denis (FR)","Con il 65 per cento dei voti, l'Iniziativa sulla neutralità viene respinta a Châtel-Saint-Denis. Sia Châtel-Saint-Denis che il cantone Friburgo hanno bocciato l'Iniziativa sulla neutralità.","https://thumb.wikimedia.org/wikipedia/commons/thumb/f/fb/CHE_Ch%C3%A2tel-Saint-Denis_COA.svg/500px-CHE_Ch%C3%A2tel-Saint-Denis_COA.svg.png"
2328,23.8,23.8,76.2,"Granges (Veveyse) (FR)","A Granges (Veveyse) l'Iniziativa sulla neutralità non ottiene la maggioranza: 76,2 per cento di no. Sia Granges (Veveyse) che il cantone Friburgo hanno bocciato l'Iniziativa sulla neutralità.","https://thumb.wikimedia.org/wikipedia/commons/thumb/8/8b/Granges-coat_of_arms.svg/500px-Granges-coat_of_arms.svg.png"
2333,30.3,30.3,69.7,"Remaufens (FR)","Con il 69,7 per cento dei voti, Remaufens ha respinto l'Iniziativa sulla neutralità. Sia Remaufens che il cantone Friburgo hanno bocciato l'Iniziativa sulla neutralità.","https://thumb.wikimedia.org/wikipedia/commons/thumb/1/15/CHE_Remaufens_COA.svg/500px-CHE_Remaufens_COA.svg.png"
2335,37.6,37.6,62.4,"Saint-Martin (FR)","Con il 62,4 per cento dei voti, l'Iniziativa sulla neutralità viene respinta a Saint-Martin FR. Sia Saint-Martin FR che il cantone Friburgo hanno bocciato l'Iniziativa sulla neutralità.","https://upload.wikimedia.org/wikipedia/commons/b/b6/Besencens-Wappen.png"
2336,35,35,65,"Semsales (FR)","A Semsales l'Iniziativa sulla neutralità è stata respinta con il 65 per cento. Sia Semsales che il cantone Friburgo hanno bocciato l'Iniziativa sulla neutralità.","https://thumb.wikimedia.org/wikipedia/commons/thumb/e/e8/CHE_Semsales_COA.svg/960px-CHE_Semsales_COA.svg.png"
2337,36.3,36.3,63.7,"Le Flon (FR)","La popolazione di Le Flon respinge l'Iniziativa sulla neutralità con il 63,7 per cento. Sia Le Flon che il cantone Friburgo hanno bocciato l'Iniziativa sulla neutralità.","https://thumb.wikimedia.org/wikipedia/commons/thumb/9/9e/Le_Flon-coat_of_arms.svg/500px-Le_Flon-coat_of_arms.svg.png"
2338,35,35,65,"La Verrerie (FR)","La popolazione di La Verrerie respinge l'Iniziativa sulla neutralità con il 65 per cento. Sia La Verrerie che il cantone Friburgo hanno bocciato l'Iniziativa sulla neutralità.","https://thumb.wikimedia.org/wikipedia/commons/thumb/7/71/La_Verrerie-coat_of_arms.svg/500px-La_Verrerie-coat_of_arms.svg.png"
2401,33.4,33.4,66.6,"Egerkingen (SO)","A Egerkingen, l'Iniziativa sulla neutralità è stata respinta con il 66,6 per cento. Sia Egerkingen che il cantone Soletta hanno bocciato l'Iniziativa sulla neutralità.","https://thumb.wikimedia.org/wikipedia/commons/thumb/f/f7/Egerkingen-blazon.svg/250px-Egerkingen-blazon.svg.png"
2402,36.5,36.5,63.5,"Härkingen (SO)","A Härkingen l'Iniziativa sulla neutralità non ottiene la maggioranza: 63,5 per cento di no. Sia Härkingen che il cantone Soletta hanno bocciato l'Iniziativa sulla neutralità.","https://thumb.wikimedia.org/wikipedia/commons/thumb/7/7f/CHE_H%C3%A4rkingen_COA.svg/960px-CHE_H%C3%A4rkingen_COA.svg.png"
2403,25.4,25.4,74.6,"Kestenholz (SO)","A Kestenholz l'Iniziativa sulla neutralità è stata respinta con il 74,6 per cento. Sia Kestenholz che il cantone Soletta hanno bocciato l'Iniziativa sulla neutralità.","https://thumb.wikimedia.org/wikipedia/commons/thumb/b/b0/CHE_Kestenholz_COA.svg/960px-CHE_Kestenholz_COA.svg.png"
2404,29.6,29.6,70.4,"Neuendorf (SO)","La popolazione di Neuendorf respinge l'Iniziativa sulla neutralità con il 70,4 per cento. Sia Neuendorf che il cantone Soletta hanno bocciato l'Iniziativa sulla neutralità.","https://thumb.wikimedia.org/wikipedia/commons/thumb/d/d8/Neuendorf_SO-blazon.svg/250px-Neuendorf_SO-blazon.svg.png"
2405,34.6,34.6,65.4,"Niederbuchsiten (SO)","Con il 65,4 per cento dei voti, Niederbuchsiten ha respinto l'Iniziativa sulla neutralità. Sia Niederbuchsiten che il cantone Soletta hanno bocciato l'Iniziativa sulla neutralità.","https://thumb.wikimedia.org/wikipedia/commons/thumb/4/41/Niederbuchsiten-blazon.svg/250px-Niederbuchsiten-blazon.svg.png"
2406,35.1,35.1,64.9,"Oberbuchsiten (SO)","Con il 64,9 per cento dei voti, Oberbuchsiten ha respinto l'Iniziativa sulla neutralità. Sia Oberbuchsiten che il cantone Soletta hanno bocciato l'Iniziativa sulla neutralità.","https://thumb.wikimedia.org/wikipedia/commons/thumb/b/b8/Oberbuchsiten-blazon.svg/250px-Oberbuchsiten-blazon.svg.png"
2407,36.1,36.1,63.9,"Oensingen (SO)","La popolazione di Oensingen respinge l'Iniziativa sulla neutralità con il 63,9 per cento. Sia Oensingen che il cantone Soletta hanno bocciato l'Iniziativa sulla neutralità.","https://thumb.wikimedia.org/wikipedia/commons/thumb/f/fc/Oensingen-blazon.svg/250px-Oensingen-blazon.svg.png"
2408,27.3,27.3,72.7,"Wolfwil (SO)","A Wolfwil, l'Iniziativa sulla neutralità è stata respinta con il 72,7 per cento. Sia Wolfwil che il cantone Soletta hanno bocciato l'Iniziativa sulla neutralità.","https://thumb.wikimedia.org/wikipedia/commons/thumb/8/8d/Wolfwil-blason.svg/960px-Wolfwil-blason.svg.png"
2421,36.1,36.1,63.9,"Aedermannsdorf (SO)","La popolazione di Aedermannsdorf respinge l'Iniziativa sulla neutralità con il 63,9 per cento. Sia Aedermannsdorf che il cantone Soletta hanno bocciato l'Iniziativa sulla neutralità.","https://thumb.wikimedia.org/wikipedia/commons/thumb/2/28/Aedermannsdorf-blazon.svg/250px-Aedermannsdorf-blazon.svg.png"
2422,31.6,31.6,68.4,"Balsthal (SO)","A Balsthal l'Iniziativa sulla neutralità è stata respinta con il 68,4 per cento. Sia Balsthal che il cantone Soletta hanno bocciato l'Iniziativa sulla neutralità.","https://thumb.wikimedia.org/wikipedia/commons/thumb/c/c7/Balsthal-blazon.svg/250px-Balsthal-blazon.svg.png"
2424,33.5,33.5,66.5,"Herbetswil (SO)","A Herbetswil l'Iniziativa sulla neutralità è stata respinta con il 66,5 per cento. Sia Herbetswil che il cantone Soletta hanno bocciato l'Iniziativa sulla neutralità.","https://thumb.wikimedia.org/wikipedia/commons/thumb/e/e8/Herbetswil-blazon.svg/250px-Herbetswil-blazon.svg.png"
2425,41,41,59,"Holderbank (SO)","La popolazione di Holderbank SO respinge l'Iniziativa sulla neutralità con il 59 per cento. Sia Holderbank SO che il cantone Soletta hanno bocciato l'Iniziativa sulla neutralità.","https://thumb.wikimedia.org/wikipedia/commons/thumb/b/b2/CHE_Holderbank_SO_CHE.svg/500px-CHE_Holderbank_SO_CHE.svg.png"
2426,35.6,35.6,64.4,"Laupersdorf (SO)","La popolazione di Laupersdorf respinge l'Iniziativa sulla neutralità con il 64,4 per cento. Sia Laupersdorf che il cantone Soletta hanno bocciato l'Iniziativa sulla neutralità.","https://thumb.wikimedia.org/wikipedia/commons/thumb/b/b1/Laupersdorf-blazon.svg/250px-Laupersdorf-blazon.svg.png"
2427,36.6,36.6,63.4,"Matzendorf (SO)","La popolazione di Matzendorf respinge l'Iniziativa sulla neutralità con il 63,4 per cento. Sia Matzendorf che il cantone Soletta hanno bocciato l'Iniziativa sulla neutralità.","https://thumb.wikimedia.org/wikipedia/commons/thumb/4/44/Matzendorf-blazon.svg/250px-Matzendorf-blazon.svg.png"
2428,39.5,39.5,60.5,"Mümliswil-Ramiswil (SO)","La popolazione di Mümliswil-Ramiswil respinge l'Iniziativa sulla neutralità con il 60,5 per cento. Sia Mümliswil-Ramiswil che il cantone Soletta hanno bocciato l'Iniziativa sulla neutralità.","https://thumb.wikimedia.org/wikipedia/commons/thumb/2/2c/M%C3%BCmliswilRamiswil-blazon.svg/250px-M%C3%BCmliswilRamiswil-blazon.svg.png"
2430,38.4,38.4,61.6,"Welschenrohr-Gänsbrunnen (((SO)))","A Welschenrohr-Gänsbrunnen l'Iniziativa sulla neutralità è stata respinta con il 61,6 per cento. Sia Welschenrohr-Gänsbrunnen che il cantone Soletta hanno bocciato l'Iniziativa sulla neutralità.","https://thumb.wikimedia.org/wikipedia/commons/thumb/b/b6/Welschenrohr-blazon.svg/250px-Welschenrohr-blazon.svg.png"
2445,33.8,33.8,66.2,"Biezwil (SO)","La popolazione di Biezwil respinge l'Iniziativa sulla neutralità con il 66,2 per cento. Sia Biezwil che il cantone Soletta hanno bocciato l'Iniziativa sulla neutralità.","https://thumb.wikimedia.org/wikipedia/commons/thumb/a/a6/Biezwil-blazon.svg/250px-Biezwil-blazon.svg.png"
2455,25.6,25.6,74.4,"Lüterkofen-Ichertswil (SO)","A Lüterkofen-Ichertswil l'Iniziativa sulla neutralità è stata respinta con il 74,4 per cento. Sia Lüterkofen-Ichertswil che il cantone Soletta hanno bocciato l'Iniziativa sulla neutralità.","https://upload.wikimedia.org/wikipedia/commons/3/3f/Lueterkofen-blason.png"
2457,33.3,33.3,66.7,"Messen (SO)","A Messen l'Iniziativa sulla neutralità è stata respinta con il 66,7 per cento. Sia Messen che il cantone Soletta hanno bocciato l'Iniziativa sulla neutralità.","https://thumb.wikimedia.org/wikipedia/commons/thumb/9/97/Messen-blazon.svg/250px-Messen-blazon.svg.png"
2461,23.9,23.9,76.1,"Schnottwil (SO)","Con il 76,1 per cento dei voti, l'Iniziativa sulla neutralità viene respinta a Schnottwil. Sia Schnottwil che il cantone Soletta hanno bocciato l'Iniziativa sulla neutralità.","https://upload.wikimedia.org/wikipedia/commons/4/46/Schnottwil-blason.png"
2463,29.2,29.2,70.8,"Unterramsern (SO)","Con il 70,8 per cento dei voti, Unterramsern ha respinto l'Iniziativa sulla neutralità. Sia Unterramsern che il cantone Soletta hanno bocciato l'Iniziativa sulla neutralità.","https://thumb.wikimedia.org/wikipedia/commons/thumb/f/f9/Unterramsern-blazon.svg/250px-Unterramsern-blazon.svg.png"
2464,23.5,23.5,76.5,"Lüsslingen-Nennigkofen (SO)","La popolazione di Lüsslingen-Nennigkofen respinge l'Iniziativa sulla neutralità con il 76,5 per cento. Sia Lüsslingen-Nennigkofen che il cantone Soletta hanno bocciato l'Iniziativa sulla neutralità.","https://upload.wikimedia.org/wikipedia/de/6/63/GW-SO-Luesslingen-Nennigkofen.png"
2465,30.1,30.1,69.9,"Buchegg (SO)","Con il 69,9 per cento dei voti, Buchegg ha respinto l'Iniziativa sulla neutralità. Sia Buchegg che il cantone Soletta hanno bocciato l'Iniziativa sulla neutralità.","https://thumb.wikimedia.org/wikipedia/commons/thumb/6/65/Buchegg-blazon.svg/250px-Buchegg-blazon.svg.png"
2471,27.9,27.9,72.1,"Bättwil (SO)","La popolazione di Bättwil respinge l'Iniziativa sulla neutralità con il 72,1 per cento. Sia Bättwil che il cantone Soletta hanno bocciato l'Iniziativa sulla neutralità.","https://thumb.wikimedia.org/wikipedia/commons/thumb/d/d1/B%C3%A4ttwil-blazon.svg/250px-B%C3%A4ttwil-blazon.svg.png"
2472,32.7,32.7,67.3,"Büren (SO)","A Büren SO, l'Iniziativa sulla neutralità è stata respinta con il 67,3 per cento. Sia Büren SO che il cantone Soletta hanno bocciato l'Iniziativa sulla neutralità.","https://thumb.wikimedia.org/wikipedia/commons/thumb/5/53/B%C3%BCren_SO-blazon.svg/250px-B%C3%BCren_SO-blazon.svg.png"
2473,30.1,30.1,69.9,"Dornach (SO)","Con il 69,9 per cento dei voti, l'Iniziativa sulla neutralità viene respinta a Dornach. Sia Dornach che il cantone Soletta hanno bocciato l'Iniziativa sulla neutralità.","https://thumb.wikimedia.org/wikipedia/commons/thumb/6/69/CHE_Dornach_SO_COA.svg/250px-CHE_Dornach_SO_COA.svg.png"
2474,35,35,65,"Gempen (SO)","A Gempen l'Iniziativa sulla neutralità è stata respinta con il 65 per cento. Sia Gempen che il cantone Soletta hanno bocciato l'Iniziativa sulla neutralità.","https://upload.wikimedia.org/wikipedia/commons/6/6b/Gempen-blason.png"
2475,32.5,32.5,67.5,"Hochwald (SO)","Con il 67,5 per cento dei voti, l'Iniziativa sulla neutralità viene respinta a Hochwald. Sia Hochwald che il cantone Soletta hanno bocciato l'Iniziativa sulla neutralità.","https://upload.wikimedia.org/wikipedia/commons/9/90/Hochwald-blason.png"
2476,24.6,24.6,75.4,"Hofstetten-Flüh (SO)","A Hofstetten-Flüh, l'Iniziativa sulla neutralità è stata respinta con il 75,4 per cento. Sia Hofstetten-Flüh che il cantone Soletta hanno bocciato l'Iniziativa sulla neutralità.","https://thumb.wikimedia.org/wikipedia/commons/thumb/6/6e/HofstettenFl%C3%BCh-blazon.svg/250px-HofstettenFl%C3%BCh-blazon.svg.png"
2477,28.6,28.6,71.4,"Metzerlen-Mariastein (SO)","A Metzerlen-Mariastein, l'Iniziativa sulla neutralità è stata respinta con il 71,4 per cento. Sia Metzerlen-Mariastein che il cantone Soletta hanno bocciato l'Iniziativa sulla neutralità.","https://thumb.wikimedia.org/wikipedia/commons/thumb/d/de/Coat_of_arms_of_Metzerlen-Mariastein.svg/250px-Coat_of_arms_of_Metzerlen-Mariastein.svg.png"
2478,28.9,28.9,71.1,"Nuglar-St. Pantaleon (SO)","La popolazione di Nuglar-St. Pantaleon respinge l'Iniziativa sulla neutralità con il 71,1 per cento. Sia Nuglar-St. Pantaleon che il cantone Soletta hanno bocciato l'Iniziativa sulla neutralità.","https://thumb.wikimedia.org/wikipedia/commons/thumb/5/55/CHE_Nuglar-St._Pantaleon_COA.svg/500px-CHE_Nuglar-St._Pantaleon_COA.svg.png"
2479,20.3,20.3,79.7,"Rodersdorf (SO)","Con il 79,7 per cento dei voti, l'Iniziativa sulla neutralità viene respinta a Rodersdorf. Sia Rodersdorf che il cantone Soletta hanno bocciato l'Iniziativa sulla neutralità.","https://upload.wikimedia.org/wikipedia/commons/0/0d/Rodersdorf-blason.png"
2480,42.9,42.9,57.1,"Seewen (SO)","La popolazione di Seewen respinge l'Iniziativa sulla neutralità con il 57,1 per cento. Sia Seewen che il cantone Soletta hanno bocciato l'Iniziativa sulla neutralità.","https://thumb.wikimedia.org/wikipedia/commons/thumb/8/82/CHE_Seewen_SO_COA.svg/960px-CHE_Seewen_SO_COA.svg.png"
2481,30.8,30.8,69.2,"Witterswil (SO)","A Witterswil, l'Iniziativa sulla neutralità è stata respinta con il 69,2 per cento. Sia Witterswil che il cantone Soletta hanno bocciato l'Iniziativa sulla neutralità.","https://upload.wikimedia.org/wikipedia/commons/5/59/Witterswil-blason.png"
2491,24.8,24.8,75.2,"Hauenstein-Ifenthal (SO)","La popolazione di Hauenstein-Ifenthal respinge l'Iniziativa sulla neutralità con il 75,2 per cento. Sia Hauenstein-Ifenthal che il cantone Soletta hanno bocciato l'Iniziativa sulla neutralità.","https://upload.wikimedia.org/wikipedia/commons/c/c3/Hauenstein-Ifenthal-blason.png"
2492,37.7,37.7,62.3,"Kienberg (SO)","La popolazione di Kienberg respinge l'Iniziativa sulla neutralità con il 62,3 per cento. Sia Kienberg che il cantone Soletta hanno bocciato l'Iniziativa sulla neutralità.","https://thumb.wikimedia.org/wikipedia/commons/thumb/6/61/Coat_of_arms_of_Kienberg_SO.svg/500px-Coat_of_arms_of_Kienberg_SO.svg.png"
2493,27.7,27.7,72.3,"Lostorf (SO)","Con il 72,3 per cento dei voti, Lostorf ha respinto l'Iniziativa sulla neutralità. Sia Lostorf che il cantone Soletta hanno bocciato l'Iniziativa sulla neutralità.","https://upload.wikimedia.org/wikipedia/commons/b/bd/Lostorf-blason.png"
2495,33.9,33.9,66.1,"Niedergösgen (SO)","La popolazione di Niedergösgen respinge l'Iniziativa sulla neutralità con il 66,1 per cento. Sia Niedergösgen che il cantone Soletta hanno bocciato l'Iniziativa sulla neutralità.","https://thumb.wikimedia.org/wikipedia/commons/thumb/c/ce/CHE_Niederg%C3%B6sgen_COA.svg/500px-CHE_Niederg%C3%B6sgen_COA.svg.png"
2497,31.8,31.8,68.2,"Obergösgen (SO)","A Obergösgen l'Iniziativa sulla neutralità non ottiene la maggioranza: 68,2 per cento di no. Sia Obergösgen che il cantone Soletta hanno bocciato l'Iniziativa sulla neutralità.","https://upload.wikimedia.org/wikipedia/commons/1/15/Obergoesgen-blason.png"
2499,35.2,35.2,64.8,"Stüsslingen (SO)","La popolazione di Stüsslingen respinge l'Iniziativa sulla neutralità con il 64,8 per cento. Sia Stüsslingen che il cantone Soletta hanno bocciato l'Iniziativa sulla neutralità.","https://thumb.wikimedia.org/wikipedia/commons/thumb/6/6a/CHE_St%C3%BCsslingen_COA.svg/960px-CHE_St%C3%BCsslingen_COA.svg.png"
2500,25.2,25.2,74.8,"Trimbach (SO)","Con il 74,8 per cento dei voti, l'Iniziativa sulla neutralità viene respinta a Trimbach. Sia Trimbach che il cantone Soletta hanno bocciato l'Iniziativa sulla neutralità.","https://upload.wikimedia.org/wikipedia/commons/a/a4/Trimbach-blason.png"
2501,24.8,24.8,75.2,"Winznau (SO)","A Winznau, l'Iniziativa sulla neutralità è stata respinta con il 75,2 per cento. Sia Winznau che il cantone Soletta hanno bocciato l'Iniziativa sulla neutralità.","https://thumb.wikimedia.org/wikipedia/commons/thumb/9/90/Winznau-blazon.svg/250px-Winznau-blazon.svg.png"
2502,21.5,21.5,78.5,"Wisen (SO)","La popolazione di Wisen SO respinge l'Iniziativa sulla neutralità con il 78,5 per cento. Sia Wisen SO che il cantone Soletta hanno bocciato l'Iniziativa sulla neutralità.","https://upload.wikimedia.org/wikipedia/commons/0/0f/Wisen-blason.png"
2503,29.6,29.6,70.4,"Erlinsbach (SO)","La popolazione di Erlinsbach SO respinge l'Iniziativa sulla neutralità con il 70,4 per cento. Sia Erlinsbach SO che il cantone Soletta hanno bocciato l'Iniziativa sulla neutralità.","https://thumb.wikimedia.org/wikipedia/commons/thumb/2/28/Erlinsbach_SO-blazon.svg/250px-Erlinsbach_SO-blazon.svg.png"
2511,27.7,27.7,72.3,"Aeschi (SO)","La popolazione di Aeschi SO respinge l'Iniziativa sulla neutralità con il 72,3 per cento. Sia Aeschi SO che il cantone Soletta hanno bocciato l'Iniziativa sulla neutralità.","https://thumb.wikimedia.org/wikipedia/commons/thumb/6/6b/Aeschi_SO-blazon.svg/250px-Aeschi_SO-blazon.svg.png"
2513,23.6,23.6,76.4,"Biberist (SO)","A Biberist l'Iniziativa sulla neutralità è stata respinta con il 76,4 per cento. Sia Biberist che il cantone Soletta hanno bocciato l'Iniziativa sulla neutralità.","https://thumb.wikimedia.org/wikipedia/commons/thumb/b/b0/Biberist-blazon.svg/250px-Biberist-blazon.svg.png"
2514,32.4,32.4,67.6,"Bolken (SO)","A Bolken, l'Iniziativa sulla neutralità è stata respinta con il 67,6 per cento. Sia Bolken che il cantone Soletta hanno bocciato l'Iniziativa sulla neutralità.","https://thumb.wikimedia.org/wikipedia/commons/thumb/4/43/Bolken-blazon.svg/960px-Bolken-blazon.svg.png"
2516,24.4,24.4,75.6,"Deitingen (SO)","Con il 75,6 per cento dei voti, l'Iniziativa sulla neutralità viene respinta a Deitingen. Sia Deitingen che il cantone Soletta hanno bocciato l'Iniziativa sulla neutralità.","https://upload.wikimedia.org/wikipedia/commons/9/94/Deitingen-blason.png"
2517,27.5,27.5,72.5,"Derendingen (SO)","Con il 72,5 per cento dei voti, l'Iniziativa sulla neutralità viene respinta a Derendingen. Sia Derendingen che il cantone Soletta hanno bocciato l'Iniziativa sulla neutralità.","https://thumb.wikimedia.org/wikipedia/commons/thumb/3/31/Derendingen-blazon.svg/250px-Derendingen-blazon.svg.png"
2518,27.8,27.8,72.2,"Etziken (SO)","La popolazione di Etziken respinge l'Iniziativa sulla neutralità con il 72,2 per cento. Sia Etziken che il cantone Soletta hanno bocciato l'Iniziativa sulla neutralità.","https://upload.wikimedia.org/wikipedia/commons/f/fe/Etziken-blason.png"
2519,35.4,35.4,64.6,"Gerlafingen (SO)","A Gerlafingen l'Iniziativa sulla neutralità è stata respinta con il 64,6 per cento. Sia Gerlafingen che il cantone Soletta hanno bocciato l'Iniziativa sulla neutralità.","https://thumb.wikimedia.org/wikipedia/commons/thumb/b/b4/CHE_Gerlafingen_COA.svg/500px-CHE_Gerlafingen_COA.svg.png"
2523,28.3,28.3,71.7,"Horriwil (SO)","La popolazione di Horriwil respinge l'Iniziativa sulla neutralità con il 71,7 per cento. Sia Horriwil che il cantone Soletta hanno bocciato l'Iniziativa sulla neutralità.","https://upload.wikimedia.org/wikipedia/commons/1/14/Horriwil-blason.png"
2524,19.3,19.3,80.7,"Hüniken (SO)","A Hüniken l'Iniziativa sulla neutralità è respinta con 67 contro 16 voti. Sia Hüniken che il cantone Soletta hanno bocciato l'Iniziativa sulla neutralità.","https://thumb.wikimedia.org/wikipedia/commons/thumb/f/fd/H%C3%BCniken-blazon.svg/250px-H%C3%BCniken-blazon.svg.png"
2525,24.2,24.2,75.8,"Kriegstetten (SO)","A Kriegstetten l'Iniziativa sulla neutralità non ottiene la maggioranza: 75,8 per cento di no. Sia Kriegstetten che il cantone Soletta hanno bocciato l'Iniziativa sulla neutralità.","https://thumb.wikimedia.org/wikipedia/commons/thumb/8/8e/CHE_Kriegstetten_SO_COA.svg/500px-CHE_Kriegstetten_SO_COA.svg.png"
2526,17.9,17.9,82.1,"Lohn-Ammannsegg (SO)","A Lohn-Ammannsegg l'Iniziativa sulla neutralità è stata respinta con il 82,1 per cento. Sia Lohn-Ammannsegg che il cantone Soletta hanno bocciato l'Iniziativa sulla neutralità.","https://thumb.wikimedia.org/wikipedia/commons/thumb/5/51/CHE_Lohn-Ammannsegg_COA.svg/960px-CHE_Lohn-Ammannsegg_COA.svg.png"
2527,26.7,26.7,73.3,"Luterbach (SO)","A Luterbach, l'Iniziativa sulla neutralità è stata respinta con il 73,3 per cento. Sia Luterbach che il cantone Soletta hanno bocciato l'Iniziativa sulla neutralità.","https://upload.wikimedia.org/wikipedia/commons/3/36/Luterbach-blason.png"
2528,31.9,31.9,68.1,"Obergerlafingen (SO)","La popolazione di Obergerlafingen respinge l'Iniziativa sulla neutralità con il 68,1 per cento. Sia Obergerlafingen che il cantone Soletta hanno bocciato l'Iniziativa sulla neutralità.","https://thumb.wikimedia.org/wikipedia/commons/thumb/8/8d/CHE_Obergerlafingen_COA.svg/960px-CHE_Obergerlafingen_COA.svg.png"
2530,31.3,31.3,68.7,"Recherswil (SO)","A Recherswil l'Iniziativa sulla neutralità non ottiene la maggioranza: 68,7 per cento di no. Sia Recherswil che il cantone Soletta hanno bocciato l'Iniziativa sulla neutralità.","https://thumb.wikimedia.org/wikipedia/commons/thumb/b/be/CHE_Recherswil_COA.svg/960px-CHE_Recherswil_COA.svg.png"
2532,29.5,29.5,70.5,"Subingen (SO)","La popolazione di Subingen respinge l'Iniziativa sulla neutralità con il 70,5 per cento. Sia Subingen che il cantone Soletta hanno bocciato l'Iniziativa sulla neutralità.","https://upload.wikimedia.org/wikipedia/commons/8/8c/Subingen-blason.png"
2534,21.6,21.6,78.4,"Zuchwil (SO)","A Zuchwil l'Iniziativa sulla neutralità è stata respinta con il 78,4 per cento. Sia Zuchwil che il cantone Soletta hanno bocciato l'Iniziativa sulla neutralità.","https://thumb.wikimedia.org/wikipedia/commons/thumb/5/55/Zuchwil-blazon.svg/250px-Zuchwil-blazon.svg.png"
2535,27.8,27.8,72.2,"Drei Höfe (SO)","La popolazione di Drei Höfe respinge l'Iniziativa sulla neutralità con il 72,2 per cento. Sia Drei Höfe che il cantone Soletta hanno bocciato l'Iniziativa sulla neutralità.","https://thumb.wikimedia.org/wikipedia/commons/thumb/2/25/DreiH%C3%B6fe-blazon.svg/250px-DreiH%C3%B6fe-blazon.svg.png"
2541,28.1,28.1,71.9,"Balm bei Günsberg (SO)","A Balm bei Günsberg l'Iniziativa sulla neutralità è respinta con 69 contro 27 voti. Sia Balm bei Günsberg che il cantone Soletta hanno bocciato l'Iniziativa sulla neutralità.","https://thumb.wikimedia.org/wikipedia/commons/thumb/0/09/BalmBeiG%C3%BCnsberg-blazon.svg/250px-BalmBeiG%C3%BCnsberg-blazon.svg.png"
2542,27.9,27.9,72.1,"Bellach (SO)","Con il 72,1 per cento dei voti, Bellach ha respinto l'Iniziativa sulla neutralità. Sia Bellach che il cantone Soletta hanno bocciato l'Iniziativa sulla neutralità.","https://upload.wikimedia.org/wikipedia/commons/7/75/Bellach-blason.png"
2543,28.5,28.5,71.5,"Bettlach (SO)","Con il 71,5 per cento dei voti, l'Iniziativa sulla neutralità viene respinta a Bettlach. Sia Bettlach che il cantone Soletta hanno bocciato l'Iniziativa sulla neutralità.","https://thumb.wikimedia.org/wikipedia/commons/thumb/4/44/Bettlach-blazon.svg/250px-Bettlach-blazon.svg.png"
2544,16.9,16.9,83.1,"Feldbrunnen-St. Niklaus (SO)","A Feldbrunnen-St. Niklaus, l'Iniziativa sulla neutralità è stata respinta con il 83,1 per cento. Sia Feldbrunnen-St. Niklaus che il cantone Soletta hanno bocciato l'Iniziativa sulla neutralità.","https://upload.wikimedia.org/wikipedia/commons/8/83/Feldbrunnen-StNiklaus-blason.png"
2545,30.7,30.7,69.3,"Flumenthal (SO)","Con il 69,3 per cento dei voti, l'Iniziativa sulla neutralità viene respinta a Flumenthal. Sia Flumenthal che il cantone Soletta hanno bocciato l'Iniziativa sulla neutralità.","https://upload.wikimedia.org/wikipedia/commons/c/cd/Flumenthal-blason.png"
2546,28.9,28.9,71.1,"Granges (SO)","A Granges, l'Iniziativa sulla neutralità è stata respinta con il 71,1 per cento. Sia Granges che il cantone Soletta hanno bocciato l'Iniziativa sulla neutralità.","https://thumb.wikimedia.org/wikipedia/commons/thumb/8/80/Grenchen-blazon.svg/250px-Grenchen-blazon.svg.png"
2547,34.1,34.1,65.9,"Günsberg (SO)","A Günsberg, l'Iniziativa sulla neutralità è stata respinta con il 65,9 per cento. Sia Günsberg che il cantone Soletta hanno bocciato l'Iniziativa sulla neutralità.","https://thumb.wikimedia.org/wikipedia/commons/thumb/c/c0/CHE_G%C3%BCnsberg_COA.svg/500px-CHE_G%C3%BCnsberg_COA.svg.png"
2548,17.3,17.3,82.7,"Hubersdorf (SO)","La popolazione di Hubersdorf respinge l'Iniziativa sulla neutralità con il 82,7 per cento. Sia Hubersdorf che il cantone Soletta hanno bocciato l'Iniziativa sulla neutralità.","https://upload.wikimedia.org/wikipedia/commons/9/9a/Hubersdorf-blason.png"
2549,17.6,17.6,82.4,"Kammersrohr (SO)","A Kammersrohr, l'Iniziativa sulla neutralità è stata respinta con 14 contro 3 voti. Sia Kammersrohr che il cantone Soletta hanno bocciato l'Iniziativa sulla neutralità.","https://thumb.wikimedia.org/wikipedia/commons/thumb/4/4a/Kammersrohr-blason.svg/500px-Kammersrohr-blason.svg.png"
2550,16.9,16.9,83.1,"Langendorf (SO)","La popolazione di Langendorf respinge l'Iniziativa sulla neutralità con il 83,1 per cento. Sia Langendorf che il cantone Soletta hanno bocciato l'Iniziativa sulla neutralità.","https://upload.wikimedia.org/wikipedia/commons/b/ba/Langendorf-blason.png"
2551,28.6,28.6,71.4,"Lommiswil (SO)","A Lommiswil l'Iniziativa sulla neutralità non ottiene la maggioranza: 71,4 per cento di no. Sia Lommiswil che il cantone Soletta hanno bocciato l'Iniziativa sulla neutralità.","https://thumb.wikimedia.org/wikipedia/commons/thumb/f/f2/Lommiswil-blazon.svg/250px-Lommiswil-blazon.svg.png"
2553,18.4,18.4,81.6,"Oberdorf (SO)","La popolazione di Oberdorf SO respinge l'Iniziativa sulla neutralità con il 81,6 per cento. Sia Oberdorf SO che il cantone Soletta hanno bocciato l'Iniziativa sulla neutralità.","https://upload.wikimedia.org/wikipedia/commons/9/97/Oberdorf-blason.png"
2554,21.8,21.8,78.2,"Riedholz (SO)","A Riedholz l'Iniziativa sulla neutralità è stata respinta con il 78,2 per cento. Sia Riedholz che il cantone Soletta hanno bocciato l'Iniziativa sulla neutralità.","https://upload.wikimedia.org/wikipedia/commons/7/7f/Riedholz-blason.png"
2555,21.6,21.6,78.4,"Rüttenen (SO)","A Rüttenen l'Iniziativa sulla neutralità non ottiene la maggioranza: 78,4 per cento di no. Sia Rüttenen che il cantone Soletta hanno bocciato l'Iniziativa sulla neutralità.","https://upload.wikimedia.org/wikipedia/commons/e/ea/Ruettenen-blason.png"
2556,27.5,27.5,72.5,"Selzach (SO)","La popolazione di Selzach respinge l'Iniziativa sulla neutralità con il 72,5 per cento. Sia Selzach che il cantone Soletta hanno bocciato l'Iniziativa sulla neutralità.","https://thumb.wikimedia.org/wikipedia/commons/thumb/2/2a/CHE_Selzach_COA.svg/960px-CHE_Selzach_COA.svg.png"
2571,40.1,40.1,59.9,"Boningen (SO)","La popolazione di Boningen respinge l'Iniziativa sulla neutralità con il 59,9 per cento. Sia Boningen che il cantone Soletta hanno bocciato l'Iniziativa sulla neutralità.","https://thumb.wikimedia.org/wikipedia/commons/thumb/0/02/Boningen-blazon.svg/250px-Boningen-blazon.svg.png"
2572,35.9,35.9,64.1,"Däniken (SO)","La popolazione di Däniken respinge l'Iniziativa sulla neutralità con il 64,1 per cento. Sia Däniken che il cantone Soletta hanno bocciato l'Iniziativa sulla neutralità.","https://upload.wikimedia.org/wikipedia/commons/f/f9/Daeniken-blason.png"
2573,31.2,31.2,68.8,"Dulliken (SO)","A Dulliken, l'Iniziativa sulla neutralità è stata respinta con il 68,8 per cento. Sia Dulliken che il cantone Soletta hanno bocciato l'Iniziativa sulla neutralità.","https://upload.wikimedia.org/wikipedia/commons/d/da/Dulliken-blason.png"
2574,39.7,39.7,60.3,"Eppenberg-Wöschnau (SO)","A Eppenberg-Wöschnau, l'Iniziativa sulla neutralità è stata respinta con 47 contro 31 voti. Sia Eppenberg-Wöschnau che il cantone Soletta hanno bocciato l'Iniziativa sulla neutralità.","https://thumb.wikimedia.org/wikipedia/commons/thumb/a/a0/EppenbergW%C3%B6schnau-blazon.svg/250px-EppenbergW%C3%B6schnau-blazon.svg.png"
2575,34.1,34.1,65.9,"Fulenbach (SO)","A Fulenbach l'Iniziativa sulla neutralità è stata respinta con il 65,9 per cento. Sia Fulenbach che il cantone Soletta hanno bocciato l'Iniziativa sulla neutralità.","https://upload.wikimedia.org/wikipedia/commons/4/4c/Fulenbach-blason.png"
2576,28.3,28.3,71.7,"Gretzenbach (SO)","Con il 71,7 per cento dei voti, l'Iniziativa sulla neutralità viene respinta a Gretzenbach. Sia Gretzenbach che il cantone Soletta hanno bocciato l'Iniziativa sulla neutralità.","https://upload.wikimedia.org/wikipedia/commons/c/c1/Gretzenbach-blason.png"
2578,30.4,30.4,69.6,"Gunzgen (SO)","Con il 69,6 per cento dei voti, Gunzgen ha respinto l'Iniziativa sulla neutralità. Sia Gunzgen che il cantone Soletta hanno bocciato l'Iniziativa sulla neutralità.","https://upload.wikimedia.org/wikipedia/commons/0/01/Gunzgen-blason.png"
2579,31.4,31.4,68.6,"Hägendorf (SO)","La popolazione di Hägendorf respinge l'Iniziativa sulla neutralità con il 68,6 per cento. Sia Hägendorf che il cantone Soletta hanno bocciato l'Iniziativa sulla neutralità.","https://thumb.wikimedia.org/wikipedia/commons/thumb/5/51/H%C3%A4gendorf-blazon.svg/250px-H%C3%A4gendorf-blazon.svg.png"
2580,24.8,24.8,75.2,"Kappel (SO)","La popolazione di Kappel SO respinge l'Iniziativa sulla neutralità con il 75,2 per cento. Sia Kappel SO che il cantone Soletta hanno bocciato l'Iniziativa sulla neutralità.","https://thumb.wikimedia.org/wikipedia/commons/thumb/6/60/CHE_Kappel_SO_COA.svg/500px-CHE_Kappel_SO_COA.svg.png"
2581,18.1,18.1,81.9,"Olten (SO)","A Olten, l'Iniziativa sulla neutralità è stata respinta con il 81,9 per cento. Sia Olten che il cantone Soletta hanno bocciato l'Iniziativa sulla neutralità.","https://thumb.wikimedia.org/wikipedia/commons/thumb/3/3d/Olten-blason.svg/500px-Olten-blason.svg.png"
2582,26.6,26.6,73.4,"Rickenbach (SO)","Con il 73,4 per cento dei voti, l'Iniziativa sulla neutralità viene respinta a Rickenbach SO. Sia Rickenbach SO che il cantone Soletta hanno bocciato l'Iniziativa sulla neutralità.","https://upload.wikimedia.org/wikipedia/commons/7/79/Rickenbach-blason.png"
2583,29.9,29.9,70.1,"Schönenwerd (SO)","A Schönenwerd l'Iniziativa sulla neutralità non ottiene la maggioranza: 70,1 per cento di no. Sia Schönenwerd che il cantone Soletta hanno bocciato l'Iniziativa sulla neutralità.","https://thumb.wikimedia.org/wikipedia/commons/thumb/1/12/CHE_Sch%C3%B6nenwerd_COA.svg/250px-CHE_Sch%C3%B6nenwerd_COA.svg.png"
2584,16.2,16.2,83.8,"Starrkirch-Wil (SO)","A Starrkirch-Wil, l'Iniziativa sulla neutralità è stata respinta con il 83,8 per cento. Sia Starrkirch-Wil che il cantone Soletta hanno bocciato l'Iniziativa sulla neutralità.","https://upload.wikimedia.org/wikipedia/commons/2/28/Starrkirch-Wil-blason.png"
2585,37.8,37.8,62.2,"Walterswil (SO)","Con il 62,2 per cento dei voti, l'Iniziativa sulla neutralità viene respinta a Walterswil SO. Sia Walterswil SO che il cantone Soletta hanno bocciato l'Iniziativa sulla neutralità.","https://thumb.wikimedia.org/wikipedia/commons/thumb/c/cf/CHE_Walterswil_SO_COA.svg/120px-CHE_Walterswil_SO_COA.svg.png"
2586,25.3,25.3,74.7,"Wangen bei Olten (SO)","Con il 74,7 per cento dei voti, Wangen bei Olten ha respinto l'Iniziativa sulla neutralità. Sia Wangen bei Olten che il cantone Soletta hanno bocciato l'Iniziativa sulla neutralità.","https://upload.wikimedia.org/wikipedia/commons/1/13/Wangen_bO-blason.png"
2601,15.2,15.2,84.8,"Soletta (SO)","A Soletta l'Iniziativa sulla neutralità è stata respinta con il 84,8 per cento. Sia Soletta che il cantone Soletta hanno bocciato l'Iniziativa sulla neutralità.","https://thumb.wikimedia.org/wikipedia/commons/thumb/b/b7/Wappen_Solothurn_matt.svg/500px-Wappen_Solothurn_matt.svg.png"
2611,39.7,39.7,60.3,"Bärschwil (SO)","A Bärschwil l'Iniziativa sulla neutralità non ottiene la maggioranza: 60,3 per cento di no. Sia Bärschwil che il cantone Soletta hanno bocciato l'Iniziativa sulla neutralità.","https://thumb.wikimedia.org/wikipedia/commons/thumb/f/fd/B%C3%A4rschwil-blazon.svg/250px-B%C3%A4rschwil-blazon.svg.png"
2612,50,50,50,"Beinwil (SO)","A Beinwil SO ci sono 49 voti a favore e altrettanti contrari all'Iniziativa sulla neutralità.","https://thumb.wikimedia.org/wikipedia/commons/thumb/a/a2/Beinwil_SO-blazon.svg/250px-Beinwil_SO-blazon.svg.png"
2613,30.8,30.8,69.2,"Breitenbach (SO)","La popolazione di Breitenbach respinge l'Iniziativa sulla neutralità con il 69,2 per cento. Sia Breitenbach che il cantone Soletta hanno bocciato l'Iniziativa sulla neutralità.","https://thumb.wikimedia.org/wikipedia/commons/thumb/e/e4/Breitenbach_SO-blazon.svg/250px-Breitenbach_SO-blazon.svg.png"
2614,39.8,39.8,60.2,"Büsserach (SO)","La popolazione di Büsserach respinge l'Iniziativa sulla neutralità con il 60,2 per cento. Sia Büsserach che il cantone Soletta hanno bocciato l'Iniziativa sulla neutralità.","https://thumb.wikimedia.org/wikipedia/commons/thumb/d/d0/B%C3%BCsserach-blazon.svg/250px-B%C3%BCsserach-blazon.svg.png"
2615,45.7,45.7,54.3,"Erschwil (SO)","Con il 54,3 per cento dei voti, Erschwil ha respinto l'Iniziativa sulla neutralità. Sia Erschwil che il cantone Soletta hanno bocciato l'Iniziativa sulla neutralità.","https://upload.wikimedia.org/wikipedia/commons/d/d6/Erschwil-blason.png"
2616,42.9,42.9,57.1,"Fehren (SO)","La popolazione di Fehren respinge l'Iniziativa sulla neutralità con il 57,1 per cento. Sia Fehren che il cantone Soletta hanno bocciato l'Iniziativa sulla neutralità.","https://upload.wikimedia.org/wikipedia/commons/1/1e/Fehren-blason.png"
2617,44,44,56,"Grindel (SO)","La popolazione di Grindel respinge l'Iniziativa sulla neutralità con il 56 per cento. Sia Grindel che il cantone Soletta hanno bocciato l'Iniziativa sulla neutralità.","https://thumb.wikimedia.org/wikipedia/commons/thumb/5/56/Grindel-blazon.svg/250px-Grindel-blazon.svg.png"
2618,34.9,34.9,65.1,"Himmelried (SO)","A Himmelried l'Iniziativa sulla neutralità non ottiene la maggioranza: 65,1 per cento di no. Sia Himmelried che il cantone Soletta hanno bocciato l'Iniziativa sulla neutralità.","https://thumb.wikimedia.org/wikipedia/commons/thumb/0/08/CHE_Himmelried_COA.svg/960px-CHE_Himmelried_COA.svg.png"
2619,37.8,37.8,62.2,"Kleinlützel (SO)","A Kleinlützel, l'Iniziativa sulla neutralità è stata respinta con il 62,2 per cento. Sia Kleinlützel che il cantone Soletta hanno bocciato l'Iniziativa sulla neutralità.","https://thumb.wikimedia.org/wikipedia/commons/thumb/5/58/CHE_Kleinl%C3%BCtzel_COA.svg/500px-CHE_Kleinl%C3%BCtzel_COA.svg.png"
2620,42.5,42.5,57.5,"Meltingen (SO)","La popolazione di Meltingen respinge l'Iniziativa sulla neutralità con il 57,5 per cento. Sia Meltingen che il cantone Soletta hanno bocciato l'Iniziativa sulla neutralità.","https://upload.wikimedia.org/wikipedia/commons/1/11/Meltingen-blason.png"
2621,39,39,61,"Nunningen (SO)","La popolazione di Nunningen respinge l'Iniziativa sulla neutralità con il 61 per cento. Sia Nunningen che il cantone Soletta hanno bocciato l'Iniziativa sulla neutralità.","https://upload.wikimedia.org/wikipedia/commons/0/0d/Nunningen-blason.png"
2622,47.2,47.2,52.8,"Zullwil (SO)","A Zullwil l'Iniziativa sulla neutralità è stata respinta con il 52,8 per cento. Sia Zullwil che il cantone Soletta hanno bocciato l'Iniziativa sulla neutralità.","https://thumb.wikimedia.org/wikipedia/commons/thumb/8/86/Zullwil-blazon.svg/250px-Zullwil-blazon.svg.png"
2701,50,0,0,"Basilea (BS)","I risultati di questo comune non sono ancora noti.","https://thumb.wikimedia.org/wikipedia/commons/thumb/7/7d/Wappen_Basel-Stadt_matt.svg/960px-Wappen_Basel-Stadt_matt.svg.png"
2702,50,0,0,"Bettingen (BS)","I risultati di questo comune non sono ancora noti.","https://thumb.wikimedia.org/wikipedia/commons/thumb/b/bb/CHE_Bettingen_BS_COA.svg/500px-CHE_Bettingen_BS_COA.svg.png"
2703,50,0,0,"Riehen (BS)","I risultati di questo comune non sono ancora noti.","https://thumb.wikimedia.org/wikipedia/commons/thumb/a/aa/CHE_Riehen_COA.svg/500px-CHE_Riehen_COA.svg.png"
2761,26.9,26.9,73.1,"Aesch (BL)","Con il 73,1 per cento dei voti, l'Iniziativa sulla neutralità viene respinta a Aesch BL. Sia Aesch BL che il cantone Basilea Campagna hanno bocciato l'Iniziativa sulla neutralità.","https://thumb.wikimedia.org/wikipedia/commons/thumb/3/32/CHE_Aesch_BL_COA.svg/960px-CHE_Aesch_BL_COA.svg.png"
2762,21.7,21.7,78.3,"Allschwil (BL)","La popolazione di Allschwil respinge l'Iniziativa sulla neutralità con il 78,3 per cento. Sia Allschwil che il cantone Basilea Campagna hanno bocciato l'Iniziativa sulla neutralità.","https://thumb.wikimedia.org/wikipedia/commons/thumb/3/3c/CHE_Allschwil_COA.svg/960px-CHE_Allschwil_COA.svg.png"
2763,21.8,21.8,78.2,"Arlesheim (BL)","A Arlesheim l'Iniziativa sulla neutralità non ottiene la maggioranza: 78,2 per cento di no. Sia Arlesheim che il cantone Basilea Campagna hanno bocciato l'Iniziativa sulla neutralità.","https://thumb.wikimedia.org/wikipedia/commons/thumb/d/db/CHE_Arlesheim_COA.svg/960px-CHE_Arlesheim_COA.svg.png"
2764,23.7,23.7,76.3,"Biel-Benken (BL)","Con il 76,3 per cento dei voti, Biel-Benken ha respinto l'Iniziativa sulla neutralità. Sia Biel-Benken che il cantone Basilea Campagna hanno bocciato l'Iniziativa sulla neutralità.","https://thumb.wikimedia.org/wikipedia/commons/thumb/d/d0/CHE_Biel-Benken_COA.svg/960px-CHE_Biel-Benken_COA.svg.png"
2765,20.7,20.7,79.3,"Binningen (BL)","A Binningen l'Iniziativa sulla neutralità non ottiene la maggioranza: 79,3 per cento di no. Sia Binningen che il cantone Basilea Campagna hanno bocciato l'Iniziativa sulla neutralità.","https://thumb.wikimedia.org/wikipedia/commons/thumb/5/56/CHE_Binningen_COA.svg/500px-CHE_Binningen_COA.svg.png"
2766,24.9,24.9,75.1,"Birsfelden (BL)","La popolazione di Birsfelden respinge l'Iniziativa sulla neutralità con il 75,1 per cento. Sia Birsfelden che il cantone Basilea Campagna hanno bocciato l'Iniziativa sulla neutralità.","https://thumb.wikimedia.org/wikipedia/commons/thumb/8/8d/Coat_of_arms_of_Birsfelden.svg/960px-Coat_of_arms_of_Birsfelden.svg.png"
2767,25.2,25.2,74.8,"Bottmingen (BL)","La popolazione di Bottmingen respinge l'Iniziativa sulla neutralità con il 74,8 per cento. Sia Bottmingen che il cantone Basilea Campagna hanno bocciato l'Iniziativa sulla neutralità.","https://thumb.wikimedia.org/wikipedia/commons/thumb/b/bd/CHE_Bottmingen_COA.svg/960px-CHE_Bottmingen_COA.svg.png"
2768,25.8,25.8,74.2,"Ettingen (BL)","La popolazione di Ettingen respinge l'Iniziativa sulla neutralità con il 74,2 per cento. Sia Ettingen che il cantone Basilea Campagna hanno bocciato l'Iniziativa sulla neutralità.","https://thumb.wikimedia.org/wikipedia/commons/thumb/8/87/Coat_of_arms_of_Ettingen.svg/960px-Coat_of_arms_of_Ettingen.svg.png"
2769,21.4,21.4,78.6,"Münchenstein (BL)","A Münchenstein l'Iniziativa sulla neutralità non ottiene la maggioranza: 78,6 per cento di no. Sia Münchenstein che il cantone Basilea Campagna hanno bocciato l'Iniziativa sulla neutralità.","https://thumb.wikimedia.org/wikipedia/commons/thumb/7/7d/CHE_M%C3%BCnchenstein_COA.svg/500px-CHE_M%C3%BCnchenstein_COA.svg.png"
2770,24.7,24.7,75.3,"Muttenz (BL)","Con il 75,3 per cento dei voti, Muttenz ha respinto l'Iniziativa sulla neutralità. Sia Muttenz che il cantone Basilea Campagna hanno bocciato l'Iniziativa sulla neutralità.","https://upload.wikimedia.org/wikipedia/commons/6/67/Wappen_Muttenz.png"
2771,21.4,21.4,78.6,"Oberwil (BL)","La popolazione di Oberwil BL respinge l'Iniziativa sulla neutralità con il 78,6 per cento. Sia Oberwil BL che il cantone Basilea Campagna hanno bocciato l'Iniziativa sulla neutralità.","https://thumb.wikimedia.org/wikipedia/commons/thumb/2/2a/CHE_Oberwil_BL_COA.svg/960px-CHE_Oberwil_BL_COA.svg.png"
2772,26.2,26.2,73.8,"Pfeffingen (BL)","A Pfeffingen l'Iniziativa sulla neutralità è stata respinta con il 73,8 per cento. Sia Pfeffingen che il cantone Basilea Campagna hanno bocciato l'Iniziativa sulla neutralità.","https://thumb.wikimedia.org/wikipedia/commons/thumb/0/07/Coat_of_arms_of_Pfeffingen_BL.svg/960px-Coat_of_arms_of_Pfeffingen_BL.svg.png"
2773,23.4,23.4,76.6,"Reinach (BL)","A Reinach BL, l'Iniziativa sulla neutralità è stata respinta con il 76,6 per cento. Sia Reinach BL che il cantone Basilea Campagna hanno bocciato l'Iniziativa sulla neutralità.","https://thumb.wikimedia.org/wikipedia/commons/thumb/a/af/CHE_Reinach_BL_COA.svg/960px-CHE_Reinach_BL_COA.svg.png"
2774,27.3,27.3,72.7,"Schönenbuch (BL)","La popolazione di Schönenbuch respinge l'Iniziativa sulla neutralità con il 72,7 per cento. Sia Schönenbuch che il cantone Basilea Campagna hanno bocciato l'Iniziativa sulla neutralità.","https://thumb.wikimedia.org/wikipedia/commons/thumb/6/6b/CHE_Sch%C3%B6nenbuch_COA.svg/500px-CHE_Sch%C3%B6nenbuch_COA.svg.png"
2775,23.1,23.1,76.9,"Therwil (BL)","La popolazione di Therwil respinge l'Iniziativa sulla neutralità con il 76,9 per cento. Sia Therwil che il cantone Basilea Campagna hanno bocciato l'Iniziativa sulla neutralità.","https://thumb.wikimedia.org/wikipedia/commons/thumb/4/4a/Coat_of_arms_of_Therwil.svg/960px-Coat_of_arms_of_Therwil.svg.png"
2781,32.3,32.3,67.7,"Blauen (BL)","A Blauen l'Iniziativa sulla neutralità non ottiene la maggioranza: 67,7 per cento di no. Sia Blauen che il cantone Basilea Campagna hanno bocciato l'Iniziativa sulla neutralità.","https://thumb.wikimedia.org/wikipedia/commons/thumb/8/87/Coat_of_arms_of_Blauen_BL.svg/960px-Coat_of_arms_of_Blauen_BL.svg.png"
2782,43.4,43.4,56.6,"Brislach (BL)","A Brislach l'Iniziativa sulla neutralità è stata respinta con il 56,6 per cento. Sia Brislach che il cantone Basilea Campagna hanno bocciato l'Iniziativa sulla neutralità.","https://thumb.wikimedia.org/wikipedia/commons/thumb/0/02/Coat_of_arms_of_Brislach.svg/960px-Coat_of_arms_of_Brislach.svg.png"
2783,34,34,66,"Burg im Leimental (BL)","A Burg im Leimental, l'Iniziativa sulla neutralità è stata respinta con il 66 per cento. Sia Burg im Leimental che il cantone Basilea Campagna hanno bocciato l'Iniziativa sulla neutralità.","https://thumb.wikimedia.org/wikipedia/commons/thumb/4/4e/Coat_of_arms_of_Burg_im_Leimental.svg/960px-Coat_of_arms_of_Burg_im_Leimental.svg.png"
2784,37.9,37.9,62.1,"Dittingen (BL)","La popolazione di Dittingen respinge l'Iniziativa sulla neutralità con il 62,1 per cento. Sia Dittingen che il cantone Basilea Campagna hanno bocciato l'Iniziativa sulla neutralità.","https://upload.wikimedia.org/wikipedia/commons/0/0b/Wappen_Dittingen.png"
2785,32.5,32.5,67.5,"Duggingen (BL)","La popolazione di Duggingen respinge l'Iniziativa sulla neutralità con il 67,5 per cento. Sia Duggingen che il cantone Basilea Campagna hanno bocciato l'Iniziativa sulla neutralità.","https://upload.wikimedia.org/wikipedia/commons/8/81/Wappen_Duggingen.png"
2786,34.4,34.4,65.6,"Grellingen (BL)","A Grellingen l'Iniziativa sulla neutralità è stata respinta con il 65,6 per cento. Sia Grellingen che il cantone Basilea Campagna hanno bocciato l'Iniziativa sulla neutralità.","https://thumb.wikimedia.org/wikipedia/commons/thumb/a/a4/Grellingen_coat_of_arms.svg/960px-Grellingen_coat_of_arms.svg.png"
2787,27.2,27.2,72.8,"Laufon (BL)","La popolazione di Laufon respinge l'Iniziativa sulla neutralità con il 72,8 per cento. Sia Laufon che il cantone Basilea Campagna hanno bocciato l'Iniziativa sulla neutralità.","https://thumb.wikimedia.org/wikipedia/commons/thumb/e/e6/CHE_Laufen_BL_official_COA.svg/500px-CHE_Laufen_BL_official_COA.svg.png"
2788,40.6,40.6,59.4,"Liesberg (BL)","La popolazione di Liesberg respinge l'Iniziativa sulla neutralità con il 59,4 per cento. Sia Liesberg che il cantone Basilea Campagna hanno bocciato l'Iniziativa sulla neutralità.","https://upload.wikimedia.org/wikipedia/commons/b/b5/Wappen_Liesberg.png"
2789,48.5,48.5,51.5,"Nenzlingen (BL)","A Nenzlingen l'Iniziativa sulla neutralità non ottiene la maggioranza: 51,5 per cento di no. Sia Nenzlingen che il cantone Basilea Campagna hanno bocciato l'Iniziativa sulla neutralità.","https://thumb.wikimedia.org/wikipedia/commons/thumb/d/da/Wappen_Nenzlingen.png/960px-Wappen_Nenzlingen.png"
2790,50,50,50,"Roggenburg (BL)","A Roggenburg ci sono 44 voti a favore e altrettanti contrari all'Iniziativa sulla neutralità.","https://upload.wikimedia.org/wikipedia/commons/a/ad/Wappen_Roggenburg_BL.png"
2791,32.9,32.9,67.1,"Röschenz (BL)","Con il 67,1 per cento dei voti, l'Iniziativa sulla neutralità viene respinta a Röschenz. Sia Röschenz che il cantone Basilea Campagna hanno bocciato l'Iniziativa sulla neutralità.","https://thumb.wikimedia.org/wikipedia/commons/thumb/4/4a/CHE_R%C3%B6schenz_COA.svg/960px-CHE_R%C3%B6schenz_COA.svg.png"
2792,45.1,45.1,54.9,"Wahlen (BL)","La popolazione di Wahlen respinge l'Iniziativa sulla neutralità con il 54,9 per cento. Sia Wahlen che il cantone Basilea Campagna hanno bocciato l'Iniziativa sulla neutralità.","https://upload.wikimedia.org/wikipedia/commons/7/7a/Wappen_Wahlen.png"
2793,35.2,35.2,64.8,"Zwingen (BL)","Con il 64,8 per cento dei voti, Zwingen ha respinto l'Iniziativa sulla neutralità. Sia Zwingen che il cantone Basilea Campagna hanno bocciato l'Iniziativa sulla neutralità.","https://thumb.wikimedia.org/wikipedia/commons/thumb/f/f5/Coat_of_arms_of_Zwingen.svg/960px-Coat_of_arms_of_Zwingen.svg.png"
2821,36.4,36.4,63.6,"Arisdorf (BL)","A Arisdorf l'Iniziativa sulla neutralità non ottiene la maggioranza: 63,6 per cento di no. Sia Arisdorf che il cantone Basilea Campagna hanno bocciato l'Iniziativa sulla neutralità.","https://upload.wikimedia.org/wikipedia/commons/3/36/Wappen_Arisdorf.png"
2822,29.6,29.6,70.4,"Augst (BL)","A Augst, l'Iniziativa sulla neutralità è stata respinta con il 70,4 per cento. Sia Augst che il cantone Basilea Campagna hanno bocciato l'Iniziativa sulla neutralità.","https://upload.wikimedia.org/wikipedia/commons/5/53/Wappen_Augst.png"
2823,24.8,24.8,75.2,"Bubendorf (BL)","La popolazione di Bubendorf respinge l'Iniziativa sulla neutralità con il 75,2 per cento. Sia Bubendorf che il cantone Basilea Campagna hanno bocciato l'Iniziativa sulla neutralità.","https://thumb.wikimedia.org/wikipedia/commons/thumb/4/41/Coat_of_arms_of_Bubendorf_BL.svg/960px-Coat_of_arms_of_Bubendorf_BL.svg.png"
2824,23.1,23.1,76.9,"Frenkendorf (BL)","A Frenkendorf l'Iniziativa sulla neutralità non ottiene la maggioranza: 76,9 per cento di no. Sia Frenkendorf che il cantone Basilea Campagna hanno bocciato l'Iniziativa sulla neutralità.","https://thumb.wikimedia.org/wikipedia/commons/thumb/5/5e/CHE_Frenkendorf_COA.svg/500px-CHE_Frenkendorf_COA.svg.png"
2825,26.7,26.7,73.3,"Füllinsdorf (BL)","A Füllinsdorf, l'Iniziativa sulla neutralità è stata respinta con il 73,3 per cento. Sia Füllinsdorf che il cantone Basilea Campagna hanno bocciato l'Iniziativa sulla neutralità.","https://upload.wikimedia.org/wikipedia/commons/f/f5/Wappen_Fuellinsdorf.png"
2826,35.4,35.4,64.6,"Giebenach (BL)","Con il 64,6 per cento dei voti, l'Iniziativa sulla neutralità viene respinta a Giebenach. Sia Giebenach che il cantone Basilea Campagna hanno bocciato l'Iniziativa sulla neutralità.","https://thumb.wikimedia.org/wikipedia/commons/thumb/2/20/Coat_of_arms_of_Giebenach.svg/960px-Coat_of_arms_of_Giebenach.svg.png"
2827,33.3,33.3,66.7,"Hersberg (BL)","La popolazione di Hersberg respinge l'Iniziativa sulla neutralità con il 66,7 per cento. Sia Hersberg che il cantone Basilea Campagna hanno bocciato l'Iniziativa sulla neutralità.","https://thumb.wikimedia.org/wikipedia/commons/thumb/1/1a/Coat_of_arms_of_Hersberg.svg/960px-Coat_of_arms_of_Hersberg.svg.png"
2828,30.1,30.1,69.9,"Lausen (BL)","A Lausen l'Iniziativa sulla neutralità non ottiene la maggioranza: 69,9 per cento di no. Sia Lausen che il cantone Basilea Campagna hanno bocciato l'Iniziativa sulla neutralità.","https://thumb.wikimedia.org/wikipedia/commons/thumb/8/89/CHE_Lausen_BL_COA.svg/960px-CHE_Lausen_BL_COA.svg.png"
2829,21.9,21.9,78.1,"Liestal (BL)","Con il 78,1 per cento dei voti, Liestal ha respinto l'Iniziativa sulla neutralità. Sia Liestal che il cantone Basilea Campagna hanno bocciato l'Iniziativa sulla neutralità.","https://thumb.wikimedia.org/wikipedia/commons/thumb/8/82/Coat_of_arms_of_Liestal.svg/960px-Coat_of_arms_of_Liestal.svg.png"
2830,22.9,22.9,77.1,"Lupsingen (BL)","A Lupsingen l'Iniziativa sulla neutralità è stata respinta con il 77,1 per cento. Sia Lupsingen che il cantone Basilea Campagna hanno bocciato l'Iniziativa sulla neutralità.","https://upload.wikimedia.org/wikipedia/commons/5/5f/Wappen_Lupsingen.png"
2831,26.2,26.2,73.8,"Pratteln (BL)","Con il 73,8 per cento dei voti, l'Iniziativa sulla neutralità viene respinta a Pratteln. Sia Pratteln che il cantone Basilea Campagna hanno bocciato l'Iniziativa sulla neutralità.","https://thumb.wikimedia.org/wikipedia/commons/thumb/4/4a/Pratteln-coat_of_arms.svg/960px-Pratteln-coat_of_arms.svg.png"
2832,27.1,27.1,72.9,"Ramlinsburg (BL)","La popolazione di Ramlinsburg respinge l'Iniziativa sulla neutralità con il 72,9 per cento. Sia Ramlinsburg che il cantone Basilea Campagna hanno bocciato l'Iniziativa sulla neutralità.","https://thumb.wikimedia.org/wikipedia/commons/thumb/1/10/Coat_of_arms_of_Ramlinsburg.svg/960px-Coat_of_arms_of_Ramlinsburg.svg.png"
2833,24.3,24.3,75.7,"Seltisberg (BL)","Con il 75,7 per cento dei voti, l'Iniziativa sulla neutralità viene respinta a Seltisberg. Sia Seltisberg che il cantone Basilea Campagna hanno bocciato l'Iniziativa sulla neutralità.","https://thumb.wikimedia.org/wikipedia/commons/thumb/f/f9/Coat_of_arms_of_Seltisberg.svg/960px-Coat_of_arms_of_Seltisberg.svg.png"
2834,26.2,26.2,73.8,"Ziefen (BL)","Con il 73,8 per cento dei voti, l'Iniziativa sulla neutralità viene respinta a Ziefen. Sia Ziefen che il cantone Basilea Campagna hanno bocciato l'Iniziativa sulla neutralità.","https://thumb.wikimedia.org/wikipedia/commons/thumb/e/e4/CHE_Ziefen_COA.svg/960px-CHE_Ziefen_COA.svg.png"
2841,41.6,41.6,58.4,"Anwil (BL)","La popolazione di Anwil respinge l'Iniziativa sulla neutralità con il 58,4 per cento. Sia Anwil che il cantone Basilea Campagna hanno bocciato l'Iniziativa sulla neutralità.","https://thumb.wikimedia.org/wikipedia/commons/thumb/2/23/Coat_of_arms_of_Anwil.svg/960px-Coat_of_arms_of_Anwil.svg.png"
2842,27.5,27.5,72.5,"Böckten (BL)","La popolazione di Böckten respinge l'Iniziativa sulla neutralità con il 72,5 per cento. Sia Böckten che il cantone Basilea Campagna hanno bocciato l'Iniziativa sulla neutralità.","https://thumb.wikimedia.org/wikipedia/commons/thumb/7/7f/Coat_of_arms_of_Boeckten.svg/960px-Coat_of_arms_of_Boeckten.svg.png"
2843,27.1,27.1,72.9,"Buckten (BL)","Con il 72,9 per cento dei voti, Buckten ha respinto l'Iniziativa sulla neutralità. Sia Buckten che il cantone Basilea Campagna hanno bocciato l'Iniziativa sulla neutralità.","https://thumb.wikimedia.org/wikipedia/commons/thumb/3/39/Coat_of_arms_of_Buckten.svg/960px-Coat_of_arms_of_Buckten.svg.png"
2844,36.4,36.4,63.6,"Buus (BL)","La popolazione di Buus respinge l'Iniziativa sulla neutralità con il 63,6 per cento. Sia Buus che il cantone Basilea Campagna hanno bocciato l'Iniziativa sulla neutralità.","https://thumb.wikimedia.org/wikipedia/commons/thumb/5/50/CHE_Buus_COA.svg/960px-CHE_Buus_COA.svg.png"
2845,33.5,33.5,66.5,"Diepflingen (BL)","Con il 66,5 per cento dei voti, l'Iniziativa sulla neutralità viene respinta a Diepflingen. Sia Diepflingen che il cantone Basilea Campagna hanno bocciato l'Iniziativa sulla neutralità.","https://thumb.wikimedia.org/wikipedia/commons/thumb/5/5d/Coat_of_arms_of_Diepflingen.svg/960px-Coat_of_arms_of_Diepflingen.svg.png"
2846,23.4,23.4,76.6,"Gelterkinden (BL)","La popolazione di Gelterkinden respinge l'Iniziativa sulla neutralità con il 76,6 per cento. Sia Gelterkinden che il cantone Basilea Campagna hanno bocciato l'Iniziativa sulla neutralità.","https://thumb.wikimedia.org/wikipedia/commons/thumb/6/69/CHE_Gelterkinden_COA.svg/960px-CHE_Gelterkinden_COA.svg.png"
2847,35.5,35.5,64.5,"Häfelfingen (BL)","A Häfelfingen l'Iniziativa sulla neutralità è respinta con 60 contro 33 voti. Sia Häfelfingen che il cantone Basilea Campagna hanno bocciato l'Iniziativa sulla neutralità.","https://upload.wikimedia.org/wikipedia/commons/4/45/Haefelfingen-coat_of_arms.png"
2848,52.1,52.1,47.9,"Hemmiken (BL)","A Hemmiken, l'Iniziativa sulla neutralità è approvata con 49 voti contro 45. Hemmiken dice sì all'Iniziativa sulla neutralità, il cantone Basilea Campagna dice no.","https://thumb.wikimedia.org/wikipedia/commons/thumb/b/b8/Coat_of_arms_of_Hemmiken.svg/960px-Coat_of_arms_of_Hemmiken.svg.png"
2849,25.1,25.1,74.9,"Itingen (BL)","La popolazione di Itingen respinge l'Iniziativa sulla neutralità con il 74,9 per cento. Sia Itingen che il cantone Basilea Campagna hanno bocciato l'Iniziativa sulla neutralità.","https://thumb.wikimedia.org/wikipedia/commons/thumb/9/90/Wappen_Itingen.svg/500px-Wappen_Itingen.svg.png"
2850,33.3,33.3,66.7,"Känerkinden (BL)","A Känerkinden l'Iniziativa sulla neutralità è stata respinta con il 66,7 per cento. Sia Känerkinden che il cantone Basilea Campagna hanno bocciato l'Iniziativa sulla neutralità.","https://upload.wikimedia.org/wikipedia/commons/f/f5/Wappen_Kaenerkinden.png"
2851,23.8,23.8,76.2,"Kilchberg (BL)","A Kilchberg BL, l'Iniziativa sulla neutralità è stata respinta con 64 contro 20 voti. Sia Kilchberg BL che il cantone Basilea Campagna hanno bocciato l'Iniziativa sulla neutralità.","https://thumb.wikimedia.org/wikipedia/commons/thumb/7/7e/Coat_of_arms_of_Kilchberg_BL.svg/960px-Coat_of_arms_of_Kilchberg_BL.svg.png"
2852,35.1,35.1,64.9,"Läufelfingen (BL)","A Läufelfingen l'Iniziativa sulla neutralità non ottiene la maggioranza: 64,9 per cento di no. Sia Läufelfingen che il cantone Basilea Campagna hanno bocciato l'Iniziativa sulla neutralità.","https://upload.wikimedia.org/wikipedia/commons/2/2f/Wappen_Laeufelfingen.png"
2853,27.8,27.8,72.2,"Maisprach (BL)","La popolazione di Maisprach respinge l'Iniziativa sulla neutralità con il 72,2 per cento. Sia Maisprach che il cantone Basilea Campagna hanno bocciato l'Iniziativa sulla neutralità.","https://thumb.wikimedia.org/wikipedia/commons/thumb/6/61/Coat_of_arms_of_Maisprach.svg/960px-Coat_of_arms_of_Maisprach.svg.png"
2854,32.7,32.7,67.3,"Nusshof (BL)","A Nusshof, l'Iniziativa sulla neutralità è stata respinta con il 67,3 per cento. Sia Nusshof che il cantone Basilea Campagna hanno bocciato l'Iniziativa sulla neutralità.","https://thumb.wikimedia.org/wikipedia/commons/thumb/f/fa/Coat_of_arms_of_Nusshof.svg/960px-Coat_of_arms_of_Nusshof.svg.png"
2855,28.4,28.4,71.6,"Oltingen (BL)","Con il 71,6 per cento dei voti, l'Iniziativa sulla neutralità viene respinta a Oltingen. Sia Oltingen che il cantone Basilea Campagna hanno bocciato l'Iniziativa sulla neutralità.","https://thumb.wikimedia.org/wikipedia/commons/thumb/c/ce/Coat_of_arms_of_Oltingen.svg/960px-Coat_of_arms_of_Oltingen.svg.png"
2856,31.8,31.8,68.2,"Ormalingen (BL)","La popolazione di Ormalingen respinge l'Iniziativa sulla neutralità con il 68,2 per cento. Sia Ormalingen che il cantone Basilea Campagna hanno bocciato l'Iniziativa sulla neutralità.","https://thumb.wikimedia.org/wikipedia/commons/thumb/0/08/Coat_of_arms_of_Ormalingen.svg/960px-Coat_of_arms_of_Ormalingen.svg.png"
2857,35.8,35.8,64.2,"Rickenbach (BL)","A Rickenbach BL l'Iniziativa sulla neutralità è stata respinta con il 64,2 per cento. Sia Rickenbach BL che il cantone Basilea Campagna hanno bocciato l'Iniziativa sulla neutralità.","https://thumb.wikimedia.org/wikipedia/commons/thumb/d/da/Coat_of_arms_of_Rickenbach_BL.svg/960px-Coat_of_arms_of_Rickenbach_BL.svg.png"
2858,43.5,43.5,56.5,"Rothenfluh (BL)","La popolazione di Rothenfluh respinge l'Iniziativa sulla neutralità con il 56,5 per cento. Sia Rothenfluh che il cantone Basilea Campagna hanno bocciato l'Iniziativa sulla neutralità.","https://thumb.wikimedia.org/wikipedia/commons/thumb/4/4b/Coat_of_arms_of_Rothenfluh.svg/960px-Coat_of_arms_of_Rothenfluh.svg.png"
2859,51,51,49,"Rümlingen (BL)","A Rümlingen, l'Iniziativa sulla neutralità è approvata con il 51 per cento. Rümlingen dice sì all'Iniziativa sulla neutralità, il cantone Basilea Campagna dice no.","https://upload.wikimedia.org/wikipedia/commons/3/3c/Wappen_Ruemlingen.png"
2860,24.8,24.8,75.2,"Rünenberg (BL)","La popolazione di Rünenberg respinge l'Iniziativa sulla neutralità con il 75,2 per cento. Sia Rünenberg che il cantone Basilea Campagna hanno bocciato l'Iniziativa sulla neutralità.","https://thumb.wikimedia.org/wikipedia/commons/thumb/c/ce/Coat_of_arms_of_Ruenenberg.svg/960px-Coat_of_arms_of_Ruenenberg.svg.png"
2861,21.9,21.9,78.1,"Sissach (BL)","A Sissach l'Iniziativa sulla neutralità non ottiene la maggioranza: 78,1 per cento di no. Sia Sissach che il cantone Basilea Campagna hanno bocciato l'Iniziativa sulla neutralità.","https://upload.wikimedia.org/wikipedia/commons/9/95/Wappen_Sissach.png"
2862,28.9,28.9,71.1,"Tecknau (BL)","A Tecknau l'Iniziativa sulla neutralità è stata respinta con il 71,1 per cento. Sia Tecknau che il cantone Basilea Campagna hanno bocciato l'Iniziativa sulla neutralità.","https://thumb.wikimedia.org/wikipedia/commons/thumb/9/94/Coat_of_arms_of_Tecknau.svg/960px-Coat_of_arms_of_Tecknau.svg.png"
2863,35.1,35.1,64.9,"Tenniken (BL)","Con il 64,9 per cento dei voti, Tenniken ha respinto l'Iniziativa sulla neutralità. Sia Tenniken che il cantone Basilea Campagna hanno bocciato l'Iniziativa sulla neutralità.","https://thumb.wikimedia.org/wikipedia/commons/thumb/9/96/Coat_of_arms_of_Tenniken.svg/960px-Coat_of_arms_of_Tenniken.svg.png"
2864,31.8,31.8,68.2,"Thürnen (BL)","La popolazione di Thürnen respinge l'Iniziativa sulla neutralità con il 68,2 per cento. Sia Thürnen che il cantone Basilea Campagna hanno bocciato l'Iniziativa sulla neutralità.","https://thumb.wikimedia.org/wikipedia/commons/thumb/d/d0/CHE_Th%C3%BCrnen_COA.svg/960px-CHE_Th%C3%BCrnen_COA.svg.png"
2865,37.6,37.6,62.4,"Wenslingen (BL)","Con il 62,4 per cento dei voti, l'Iniziativa sulla neutralità viene respinta a Wenslingen. Sia Wenslingen che il cantone Basilea Campagna hanno bocciato l'Iniziativa sulla neutralità.","https://thumb.wikimedia.org/wikipedia/commons/thumb/4/4a/CHE_Wenslingen_COA.svg/960px-CHE_Wenslingen_COA.svg.png"
2866,45.2,45.2,54.8,"Wintersingen (BL)","La popolazione di Wintersingen respinge l'Iniziativa sulla neutralità con il 54,8 per cento. Sia Wintersingen che il cantone Basilea Campagna hanno bocciato l'Iniziativa sulla neutralità.","https://thumb.wikimedia.org/wikipedia/commons/thumb/b/b5/CHE_Wintersingen_COA.svg/960px-CHE_Wintersingen_COA.svg.png"
2867,36.2,36.2,63.8,"Wittinsburg (BL)","A Wittinsburg l'Iniziativa sulla neutralità non ottiene la maggioranza: 63,8 per cento di no. Sia Wittinsburg che il cantone Basilea Campagna hanno bocciato l'Iniziativa sulla neutralità.","https://thumb.wikimedia.org/wikipedia/commons/thumb/c/c7/Coat_of_arms_of_Wittinsburg.svg/960px-Coat_of_arms_of_Wittinsburg.svg.png"
2868,23,23,77,"Zeglingen (BL)","A Zeglingen l'Iniziativa sulla neutralità è stata respinta con il 77 per cento. Sia Zeglingen che il cantone Basilea Campagna hanno bocciato l'Iniziativa sulla neutralità.","https://thumb.wikimedia.org/wikipedia/commons/thumb/d/dc/Coat_of_arms_of_Zeglingen.svg/960px-Coat_of_arms_of_Zeglingen.svg.png"
2869,31.2,31.2,68.8,"Zunzgen (BL)","La popolazione di Zunzgen respinge l'Iniziativa sulla neutralità con il 68,8 per cento. Sia Zunzgen che il cantone Basilea Campagna hanno bocciato l'Iniziativa sulla neutralità.","https://thumb.wikimedia.org/wikipedia/commons/thumb/d/db/Coat_of_arms_of_Zunzgen.svg/960px-Coat_of_arms_of_Zunzgen.svg.png"
2881,40.4,40.4,59.6,"Arboldswil (BL)","A Arboldswil l'Iniziativa sulla neutralità è stata respinta con il 59,6 per cento. Sia Arboldswil che il cantone Basilea Campagna hanno bocciato l'Iniziativa sulla neutralità.","https://thumb.wikimedia.org/wikipedia/commons/thumb/e/e0/CHE_Arboldswil_COA.svg/960px-CHE_Arboldswil_COA.svg.png"
2882,45.5,45.5,54.5,"Bennwil (BL)","Con il 54,5 per cento dei voti, Bennwil ha respinto l'Iniziativa sulla neutralità. Sia Bennwil che il cantone Basilea Campagna hanno bocciato l'Iniziativa sulla neutralità.","https://thumb.wikimedia.org/wikipedia/commons/thumb/0/0f/CHE_Bennwil_COA.svg/960px-CHE_Bennwil_COA.svg.png"
2883,47.3,47.3,52.7,"Bretzwil (BL)","La popolazione di Bretzwil respinge l'Iniziativa sulla neutralità con il 52,7 per cento. Sia Bretzwil che il cantone Basilea Campagna hanno bocciato l'Iniziativa sulla neutralità.","https://thumb.wikimedia.org/wikipedia/commons/thumb/f/f8/Coat_of_arms_of_Bretzwil.svg/960px-Coat_of_arms_of_Bretzwil.svg.png"
2884,36.3,36.3,63.7,"Diegten (BL)","La popolazione di Diegten respinge l'Iniziativa sulla neutralità con il 63,7 per cento. Sia Diegten che il cantone Basilea Campagna hanno bocciato l'Iniziativa sulla neutralità.","https://upload.wikimedia.org/wikipedia/commons/7/72/Wappen_Diegten.png"
2885,44.3,44.3,55.7,"Eptingen (BL)","A Eptingen l'Iniziativa sulla neutralità è stata respinta con il 55,7 per cento. Sia Eptingen che il cantone Basilea Campagna hanno bocciato l'Iniziativa sulla neutralità.","https://thumb.wikimedia.org/wikipedia/commons/thumb/d/d5/Wappen_Eptingen.svg/960px-Wappen_Eptingen.svg.png"
2886,29.7,29.7,70.3,"Hölstein (BL)","A Hölstein, l'Iniziativa sulla neutralità è stata respinta con il 70,3 per cento. Sia Hölstein che il cantone Basilea Campagna hanno bocciato l'Iniziativa sulla neutralità.","https://thumb.wikimedia.org/wikipedia/commons/thumb/e/ee/Wappen_H%C3%B6lstein.svg/960px-Wappen_H%C3%B6lstein.svg.png"
2887,35.1,35.1,64.9,"Lampenberg (BL)","Con il 64,9 per cento dei voti, l'Iniziativa sulla neutralità viene respinta a Lampenberg. Sia Lampenberg che il cantone Basilea Campagna hanno bocciato l'Iniziativa sulla neutralità.","https://thumb.wikimedia.org/wikipedia/commons/thumb/b/bc/Coat_of_arms_of_Lampenberg.svg/960px-Coat_of_arms_of_Lampenberg.svg.png"
2888,42.2,42.2,57.8,"Langenbruck (BL)","Con il 57,8 per cento dei voti, Langenbruck ha respinto l'Iniziativa sulla neutralità. Sia Langenbruck che il cantone Basilea Campagna hanno bocciato l'Iniziativa sulla neutralità.","https://upload.wikimedia.org/wikipedia/commons/a/a3/Wappen_Langenbruck.png"
2889,37.5,37.5,62.5,"Lauwil (BL)","Con il 62,5 per cento dei voti, Lauwil ha respinto l'Iniziativa sulla neutralità. Sia Lauwil che il cantone Basilea Campagna hanno bocciato l'Iniziativa sulla neutralità.","https://thumb.wikimedia.org/wikipedia/commons/thumb/2/28/Coat_of_arms_of_Lauwil.svg/960px-Coat_of_arms_of_Lauwil.svg.png"
2890,50,50,50,"Liedertswil (BL)","A Liedertswil ci sono 26 voti a favore e altrettanti contrari all'Iniziativa sulla neutralità.","https://upload.wikimedia.org/wikipedia/commons/4/48/Wappen_Liedertswil.png"
2891,31.8,31.8,68.2,"Niederdorf (BL)","Con il 68,2 per cento dei voti, Niederdorf ha respinto l'Iniziativa sulla neutralità. Sia Niederdorf che il cantone Basilea Campagna hanno bocciato l'Iniziativa sulla neutralità.","https://thumb.wikimedia.org/wikipedia/commons/thumb/1/17/Coat_of_arms_of_Niederdorf_BL.svg/960px-Coat_of_arms_of_Niederdorf_BL.svg.png"
2892,29.9,29.9,70.1,"Oberdorf (BL)","La popolazione di Oberdorf BL respinge l'Iniziativa sulla neutralità con il 70,1 per cento. Sia Oberdorf BL che il cantone Basilea Campagna hanno bocciato l'Iniziativa sulla neutralità.","https://thumb.wikimedia.org/wikipedia/commons/thumb/b/be/Coat_of_arms_of_Oberdorf_BL.svg/960px-Coat_of_arms_of_Oberdorf_BL.svg.png"
2893,36.3,36.3,63.7,"Reigoldswil (BL)","A Reigoldswil l'Iniziativa sulla neutralità è stata respinta con il 63,7 per cento. Sia Reigoldswil che il cantone Basilea Campagna hanno bocciato l'Iniziativa sulla neutralità.","https://upload.wikimedia.org/wikipedia/commons/c/c0/Wappen_Reigoldswil.png"
2894,26.3,26.3,73.7,"Titterten (BL)","La popolazione di Titterten respinge l'Iniziativa sulla neutralità con il 73,7 per cento. Sia Titterten che il cantone Basilea Campagna hanno bocciato l'Iniziativa sulla neutralità.","https://upload.wikimedia.org/wikipedia/commons/d/d9/Wappen_Titterten.png"
2895,42,42,58,"Waldenburg (BL)","A Waldenburg l'Iniziativa sulla neutralità è stata respinta con il 58 per cento. Sia Waldenburg che il cantone Basilea Campagna hanno bocciato l'Iniziativa sulla neutralità.","https://thumb.wikimedia.org/wikipedia/commons/thumb/0/09/CHE_Waldenburg_BL_COA.svg/500px-CHE_Waldenburg_BL_COA.svg.png"
2901,43.3,43.3,56.7,"Gächlingen (SH)","La popolazione di Gächlingen respinge l'Iniziativa sulla neutralità con il 56,7 per cento. Sia Gächlingen che il cantone Sciaffusa hanno bocciato l'Iniziativa sulla neutralità.","https://thumb.wikimedia.org/wikipedia/commons/thumb/0/01/CHE_G%C3%A4chlingen_COA.svg/250px-CHE_G%C3%A4chlingen_COA.svg.png"
2903,39.1,39.1,60.9,"Löhningen (SH)","Con il 60,9 per cento dei voti, l'Iniziativa sulla neutralità viene respinta a Löhningen. Sia Löhningen che il cantone Sciaffusa hanno bocciato l'Iniziativa sulla neutralità.","https://thumb.wikimedia.org/wikipedia/commons/thumb/1/19/CHE_L%C3%B6hningen_COA.svg/500px-CHE_L%C3%B6hningen_COA.svg.png"
2904,38.3,38.3,61.7,"Neunkirch (SH)","A Neunkirch, l'Iniziativa sulla neutralità è stata respinta con il 61,7 per cento. Sia Neunkirch che il cantone Sciaffusa hanno bocciato l'Iniziativa sulla neutralità.","https://upload.wikimedia.org/wikipedia/commons/e/e9/Wappen_Neunkirch.png"
2914,64.4,64.4,35.6,"Büttenhardt (SH)","A Büttenhardt, l'Iniziativa sulla neutralità è approvata con il 64,4 per cento. Büttenhardt dice sì all'Iniziativa sulla neutralità, il cantone Sciaffusa dice no.","https://upload.wikimedia.org/wikipedia/commons/8/88/Wappen_B%C3%BCttenhardt.png"
2915,38.3,38.3,61.7,"Dörflingen (SH)","Con il 61,7 per cento dei voti, l'Iniziativa sulla neutralità viene respinta a Dörflingen. Sia Dörflingen che il cantone Sciaffusa hanno bocciato l'Iniziativa sulla neutralità.","https://thumb.wikimedia.org/wikipedia/commons/thumb/8/82/D%C3%B6rflingen-blazon.svg/250px-D%C3%B6rflingen-blazon.svg.png"
2917,35.3,35.3,64.7,"Lohn (SH)","La popolazione di Lohn SH respinge l'Iniziativa sulla neutralità con il 64,7 per cento. Sia Lohn SH che il cantone Sciaffusa hanno bocciato l'Iniziativa sulla neutralità.","https://upload.wikimedia.org/wikipedia/commons/5/5a/Wappen_Lohn.png"
2919,32.7,32.7,67.3,"Stetten (SH)","A Stetten SH l'Iniziativa sulla neutralità è stata respinta con il 67,3 per cento. Sia Stetten SH che il cantone Sciaffusa hanno bocciato l'Iniziativa sulla neutralità.","https://thumb.wikimedia.org/wikipedia/commons/thumb/a/a8/Stetten_SH-blazon.svg/250px-Stetten_SH-blazon.svg.png"
2920,44.1,44.1,55.9,"Thayngen (SH)","A Thayngen l'Iniziativa sulla neutralità non ottiene la maggioranza: 55,9 per cento di no. Sia Thayngen che il cantone Sciaffusa hanno bocciato l'Iniziativa sulla neutralità.","https://thumb.wikimedia.org/wikipedia/commons/thumb/4/40/Thayngen_Wappen.svg/500px-Thayngen_Wappen.svg.png"
2931,47.8,47.8,52.2,"Bargen (SH)","A Bargen SH l'Iniziativa sulla neutralità è stata respinta con il 52,2 per cento. Sia Bargen SH che il cantone Sciaffusa hanno bocciato l'Iniziativa sulla neutralità.","https://thumb.wikimedia.org/wikipedia/commons/thumb/e/e5/CHE_Bargen_SH_COA.svg/500px-CHE_Bargen_SH_COA.svg.png"
2932,37.6,37.6,62.4,"Beringen (SH)","La popolazione di Beringen respinge l'Iniziativa sulla neutralità con il 62,4 per cento. Sia Beringen che il cantone Sciaffusa hanno bocciato l'Iniziativa sulla neutralità.","https://upload.wikimedia.org/wikipedia/commons/f/f2/Wappen_Beringen.png"
2933,32.3,32.3,67.7,"Buchberg (SH)","La popolazione di Buchberg respinge l'Iniziativa sulla neutralità con il 67,7 per cento. Sia Buchberg che il cantone Sciaffusa hanno bocciato l'Iniziativa sulla neutralità.","https://thumb.wikimedia.org/wikipedia/commons/thumb/5/5b/Buchberg-blazon.svg/250px-Buchberg-blazon.svg.png"
2936,41.5,41.5,58.5,"Merishausen (SH)","Con il 58,5 per cento dei voti, Merishausen ha respinto l'Iniziativa sulla neutralità. Sia Merishausen che il cantone Sciaffusa hanno bocciato l'Iniziativa sulla neutralità.","https://thumb.wikimedia.org/wikipedia/commons/thumb/6/67/Merishausen-blazon.svg/250px-Merishausen-blazon.svg.png"
2937,39.4,39.4,60.6,"Neuhausen am Rheinfall (SH)","La popolazione di Neuhausen am Rheinfall respinge l'Iniziativa sulla neutralità con il 60,6 per cento. Sia Neuhausen am Rheinfall che il cantone Sciaffusa hanno bocciato l'Iniziativa sulla neutralità.","https://thumb.wikimedia.org/wikipedia/commons/thumb/1/18/Neuhausen_am_Rheinfall-coat_of_arms.svg/500px-Neuhausen_am_Rheinfall-coat_of_arms.svg.png"
2938,37.5,37.5,62.5,"Rüdlingen (SH)","A Rüdlingen, l'Iniziativa sulla neutralità è stata respinta con il 62,5 per cento. Sia Rüdlingen che il cantone Sciaffusa hanno bocciato l'Iniziativa sulla neutralità.","https://thumb.wikimedia.org/wikipedia/commons/thumb/8/80/R%C3%BCdlingen-blazon.svg/250px-R%C3%BCdlingen-blazon.svg.png"
2939,31.5,31.5,68.5,"Sciaffusa (SH)","A Sciaffusa, l'Iniziativa sulla neutralità è stata respinta con il 68,5 per cento. Sia Sciaffusa che il cantone Sciaffusa hanno bocciato l'Iniziativa sulla neutralità.","https://thumb.wikimedia.org/wikipedia/commons/thumb/e/e6/CHE_Schaffhausen_%28Stadt%29_COA.svg/500px-CHE_Schaffhausen_%28Stadt%29_COA.svg.png"
2951,63.8,63.8,36.2,"Beggingen (SH)","La popolazione di Beggingen approva l'Iniziativa sulla neutralità con il 63,8 per cento. Beggingen dice sì all'Iniziativa sulla neutralità, il cantone Sciaffusa dice no.","https://thumb.wikimedia.org/wikipedia/commons/thumb/c/cf/Beggingen-blazon.svg/250px-Beggingen-blazon.svg.png"
2952,46.2,46.2,53.8,"Schleitheim (SH)","Con il 53,8 per cento dei voti, l'Iniziativa sulla neutralità viene respinta a Schleitheim. Sia Schleitheim che il cantone Sciaffusa hanno bocciato l'Iniziativa sulla neutralità.","https://thumb.wikimedia.org/wikipedia/commons/thumb/a/aa/CHE_Schleitheim_COA.svg/500px-CHE_Schleitheim_COA.svg.png"
2953,42.3,42.3,57.7,"Siblingen (SH)","La popolazione di Siblingen respinge l'Iniziativa sulla neutralità con il 57,7 per cento. Sia Siblingen che il cantone Sciaffusa hanno bocciato l'Iniziativa sulla neutralità.","https://upload.wikimedia.org/wikipedia/commons/5/51/Wappen_Siblingen.png"
2961,43,43,57,"Buch (SH)","A Buch SH l'Iniziativa sulla neutralità non ottiene la maggioranza: 57 per cento di no. Sia Buch SH che il cantone Sciaffusa hanno bocciato l'Iniziativa sulla neutralità.","https://upload.wikimedia.org/wikipedia/commons/5/51/Wappen_Buch.png"
2962,46.5,46.5,53.5,"Hemishofen (SH)","Con il 53,5 per cento dei voti, Hemishofen ha respinto l'Iniziativa sulla neutralità. Sia Hemishofen che il cantone Sciaffusa hanno bocciato l'Iniziativa sulla neutralità.","https://thumb.wikimedia.org/wikipedia/commons/thumb/3/3c/Hemishofen-blazon.svg/250px-Hemishofen-blazon.svg.png"
2963,43,43,57,"Ramsen (SH)","La popolazione di Ramsen respinge l'Iniziativa sulla neutralità con il 57 per cento. Sia Ramsen che il cantone Sciaffusa hanno bocciato l'Iniziativa sulla neutralità.","https://upload.wikimedia.org/wikipedia/commons/c/c3/Wappen_Ramsen.png"
2964,36.6,36.6,63.4,"Stein am Rhein (SH)","A Stein am Rhein l'Iniziativa sulla neutralità non ottiene la maggioranza: 63,4 per cento di no. Sia Stein am Rhein che il cantone Sciaffusa hanno bocciato l'Iniziativa sulla neutralità.","https://thumb.wikimedia.org/wikipedia/commons/thumb/8/8a/Stein_am_Rhein-coat_of_arms.svg/500px-Stein_am_Rhein-coat_of_arms.svg.png"
2971,36.6,36.6,63.4,"Hallau (SH)","A Hallau l'Iniziativa sulla neutralità è stata respinta con il 63,4 per cento. Sia Hallau che il cantone Sciaffusa hanno bocciato l'Iniziativa sulla neutralità.","https://thumb.wikimedia.org/wikipedia/commons/thumb/8/89/Hallau-blazon.svg/250px-Hallau-blazon.svg.png"
2972,42.7,42.7,57.3,"Oberhallau (SH)","La popolazione di Oberhallau respinge l'Iniziativa sulla neutralità con il 57,3 per cento. Sia Oberhallau che il cantone Sciaffusa hanno bocciato l'Iniziativa sulla neutralità.","https://thumb.wikimedia.org/wikipedia/commons/thumb/c/c8/Oberhallau-blazon.svg/250px-Oberhallau-blazon.svg.png"
2973,47.3,47.3,52.7,"Trasadingen (SH)","A Trasadingen l'Iniziativa sulla neutralità è stata respinta con il 52,7 per cento. Sia Trasadingen che il cantone Sciaffusa hanno bocciato l'Iniziativa sulla neutralità.","https://upload.wikimedia.org/wikipedia/commons/0/03/Wappen_Trasadingen.png"
2974,42.4,42.4,57.6,"Wilchingen (SH)","Con il 57,6 per cento dei voti, Wilchingen ha respinto l'Iniziativa sulla neutralità. Sia Wilchingen che il cantone Sciaffusa hanno bocciato l'Iniziativa sulla neutralità.","https://upload.wikimedia.org/wikipedia/commons/4/41/Wappen_Wilchingen.png"
3001,32.8,32.8,67.2,"Herisau (AR)","Con il 67,2 per cento dei voti, l'Iniziativa sulla neutralità viene respinta a Herisau. Sia Herisau che il cantone Appenzello Esterno hanno bocciato l'Iniziativa sulla neutralità.","https://thumb.wikimedia.org/wikipedia/commons/thumb/9/97/CHE_Herisau_COA.svg/250px-CHE_Herisau_COA.svg.png"
3002,59,59,41,"Hundwil (AR)","A Hundwil l'Iniziativa sulla neutralità è stata approvata con il 59 per cento. Hundwil dice sì all'Iniziativa sulla neutralità, il cantone Appenzello Esterno dice no.","https://thumb.wikimedia.org/wikipedia/commons/thumb/2/2e/CHE_Hundwil_COA.svg/960px-CHE_Hundwil_COA.svg.png"
3003,53.4,53.4,46.6,"Schönengrund (AR)","Sì all'Iniziativa sulla neutralità a Schönengrund con il 53,4 per cento. Schönengrund dice sì all'Iniziativa sulla neutralità, il cantone Appenzello Esterno dice no.","https://thumb.wikimedia.org/wikipedia/commons/thumb/4/4c/CHE_Sch%C3%B6nengrund_COA.svg/500px-CHE_Sch%C3%B6nengrund_COA.svg.png"
3004,51.7,51.7,48.3,"Schwellbrunn (AR)","A Schwellbrunn, l'Iniziativa sulla neutralità è approvata con il 51,7 per cento. Schwellbrunn dice sì all'Iniziativa sulla neutralità, il cantone Appenzello Esterno dice no.","https://thumb.wikimedia.org/wikipedia/commons/thumb/d/d2/Schwellbrunn-blazon.svg/250px-Schwellbrunn-blazon.svg.png"
3005,36.2,36.2,63.8,"Stein (AR)","A Stein AR l'Iniziativa sulla neutralità non ottiene la maggioranza: 63,8 per cento di no. Sia Stein AR che il cantone Appenzello Esterno hanno bocciato l'Iniziativa sulla neutralità.","https://thumb.wikimedia.org/wikipedia/commons/thumb/9/92/CHE_Stein_AR_COA.svg/500px-CHE_Stein_AR_COA.svg.png"
3006,49.1,49.1,50.9,"Urnäsch (AR)","A Urnäsch, l'Iniziativa sulla neutralità è stata respinta con il 50,9 per cento. Sia Urnäsch che il cantone Appenzello Esterno hanno bocciato l'Iniziativa sulla neutralità.","https://thumb.wikimedia.org/wikipedia/commons/thumb/a/a1/Urn%C3%A4sch_wappen.svg/250px-Urn%C3%A4sch_wappen.svg.png"
3007,35.1,35.1,64.9,"Waldstatt (AR)","A Waldstatt l'Iniziativa sulla neutralità è stata respinta con il 64,9 per cento. Sia Waldstatt che il cantone Appenzello Esterno hanno bocciato l'Iniziativa sulla neutralità.","https://thumb.wikimedia.org/wikipedia/commons/thumb/b/bb/CHE_Waldstatt_COA.svg/960px-CHE_Waldstatt_COA.svg.png"
3021,38,38,62,"Bühler (AR)","Con il 62 per cento dei voti, Bühler ha respinto l'Iniziativa sulla neutralità. Sia Bühler che il cantone Appenzello Esterno hanno bocciato l'Iniziativa sulla neutralità.","https://thumb.wikimedia.org/wikipedia/commons/thumb/c/c2/CHE_B%C3%BChler_COA.svg/500px-CHE_B%C3%BChler_COA.svg.png"
3022,34.2,34.2,65.8,"Gais (AR)","La popolazione di Gais respinge l'Iniziativa sulla neutralità con il 65,8 per cento. Sia Gais che il cantone Appenzello Esterno hanno bocciato l'Iniziativa sulla neutralità.","https://thumb.wikimedia.org/wikipedia/commons/thumb/0/07/CHE_Gais_COA.svg/960px-CHE_Gais_COA.svg.png"
3023,25,25,75,"Speicher (AR)","Con il 75 per cento dei voti, Speicher ha respinto l'Iniziativa sulla neutralità. Sia Speicher che il cantone Appenzello Esterno hanno bocciato l'Iniziativa sulla neutralità.","https://thumb.wikimedia.org/wikipedia/commons/thumb/5/55/CHE_Speicher_COA.svg/960px-CHE_Speicher_COA.svg.png"
3024,28.6,28.6,71.4,"Teufen (AR)","A Teufen AR l'Iniziativa sulla neutralità non ottiene la maggioranza: 71,4 per cento di no. Sia Teufen AR che il cantone Appenzello Esterno hanno bocciato l'Iniziativa sulla neutralità.","https://thumb.wikimedia.org/wikipedia/commons/thumb/4/40/Teufen_wappen.svg/500px-Teufen_wappen.svg.png"
3025,26,26,74,"Trogen (AR)","A Trogen, l'Iniziativa sulla neutralità è stata respinta con il 74 per cento. Sia Trogen che il cantone Appenzello Esterno hanno bocciato l'Iniziativa sulla neutralità.","https://thumb.wikimedia.org/wikipedia/commons/thumb/1/12/Trogen_AR_Wappen.svg/960px-Trogen_AR_Wappen.svg.png"
3031,39.5,39.5,60.5,"Grub (AR)","Con il 60,5 per cento dei voti, l'Iniziativa sulla neutralità viene respinta a Grub AR. Sia Grub AR che il cantone Appenzello Esterno hanno bocciato l'Iniziativa sulla neutralità.","https://thumb.wikimedia.org/wikipedia/commons/thumb/c/ca/CHE_Grub_AR_COA.svg/500px-CHE_Grub_AR_COA.svg.png"
3032,31.2,31.2,68.8,"Heiden (AR)","Con il 68,8 per cento dei voti, Heiden ha respinto l'Iniziativa sulla neutralità. Sia Heiden che il cantone Appenzello Esterno hanno bocciato l'Iniziativa sulla neutralità.","https://thumb.wikimedia.org/wikipedia/commons/thumb/a/a3/CHE_Heiden_COA.svg/500px-CHE_Heiden_COA.svg.png"
3033,38,38,62,"Lutzenberg (AR)","La popolazione di Lutzenberg respinge l'Iniziativa sulla neutralità con il 62 per cento. Sia Lutzenberg che il cantone Appenzello Esterno hanno bocciato l'Iniziativa sulla neutralità.","https://thumb.wikimedia.org/wikipedia/commons/thumb/1/19/CHE_Lutzenberg_COA.svg/500px-CHE_Lutzenberg_COA.svg.png"
3034,30.9,30.9,69.1,"Rehetobel (AR)","La popolazione di Rehetobel respinge l'Iniziativa sulla neutralità con il 69,1 per cento. Sia Rehetobel che il cantone Appenzello Esterno hanno bocciato l'Iniziativa sulla neutralità.","https://thumb.wikimedia.org/wikipedia/commons/thumb/2/2f/CHE_Rehetobel_COA.svg/960px-CHE_Rehetobel_COA.svg.png"
3035,40.4,40.4,59.6,"Reute (AR)","A Reute AR l'Iniziativa sulla neutralità non ottiene la maggioranza: 59,6 per cento di no. Sia Reute AR che il cantone Appenzello Esterno hanno bocciato l'Iniziativa sulla neutralità.","https://thumb.wikimedia.org/wikipedia/commons/thumb/b/b7/CHE_Reute_COA.svg/500px-CHE_Reute_COA.svg.png"
3036,39.1,39.1,60.9,"Wald (AR)","A Wald AR l'Iniziativa sulla neutralità è stata respinta con il 60,9 per cento. Sia Wald AR che il cantone Appenzello Esterno hanno bocciato l'Iniziativa sulla neutralità.","https://thumb.wikimedia.org/wikipedia/commons/thumb/e/e0/CHE_Wald_AR_COA.svg/500px-CHE_Wald_AR_COA.svg.png"
3037,43.2,43.2,56.8,"Walzenhausen (AR)","A Walzenhausen l'Iniziativa sulla neutralità non ottiene la maggioranza: 56,8 per cento di no. Sia Walzenhausen che il cantone Appenzello Esterno hanno bocciato l'Iniziativa sulla neutralità.","https://thumb.wikimedia.org/wikipedia/commons/thumb/8/84/CHE_Walzenhausen_COA.svg/500px-CHE_Walzenhausen_COA.svg.png"
3038,44.3,44.3,55.7,"Wolfhalden (AR)","Con il 55,7 per cento dei voti, Wolfhalden ha respinto l'Iniziativa sulla neutralità. Sia Wolfhalden che il cantone Appenzello Esterno hanno bocciato l'Iniziativa sulla neutralità.","https://thumb.wikimedia.org/wikipedia/commons/thumb/b/b3/CHE_Wolfhalden_COA.svg/500px-CHE_Wolfhalden_COA.svg.png"
3101,34.8,34.8,65.2,"Appenzello (AI)","La popolazione di Appenzello respinge l'Iniziativa sulla neutralità con il 65,2 per cento. Sia Appenzello che il cantone Appenzello Interno hanno bocciato l'Iniziativa sulla neutralità.","https://thumb.wikimedia.org/wikipedia/commons/thumb/0/08/Appenzell-blazon.svg/250px-Appenzell-blazon.svg.png"
3102,50.2,50.2,49.8,"Gonten (AI)","La popolazione di Gonten approva l'Iniziativa sulla neutralità con il 50,2 per cento. Gonten dice sì all'Iniziativa sulla neutralità, il cantone Appenzello Interno dice no.","https://thumb.wikimedia.org/wikipedia/commons/thumb/2/27/Gonten-blazon.svg/250px-Gonten-blazon.svg.png"
3104,45.6,45.6,54.4,"Schlatt-Haslen (AI)","La popolazione di Schlatt-Haslen respinge l'Iniziativa sulla neutralità con il 54,4 per cento. Sia Schlatt-Haslen che il cantone Appenzello Interno hanno bocciato l'Iniziativa sulla neutralità.","https://thumb.wikimedia.org/wikipedia/commons/thumb/0/03/CHE_Schlatt-Haslen_COA.svg/250px-CHE_Schlatt-Haslen_COA.svg.png"
3111,41.2,41.2,58.8,"Oberegg (AI)","La popolazione di Oberegg respinge l'Iniziativa sulla neutralità con il 58,8 per cento. Sia Oberegg che il cantone Appenzello Interno hanno bocciato l'Iniziativa sulla neutralità.","https://thumb.wikimedia.org/wikipedia/commons/thumb/5/5c/CHE_Oberegg_COA.svg/960px-CHE_Oberegg_COA.svg.png"
3112,42.5,42.5,57.5,"Schwende-Rüti (AI)","Con il 57,5 per cento dei voti, l'Iniziativa sulla neutralità viene respinta a Schwende-Rüti. Sia Schwende-Rüti che il cantone Appenzello Interno hanno bocciato l'Iniziativa sulla neutralità.","https://thumb.wikimedia.org/wikipedia/commons/thumb/0/08/CHE_Schwende-R%C3%BCte_COA.svg/250px-CHE_Schwende-R%C3%BCte_COA.svg.png"
3201,35.3,35.3,64.7,"Häggenschwil (SG)","Con il 64,7 per cento dei voti, l'Iniziativa sulla neutralità viene respinta a Häggenschwil. Sia Häggenschwil che il cantone San Gallo hanno bocciato l'Iniziativa sulla neutralità.","https://thumb.wikimedia.org/wikipedia/commons/thumb/1/1b/H%C3%A4ggenschwil-blazon.svg/250px-H%C3%A4ggenschwil-blazon.svg.png"
3202,37,37,63,"Muolen (SG)","A Muolen, l'Iniziativa sulla neutralità è stata respinta con il 63 per cento. Sia Muolen che il cantone San Gallo hanno bocciato l'Iniziativa sulla neutralità.","https://thumb.wikimedia.org/wikipedia/commons/thumb/a/a5/Muolen-coat_of_arms.svg/960px-Muolen-coat_of_arms.svg.png"
3203,22.1,22.1,77.9,"San Gallo (SG)","La popolazione di San Gallo respinge l'Iniziativa sulla neutralità con il 77,9 per cento. Sia San Gallo che il cantone San Gallo hanno bocciato l'Iniziativa sulla neutralità.","https://thumb.wikimedia.org/wikipedia/commons/thumb/9/90/CHE_St._Gallen_COA.svg/960px-CHE_St._Gallen_COA.svg.png"
3204,32.2,32.2,67.8,"Wittenbach (SG)","Con il 67,8 per cento dei voti, l'Iniziativa sulla neutralità viene respinta a Wittenbach. Sia Wittenbach che il cantone San Gallo hanno bocciato l'Iniziativa sulla neutralità.","https://thumb.wikimedia.org/wikipedia/commons/thumb/2/21/Wittenbach-blazon.svg/250px-Wittenbach-blazon.svg.png"
3211,32.3,32.3,67.7,"Berg (SG)","A Berg SG, l'Iniziativa sulla neutralità è stata respinta con il 67,7 per cento. Sia Berg SG che il cantone San Gallo hanno bocciato l'Iniziativa sulla neutralità.","https://thumb.wikimedia.org/wikipedia/commons/thumb/5/5e/Berg_SG-blazon.svg/250px-Berg_SG-blazon.svg.png"
3212,31.8,31.8,68.2,"Eggersriet (SG)","Con il 68,2 per cento dei voti, Eggersriet ha respinto l'Iniziativa sulla neutralità. Sia Eggersriet che il cantone San Gallo hanno bocciato l'Iniziativa sulla neutralità.","https://thumb.wikimedia.org/wikipedia/commons/thumb/9/91/Eggersriet-blazon.svg/250px-Eggersriet-blazon.svg.png"
3213,30.5,30.5,69.5,"Goldach (SG)","A Goldach l'Iniziativa sulla neutralità è stata respinta con il 69,5 per cento. Sia Goldach che il cantone San Gallo hanno bocciato l'Iniziativa sulla neutralità.","https://thumb.wikimedia.org/wikipedia/commons/thumb/c/c3/Goldach-blazon.svg/250px-Goldach-blazon.svg.png"
3214,28.3,28.3,71.7,"Mörschwil (SG)","La popolazione di Mörschwil respinge l'Iniziativa sulla neutralità con il 71,7 per cento. Sia Mörschwil che il cantone San Gallo hanno bocciato l'Iniziativa sulla neutralità.","https://thumb.wikimedia.org/wikipedia/commons/thumb/0/0d/M%C3%B6rschwil-blazon.svg/250px-M%C3%B6rschwil-blazon.svg.png"
3215,31.6,31.6,68.4,"Rorschach (SG)","A Rorschach l'Iniziativa sulla neutralità è stata respinta con il 68,4 per cento. Sia Rorschach che il cantone San Gallo hanno bocciato l'Iniziativa sulla neutralità.","https://thumb.wikimedia.org/wikipedia/commons/thumb/3/3c/CHE_Rorschach_COA.svg/250px-CHE_Rorschach_COA.svg.png"
3216,33.1,33.1,66.9,"Rorschacherberg (SG)","Con il 66,9 per cento dei voti, Rorschacherberg ha respinto l'Iniziativa sulla neutralità. Sia Rorschacherberg che il cantone San Gallo hanno bocciato l'Iniziativa sulla neutralità.","https://thumb.wikimedia.org/wikipedia/commons/thumb/8/8b/Rorschacherberg-blazon.svg/250px-Rorschacherberg-blazon.svg.png"
3217,32.7,32.7,67.3,"Steinach (SG)","Con il 67,3 per cento dei voti, l'Iniziativa sulla neutralità viene respinta a Steinach. Sia Steinach che il cantone San Gallo hanno bocciato l'Iniziativa sulla neutralità.","https://thumb.wikimedia.org/wikipedia/commons/thumb/5/54/Steinach-blazon.svg/250px-Steinach-blazon.svg.png"
3218,36.6,36.6,63.4,"Tübach (SG)","Con il 63,4 per cento dei voti, l'Iniziativa sulla neutralità viene respinta a Tübach. Sia Tübach che il cantone San Gallo hanno bocciato l'Iniziativa sulla neutralità.","https://thumb.wikimedia.org/wikipedia/commons/thumb/6/6d/T%C3%BCbach-blazon.svg/250px-T%C3%BCbach-blazon.svg.png"
3219,35.6,35.6,64.4,"Untereggen (SG)","Con il 64,4 per cento dei voti, Untereggen ha respinto l'Iniziativa sulla neutralità. Sia Untereggen che il cantone San Gallo hanno bocciato l'Iniziativa sulla neutralità.","https://thumb.wikimedia.org/wikipedia/commons/thumb/3/33/Untereggen-blazon.svg/250px-Untereggen-blazon.svg.png"
3231,38.4,38.4,61.6,"Au (SG)","La popolazione di Au SG respinge l'Iniziativa sulla neutralità con il 61,6 per cento. Sia Au SG che il cantone San Gallo hanno bocciato l'Iniziativa sulla neutralità.","https://thumb.wikimedia.org/wikipedia/commons/thumb/b/b6/Wappen_Au_Kanton_St._Gallen.svg/250px-Wappen_Au_Kanton_St._Gallen.svg.png"
3232,34.1,34.1,65.9,"Balgach (SG)","A Balgach l'Iniziativa sulla neutralità è stata respinta con il 65,9 per cento. Sia Balgach che il cantone San Gallo hanno bocciato l'Iniziativa sulla neutralità.","https://thumb.wikimedia.org/wikipedia/commons/thumb/8/82/Balgach-blazon.svg/250px-Balgach-blazon.svg.png"
3233,37.2,37.2,62.8,"Berneck (SG)","A Berneck l'Iniziativa sulla neutralità non ottiene la maggioranza: 62,8 per cento di no. Sia Berneck che il cantone San Gallo hanno bocciato l'Iniziativa sulla neutralità.","https://thumb.wikimedia.org/wikipedia/commons/thumb/1/1a/Berneck-blazon.svg/250px-Berneck-blazon.svg.png"
3234,35.3,35.3,64.7,"Diepoldsau (SG)","A Diepoldsau, l'Iniziativa sulla neutralità è stata respinta con il 64,7 per cento. Sia Diepoldsau che il cantone San Gallo hanno bocciato l'Iniziativa sulla neutralità.","https://upload.wikimedia.org/wikipedia/commons/f/fe/Coat_Diepoldsau.gif"
3235,40.5,40.5,59.5,"Rheineck (SG)","A Rheineck l'Iniziativa sulla neutralità è stata respinta con il 59,5 per cento. Sia Rheineck che il cantone San Gallo hanno bocciato l'Iniziativa sulla neutralità.","https://thumb.wikimedia.org/wikipedia/commons/thumb/b/ba/Rheineck-coat_of_arms.svg/500px-Rheineck-coat_of_arms.svg.png"
3236,41.5,41.5,58.5,"St. Margrethen (SG)","La popolazione di St. Margrethen respinge l'Iniziativa sulla neutralità con il 58,5 per cento. Sia St. Margrethen che il cantone San Gallo hanno bocciato l'Iniziativa sulla neutralità.","https://thumb.wikimedia.org/wikipedia/commons/thumb/7/75/StMargrethen-blazon.svg/250px-StMargrethen-blazon.svg.png"
3237,38.3,38.3,61.7,"Thal (SG)","A Thal l'Iniziativa sulla neutralità è stata respinta con il 61,7 per cento. Sia Thal che il cantone San Gallo hanno bocciato l'Iniziativa sulla neutralità.","https://thumb.wikimedia.org/wikipedia/commons/thumb/4/4f/Thal_SG-blazon.svg/250px-Thal_SG-blazon.svg.png"
3238,38.8,38.8,61.2,"Widnau (SG)","A Widnau l'Iniziativa sulla neutralità non ottiene la maggioranza: 61,2 per cento di no. Sia Widnau che il cantone San Gallo hanno bocciato l'Iniziativa sulla neutralità.","https://thumb.wikimedia.org/wikipedia/commons/thumb/b/b8/Widnau-blazon.svg/250px-Widnau-blazon.svg.png"
3251,39.9,39.9,60.1,"Altstätten (SG)","A Altstätten l'Iniziativa sulla neutralità è stata respinta con il 60,1 per cento. Sia Altstätten che il cantone San Gallo hanno bocciato l'Iniziativa sulla neutralità.","https://thumb.wikimedia.org/wikipedia/commons/thumb/2/2e/CHE_Altst%C3%A4tten_SG_COA.svg/500px-CHE_Altst%C3%A4tten_SG_COA.svg.png"
3252,51.7,51.7,48.3,"Eichberg (SG)","A Eichberg, l'Iniziativa sulla neutralità è approvata con il 51,7 per cento. Eichberg dice sì all'Iniziativa sulla neutralità, il cantone San Gallo dice no.","https://thumb.wikimedia.org/wikipedia/commons/thumb/0/09/CHE_Eichberg_COA.svg/500px-CHE_Eichberg_COA.svg.png"
3253,37.1,37.1,62.9,"Marbach (SG)","Con il 62,9 per cento dei voti, l'Iniziativa sulla neutralità viene respinta a Marbach SG. Sia Marbach SG che il cantone San Gallo hanno bocciato l'Iniziativa sulla neutralità.","https://thumb.wikimedia.org/wikipedia/commons/thumb/1/1e/Marbach-blazon.svg/250px-Marbach-blazon.svg.png"
3254,47.3,47.3,52.7,"Oberriet (SG)","Con il 52,7 per cento dei voti, Oberriet SG ha respinto l'Iniziativa sulla neutralità. Sia Oberriet SG che il cantone San Gallo hanno bocciato l'Iniziativa sulla neutralità.","https://thumb.wikimedia.org/wikipedia/commons/thumb/2/2d/Oberriet-blazon.svg/250px-Oberriet-blazon.svg.png"
3255,40.6,40.6,59.4,"Rebstein (SG)","A Rebstein l'Iniziativa sulla neutralità non ottiene la maggioranza: 59,4 per cento di no. Sia Rebstein che il cantone San Gallo hanno bocciato l'Iniziativa sulla neutralità.","https://thumb.wikimedia.org/wikipedia/commons/thumb/1/12/Rebstein-blazon.svg/250px-Rebstein-blazon.svg.png"
3256,44.1,44.1,55.9,"Rüthi (SG)","La popolazione di Rüthi SG respinge l'Iniziativa sulla neutralità con il 55,9 per cento. Sia Rüthi SG che il cantone San Gallo hanno bocciato l'Iniziativa sulla neutralità.","https://thumb.wikimedia.org/wikipedia/commons/thumb/7/77/R%C3%BCthi-blazon.svg/250px-R%C3%BCthi-blazon.svg.png"
3271,34.1,34.1,65.9,"Buchs (SG)","Con il 65,9 per cento dei voti, l'Iniziativa sulla neutralità viene respinta a Buchs SG. Sia Buchs SG che il cantone San Gallo hanno bocciato l'Iniziativa sulla neutralità.","https://thumb.wikimedia.org/wikipedia/commons/thumb/e/e8/CHE_Buchs_SG_COA.svg/500px-CHE_Buchs_SG_COA.svg.png"
3272,35.5,35.5,64.5,"Gams (SG)","La popolazione di Gams respinge l'Iniziativa sulla neutralità con il 64,5 per cento. Sia Gams che il cantone San Gallo hanno bocciato l'Iniziativa sulla neutralità.","https://thumb.wikimedia.org/wikipedia/commons/thumb/c/c1/Gams-blazon.svg/250px-Gams-blazon.svg.png"
3273,34.9,34.9,65.1,"Grabs (SG)","A Grabs, l'Iniziativa sulla neutralità è stata respinta con il 65,1 per cento. Sia Grabs che il cantone San Gallo hanno bocciato l'Iniziativa sulla neutralità.","https://thumb.wikimedia.org/wikipedia/commons/thumb/7/77/Grabs-blazon.svg/250px-Grabs-blazon.svg.png"
3274,42,42,58,"Sennwald (SG)","La popolazione di Sennwald respinge l'Iniziativa sulla neutralità con il 58 per cento. Sia Sennwald che il cantone San Gallo hanno bocciato l'Iniziativa sulla neutralità.","https://thumb.wikimedia.org/wikipedia/commons/thumb/4/45/CHE_Sennwald_COA.svg/500px-CHE_Sennwald_COA.svg.png"
3275,41,41,59,"Sevelen (SG)","Con il 59 per cento dei voti, l'Iniziativa sulla neutralità viene respinta a Sevelen. Sia Sevelen che il cantone San Gallo hanno bocciato l'Iniziativa sulla neutralità.","https://thumb.wikimedia.org/wikipedia/commons/thumb/2/23/CHE_Sevelen_COA.svg/500px-CHE_Sevelen_COA.svg.png"
3276,39.3,39.3,60.7,"Wartau (SG)","A Wartau l'Iniziativa sulla neutralità è stata respinta con il 60,7 per cento. Sia Wartau che il cantone San Gallo hanno bocciato l'Iniziativa sulla neutralità.","https://thumb.wikimedia.org/wikipedia/commons/thumb/a/ac/CHE_Wartau_COA.svg/960px-CHE_Wartau_COA.svg.png"
3291,31.1,31.1,68.9,"Bad Ragaz (SG)","Con il 68,9 per cento dei voti, Bad Ragaz ha respinto l'Iniziativa sulla neutralità. Sia Bad Ragaz che il cantone San Gallo hanno bocciato l'Iniziativa sulla neutralità.","https://thumb.wikimedia.org/wikipedia/commons/thumb/8/8b/BadRagaz-blazon.svg/250px-BadRagaz-blazon.svg.png"
3292,45.8,45.8,54.2,"Flums (SG)","A Flums, l'Iniziativa sulla neutralità è stata respinta con il 54,2 per cento. Sia Flums che il cantone San Gallo hanno bocciato l'Iniziativa sulla neutralità.","https://thumb.wikimedia.org/wikipedia/commons/thumb/7/7e/Flums-blazon.svg/250px-Flums-blazon.svg.png"
3293,39.7,39.7,60.3,"Mels (SG)","La popolazione di Mels respinge l'Iniziativa sulla neutralità con il 60,3 per cento. Sia Mels che il cantone San Gallo hanno bocciato l'Iniziativa sulla neutralità.","https://thumb.wikimedia.org/wikipedia/commons/thumb/5/5c/CHE_Mels_COA.svg/960px-CHE_Mels_COA.svg.png"
3294,44.3,44.3,55.7,"Pfäfers (SG)","A Pfäfers, l'Iniziativa sulla neutralità è stata respinta con il 55,7 per cento. Sia Pfäfers che il cantone San Gallo hanno bocciato l'Iniziativa sulla neutralità.","https://thumb.wikimedia.org/wikipedia/commons/thumb/4/4f/Pf%C3%A4fers-blazon.svg/250px-Pf%C3%A4fers-blazon.svg.png"
3295,44.2,44.2,55.8,"Quarten (SG)","A Quarten, l'Iniziativa sulla neutralità è stata respinta con il 55,8 per cento. Sia Quarten che il cantone San Gallo hanno bocciato l'Iniziativa sulla neutralità.","https://thumb.wikimedia.org/wikipedia/commons/thumb/1/1f/Quarten-blazon.svg/250px-Quarten-blazon.svg.png"
3296,32.1,32.1,67.9,"Sargans (SG)","A Sargans, l'Iniziativa sulla neutralità è stata respinta con il 67,9 per cento. Sia Sargans che il cantone San Gallo hanno bocciato l'Iniziativa sulla neutralità.","https://thumb.wikimedia.org/wikipedia/commons/thumb/a/a1/CHE_Sargans_COA.svg/500px-CHE_Sargans_COA.svg.png"
3297,36.4,36.4,63.6,"Vilters-Wangs (SG)","Con il 63,6 per cento dei voti, l'Iniziativa sulla neutralità viene respinta a Vilters-Wangs. Sia Vilters-Wangs che il cantone San Gallo hanno bocciato l'Iniziativa sulla neutralità.","https://thumb.wikimedia.org/wikipedia/commons/thumb/f/fe/ViltersWangs-blazon.svg/250px-ViltersWangs-blazon.svg.png"
3298,32.8,32.8,67.2,"Walenstadt (SG)","Con il 67,2 per cento dei voti, Walenstadt ha respinto l'Iniziativa sulla neutralità. Sia Walenstadt che il cantone San Gallo hanno bocciato l'Iniziativa sulla neutralità.","https://thumb.wikimedia.org/wikipedia/commons/thumb/a/a1/CHE_Walenstadt_COA.svg/960px-CHE_Walenstadt_COA.svg.png"
3311,46,46,54,"Amden (SG)","A Amden l'Iniziativa sulla neutralità non ottiene la maggioranza: 54 per cento di no. Sia Amden che il cantone San Gallo hanno bocciato l'Iniziativa sulla neutralità.","https://thumb.wikimedia.org/wikipedia/commons/thumb/f/f5/Amden-blazon.svg/250px-Amden-blazon.svg.png"
3312,47.8,47.8,52.2,"Benken (SG)","A Benken SG l'Iniziativa sulla neutralità è stata respinta con il 52,2 per cento. Sia Benken SG che il cantone San Gallo hanno bocciato l'Iniziativa sulla neutralità.","https://thumb.wikimedia.org/wikipedia/commons/thumb/e/e7/Benken_SG-blazon.svg/250px-Benken_SG-blazon.svg.png"
3313,46.2,46.2,53.8,"Kaltbrunn (SG)","La popolazione di Kaltbrunn respinge l'Iniziativa sulla neutralità con il 53,8 per cento. Sia Kaltbrunn che il cantone San Gallo hanno bocciato l'Iniziativa sulla neutralità.","https://thumb.wikimedia.org/wikipedia/commons/thumb/1/13/Kaltbrunn-blazon.svg/250px-Kaltbrunn-blazon.svg.png"
3315,50.8,50.8,49.2,"Schänis (SG)","A Schänis, l'Iniziativa sulla neutralità è approvata con il 50,8 per cento. Schänis dice sì all'Iniziativa sulla neutralità, il cantone San Gallo dice no.","https://thumb.wikimedia.org/wikipedia/commons/thumb/f/f5/Sch%C3%A4nis-blazon.svg/250px-Sch%C3%A4nis-blazon.svg.png"
3316,41.1,41.1,58.9,"Weesen (SG)","Con il 58,9 per cento dei voti, Weesen ha respinto l'Iniziativa sulla neutralità. Sia Weesen che il cantone San Gallo hanno bocciato l'Iniziativa sulla neutralità.","https://thumb.wikimedia.org/wikipedia/commons/thumb/5/51/Wappen_Weesen.svg/500px-Wappen_Weesen.svg.png"
3338,35.5,35.5,64.5,"Schmerikon (SG)","La popolazione di Schmerikon respinge l'Iniziativa sulla neutralità con il 64,5 per cento. Sia Schmerikon che il cantone San Gallo hanno bocciato l'Iniziativa sulla neutralità.","https://thumb.wikimedia.org/wikipedia/commons/thumb/3/31/Wappen_Schmerikon.svg/500px-Wappen_Schmerikon.svg.png"
3339,36.8,36.8,63.2,"Uznach (SG)","A Uznach l'Iniziativa sulla neutralità non ottiene la maggioranza: 63,2 per cento di no. Sia Uznach che il cantone San Gallo hanno bocciato l'Iniziativa sulla neutralità.","https://thumb.wikimedia.org/wikipedia/commons/thumb/f/f1/CHE_Uznach_COA.svg/960px-CHE_Uznach_COA.svg.png"
3340,25.8,25.8,74.2,"Rapperswil-Jona (SG)","A Rapperswil-Jona, l'Iniziativa sulla neutralità è stata respinta con il 74,2 per cento. Sia Rapperswil-Jona che il cantone San Gallo hanno bocciato l'Iniziativa sulla neutralità.","https://thumb.wikimedia.org/wikipedia/commons/thumb/e/ee/Rapperswil-Jona_CoA.svg/500px-Rapperswil-Jona_CoA.svg.png"
3341,46.5,46.5,53.5,"Gommiswald (SG)","A Gommiswald, l'Iniziativa sulla neutralità è stata respinta con il 53,5 per cento. Sia Gommiswald che il cantone San Gallo hanno bocciato l'Iniziativa sulla neutralità.","https://thumb.wikimedia.org/wikipedia/commons/thumb/3/3f/CHE_Gommiswald_COA.svg/250px-CHE_Gommiswald_COA.svg.png"
3342,45,45,55,"Eschenbach (SG)","Con il 55 per cento dei voti, Eschenbach SG ha respinto l'Iniziativa sulla neutralità. Sia Eschenbach SG che il cantone San Gallo hanno bocciato l'Iniziativa sulla neutralità.","https://thumb.wikimedia.org/wikipedia/commons/thumb/0/02/CHE_Eschenbach_SG_COA.svg/250px-CHE_Eschenbach_SG_COA.svg.png"
3352,43.4,43.4,56.6,"Ebnat-Kappel (SG)","A Ebnat-Kappel l'Iniziativa sulla neutralità non ottiene la maggioranza: 56,6 per cento di no. Sia Ebnat-Kappel che il cantone San Gallo hanno bocciato l'Iniziativa sulla neutralità.","https://thumb.wikimedia.org/wikipedia/commons/thumb/2/24/EbnatKappel-blazon.svg/250px-EbnatKappel-blazon.svg.png"
3359,45.7,45.7,54.3,"Wildhaus-Alt St. Johann (SG)","A Wildhaus-Alt St. Johann l'Iniziativa sulla neutralità è stata respinta con il 54,3 per cento. Sia Wildhaus-Alt St. Johann che il cantone San Gallo hanno bocciato l'Iniziativa sulla neutralità.","https://thumb.wikimedia.org/wikipedia/commons/thumb/d/dd/CHE_Wildhaus-Alt_St._Johann_COA.svg/250px-CHE_Wildhaus-Alt_St._Johann_COA.svg.png"
3360,48.4,48.4,51.6,"Nesslau (SG)","Con il 51,6 per cento dei voti, l'Iniziativa sulla neutralità viene respinta a Nesslau. Sia Nesslau che il cantone San Gallo hanno bocciato l'Iniziativa sulla neutralità.","https://thumb.wikimedia.org/wikipedia/commons/thumb/4/49/Nesslau-blazon.svg/250px-Nesslau-blazon.svg.png"
3374,32.5,32.5,67.5,"Lichtensteig (SG)","La popolazione di Lichtensteig respinge l'Iniziativa sulla neutralità con il 67,5 per cento. Sia Lichtensteig che il cantone San Gallo hanno bocciato l'Iniziativa sulla neutralità.","https://thumb.wikimedia.org/wikipedia/commons/thumb/2/23/Wappen_Lichtensteig.svg/250px-Wappen_Lichtensteig.svg.png"
3379,42.4,42.4,57.6,"Wattwil (SG)","La popolazione di Wattwil respinge l'Iniziativa sulla neutralità con il 57,6 per cento. Sia Wattwil che il cantone San Gallo hanno bocciato l'Iniziativa sulla neutralità.","https://thumb.wikimedia.org/wikipedia/commons/thumb/8/8f/CHE_Wattwil_COA.svg/960px-CHE_Wattwil_COA.svg.png"
3392,42.6,42.6,57.4,"Kirchberg (SG)","Con il 57,4 per cento dei voti, l'Iniziativa sulla neutralità viene respinta a Kirchberg SG. Sia Kirchberg SG che il cantone San Gallo hanno bocciato l'Iniziativa sulla neutralità.","https://thumb.wikimedia.org/wikipedia/commons/thumb/0/00/Kirchberg_SG-blazon.svg/250px-Kirchberg_SG-blazon.svg.png"
3393,45.5,45.5,54.5,"Lütisburg (SG)","La popolazione di Lütisburg respinge l'Iniziativa sulla neutralità con il 54,5 per cento. Sia Lütisburg che il cantone San Gallo hanno bocciato l'Iniziativa sulla neutralità.","https://thumb.wikimedia.org/wikipedia/commons/thumb/b/bd/Wappen_L%C3%BCtisburg.svg/960px-Wappen_L%C3%BCtisburg.svg.png"
3394,50.9,50.9,49.1,"Mosnang (SG)","Sì all'Iniziativa sulla neutralità a Mosnang con il 50,9 per cento. Mosnang dice sì all'Iniziativa sulla neutralità, il cantone San Gallo dice no.","https://thumb.wikimedia.org/wikipedia/commons/thumb/4/45/Mosnang-blazon.svg/250px-Mosnang-blazon.svg.png"
3395,48.1,48.1,51.9,"Bütschwil-Ganterschwil (SG)","Con il 51,9 per cento dei voti, l'Iniziativa sulla neutralità viene respinta a Bütschwil-Ganterschwil. Sia Bütschwil-Ganterschwil che il cantone San Gallo hanno bocciato l'Iniziativa sulla neutralità.","https://thumb.wikimedia.org/wikipedia/commons/thumb/f/fc/CHE_B%C3%BCtschwil-Ganterschwil_COA.svg/250px-CHE_B%C3%BCtschwil-Ganterschwil_COA.svg.png"
3396,49.6,49.6,50.4,"Neckertal (SG)","La popolazione di Neckertal respinge l'Iniziativa sulla neutralità con il 50,4 per cento. Sia Neckertal che il cantone San Gallo hanno bocciato l'Iniziativa sulla neutralità.","https://thumb.wikimedia.org/wikipedia/commons/thumb/4/41/CHE_Neckertal_COA.svg/960px-CHE_Neckertal_COA.svg.png"
3401,33.1,33.1,66.9,"Degersheim (SG)","A Degersheim l'Iniziativa sulla neutralità è stata respinta con il 66,9 per cento. Sia Degersheim che il cantone San Gallo hanno bocciato l'Iniziativa sulla neutralità.","https://thumb.wikimedia.org/wikipedia/commons/thumb/a/a3/CHE_Degersheim_COA.svg/500px-CHE_Degersheim_COA.svg.png"
3402,31.5,31.5,68.5,"Flawil (SG)","Con il 68,5 per cento dei voti, l'Iniziativa sulla neutralità viene respinta a Flawil. Sia Flawil che il cantone San Gallo hanno bocciato l'Iniziativa sulla neutralità.","https://thumb.wikimedia.org/wikipedia/commons/thumb/6/61/Wappen_Flawil.svg/960px-Wappen_Flawil.svg.png"
3405,34.7,34.7,65.3,"Jonschwil (SG)","A Jonschwil l'Iniziativa sulla neutralità non ottiene la maggioranza: 65,3 per cento di no. Sia Jonschwil che il cantone San Gallo hanno bocciato l'Iniziativa sulla neutralità.","https://thumb.wikimedia.org/wikipedia/commons/thumb/c/c7/Jonschwil-blazon.svg/250px-Jonschwil-blazon.svg.png"
3407,37.1,37.1,62.9,"Oberuzwil (SG)","Con il 62,9 per cento dei voti, l'Iniziativa sulla neutralità viene respinta a Oberuzwil. Sia Oberuzwil che il cantone San Gallo hanno bocciato l'Iniziativa sulla neutralità.","https://thumb.wikimedia.org/wikipedia/commons/thumb/e/e9/Oberuzwil-coat_of_arms.svg/250px-Oberuzwil-coat_of_arms.svg.png"
3408,35,35,65,"Uzwil (SG)","A Uzwil, l'Iniziativa sulla neutralità è stata respinta con il 65 per cento. Sia Uzwil che il cantone San Gallo hanno bocciato l'Iniziativa sulla neutralità.","https://thumb.wikimedia.org/wikipedia/commons/thumb/0/0f/CHE_Uzwil_COA.svg/960px-CHE_Uzwil_COA.svg.png"
3422,45.7,45.7,54.3,"Niederbüren (SG)","A Niederbüren l'Iniziativa sulla neutralità non ottiene la maggioranza: 54,3 per cento di no. Sia Niederbüren che il cantone San Gallo hanno bocciato l'Iniziativa sulla neutralità.","https://thumb.wikimedia.org/wikipedia/commons/thumb/7/7f/Niederb%C3%BCren-blazon.svg/250px-Niederb%C3%BCren-blazon.svg.png"
3423,38.7,38.7,61.3,"Niederhelfenschwil (SG)","Con il 61,3 per cento dei voti, Niederhelfenschwil ha respinto l'Iniziativa sulla neutralità. Sia Niederhelfenschwil che il cantone San Gallo hanno bocciato l'Iniziativa sulla neutralità.","https://thumb.wikimedia.org/wikipedia/commons/thumb/9/9a/Niederhelfenschwil-blazon.svg/250px-Niederhelfenschwil-blazon.svg.png"
3424,40.6,40.6,59.4,"Oberbüren (SG)","Con il 59,4 per cento dei voti, l'Iniziativa sulla neutralità viene respinta a Oberbüren. Sia Oberbüren che il cantone San Gallo hanno bocciato l'Iniziativa sulla neutralità.","https://thumb.wikimedia.org/wikipedia/commons/thumb/6/6d/Oberb%C3%BCren-blazon.svg/250px-Oberb%C3%BCren-blazon.svg.png"
3426,34.6,34.6,65.4,"Zuzwil (SG)","Con il 65,4 per cento dei voti, Zuzwil SG ha respinto l'Iniziativa sulla neutralità. Sia Zuzwil SG che il cantone San Gallo hanno bocciato l'Iniziativa sulla neutralità.","https://thumb.wikimedia.org/wikipedia/commons/thumb/8/8f/Zuzwil_SG-blazon.svg/250px-Zuzwil_SG-blazon.svg.png"
3427,30.6,30.6,69.4,"Wil (SG)","La popolazione di Wil SG respinge l'Iniziativa sulla neutralità con il 69,4 per cento. Sia Wil SG che il cantone San Gallo hanno bocciato l'Iniziativa sulla neutralità.","https://thumb.wikimedia.org/wikipedia/commons/thumb/1/17/CHE_Wil_SG_COA.svg/960px-CHE_Wil_SG_COA.svg.png"
3441,30.8,30.8,69.2,"Andwil (SG)","A Andwil SG, l'Iniziativa sulla neutralità è stata respinta con il 69,2 per cento. Sia Andwil SG che il cantone San Gallo hanno bocciato l'Iniziativa sulla neutralità.","https://thumb.wikimedia.org/wikipedia/commons/thumb/7/70/Andwil_SG-blazon.svg/250px-Andwil_SG-blazon.svg.png"
3442,26.2,26.2,73.8,"Gaiserwald (SG)","Con il 73,8 per cento dei voti, l'Iniziativa sulla neutralità viene respinta a Gaiserwald. Sia Gaiserwald che il cantone San Gallo hanno bocciato l'Iniziativa sulla neutralità.","https://thumb.wikimedia.org/wikipedia/commons/thumb/6/6b/Gaiserwald-blazon.svg/250px-Gaiserwald-blazon.svg.png"
3443,32.2,32.2,67.8,"Gossau (SG)","Con il 67,8 per cento dei voti, l'Iniziativa sulla neutralità viene respinta a Gossau SG. Sia Gossau SG che il cantone San Gallo hanno bocciato l'Iniziativa sulla neutralità.","https://thumb.wikimedia.org/wikipedia/commons/thumb/4/4e/Gossau_SG-blazon.svg/250px-Gossau_SG-blazon.svg.png"
3444,37.7,37.7,62.3,"Waldkirch (SG)","A Waldkirch l'Iniziativa sulla neutralità è stata respinta con il 62,3 per cento. Sia Waldkirch che il cantone San Gallo hanno bocciato l'Iniziativa sulla neutralità.","https://thumb.wikimedia.org/wikipedia/commons/thumb/9/9e/Waldkirch-blazon.svg/250px-Waldkirch-blazon.svg.png"
3506,29.5,29.5,70.5,"Vaz/Obervaz (GR)","Con il 70,5 per cento dei voti, Vaz/Obervaz ha respinto l'Iniziativa sulla neutralità. Sia Vaz/Obervaz che il cantone Grigioni hanno bocciato l'Iniziativa sulla neutralità.","https://thumb.wikimedia.org/wikipedia/commons/thumb/2/25/CHE_Vaz-Obervaz_COA.svg/250px-CHE_Vaz-Obervaz_COA.svg.png"
3513,23,23,77,"Lantsch/Lenz (GR)","A Lantsch/Lenz l'Iniziativa sulla neutralità non ottiene la maggioranza: 77 per cento di no. Sia Lantsch/Lenz che il cantone Grigioni hanno bocciato l'Iniziativa sulla neutralità.","https://thumb.wikimedia.org/wikipedia/commons/thumb/d/d1/CHE_Lantsch-Lenz_COA.svg/250px-CHE_Lantsch-Lenz_COA.svg.png"
3514,43.3,43.3,56.7,"Schmitten (GR)","A Schmitten GR l'Iniziativa sulla neutralità è respinta con 38 contro 29 voti. Sia Schmitten GR che il cantone Grigioni hanno bocciato l'Iniziativa sulla neutralità.","https://thumb.wikimedia.org/wikipedia/commons/thumb/2/21/CHE_Schmitten_GR_COA.svg/250px-CHE_Schmitten_GR_COA.svg.png"
3542,36.4,36.4,63.6,"Albula/Alvra (GR)","A Albula/Alvra l'Iniziativa sulla neutralità è stata respinta con il 63,6 per cento. Sia Albula/Alvra che il cantone Grigioni hanno bocciato l'Iniziativa sulla neutralità.","https://thumb.wikimedia.org/wikipedia/commons/thumb/a/ac/CHE_Albula-Alvra_COA.svg/250px-CHE_Albula-Alvra_COA.svg.png"
3543,29.8,29.8,70.2,"Surses (GR)","A Surses l'Iniziativa sulla neutralità non ottiene la maggioranza: 70,2 per cento di no. Sia Surses che il cantone Grigioni hanno bocciato l'Iniziativa sulla neutralità.","https://thumb.wikimedia.org/wikipedia/commons/thumb/7/7e/CHE_Surses_COA.svg/250px-CHE_Surses_COA.svg.png"
3544,28.6,28.6,71.4,"Bergün Filisur (GR)","A Bergün Filisur l'Iniziativa sulla neutralità non ottiene la maggioranza: 71,4 per cento di no. Sia Bergün Filisur che il cantone Grigioni hanno bocciato l'Iniziativa sulla neutralità.","https://thumb.wikimedia.org/wikipedia/commons/thumb/7/77/CHE_Berg%C3%BCn_Filisur_COA.svg/250px-CHE_Berg%C3%BCn_Filisur_COA.svg.png"
3551,53.2,53.2,46.8,"Brusio (GR)","La popolazione di Brusio approva l'Iniziativa sulla neutralità con il 53,2 per cento. Brusio dice sì all'Iniziativa sulla neutralità, il cantone Grigioni dice no.","https://thumb.wikimedia.org/wikipedia/commons/thumb/d/d9/CHE_Brusio_COA.svg/250px-CHE_Brusio_COA.svg.png"
3561,44.6,44.6,55.4,"Poschiavo (GR)","La popolazione di Poschiavo respinge l'Iniziativa sulla neutralità con il 55,4 per cento. Sia Poschiavo che il cantone Grigioni hanno bocciato l'Iniziativa sulla neutralità.","https://thumb.wikimedia.org/wikipedia/commons/thumb/1/17/CHE_Poschiavo_COA.svg/250px-CHE_Poschiavo_COA.svg.png"
3572,32.6,32.6,67.4,"Falera (GR)","La popolazione di Falera respinge l'Iniziativa sulla neutralità con il 67,4 per cento. Sia Falera che il cantone Grigioni hanno bocciato l'Iniziativa sulla neutralità.","https://thumb.wikimedia.org/wikipedia/commons/thumb/c/c0/CHE_Falera_COA.svg/250px-CHE_Falera_COA.svg.png"
3575,31.2,31.2,68.8,"Laax (GR)","A Laax, l'Iniziativa sulla neutralità è stata respinta con il 68,8 per cento. Sia Laax che il cantone Grigioni hanno bocciato l'Iniziativa sulla neutralità.","https://thumb.wikimedia.org/wikipedia/commons/thumb/d/d2/CHE_Laax_COA.svg/250px-CHE_Laax_COA.svg.png"
3581,21.5,21.5,78.5,"Sagogn (GR)","A Sagogn l'Iniziativa sulla neutralità non ottiene la maggioranza: 78,5 per cento di no. Sia Sagogn che il cantone Grigioni hanno bocciato l'Iniziativa sulla neutralità.","https://thumb.wikimedia.org/wikipedia/commons/thumb/e/e9/CHE_Sagogn_COA.svg/250px-CHE_Sagogn_COA.svg.png"
3582,39.6,39.6,60.4,"Schluein (GR)","La popolazione di Schluein respinge l'Iniziativa sulla neutralità con il 60,4 per cento. Sia Schluein che il cantone Grigioni hanno bocciato l'Iniziativa sulla neutralità.","https://thumb.wikimedia.org/wikipedia/commons/thumb/3/3a/CHE_Schluein_COA.svg/250px-CHE_Schluein_COA.svg.png"
3603,18.8,18.8,81.2,"Vals (GR)","A Vals l'Iniziativa sulla neutralità non ottiene la maggioranza: 81,2 per cento di no. Sia Vals che il cantone Grigioni hanno bocciato l'Iniziativa sulla neutralità.","https://thumb.wikimedia.org/wikipedia/commons/thumb/0/07/CHE_Vals_COA.svg/960px-CHE_Vals_COA.svg.png"
3618,32.7,32.7,67.3,"Lumnezia (GR)","A Lumnezia l'Iniziativa sulla neutralità è stata respinta con il 67,3 per cento. Sia Lumnezia che il cantone Grigioni hanno bocciato l'Iniziativa sulla neutralità.","https://thumb.wikimedia.org/wikipedia/commons/thumb/9/9a/CHE_Lumnezia_COA.svg/250px-CHE_Lumnezia_COA.svg.png"
3619,34.9,34.9,65.1,"Ilanz/Glion (GR)","A Ilanz/Glion, l'Iniziativa sulla neutralità è stata respinta con il 65,1 per cento. Sia Ilanz/Glion che il cantone Grigioni hanno bocciato l'Iniziativa sulla neutralità.","https://thumb.wikimedia.org/wikipedia/commons/thumb/b/bc/CHE_Ilanz-Glion_COA.svg/250px-CHE_Ilanz-Glion_COA.svg.png"
3633,39.1,39.1,60.9,"Fürstenau (GR)","La popolazione di Fürstenau respinge l'Iniziativa sulla neutralità con il 60,9 per cento. Sia Fürstenau che il cantone Grigioni hanno bocciato l'Iniziativa sulla neutralità.","https://thumb.wikimedia.org/wikipedia/commons/thumb/a/a1/CHE_F%C3%BCrstenau_COA.svg/960px-CHE_F%C3%BCrstenau_COA.svg.png"
3637,36.8,36.8,63.2,"Rothenbrunnen (GR)","A Rothenbrunnen, l'Iniziativa sulla neutralità è stata respinta con il 63,2 per cento. Sia Rothenbrunnen che il cantone Grigioni hanno bocciato l'Iniziativa sulla neutralità.","https://thumb.wikimedia.org/wikipedia/commons/thumb/3/37/CHE_Rothenbrunnen_COA.svg/250px-CHE_Rothenbrunnen_COA.svg.png"
3638,36.1,36.1,63.9,"Scharans (GR)","Con il 63,9 per cento dei voti, l'Iniziativa sulla neutralità viene respinta a Scharans. Sia Scharans che il cantone Grigioni hanno bocciato l'Iniziativa sulla neutralità.","https://thumb.wikimedia.org/wikipedia/commons/thumb/c/c5/CHE_Scharans_COA.svg/250px-CHE_Scharans_COA.svg.png"
3640,35.2,35.2,64.8,"Sils im Domleschg (GR)","A Sils im Domleschg, l'Iniziativa sulla neutralità è stata respinta con il 64,8 per cento. Sia Sils im Domleschg che il cantone Grigioni hanno bocciato l'Iniziativa sulla neutralità.","https://thumb.wikimedia.org/wikipedia/commons/thumb/c/cb/CHE_Sils_im_Domleschg_COA.svg/250px-CHE_Sils_im_Domleschg_COA.svg.png"
3661,38.8,38.8,61.2,"Cazis (GR)","A Cazis l'Iniziativa sulla neutralità è stata respinta con il 61,2 per cento. Sia Cazis che il cantone Grigioni hanno bocciato l'Iniziativa sulla neutralità.","https://thumb.wikimedia.org/wikipedia/commons/thumb/a/a9/CHE_Cazis_COA.svg/250px-CHE_Cazis_COA.svg.png"
3662,33.3,33.3,66.7,"Flerden (GR)","A Flerden, l'Iniziativa sulla neutralità è stata respinta con il 66,7 per cento. Sia Flerden che il cantone Grigioni hanno bocciato l'Iniziativa sulla neutralità.","https://thumb.wikimedia.org/wikipedia/commons/thumb/4/42/CHE_Flerden_COA.svg/250px-CHE_Flerden_COA.svg.png"
3663,22.6,22.6,77.4,"Masein (GR)","La popolazione di Masein respinge l'Iniziativa sulla neutralità con il 77,4 per cento. Sia Masein che il cantone Grigioni hanno bocciato l'Iniziativa sulla neutralità.","https://thumb.wikimedia.org/wikipedia/commons/thumb/c/ce/CHE_Masein_COA.svg/960px-CHE_Masein_COA.svg.png"
3668,34,34,66,"Thusis (GR)","A Thusis, l'Iniziativa sulla neutralità è stata respinta con il 66 per cento. Sia Thusis che il cantone Grigioni hanno bocciato l'Iniziativa sulla neutralità.","https://thumb.wikimedia.org/wikipedia/commons/thumb/2/2b/CHE_Thusis_COA.svg/250px-CHE_Thusis_COA.svg.png"
3669,31,31,69,"Tschappina (GR)","A Tschappina l'Iniziativa sulla neutralità è respinta con 58 contro 26 voti. Sia Tschappina che il cantone Grigioni hanno bocciato l'Iniziativa sulla neutralità.","https://thumb.wikimedia.org/wikipedia/commons/thumb/f/f4/CHE_Tschappina_COA.svg/250px-CHE_Tschappina_COA.svg.png"
3670,35.7,35.7,64.3,"Urmein (GR)","A Urmein, l'Iniziativa sulla neutralità è stata respinta con 54 contro 30 voti. Sia Urmein che il cantone Grigioni hanno bocciato l'Iniziativa sulla neutralità.","https://thumb.wikimedia.org/wikipedia/commons/thumb/c/c4/CHE_Urmein_COA.svg/250px-CHE_Urmein_COA.svg.png"
3672,33.5,33.5,66.5,"Safiental (GR)","A Safiental l'Iniziativa sulla neutralità è stata respinta con il 66,5 per cento. Sia Safiental che il cantone Grigioni hanno bocciato l'Iniziativa sulla neutralità.","https://thumb.wikimedia.org/wikipedia/commons/thumb/4/4b/CHE_Safiental_COA.svg/250px-CHE_Safiental_COA.svg.png"
3673,29.9,29.9,70.1,"Domleschg (GR)","La popolazione di Domleschg respinge l'Iniziativa sulla neutralità con il 70,1 per cento. Sia Domleschg che il cantone Grigioni hanno bocciato l'Iniziativa sulla neutralità.","https://thumb.wikimedia.org/wikipedia/commons/thumb/a/a0/CHE_Domleschg_COA.svg/250px-CHE_Domleschg_COA.svg.png"
3681,24.3,24.3,75.7,"Avers (GR)","A Avers, l'Iniziativa sulla neutralità è stata respinta con 56 contro 18 voti. Sia Avers che il cantone Grigioni hanno bocciato l'Iniziativa sulla neutralità.","https://thumb.wikimedia.org/wikipedia/commons/thumb/6/6f/CHE_Avers_COA.svg/960px-CHE_Avers_COA.svg.png"
3695,22.1,22.1,77.9,"Sufers (GR)","A Sufers, l'Iniziativa sulla neutralità è stata respinta con 53 contro 15 voti. Sia Sufers che il cantone Grigioni hanno bocciato l'Iniziativa sulla neutralità.","https://thumb.wikimedia.org/wikipedia/commons/thumb/5/54/CHE_Sufers_COA.svg/250px-CHE_Sufers_COA.svg.png"
3701,29.4,29.4,70.6,"Andeer (GR)","La popolazione di Andeer respinge l'Iniziativa sulla neutralità con il 70,6 per cento. Sia Andeer che il cantone Grigioni hanno bocciato l'Iniziativa sulla neutralità.","https://thumb.wikimedia.org/wikipedia/commons/thumb/b/b2/CHE_Andeer_COA.svg/250px-CHE_Andeer_COA.svg.png"
3711,48,48,52,"Rongellen (GR)","A Rongellen, l'Iniziativa sulla neutralità è stata respinta con 13 contro 12 voti. Sia Rongellen che il cantone Grigioni hanno bocciato l'Iniziativa sulla neutralità.","https://thumb.wikimedia.org/wikipedia/commons/thumb/e/ef/CHE_Rongellen_COA.svg/250px-CHE_Rongellen_COA.svg.png"
3712,35.2,35.2,64.8,"Zillis-Reischen (GR)","Con il 64,8 per cento dei voti, Zillis-Reischen ha respinto l'Iniziativa sulla neutralità. Sia Zillis-Reischen che il cantone Grigioni hanno bocciato l'Iniziativa sulla neutralità.","https://thumb.wikimedia.org/wikipedia/commons/thumb/b/b5/CHE_Zillis-Reischen_COA.svg/250px-CHE_Zillis-Reischen_COA.svg.png"
3713,44.8,44.8,55.2,"Ferrera (GR)","A Ferrera l'Iniziativa sulla neutralità è respinta con 16 contro 13 voti. Sia Ferrera che il cantone Grigioni hanno bocciato l'Iniziativa sulla neutralità.","https://thumb.wikimedia.org/wikipedia/commons/thumb/3/3d/CHE_Ferrera_COA.svg/250px-CHE_Ferrera_COA.svg.png"
3714,33.9,33.9,66.1,"Rheinwald (GR)","A Rheinwald, l'Iniziativa sulla neutralità è stata respinta con il 66,1 per cento. Sia Rheinwald che il cantone Grigioni hanno bocciato l'Iniziativa sulla neutralità.","https://thumb.wikimedia.org/wikipedia/commons/thumb/a/ac/CHE_Rheinwald_COA.svg/250px-CHE_Rheinwald_COA.svg.png"
3715,34,34,66,"Muntogna da Schons (GR)","A Muntogna da Schons l'Iniziativa sulla neutralità non ottiene la maggioranza: 66 per cento di no. Sia Muntogna da Schons che il cantone Grigioni hanno bocciato l'Iniziativa sulla neutralità.","https://thumb.wikimedia.org/wikipedia/commons/thumb/0/0a/CHE_Muntogna_da_Schons_COA.svg/250px-CHE_Muntogna_da_Schons_COA.svg.png"
3721,29.6,29.6,70.4,"Bonaduz (GR)","A Bonaduz l'Iniziativa sulla neutralità non ottiene la maggioranza: 70,4 per cento di no. Sia Bonaduz che il cantone Grigioni hanno bocciato l'Iniziativa sulla neutralità.","https://thumb.wikimedia.org/wikipedia/commons/thumb/d/d5/CHE_Bonaduz_COA.svg/250px-CHE_Bonaduz_COA.svg.png"
3722,31,31,69,"Domat/Ems (GR)","A Domat/Ems, l'Iniziativa sulla neutralità è stata respinta con il 69 per cento. Sia Domat/Ems che il cantone Grigioni hanno bocciato l'Iniziativa sulla neutralità.","https://thumb.wikimedia.org/wikipedia/commons/thumb/1/1f/CHE_Domat-Ems_COA.svg/250px-CHE_Domat-Ems_COA.svg.png"
3723,27.9,27.9,72.1,"Rhäzüns (GR)","La popolazione di Rhäzüns respinge l'Iniziativa sulla neutralità con il 72,1 per cento. Sia Rhäzüns che il cantone Grigioni hanno bocciato l'Iniziativa sulla neutralità.","https://thumb.wikimedia.org/wikipedia/commons/thumb/6/65/CHE_Rh%C3%A4z%C3%BCns_COA.svg/250px-CHE_Rh%C3%A4z%C3%BCns_COA.svg.png"
3731,27.3,27.3,72.7,"Felsberg (GR)","A Felsberg, l'Iniziativa sulla neutralità è stata respinta con il 72,7 per cento. Sia Felsberg che il cantone Grigioni hanno bocciato l'Iniziativa sulla neutralità.","https://thumb.wikimedia.org/wikipedia/commons/thumb/3/3f/CHE_Felsberg_COA.svg/250px-CHE_Felsberg_COA.svg.png"
3732,24.3,24.3,75.7,"Flims (GR)","A Flims, l'Iniziativa sulla neutralità è stata respinta con il 75,7 per cento. Sia Flims che il cantone Grigioni hanno bocciato l'Iniziativa sulla neutralità.","https://thumb.wikimedia.org/wikipedia/commons/thumb/9/92/CHE_Flims_COA.svg/250px-CHE_Flims_COA.svg.png"
3733,33.7,33.7,66.3,"Tamins (GR)","A Tamins l'Iniziativa sulla neutralità non ottiene la maggioranza: 66,3 per cento di no. Sia Tamins che il cantone Grigioni hanno bocciato l'Iniziativa sulla neutralità.","https://thumb.wikimedia.org/wikipedia/commons/thumb/e/e5/CHE_Tamins_COA.svg/250px-CHE_Tamins_COA.svg.png"
3734,22.9,22.9,77.1,"Trin (GR)","A Trin l'Iniziativa sulla neutralità è stata respinta con il 77,1 per cento. Sia Trin che il cantone Grigioni hanno bocciato l'Iniziativa sulla neutralità.","https://thumb.wikimedia.org/wikipedia/commons/thumb/5/55/CHE_Trin_COA.svg/250px-CHE_Trin_COA.svg.png"
3746,33.5,33.5,66.5,"Zernez (GR)","A Zernez l'Iniziativa sulla neutralità non ottiene la maggioranza: 66,5 per cento di no. Sia Zernez che il cantone Grigioni hanno bocciato l'Iniziativa sulla neutralità.","https://thumb.wikimedia.org/wikipedia/commons/thumb/e/eb/CHE_Zernez_COA.svg/250px-CHE_Zernez_COA.svg.png"
3752,59.5,59.5,40.5,"Samnaun (GR)","Sì all'Iniziativa sulla neutralità a Samnaun: 59,5 per cento. Samnaun dice sì all'Iniziativa sulla neutralità, il cantone Grigioni dice no.","https://thumb.wikimedia.org/wikipedia/commons/thumb/a/a3/CHE_Samnaun_COA.svg/250px-CHE_Samnaun_COA.svg.png"
3762,29.1,29.1,70.9,"Scuol (GR)","Con il 70,9 per cento dei voti, l'Iniziativa sulla neutralità viene respinta a Scuol. Sia Scuol che il cantone Grigioni hanno bocciato l'Iniziativa sulla neutralità.","https://thumb.wikimedia.org/wikipedia/commons/thumb/1/10/CHE_Scuol_COA.svg/250px-CHE_Scuol_COA.svg.png"
3764,36.5,36.5,63.5,"Valsot (GR)","A Valsot, l'Iniziativa sulla neutralità è stata respinta con il 63,5 per cento. Sia Valsot che il cantone Grigioni hanno bocciato l'Iniziativa sulla neutralità.","https://thumb.wikimedia.org/wikipedia/commons/thumb/b/b0/CHE_Valsot_COA.svg/250px-CHE_Valsot_COA.svg.png"
3781,27.2,27.2,72.8,"Bever (GR)","Con il 72,8 per cento dei voti, Bever ha respinto l'Iniziativa sulla neutralità. Sia Bever che il cantone Grigioni hanno bocciato l'Iniziativa sulla neutralità.","https://thumb.wikimedia.org/wikipedia/commons/thumb/5/5b/CHE_Bever_COA.svg/250px-CHE_Bever_COA.svg.png"
3782,25.8,25.8,74.2,"Celerina/Schlarigna (GR)","A Celerina/Schlarigna l'Iniziativa sulla neutralità non ottiene la maggioranza: 74,2 per cento di no. Sia Celerina/Schlarigna che il cantone Grigioni hanno bocciato l'Iniziativa sulla neutralità.","https://thumb.wikimedia.org/wikipedia/commons/thumb/0/09/CHE_Celerina-Schlarigna_COA.svg/250px-CHE_Celerina-Schlarigna_COA.svg.png"
3783,41.2,41.2,58.8,"Madulain (GR)","A Madulain l'Iniziativa sulla neutralità è respinta con 47 contro 33 voti. Sia Madulain che il cantone Grigioni hanno bocciato l'Iniziativa sulla neutralità.","https://thumb.wikimedia.org/wikipedia/commons/thumb/5/5e/CHE_Madulain_COA.svg/250px-CHE_Madulain_COA.svg.png"
3784,31.2,31.2,68.8,"Pontresina (GR)","La popolazione di Pontresina respinge l'Iniziativa sulla neutralità con il 68,8 per cento. Sia Pontresina che il cantone Grigioni hanno bocciato l'Iniziativa sulla neutralità.","https://thumb.wikimedia.org/wikipedia/commons/thumb/3/3f/CHE_Pontresina_COA.svg/250px-CHE_Pontresina_COA.svg.png"
3785,34.2,34.2,65.8,"La Punt-Chamues-ch (GR)","A La Punt-Chamues-ch, l'Iniziativa sulla neutralità è stata respinta con il 65,8 per cento. Sia La Punt-Chamues-ch che il cantone Grigioni hanno bocciato l'Iniziativa sulla neutralità.","https://thumb.wikimedia.org/wikipedia/commons/thumb/5/55/CHE_La_Punt_Chamues-ch_COA.svg/250px-CHE_La_Punt_Chamues-ch_COA.svg.png"
3786,31.3,31.3,68.7,"Samedan (GR)","A Samedan l'Iniziativa sulla neutralità non ottiene la maggioranza: 68,7 per cento di no. Sia Samedan che il cantone Grigioni hanno bocciato l'Iniziativa sulla neutralità.","https://thumb.wikimedia.org/wikipedia/commons/thumb/0/0e/CHE_Samedan_COA.svg/250px-CHE_Samedan_COA.svg.png"
3787,33.9,33.9,66.1,"St. Moritz (GR)","Con il 66,1 per cento dei voti, l'Iniziativa sulla neutralità viene respinta a St. Moritz. Sia St. Moritz che il cantone Grigioni hanno bocciato l'Iniziativa sulla neutralità.","https://thumb.wikimedia.org/wikipedia/commons/thumb/8/84/CHE_St_Moritz_COA.svg/250px-CHE_St_Moritz_COA.svg.png"
3788,37.7,37.7,62.3,"S-chanf (GR)","A S-chanf l'Iniziativa sulla neutralità non ottiene la maggioranza: 62,3 per cento di no. Sia S-chanf che il cantone Grigioni hanno bocciato l'Iniziativa sulla neutralità.","https://thumb.wikimedia.org/wikipedia/commons/thumb/d/d5/CHE_S-chanf_COA.svg/250px-CHE_S-chanf_COA.svg.png"
3789,30.7,30.7,69.3,"Sils im Engadin/Segl (GR)","A Sils im Engadin/Segl, l'Iniziativa sulla neutralità è stata respinta con il 69,3 per cento. Sia Sils im Engadin/Segl che il cantone Grigioni hanno bocciato l'Iniziativa sulla neutralità.","https://thumb.wikimedia.org/wikipedia/commons/thumb/f/f7/CHE_Sils_im_Engadin_Segl_COA.svg/960px-CHE_Sils_im_Engadin_Segl_COA.svg.png"
3790,39.7,39.7,60.3,"Silvaplana (GR)","A Silvaplana l'Iniziativa sulla neutralità non ottiene la maggioranza: 60,3 per cento di no. Sia Silvaplana che il cantone Grigioni hanno bocciato l'Iniziativa sulla neutralità.","https://thumb.wikimedia.org/wikipedia/commons/thumb/e/e4/CHE_Silvaplana_COA.svg/250px-CHE_Silvaplana_COA.svg.png"
3791,32.9,32.9,67.1,"Zuoz (GR)","La popolazione di Zuoz respinge l'Iniziativa sulla neutralità con il 67,1 per cento. Sia Zuoz che il cantone Grigioni hanno bocciato l'Iniziativa sulla neutralità.","https://thumb.wikimedia.org/wikipedia/commons/thumb/9/93/CHE_Zuoz_COA.svg/250px-CHE_Zuoz_COA.svg.png"
3792,33.2,33.2,66.8,"Bregaglia (GR)","La popolazione di Bregaglia respinge l'Iniziativa sulla neutralità con il 66,8 per cento. Sia Bregaglia che il cantone Grigioni hanno bocciato l'Iniziativa sulla neutralità.","https://thumb.wikimedia.org/wikipedia/commons/thumb/9/96/CHE_Bregaglia_COA.svg/250px-CHE_Bregaglia_COA.svg.png"
3804,54.1,54.1,45.9,"Buseno (GR)","A Buseno, l'Iniziativa sulla neutralità è approvata con 20 voti contro 17. Buseno dice sì all'Iniziativa sulla neutralità, il cantone Grigioni dice no.","https://thumb.wikimedia.org/wikipedia/commons/thumb/a/a6/CHE_Buseno_COA.svg/250px-CHE_Buseno_COA.svg.png"
3805,54.4,54.4,45.6,"Castaneda (GR)","A Castaneda l'Iniziativa sulla neutralità è stata approvata con il 54,4 per cento. Castaneda dice sì all'Iniziativa sulla neutralità, il cantone Grigioni dice no.","https://thumb.wikimedia.org/wikipedia/commons/thumb/1/13/CHE_Castaneda_COA.svg/250px-CHE_Castaneda_COA.svg.png"
3808,60.6,60.6,39.4,"Rossa (GR)","A Rossa l'Iniziativa sulla neutralità passa con 57 contro 37 voti. Rossa dice sì all'Iniziativa sulla neutralità, il cantone Grigioni dice no.","https://thumb.wikimedia.org/wikipedia/commons/thumb/0/0f/CHE_Rossa_COA.svg/250px-CHE_Rossa_COA.svg.png"
3810,67.3,67.3,32.7,"Santa Maria in Calanca (GR)","A Santa Maria in Calanca l'Iniziativa sulla neutralità passa con 33 contro 16 voti. Santa Maria in Calanca dice sì all'Iniziativa sulla neutralità, il cantone Grigioni dice no.","https://thumb.wikimedia.org/wikipedia/commons/thumb/d/dc/CHE_Santa_Maria_in_Calanca_COA.svg/250px-CHE_Santa_Maria_in_Calanca_COA.svg.png"
3821,58.3,58.3,41.7,"Lostallo (GR)","La popolazione di Lostallo approva l'Iniziativa sulla neutralità con il 58,3 per cento. Lostallo dice sì all'Iniziativa sulla neutralità, il cantone Grigioni dice no.","https://thumb.wikimedia.org/wikipedia/commons/thumb/9/98/CHE_Lostallo_COA.svg/250px-CHE_Lostallo_COA.svg.png"
3822,59.3,59.3,40.7,"Mesocco (GR)","La popolazione di Mesocco approva l'Iniziativa sulla neutralità con il 59,3 per cento. Mesocco dice sì all'Iniziativa sulla neutralità, il cantone Grigioni dice no.","https://thumb.wikimedia.org/wikipedia/commons/thumb/7/72/CHE_Mesocco_COA.svg/250px-CHE_Mesocco_COA.svg.png"
3823,56,56,44,"Soazza (GR)","Sì all'Iniziativa sulla neutralità a Soazza con il 56 per cento. Soazza dice sì all'Iniziativa sulla neutralità, il cantone Grigioni dice no.","https://thumb.wikimedia.org/wikipedia/commons/thumb/1/13/CHE_Soazza_COA.svg/250px-CHE_Soazza_COA.svg.png"
3831,57.7,57.7,42.3,"Cama (GR)","La popolazione di Cama approva l'Iniziativa sulla neutralità con il 57,7 per cento. Cama dice sì all'Iniziativa sulla neutralità, il cantone Grigioni dice no.","https://thumb.wikimedia.org/wikipedia/commons/thumb/4/4b/CHE_Cama_COA.svg/250px-CHE_Cama_COA.svg.png"
3832,58.5,58.5,41.5,"Grono (GR)","Sì all'Iniziativa sulla neutralità a Grono: 58,5 per cento. Grono dice sì all'Iniziativa sulla neutralità, il cantone Grigioni dice no.","https://thumb.wikimedia.org/wikipedia/commons/thumb/7/7d/CHE_Grono_COA.svg/250px-CHE_Grono_COA.svg.png"
3834,58.7,58.7,41.3,"Roveredo (GR)","Sì all'Iniziativa sulla neutralità a Roveredo GR, con il 58,7 per cento di voti favorevoli. Roveredo GR dice sì all'Iniziativa sulla neutralità, il cantone Grigioni dice no.","https://thumb.wikimedia.org/wikipedia/commons/thumb/0/05/CHE_Roveredo_COA.svg/250px-CHE_Roveredo_COA.svg.png"
3835,59.8,59.8,40.2,"San Vittore (GR)","La popolazione di San Vittore approva l'Iniziativa sulla neutralità con il 59,8 per cento. San Vittore dice sì all'Iniziativa sulla neutralità, il cantone Grigioni dice no.","https://thumb.wikimedia.org/wikipedia/commons/thumb/4/4d/CHE_San_Vittore_COA.svg/250px-CHE_San_Vittore_COA.svg.png"
3837,31.4,31.4,68.6,"Calanca (GR)","A Calanca, l'Iniziativa sulla neutralità è stata respinta con 59 contro 27 voti. Sia Calanca che il cantone Grigioni hanno bocciato l'Iniziativa sulla neutralità.","https://thumb.wikimedia.org/wikipedia/commons/thumb/b/b1/CHE_Calanca_GR_COA.svg/250px-CHE_Calanca_GR_COA.svg.png"
3847,33.2,33.2,66.8,"Val Müstair (GR)","A Val Müstair, l'Iniziativa sulla neutralità è stata respinta con il 66,8 per cento. Sia Val Müstair che il cantone Grigioni hanno bocciato l'Iniziativa sulla neutralità.","https://thumb.wikimedia.org/wikipedia/commons/thumb/8/8b/M%C3%BCnstertal_nach_S%C3%BCden.jpg/960px-M%C3%BCnstertal_nach_S%C3%BCden.jpg"
3851,29.5,29.5,70.5,"Davos (GR)","La popolazione di Davos respinge l'Iniziativa sulla neutralità con il 70,5 per cento. Sia Davos che il cantone Grigioni hanno bocciato l'Iniziativa sulla neutralità.","https://thumb.wikimedia.org/wikipedia/commons/thumb/3/39/CHE_Davos_COA.svg/250px-CHE_Davos_COA.svg.png"
3861,39.7,39.7,60.3,"Fideris (GR)","La popolazione di Fideris respinge l'Iniziativa sulla neutralità con il 60,3 per cento. Sia Fideris che il cantone Grigioni hanno bocciato l'Iniziativa sulla neutralità.","https://thumb.wikimedia.org/wikipedia/commons/thumb/b/b6/CHE_Fideris_COA.svg/250px-CHE_Fideris_COA.svg.png"
3862,62.7,62.7,37.3,"Furna (GR)","A Furna l'Iniziativa sulla neutralità passa con 52 contro 31 voti. Furna dice sì all'Iniziativa sulla neutralità, il cantone Grigioni dice no.","https://thumb.wikimedia.org/wikipedia/commons/thumb/0/0c/CHE_Furna_COA.svg/250px-CHE_Furna_COA.svg.png"
3863,38.8,38.8,61.2,"Jenaz (GR)","A Jenaz l'Iniziativa sulla neutralità è stata respinta con il 61,2 per cento. Sia Jenaz che il cantone Grigioni hanno bocciato l'Iniziativa sulla neutralità.","https://thumb.wikimedia.org/wikipedia/commons/thumb/9/99/CHE_Jenaz_COA.svg/250px-CHE_Jenaz_COA.svg.png"
3871,37.9,37.9,62.1,"Klosters-Serneus (GR)","La popolazione di Klosters-Serneus respinge l'Iniziativa sulla neutralità con il 62,1 per cento. Sia Klosters-Serneus che il cantone Grigioni hanno bocciato l'Iniziativa sulla neutralità.","https://thumb.wikimedia.org/wikipedia/commons/thumb/5/56/CHE_Klosters-Serneus_COA.svg/250px-CHE_Klosters-Serneus_COA.svg.png"
3881,44.8,44.8,55.2,"Conters im Prättigau (GR)","A Conters im Prättigau, l'Iniziativa sulla neutralità è stata respinta con 48 contro 39 voti. Sia Conters im Prättigau che il cantone Grigioni hanno bocciato l'Iniziativa sulla neutralità.","https://thumb.wikimedia.org/wikipedia/commons/thumb/d/d3/CHE_Conters_im_Pr%C3%A4ttigau_COA.svg/250px-CHE_Conters_im_Pr%C3%A4ttigau_COA.svg.png"
3882,47.7,47.7,52.3,"Küblis (GR)","A Küblis l'Iniziativa sulla neutralità non ottiene la maggioranza: 52,3 per cento di no. Sia Küblis che il cantone Grigioni hanno bocciato l'Iniziativa sulla neutralità.","https://thumb.wikimedia.org/wikipedia/commons/thumb/3/3b/CHE_K%C3%BCblis_COA.svg/250px-CHE_K%C3%BCblis_COA.svg.png"
3891,50.1,50.1,49.9,"Luzein (GR)","Sì all'Iniziativa sulla neutralità a Luzein, con il 50,1 per cento di voti favorevoli. Luzein dice sì all'Iniziativa sulla neutralità, il cantone Grigioni dice no.","https://thumb.wikimedia.org/wikipedia/commons/thumb/4/46/CHE_Luzein_COA.svg/250px-CHE_Luzein_COA.svg.png"
3901,26.5,26.5,73.5,"Coira (GR)","La popolazione di Coira respinge l'Iniziativa sulla neutralità con il 73,5 per cento. Sia Coira che il cantone Grigioni hanno bocciato l'Iniziativa sulla neutralità.","https://thumb.wikimedia.org/wikipedia/commons/thumb/5/5a/CHE_Chur_COA.svg/250px-CHE_Chur_COA.svg.png"
3911,29.8,29.8,70.2,"Churwalden (GR)","La popolazione di Churwalden respinge l'Iniziativa sulla neutralità con il 70,2 per cento. Sia Churwalden che il cantone Grigioni hanno bocciato l'Iniziativa sulla neutralità.","https://thumb.wikimedia.org/wikipedia/commons/thumb/0/00/CHE_Churwalden_COA.svg/960px-CHE_Churwalden_COA.svg.png"
3921,36.8,36.8,63.2,"Arosa (GR)","Con il 63,2 per cento dei voti, l'Iniziativa sulla neutralità viene respinta a Arosa. Sia Arosa che il cantone Grigioni hanno bocciato l'Iniziativa sulla neutralità.","https://thumb.wikimedia.org/wikipedia/commons/thumb/8/8c/CHE_Arosa_COA.svg/250px-CHE_Arosa_COA.svg.png"
3945,39.3,39.3,60.7,"Trimmis (GR)","Con il 60,7 per cento dei voti, l'Iniziativa sulla neutralità viene respinta a Trimmis. Sia Trimmis che il cantone Grigioni hanno bocciato l'Iniziativa sulla neutralità.","https://thumb.wikimedia.org/wikipedia/commons/thumb/4/40/CHE_Trimmis_COA.svg/250px-CHE_Trimmis_COA.svg.png"
3946,37.9,37.9,62.1,"Untervaz (GR)","A Untervaz l'Iniziativa sulla neutralità non ottiene la maggioranza: 62,1 per cento di no. Sia Untervaz che il cantone Grigioni hanno bocciato l'Iniziativa sulla neutralità.","https://thumb.wikimedia.org/wikipedia/commons/thumb/b/b3/CHE_Untervaz_COA.svg/250px-CHE_Untervaz_COA.svg.png"
3947,33.5,33.5,66.5,"Zizers (GR)","Con il 66,5 per cento dei voti, Zizers ha respinto l'Iniziativa sulla neutralità. Sia Zizers che il cantone Grigioni hanno bocciato l'Iniziativa sulla neutralità.","https://thumb.wikimedia.org/wikipedia/commons/thumb/a/a8/CHE_Zizers_COA.svg/250px-CHE_Zizers_COA.svg.png"
3951,36,36,64,"Fläsch (GR)","A Fläsch l'Iniziativa sulla neutralità è stata respinta con il 64 per cento. Sia Fläsch che il cantone Grigioni hanno bocciato l'Iniziativa sulla neutralità.","https://thumb.wikimedia.org/wikipedia/commons/thumb/6/6a/CHE_Fl%C3%A4sch_COA.svg/250px-CHE_Fl%C3%A4sch_COA.svg.png"
3952,28.9,28.9,71.1,"Jenins (GR)","A Jenins l'Iniziativa sulla neutralità non ottiene la maggioranza: 71,1 per cento di no. Sia Jenins che il cantone Grigioni hanno bocciato l'Iniziativa sulla neutralità.","https://thumb.wikimedia.org/wikipedia/commons/thumb/b/b9/CHE_Jenins_COA.svg/250px-CHE_Jenins_COA.svg.png"
3953,34.4,34.4,65.6,"Maienfeld (GR)","A Maienfeld, l'Iniziativa sulla neutralità è stata respinta con il 65,6 per cento. Sia Maienfeld che il cantone Grigioni hanno bocciato l'Iniziativa sulla neutralità.","https://thumb.wikimedia.org/wikipedia/commons/thumb/e/e9/CHE_Maienfeld_COA.svg/250px-CHE_Maienfeld_COA.svg.png"
3954,27,27,73,"Malans (GR)","A Malans l'Iniziativa sulla neutralità è stata respinta con il 73 per cento. Sia Malans che il cantone Grigioni hanno bocciato l'Iniziativa sulla neutralità.","https://thumb.wikimedia.org/wikipedia/commons/thumb/3/3e/CHE_Malans_COA.svg/250px-CHE_Malans_COA.svg.png"
3955,35.4,35.4,64.6,"Landquart (GR)","La popolazione di Landquart respinge l'Iniziativa sulla neutralità con il 64,6 per cento. Sia Landquart che il cantone Grigioni hanno bocciato l'Iniziativa sulla neutralità.","https://thumb.wikimedia.org/wikipedia/commons/thumb/3/38/CHE_Landquart_COA.svg/250px-CHE_Landquart_COA.svg.png"
3961,41.2,41.2,58.8,"Grüsch (GR)","A Grüsch, l'Iniziativa sulla neutralità è stata respinta con il 58,8 per cento. Sia Grüsch che il cantone Grigioni hanno bocciato l'Iniziativa sulla neutralità.","https://thumb.wikimedia.org/wikipedia/commons/thumb/4/48/CHE_Gr%C3%BCsch_COA.svg/250px-CHE_Gr%C3%BCsch_COA.svg.png"
3962,41.7,41.7,58.3,"Schiers (GR)","A Schiers l'Iniziativa sulla neutralità non ottiene la maggioranza: 58,3 per cento di no. Sia Schiers che il cantone Grigioni hanno bocciato l'Iniziativa sulla neutralità.","https://thumb.wikimedia.org/wikipedia/commons/thumb/f/f7/CHE_Schiers_COA.svg/250px-CHE_Schiers_COA.svg.png"
3972,41.1,41.1,58.9,"Seewis im Prättigau (GR)","A Seewis im Prättigau l'Iniziativa sulla neutralità è stata respinta con il 58,9 per cento. Sia Seewis im Prättigau che il cantone Grigioni hanno bocciato l'Iniziativa sulla neutralità.","https://thumb.wikimedia.org/wikipedia/commons/thumb/1/1c/CHE_Seewis_im_Pr%C3%A4ttigau_COA.svg/250px-CHE_Seewis_im_Pr%C3%A4ttigau_COA.svg.png"
3981,36,36,64,"Breil/Brigels (GR)","Con il 64 per cento dei voti, Breil/Brigels ha respinto l'Iniziativa sulla neutralità. Sia Breil/Brigels che il cantone Grigioni hanno bocciato l'Iniziativa sulla neutralità.","https://thumb.wikimedia.org/wikipedia/commons/thumb/8/84/CHE_Breil_Brigels_COA.svg/250px-CHE_Breil_Brigels_COA.svg.png"
3982,31.9,31.9,68.1,"Disentis/Mustér (GR)","Con il 68,1 per cento dei voti, l'Iniziativa sulla neutralità viene respinta a Disentis/Mustér. Sia Disentis/Mustér che il cantone Grigioni hanno bocciato l'Iniziativa sulla neutralità.","https://thumb.wikimedia.org/wikipedia/commons/thumb/e/e5/CHE_Disentis_Muster_COA.svg/250px-CHE_Disentis_Muster_COA.svg.png"
3983,23.1,23.1,76.9,"Medel (Lucmagn) (GR)","A Medel (Lucmagn), l'Iniziativa sulla neutralità è stata respinta con il 76,9 per cento. Sia Medel (Lucmagn) che il cantone Grigioni hanno bocciato l'Iniziativa sulla neutralità.","https://thumb.wikimedia.org/wikipedia/commons/thumb/a/a5/CHE_Medel_%28Lucmagn%29_COA.svg/250px-CHE_Medel_%28Lucmagn%29_COA.svg.png"
3985,29.8,29.8,70.2,"Sumvitg (GR)","Con il 70,2 per cento dei voti, l'Iniziativa sulla neutralità viene respinta a Sumvitg. Sia Sumvitg che il cantone Grigioni hanno bocciato l'Iniziativa sulla neutralità.","https://thumb.wikimedia.org/wikipedia/commons/thumb/7/7a/CHE_Sumvitg_COA.svg/250px-CHE_Sumvitg_COA.svg.png"
3986,24.8,24.8,75.2,"Tujetsch (GR)","La popolazione di Tujetsch respinge l'Iniziativa sulla neutralità con il 75,2 per cento. Sia Tujetsch che il cantone Grigioni hanno bocciato l'Iniziativa sulla neutralità.","https://thumb.wikimedia.org/wikipedia/commons/thumb/3/38/CHE_Tujetsch_COA.svg/250px-CHE_Tujetsch_COA.svg.png"
3987,29.3,29.3,70.7,"Trun (GR)","La popolazione di Trun respinge l'Iniziativa sulla neutralità con il 70,7 per cento. Sia Trun che il cantone Grigioni hanno bocciato l'Iniziativa sulla neutralità.","https://thumb.wikimedia.org/wikipedia/commons/thumb/8/8a/CHE_Trun_COA.svg/250px-CHE_Trun_COA.svg.png"
3988,37.1,37.1,62.9,"Obersaxen Mundaun (GR)","A Obersaxen Mundaun, l'Iniziativa sulla neutralità è stata respinta con il 62,9 per cento. Sia Obersaxen Mundaun che il cantone Grigioni hanno bocciato l'Iniziativa sulla neutralità.","https://thumb.wikimedia.org/wikipedia/commons/thumb/6/64/CHE_Obersaxen_Mundaun_COA.svg/250px-CHE_Obersaxen_Mundaun_COA.svg.png"
4001,18.1,18.1,81.9,"Aarau (AG)","A Aarau, l'Iniziativa sulla neutralità è stata respinta con il 81,9 per cento. Sia Aarau che il cantone Argovia hanno bocciato l'Iniziativa sulla neutralità.","https://thumb.wikimedia.org/wikipedia/commons/thumb/e/e9/CHE_Aarau_corporate_design_COA.svg/960px-CHE_Aarau_corporate_design_COA.svg.png"
4002,20.4,20.4,79.6,"Biberstein (AG)","La popolazione di Biberstein respinge l'Iniziativa sulla neutralità con il 79,6 per cento. Sia Biberstein che il cantone Argovia hanno bocciato l'Iniziativa sulla neutralità.","https://thumb.wikimedia.org/wikipedia/commons/thumb/a/a7/CHE_Biberstein_COA.svg/330px-CHE_Biberstein_COA.svg.png"
4003,25,25,75,"Buchs (AG)","A Buchs AG l'Iniziativa sulla neutralità non ottiene la maggioranza: 75 per cento di no. Sia Buchs AG che il cantone Argovia hanno bocciato l'Iniziativa sulla neutralità.","https://thumb.wikimedia.org/wikipedia/commons/thumb/1/16/Wappen_Buchs_AG.svg/330px-Wappen_Buchs_AG.svg.png"
4004,35.7,35.7,64.3,"Densbüren (AG)","A Densbüren, l'Iniziativa sulla neutralità è stata respinta con il 64,3 per cento. Sia Densbüren che il cantone Argovia hanno bocciato l'Iniziativa sulla neutralità.","https://thumb.wikimedia.org/wikipedia/commons/thumb/b/b2/Wappen_Densb%C3%BCren.svg/330px-Wappen_Densb%C3%BCren.svg.png"
4005,28.8,28.8,71.2,"Erlinsbach (AG)","Con il 71,2 per cento dei voti, Erlinsbach AG ha respinto l'Iniziativa sulla neutralità. Sia Erlinsbach AG che il cantone Argovia hanno bocciato l'Iniziativa sulla neutralità.","https://thumb.wikimedia.org/wikipedia/commons/thumb/d/d2/CHE_Erlinsbach_AG_COA.svg/330px-CHE_Erlinsbach_AG_COA.svg.png"
4006,32.4,32.4,67.6,"Gränichen (AG)","La popolazione di Gränichen respinge l'Iniziativa sulla neutralità con il 67,6 per cento. Sia Gränichen che il cantone Argovia hanno bocciato l'Iniziativa sulla neutralità.","https://thumb.wikimedia.org/wikipedia/commons/thumb/9/93/CHE_Gr%C3%A4nichen_AG_COA.svg/330px-CHE_Gr%C3%A4nichen_AG_COA.svg.png"
4007,33.9,33.9,66.1,"Hirschthal (AG)","La popolazione di Hirschthal respinge l'Iniziativa sulla neutralità con il 66,1 per cento. Sia Hirschthal che il cantone Argovia hanno bocciato l'Iniziativa sulla neutralità.","https://thumb.wikimedia.org/wikipedia/commons/thumb/e/e4/Wappen_Hirschthal_AG.svg/330px-Wappen_Hirschthal_AG.svg.png"
4008,20.5,20.5,79.5,"Küttigen (AG)","A Küttigen l'Iniziativa sulla neutralità non ottiene la maggioranza: 79,5 per cento di no. Sia Küttigen che il cantone Argovia hanno bocciato l'Iniziativa sulla neutralità.","https://thumb.wikimedia.org/wikipedia/commons/thumb/c/c8/CHE_K%C3%BCttigen_COA.svg/330px-CHE_K%C3%BCttigen_COA.svg.png"
4009,34.3,34.3,65.7,"Muhen (AG)","La popolazione di Muhen respinge l'Iniziativa sulla neutralità con il 65,7 per cento. Sia Muhen che il cantone Argovia hanno bocciato l'Iniziativa sulla neutralità.","https://thumb.wikimedia.org/wikipedia/commons/thumb/0/06/Wappen_Muhen_AG.svg/330px-Wappen_Muhen_AG.svg.png"
4010,28.4,28.4,71.6,"Oberentfelden (AG)","A Oberentfelden l'Iniziativa sulla neutralità è stata respinta con il 71,6 per cento. Sia Oberentfelden che il cantone Argovia hanno bocciato l'Iniziativa sulla neutralità.","https://thumb.wikimedia.org/wikipedia/commons/thumb/0/03/Wappen_Oberentfelden_AG.svg/330px-Wappen_Oberentfelden_AG.svg.png"
4012,21.9,21.9,78.1,"Suhr (AG)","A Suhr l'Iniziativa sulla neutralità è stata respinta con il 78,1 per cento. Sia Suhr che il cantone Argovia hanno bocciato l'Iniziativa sulla neutralità.","https://thumb.wikimedia.org/wikipedia/commons/thumb/b/b8/Wappen_Suhr_AG.svg/330px-Wappen_Suhr_AG.svg.png"
4013,26.4,26.4,73.6,"Unterentfelden (AG)","La popolazione di Unterentfelden respinge l'Iniziativa sulla neutralità con il 73,6 per cento. Sia Unterentfelden che il cantone Argovia hanno bocciato l'Iniziativa sulla neutralità.","https://thumb.wikimedia.org/wikipedia/commons/thumb/0/0e/CHE_Unterentfelden_COA.svg/330px-CHE_Unterentfelden_COA.svg.png"
4021,16.7,16.7,83.3,"Baden (AG)","A Baden l'Iniziativa sulla neutralità è stata respinta con il 83,3 per cento. Sia Baden che il cantone Argovia hanno bocciato l'Iniziativa sulla neutralità.","https://thumb.wikimedia.org/wikipedia/commons/thumb/9/91/CHE_Baden_AG_COA.svg/500px-CHE_Baden_AG_COA.svg.png"
4022,29.3,29.3,70.7,"Bellikon (AG)","Con il 70,7 per cento dei voti, l'Iniziativa sulla neutralità viene respinta a Bellikon. Sia Bellikon che il cantone Argovia hanno bocciato l'Iniziativa sulla neutralità.","https://thumb.wikimedia.org/wikipedia/commons/thumb/6/69/CHE_Bellikon_COA.svg/330px-CHE_Bellikon_COA.svg.png"
4023,27.9,27.9,72.1,"Bergdietikon (AG)","A Bergdietikon, l'Iniziativa sulla neutralità è stata respinta con il 72,1 per cento. Sia Bergdietikon che il cantone Argovia hanno bocciato l'Iniziativa sulla neutralità.","https://thumb.wikimedia.org/wikipedia/commons/thumb/4/45/CHE_Bergdietikon_COA.svg/330px-CHE_Bergdietikon_COA.svg.png"
4024,28.4,28.4,71.6,"Birmenstorf (AG)","Con il 71,6 per cento dei voti, Birmenstorf AG ha respinto l'Iniziativa sulla neutralità. Sia Birmenstorf AG che il cantone Argovia hanno bocciato l'Iniziativa sulla neutralità.","https://thumb.wikimedia.org/wikipedia/commons/thumb/b/be/CHE_Birmenstorf_COA.svg/330px-CHE_Birmenstorf_COA.svg.png"
4026,11.4,11.4,88.6,"Ennetbaden (AG)","La popolazione di Ennetbaden respinge l'Iniziativa sulla neutralità con il 88,6 per cento. Sia Ennetbaden che il cantone Argovia hanno bocciato l'Iniziativa sulla neutralità.","https://thumb.wikimedia.org/wikipedia/commons/thumb/6/6d/CHE_Ennetbaden_COA.svg/500px-CHE_Ennetbaden_COA.svg.png"
4027,26,26,74,"Fislisbach (AG)","A Fislisbach l'Iniziativa sulla neutralità non ottiene la maggioranza: 74 per cento di no. Sia Fislisbach che il cantone Argovia hanno bocciato l'Iniziativa sulla neutralità.","https://thumb.wikimedia.org/wikipedia/commons/thumb/c/c3/CHE_Fislisbach_COA.svg/960px-CHE_Fislisbach_COA.svg.png"
4028,24.1,24.1,75.9,"Freienwil (AG)","La popolazione di Freienwil respinge l'Iniziativa sulla neutralità con il 75,9 per cento. Sia Freienwil che il cantone Argovia hanno bocciato l'Iniziativa sulla neutralità.","https://thumb.wikimedia.org/wikipedia/commons/thumb/9/95/Wappen_Freienwil.svg/330px-Wappen_Freienwil.svg.png"
4029,25.9,25.9,74.1,"Gebenstorf (AG)","A Gebenstorf l'Iniziativa sulla neutralità non ottiene la maggioranza: 74,1 per cento di no. Sia Gebenstorf che il cantone Argovia hanno bocciato l'Iniziativa sulla neutralità.","https://thumb.wikimedia.org/wikipedia/commons/thumb/6/65/Wappen_Gebenstorf_AG.svg/330px-Wappen_Gebenstorf_AG.svg.png"
4030,27.2,27.2,72.8,"Killwangen (AG)","Con il 72,8 per cento dei voti, Killwangen ha respinto l'Iniziativa sulla neutralità. Sia Killwangen che il cantone Argovia hanno bocciato l'Iniziativa sulla neutralità.","https://thumb.wikimedia.org/wikipedia/commons/thumb/e/e3/CHE_Killwangen_COA.svg/960px-CHE_Killwangen_COA.svg.png"
4031,30.7,30.7,69.3,"Künten (AG)","Con il 69,3 per cento dei voti, Künten ha respinto l'Iniziativa sulla neutralità. Sia Künten che il cantone Argovia hanno bocciato l'Iniziativa sulla neutralità.","https://thumb.wikimedia.org/wikipedia/commons/thumb/9/9f/Wappen_K%C3%BCnten_AG.svg/330px-Wappen_K%C3%BCnten_AG.svg.png"
4032,29.5,29.5,70.5,"Mägenwil (AG)","Con il 70,5 per cento dei voti, l'Iniziativa sulla neutralità viene respinta a Mägenwil. Sia Mägenwil che il cantone Argovia hanno bocciato l'Iniziativa sulla neutralità.","https://thumb.wikimedia.org/wikipedia/commons/thumb/b/ba/Wappen_M%C3%A4genwil_AG.svg/330px-Wappen_M%C3%A4genwil_AG.svg.png"
4033,28.8,28.8,71.2,"Mellingen (AG)","Con il 71,2 per cento dei voti, Mellingen ha respinto l'Iniziativa sulla neutralità. Sia Mellingen che il cantone Argovia hanno bocciato l'Iniziativa sulla neutralità.","https://thumb.wikimedia.org/wikipedia/commons/thumb/c/cb/Wappen_Mellingen_AG.svg/330px-Wappen_Mellingen_AG.svg.png"
4034,34.3,34.3,65.7,"Neuenhof (AG)","Con il 65,7 per cento dei voti, Neuenhof ha respinto l'Iniziativa sulla neutralità. Sia Neuenhof che il cantone Argovia hanno bocciato l'Iniziativa sulla neutralità.","https://thumb.wikimedia.org/wikipedia/commons/thumb/f/ff/CHE_Neuenhof_COA.svg/330px-CHE_Neuenhof_COA.svg.png"
4035,23.6,23.6,76.4,"Niederrohrdorf (AG)","Con il 76,4 per cento dei voti, l'Iniziativa sulla neutralità viene respinta a Niederrohrdorf. Sia Niederrohrdorf che il cantone Argovia hanno bocciato l'Iniziativa sulla neutralità.","https://thumb.wikimedia.org/wikipedia/commons/thumb/c/c3/Wappen_Niederrohrdorf_AG.svg/330px-Wappen_Niederrohrdorf_AG.svg.png"
4037,26.8,26.8,73.2,"Oberrohrdorf (AG)","La popolazione di Oberrohrdorf respinge l'Iniziativa sulla neutralità con il 73,2 per cento. Sia Oberrohrdorf che il cantone Argovia hanno bocciato l'Iniziativa sulla neutralità.","https://thumb.wikimedia.org/wikipedia/commons/thumb/4/48/Wappen_Oberrohrdorf_AG.svg/330px-Wappen_Oberrohrdorf_AG.svg.png"
4038,21.6,21.6,78.4,"Obersiggenthal (AG)","Con il 78,4 per cento dei voti, Obersiggenthal ha respinto l'Iniziativa sulla neutralità. Sia Obersiggenthal che il cantone Argovia hanno bocciato l'Iniziativa sulla neutralità.","https://thumb.wikimedia.org/wikipedia/commons/thumb/2/21/Wappen_Obersiggenthal_AG.svg/330px-Wappen_Obersiggenthal_AG.svg.png"
4039,31.6,31.6,68.4,"Remetschwil (AG)","A Remetschwil l'Iniziativa sulla neutralità è stata respinta con il 68,4 per cento. Sia Remetschwil che il cantone Argovia hanno bocciato l'Iniziativa sulla neutralità.","https://thumb.wikimedia.org/wikipedia/commons/thumb/8/88/CHE_Remetschwil_COA.svg/330px-CHE_Remetschwil_COA.svg.png"
4040,39.3,39.3,60.7,"Spreitenbach (AG)","A Spreitenbach l'Iniziativa sulla neutralità è stata respinta con il 60,7 per cento. Sia Spreitenbach che il cantone Argovia hanno bocciato l'Iniziativa sulla neutralità.","https://thumb.wikimedia.org/wikipedia/commons/thumb/5/56/CHE_Spreitenbach_COA.svg/330px-CHE_Spreitenbach_COA.svg.png"
4041,33.2,33.2,66.8,"Stetten (AG)","A Stetten AG l'Iniziativa sulla neutralità è stata respinta con il 66,8 per cento. Sia Stetten AG che il cantone Argovia hanno bocciato l'Iniziativa sulla neutralità.","https://thumb.wikimedia.org/wikipedia/commons/thumb/e/eb/CHE_Stetten_AG_COA.svg/960px-CHE_Stetten_AG_COA.svg.png"
4044,24.3,24.3,75.7,"Untersiggenthal (AG)","Con il 75,7 per cento dei voti, Untersiggenthal ha respinto l'Iniziativa sulla neutralità. Sia Untersiggenthal che il cantone Argovia hanno bocciato l'Iniziativa sulla neutralità.","https://thumb.wikimedia.org/wikipedia/commons/thumb/a/a3/Wappen_Untersiggenthal_AG.svg/330px-Wappen_Untersiggenthal_AG.svg.png"
4045,22.3,22.3,77.7,"Wettingen (AG)","A Wettingen l'Iniziativa sulla neutralità non ottiene la maggioranza: 77,7 per cento di no. Sia Wettingen che il cantone Argovia hanno bocciato l'Iniziativa sulla neutralità.","https://thumb.wikimedia.org/wikipedia/commons/thumb/0/00/Wappen_Wettingen_AG.svg/330px-Wappen_Wettingen_AG.svg.png"
4046,27.2,27.2,72.8,"Wohlenschwil (AG)","La popolazione di Wohlenschwil respinge l'Iniziativa sulla neutralità con il 72,8 per cento. Sia Wohlenschwil che il cantone Argovia hanno bocciato l'Iniziativa sulla neutralità.","https://thumb.wikimedia.org/wikipedia/commons/thumb/1/18/CHE_Wohlenschwil_COA.svg/330px-CHE_Wohlenschwil_COA.svg.png"
4047,30.1,30.1,69.9,"Würenlingen (AG)","Con il 69,9 per cento dei voti, l'Iniziativa sulla neutralità viene respinta a Würenlingen. Sia Würenlingen che il cantone Argovia hanno bocciato l'Iniziativa sulla neutralità.","https://thumb.wikimedia.org/wikipedia/commons/thumb/d/d7/CHE_W%C3%BCrenlingen_COA.svg/330px-CHE_W%C3%BCrenlingen_COA.svg.png"
4048,25.6,25.6,74.4,"Würenlos (AG)","A Würenlos l'Iniziativa sulla neutralità è stata respinta con il 74,4 per cento. Sia Würenlos che il cantone Argovia hanno bocciato l'Iniziativa sulla neutralità.","https://thumb.wikimedia.org/wikipedia/commons/thumb/8/8d/CHE_W%C3%BCrenlos_COA.svg/330px-CHE_W%C3%BCrenlos_COA.svg.png"
4049,28.6,28.6,71.4,"Ehrendingen (AG)","A Ehrendingen l'Iniziativa sulla neutralità non ottiene la maggioranza: 71,4 per cento di no. Sia Ehrendingen che il cantone Argovia hanno bocciato l'Iniziativa sulla neutralità.","https://thumb.wikimedia.org/wikipedia/commons/thumb/a/af/Wappen_Ehrendingen.svg/960px-Wappen_Ehrendingen.svg.png"
4061,29.4,29.4,70.6,"Arni (AG)","A Arni AG l'Iniziativa sulla neutralità è stata respinta con il 70,6 per cento. Sia Arni AG che il cantone Argovia hanno bocciato l'Iniziativa sulla neutralità.","https://thumb.wikimedia.org/wikipedia/commons/thumb/a/a1/CHE_Arni_AG_COA.svg/330px-CHE_Arni_AG_COA.svg.png"
4062,26.8,26.8,73.2,"Berikon (AG)","A Berikon l'Iniziativa sulla neutralità non ottiene la maggioranza: 73,2 per cento di no. Sia Berikon che il cantone Argovia hanno bocciato l'Iniziativa sulla neutralità.","https://thumb.wikimedia.org/wikipedia/commons/thumb/0/09/CHE_Berikon_COA.svg/330px-CHE_Berikon_COA.svg.png"
4063,26.5,26.5,73.5,"Bremgarten (AG)","La popolazione di Bremgarten AG respinge l'Iniziativa sulla neutralità con il 73,5 per cento. Sia Bremgarten AG che il cantone Argovia hanno bocciato l'Iniziativa sulla neutralità.","https://thumb.wikimedia.org/wikipedia/commons/thumb/b/b5/CHE_Bremgarten_AG_COA.svg/330px-CHE_Bremgarten_AG_COA.svg.png"
4064,40.5,40.5,59.5,"Büttikon (AG)","Con il 59,5 per cento dei voti, l'Iniziativa sulla neutralità viene respinta a Büttikon. Sia Büttikon che il cantone Argovia hanno bocciato l'Iniziativa sulla neutralità.","https://thumb.wikimedia.org/wikipedia/commons/thumb/7/75/Wappen_B%C3%BCttikon.svg/330px-Wappen_B%C3%BCttikon.svg.png"
4065,36.4,36.4,63.6,"Dottikon (AG)","Con il 63,6 per cento dei voti, Dottikon ha respinto l'Iniziativa sulla neutralità. Sia Dottikon che il cantone Argovia hanno bocciato l'Iniziativa sulla neutralità.","https://thumb.wikimedia.org/wikipedia/commons/thumb/0/08/Wappen_Dottikon.svg/330px-Wappen_Dottikon.svg.png"
4066,35.4,35.4,64.6,"Eggenwil (AG)","Con il 64,6 per cento dei voti, Eggenwil ha respinto l'Iniziativa sulla neutralità. Sia Eggenwil che il cantone Argovia hanno bocciato l'Iniziativa sulla neutralità.","https://thumb.wikimedia.org/wikipedia/commons/thumb/7/78/Wappen_Eggenwil.svg/330px-Wappen_Eggenwil.svg.png"
4067,34.7,34.7,65.3,"Fischbach-Göslikon (AG)","A Fischbach-Göslikon l'Iniziativa sulla neutralità non ottiene la maggioranza: 65,3 per cento di no. Sia Fischbach-Göslikon che il cantone Argovia hanno bocciato l'Iniziativa sulla neutralità.","https://thumb.wikimedia.org/wikipedia/commons/thumb/a/ac/CHE_Fischbach-G%C3%B6slikon_COA.svg/330px-CHE_Fischbach-G%C3%B6slikon_COA.svg.png"
4068,28.4,28.4,71.6,"Hägglingen (AG)","La popolazione di Hägglingen respinge l'Iniziativa sulla neutralità con il 71,6 per cento. Sia Hägglingen che il cantone Argovia hanno bocciato l'Iniziativa sulla neutralità.","https://thumb.wikimedia.org/wikipedia/commons/thumb/7/7c/Wappen_H%C3%A4gglingen.svg/330px-Wappen_H%C3%A4gglingen.svg.png"
4071,28.4,28.4,71.6,"Jonen (AG)","A Jonen l'Iniziativa sulla neutralità non ottiene la maggioranza: 71,6 per cento di no. Sia Jonen che il cantone Argovia hanno bocciato l'Iniziativa sulla neutralità.","https://thumb.wikimedia.org/wikipedia/commons/thumb/9/99/Wappen_Jonen_AG.svg/330px-Wappen_Jonen_AG.svg.png"
4072,33.2,33.2,66.8,"Niederwil (AG)","A Niederwil AG l'Iniziativa sulla neutralità è stata respinta con il 66,8 per cento. Sia Niederwil AG che il cantone Argovia hanno bocciato l'Iniziativa sulla neutralità.","https://thumb.wikimedia.org/wikipedia/commons/thumb/8/86/CHE_Niederwil_AG_COA.svg/330px-CHE_Niederwil_AG_COA.svg.png"
4073,29,29,71,"Oberlunkhofen (AG)","La popolazione di Oberlunkhofen respinge l'Iniziativa sulla neutralità con il 71 per cento. Sia Oberlunkhofen che il cantone Argovia hanno bocciato l'Iniziativa sulla neutralità.","https://thumb.wikimedia.org/wikipedia/commons/thumb/c/c5/CHE_Oberlunkhofen_COA.svg/330px-CHE_Oberlunkhofen_COA.svg.png"
4074,34.1,34.1,65.9,"Oberwil-Lieli (AG)","A Oberwil-Lieli, l'Iniziativa sulla neutralità è stata respinta con il 65,9 per cento. Sia Oberwil-Lieli che il cantone Argovia hanno bocciato l'Iniziativa sulla neutralità.","https://thumb.wikimedia.org/wikipedia/commons/thumb/7/7c/Wappen_Oberwil-Lieli_AG.svg/330px-Wappen_Oberwil-Lieli_AG.svg.png"
4075,30.4,30.4,69.6,"Rudolfstetten-Friedlisberg (AG)","La popolazione di Rudolfstetten-Friedlisberg respinge l'Iniziativa sulla neutralità con il 69,6 per cento. Sia Rudolfstetten-Friedlisberg che il cantone Argovia hanno bocciato l'Iniziativa sulla neutralità.","https://thumb.wikimedia.org/wikipedia/commons/thumb/6/6b/Wappen_Rudolfstetten_AG.svg/330px-Wappen_Rudolfstetten_AG.svg.png"
4076,34.7,34.7,65.3,"Sarmenstorf (AG)","Con il 65,3 per cento dei voti, Sarmenstorf ha respinto l'Iniziativa sulla neutralità. Sia Sarmenstorf che il cantone Argovia hanno bocciato l'Iniziativa sulla neutralità.","https://thumb.wikimedia.org/wikipedia/commons/thumb/4/49/Wappen_Sarmenstorf_AG.svg/330px-Wappen_Sarmenstorf_AG.svg.png"
4077,34.3,34.3,65.7,"Tägerig (AG)","A Tägerig l'Iniziativa sulla neutralità non ottiene la maggioranza: 65,7 per cento di no. Sia Tägerig che il cantone Argovia hanno bocciato l'Iniziativa sulla neutralità.","https://thumb.wikimedia.org/wikipedia/commons/thumb/7/7c/Wappen_T%C3%A4gerig_AG.svg/330px-Wappen_T%C3%A4gerig_AG.svg.png"
4078,51.1,51.1,48.9,"Uezwil (AG)","A Uezwil, l'Iniziativa sulla neutralità è approvata con il 51,1 per cento. Uezwil dice sì all'Iniziativa sulla neutralità, il cantone Argovia dice no.","https://thumb.wikimedia.org/wikipedia/commons/thumb/2/28/Wappen_Uezwil_AG.svg/330px-Wappen_Uezwil_AG.svg.png"
4079,35.4,35.4,64.6,"Unterlunkhofen (AG)","A Unterlunkhofen l'Iniziativa sulla neutralità è stata respinta con il 64,6 per cento. Sia Unterlunkhofen che il cantone Argovia hanno bocciato l'Iniziativa sulla neutralità.","https://thumb.wikimedia.org/wikipedia/commons/thumb/5/5a/CHE_Unterlunkhofen_COA.svg/330px-CHE_Unterlunkhofen_COA.svg.png"
4080,37,37,63,"Villmergen (AG)","A Villmergen l'Iniziativa sulla neutralità è stata respinta con il 63 per cento. Sia Villmergen che il cantone Argovia hanno bocciato l'Iniziativa sulla neutralità.","https://thumb.wikimedia.org/wikipedia/commons/thumb/b/bb/CHE_Villmergen_COA.svg/330px-CHE_Villmergen_COA.svg.png"
4081,30.1,30.1,69.9,"Widen (AG)","La popolazione di Widen respinge l'Iniziativa sulla neutralità con il 69,9 per cento. Sia Widen che il cantone Argovia hanno bocciato l'Iniziativa sulla neutralità.","https://thumb.wikimedia.org/wikipedia/commons/thumb/7/7d/Wappen_Widen_AG.svg/330px-Wappen_Widen_AG.svg.png"
4082,29.9,29.9,70.1,"Wohlen (AG)","A Wohlen AG l'Iniziativa sulla neutralità non ottiene la maggioranza: 70,1 per cento di no. Sia Wohlen AG che il cantone Argovia hanno bocciato l'Iniziativa sulla neutralità.","https://thumb.wikimedia.org/wikipedia/commons/thumb/1/1e/CHE_Wohlen_AG_COA.svg/500px-CHE_Wohlen_AG_COA.svg.png"
4083,31.2,31.2,68.8,"Zufikon (AG)","La popolazione di Zufikon respinge l'Iniziativa sulla neutralità con il 68,8 per cento. Sia Zufikon che il cantone Argovia hanno bocciato l'Iniziativa sulla neutralità.","https://thumb.wikimedia.org/wikipedia/commons/thumb/3/39/CHE_Zufikon_COA.svg/330px-CHE_Zufikon_COA.svg.png"
4084,34.5,34.5,65.5,"Islisberg (AG)","La popolazione di Islisberg respinge l'Iniziativa sulla neutralità con il 65,5 per cento. Sia Islisberg che il cantone Argovia hanno bocciato l'Iniziativa sulla neutralità.","https://thumb.wikimedia.org/wikipedia/commons/thumb/3/39/Wappen_Islisberg_AG.svg/330px-Wappen_Islisberg_AG.svg.png"
4091,28.3,28.3,71.7,"Auenstein (AG)","A Auenstein l'Iniziativa sulla neutralità non ottiene la maggioranza: 71,7 per cento di no. Sia Auenstein che il cantone Argovia hanno bocciato l'Iniziativa sulla neutralità.","https://thumb.wikimedia.org/wikipedia/commons/thumb/d/d4/CHE_Auenstein_COA.svg/330px-CHE_Auenstein_COA.svg.png"
4092,35.7,35.7,64.3,"Birr (AG)","La popolazione di Birr respinge l'Iniziativa sulla neutralità con il 64,3 per cento. Sia Birr che il cantone Argovia hanno bocciato l'Iniziativa sulla neutralità.","https://thumb.wikimedia.org/wikipedia/commons/thumb/d/d4/CHE_Birr_AG_COA.svg/330px-CHE_Birr_AG_COA.svg.png"
4093,42.4,42.4,57.6,"Birrhard (AG)","La popolazione di Birrhard respinge l'Iniziativa sulla neutralità con il 57,6 per cento. Sia Birrhard che il cantone Argovia hanno bocciato l'Iniziativa sulla neutralità.","https://thumb.wikimedia.org/wikipedia/commons/thumb/c/c1/Wappen_Birrhard.svg/330px-Wappen_Birrhard.svg.png"
4095,23.5,23.5,76.5,"Brugg (AG)","A Brugg, l'Iniziativa sulla neutralità è stata respinta con il 76,5 per cento. Sia Brugg che il cantone Argovia hanno bocciato l'Iniziativa sulla neutralità.","https://thumb.wikimedia.org/wikipedia/commons/thumb/0/0c/CHE_Brugg_COA.svg/330px-CHE_Brugg_COA.svg.png"
4099,35.3,35.3,64.7,"Habsburg (AG)","La popolazione di Habsburg respinge l'Iniziativa sulla neutralità con il 64,7 per cento. Sia Habsburg che il cantone Argovia hanno bocciato l'Iniziativa sulla neutralità.","https://thumb.wikimedia.org/wikipedia/commons/thumb/b/b2/Wappen_Habsburg_AG.svg/330px-Wappen_Habsburg_AG.svg.png"
4100,30.2,30.2,69.8,"Hausen (AG)","A Hausen AG l'Iniziativa sulla neutralità non ottiene la maggioranza: 69,8 per cento di no. Sia Hausen AG che il cantone Argovia hanno bocciato l'Iniziativa sulla neutralità.","https://thumb.wikimedia.org/wikipedia/commons/thumb/b/b1/CHE_Hausen_AG_COA.svg/500px-CHE_Hausen_AG_COA.svg.png"
4104,32.9,32.9,67.1,"Lupfig (AG)","A Lupfig l'Iniziativa sulla neutralità è stata respinta con il 67,1 per cento. Sia Lupfig che il cantone Argovia hanno bocciato l'Iniziativa sulla neutralità.","https://thumb.wikimedia.org/wikipedia/commons/thumb/1/1b/Wappen_Lupfig.svg/330px-Wappen_Lupfig.svg.png"
4105,47.6,47.6,52.4,"Mandach (AG)","A Mandach, l'Iniziativa sulla neutralità è stata respinta con il 52,4 per cento. Sia Mandach che il cantone Argovia hanno bocciato l'Iniziativa sulla neutralità.","https://thumb.wikimedia.org/wikipedia/commons/thumb/e/ef/Wappen_Mandach_AG.svg/330px-Wappen_Mandach_AG.svg.png"
4106,39.7,39.7,60.3,"Mönthal (AG)","Con il 60,3 per cento dei voti, Mönthal ha respinto l'Iniziativa sulla neutralità. Sia Mönthal che il cantone Argovia hanno bocciato l'Iniziativa sulla neutralità.","https://thumb.wikimedia.org/wikipedia/commons/thumb/b/b6/CHE_M%C3%B6nthal_COA.svg/960px-CHE_M%C3%B6nthal_COA.svg.png"
4107,30.9,30.9,69.1,"Mülligen (AG)","La popolazione di Mülligen respinge l'Iniziativa sulla neutralità con il 69,1 per cento. Sia Mülligen che il cantone Argovia hanno bocciato l'Iniziativa sulla neutralità.","https://thumb.wikimedia.org/wikipedia/commons/thumb/a/aa/CHE_M%C3%BClligen_COA.svg/330px-CHE_M%C3%BClligen_COA.svg.png"
4110,33.3,33.3,66.7,"Remigen (AG)","Con il 66,7 per cento dei voti, l'Iniziativa sulla neutralità viene respinta a Remigen. Sia Remigen che il cantone Argovia hanno bocciato l'Iniziativa sulla neutralità.","https://thumb.wikimedia.org/wikipedia/commons/thumb/c/c0/Wappen_Remigen_AG.svg/330px-Wappen_Remigen_AG.svg.png"
4111,29.2,29.2,70.8,"Riniken (AG)","La popolazione di Riniken respinge l'Iniziativa sulla neutralità con il 70,8 per cento. Sia Riniken che il cantone Argovia hanno bocciato l'Iniziativa sulla neutralità.","https://thumb.wikimedia.org/wikipedia/commons/thumb/a/ac/Wappen_Riniken_AG.svg/330px-Wappen_Riniken_AG.svg.png"
4112,32.5,32.5,67.5,"Rüfenach (AG)","La popolazione di Rüfenach respinge l'Iniziativa sulla neutralità con il 67,5 per cento. Sia Rüfenach che il cantone Argovia hanno bocciato l'Iniziativa sulla neutralità.","https://thumb.wikimedia.org/wikipedia/commons/thumb/e/e7/Wappen_R%C3%BCfenach_AG.svg/330px-Wappen_R%C3%BCfenach_AG.svg.png"
4117,40.1,40.1,59.9,"Thalheim (AG)","A Thalheim AG l'Iniziativa sulla neutralità è stata respinta con il 59,9 per cento. Sia Thalheim AG che il cantone Argovia hanno bocciato l'Iniziativa sulla neutralità.","https://thumb.wikimedia.org/wikipedia/commons/thumb/3/3e/Wappen_Thalheim_AG.svg/330px-Wappen_Thalheim_AG.svg.png"
4120,34.4,34.4,65.6,"Veltheim (AG)","A Veltheim AG l'Iniziativa sulla neutralità è stata respinta con il 65,6 per cento. Sia Veltheim AG che il cantone Argovia hanno bocciato l'Iniziativa sulla neutralità.","https://thumb.wikimedia.org/wikipedia/commons/thumb/8/85/Wappen_Veltheim_AG.svg/330px-Wappen_Veltheim_AG.svg.png"
4121,29.6,29.6,70.4,"Villigen (AG)","La popolazione di Villigen respinge l'Iniziativa sulla neutralità con il 70,4 per cento. Sia Villigen che il cantone Argovia hanno bocciato l'Iniziativa sulla neutralità.","https://thumb.wikimedia.org/wikipedia/commons/thumb/6/61/CHE_Villigen_COA.svg/330px-CHE_Villigen_COA.svg.png"
4123,21.4,21.4,78.6,"Windisch (AG)","A Windisch, l'Iniziativa sulla neutralità è stata respinta con il 78,6 per cento. Sia Windisch che il cantone Argovia hanno bocciato l'Iniziativa sulla neutralità.","https://thumb.wikimedia.org/wikipedia/commons/thumb/7/70/Wappen_Windisch_AG.svg/330px-Wappen_Windisch_AG.svg.png"
4124,30.6,30.6,69.4,"Bözberg (AG)","Con il 69,4 per cento dei voti, Bözberg ha respinto l'Iniziativa sulla neutralità. Sia Bözberg che il cantone Argovia hanno bocciato l'Iniziativa sulla neutralità.","https://thumb.wikimedia.org/wikipedia/commons/thumb/c/c9/CHE_B%C3%B6zberg_COA.svg/960px-CHE_B%C3%B6zberg_COA.svg.png"
4125,26.2,26.2,73.8,"Schinznach (AG)","A Schinznach l'Iniziativa sulla neutralità non ottiene la maggioranza: 73,8 per cento di no. Sia Schinznach che il cantone Argovia hanno bocciato l'Iniziativa sulla neutralità.","https://thumb.wikimedia.org/wikipedia/commons/thumb/e/e6/CHE_Schinznach_COA.svg/960px-CHE_Schinznach_COA.svg.png"
4131,35.5,35.5,64.5,"Beinwil am See (AG)","A Beinwil am See, l'Iniziativa sulla neutralità è stata respinta con il 64,5 per cento. Sia Beinwil am See che il cantone Argovia hanno bocciato l'Iniziativa sulla neutralità.","https://thumb.wikimedia.org/wikipedia/commons/thumb/8/8b/CHE_Beinwil_am_See_COA.svg/500px-CHE_Beinwil_am_See_COA.svg.png"
4132,37.7,37.7,62.3,"Birrwil (AG)","La popolazione di Birrwil respinge l'Iniziativa sulla neutralità con il 62,3 per cento. Sia Birrwil che il cantone Argovia hanno bocciato l'Iniziativa sulla neutralità.","https://thumb.wikimedia.org/wikipedia/commons/thumb/1/12/CHE_Birrwil_COA.svg/330px-CHE_Birrwil_COA.svg.png"
4134,45.2,45.2,54.8,"Dürrenäsch (AG)","Con il 54,8 per cento dei voti, Dürrenäsch ha respinto l'Iniziativa sulla neutralità. Sia Dürrenäsch che il cantone Argovia hanno bocciato l'Iniziativa sulla neutralità.","https://thumb.wikimedia.org/wikipedia/commons/thumb/8/8a/Wappen_D%C3%BCrren%C3%A4sch.svg/330px-Wappen_D%C3%BCrren%C3%A4sch.svg.png"
4135,47.9,47.9,52.1,"Gontenschwil (AG)","Con il 52,1 per cento dei voti, l'Iniziativa sulla neutralità viene respinta a Gontenschwil. Sia Gontenschwil che il cantone Argovia hanno bocciato l'Iniziativa sulla neutralità.","https://thumb.wikimedia.org/wikipedia/commons/thumb/4/4c/Wappen_Gontenschwil.svg/330px-Wappen_Gontenschwil.svg.png"
4136,42.4,42.4,57.6,"Holziken (AG)","A Holziken l'Iniziativa sulla neutralità non ottiene la maggioranza: 57,6 per cento di no. Sia Holziken che il cantone Argovia hanno bocciato l'Iniziativa sulla neutralità.","https://thumb.wikimedia.org/wikipedia/commons/thumb/9/90/CHE_Holziken_COA.svg/500px-CHE_Holziken_COA.svg.png"
4137,42.2,42.2,57.8,"Leimbach (AG)","La popolazione di Leimbach AG respinge l'Iniziativa sulla neutralità con il 57,8 per cento. Sia Leimbach AG che il cantone Argovia hanno bocciato l'Iniziativa sulla neutralità.","https://thumb.wikimedia.org/wikipedia/commons/thumb/9/91/CHE_Leimbach_AG_COA.svg/960px-CHE_Leimbach_AG_COA.svg.png"
4138,46.5,46.5,53.5,"Leutwil (AG)","A Leutwil l'Iniziativa sulla neutralità è stata respinta con il 53,5 per cento. Sia Leutwil che il cantone Argovia hanno bocciato l'Iniziativa sulla neutralità.","https://thumb.wikimedia.org/wikipedia/commons/thumb/2/2d/Wappen_Leutwil.svg/330px-Wappen_Leutwil.svg.png"
4139,40.9,40.9,59.1,"Menziken (AG)","A Menziken, l'Iniziativa sulla neutralità è stata respinta con il 59,1 per cento. Sia Menziken che il cantone Argovia hanno bocciato l'Iniziativa sulla neutralità.","https://thumb.wikimedia.org/wikipedia/commons/thumb/f/f2/CHE_Menziken_COA.svg/500px-CHE_Menziken_COA.svg.png"
4140,44.5,44.5,55.5,"Oberkulm (AG)","A Oberkulm, l'Iniziativa sulla neutralità è stata respinta con il 55,5 per cento. Sia Oberkulm che il cantone Argovia hanno bocciato l'Iniziativa sulla neutralità.","https://thumb.wikimedia.org/wikipedia/commons/thumb/6/6a/CHE_Oberkulm_COA.svg/500px-CHE_Oberkulm_COA.svg.png"
4141,43,43,57,"Reinach (AG)","La popolazione di Reinach AG respinge l'Iniziativa sulla neutralità con il 57 per cento. Sia Reinach AG che il cantone Argovia hanno bocciato l'Iniziativa sulla neutralità.","https://thumb.wikimedia.org/wikipedia/commons/thumb/3/34/CHE_Reinach_AG_COA.svg/330px-CHE_Reinach_AG_COA.svg.png"
4142,45.2,45.2,54.8,"Schlossrued (AG)","A Schlossrued, l'Iniziativa sulla neutralità è stata respinta con il 54,8 per cento. Sia Schlossrued che il cantone Argovia hanno bocciato l'Iniziativa sulla neutralità.","https://thumb.wikimedia.org/wikipedia/commons/thumb/d/d5/CHE_Schlossrued_COA.svg/960px-CHE_Schlossrued_COA.svg.png"
4143,49,49,51,"Schmiedrued (AG)","Con il 51 per cento dei voti, Schmiedrued ha respinto l'Iniziativa sulla neutralità. Sia Schmiedrued che il cantone Argovia hanno bocciato l'Iniziativa sulla neutralità.","https://thumb.wikimedia.org/wikipedia/commons/thumb/b/bb/CHE_Schmiedrued_COA.svg/330px-CHE_Schmiedrued_COA.svg.png"
4144,32.5,32.5,67.5,"Schöftland (AG)","Con il 67,5 per cento dei voti, Schöftland ha respinto l'Iniziativa sulla neutralità. Sia Schöftland che il cantone Argovia hanno bocciato l'Iniziativa sulla neutralità.","https://thumb.wikimedia.org/wikipedia/commons/thumb/a/a8/CHE_Sch%C3%B6ftland_COA.svg/500px-CHE_Sch%C3%B6ftland_COA.svg.png"
4145,39.6,39.6,60.4,"Teufenthal (AG)","A Teufenthal AG, l'Iniziativa sulla neutralità è stata respinta con il 60,4 per cento. Sia Teufenthal AG che il cantone Argovia hanno bocciato l'Iniziativa sulla neutralità.","https://thumb.wikimedia.org/wikipedia/commons/thumb/8/8a/Coat_of_arms_of_Teufenthal.svg/960px-Coat_of_arms_of_Teufenthal.svg.png"
4146,43.7,43.7,56.3,"Unterkulm (AG)","La popolazione di Unterkulm respinge l'Iniziativa sulla neutralità con il 56,3 per cento. Sia Unterkulm che il cantone Argovia hanno bocciato l'Iniziativa sulla neutralità.","https://thumb.wikimedia.org/wikipedia/commons/thumb/a/ad/CHE_Unterkulm_COA.svg/500px-CHE_Unterkulm_COA.svg.png"
4147,40.8,40.8,59.2,"Zetzwil (AG)","A Zetzwil, l'Iniziativa sulla neutralità è stata respinta con il 59,2 per cento. Sia Zetzwil che il cantone Argovia hanno bocciato l'Iniziativa sulla neutralità.","https://thumb.wikimedia.org/wikipedia/commons/thumb/d/d4/CHE_Zetzwil_COA.svg/330px-CHE_Zetzwil_COA.svg.png"
4161,32.9,32.9,67.1,"Eiken (AG)","A Eiken, l'Iniziativa sulla neutralità è stata respinta con il 67,1 per cento. Sia Eiken che il cantone Argovia hanno bocciato l'Iniziativa sulla neutralità.","https://thumb.wikimedia.org/wikipedia/commons/thumb/2/26/Wappen_Eiken.svg/330px-Wappen_Eiken.svg.png"
4163,29.9,29.9,70.1,"Frick (AG)","Con il 70,1 per cento dei voti, Frick ha respinto l'Iniziativa sulla neutralità. Sia Frick che il cantone Argovia hanno bocciato l'Iniziativa sulla neutralità.","https://thumb.wikimedia.org/wikipedia/commons/thumb/6/62/CHE_Frick_COA.svg/330px-CHE_Frick_COA.svg.png"
4164,33,33,67,"Gansingen (AG)","La popolazione di Gansingen respinge l'Iniziativa sulla neutralità con il 67 per cento. Sia Gansingen che il cantone Argovia hanno bocciato l'Iniziativa sulla neutralità.","https://thumb.wikimedia.org/wikipedia/commons/thumb/a/a3/CHE_Gansingen_COA.svg/330px-CHE_Gansingen_COA.svg.png"
4165,22.1,22.1,77.9,"Gipf-Oberfrick (AG)","La popolazione di Gipf-Oberfrick respinge l'Iniziativa sulla neutralità con il 77,9 per cento. Sia Gipf-Oberfrick che il cantone Argovia hanno bocciato l'Iniziativa sulla neutralità.","https://thumb.wikimedia.org/wikipedia/commons/thumb/d/dc/CHE_Gipf-Oberfrick_COA.svg/330px-CHE_Gipf-Oberfrick_COA.svg.png"
4169,31.8,31.8,68.2,"Kaisten (AG)","Con il 68,2 per cento dei voti, l'Iniziativa sulla neutralità viene respinta a Kaisten. Sia Kaisten che il cantone Argovia hanno bocciato l'Iniziativa sulla neutralità.","https://thumb.wikimedia.org/wikipedia/commons/thumb/d/dd/Wappen_Kaisten_AG.svg/330px-Wappen_Kaisten_AG.svg.png"
4170,29.7,29.7,70.3,"Laufenburg (AG)","A Laufenburg l'Iniziativa sulla neutralità non ottiene la maggioranza: 70,3 per cento di no. Sia Laufenburg che il cantone Argovia hanno bocciato l'Iniziativa sulla neutralità.","https://thumb.wikimedia.org/wikipedia/commons/thumb/4/49/Wappen_Laufenburg_AG.svg/330px-Wappen_Laufenburg_AG.svg.png"
4172,34.2,34.2,65.8,"Münchwilen (AG)","A Münchwilen AG, l'Iniziativa sulla neutralità è stata respinta con il 65,8 per cento. Sia Münchwilen AG che il cantone Argovia hanno bocciato l'Iniziativa sulla neutralità.","https://thumb.wikimedia.org/wikipedia/commons/thumb/8/89/CHE_M%C3%BCnchwilen_COA.svg/330px-CHE_M%C3%BCnchwilen_COA.svg.png"
4173,35.6,35.6,64.4,"Oberhof (AG)","Con il 64,4 per cento dei voti, l'Iniziativa sulla neutralità viene respinta a Oberhof. Sia Oberhof che il cantone Argovia hanno bocciato l'Iniziativa sulla neutralità.","https://thumb.wikimedia.org/wikipedia/commons/thumb/8/80/CHE_Oberhof_COA.svg/330px-CHE_Oberhof_COA.svg.png"
4175,31.7,31.7,68.3,"Oeschgen (AG)","A Oeschgen l'Iniziativa sulla neutralità non ottiene la maggioranza: 68,3 per cento di no. Sia Oeschgen che il cantone Argovia hanno bocciato l'Iniziativa sulla neutralità.","https://thumb.wikimedia.org/wikipedia/commons/thumb/4/46/Coat_of_arms_of_Oeschgen.svg/960px-Coat_of_arms_of_Oeschgen.svg.png"
4176,45.7,45.7,54.3,"Schwaderloch (AG)","A Schwaderloch, l'Iniziativa sulla neutralità è stata respinta con il 54,3 per cento. Sia Schwaderloch che il cantone Argovia hanno bocciato l'Iniziativa sulla neutralità.","https://thumb.wikimedia.org/wikipedia/commons/thumb/9/90/CHE_Schwaderloch_COA.svg/960px-CHE_Schwaderloch_COA.svg.png"
4177,36.4,36.4,63.6,"Sisseln (AG)","La popolazione di Sisseln respinge l'Iniziativa sulla neutralità con il 63,6 per cento. Sia Sisseln che il cantone Argovia hanno bocciato l'Iniziativa sulla neutralità.","https://thumb.wikimedia.org/wikipedia/commons/thumb/6/6d/CHE_Sisseln_COA.svg/330px-CHE_Sisseln_COA.svg.png"
4181,36,36,64,"Wittnau (AG)","A Wittnau, l'Iniziativa sulla neutralità è stata respinta con il 64 per cento. Sia Wittnau che il cantone Argovia hanno bocciato l'Iniziativa sulla neutralità.","https://thumb.wikimedia.org/wikipedia/commons/thumb/8/80/CHE_Wittnau_COA.svg/330px-CHE_Wittnau_COA.svg.png"
4182,43.3,43.3,56.7,"Wölflinswil (AG)","La popolazione di Wölflinswil respinge l'Iniziativa sulla neutralità con il 56,7 per cento. Sia Wölflinswil che il cantone Argovia hanno bocciato l'Iniziativa sulla neutralità.","https://thumb.wikimedia.org/wikipedia/commons/thumb/2/2a/CHE_W%C3%B6lflinswil_COA.svg/330px-CHE_W%C3%B6lflinswil_COA.svg.png"
4183,30.5,30.5,69.5,"Zeihen (AG)","A Zeihen l'Iniziativa sulla neutralità non ottiene la maggioranza: 69,5 per cento di no. Sia Zeihen che il cantone Argovia hanno bocciato l'Iniziativa sulla neutralità.","https://thumb.wikimedia.org/wikipedia/commons/thumb/6/60/CHE_Zeihen_COA.svg/330px-CHE_Zeihen_COA.svg.png"
4184,34.4,34.4,65.6,"Mettauertal (AG)","La popolazione di Mettauertal respinge l'Iniziativa sulla neutralità con il 65,6 per cento. Sia Mettauertal che il cantone Argovia hanno bocciato l'Iniziativa sulla neutralità.","https://thumb.wikimedia.org/wikipedia/commons/thumb/7/7b/CHE_Mettauertal_COA.svg/960px-CHE_Mettauertal_COA.svg.png"
4185,35.6,35.6,64.4,"Böztal (AG)","La popolazione di Böztal respinge l'Iniziativa sulla neutralità con il 64,4 per cento. Sia Böztal che il cantone Argovia hanno bocciato l'Iniziativa sulla neutralità.","https://thumb.wikimedia.org/wikipedia/commons/thumb/3/3d/CHE_B%C3%B6ztal_COA.svg/960px-CHE_B%C3%B6ztal_COA.svg.png"
4186,30.9,30.9,69.1,"Herznach-Ueken (AG)","A Herznach-Ueken l'Iniziativa sulla neutralità non ottiene la maggioranza: 69,1 per cento di no. Sia Herznach-Ueken che il cantone Argovia hanno bocciato l'Iniziativa sulla neutralità.","https://thumb.wikimedia.org/wikipedia/commons/thumb/6/68/CHE_Herznach-Ueken_COA.svg/960px-CHE_Herznach-Ueken_COA.svg.png"
4191,35.5,35.5,64.5,"Ammerswil (AG)","Con il 64,5 per cento dei voti, l'Iniziativa sulla neutralità viene respinta a Ammerswil. Sia Ammerswil che il cantone Argovia hanno bocciato l'Iniziativa sulla neutralità.","https://thumb.wikimedia.org/wikipedia/commons/thumb/6/6e/CHE_Ammerswil_COA.svg/330px-CHE_Ammerswil_COA.svg.png"
4192,41.8,41.8,58.2,"Boniswil (AG)","La popolazione di Boniswil respinge l'Iniziativa sulla neutralità con il 58,2 per cento. Sia Boniswil che il cantone Argovia hanno bocciato l'Iniziativa sulla neutralità.","https://thumb.wikimedia.org/wikipedia/commons/thumb/8/85/Wappen_Boniswil.svg/330px-Wappen_Boniswil.svg.png"
4193,34.7,34.7,65.3,"Brunegg (AG)","A Brunegg, l'Iniziativa sulla neutralità è stata respinta con il 65,3 per cento. Sia Brunegg che il cantone Argovia hanno bocciato l'Iniziativa sulla neutralità.","https://thumb.wikimedia.org/wikipedia/commons/thumb/f/f7/CHE_Brunegg_COA.svg/330px-CHE_Brunegg_COA.svg.png"
4194,39.4,39.4,60.6,"Dintikon (AG)","A Dintikon l'Iniziativa sulla neutralità non ottiene la maggioranza: 60,6 per cento di no. Sia Dintikon che il cantone Argovia hanno bocciato l'Iniziativa sulla neutralità.","https://thumb.wikimedia.org/wikipedia/commons/thumb/7/7d/CHE_Dintikon_COA.svg/330px-CHE_Dintikon_COA.svg.png"
4195,38.8,38.8,61.2,"Egliswil (AG)","A Egliswil, l'Iniziativa sulla neutralità è stata respinta con il 61,2 per cento. Sia Egliswil che il cantone Argovia hanno bocciato l'Iniziativa sulla neutralità.","https://thumb.wikimedia.org/wikipedia/commons/thumb/4/44/Wappen_Egliswil.svg/330px-Wappen_Egliswil.svg.png"
4196,31.9,31.9,68.1,"Fahrwangen (AG)","La popolazione di Fahrwangen respinge l'Iniziativa sulla neutralità con il 68,1 per cento. Sia Fahrwangen che il cantone Argovia hanno bocciato l'Iniziativa sulla neutralità.","https://thumb.wikimedia.org/wikipedia/commons/thumb/7/7c/CHE_Fahrwangen_COA.svg/330px-CHE_Fahrwangen_COA.svg.png"
4197,36,36,64,"Hallwil (AG)","A Hallwil l'Iniziativa sulla neutralità è stata respinta con il 64 per cento. Sia Hallwil che il cantone Argovia hanno bocciato l'Iniziativa sulla neutralità.","https://thumb.wikimedia.org/wikipedia/commons/thumb/4/4c/Wappen_Hallwil.svg/330px-Wappen_Hallwil.svg.png"
4198,39,39,61,"Hendschiken (AG)","Con il 61 per cento dei voti, l'Iniziativa sulla neutralità viene respinta a Hendschiken. Sia Hendschiken che il cantone Argovia hanno bocciato l'Iniziativa sulla neutralità.","https://thumb.wikimedia.org/wikipedia/commons/thumb/7/71/CHE_Hendschiken_COA.svg/330px-CHE_Hendschiken_COA.svg.png"
4199,42.8,42.8,57.2,"Holderbank (AG)","La popolazione di Holderbank AG respinge l'Iniziativa sulla neutralità con il 57,2 per cento. Sia Holderbank AG che il cantone Argovia hanno bocciato l'Iniziativa sulla neutralità.","https://thumb.wikimedia.org/wikipedia/commons/thumb/a/a2/CHE_Holderbank_AG_COA.svg/330px-CHE_Holderbank_AG_COA.svg.png"
4200,44,44,56,"Hunzenschwil (AG)","A Hunzenschwil l'Iniziativa sulla neutralità non ottiene la maggioranza: 56 per cento di no. Sia Hunzenschwil che il cantone Argovia hanno bocciato l'Iniziativa sulla neutralità.","https://thumb.wikimedia.org/wikipedia/commons/thumb/8/85/CHE_Hunzenschwil_COA.svg/330px-CHE_Hunzenschwil_COA.svg.png"
4201,19.7,19.7,80.3,"Lenzburg (AG)","A Lenzburg, l'Iniziativa sulla neutralità è stata respinta con il 80,3 per cento. Sia Lenzburg che il cantone Argovia hanno bocciato l'Iniziativa sulla neutralità.","https://thumb.wikimedia.org/wikipedia/commons/thumb/7/71/CHE_Lenzburg_COA.svg/500px-CHE_Lenzburg_COA.svg.png"
4202,32.7,32.7,67.3,"Meisterschwanden (AG)","A Meisterschwanden, l'Iniziativa sulla neutralità è stata respinta con il 67,3 per cento. Sia Meisterschwanden che il cantone Argovia hanno bocciato l'Iniziativa sulla neutralità.","https://thumb.wikimedia.org/wikipedia/commons/thumb/5/51/Coat_of_arms_of_Meisterschwanden.svg/960px-Coat_of_arms_of_Meisterschwanden.svg.png"
4203,27.7,27.7,72.3,"Möriken-Wildegg (AG)","La popolazione di Möriken-Wildegg respinge l'Iniziativa sulla neutralità con il 72,3 per cento. Sia Möriken-Wildegg che il cantone Argovia hanno bocciato l'Iniziativa sulla neutralità.","https://thumb.wikimedia.org/wikipedia/commons/thumb/c/c4/CHE_M%C3%B6riken-Wildegg_COA.svg/330px-CHE_M%C3%B6riken-Wildegg_COA.svg.png"
4204,25,25,75,"Niederlenz (AG)","A Niederlenz l'Iniziativa sulla neutralità è stata respinta con il 75 per cento. Sia Niederlenz che il cantone Argovia hanno bocciato l'Iniziativa sulla neutralità.","https://thumb.wikimedia.org/wikipedia/commons/thumb/a/a7/Niederlenz-blason.svg/960px-Niederlenz-blason.svg.png"
4205,33.5,33.5,66.5,"Othmarsingen (AG)","Con il 66,5 per cento dei voti, Othmarsingen ha respinto l'Iniziativa sulla neutralità. Sia Othmarsingen che il cantone Argovia hanno bocciato l'Iniziativa sulla neutralità.","https://thumb.wikimedia.org/wikipedia/commons/thumb/5/5b/CHE_Othmarsingen_COA.svg/330px-CHE_Othmarsingen_COA.svg.png"
4206,34.5,34.5,65.5,"Rupperswil (AG)","A Rupperswil, l'Iniziativa sulla neutralità è stata respinta con il 65,5 per cento. Sia Rupperswil che il cantone Argovia hanno bocciato l'Iniziativa sulla neutralità.","https://thumb.wikimedia.org/wikipedia/commons/thumb/0/0d/CHE_Rupperswil_COA.svg/500px-CHE_Rupperswil_COA.svg.png"
4207,35.6,35.6,64.4,"Schafisheim (AG)","Con il 64,4 per cento dei voti, l'Iniziativa sulla neutralità viene respinta a Schafisheim. Sia Schafisheim che il cantone Argovia hanno bocciato l'Iniziativa sulla neutralità.","https://thumb.wikimedia.org/wikipedia/commons/thumb/0/0e/CHE_Schafisheim_COA.svg/330px-CHE_Schafisheim_COA.svg.png"
4208,35.5,35.5,64.5,"Seengen (AG)","A Seengen, l'Iniziativa sulla neutralità è stata respinta con il 64,5 per cento. Sia Seengen che il cantone Argovia hanno bocciato l'Iniziativa sulla neutralità.","https://thumb.wikimedia.org/wikipedia/commons/thumb/2/20/CHE_Seengen_COA.svg/330px-CHE_Seengen_COA.svg.png"
4209,36.4,36.4,63.6,"Seon (AG)","A Seon l'Iniziativa sulla neutralità è stata respinta con il 63,6 per cento. Sia Seon che il cantone Argovia hanno bocciato l'Iniziativa sulla neutralità.","https://thumb.wikimedia.org/wikipedia/commons/thumb/1/1d/CHE_Seon_COA.svg/960px-CHE_Seon_COA.svg.png"
4210,26.5,26.5,73.5,"Staufen (AG)","Con il 73,5 per cento dei voti, l'Iniziativa sulla neutralità viene respinta a Staufen. Sia Staufen che il cantone Argovia hanno bocciato l'Iniziativa sulla neutralità.","https://thumb.wikimedia.org/wikipedia/commons/thumb/e/ef/CHE_Staufen_COA.svg/330px-CHE_Staufen_COA.svg.png"
4221,37.1,37.1,62.9,"Abtwil (AG)","A Abtwil l'Iniziativa sulla neutralità è stata respinta con il 62,9 per cento. Sia Abtwil che il cantone Argovia hanno bocciato l'Iniziativa sulla neutralità.","https://thumb.wikimedia.org/wikipedia/commons/thumb/a/aa/CHE_Abtwil_AG_COA.svg/330px-CHE_Abtwil_AG_COA.svg.png"
4222,34.8,34.8,65.2,"Aristau (AG)","La popolazione di Aristau respinge l'Iniziativa sulla neutralità con il 65,2 per cento. Sia Aristau che il cantone Argovia hanno bocciato l'Iniziativa sulla neutralità.","https://thumb.wikimedia.org/wikipedia/commons/thumb/3/35/CHE_Aristau_COA.svg/330px-CHE_Aristau_COA.svg.png"
4223,40.3,40.3,59.7,"Auw (AG)","A Auw, l'Iniziativa sulla neutralità è stata respinta con il 59,7 per cento. Sia Auw che il cantone Argovia hanno bocciato l'Iniziativa sulla neutralità.","https://thumb.wikimedia.org/wikipedia/commons/thumb/6/67/CHE_Auw_AG_COA.svg/330px-CHE_Auw_AG_COA.svg.png"
4224,42.4,42.4,57.6,"Beinwil (Freiamt) (AG)","Con il 57,6 per cento dei voti, l'Iniziativa sulla neutralità viene respinta a Beinwil (Freiamt). Sia Beinwil (Freiamt) che il cantone Argovia hanno bocciato l'Iniziativa sulla neutralità.","https://thumb.wikimedia.org/wikipedia/commons/thumb/2/21/CHE_Beinwil_%28Freiamt%29_COA.svg/330px-CHE_Beinwil_%28Freiamt%29_COA.svg.png"
4226,33.6,33.6,66.4,"Besenbüren (AG)","La popolazione di Besenbüren respinge l'Iniziativa sulla neutralità con il 66,4 per cento. Sia Besenbüren che il cantone Argovia hanno bocciato l'Iniziativa sulla neutralità.","https://thumb.wikimedia.org/wikipedia/commons/thumb/9/99/CHE_Besenb%C3%BCren_COA.svg/330px-CHE_Besenb%C3%BCren_COA.svg.png"
4227,34.7,34.7,65.3,"Bettwil (AG)","A Bettwil l'Iniziativa sulla neutralità è stata respinta con il 65,3 per cento. Sia Bettwil che il cantone Argovia hanno bocciato l'Iniziativa sulla neutralità.","https://thumb.wikimedia.org/wikipedia/commons/thumb/0/03/CHE_Bettwil_COA.svg/330px-CHE_Bettwil_COA.svg.png"
4228,39.5,39.5,60.5,"Boswil (AG)","Con il 60,5 per cento dei voti, l'Iniziativa sulla neutralità viene respinta a Boswil. Sia Boswil che il cantone Argovia hanno bocciato l'Iniziativa sulla neutralità.","https://thumb.wikimedia.org/wikipedia/commons/thumb/1/1b/CHE_Boswil_COA.svg/330px-CHE_Boswil_COA.svg.png"
4229,36.5,36.5,63.5,"Bünzen (AG)","La popolazione di Bünzen respinge l'Iniziativa sulla neutralità con il 63,5 per cento. Sia Bünzen che il cantone Argovia hanno bocciato l'Iniziativa sulla neutralità.","https://thumb.wikimedia.org/wikipedia/commons/thumb/6/6f/Wappen_B%C3%BCnzen_AG.svg/330px-Wappen_B%C3%BCnzen_AG.svg.png"
4230,39.1,39.1,60.9,"Buttwil (AG)","A Buttwil l'Iniziativa sulla neutralità non ottiene la maggioranza: 60,9 per cento di no. Sia Buttwil che il cantone Argovia hanno bocciato l'Iniziativa sulla neutralità.","https://thumb.wikimedia.org/wikipedia/commons/thumb/0/0a/Wappen_Buttwil.svg/330px-Wappen_Buttwil.svg.png"
4231,33.6,33.6,66.4,"Dietwil (AG)","A Dietwil l'Iniziativa sulla neutralità è stata respinta con il 66,4 per cento. Sia Dietwil che il cantone Argovia hanno bocciato l'Iniziativa sulla neutralità.","https://thumb.wikimedia.org/wikipedia/commons/thumb/3/3a/CHE_Dietwil_COA.svg/330px-CHE_Dietwil_COA.svg.png"
4232,35.8,35.8,64.2,"Geltwil (AG)","A Geltwil l'Iniziativa sulla neutralità è respinta con 61 contro 34 voti. Sia Geltwil che il cantone Argovia hanno bocciato l'Iniziativa sulla neutralità.","https://thumb.wikimedia.org/wikipedia/commons/thumb/a/a7/CHE_Geltwil_COA.svg/330px-CHE_Geltwil_COA.svg.png"
4233,48.5,48.5,51.5,"Kallern (AG)","A Kallern l'Iniziativa sulla neutralità non ottiene la maggioranza: 51,5 per cento di no. Sia Kallern che il cantone Argovia hanno bocciato l'Iniziativa sulla neutralità.","https://thumb.wikimedia.org/wikipedia/commons/thumb/6/69/CHE_Kallern_COA.svg/330px-CHE_Kallern_COA.svg.png"
4234,31.1,31.1,68.9,"Merenschwand (AG)","La popolazione di Merenschwand respinge l'Iniziativa sulla neutralità con il 68,9 per cento. Sia Merenschwand che il cantone Argovia hanno bocciato l'Iniziativa sulla neutralità.","https://thumb.wikimedia.org/wikipedia/commons/thumb/6/6a/CHE_Merenschwand_COA.svg/330px-CHE_Merenschwand_COA.svg.png"
4235,38.9,38.9,61.1,"Mühlau (AG)","Con il 61,1 per cento dei voti, Mühlau ha respinto l'Iniziativa sulla neutralità. Sia Mühlau che il cantone Argovia hanno bocciato l'Iniziativa sulla neutralità.","https://thumb.wikimedia.org/wikipedia/commons/thumb/f/f4/CHE_M%C3%BChlau_AG_COA.svg/330px-CHE_M%C3%BChlau_AG_COA.svg.png"
4236,26.4,26.4,73.6,"Muri (AG)","A Muri AG, l'Iniziativa sulla neutralità è stata respinta con il 73,6 per cento. Sia Muri AG che il cantone Argovia hanno bocciato l'Iniziativa sulla neutralità.","https://thumb.wikimedia.org/wikipedia/commons/thumb/2/28/CHE_Muri_COA.svg/330px-CHE_Muri_COA.svg.png"
4237,27.8,27.8,72.2,"Oberrüti (AG)","La popolazione di Oberrüti respinge l'Iniziativa sulla neutralità con il 72,2 per cento. Sia Oberrüti che il cantone Argovia hanno bocciato l'Iniziativa sulla neutralità.","https://thumb.wikimedia.org/wikipedia/commons/thumb/2/21/CHE_Oberr%C3%BCti_COA.svg/330px-CHE_Oberr%C3%BCti_COA.svg.png"
4238,38.2,38.2,61.8,"Rottenschwil (AG)","A Rottenschwil l'Iniziativa sulla neutralità non ottiene la maggioranza: 61,8 per cento di no. Sia Rottenschwil che il cantone Argovia hanno bocciato l'Iniziativa sulla neutralità.","https://thumb.wikimedia.org/wikipedia/commons/thumb/0/0b/CHE_Rottenschwil_COA.svg/330px-CHE_Rottenschwil_COA.svg.png"
4239,36.1,36.1,63.9,"Sins (AG)","La popolazione di Sins respinge l'Iniziativa sulla neutralità con il 63,9 per cento. Sia Sins che il cantone Argovia hanno bocciato l'Iniziativa sulla neutralità.","https://thumb.wikimedia.org/wikipedia/commons/thumb/d/d3/CHE_Sins_COA.svg/330px-CHE_Sins_COA.svg.png"
4240,29.7,29.7,70.3,"Waltenschwil (AG)","A Waltenschwil l'Iniziativa sulla neutralità non ottiene la maggioranza: 70,3 per cento di no. Sia Waltenschwil che il cantone Argovia hanno bocciato l'Iniziativa sulla neutralità.","https://thumb.wikimedia.org/wikipedia/commons/thumb/6/6c/CHE_Waltenschwil_COA.svg/330px-CHE_Waltenschwil_COA.svg.png"
4251,39.5,39.5,60.5,"Hellikon (AG)","La popolazione di Hellikon respinge l'Iniziativa sulla neutralità con il 60,5 per cento. Sia Hellikon che il cantone Argovia hanno bocciato l'Iniziativa sulla neutralità.","https://thumb.wikimedia.org/wikipedia/commons/thumb/5/56/Wappen_Hellikon_AG.svg/330px-Wappen_Hellikon_AG.svg.png"
4252,30.5,30.5,69.5,"Kaiseraugst (AG)","A Kaiseraugst, l'Iniziativa sulla neutralità è stata respinta con il 69,5 per cento. Sia Kaiseraugst che il cantone Argovia hanno bocciato l'Iniziativa sulla neutralità.","https://thumb.wikimedia.org/wikipedia/commons/thumb/3/3c/Wappen_Kaiseraugst_AG.svg/330px-Wappen_Kaiseraugst_AG.svg.png"
4253,24.8,24.8,75.2,"Magden (AG)","Con il 75,2 per cento dei voti, l'Iniziativa sulla neutralità viene respinta a Magden. Sia Magden che il cantone Argovia hanno bocciato l'Iniziativa sulla neutralità.","https://thumb.wikimedia.org/wikipedia/commons/thumb/8/8d/Wappen_Magden_AG.svg/330px-Wappen_Magden_AG.svg.png"
4254,28.3,28.3,71.7,"Möhlin (AG)","A Möhlin l'Iniziativa sulla neutralità è stata respinta con il 71,7 per cento. Sia Möhlin che il cantone Argovia hanno bocciato l'Iniziativa sulla neutralità.","https://thumb.wikimedia.org/wikipedia/commons/thumb/4/43/Wappen_M%C3%B6hlin_AG.svg/330px-Wappen_M%C3%B6hlin_AG.svg.png"
4255,37.6,37.6,62.4,"Mumpf (AG)","A Mumpf l'Iniziativa sulla neutralità non ottiene la maggioranza: 62,4 per cento di no. Sia Mumpf che il cantone Argovia hanno bocciato l'Iniziativa sulla neutralità.","https://thumb.wikimedia.org/wikipedia/commons/thumb/3/33/Wappen_Mumpf_AG.svg/330px-Wappen_Mumpf_AG.svg.png"
4256,33,33,67,"Obermumpf (AG)","La popolazione di Obermumpf respinge l'Iniziativa sulla neutralità con il 67 per cento. Sia Obermumpf che il cantone Argovia hanno bocciato l'Iniziativa sulla neutralità.","https://thumb.wikimedia.org/wikipedia/commons/thumb/b/ba/Wappen_Obermumpf_AG.svg/330px-Wappen_Obermumpf_AG.svg.png"
4257,30.9,30.9,69.1,"Olsberg (AG)","A Olsberg, l'Iniziativa sulla neutralità è stata respinta con il 69,1 per cento. Sia Olsberg che il cantone Argovia hanno bocciato l'Iniziativa sulla neutralità.","https://thumb.wikimedia.org/wikipedia/commons/thumb/f/fe/CHE_Olsberg_AG_COA.svg/960px-CHE_Olsberg_AG_COA.svg.png"
4258,23.4,23.4,76.6,"Rheinfelden (AG)","Con il 76,6 per cento dei voti, Rheinfelden ha respinto l'Iniziativa sulla neutralità. Sia Rheinfelden che il cantone Argovia hanno bocciato l'Iniziativa sulla neutralità.","https://thumb.wikimedia.org/wikipedia/commons/thumb/7/7f/CHE_Rheinfelden_COA.svg/960px-CHE_Rheinfelden_COA.svg.png"
4259,31.2,31.2,68.8,"Schupfart (AG)","La popolazione di Schupfart respinge l'Iniziativa sulla neutralità con il 68,8 per cento. Sia Schupfart che il cantone Argovia hanno bocciato l'Iniziativa sulla neutralità.","https://thumb.wikimedia.org/wikipedia/commons/thumb/e/ee/CHE_Schupfart_COA.svg/330px-CHE_Schupfart_COA.svg.png"
4260,30.2,30.2,69.8,"Stein (AG)","A Stein AG, l'Iniziativa sulla neutralità è stata respinta con il 69,8 per cento. Sia Stein AG che il cantone Argovia hanno bocciato l'Iniziativa sulla neutralità.","https://thumb.wikimedia.org/wikipedia/commons/thumb/d/d3/CHE_Stein_COA.svg/330px-CHE_Stein_COA.svg.png"
4261,29.8,29.8,70.2,"Wallbach (AG)","La popolazione di Wallbach respinge l'Iniziativa sulla neutralità con il 70,2 per cento. Sia Wallbach che il cantone Argovia hanno bocciato l'Iniziativa sulla neutralità.","https://thumb.wikimedia.org/wikipedia/commons/thumb/a/af/Wappen_Wallbach_AG.svg/330px-Wappen_Wallbach_AG.svg.png"
4262,38.2,38.2,61.8,"Wegenstetten (AG)","La popolazione di Wegenstetten respinge l'Iniziativa sulla neutralità con il 61,8 per cento. Sia Wegenstetten che il cantone Argovia hanno bocciato l'Iniziativa sulla neutralità.","https://thumb.wikimedia.org/wikipedia/commons/thumb/4/43/Wappen_Wegenstetten_AG.svg/330px-Wappen_Wegenstetten_AG.svg.png"
4263,27.6,27.6,72.4,"Zeiningen (AG)","A Zeiningen l'Iniziativa sulla neutralità è stata respinta con il 72,4 per cento. Sia Zeiningen che il cantone Argovia hanno bocciato l'Iniziativa sulla neutralità.","https://thumb.wikimedia.org/wikipedia/commons/thumb/2/23/CHE_Zeiningen_COA.svg/330px-CHE_Zeiningen_COA.svg.png"
4264,35.9,35.9,64.1,"Zuzgen (AG)","Con il 64,1 per cento dei voti, l'Iniziativa sulla neutralità viene respinta a Zuzgen. Sia Zuzgen che il cantone Argovia hanno bocciato l'Iniziativa sulla neutralità.","https://thumb.wikimedia.org/wikipedia/commons/thumb/e/e4/CHE_Zuzgen_COA.svg/330px-CHE_Zuzgen_COA.svg.png"
4271,30.7,30.7,69.3,"Aarburg (AG)","Con il 69,3 per cento dei voti, l'Iniziativa sulla neutralità viene respinta a Aarburg. Sia Aarburg che il cantone Argovia hanno bocciato l'Iniziativa sulla neutralità.","https://thumb.wikimedia.org/wikipedia/commons/thumb/9/97/CHE_Aarburg_COA.svg/330px-CHE_Aarburg_COA.svg.png"
4273,37.3,37.3,62.7,"Bottenwil (AG)","A Bottenwil l'Iniziativa sulla neutralità non ottiene la maggioranza: 62,7 per cento di no. Sia Bottenwil che il cantone Argovia hanno bocciato l'Iniziativa sulla neutralità.","https://thumb.wikimedia.org/wikipedia/commons/thumb/3/3b/Wappen_Bottenwil.svg/330px-Wappen_Bottenwil.svg.png"
4274,33.1,33.1,66.9,"Brittnau (AG)","Con il 66,9 per cento dei voti, l'Iniziativa sulla neutralità viene respinta a Brittnau. Sia Brittnau che il cantone Argovia hanno bocciato l'Iniziativa sulla neutralità.","https://thumb.wikimedia.org/wikipedia/commons/thumb/0/09/CHE_Brittnau_COA.svg/960px-CHE_Brittnau_COA.svg.png"
4275,42.7,42.7,57.3,"Kirchleerau (AG)","A Kirchleerau l'Iniziativa sulla neutralità è stata respinta con il 57,3 per cento. Sia Kirchleerau che il cantone Argovia hanno bocciato l'Iniziativa sulla neutralità.","https://thumb.wikimedia.org/wikipedia/commons/thumb/d/d4/Wappen_Kirchleerau_AG.svg/330px-Wappen_Kirchleerau_AG.svg.png"
4276,40,40,60,"Kölliken (AG)","Con il 60 per cento dei voti, Kölliken ha respinto l'Iniziativa sulla neutralità. Sia Kölliken che il cantone Argovia hanno bocciato l'Iniziativa sulla neutralità.","https://thumb.wikimedia.org/wikipedia/commons/thumb/2/24/CHE_K%C3%B6lliken_COA.svg/330px-CHE_K%C3%B6lliken_COA.svg.png"
4277,46.5,46.5,53.5,"Moosleerau (AG)","A Moosleerau, l'Iniziativa sulla neutralità è stata respinta con il 53,5 per cento. Sia Moosleerau che il cantone Argovia hanno bocciato l'Iniziativa sulla neutralità.","https://thumb.wikimedia.org/wikipedia/commons/thumb/a/a7/Wappen_Moosleerau_AG.svg/330px-Wappen_Moosleerau_AG.svg.png"
4279,41.9,41.9,58.1,"Murgenthal (AG)","La popolazione di Murgenthal respinge l'Iniziativa sulla neutralità con il 58,1 per cento. Sia Murgenthal che il cantone Argovia hanno bocciato l'Iniziativa sulla neutralità.","https://thumb.wikimedia.org/wikipedia/commons/thumb/8/81/Wappen_Murgenthal_AG.svg/330px-Wappen_Murgenthal_AG.svg.png"
4280,33.5,33.5,66.5,"Oftringen (AG)","A Oftringen l'Iniziativa sulla neutralità è stata respinta con il 66,5 per cento. Sia Oftringen che il cantone Argovia hanno bocciato l'Iniziativa sulla neutralità.","https://thumb.wikimedia.org/wikipedia/commons/thumb/b/b9/CHE_Oftringen_COA.svg/330px-CHE_Oftringen_COA.svg.png"
4281,46.6,46.6,53.4,"Reitnau (AG)","Con il 53,4 per cento dei voti, l'Iniziativa sulla neutralità viene respinta a Reitnau. Sia Reitnau che il cantone Argovia hanno bocciato l'Iniziativa sulla neutralità.","https://thumb.wikimedia.org/wikipedia/commons/thumb/5/5c/Wappen_Reitnau_AG.svg/330px-Wappen_Reitnau_AG.svg.png"
4282,35.7,35.7,64.3,"Rothrist (AG)","A Rothrist, l'Iniziativa sulla neutralità è stata respinta con il 64,3 per cento. Sia Rothrist che il cantone Argovia hanno bocciato l'Iniziativa sulla neutralità.","https://thumb.wikimedia.org/wikipedia/commons/thumb/6/6c/Wappen_Rothrist_AG.svg/330px-Wappen_Rothrist_AG.svg.png"
4283,38.1,38.1,61.9,"Safenwil (AG)","Con il 61,9 per cento dei voti, l'Iniziativa sulla neutralità viene respinta a Safenwil. Sia Safenwil che il cantone Argovia hanno bocciato l'Iniziativa sulla neutralità.","https://thumb.wikimedia.org/wikipedia/commons/thumb/a/a9/Wappen_Safenwil_AG.svg/330px-Wappen_Safenwil_AG.svg.png"
4284,42.3,42.3,57.7,"Staffelbach (AG)","A Staffelbach l'Iniziativa sulla neutralità è stata respinta con il 57,7 per cento. Sia Staffelbach che il cantone Argovia hanno bocciato l'Iniziativa sulla neutralità.","https://thumb.wikimedia.org/wikipedia/commons/thumb/0/0a/Wappen_Staffelbach_AG.svg/330px-Wappen_Staffelbach_AG.svg.png"
4285,26.8,26.8,73.2,"Strengelbach (AG)","Con il 73,2 per cento dei voti, l'Iniziativa sulla neutralità viene respinta a Strengelbach. Sia Strengelbach che il cantone Argovia hanno bocciato l'Iniziativa sulla neutralità.","https://thumb.wikimedia.org/wikipedia/commons/thumb/2/2a/Wappen_Strengelbach_AG.svg/330px-Wappen_Strengelbach_AG.svg.png"
4286,44.1,44.1,55.9,"Uerkheim (AG)","Con il 55,9 per cento dei voti, l'Iniziativa sulla neutralità viene respinta a Uerkheim. Sia Uerkheim che il cantone Argovia hanno bocciato l'Iniziativa sulla neutralità.","https://thumb.wikimedia.org/wikipedia/commons/thumb/a/af/CHE_Uerkheim_COA.svg/960px-CHE_Uerkheim_COA.svg.png"
4287,34.7,34.7,65.3,"Vordemwald (AG)","Con il 65,3 per cento dei voti, Vordemwald ha respinto l'Iniziativa sulla neutralità. Sia Vordemwald che il cantone Argovia hanno bocciato l'Iniziativa sulla neutralità.","https://thumb.wikimedia.org/wikipedia/commons/thumb/6/6a/Wappen_Vordemwald_AG.svg/330px-Wappen_Vordemwald_AG.svg.png"
4288,54.8,54.8,45.2,"Wiliberg (AG)","A Wiliberg l'Iniziativa sulla neutralità passa con 51 contro 42 voti. Wiliberg dice sì all'Iniziativa sulla neutralità, il cantone Argovia dice no.","https://thumb.wikimedia.org/wikipedia/commons/thumb/4/43/Wappen_Wiliberg_AG.svg/330px-Wappen_Wiliberg_AG.svg.png"
4289,23.6,23.6,76.4,"Zofingue (AG)","A Zofingue l'Iniziativa sulla neutralità non ottiene la maggioranza: 76,4 per cento di no. Sia Zofingue che il cantone Argovia hanno bocciato l'Iniziativa sulla neutralità.","https://thumb.wikimedia.org/wikipedia/commons/thumb/a/a5/Wappen_Zofingen_AG.svg/330px-Wappen_Zofingen_AG.svg.png"
4303,35.3,35.3,64.7,"Böttstein (AG)","La popolazione di Böttstein respinge l'Iniziativa sulla neutralità con il 64,7 per cento. Sia Böttstein che il cantone Argovia hanno bocciato l'Iniziativa sulla neutralità.","https://thumb.wikimedia.org/wikipedia/commons/thumb/c/cb/CHE_B%C3%B6ttstein_COA.svg/500px-CHE_B%C3%B6ttstein_COA.svg.png"
4304,31.8,31.8,68.2,"Döttingen (AG)","Con il 68,2 per cento dei voti, Döttingen ha respinto l'Iniziativa sulla neutralità. Sia Döttingen che il cantone Argovia hanno bocciato l'Iniziativa sulla neutralità.","https://thumb.wikimedia.org/wikipedia/commons/thumb/b/bd/CHE_D%C3%B6ttingen_AG_COA.svg/500px-CHE_D%C3%B6ttingen_AG_COA.svg.png"
4305,30.6,30.6,69.4,"Endingen (AG)","Con il 69,4 per cento dei voti, l'Iniziativa sulla neutralità viene respinta a Endingen. Sia Endingen che il cantone Argovia hanno bocciato l'Iniziativa sulla neutralità.","https://thumb.wikimedia.org/wikipedia/commons/thumb/b/b3/CHE_Endingen_COA.svg/960px-CHE_Endingen_COA.svg.png"
4306,42.8,42.8,57.2,"Fisibach (AG)","La popolazione di Fisibach respinge l'Iniziativa sulla neutralità con il 57,2 per cento. Sia Fisibach che il cantone Argovia hanno bocciato l'Iniziativa sulla neutralità.","https://thumb.wikimedia.org/wikipedia/commons/thumb/1/18/CHE_Fisibach_COA.svg/330px-CHE_Fisibach_COA.svg.png"
4307,33.7,33.7,66.3,"Full-Reuenthal (AG)","Con il 66,3 per cento dei voti, Full-Reuenthal ha respinto l'Iniziativa sulla neutralità. Sia Full-Reuenthal che il cantone Argovia hanno bocciato l'Iniziativa sulla neutralità.","https://thumb.wikimedia.org/wikipedia/commons/thumb/4/4c/CHE_Full-Reuenthal_COA.svg/330px-CHE_Full-Reuenthal_COA.svg.png"
4309,27.6,27.6,72.4,"Klingnau (AG)","Con il 72,4 per cento dei voti, Klingnau ha respinto l'Iniziativa sulla neutralità. Sia Klingnau che il cantone Argovia hanno bocciato l'Iniziativa sulla neutralità.","https://thumb.wikimedia.org/wikipedia/commons/thumb/5/5d/Wappen_Klingnau.svg/330px-Wappen_Klingnau.svg.png"
4310,41,41,59,"Koblenz (AG)","La popolazione di Koblenz respinge l'Iniziativa sulla neutralità con il 59 per cento. Sia Koblenz che il cantone Argovia hanno bocciato l'Iniziativa sulla neutralità.","https://thumb.wikimedia.org/wikipedia/commons/thumb/8/8e/Wappen_Koblenz_AG.svg/330px-Wappen_Koblenz_AG.svg.png"
4311,42.1,42.1,57.9,"Leibstadt (AG)","A Leibstadt, l'Iniziativa sulla neutralità è stata respinta con il 57,9 per cento. Sia Leibstadt che il cantone Argovia hanno bocciato l'Iniziativa sulla neutralità.","https://thumb.wikimedia.org/wikipedia/commons/thumb/5/58/CHE_Leibstadt_COA.svg/500px-CHE_Leibstadt_COA.svg.png"
4312,31,31,69,"Lengnau (AG)","La popolazione di Lengnau AG respinge l'Iniziativa sulla neutralità con il 69 per cento. Sia Lengnau AG che il cantone Argovia hanno bocciato l'Iniziativa sulla neutralità.","https://thumb.wikimedia.org/wikipedia/commons/thumb/9/9b/Wappen_Lengnau_AG.svg/330px-Wappen_Lengnau_AG.svg.png"
4313,33.7,33.7,66.3,"Leuggern (AG)","La popolazione di Leuggern respinge l'Iniziativa sulla neutralità con il 66,3 per cento. Sia Leuggern che il cantone Argovia hanno bocciato l'Iniziativa sulla neutralità.","https://thumb.wikimedia.org/wikipedia/commons/thumb/6/60/Coat_of_arms_of_Leuggern.svg/960px-Coat_of_arms_of_Leuggern.svg.png"
4314,20.2,20.2,79.8,"Mellikon (AG)","A Mellikon l'Iniziativa sulla neutralità è respinta con 71 contro 18 voti. Sia Mellikon che il cantone Argovia hanno bocciato l'Iniziativa sulla neutralità.","https://thumb.wikimedia.org/wikipedia/commons/thumb/5/51/CHE_Mellikon_COA.svg/330px-CHE_Mellikon_COA.svg.png"
4318,26.7,26.7,73.3,"Schneisingen (AG)","A Schneisingen l'Iniziativa sulla neutralità non ottiene la maggioranza: 73,3 per cento di no. Sia Schneisingen che il cantone Argovia hanno bocciato l'Iniziativa sulla neutralità.","https://thumb.wikimedia.org/wikipedia/commons/thumb/d/da/CHE_Schneisingen_COA.svg/960px-CHE_Schneisingen_COA.svg.png"
4319,33.1,33.1,66.9,"Siglistorf (AG)","Con il 66,9 per cento dei voti, l'Iniziativa sulla neutralità viene respinta a Siglistorf. Sia Siglistorf che il cantone Argovia hanno bocciato l'Iniziativa sulla neutralità.","https://thumb.wikimedia.org/wikipedia/commons/thumb/3/39/CHE_Siglistorf_COA.svg/960px-CHE_Siglistorf_COA.svg.png"
4320,34.9,34.9,65.1,"Tegerfelden (AG)","A Tegerfelden, l'Iniziativa sulla neutralità è stata respinta con il 65,1 per cento. Sia Tegerfelden che il cantone Argovia hanno bocciato l'Iniziativa sulla neutralità.","https://thumb.wikimedia.org/wikipedia/commons/thumb/c/c6/CHE_Tegerfelden_COA.svg/330px-CHE_Tegerfelden_COA.svg.png"
4324,35.1,35.1,64.9,"Zurzach (AG)","A Zurzach l'Iniziativa sulla neutralità è stata respinta con il 64,9 per cento. Sia Zurzach che il cantone Argovia hanno bocciato l'Iniziativa sulla neutralità.","https://thumb.wikimedia.org/wikipedia/commons/thumb/8/82/CHE_Zurzach_COA.svg/500px-CHE_Zurzach_COA.svg.png"
4401,34.1,34.1,65.9,"Arbon (TG)","Con il 65,9 per cento dei voti, Arbon ha respinto l'Iniziativa sulla neutralità.","https://upload.wikimedia.org/wikipedia/commons/0/05/Arbon_Wappen.jpg"
4406,61.3,61.3,38.7,"Dozwil (TG)","A Dozwil l'Iniziativa sulla neutralità è stata approvata con il 61,3 per cento.","https://thumb.wikimedia.org/wikipedia/commons/thumb/7/7d/Dozwil-blazon.svg/250px-Dozwil-blazon.svg.png"
4411,37.9,37.9,62.1,"Egnach (TG)","A Egnach, l'Iniziativa sulla neutralità è stata respinta con il 62,1 per cento.","https://thumb.wikimedia.org/wikipedia/commons/thumb/6/6a/CHE_Egnach_COA.svg/960px-CHE_Egnach_COA.svg.png"
4416,40.7,40.7,59.3,"Hefenhofen (TG)","La popolazione di Hefenhofen respinge l'Iniziativa sulla neutralità con il 59,3 per cento.","https://thumb.wikimedia.org/wikipedia/commons/thumb/e/ea/CHE_Hefenhofen_COA.svg/250px-CHE_Hefenhofen_COA.svg.png"
4421,34.4,34.4,65.6,"Horn (TG)","A Horn, l'Iniziativa sulla neutralità è stata respinta con il 65,6 per cento.","https://thumb.wikimedia.org/wikipedia/commons/thumb/2/25/Wappen_Horn.svg/500px-Wappen_Horn.svg.png"
4426,36.4,36.4,63.6,"Kesswil (TG)","Con il 63,6 per cento dei voti, l'Iniziativa sulla neutralità viene respinta a Kesswil.","https://thumb.wikimedia.org/wikipedia/commons/thumb/e/ef/Kesswil-blazon.svg/250px-Kesswil-blazon.svg.png"
4431,31.7,31.7,68.3,"Roggwil (TG)","Con il 68,3 per cento dei voti, l'Iniziativa sulla neutralità viene respinta a Roggwil TG.","https://thumb.wikimedia.org/wikipedia/commons/thumb/8/8e/Roggwil_TG-coat_of_arms.svg/250px-Roggwil_TG-coat_of_arms.svg.png"
4436,32,32,68,"Romanshorn (TG)","Con il 68 per cento dei voti, l'Iniziativa sulla neutralità viene respinta a Romanshorn.","https://thumb.wikimedia.org/wikipedia/commons/thumb/7/71/Wappen_Romanshorn.svg/250px-Wappen_Romanshorn.svg.png"
4441,43.4,43.4,56.6,"Salmsach (TG)","A Salmsach l'Iniziativa sulla neutralità non ottiene la maggioranza: 56,6 per cento di no.","https://thumb.wikimedia.org/wikipedia/commons/thumb/9/9e/Salmsach-blazon.svg/250px-Salmsach-blazon.svg.png"
4446,39.2,39.2,60.8,"Sommeri (TG)","La popolazione di Sommeri respinge l'Iniziativa sulla neutralità con il 60,8 per cento.","https://thumb.wikimedia.org/wikipedia/commons/thumb/2/26/Sommeri-blazon.svg/250px-Sommeri-blazon.svg.png"
4451,39.5,39.5,60.5,"Uttwil (TG)","Con il 60,5 per cento dei voti, Uttwil ha respinto l'Iniziativa sulla neutralità.","https://thumb.wikimedia.org/wikipedia/commons/thumb/b/be/CHE_Uttwil_COA.svg/500px-CHE_Uttwil_COA.svg.png"
4461,50,0,0,"Amriswil (TG)","I risultati di questo comune non sono ancora noti.","https://thumb.wikimedia.org/wikipedia/commons/thumb/3/3e/CHE_Amriswil_COA.svg/960px-CHE_Amriswil_COA.svg.png"
4471,34.6,34.6,65.4,"Bischofszell (TG)","A Bischofszell, l'Iniziativa sulla neutralità è stata respinta con il 65,4 per cento.","https://thumb.wikimedia.org/wikipedia/commons/thumb/e/e8/Bischofszell-blazon.svg/250px-Bischofszell-blazon.svg.png"
4476,44.6,44.6,55.4,"Erlen (TG)","Con il 55,4 per cento dei voti, l'Iniziativa sulla neutralità viene respinta a Erlen.","https://thumb.wikimedia.org/wikipedia/commons/thumb/4/44/Erlen-blazon.svg/250px-Erlen-blazon.svg.png"
4486,44.5,44.5,55.5,"Hauptwil-Gottshaus (TG)","A Hauptwil-Gottshaus l'Iniziativa sulla neutralità è stata respinta con il 55,5 per cento.","https://thumb.wikimedia.org/wikipedia/commons/thumb/d/dd/HauptwilGottshaus-blazon.svg/250px-HauptwilGottshaus-blazon.svg.png"
4495,49.6,49.6,50.4,"Hohentannen (TG)","A Hohentannen, l'Iniziativa sulla neutralità è stata respinta con il 50,4 per cento.","https://thumb.wikimedia.org/wikipedia/commons/thumb/d/df/Hohentannen-blazon.svg/250px-Hohentannen-blazon.svg.png"
4501,41.4,41.4,58.6,"Kradolf-Schönenberg (TG)","Con il 58,6 per cento dei voti, l'Iniziativa sulla neutralità viene respinta a Kradolf-Schönenberg.","https://thumb.wikimedia.org/wikipedia/commons/thumb/1/11/KradolfSch%C3%B6nenberg-blazon.svg/250px-KradolfSch%C3%B6nenberg-blazon.svg.png"
4506,42.9,42.9,57.1,"Sulgen (TG)","A Sulgen l'Iniziativa sulla neutralità non ottiene la maggioranza: 57,1 per cento di no.","https://thumb.wikimedia.org/wikipedia/commons/thumb/f/f9/Sulgen-blazon.svg/250px-Sulgen-blazon.svg.png"
4511,40.9,40.9,59.1,"Zihlschlacht-Sitterdorf (TG)","A Zihlschlacht-Sitterdorf l'Iniziativa sulla neutralità è stata respinta con il 59,1 per cento.","https://thumb.wikimedia.org/wikipedia/commons/thumb/7/7c/ZihlschlachtSitterdorf-blazon.svg/250px-ZihlschlachtSitterdorf-blazon.svg.png"
4536,39.4,39.4,60.6,"Basadingen-Schlattingen (TG)","Con il 60,6 per cento dei voti, l'Iniziativa sulla neutralità viene respinta a Basadingen-Schlattingen.","https://thumb.wikimedia.org/wikipedia/commons/thumb/0/01/BasadingenSchlattingen-blazon.svg/250px-BasadingenSchlattingen-blazon.svg.png"
4545,29.9,29.9,70.1,"Diessenhofen (TG)","A Diessenhofen l'Iniziativa sulla neutralità è stata respinta con il 70,1 per cento.","https://thumb.wikimedia.org/wikipedia/commons/thumb/f/f8/Diessenhofen-blazon.svg/250px-Diessenhofen-blazon.svg.png"
4546,38,38,62,"Schlatt (TG)","A Schlatt TG l'Iniziativa sulla neutralità non ottiene la maggioranza: 62 per cento di no.","https://thumb.wikimedia.org/wikipedia/commons/thumb/f/fa/Schlatt_TG-blazon.svg/250px-Schlatt_TG-blazon.svg.png"
4551,33.6,33.6,66.4,"Aadorf (TG)","La popolazione di Aadorf respinge l'Iniziativa sulla neutralità con il 66,4 per cento.","https://thumb.wikimedia.org/wikipedia/commons/thumb/0/0e/Wappen_Aadorf.svg/250px-Wappen_Aadorf.svg.png"
4561,35.6,35.6,64.4,"Felben-Wellhausen (TG)","La popolazione di Felben-Wellhausen respinge l'Iniziativa sulla neutralità con il 64,4 per cento.","https://thumb.wikimedia.org/wikipedia/commons/thumb/0/09/FelbenWellhausen-blazon.svg/250px-FelbenWellhausen-blazon.svg.png"
4566,50,0,0,"Frauenfeld (TG)","I risultati di questo comune non sono ancora noti.","https://thumb.wikimedia.org/wikipedia/commons/thumb/e/eb/Frauenfeld-blazon.svg/250px-Frauenfeld-blazon.svg.png"
4571,30.1,30.1,69.9,"Gachnang (TG)","A Gachnang, l'Iniziativa sulla neutralità è stata respinta con il 69,9 per cento.","https://thumb.wikimedia.org/wikipedia/commons/thumb/a/af/CHE_Gachnang_COA.svg/500px-CHE_Gachnang_COA.svg.png"
4590,33.1,33.1,66.9,"Hüttlingen (TG)","La popolazione di Hüttlingen respinge l'Iniziativa sulla neutralità con il 66,9 per cento.","https://thumb.wikimedia.org/wikipedia/commons/thumb/6/6f/H%C3%BCttlingen-blazon.svg/250px-H%C3%BCttlingen-blazon.svg.png"
4591,34.4,34.4,65.6,"Matzingen (TG)","La popolazione di Matzingen respinge l'Iniziativa sulla neutralità con il 65,6 per cento.","https://thumb.wikimedia.org/wikipedia/commons/thumb/0/0e/CHE_Matzingen_COA.svg/500px-CHE_Matzingen_COA.svg.png"
4601,37.2,37.2,62.8,"Neunforn (TG)","A Neunforn l'Iniziativa sulla neutralità non ottiene la maggioranza: 62,8 per cento di no.","https://thumb.wikimedia.org/wikipedia/commons/thumb/8/89/Neunforn-blazon.svg/250px-Neunforn-blazon.svg.png"
4606,30,30,70,"Stettfurt (TG)","La popolazione di Stettfurt respinge l'Iniziativa sulla neutralità con il 70 per cento.","https://thumb.wikimedia.org/wikipedia/commons/thumb/1/12/Stettfurt-blazon.svg/250px-Stettfurt-blazon.svg.png"
4611,35,35,65,"Thundorf (TG)","A Thundorf l'Iniziativa sulla neutralità non ottiene la maggioranza: 65 per cento di no.","https://thumb.wikimedia.org/wikipedia/commons/thumb/5/5d/Thundorf-coat_of_arms.svg/500px-Thundorf-coat_of_arms.svg.png"
4616,42.2,42.2,57.8,"Uesslingen-Buch (TG)","A Uesslingen-Buch l'Iniziativa sulla neutralità è stata respinta con il 57,8 per cento.","https://thumb.wikimedia.org/wikipedia/commons/thumb/c/c6/UesslingenBuch-blazon.svg/250px-UesslingenBuch-blazon.svg.png"
4621,33.2,33.2,66.8,"Warth-Weiningen (TG)","La popolazione di Warth-Weiningen respinge l'Iniziativa sulla neutralità con il 66,8 per cento.","https://thumb.wikimedia.org/wikipedia/commons/thumb/d/d9/WarthWeiningen-blazon.svg/250px-WarthWeiningen-blazon.svg.png"
4641,34.6,34.6,65.4,"Altnau (TG)","A Altnau l'Iniziativa sulla neutralità è stata respinta con il 65,4 per cento.","https://thumb.wikimedia.org/wikipedia/commons/thumb/b/bf/CHE_Altnau_COA.svg/500px-CHE_Altnau_COA.svg.png"
4643,32.2,32.2,67.8,"Bottighofen (TG)","La popolazione di Bottighofen respinge l'Iniziativa sulla neutralità con il 67,8 per cento.","https://thumb.wikimedia.org/wikipedia/commons/thumb/e/e8/Bottighofen-blazon.svg/250px-Bottighofen-blazon.svg.png"
4646,30.8,30.8,69.2,"Ermatingen (TG)","A Ermatingen l'Iniziativa sulla neutralità non ottiene la maggioranza: 69,2 per cento di no.","https://thumb.wikimedia.org/wikipedia/commons/thumb/8/8d/Ermatingen-blazon.svg/250px-Ermatingen-blazon.svg.png"
4651,19.6,19.6,80.4,"Gottlieben (TG)","La popolazione di Gottlieben respinge l'Iniziativa sulla neutralità con il 80,4 per cento.","https://thumb.wikimedia.org/wikipedia/commons/thumb/9/93/Gottlieben-blazon.svg/250px-Gottlieben-blazon.svg.png"
4656,39,39,61,"Güttingen (TG)","A Güttingen, l'Iniziativa sulla neutralità è stata respinta con il 61 per cento.","https://thumb.wikimedia.org/wikipedia/commons/thumb/1/1a/G%C3%BCttingen-blazon.svg/250px-G%C3%BCttingen-blazon.svg.png"
4666,50,0,0,"Kemmental (TG)","I risultati di questo comune non sono ancora noti.","https://thumb.wikimedia.org/wikipedia/commons/thumb/e/e4/CHE_Kemmental_COA.svg/500px-CHE_Kemmental_COA.svg.png"
4671,50,0,0,"Kreuzlingen (TG)","I risultati di questo comune non sono ancora noti.","https://thumb.wikimedia.org/wikipedia/commons/thumb/2/25/Kreuzlingen-blazon.svg/250px-Kreuzlingen-blazon.svg.png"
4681,44.4,44.4,55.6,"Langrickenbach (TG)","La popolazione di Langrickenbach respinge l'Iniziativa sulla neutralità con il 55,6 per cento.","https://thumb.wikimedia.org/wikipedia/commons/thumb/7/71/Langrickenbach-blazon.svg/250px-Langrickenbach-blazon.svg.png"
4683,50,0,0,"Lengwil (TG)","I risultati di questo comune non sono ancora noti.","https://upload.wikimedia.org/wikipedia/de/8/8f/GW-TG-Lengwil.png"
4691,32.9,32.9,67.1,"Münsterlingen (TG)","Con il 67,1 per cento dei voti, Münsterlingen ha respinto l'Iniziativa sulla neutralità.","https://thumb.wikimedia.org/wikipedia/commons/thumb/6/67/GW-TG-Muensterlingen.svg/500px-GW-TG-Muensterlingen.svg.png"
4696,29.4,29.4,70.6,"Tägerwilen (TG)","La popolazione di Tägerwilen respinge l'Iniziativa sulla neutralità con il 70,6 per cento.","https://thumb.wikimedia.org/wikipedia/commons/thumb/6/6b/T%C3%A4gerwilen-blazon.svg/250px-T%C3%A4gerwilen-blazon.svg.png"
4701,44.5,44.5,55.5,"Wäldi (TG)","La popolazione di Wäldi respinge l'Iniziativa sulla neutralità con il 55,5 per cento.","https://thumb.wikimedia.org/wikipedia/commons/thumb/0/03/W%C3%A4ldi-blazon.svg/250px-W%C3%A4ldi-blazon.svg.png"
4711,46.4,46.4,53.6,"Affeltrangen (TG)","La popolazione di Affeltrangen respinge l'Iniziativa sulla neutralità con il 53,6 per cento.","https://thumb.wikimedia.org/wikipedia/commons/thumb/2/21/CHE_Affeltrangen_COA.svg/960px-CHE_Affeltrangen_COA.svg.png"
4716,41.5,41.5,58.5,"Bettwiesen (TG)","La popolazione di Bettwiesen respinge l'Iniziativa sulla neutralità con il 58,5 per cento.","https://thumb.wikimedia.org/wikipedia/commons/thumb/c/c4/Bettwiesen-blazon.svg/250px-Bettwiesen-blazon.svg.png"
4721,41.8,41.8,58.2,"Bichelsee-Balterswil (TG)","A Bichelsee-Balterswil l'Iniziativa sulla neutralità è stata respinta con il 58,2 per cento.","https://thumb.wikimedia.org/wikipedia/commons/thumb/f/fe/BichelseeBalterswil-blazon.svg/250px-BichelseeBalterswil-blazon.svg.png"
4723,40.6,40.6,59.4,"Braunau (TG)","La popolazione di Braunau respinge l'Iniziativa sulla neutralità con il 59,4 per cento.","https://thumb.wikimedia.org/wikipedia/commons/thumb/2/2e/Braunau-blazon.svg/250px-Braunau-blazon.svg.png"
4724,34.2,34.2,65.8,"Eschlikon (TG)","A Eschlikon, l'Iniziativa sulla neutralità è stata respinta con il 65,8 per cento.","https://thumb.wikimedia.org/wikipedia/commons/thumb/f/f4/Eschlikon-blazon.svg/250px-Eschlikon-blazon.svg.png"
4726,50,0,0,"Fischingen (TG)","I risultati di questo comune non sono ancora noti.","https://thumb.wikimedia.org/wikipedia/commons/thumb/f/f7/Fischingen-blazon.svg/250px-Fischingen-blazon.svg.png"
4741,43.5,43.5,56.5,"Lommis (TG)","Con il 56,5 per cento dei voti, Lommis ha respinto l'Iniziativa sulla neutralità.","https://thumb.wikimedia.org/wikipedia/commons/thumb/9/90/Lommis-blazon.svg/250px-Lommis-blazon.svg.png"
4746,38.5,38.5,61.5,"Münchwilen (TG)","A Münchwilen TG l'Iniziativa sulla neutralità è stata respinta con il 61,5 per cento.","https://thumb.wikimedia.org/wikipedia/commons/thumb/3/37/M%C3%BCnchwilen_TG-blazon.svg/250px-M%C3%BCnchwilen_TG-blazon.svg.png"
4751,39,39,61,"Rickenbach (TG)","Con il 61 per cento dei voti, Rickenbach TG ha respinto l'Iniziativa sulla neutralità.","https://thumb.wikimedia.org/wikipedia/commons/thumb/a/ae/Rickenbach_TG-blazon.svg/250px-Rickenbach_TG-blazon.svg.png"
4756,47.9,47.9,52.1,"Schönholzerswilen (TG)","La popolazione di Schönholzerswilen respinge l'Iniziativa sulla neutralità con il 52,1 per cento.","https://thumb.wikimedia.org/wikipedia/commons/thumb/9/95/CHE_Sch%C3%B6nholzerswilen_COA.svg/250px-CHE_Sch%C3%B6nholzerswilen_COA.svg.png"
4761,39.9,39.9,60.1,"Sirnach (TG)","A Sirnach l'Iniziativa sulla neutralità non ottiene la maggioranza: 60,1 per cento di no.","https://thumb.wikimedia.org/wikipedia/commons/thumb/5/5f/CHE_Sirnach_COA.svg/500px-CHE_Sirnach_COA.svg.png"
4776,46.8,46.8,53.2,"Tobel-Tägerschen (TG)","La popolazione di Tobel-Tägerschen respinge l'Iniziativa sulla neutralità con il 53,2 per cento.","https://thumb.wikimedia.org/wikipedia/commons/thumb/2/2a/CHE_Tobel-T%C3%A4gerschen_COA.svg/500px-CHE_Tobel-T%C3%A4gerschen_COA.svg.png"
4781,37.3,37.3,62.7,"Wängi (TG)","A Wängi l'Iniziativa sulla neutralità è stata respinta con il 62,7 per cento.","https://thumb.wikimedia.org/wikipedia/commons/thumb/6/6e/Wappen_Waengi.svg/250px-Wappen_Waengi.svg.png"
4786,27,27,73,"Wilen (TG)","Con il 73 per cento dei voti, l'Iniziativa sulla neutralità viene respinta a Wilen TG.","https://thumb.wikimedia.org/wikipedia/commons/thumb/4/4e/Wilen-blazon.svg/250px-Wilen-blazon.svg.png"
4791,45.4,45.4,54.6,"Wuppenau (TG)","A Wuppenau l'Iniziativa sulla neutralità non ottiene la maggioranza: 54,6 per cento di no.","https://thumb.wikimedia.org/wikipedia/commons/thumb/d/d5/CHE_Wuppenau_COA.svg/250px-CHE_Wuppenau_COA.svg.png"
4801,36.2,36.2,63.8,"Berlingen (TG)","A Berlingen l'Iniziativa sulla neutralità è stata respinta con il 63,8 per cento.","https://thumb.wikimedia.org/wikipedia/commons/thumb/5/5b/Berlingen_Wappen.svg/500px-Berlingen_Wappen.svg.png"
4806,50,0,0,"Eschenz (TG)","I risultati di questo comune non sono ancora noti.","https://thumb.wikimedia.org/wikipedia/commons/thumb/5/52/Eschenz-blazon.svg/250px-Eschenz-blazon.svg.png"
4811,37.5,37.5,62.5,"Herdern (TG)","La popolazione di Herdern respinge l'Iniziativa sulla neutralità con il 62,5 per cento.","https://thumb.wikimedia.org/wikipedia/commons/thumb/6/68/Herdern-blazon.svg/250px-Herdern-blazon.svg.png"
4816,43.2,43.2,56.8,"Homburg (TG)","Con il 56,8 per cento dei voti, Homburg ha respinto l'Iniziativa sulla neutralità.","https://thumb.wikimedia.org/wikipedia/commons/thumb/4/40/Homburg-blazon.svg/250px-Homburg-blazon.svg.png"
4821,34.6,34.6,65.4,"Hüttwilen (TG)","A Hüttwilen, l'Iniziativa sulla neutralità è stata respinta con il 65,4 per cento.","https://thumb.wikimedia.org/wikipedia/commons/thumb/b/bf/H%C3%BCttwilen-blazon.svg/250px-H%C3%BCttwilen-blazon.svg.png"
4826,28.6,28.6,71.4,"Mammern (TG)","La popolazione di Mammern respinge l'Iniziativa sulla neutralità con il 71,4 per cento.","https://thumb.wikimedia.org/wikipedia/commons/thumb/c/c6/Mammern-blazon.svg/250px-Mammern-blazon.svg.png"
4831,37.2,37.2,62.8,"Müllheim (TG)","Con il 62,8 per cento dei voti, Müllheim ha respinto l'Iniziativa sulla neutralità.","https://thumb.wikimedia.org/wikipedia/commons/thumb/2/25/M%C3%BCllheim-blazon.svg/250px-M%C3%BCllheim-blazon.svg.png"
4841,38.3,38.3,61.7,"Pfyn (TG)","A Pfyn, l'Iniziativa sulla neutralità è stata respinta con il 61,7 per cento.","https://thumb.wikimedia.org/wikipedia/commons/thumb/1/1a/Pfyn-blazon.svg/250px-Pfyn-blazon.svg.png"
4846,50.3,50.3,49.7,"Raperswilen (TG)","A Raperswilen l'Iniziativa sulla neutralità è stata approvata con il 50,3 per cento.","https://thumb.wikimedia.org/wikipedia/commons/thumb/5/56/CHE_Raperswilen_COA.svg/500px-CHE_Raperswilen_COA.svg.png"
4851,37.8,37.8,62.2,"Salenstein (TG)","A Salenstein l'Iniziativa sulla neutralità non ottiene la maggioranza: 62,2 per cento di no.","https://thumb.wikimedia.org/wikipedia/commons/thumb/c/c2/Salenstein-blazon.svg/250px-Salenstein-blazon.svg.png"
4864,34.7,34.7,65.3,"Steckborn (TG)","Con il 65,3 per cento dei voti, l'Iniziativa sulla neutralità viene respinta a Steckborn.","https://thumb.wikimedia.org/wikipedia/commons/thumb/7/7b/Steckborn-blazon.svg/250px-Steckborn-blazon.svg.png"
4871,37.5,37.5,62.5,"Wagenhausen (TG)","A Wagenhausen, l'Iniziativa sulla neutralità è stata respinta con il 62,5 per cento.","https://thumb.wikimedia.org/wikipedia/commons/thumb/f/ff/Wagenhausen-blazon.svg/250px-Wagenhausen-blazon.svg.png"
4881,46.1,46.1,53.9,"Amlikon-Bissegg (TG)","La popolazione di Amlikon-Bissegg respinge l'Iniziativa sulla neutralità con il 53,9 per cento.","https://thumb.wikimedia.org/wikipedia/commons/thumb/f/f0/AmlikonBissegg-blazon.svg/250px-AmlikonBissegg-blazon.svg.png"
4891,39.9,39.9,60.1,"Berg (TG)","Con il 60,1 per cento dei voti, l'Iniziativa sulla neutralità viene respinta a Berg TG.","https://thumb.wikimedia.org/wikipedia/commons/thumb/3/34/Berg_TG-blazon.svg/250px-Berg_TG-blazon.svg.png"
4901,50.4,50.4,49.6,"Birwinken (TG)","A Birwinken, l'Iniziativa sulla neutralità è approvata con il 50,4 per cento.","https://thumb.wikimedia.org/wikipedia/commons/thumb/4/4a/Birwinken-blazon.svg/250px-Birwinken-blazon.svg.png"
4911,42.5,42.5,57.5,"Bürglen (TG)","Con il 57,5 per cento dei voti, l'Iniziativa sulla neutralità viene respinta a Bürglen TG.","https://thumb.wikimedia.org/wikipedia/commons/thumb/d/de/B%C3%BCrglen_TG-blazon.svg/250px-B%C3%BCrglen_TG-blazon.svg.png"
4921,44.6,44.6,55.4,"Bussnang (TG)","La popolazione di Bussnang respinge l'Iniziativa sulla neutralità con il 55,4 per cento.","https://thumb.wikimedia.org/wikipedia/commons/thumb/9/97/Bussnang-blazon.svg/250px-Bussnang-blazon.svg.png"
4941,36.8,36.8,63.2,"Märstetten (TG)","Con il 63,2 per cento dei voti, l'Iniziativa sulla neutralità viene respinta a Märstetten.","https://thumb.wikimedia.org/wikipedia/commons/thumb/4/4e/M%C3%A4rstetten-blazon.svg/250px-M%C3%A4rstetten-blazon.svg.png"
4946,30.2,30.2,69.8,"Weinfelden (TG)","A Weinfelden l'Iniziativa sulla neutralità non ottiene la maggioranza: 69,8 per cento di no.","https://thumb.wikimedia.org/wikipedia/commons/thumb/6/6d/Weinfelden-blazon.svg/250px-Weinfelden-blazon.svg.png"
4951,38.3,38.3,61.7,"Wigoltingen (TG)","A Wigoltingen l'Iniziativa sulla neutralità è stata respinta con il 61,7 per cento.","https://thumb.wikimedia.org/wikipedia/commons/thumb/8/85/Wigoltingen-blazon.svg/250px-Wigoltingen-blazon.svg.png"
5001,46.2,46.2,53.8,"Arbedo-Castione (TI)","Con il 53,8 per cento dei voti, Arbedo-Castione ha respinto l'Iniziativa sulla neutralità. Sia Arbedo-Castione che il cantone Ticino hanno bocciato l'Iniziativa sulla neutralità.","https://thumb.wikimedia.org/wikipedia/commons/thumb/a/a2/CHE_Arbedo-Castione_COA.svg/500px-CHE_Arbedo-Castione_COA.svg.png"
5002,44.5,44.5,55.5,"Bellinzona (TI)","Con il 55,5 per cento dei voti, l'Iniziativa sulla neutralità viene respinta a Bellinzona. Sia Bellinzona che il cantone Ticino hanno bocciato l'Iniziativa sulla neutralità.","https://thumb.wikimedia.org/wikipedia/commons/thumb/4/46/CHE_Bellinzona_COA-02.svg/500px-CHE_Bellinzona_COA-02.svg.png"
5003,59.4,59.4,40.6,"Cadenazzo (TI)","Sì all'Iniziativa sulla neutralità a Cadenazzo con il 59,4 per cento. Cadenazzo dice sì all'Iniziativa sulla neutralità, il cantone Ticino dice no.","https://thumb.wikimedia.org/wikipedia/commons/thumb/3/35/Cadenazzo-coat_of_arms.svg/500px-Cadenazzo-coat_of_arms.svg.png"
5009,74.8,74.8,25.2,"Isone (TI)","Sì all'Iniziativa sulla neutralità a Isone, con il 74,8 per cento di voti favorevoli. Isone dice sì all'Iniziativa sulla neutralità, il cantone Ticino dice no.","https://thumb.wikimedia.org/wikipedia/commons/thumb/0/02/CHE_Isone_COA.svg/500px-CHE_Isone_COA.svg.png"
5010,49.5,49.5,50.5,"Lumino (TI)","A Lumino, l'Iniziativa sulla neutralità è stata respinta con il 50,5 per cento. Sia Lumino che il cantone Ticino hanno bocciato l'Iniziativa sulla neutralità.","https://thumb.wikimedia.org/wikipedia/commons/thumb/8/8d/Lumino-coat_of_arms.svg/500px-Lumino-coat_of_arms.svg.png"
5017,55.2,55.2,44.8,"Sant'Antonino (TI)","A Sant'Antonino, l'Iniziativa sulla neutralità è approvata con il 55,2 per cento. Sant'Antonino dice sì all'Iniziativa sulla neutralità, il cantone Ticino dice no.","https://thumb.wikimedia.org/wikipedia/commons/thumb/3/30/SantAntonino-coat_of_arms.svg/500px-SantAntonino-coat_of_arms.svg.png"
5048,52.7,52.7,47.3,"Acquarossa (TI)","A Acquarossa l'Iniziativa sulla neutralità è stata approvata con il 52,7 per cento. Acquarossa dice sì all'Iniziativa sulla neutralità, il cantone Ticino dice no.","https://thumb.wikimedia.org/wikipedia/commons/thumb/c/c7/CHE_Acquarossa_COA.svg/500px-CHE_Acquarossa_COA.svg.png"
5049,60.8,60.8,39.2,"Blenio (TI)","A Blenio l'Iniziativa sulla neutralità è stata approvata con il 60,8 per cento. Blenio dice sì all'Iniziativa sulla neutralità, il cantone Ticino dice no.","https://thumb.wikimedia.org/wikipedia/commons/thumb/0/0d/CHE_Blenio_COA.svg/500px-CHE_Blenio_COA.svg.png"
5050,56.8,56.8,43.2,"Serravalle (TI)","A Serravalle, l'Iniziativa sulla neutralità è approvata con il 56,8 per cento. Serravalle dice sì all'Iniziativa sulla neutralità, il cantone Ticino dice no.","https://upload.wikimedia.org/wikipedia/de/3/31/Wappen.Serravalle.png"
5061,57.3,57.3,42.7,"Airolo (TI)","Sì all'Iniziativa sulla neutralità a Airolo con il 57,3 per cento. Airolo dice sì all'Iniziativa sulla neutralità, il cantone Ticino dice no.","https://thumb.wikimedia.org/wikipedia/commons/thumb/8/84/CHE_Airolo_COA.svg/500px-CHE_Airolo_COA.svg.png"
5063,79.1,79.1,20.9,"Bedretto (TI)","A Bedretto, l'Iniziativa sulla neutralità è approvata con 53 voti contro 14. Bedretto dice sì all'Iniziativa sulla neutralità, il cantone Ticino dice no.","https://thumb.wikimedia.org/wikipedia/commons/thumb/9/99/Bedretto-coat_of_arms.svg/500px-Bedretto-coat_of_arms.svg.png"
5071,37,37,63,"Dalpe (TI)","A Dalpe l'Iniziativa sulla neutralità è respinta con 58 contro 34 voti. Sia Dalpe che il cantone Ticino hanno bocciato l'Iniziativa sulla neutralità.","https://thumb.wikimedia.org/wikipedia/commons/thumb/0/06/Dalpe-coat_of_arms.svg/500px-Dalpe-coat_of_arms.svg.png"
5072,50.8,50.8,49.2,"Faido (TI)","A Faido, l'Iniziativa sulla neutralità è approvata con il 50,8 per cento. Faido dice sì all'Iniziativa sulla neutralità, il cantone Ticino dice no.","https://thumb.wikimedia.org/wikipedia/commons/thumb/1/11/CHE_Faido_COA.svg/500px-CHE_Faido_COA.svg.png"
5073,53.6,53.6,46.4,"Giornico (TI)","Sì all'Iniziativa sulla neutralità a Giornico: 53,6 per cento. Giornico dice sì all'Iniziativa sulla neutralità, il cantone Ticino dice no.","https://thumb.wikimedia.org/wikipedia/commons/thumb/b/b6/CHE_Giornico_COA_2025.svg/960px-CHE_Giornico_COA_2025.svg.png"
5076,48.7,48.7,51.3,"Personico (TI)","A Personico l'Iniziativa sulla neutralità è stata respinta con il 51,3 per cento. Sia Personico che il cantone Ticino hanno bocciato l'Iniziativa sulla neutralità.","https://thumb.wikimedia.org/wikipedia/commons/thumb/0/02/Personico-coat_of_arms.svg/500px-Personico-coat_of_arms.svg.png"
5077,51.5,51.5,48.5,"Pollegio (TI)","A Pollegio, l'Iniziativa sulla neutralità è stata approvata con il 51,5 per cento. Pollegio dice sì all'Iniziativa sulla neutralità, il cantone Ticino dice no.","https://thumb.wikimedia.org/wikipedia/commons/thumb/c/ce/Pollegio-coat_of_arms.svg/500px-Pollegio-coat_of_arms.svg.png"
5079,53.7,53.7,46.3,"Quinto (TI)","La popolazione di Quinto approva l'Iniziativa sulla neutralità con il 53,7 per cento. Quinto dice sì all'Iniziativa sulla neutralità, il cantone Ticino dice no.","https://thumb.wikimedia.org/wikipedia/commons/thumb/e/ee/CHE_Quinto_COA_2025.svg/500px-CHE_Quinto_COA_2025.svg.png"
5091,45.1,45.1,54.9,"Ascona (TI)","Con il 54,9 per cento dei voti, l'Iniziativa sulla neutralità viene respinta a Ascona. Sia Ascona che il cantone Ticino hanno bocciato l'Iniziativa sulla neutralità.","https://thumb.wikimedia.org/wikipedia/commons/thumb/c/c9/CHE_Ascona_COA.svg/500px-CHE_Ascona_COA.svg.png"
5096,49.4,49.4,50.6,"Brione sopra Minusio (TI)","La popolazione di Brione sopra Minusio respinge l'Iniziativa sulla neutralità con il 50,6 per cento. Sia Brione sopra Minusio che il cantone Ticino hanno bocciato l'Iniziativa sulla neutralità.","https://thumb.wikimedia.org/wikipedia/commons/thumb/4/4e/CHE_Brione_sopra_Minusio_TI_COA.svg/500px-CHE_Brione_sopra_Minusio_TI_COA.svg.png"
5097,48.5,48.5,51.5,"Brissago (TI)","Con il 51,5 per cento dei voti, Brissago ha respinto l'Iniziativa sulla neutralità. Sia Brissago che il cantone Ticino hanno bocciato l'Iniziativa sulla neutralità.","https://thumb.wikimedia.org/wikipedia/commons/thumb/0/0e/Brissago-coat_of_arms.svg/500px-Brissago-coat_of_arms.svg.png"
5108,47.7,47.7,52.3,"Gordola (TI)","A Gordola, l'Iniziativa sulla neutralità è stata respinta con il 52,3 per cento. Sia Gordola che il cantone Ticino hanno bocciato l'Iniziativa sulla neutralità.","https://thumb.wikimedia.org/wikipedia/commons/thumb/e/e8/CHE_Gordola_COA.svg/500px-CHE_Gordola_COA.svg.png"
5112,45.4,45.4,54.6,"Lavertezzo (TI)","La popolazione di Lavertezzo respinge l'Iniziativa sulla neutralità con il 54,6 per cento. Sia Lavertezzo che il cantone Ticino hanno bocciato l'Iniziativa sulla neutralità.","https://thumb.wikimedia.org/wikipedia/commons/thumb/c/c5/Lavertezzo-coat_of_arms.svg/500px-Lavertezzo-coat_of_arms.svg.png"
5113,46.2,46.2,53.8,"Locarno (TI)","La popolazione di Locarno respinge l'Iniziativa sulla neutralità con il 53,8 per cento. Sia Locarno che il cantone Ticino hanno bocciato l'Iniziativa sulla neutralità.","https://thumb.wikimedia.org/wikipedia/commons/thumb/5/5a/CHE_Locarno_COA.svg/500px-CHE_Locarno_COA.svg.png"
5115,45.6,45.6,54.4,"Losone (TI)","A Losone l'Iniziativa sulla neutralità non ottiene la maggioranza: 54,4 per cento di no. Sia Losone che il cantone Ticino hanno bocciato l'Iniziativa sulla neutralità.","https://thumb.wikimedia.org/wikipedia/commons/thumb/f/f1/CHE_Losone_COA.svg/500px-CHE_Losone_COA.svg.png"
5117,38,38,62,"Mergoscia (TI)","A Mergoscia l'Iniziativa sulla neutralità è respinta con 49 contro 30 voti. Sia Mergoscia che il cantone Ticino hanno bocciato l'Iniziativa sulla neutralità.","https://thumb.wikimedia.org/wikipedia/commons/thumb/5/52/Mergoscia-coat_of_arms.svg/500px-Mergoscia-coat_of_arms.svg.png"
5118,44.2,44.2,55.8,"Minusio (TI)","Con il 55,8 per cento dei voti, l'Iniziativa sulla neutralità viene respinta a Minusio. Sia Minusio che il cantone Ticino hanno bocciato l'Iniziativa sulla neutralità.","https://thumb.wikimedia.org/wikipedia/commons/thumb/0/01/Minusio-coat_of_arms.svg/500px-Minusio-coat_of_arms.svg.png"
5120,46.4,46.4,53.6,"Muralto (TI)","La popolazione di Muralto respinge l'Iniziativa sulla neutralità con il 53,6 per cento. Sia Muralto che il cantone Ticino hanno bocciato l'Iniziativa sulla neutralità.","https://thumb.wikimedia.org/wikipedia/commons/thumb/d/d9/Muralto-coat_of_arms.svg/500px-Muralto-coat_of_arms.svg.png"
5121,42.1,42.1,57.9,"Orselina (TI)","A Orselina l'Iniziativa sulla neutralità non ottiene la maggioranza: 57,9 per cento di no. Sia Orselina che il cantone Ticino hanno bocciato l'Iniziativa sulla neutralità.","https://thumb.wikimedia.org/wikipedia/commons/thumb/2/29/CHE_Orselina_COA.svg/500px-CHE_Orselina_COA.svg.png"
5125,37.6,37.6,62.4,"Ronco sopra Ascona (TI)","A Ronco sopra Ascona l'Iniziativa sulla neutralità non ottiene la maggioranza: 62,4 per cento di no. Sia Ronco sopra Ascona che il cantone Ticino hanno bocciato l'Iniziativa sulla neutralità.","https://thumb.wikimedia.org/wikipedia/commons/thumb/2/2f/RoncoSopraAscona-coat_of_arms.svg/500px-RoncoSopraAscona-coat_of_arms.svg.png"
5131,47.2,47.2,52.8,"Tenero-Contra (TI)","A Tenero-Contra l'Iniziativa sulla neutralità è stata respinta con il 52,8 per cento. Sia Tenero-Contra che il cantone Ticino hanno bocciato l'Iniziativa sulla neutralità.","https://thumb.wikimedia.org/wikipedia/commons/thumb/a/a4/Tenero-Contra-coat_of_arms.svg/500px-Tenero-Contra-coat_of_arms.svg.png"
5136,48.3,48.3,51.7,"Onsernone (TI)","La popolazione di Onsernone respinge l'Iniziativa sulla neutralità con il 51,7 per cento. Sia Onsernone che il cantone Ticino hanno bocciato l'Iniziativa sulla neutralità.","https://thumb.wikimedia.org/wikipedia/commons/thumb/9/90/CHE_Onsernone_COA.svg/500px-CHE_Onsernone_COA.svg.png"
5138,45,45,55,"Cugnasco-Gerra (TI)","La popolazione di Cugnasco-Gerra respinge l'Iniziativa sulla neutralità con il 55 per cento. Sia Cugnasco-Gerra che il cantone Ticino hanno bocciato l'Iniziativa sulla neutralità.","https://thumb.wikimedia.org/wikipedia/commons/thumb/1/16/CHE_Cugnasco-Gerra_COA.svg/500px-CHE_Cugnasco-Gerra_COA.svg.png"
5141,51.6,51.6,48.4,"Agno (TI)","La popolazione di Agno approva l'Iniziativa sulla neutralità con il 51,6 per cento. Agno dice sì all'Iniziativa sulla neutralità, il cantone Ticino dice no.","https://thumb.wikimedia.org/wikipedia/commons/thumb/9/90/CHE_Agno_COA.svg/500px-CHE_Agno_COA.svg.png"
5143,38.5,38.5,61.5,"Aranno (TI)","Con il 61,5 per cento dei voti, Aranno ha respinto l'Iniziativa sulla neutralità. Sia Aranno che il cantone Ticino hanno bocciato l'Iniziativa sulla neutralità.","https://thumb.wikimedia.org/wikipedia/commons/thumb/5/56/Aranno-coat_of_arms.svg/500px-Aranno-coat_of_arms.svg.png"
5144,51.1,51.1,48.9,"Arogno (TI)","A Arogno, l'Iniziativa sulla neutralità è stata approvata con il 51,1 per cento. Arogno dice sì all'Iniziativa sulla neutralità, il cantone Ticino dice no.","https://thumb.wikimedia.org/wikipedia/commons/thumb/f/fd/Arogno-coat_of_arms.svg/500px-Arogno-coat_of_arms.svg.png"
5148,55.5,55.5,44.5,"Bedano (TI)","Sì all'Iniziativa sulla neutralità a Bedano: 55,5 per cento. Bedano dice sì all'Iniziativa sulla neutralità, il cantone Ticino dice no.","https://thumb.wikimedia.org/wikipedia/commons/thumb/6/60/Bedano-coat_of_arms.svg/500px-Bedano-coat_of_arms.svg.png"
5151,49.2,49.2,50.8,"Bioggio (TI)","A Bioggio, l'Iniziativa sulla neutralità è stata respinta con il 50,8 per cento. Sia Bioggio che il cantone Ticino hanno bocciato l'Iniziativa sulla neutralità.","https://thumb.wikimedia.org/wikipedia/commons/thumb/e/e4/CHE_Bioggio_COA.svg/500px-CHE_Bioggio_COA.svg.png"
5154,62.6,62.6,37.4,"Bissone (TI)","La popolazione di Bissone approva l'Iniziativa sulla neutralità con il 62,6 per cento. Bissone dice sì all'Iniziativa sulla neutralità, il cantone Ticino dice no.","https://thumb.wikimedia.org/wikipedia/commons/thumb/3/37/CHE_Bissone_COA.svg/960px-CHE_Bissone_COA.svg.png"
5160,52.1,52.1,47.9,"Brusino Arsizio (TI)","Sì all'Iniziativa sulla neutralità a Brusino Arsizio, con il 52,1 per cento di voti favorevoli. Brusino Arsizio dice sì all'Iniziativa sulla neutralità, il cantone Ticino dice no.","https://thumb.wikimedia.org/wikipedia/commons/thumb/e/eb/BrusinoArsizio-coat_of_arms.svg/500px-BrusinoArsizio-coat_of_arms.svg.png"
5161,53.8,53.8,46.2,"Cademario (TI)","A Cademario l'Iniziativa sulla neutralità è stata approvata con il 53,8 per cento. Cademario dice sì all'Iniziativa sulla neutralità, il cantone Ticino dice no.","https://thumb.wikimedia.org/wikipedia/commons/thumb/7/7d/Cademario-coat_of_arms.svg/500px-Cademario-coat_of_arms.svg.png"
5162,53.1,53.1,46.9,"Cadempino (TI)","Sì all'Iniziativa sulla neutralità a Cadempino: 53,1 per cento. Cadempino dice sì all'Iniziativa sulla neutralità, il cantone Ticino dice no.","https://thumb.wikimedia.org/wikipedia/commons/thumb/9/99/Cadempino-coat_of_arms.svg/500px-Cadempino-coat_of_arms.svg.png"
5167,49.3,49.3,50.7,"Canobbio (TI)","A Canobbio l'Iniziativa sulla neutralità è stata respinta con il 50,7 per cento. Sia Canobbio che il cantone Ticino hanno bocciato l'Iniziativa sulla neutralità.","https://thumb.wikimedia.org/wikipedia/commons/thumb/3/34/CHE_Canobbio_COA.svg/500px-CHE_Canobbio_COA.svg.png"
5171,50.7,50.7,49.3,"Caslano (TI)","A Caslano l'Iniziativa sulla neutralità è stata approvata con il 50,7 per cento. Caslano dice sì all'Iniziativa sulla neutralità, il cantone Ticino dice no.","https://thumb.wikimedia.org/wikipedia/commons/thumb/d/dd/Caslano-coat_of_arms.svg/500px-Caslano-coat_of_arms.svg.png"
5176,39.6,39.6,60.4,"Comano (TI)","Con il 60,4 per cento dei voti, Comano ha respinto l'Iniziativa sulla neutralità. Sia Comano che il cantone Ticino hanno bocciato l'Iniziativa sulla neutralità.","https://thumb.wikimedia.org/wikipedia/commons/thumb/7/7f/Comano-coat_of_arms.svg/500px-Comano-coat_of_arms.svg.png"
5180,42.3,42.3,57.7,"Cureglia (TI)","Con il 57,7 per cento dei voti, l'Iniziativa sulla neutralità viene respinta a Cureglia. Sia Cureglia che il cantone Ticino hanno bocciato l'Iniziativa sulla neutralità.","https://thumb.wikimedia.org/wikipedia/commons/thumb/4/47/Cureglia-coat_of_arms.svg/500px-Cureglia-coat_of_arms.svg.png"
5186,56.4,56.4,43.6,"Grancia (TI)","A Grancia, l'Iniziativa sulla neutralità è approvata con il 56,4 per cento. Grancia dice sì all'Iniziativa sulla neutralità, il cantone Ticino dice no.","https://thumb.wikimedia.org/wikipedia/commons/thumb/7/79/Grancia-coat_of_arms.svg/500px-Grancia-coat_of_arms.svg.png"
5187,53.2,53.2,46.8,"Gravesano (TI)","Sì all'Iniziativa sulla neutralità a Gravesano: 53,2 per cento. Gravesano dice sì all'Iniziativa sulla neutralità, il cantone Ticino dice no.","https://thumb.wikimedia.org/wikipedia/commons/thumb/7/73/Gravesano-coat_of_arms.svg/500px-Gravesano-coat_of_arms.svg.png"
5189,52,52,48,"Lamone (TI)","Sì all'Iniziativa sulla neutralità a Lamone: 52 per cento. Lamone dice sì all'Iniziativa sulla neutralità, il cantone Ticino dice no.","https://thumb.wikimedia.org/wikipedia/commons/thumb/8/80/CHE_Lamone_COA.svg/500px-CHE_Lamone_COA.svg.png"
5192,48.5,48.5,51.5,"Lugano (TI)","A Lugano l'Iniziativa sulla neutralità è stata respinta con il 51,5 per cento. Sia Lugano che il cantone Ticino hanno bocciato l'Iniziativa sulla neutralità.","https://thumb.wikimedia.org/wikipedia/commons/thumb/7/73/CHE_Lugano_COA.svg/960px-CHE_Lugano_COA.svg.png"
5193,50.9,50.9,49.1,"Magliaso (TI)","Sì all'Iniziativa sulla neutralità a Magliaso: 50,9 per cento. Magliaso dice sì all'Iniziativa sulla neutralità, il cantone Ticino dice no.","https://thumb.wikimedia.org/wikipedia/commons/thumb/f/f6/Magliaso-coat_of_arms.svg/500px-Magliaso-coat_of_arms.svg.png"
5194,55.9,55.9,44.1,"Manno (TI)","Sì all'Iniziativa sulla neutralità a Manno con il 55,9 per cento. Manno dice sì all'Iniziativa sulla neutralità, il cantone Ticino dice no.","https://thumb.wikimedia.org/wikipedia/commons/thumb/b/bb/CHE_Manno_COA.svg/500px-CHE_Manno_COA.svg.png"
5196,42.2,42.2,57.8,"Massagno (TI)","A Massagno, l'Iniziativa sulla neutralità è stata respinta con il 57,8 per cento. Sia Massagno che il cantone Ticino hanno bocciato l'Iniziativa sulla neutralità.","https://thumb.wikimedia.org/wikipedia/commons/thumb/2/2a/Massagno-coat_of_arms.svg/500px-Massagno-coat_of_arms.svg.png"
5198,50.8,50.8,49.2,"Melide (TI)","A Melide l'Iniziativa sulla neutralità è stata approvata con il 50,8 per cento. Melide dice sì all'Iniziativa sulla neutralità, il cantone Ticino dice no.","https://thumb.wikimedia.org/wikipedia/commons/thumb/3/36/CHE_Melide_COA.svg/500px-CHE_Melide_COA.svg.png"
5199,59.9,59.9,40.1,"Mezzovico-Vira (TI)","A Mezzovico-Vira, l'Iniziativa sulla neutralità è stata approvata con il 59,9 per cento. Mezzovico-Vira dice sì all'Iniziativa sulla neutralità, il cantone Ticino dice no.","https://thumb.wikimedia.org/wikipedia/commons/thumb/6/67/CHE_Mezzovico-Vira_COA.svg/500px-CHE_Mezzovico-Vira_COA.svg.png"
5203,53.5,53.5,46.5,"Morcote (TI)","Sì all'Iniziativa sulla neutralità a Morcote: 53,5 per cento. Morcote dice sì all'Iniziativa sulla neutralità, il cantone Ticino dice no.","https://thumb.wikimedia.org/wikipedia/commons/thumb/f/f8/CHE_Morcote_COA.svg/500px-CHE_Morcote_COA.svg.png"
5205,47.7,47.7,52.3,"Muzzano (TI)","Con il 52,3 per cento dei voti, l'Iniziativa sulla neutralità viene respinta a Muzzano. Sia Muzzano che il cantone Ticino hanno bocciato l'Iniziativa sulla neutralità.","https://thumb.wikimedia.org/wikipedia/commons/thumb/5/55/CHE_Muzzano_COA.svg/500px-CHE_Muzzano_COA.svg.png"
5206,48.2,48.2,51.8,"Neggio (TI)","La popolazione di Neggio respinge l'Iniziativa sulla neutralità con il 51,8 per cento. Sia Neggio che il cantone Ticino hanno bocciato l'Iniziativa sulla neutralità.","https://thumb.wikimedia.org/wikipedia/commons/thumb/3/3f/Neggio-coat_of_arms.svg/500px-Neggio-coat_of_arms.svg.png"
5208,43.4,43.4,56.6,"Origlio (TI)","A Origlio l'Iniziativa sulla neutralità non ottiene la maggioranza: 56,6 per cento di no. Sia Origlio che il cantone Ticino hanno bocciato l'Iniziativa sulla neutralità.","https://thumb.wikimedia.org/wikipedia/commons/thumb/9/9c/Origlio-coat_of_arms.svg/500px-Origlio-coat_of_arms.svg.png"
5210,51.1,51.1,48.9,"Paradiso (TI)","Sì all'Iniziativa sulla neutralità a Paradiso con il 51,1 per cento. Paradiso dice sì all'Iniziativa sulla neutralità, il cantone Ticino dice no.","https://thumb.wikimedia.org/wikipedia/commons/thumb/7/75/CHE_Paradiso_COA.svg/500px-CHE_Paradiso_COA.svg.png"
5212,44.7,44.7,55.3,"Ponte Capriasca (TI)","La popolazione di Ponte Capriasca respinge l'Iniziativa sulla neutralità con il 55,3 per cento. Sia Ponte Capriasca che il cantone Ticino hanno bocciato l'Iniziativa sulla neutralità.","https://thumb.wikimedia.org/wikipedia/commons/thumb/8/89/PonteCapriasca-coat_of_arms.svg/500px-PonteCapriasca-coat_of_arms.svg.png"
5214,48.1,48.1,51.9,"Porza (TI)","La popolazione di Porza respinge l'Iniziativa sulla neutralità con il 51,9 per cento. Sia Porza che il cantone Ticino hanno bocciato l'Iniziativa sulla neutralità.","https://thumb.wikimedia.org/wikipedia/commons/thumb/1/1f/CHE_Porza_COA.svg/500px-CHE_Porza_COA.svg.png"
5216,46.7,46.7,53.3,"Pura (TI)","A Pura l'Iniziativa sulla neutralità è stata respinta con il 53,3 per cento. Sia Pura che il cantone Ticino hanno bocciato l'Iniziativa sulla neutralità.","https://thumb.wikimedia.org/wikipedia/commons/thumb/6/60/Pura-coat_of_arms.svg/500px-Pura-coat_of_arms.svg.png"
5221,43,43,57,"Savosa (TI)","A Savosa, l'Iniziativa sulla neutralità è stata respinta con il 57 per cento. Sia Savosa che il cantone Ticino hanno bocciato l'Iniziativa sulla neutralità.","https://thumb.wikimedia.org/wikipedia/commons/thumb/8/8e/Savosa-coat_of_arms.svg/500px-Savosa-coat_of_arms.svg.png"
5225,42.7,42.7,57.3,"Sorengo (TI)","La popolazione di Sorengo respinge l'Iniziativa sulla neutralità con il 57,3 per cento. Sia Sorengo che il cantone Ticino hanno bocciato l'Iniziativa sulla neutralità.","https://thumb.wikimedia.org/wikipedia/commons/thumb/1/18/Sorengo-coat_of_arms.svg/500px-Sorengo-coat_of_arms.svg.png"
5226,45.4,45.4,54.6,"Capriasca (TI)","La popolazione di Capriasca respinge l'Iniziativa sulla neutralità con il 54,6 per cento. Sia Capriasca che il cantone Ticino hanno bocciato l'Iniziativa sulla neutralità.","https://thumb.wikimedia.org/wikipedia/commons/thumb/c/cc/Capriasca-coat_of_arms.svg/500px-Capriasca-coat_of_arms.svg.png"
5227,52.1,52.1,47.9,"Torricella-Taverne (TI)","Sì all'Iniziativa sulla neutralità a Torricella-Taverne, con il 52,1 per cento di voti favorevoli. Torricella-Taverne dice sì all'Iniziativa sulla neutralità, il cantone Ticino dice no.","https://thumb.wikimedia.org/wikipedia/commons/thumb/c/cc/Torricella-Taverne-coat_of_arms.svg/500px-Torricella-Taverne-coat_of_arms.svg.png"
5230,41.2,41.2,58.8,"Vernate (TI)","La popolazione di Vernate respinge l'Iniziativa sulla neutralità con il 58,8 per cento. Sia Vernate che il cantone Ticino hanno bocciato l'Iniziativa sulla neutralità.","https://thumb.wikimedia.org/wikipedia/commons/thumb/0/02/CHE_Vernate_COA.svg/500px-CHE_Vernate_COA.svg.png"
5231,47.1,47.1,52.9,"Vezia (TI)","A Vezia l'Iniziativa sulla neutralità è stata respinta con il 52,9 per cento. Sia Vezia che il cantone Ticino hanno bocciato l'Iniziativa sulla neutralità.","https://thumb.wikimedia.org/wikipedia/commons/thumb/e/e9/Vezia-coat_of_arms.svg/500px-Vezia-coat_of_arms.svg.png"
5233,46.7,46.7,53.3,"Vico Morcote (TI)","A Vico Morcote l'Iniziativa sulla neutralità è stata respinta con il 53,3 per cento. Sia Vico Morcote che il cantone Ticino hanno bocciato l'Iniziativa sulla neutralità.","https://thumb.wikimedia.org/wikipedia/commons/thumb/b/ba/VicoMorcote-coat_of_arms.svg/500px-VicoMorcote-coat_of_arms.svg.png"
5236,44.2,44.2,55.8,"Collina d'Oro (TI)","A Collina d'Oro l'Iniziativa sulla neutralità non ottiene la maggioranza: 55,8 per cento di no. Sia Collina d'Oro che il cantone Ticino hanno bocciato l'Iniziativa sulla neutralità.","https://thumb.wikimedia.org/wikipedia/commons/thumb/b/bf/CHE_Collina_d%27Oro_COA.svg/500px-CHE_Collina_d%27Oro_COA.svg.png"
5237,52.9,52.9,47.1,"Alto Malcantone (TI)","A Alto Malcantone, l'Iniziativa sulla neutralità è stata approvata con il 52,9 per cento. Alto Malcantone dice sì all'Iniziativa sulla neutralità, il cantone Ticino dice no.","https://thumb.wikimedia.org/wikipedia/commons/thumb/d/d0/CHE_Alto_Malcantone_COA.svg/500px-CHE_Alto_Malcantone_COA.svg.png"
5238,55.8,55.8,44.2,"Monteceneri (TI)","Sì all'Iniziativa sulla neutralità a Monteceneri con il 55,8 per cento. Monteceneri dice sì all'Iniziativa sulla neutralità, il cantone Ticino dice no.","https://thumb.wikimedia.org/wikipedia/commons/thumb/e/ee/CHE_Monteceneri_COA.svg/500px-CHE_Monteceneri_COA.svg.png"
5239,52.9,52.9,47.1,"Tresa (TI)","La popolazione di Tresa approva l'Iniziativa sulla neutralità con il 52,9 per cento. Tresa dice sì all'Iniziativa sulla neutralità, il cantone Ticino dice no.","https://thumb.wikimedia.org/wikipedia/commons/thumb/f/f0/CHE_Tresa_COA.svg/960px-CHE_Tresa_COA.svg.png"
5240,52.9,52.9,47.1,"Val Mara (TI)","La popolazione di Val Mara approva l'Iniziativa sulla neutralità con il 52,9 per cento. Val Mara dice sì all'Iniziativa sulla neutralità, il cantone Ticino dice no.","https://thumb.wikimedia.org/wikipedia/commons/thumb/8/81/CHE_Val_Mara_TI_COA.svg/500px-CHE_Val_Mara_TI_COA.svg.png"
5242,49.3,49.3,50.7,"Balerna (TI)","A Balerna l'Iniziativa sulla neutralità è stata respinta con il 50,7 per cento. Sia Balerna che il cantone Ticino hanno bocciato l'Iniziativa sulla neutralità.","https://thumb.wikimedia.org/wikipedia/commons/thumb/4/41/CHE_Balerna_COA.svg/500px-CHE_Balerna_COA.svg.png"
5249,49.2,49.2,50.8,"Castel San Pietro (TI)","Con il 50,8 per cento dei voti, Castel San Pietro ha respinto l'Iniziativa sulla neutralità. Sia Castel San Pietro che il cantone Ticino hanno bocciato l'Iniziativa sulla neutralità.","https://thumb.wikimedia.org/wikipedia/commons/thumb/6/66/CastelSanPietro-blason.svg/500px-CastelSanPietro-blason.svg.png"
5250,52.8,52.8,47.2,"Chiasso (TI)","Sì all'Iniziativa sulla neutralità a Chiasso, con il 52,8 per cento di voti favorevoli. Chiasso dice sì all'Iniziativa sulla neutralità, il cantone Ticino dice no.","https://thumb.wikimedia.org/wikipedia/commons/thumb/4/47/Chiasso-coat_of_arms.svg/500px-Chiasso-coat_of_arms.svg.png"
5251,53.1,53.1,46.9,"Coldrerio (TI)","La popolazione di Coldrerio approva l'Iniziativa sulla neutralità con il 53,1 per cento. Coldrerio dice sì all'Iniziativa sulla neutralità, il cantone Ticino dice no.","https://thumb.wikimedia.org/wikipedia/commons/thumb/7/74/Coldrerio-coat_of_arms.svg/500px-Coldrerio-coat_of_arms.svg.png"
5254,47.8,47.8,52.2,"Mendrisio (TI)","La popolazione di Mendrisio respinge l'Iniziativa sulla neutralità con il 52,2 per cento. Sia Mendrisio che il cantone Ticino hanno bocciato l'Iniziativa sulla neutralità.","https://thumb.wikimedia.org/wikipedia/commons/thumb/3/3e/CHE_Mendrisio_COA.svg/960px-CHE_Mendrisio_COA.svg.png"
5257,49.3,49.3,50.7,"Morbio Inferiore (TI)","A Morbio Inferiore l'Iniziativa sulla neutralità è stata respinta con il 50,7 per cento. Sia Morbio Inferiore che il cantone Ticino hanno bocciato l'Iniziativa sulla neutralità.","https://thumb.wikimedia.org/wikipedia/commons/thumb/4/4c/CHE_Morbio_Inferiore_TI_COA.svg/500px-CHE_Morbio_Inferiore_TI_COA.svg.png"
5260,52,52,48,"Novazzano (TI)","La popolazione di Novazzano approva l'Iniziativa sulla neutralità con il 52 per cento. Novazzano dice sì all'Iniziativa sulla neutralità, il cantone Ticino dice no.","https://thumb.wikimedia.org/wikipedia/commons/thumb/e/e8/Novazzano-blason.svg/500px-Novazzano-blason.svg.png"
5263,54.2,54.2,45.8,"Riva San Vitale (TI)","Sì all'Iniziativa sulla neutralità a Riva San Vitale: 54,2 per cento. Riva San Vitale dice sì all'Iniziativa sulla neutralità, il cantone Ticino dice no.","https://thumb.wikimedia.org/wikipedia/commons/thumb/e/e6/CHE_Riva_San_Vitale_COA.svg/500px-CHE_Riva_San_Vitale_COA.svg.png"
5266,51.6,51.6,48.4,"Stabio (TI)","A Stabio l'Iniziativa sulla neutralità è stata approvata con il 51,6 per cento. Stabio dice sì all'Iniziativa sulla neutralità, il cantone Ticino dice no.","https://thumb.wikimedia.org/wikipedia/commons/thumb/4/46/CHE_Stabio_COA.svg/500px-CHE_Stabio_COA.svg.png"
5268,45.5,45.5,54.5,"Vacallo (TI)","Con il 54,5 per cento dei voti, Vacallo ha respinto l'Iniziativa sulla neutralità. Sia Vacallo che il cantone Ticino hanno bocciato l'Iniziativa sulla neutralità.","https://thumb.wikimedia.org/wikipedia/commons/thumb/1/16/Vacallo-coat_of_arms.svg/500px-Vacallo-coat_of_arms.svg.png"
5269,49.3,49.3,50.7,"Breggia (TI)","La popolazione di Breggia respinge l'Iniziativa sulla neutralità con il 50,7 per cento. Sia Breggia che il cantone Ticino hanno bocciato l'Iniziativa sulla neutralità.","https://thumb.wikimedia.org/wikipedia/commons/thumb/7/7b/Breggia_CoA.png/500px-Breggia_CoA.png"
5281,54.7,54.7,45.3,"Biasca (TI)","A Biasca l'Iniziativa sulla neutralità è stata approvata con il 54,7 per cento. Biasca dice sì all'Iniziativa sulla neutralità, il cantone Ticino dice no.","https://thumb.wikimedia.org/wikipedia/commons/thumb/0/03/CHE_Biasca_TI_COA.svg/500px-CHE_Biasca_TI_COA.svg.png"
5287,53.5,53.5,46.5,"Riviera (TI)","A Riviera, l'Iniziativa sulla neutralità è approvata con il 53,5 per cento. Riviera dice sì all'Iniziativa sulla neutralità, il cantone Ticino dice no.","https://thumb.wikimedia.org/wikipedia/commons/thumb/3/32/Blason_de_Riviera_%28Tessin%29.svg/500px-Blason_de_Riviera_%28Tessin%29.svg.png"
5304,21.1,21.1,78.9,"Bosco/Gurin (TI)","A Bosco/Gurin l'Iniziativa sulla neutralità è respinta con 15 contro 4 voti. Sia Bosco/Gurin che il cantone Ticino hanno bocciato l'Iniziativa sulla neutralità.","https://thumb.wikimedia.org/wikipedia/commons/thumb/2/2a/CHE_Bosco-Gurin_COA.svg/500px-CHE_Bosco-Gurin_COA.svg.png"
5307,60,60,40,"Campo (Vallemaggia) (TI)","A Campo (Vallemaggia), l'Iniziativa sulla neutralità è approvata con 18 voti contro 12. Campo (Vallemaggia) dice sì all'Iniziativa sulla neutralità, il cantone Ticino dice no.","https://thumb.wikimedia.org/wikipedia/commons/thumb/2/27/Campo%28Vallemaggia%29-coat_of_arms.svg/500px-Campo%28Vallemaggia%29-coat_of_arms.svg.png"
5309,27.8,27.8,72.2,"Cerentino (TI)","A Cerentino l'Iniziativa sulla neutralità è respinta con 13 contro 5 voti. Sia Cerentino che il cantone Ticino hanno bocciato l'Iniziativa sulla neutralità.","https://thumb.wikimedia.org/wikipedia/commons/thumb/8/8b/Cerentino-coat_of_arms.svg/500px-Cerentino-coat_of_arms.svg.png"
5310,47.5,47.5,52.5,"Cevio (TI)","A Cevio l'Iniziativa sulla neutralità è stata respinta con il 52,5 per cento. Sia Cevio che il cantone Ticino hanno bocciato l'Iniziativa sulla neutralità.","https://thumb.wikimedia.org/wikipedia/commons/thumb/8/8f/CHE_Cevio_COA.svg/500px-CHE_Cevio_COA.svg.png"
5315,25,25,75,"Linescio (TI)","A Linescio l'Iniziativa sulla neutralità è respinta con 15 contro 5 voti. Sia Linescio che il cantone Ticino hanno bocciato l'Iniziativa sulla neutralità.","https://thumb.wikimedia.org/wikipedia/commons/thumb/3/33/Linescio-coat_of_arms.svg/500px-Linescio-coat_of_arms.svg.png"
5317,47.5,47.5,52.5,"Maggia (TI)","A Maggia l'Iniziativa sulla neutralità è stata respinta con il 52,5 per cento. Sia Maggia che il cantone Ticino hanno bocciato l'Iniziativa sulla neutralità.","https://thumb.wikimedia.org/wikipedia/commons/thumb/f/ff/CHE_Maggia_COA.svg/500px-CHE_Maggia_COA.svg.png"
5323,53,53,47,"Lavizzara (TI)","A Lavizzara, l'Iniziativa sulla neutralità è stata approvata con il 53 per cento. Lavizzara dice sì all'Iniziativa sulla neutralità, il cantone Ticino dice no.","https://thumb.wikimedia.org/wikipedia/commons/thumb/0/03/Lavizzara-coat_of_arms.svg/500px-Lavizzara-coat_of_arms.svg.png"
5324,46.1,46.1,53.9,"Avegno Gordevio (TI)","La popolazione di Avegno Gordevio respinge l'Iniziativa sulla neutralità con il 53,9 per cento. Sia Avegno Gordevio che il cantone Ticino hanno bocciato l'Iniziativa sulla neutralità.","https://thumb.wikimedia.org/wikipedia/commons/thumb/a/a0/CHE_Avegno_Gordevio_COA.svg/500px-CHE_Avegno_Gordevio_COA.svg.png"
5395,48.1,48.1,51.9,"Lema (TI)","A Lema l'Iniziativa sulla neutralità non ottiene la maggioranza: 51,9 per cento di no. Sia Lema che il cantone Ticino hanno bocciato l'Iniziativa sulla neutralità.","https://thumb.wikimedia.org/wikipedia/commons/thumb/a/a8/CHE_Lema_COA.svg/500px-CHE_Lema_COA.svg.png"
5396,36.4,36.4,63.6,"Terre di Pedemonte (TI)","La popolazione di Terre di Pedemonte respinge l'Iniziativa sulla neutralità con il 63,6 per cento. Sia Terre di Pedemonte che il cantone Ticino hanno bocciato l'Iniziativa sulla neutralità.","https://thumb.wikimedia.org/wikipedia/commons/thumb/e/e4/CHE_Terre_di_Pedemonte_COA.svg/250px-CHE_Terre_di_Pedemonte_COA.svg.png"
5397,52,52,48,"Centovalli (TI)","A Centovalli, l'Iniziativa sulla neutralità è stata approvata con il 52 per cento. Centovalli dice sì all'Iniziativa sulla neutralità, il cantone Ticino dice no.","https://thumb.wikimedia.org/wikipedia/commons/thumb/4/4b/CHE_Centovalli_TI_COA.png/500px-CHE_Centovalli_TI_COA.png"
5398,45.4,45.4,54.6,"Gambarogno (TI)","La popolazione di Gambarogno respinge l'Iniziativa sulla neutralità con il 54,6 per cento. Sia Gambarogno che il cantone Ticino hanno bocciato l'Iniziativa sulla neutralità.","https://thumb.wikimedia.org/wikipedia/commons/thumb/2/2b/CHE_Gambarogno_TI_COA.svg/500px-CHE_Gambarogno_TI_COA.svg.png"
5399,52,52,48,"Verzasca (TI)","La popolazione di Verzasca approva l'Iniziativa sulla neutralità con il 52 per cento. Verzasca dice sì all'Iniziativa sulla neutralità, il cantone Ticino dice no.","https://thumb.wikimedia.org/wikipedia/commons/thumb/c/cc/CHE_Verzasca_TI_COA.svg/500px-CHE_Verzasca_TI_COA.svg.png"
5401,31.5,31.5,68.5,"Aigle (VD)","La popolazione di Aigle respinge l'Iniziativa sulla neutralità con il 68,5 per cento.","https://thumb.wikimedia.org/wikipedia/commons/thumb/8/8f/CHE_Aigle_COA.svg/500px-CHE_Aigle_COA.svg.png"
5402,32.9,32.9,67.1,"Bex (VD)","A Bex, l'Iniziativa sulla neutralità è stata respinta con il 67,1 per cento.","https://thumb.wikimedia.org/wikipedia/commons/thumb/6/66/CHE_Bex_COA.svg/500px-CHE_Bex_COA.svg.png"
5403,32.2,32.2,67.8,"Chessel (VD)","La popolazione di Chessel respinge l'Iniziativa sulla neutralità con il 67,8 per cento.","https://thumb.wikimedia.org/wikipedia/commons/thumb/8/85/CHE_Chessel_COA.svg/500px-CHE_Chessel_COA.svg.png"
5404,35.9,35.9,64.1,"Corbeyrier (VD)","Con il 64,1 per cento dei voti, Corbeyrier ha respinto l'Iniziativa sulla neutralità.","https://thumb.wikimedia.org/wikipedia/commons/thumb/9/99/CHE_Corbeyrier_COA.svg/500px-CHE_Corbeyrier_COA.svg.png"
5405,29.4,29.4,70.6,"Gryon (VD)","Con il 70,6 per cento dei voti, l'Iniziativa sulla neutralità viene respinta a Gryon.","https://thumb.wikimedia.org/wikipedia/commons/thumb/7/7e/CHE_Gryon_COA.svg/500px-CHE_Gryon_COA.svg.png"
5406,43.3,43.3,56.7,"Lavey-Morcles (VD)","A Lavey-Morcles l'Iniziativa sulla neutralità non ottiene la maggioranza: 56,7 per cento di no.","https://thumb.wikimedia.org/wikipedia/commons/thumb/1/16/CHE_Lavey-Morcles_COA.svg/500px-CHE_Lavey-Morcles_COA.svg.png"
5407,30.5,30.5,69.5,"Leysin (VD)","Con il 69,5 per cento dei voti, Leysin ha respinto l'Iniziativa sulla neutralità.","https://thumb.wikimedia.org/wikipedia/commons/thumb/f/fe/CHE_Leysin_COA.svg/500px-CHE_Leysin_COA.svg.png"
5408,38.2,38.2,61.8,"Noville (VD)","Con il 61,8 per cento dei voti, l'Iniziativa sulla neutralità viene respinta a Noville.","https://thumb.wikimedia.org/wikipedia/commons/thumb/7/77/CHE_Noville_COA.svg/500px-CHE_Noville_COA.svg.png"
5409,28.5,28.5,71.5,"Ollon (VD)","Con il 71,5 per cento dei voti, Ollon ha respinto l'Iniziativa sulla neutralità.","https://thumb.wikimedia.org/wikipedia/commons/thumb/2/2d/CHE_Ollon_VD_COA.svg/500px-CHE_Ollon_VD_COA.svg.png"
5410,44.1,44.1,55.9,"Ormont-Dessous (VD)","A Ormont-Dessous, l'Iniziativa sulla neutralità è stata respinta con il 55,9 per cento.","https://thumb.wikimedia.org/wikipedia/commons/thumb/5/55/CHE_Ormont-Dessous_COA.svg/500px-CHE_Ormont-Dessous_COA.svg.png"
5411,35,35,65,"Ormont-Dessus (VD)","Con il 65 per cento dei voti, Ormont-Dessus ha respinto l'Iniziativa sulla neutralità.","https://thumb.wikimedia.org/wikipedia/commons/thumb/9/9d/CHE_Ormont-Dessus_COA.svg/500px-CHE_Ormont-Dessus_COA.svg.png"
5412,30,30,70,"Rennaz (VD)","Con il 70 per cento dei voti, l'Iniziativa sulla neutralità viene respinta a Rennaz.","https://thumb.wikimedia.org/wikipedia/commons/thumb/e/eb/CHE_Rennaz_COA.svg/500px-CHE_Rennaz_COA.svg.png"
5413,36.5,36.5,63.5,"Roche (VD)","A Roche VD l'Iniziativa sulla neutralità non ottiene la maggioranza: 63,5 per cento di no.","https://thumb.wikimedia.org/wikipedia/commons/thumb/a/a8/CHE_Roche_COA.svg/500px-CHE_Roche_COA.svg.png"
5414,34,34,66,"Villeneuve (VD)","A Villeneuve VD l'Iniziativa sulla neutralità non ottiene la maggioranza: 66 per cento di no.","https://thumb.wikimedia.org/wikipedia/commons/thumb/e/e9/CHE_Villeneuve_COA.svg/500px-CHE_Villeneuve_COA.svg.png"
5415,24.5,24.5,75.5,"Yvorne (VD)","Con il 75,5 per cento dei voti, l'Iniziativa sulla neutralità viene respinta a Yvorne.","https://thumb.wikimedia.org/wikipedia/commons/thumb/5/5e/CHE_Yvorne_COA.svg/500px-CHE_Yvorne_COA.svg.png"
5422,25.8,25.8,74.2,"Aubonne (VD)","Con il 74,2 per cento dei voti, l'Iniziativa sulla neutralità viene respinta a Aubonne.","https://thumb.wikimedia.org/wikipedia/commons/thumb/b/ba/CHE_Aubonne_COA.svg/500px-CHE_Aubonne_COA.svg.png"
5423,35.8,35.8,64.2,"Ballens (VD)","A Ballens l'Iniziativa sulla neutralità non ottiene la maggioranza: 64,2 per cento di no.","https://thumb.wikimedia.org/wikipedia/commons/thumb/2/2d/CHE_Ballens_COA.svg/500px-CHE_Ballens_COA.svg.png"
5424,34.5,34.5,65.5,"Berolle (VD)","A Berolle, l'Iniziativa sulla neutralità è stata respinta con il 65,5 per cento.","https://thumb.wikimedia.org/wikipedia/commons/thumb/5/57/CHE_Berolle_COA.svg/500px-CHE_Berolle_COA.svg.png"
5425,42.1,42.1,57.9,"Bière (VD)","La popolazione di Bière respinge l'Iniziativa sulla neutralità con il 57,9 per cento.","https://thumb.wikimedia.org/wikipedia/commons/thumb/d/d8/CHE_Bi%C3%A8re_COA.svg/500px-CHE_Bi%C3%A8re_COA.svg.png"
5426,27.3,27.3,72.7,"Bougy-Villars (VD)","A Bougy-Villars l'Iniziativa sulla neutralità è stata respinta con il 72,7 per cento.","https://thumb.wikimedia.org/wikipedia/commons/thumb/6/6a/CHE_Bougy-Villars_COA.svg/500px-CHE_Bougy-Villars_COA.svg.png"
5427,25,25,75,"Féchy (VD)","A Féchy l'Iniziativa sulla neutralità non ottiene la maggioranza: 75 per cento di no.","https://thumb.wikimedia.org/wikipedia/commons/thumb/8/83/CHE_F%C3%A9chy_COA.svg/500px-CHE_F%C3%A9chy_COA.svg.png"
5428,32.7,32.7,67.3,"Gimel (VD)","La popolazione di Gimel respinge l'Iniziativa sulla neutralità con il 67,3 per cento.","https://thumb.wikimedia.org/wikipedia/commons/thumb/1/1f/CHE_Gimel_COA.svg/500px-CHE_Gimel_COA.svg.png"
5429,34.2,34.2,65.8,"Longirod (VD)","A Longirod, l'Iniziativa sulla neutralità è stata respinta con il 65,8 per cento.","https://thumb.wikimedia.org/wikipedia/commons/thumb/2/20/CHE_Longirod_COA.svg/500px-CHE_Longirod_COA.svg.png"
5430,30.1,30.1,69.9,"Marchissy (VD)","A Marchissy l'Iniziativa sulla neutralità non ottiene la maggioranza: 69,9 per cento di no.","https://thumb.wikimedia.org/wikipedia/commons/thumb/d/d3/CHE_Marchissy_COA.svg/500px-CHE_Marchissy_COA.svg.png"
5431,39.8,39.8,60.2,"Mollens (VD)","Con il 60,2 per cento dei voti, Mollens VD ha respinto l'Iniziativa sulla neutralità.","https://thumb.wikimedia.org/wikipedia/commons/thumb/b/b4/CHE_Mollens_COA.svg/500px-CHE_Mollens_COA.svg.png"
5434,33.8,33.8,66.2,"Saint-George (VD)","Con il 66,2 per cento dei voti, Saint-George ha respinto l'Iniziativa sulla neutralità.","https://thumb.wikimedia.org/wikipedia/commons/thumb/e/ec/CHE_Saint-George_COA.svg/500px-CHE_Saint-George_COA.svg.png"
5435,32.3,32.3,67.7,"Saint-Livres (VD)","La popolazione di Saint-Livres respinge l'Iniziativa sulla neutralità con il 67,7 per cento.","https://thumb.wikimedia.org/wikipedia/commons/thumb/e/e2/CHE_Saint-Livres_COA.svg/500px-CHE_Saint-Livres_COA.svg.png"
5436,26.6,26.6,73.4,"Saint-Oyens (VD)","La popolazione di Saint-Oyens respinge l'Iniziativa sulla neutralità con il 73,4 per cento.","https://thumb.wikimedia.org/wikipedia/commons/thumb/2/2e/CHE_Saint-Oyens_COA.svg/500px-CHE_Saint-Oyens_COA.svg.png"
5437,34.3,34.3,65.7,"Saubraz (VD)","A Saubraz l'Iniziativa sulla neutralità non ottiene la maggioranza: 65,7 per cento di no.","https://thumb.wikimedia.org/wikipedia/commons/thumb/b/b1/CHE_Saubraz_COA.svg/500px-CHE_Saubraz_COA.svg.png"
5451,34.1,34.1,65.9,"Avenches (VD)","Con il 65,9 per cento dei voti, Avenches ha respinto l'Iniziativa sulla neutralità.","https://thumb.wikimedia.org/wikipedia/commons/thumb/8/8e/CHE_Avenches_COA.svg/500px-CHE_Avenches_COA.svg.png"
5456,32.7,32.7,67.3,"Cudrefin (VD)","A Cudrefin l'Iniziativa sulla neutralità non ottiene la maggioranza: 67,3 per cento di no.","https://thumb.wikimedia.org/wikipedia/commons/thumb/a/af/CHE_Cudrefin_COA.svg/500px-CHE_Cudrefin_COA.svg.png"
5458,23.6,23.6,76.4,"Faoug (VD)","Con il 76,4 per cento dei voti, l'Iniziativa sulla neutralità viene respinta a Faoug.","https://thumb.wikimedia.org/wikipedia/commons/thumb/c/c6/CHE_Faoug_COA.svg/500px-CHE_Faoug_COA.svg.png"
5464,30,30,70,"Vully-les-Lacs (VD)","A Vully-les-Lacs l'Iniziativa sulla neutralità non ottiene la maggioranza: 70 per cento di no.","https://thumb.wikimedia.org/wikipedia/commons/thumb/8/83/CHE_Vully-les-Lacs_COA.svg/500px-CHE_Vully-les-Lacs_COA.svg.png"
5471,32.5,32.5,67.5,"Bettens (VD)","Con il 67,5 per cento dei voti, Bettens ha respinto l'Iniziativa sulla neutralità.","https://thumb.wikimedia.org/wikipedia/commons/thumb/e/e4/CHE_Bettens_COA.svg/500px-CHE_Bettens_COA.svg.png"
5472,30.7,30.7,69.3,"Bournens (VD)","La popolazione di Bournens respinge l'Iniziativa sulla neutralità con il 69,3 per cento.","https://thumb.wikimedia.org/wikipedia/commons/thumb/c/cc/CHE_Bournens_COA.svg/500px-CHE_Bournens_COA.svg.png"
5473,24.9,24.9,75.1,"Boussens (VD)","A Boussens, l'Iniziativa sulla neutralità è stata respinta con il 75,1 per cento.","https://thumb.wikimedia.org/wikipedia/commons/thumb/b/b5/CHE_Boussens_COA.svg/500px-CHE_Boussens_COA.svg.png"
5474,28,28,72,"La Chaux (Cossonay) (VD)","La popolazione di La Chaux (Cossonay) respinge l'Iniziativa sulla neutralità con il 72 per cento.","https://thumb.wikimedia.org/wikipedia/commons/thumb/8/83/CHE_La_Chaux_%28Cossonay%29_COA.svg/500px-CHE_La_Chaux_%28Cossonay%29_COA.svg.png"
5475,31,31,69,"Chavannes-le-Veyron (VD)","A Chavannes-le-Veyron l'Iniziativa sulla neutralità è respinta con 49 contro 22 voti.","https://thumb.wikimedia.org/wikipedia/commons/thumb/6/69/CHE_Chavannes-le-Veyron_COA.svg/500px-CHE_Chavannes-le-Veyron_COA.svg.png"
5476,28.1,28.1,71.9,"Chevilly (VD)","Con il 71,9 per cento dei voti, l'Iniziativa sulla neutralità viene respinta a Chevilly.","https://thumb.wikimedia.org/wikipedia/commons/thumb/7/7b/CHE_Chevilly_COA.svg/500px-CHE_Chevilly_COA.svg.png"
5477,23.6,23.6,76.4,"Cossonay (VD)","A Cossonay, l'Iniziativa sulla neutralità è stata respinta con il 76,4 per cento.","https://thumb.wikimedia.org/wikipedia/commons/thumb/a/af/CHE_Cossonay_COA.svg/500px-CHE_Cossonay_COA.svg.png"
5479,25.7,25.7,74.3,"Cuarnens (VD)","Con il 74,3 per cento dei voti, l'Iniziativa sulla neutralità viene respinta a Cuarnens.","https://thumb.wikimedia.org/wikipedia/commons/thumb/d/dd/CHE_Cuarnens_COA.svg/500px-CHE_Cuarnens_COA.svg.png"
5480,22.4,22.4,77.6,"Daillens (VD)","La popolazione di Daillens respinge l'Iniziativa sulla neutralità con il 77,6 per cento.","https://thumb.wikimedia.org/wikipedia/commons/thumb/6/66/CHE_Daillens_COA.svg/500px-CHE_Daillens_COA.svg.png"
5481,22.1,22.1,77.9,"Dizy (VD)","A Dizy l'Iniziativa sulla neutralità è respinta con 74 contro 21 voti.","https://thumb.wikimedia.org/wikipedia/commons/thumb/0/0d/CHE_Dizy_COA.svg/500px-CHE_Dizy_COA.svg.png"
5482,22.6,22.6,77.4,"Eclépens (VD)","A Eclépens, l'Iniziativa sulla neutralità è stata respinta con il 77,4 per cento.","https://thumb.wikimedia.org/wikipedia/commons/thumb/b/b7/CHE_Ecl%C3%A9pens_COA.svg/500px-CHE_Ecl%C3%A9pens_COA.svg.png"
5483,23.2,23.2,76.8,"Ferreyres (VD)","A Ferreyres l'Iniziativa sulla neutralità non ottiene la maggioranza: 76,8 per cento di no.","https://thumb.wikimedia.org/wikipedia/commons/thumb/3/32/CHE_Ferreyres_COA.svg/500px-CHE_Ferreyres_COA.svg.png"
5484,28.1,28.1,71.9,"Gollion (VD)","La popolazione di Gollion respinge l'Iniziativa sulla neutralità con il 71,9 per cento.","https://thumb.wikimedia.org/wikipedia/commons/thumb/2/24/CHE_Gollion_COA.svg/500px-CHE_Gollion_COA.svg.png"
5485,25.2,25.2,74.8,"Grancy (VD)","A Grancy l'Iniziativa sulla neutralità è stata respinta con il 74,8 per cento.","https://thumb.wikimedia.org/wikipedia/commons/thumb/b/b0/CHE_Grancy_COA.svg/500px-CHE_Grancy_COA.svg.png"
5486,29.9,29.9,70.1,"L'Isle (VD)","Con il 70,1 per cento dei voti, l'Iniziativa sulla neutralità viene respinta a L'Isle.","https://thumb.wikimedia.org/wikipedia/commons/thumb/b/b1/CHE_L%27Isle_COA.svg/500px-CHE_L%27Isle_COA.svg.png"
5487,24.5,24.5,75.5,"Lussery-Villars (VD)","A Lussery-Villars, l'Iniziativa sulla neutralità è stata respinta con il 75,5 per cento.","https://thumb.wikimedia.org/wikipedia/commons/thumb/f/f8/CHE_Lussery-Villars_COA.svg/500px-CHE_Lussery-Villars_COA.svg.png"
5488,21.4,21.4,78.6,"Mauraz (VD)","A Mauraz l'Iniziativa sulla neutralità è respinta con 22 contro 6 voti.","https://thumb.wikimedia.org/wikipedia/commons/thumb/c/c4/CHE_Mauraz_COA.svg/500px-CHE_Mauraz_COA.svg.png"
5489,29,29,71,"Mex (VD)","La popolazione di Mex VD respinge l'Iniziativa sulla neutralità con il 71 per cento.","https://thumb.wikimedia.org/wikipedia/commons/thumb/3/3d/CHE_Mex_VD_COA.svg/500px-CHE_Mex_VD_COA.svg.png"
5490,23.1,23.1,76.9,"Moiry (VD)","A Moiry l'Iniziativa sulla neutralità è stata respinta con il 76,9 per cento.","https://thumb.wikimedia.org/wikipedia/commons/thumb/e/e9/CHE_Moiry_COA.svg/500px-CHE_Moiry_COA.svg.png"
5491,34,34,66,"Mont-la-Ville (VD)","A Mont-la-Ville l'Iniziativa sulla neutralità è stata respinta con il 66 per cento.","https://thumb.wikimedia.org/wikipedia/commons/thumb/2/23/CHE_Mont-la-Ville_COA.svg/500px-CHE_Mont-la-Ville_COA.svg.png"
5492,33.1,33.1,66.9,"Montricher (VD)","Con il 66,9 per cento dei voti, l'Iniziativa sulla neutralità viene respinta a Montricher.","https://thumb.wikimedia.org/wikipedia/commons/thumb/1/1b/CHE_Montricher_COA.svg/500px-CHE_Montricher_COA.svg.png"
5493,33.1,33.1,66.9,"Orny (VD)","La popolazione di Orny respinge l'Iniziativa sulla neutralità con il 66,9 per cento.","https://thumb.wikimedia.org/wikipedia/commons/thumb/5/59/CHE_Orny_COA.svg/500px-CHE_Orny_COA.svg.png"
5495,26.7,26.7,73.3,"Penthalaz (VD)","A Penthalaz l'Iniziativa sulla neutralità non ottiene la maggioranza: 73,3 per cento di no.","https://thumb.wikimedia.org/wikipedia/commons/thumb/2/2a/CHE_Penthalaz_COA.svg/500px-CHE_Penthalaz_COA.svg.png"
5496,29.3,29.3,70.7,"Penthaz (VD)","La popolazione di Penthaz respinge l'Iniziativa sulla neutralità con il 70,7 per cento.","https://thumb.wikimedia.org/wikipedia/commons/thumb/c/cd/CHE_Penthaz_COA.svg/500px-CHE_Penthaz_COA.svg.png"
5497,30,30,70,"Pompaples (VD)","Con il 70 per cento dei voti, Pompaples ha respinto l'Iniziativa sulla neutralità.","https://thumb.wikimedia.org/wikipedia/commons/thumb/e/ea/CHE_Pompaples_COA.svg/500px-CHE_Pompaples_COA.svg.png"
5498,23.1,23.1,76.9,"La Sarraz (VD)","Con il 76,9 per cento dei voti, La Sarraz ha respinto l'Iniziativa sulla neutralità.","https://thumb.wikimedia.org/wikipedia/commons/thumb/6/69/CHE_La_Sarraz_COA.svg/500px-CHE_La_Sarraz_COA.svg.png"
5499,27.4,27.4,72.6,"Senarclens (VD)","A Senarclens, l'Iniziativa sulla neutralità è stata respinta con il 72,6 per cento.","https://thumb.wikimedia.org/wikipedia/commons/thumb/d/d9/CHE_Senarclens_COA.svg/500px-CHE_Senarclens_COA.svg.png"
5501,28.2,28.2,71.8,"Sullens (VD)","Con il 71,8 per cento dei voti, Sullens ha respinto l'Iniziativa sulla neutralità.","https://thumb.wikimedia.org/wikipedia/commons/thumb/f/fb/CHE_Sullens_COA.svg/500px-CHE_Sullens_COA.svg.png"
5503,25.2,25.2,74.8,"Vufflens-la-Ville (VD)","A Vufflens-la-Ville l'Iniziativa sulla neutralità non ottiene la maggioranza: 74,8 per cento di no.","https://thumb.wikimedia.org/wikipedia/commons/thumb/8/8e/CHE_Vufflens-la-Ville_COA.svg/500px-CHE_Vufflens-la-Ville_COA.svg.png"
5511,26.2,26.2,73.8,"Assens (VD)","Con il 73,8 per cento dei voti, l'Iniziativa sulla neutralità viene respinta a Assens.","https://thumb.wikimedia.org/wikipedia/commons/thumb/2/21/CHE_Assens_COA.svg/500px-CHE_Assens_COA.svg.png"
5512,25.8,25.8,74.2,"Bercher (VD)","Con il 74,2 per cento dei voti, l'Iniziativa sulla neutralità viene respinta a Bercher.","https://thumb.wikimedia.org/wikipedia/commons/thumb/2/2d/CHE_Bercher_COA.svg/500px-CHE_Bercher_COA.svg.png"
5514,30.7,30.7,69.3,"Bottens (VD)","La popolazione di Bottens respinge l'Iniziativa sulla neutralità con il 69,3 per cento.","https://thumb.wikimedia.org/wikipedia/commons/thumb/9/96/CHE_Bottens_COA.svg/500px-CHE_Bottens_COA.svg.png"
5515,28,28,72,"Bretigny-sur-Morrens (VD)","La popolazione di Bretigny-sur-Morrens respinge l'Iniziativa sulla neutralità con il 72 per cento.","https://thumb.wikimedia.org/wikipedia/commons/thumb/9/91/CHE_Bretigny-sur-Morrens_COA.svg/500px-CHE_Bretigny-sur-Morrens_COA.svg.png"
5516,24.7,24.7,75.3,"Cugy (VD)","A Cugy VD l'Iniziativa sulla neutralità non ottiene la maggioranza: 75,3 per cento di no.","https://thumb.wikimedia.org/wikipedia/commons/thumb/6/6b/CHE_Cugy_VD_COA.svg/500px-CHE_Cugy_VD_COA.svg.png"
5518,25.4,25.4,74.6,"Echallens (VD)","Con il 74,6 per cento dei voti, Echallens ha respinto l'Iniziativa sulla neutralità.","https://thumb.wikimedia.org/wikipedia/commons/thumb/7/70/CHE_Echallens_COA.svg/500px-CHE_Echallens_COA.svg.png"
5520,35.5,35.5,64.5,"Essertines-sur-Yverdon (VD)","A Essertines-sur-Yverdon l'Iniziativa sulla neutralità è stata respinta con il 64,5 per cento.","https://thumb.wikimedia.org/wikipedia/commons/thumb/e/e9/CHE_Essertines-sur-Yverdon_COA.svg/500px-CHE_Essertines-sur-Yverdon_COA.svg.png"
5521,25.4,25.4,74.6,"Etagnières (VD)","A Etagnières l'Iniziativa sulla neutralità non ottiene la maggioranza: 74,6 per cento di no.","https://thumb.wikimedia.org/wikipedia/commons/thumb/1/15/CHE_%C3%89tagni%C3%A8res_COA.svg/500px-CHE_%C3%89tagni%C3%A8res_COA.svg.png"
5522,28.4,28.4,71.6,"Fey (VD)","A Fey l'Iniziativa sulla neutralità è stata respinta con il 71,6 per cento.","https://thumb.wikimedia.org/wikipedia/commons/thumb/b/bb/CHE_Fey_COA.svg/500px-CHE_Fey_COA.svg.png"
5523,30.7,30.7,69.3,"Froideville (VD)","A Froideville l'Iniziativa sulla neutralità non ottiene la maggioranza: 69,3 per cento di no.","https://thumb.wikimedia.org/wikipedia/commons/thumb/c/c8/CHE_Froideville_COA.svg/500px-CHE_Froideville_COA.svg.png"
5527,30.2,30.2,69.8,"Morrens (VD)","A Morrens VD l'Iniziativa sulla neutralità è stata respinta con il 69,8 per cento.","https://thumb.wikimedia.org/wikipedia/commons/thumb/4/41/CHE_Morrens_COA.svg/500px-CHE_Morrens_COA.svg.png"
5529,31.3,31.3,68.7,"Oulens-sous-Echallens (VD)","Con il 68,7 per cento dei voti, l'Iniziativa sulla neutralità viene respinta a Oulens-sous-Echallens.","https://thumb.wikimedia.org/wikipedia/commons/thumb/7/73/CHE_Oulens-sous-Echallens_COA.svg/500px-CHE_Oulens-sous-Echallens_COA.svg.png"
5530,37.9,37.9,62.1,"Pailly (VD)","A Pailly l'Iniziativa sulla neutralità non ottiene la maggioranza: 62,1 per cento di no.","https://thumb.wikimedia.org/wikipedia/commons/thumb/1/1c/CHE_Pailly_COA.svg/500px-CHE_Pailly_COA.svg.png"
5531,25.1,25.1,74.9,"Penthéréaz (VD)","A Penthéréaz l'Iniziativa sulla neutralità è stata respinta con il 74,9 per cento.","https://thumb.wikimedia.org/wikipedia/commons/thumb/8/82/CHE_Penth%C3%A9r%C3%A9az_COA.svg/500px-CHE_Penth%C3%A9r%C3%A9az_COA.svg.png"
5533,27.5,27.5,72.5,"Poliez-Pittet (VD)","La popolazione di Poliez-Pittet respinge l'Iniziativa sulla neutralità con il 72,5 per cento.","https://thumb.wikimedia.org/wikipedia/commons/thumb/9/9b/CHE_Poliez-Pittet_COA.svg/500px-CHE_Poliez-Pittet_COA.svg.png"
5534,29,29,71,"Rueyres (VD)","A Rueyres l'Iniziativa sulla neutralità è stata respinta con il 71 per cento.","https://thumb.wikimedia.org/wikipedia/commons/thumb/e/ea/CHE_Rueyres_COA.svg/500px-CHE_Rueyres_COA.svg.png"
5535,36.9,36.9,63.1,"Saint-Barthélemy (VD)","A Saint-Barthélemy VD l'Iniziativa sulla neutralità non ottiene la maggioranza: 63,1 per cento di no.","https://thumb.wikimedia.org/wikipedia/commons/thumb/1/1b/CHE_Saint-Barth%C3%A9lemy_COA.svg/500px-CHE_Saint-Barth%C3%A9lemy_COA.svg.png"
5537,28.3,28.3,71.7,"Villars-le-Terroir (VD)","La popolazione di Villars-le-Terroir respinge l'Iniziativa sulla neutralità con il 71,7 per cento.","https://thumb.wikimedia.org/wikipedia/commons/thumb/f/f1/CHE_Villars-le-Terroir_COA.svg/500px-CHE_Villars-le-Terroir_COA.svg.png"
5539,34.3,34.3,65.7,"Vuarrens (VD)","La popolazione di Vuarrens respinge l'Iniziativa sulla neutralità con il 65,7 per cento.","https://thumb.wikimedia.org/wikipedia/commons/thumb/d/d4/CHE_Vuarrens_COA.svg/500px-CHE_Vuarrens_COA.svg.png"
5540,30.1,30.1,69.9,"Montilliez (VD)","A Montilliez l'Iniziativa sulla neutralità è stata respinta con il 69,9 per cento.","https://thumb.wikimedia.org/wikipedia/commons/thumb/5/58/CHE_Montilliez_COA.svg/500px-CHE_Montilliez_COA.svg.png"
5541,30.2,30.2,69.8,"Goumoëns (VD)","La popolazione di Goumoëns respinge l'Iniziativa sulla neutralità con il 69,8 per cento.","https://thumb.wikimedia.org/wikipedia/commons/thumb/9/99/CHE_Goumo%C3%ABns_COA.svg/500px-CHE_Goumo%C3%ABns_COA.svg.png"
5551,26.2,26.2,73.8,"Bonvillars (VD)","A Bonvillars l'Iniziativa sulla neutralità è stata respinta con il 73,8 per cento.","https://thumb.wikimedia.org/wikipedia/commons/thumb/3/37/CHE_Bonvillars_COA.svg/500px-CHE_Bonvillars_COA.svg.png"
5552,42.8,42.8,57.2,"Bullet (VD)","Con il 57,2 per cento dei voti, Bullet ha respinto l'Iniziativa sulla neutralità.","https://thumb.wikimedia.org/wikipedia/commons/thumb/8/80/CHE_Bullet_COA.svg/500px-CHE_Bullet_COA.svg.png"
5553,27.5,27.5,72.5,"Champagne (VD)","La popolazione di Champagne respinge l'Iniziativa sulla neutralità con il 72,5 per cento.","https://thumb.wikimedia.org/wikipedia/commons/thumb/5/5a/CHE_Champagne_COA.svg/500px-CHE_Champagne_COA.svg.png"
5554,28.4,28.4,71.6,"Concise (VD)","Con il 71,6 per cento dei voti, Concise ha respinto l'Iniziativa sulla neutralità.","https://thumb.wikimedia.org/wikipedia/commons/thumb/9/96/CHE_Concise_COA.svg/500px-CHE_Concise_COA.svg.png"
5555,24.3,24.3,75.7,"Corcelles-près-Concise (VD)","A Corcelles-près-Concise l'Iniziativa sulla neutralità è stata respinta con il 75,7 per cento.","https://thumb.wikimedia.org/wikipedia/commons/thumb/3/39/CHE_Corcelles-pr%C3%A8s-Concise_COA.svg/500px-CHE_Corcelles-pr%C3%A8s-Concise_COA.svg.png"
5556,21.4,21.4,78.6,"Fiez (VD)","Con il 78,6 per cento dei voti, Fiez ha respinto l'Iniziativa sulla neutralità.","https://thumb.wikimedia.org/wikipedia/commons/thumb/2/25/CHE_Fiez_COA.svg/500px-CHE_Fiez_COA.svg.png"
5557,38,38,62,"Fontaines-sur-Grandson (VD)","A Fontaines-sur-Grandson, l'Iniziativa sulla neutralità è stata respinta con 49 contro 30 voti.","https://thumb.wikimedia.org/wikipedia/commons/thumb/d/d5/CHE_Fontaines-sur-Grandson_COA.svg/500px-CHE_Fontaines-sur-Grandson_COA.svg.png"
5559,31.8,31.8,68.2,"Giez (VD)","A Giez l'Iniziativa sulla neutralità è stata respinta con il 68,2 per cento.","https://thumb.wikimedia.org/wikipedia/commons/thumb/5/5e/CHE_Giez_COA.svg/500px-CHE_Giez_COA.svg.png"
5560,26.2,26.2,73.8,"Grandevent (VD)","La popolazione di Grandevent respinge l'Iniziativa sulla neutralità con il 73,8 per cento.","https://thumb.wikimedia.org/wikipedia/commons/thumb/e/eb/CHE_Grandevent_COA.svg/500px-CHE_Grandevent_COA.svg.png"
5561,26.3,26.3,73.7,"Grandson (VD)","A Grandson, l'Iniziativa sulla neutralità è stata respinta con il 73,7 per cento.","https://thumb.wikimedia.org/wikipedia/commons/thumb/7/7d/CHE_Grandson_COA.svg/500px-CHE_Grandson_COA.svg.png"
5562,40.7,40.7,59.3,"Mauborget (VD)","A Mauborget, l'Iniziativa sulla neutralità è stata respinta con 35 contro 24 voti.","https://thumb.wikimedia.org/wikipedia/commons/thumb/f/fa/CHE_Mauborget_COA.svg/500px-CHE_Mauborget_COA.svg.png"
5563,54.8,54.8,45.2,"Mutrux (VD)","A Mutrux l'Iniziativa sulla neutralità passa con 23 contro 19 voti.","https://thumb.wikimedia.org/wikipedia/commons/thumb/3/38/CHE_Mutrux_COA.svg/500px-CHE_Mutrux_COA.svg.png"
5564,25,25,75,"Novalles (VD)","A Novalles, l'Iniziativa sulla neutralità è stata respinta con 36 contro 12 voti.","https://thumb.wikimedia.org/wikipedia/commons/thumb/c/c2/CHE_Novalles_COA.svg/500px-CHE_Novalles_COA.svg.png"
5565,28.3,28.3,71.7,"Onnens (VD)","La popolazione di Onnens VD respinge l'Iniziativa sulla neutralità con il 71,7 per cento.","https://thumb.wikimedia.org/wikipedia/commons/thumb/5/51/CHE_Onnens_COA.svg/500px-CHE_Onnens_COA.svg.png"
5566,36.7,36.7,63.3,"Provence (VD)","A Provence, l'Iniziativa sulla neutralità è stata respinta con il 63,3 per cento.","https://thumb.wikimedia.org/wikipedia/commons/thumb/f/f2/CHE_Provence_COA.svg/500px-CHE_Provence_COA.svg.png"
5568,41.5,41.5,58.5,"Sainte-Croix (VD)","A Sainte-Croix, l'Iniziativa sulla neutralità è stata respinta con il 58,5 per cento.","https://thumb.wikimedia.org/wikipedia/commons/thumb/4/4c/CHE_Sainte-Croix_COA.svg/500px-CHE_Sainte-Croix_COA.svg.png"
5571,34.7,34.7,65.3,"Tévenon (VD)","Con il 65,3 per cento dei voti, Tévenon ha respinto l'Iniziativa sulla neutralità.","https://thumb.wikimedia.org/wikipedia/commons/thumb/b/b2/CHE_T%C3%A9venon_COA.svg/500px-CHE_T%C3%A9venon_COA.svg.png"
5581,23.6,23.6,76.4,"Belmont-sur-Lausanne (VD)","Con il 76,4 per cento dei voti, Belmont-sur-Lausanne ha respinto l'Iniziativa sulla neutralità.","https://thumb.wikimedia.org/wikipedia/commons/thumb/4/48/CHE_Belmont-sur-Lausanne_COA.svg/500px-CHE_Belmont-sur-Lausanne_COA.svg.png"
5582,24.8,24.8,75.2,"Cheseaux-sur-Lausanne (VD)","A Cheseaux-sur-Lausanne l'Iniziativa sulla neutralità è stata respinta con il 75,2 per cento.","https://thumb.wikimedia.org/wikipedia/commons/thumb/c/ce/CHE_Cheseaux-sur-Lausanne_COA.svg/500px-CHE_Cheseaux-sur-Lausanne_COA.svg.png"
5583,28.8,28.8,71.2,"Crissier (VD)","Con il 71,2 per cento dei voti, l'Iniziativa sulla neutralità viene respinta a Crissier.","https://thumb.wikimedia.org/wikipedia/commons/thumb/0/0e/CHE_Crissier_COA.svg/500px-CHE_Crissier_COA.svg.png"
5584,23.2,23.2,76.8,"Epalinges (VD)","Con il 76,8 per cento dei voti, Epalinges ha respinto l'Iniziativa sulla neutralità.","https://thumb.wikimedia.org/wikipedia/commons/thumb/9/9a/CHE_%C3%89palinges_COA.svg/500px-CHE_%C3%89palinges_COA.svg.png"
5585,27.3,27.3,72.7,"Jouxtens-Mézery (VD)","A Jouxtens-Mézery, l'Iniziativa sulla neutralità è stata respinta con il 72,7 per cento.","https://thumb.wikimedia.org/wikipedia/commons/thumb/8/82/CHE_Jouxtens-M%C3%A9zery_COA.svg/500px-CHE_Jouxtens-M%C3%A9zery_COA.svg.png"
5586,21.1,21.1,78.9,"Losanna (VD)","A Losanna l'Iniziativa sulla neutralità non ottiene la maggioranza: 78,9 per cento di no.","https://thumb.wikimedia.org/wikipedia/commons/thumb/2/29/CHE_Lausanne_COA.svg/500px-CHE_Lausanne_COA.svg.png"
5587,23.8,23.8,76.2,"Le Mont-sur-Lausanne (VD)","A Le Mont-sur-Lausanne l'Iniziativa sulla neutralità non ottiene la maggioranza: 76,2 per cento di no.","https://thumb.wikimedia.org/wikipedia/commons/thumb/d/dc/CHE_Le_Mont-sur-Lausanne_COA.svg/500px-CHE_Le_Mont-sur-Lausanne_COA.svg.png"
5588,29.1,29.1,70.9,"Paudex (VD)","Con il 70,9 per cento dei voti, Paudex ha respinto l'Iniziativa sulla neutralità.","https://thumb.wikimedia.org/wikipedia/commons/thumb/5/5d/CHE_Paudex_COA.svg/500px-CHE_Paudex_COA.svg.png"
5589,23.7,23.7,76.3,"Prilly (VD)","A Prilly l'Iniziativa sulla neutralità non ottiene la maggioranza: 76,3 per cento di no.","https://thumb.wikimedia.org/wikipedia/commons/thumb/8/86/CHE_Prilly_COA.svg/500px-CHE_Prilly_COA.svg.png"
5590,22,22,78,"Pully (VD)","La popolazione di Pully respinge l'Iniziativa sulla neutralità con il 78 per cento.","https://thumb.wikimedia.org/wikipedia/commons/thumb/e/ec/CHE_Pully_COA.svg/960px-CHE_Pully_COA.svg.png"
5591,27.6,27.6,72.4,"Renens (VD)","A Renens VD l'Iniziativa sulla neutralità non ottiene la maggioranza: 72,4 per cento di no.","https://thumb.wikimedia.org/wikipedia/commons/thumb/0/0b/CHE_Renens_COA.svg/500px-CHE_Renens_COA.svg.png"
5592,28,28,72,"Romanel-sur-Lausanne (VD)","A Romanel-sur-Lausanne l'Iniziativa sulla neutralità non ottiene la maggioranza: 72 per cento di no.","https://thumb.wikimedia.org/wikipedia/commons/thumb/c/c1/CHE_Romanel-sur-Lausanne_COA.svg/500px-CHE_Romanel-sur-Lausanne_COA.svg.png"
5601,24.6,24.6,75.4,"Chexbres (VD)","A Chexbres, l'Iniziativa sulla neutralità è stata respinta con il 75,4 per cento.","https://thumb.wikimedia.org/wikipedia/commons/thumb/9/9f/CHE_Chexbres_COA.svg/500px-CHE_Chexbres_COA.svg.png"
5604,30.4,30.4,69.6,"Forel (Lavaux) (VD)","Con il 69,6 per cento dei voti, Forel (Lavaux) ha respinto l'Iniziativa sulla neutralità.","https://thumb.wikimedia.org/wikipedia/commons/thumb/5/5b/CHE_Forel_%28Lavaux%29_COA.svg/500px-CHE_Forel_%28Lavaux%29_COA.svg.png"
5606,23.6,23.6,76.4,"Lutry (VD)","La popolazione di Lutry respinge l'Iniziativa sulla neutralità con il 76,4 per cento.","https://thumb.wikimedia.org/wikipedia/commons/thumb/2/26/CHE_Lutry_COA.svg/500px-CHE_Lutry_COA.svg.png"
5607,29,29,71,"Puidoux (VD)","La popolazione di Puidoux respinge l'Iniziativa sulla neutralità con il 71 per cento.","https://thumb.wikimedia.org/wikipedia/commons/thumb/9/99/CHE_Puidoux_COA.svg/500px-CHE_Puidoux_COA.svg.png"
5609,19.9,19.9,80.1,"Rivaz (VD)","Con il 80,1 per cento dei voti, Rivaz ha respinto l'Iniziativa sulla neutralità.","https://thumb.wikimedia.org/wikipedia/commons/thumb/0/00/CHE_Rivaz_COA.svg/500px-CHE_Rivaz_COA.svg.png"
5610,51.7,51.7,48.3,"Saint-Saphorin (Lavaux) (VD)","Sì all'Iniziativa sulla neutralità a Saint-Saphorin (Lavaux), con il 51,7 per cento di voti favorevoli.","https://thumb.wikimedia.org/wikipedia/commons/thumb/4/46/CHE_Saint-Saphorin_COA.svg/500px-CHE_Saint-Saphorin_COA.svg.png"
5611,25.7,25.7,74.3,"Savigny (VD)","Con il 74,3 per cento dei voti, Savigny ha respinto l'Iniziativa sulla neutralità.","https://thumb.wikimedia.org/wikipedia/commons/thumb/6/67/CHE_Savigny_COA.svg/500px-CHE_Savigny_COA.svg.png"
5613,20,20,80,"Bourg-en-Lavaux (VD)","A Bourg-en-Lavaux l'Iniziativa sulla neutralità non ottiene la maggioranza: 80 per cento di no.","https://thumb.wikimedia.org/wikipedia/commons/thumb/c/cf/CHE_Bourg-en-Lavaux_COA.svg/500px-CHE_Bourg-en-Lavaux_COA.svg.png"
5621,17.5,17.5,82.5,"Aclens (VD)","La popolazione di Aclens respinge l'Iniziativa sulla neutralità con il 82,5 per cento.","https://thumb.wikimedia.org/wikipedia/commons/thumb/c/cf/CHE_Aclens_COA.svg/500px-CHE_Aclens_COA.svg.png"
5622,26.6,26.6,73.4,"Bremblens (VD)","La popolazione di Bremblens respinge l'Iniziativa sulla neutralità con il 73,4 per cento.","https://thumb.wikimedia.org/wikipedia/commons/thumb/3/3e/CHE_Bremblens_COA.svg/500px-CHE_Bremblens_COA.svg.png"
5623,28,28,72,"Buchillon (VD)","A Buchillon l'Iniziativa sulla neutralità non ottiene la maggioranza: 72 per cento di no.","https://thumb.wikimedia.org/wikipedia/commons/thumb/1/19/CHE_Buchillon_COA.svg/500px-CHE_Buchillon_COA.svg.png"
5624,27.7,27.7,72.3,"Bussigny (VD)","Con il 72,3 per cento dei voti, l'Iniziativa sulla neutralità viene respinta a Bussigny.","https://thumb.wikimedia.org/wikipedia/commons/thumb/3/34/CHE_Bussigny_COA.svg/500px-CHE_Bussigny_COA.svg.png"
5627,29.4,29.4,70.6,"Chavannes-près-Renens (VD)","La popolazione di Chavannes-près-Renens respinge l'Iniziativa sulla neutralità con il 70,6 per cento.","https://thumb.wikimedia.org/wikipedia/commons/thumb/f/f2/CHE_Chavannes-pr%C3%A8s-Renens_COA.svg/500px-CHE_Chavannes-pr%C3%A8s-Renens_COA.svg.png"
5628,21.5,21.5,78.5,"Chigny (VD)","A Chigny, l'Iniziativa sulla neutralità è stata respinta con il 78,5 per cento.","https://thumb.wikimedia.org/wikipedia/commons/thumb/7/73/CHE_Chigny_COA.svg/500px-CHE_Chigny_COA.svg.png"
5629,26.7,26.7,73.3,"Clarmont (VD)","A Clarmont l'Iniziativa sulla neutralità è respinta con 55 contro 20 voti.","https://thumb.wikimedia.org/wikipedia/commons/thumb/8/8c/CHE_Clarmont_COA.svg/500px-CHE_Clarmont_COA.svg.png"
5631,20.8,20.8,79.2,"Denens (VD)","A Denens, l'Iniziativa sulla neutralità è stata respinta con il 79,2 per cento.","https://thumb.wikimedia.org/wikipedia/commons/thumb/5/56/CHE_Denens_COA.svg/500px-CHE_Denens_COA.svg.png"
5632,23,23,77,"Denges (VD)","Con il 77 per cento dei voti, Denges ha respinto l'Iniziativa sulla neutralità.","https://thumb.wikimedia.org/wikipedia/commons/thumb/5/52/CHE_Denges_COA.svg/500px-CHE_Denges_COA.svg.png"
5633,23.2,23.2,76.8,"Echandens (VD)","Con il 76,8 per cento dei voti, Echandens ha respinto l'Iniziativa sulla neutralità.","https://thumb.wikimedia.org/wikipedia/commons/thumb/d/d1/CHE_Echandens_COA.svg/500px-CHE_Echandens_COA.svg.png"
5634,23.7,23.7,76.3,"Echichens (VD)","Con il 76,3 per cento dei voti, l'Iniziativa sulla neutralità viene respinta a Echichens.","https://thumb.wikimedia.org/wikipedia/commons/thumb/e/eb/CHE_Echichens_COA.svg/500px-CHE_Echichens_COA.svg.png"
5635,27.8,27.8,72.2,"Ecublens (VD)","A Ecublens VD l'Iniziativa sulla neutralità non ottiene la maggioranza: 72,2 per cento di no.","https://thumb.wikimedia.org/wikipedia/commons/thumb/b/b7/CHE_Ecublens_VD_COA.svg/500px-CHE_Ecublens_VD_COA.svg.png"
5636,24.3,24.3,75.7,"Etoy (VD)","La popolazione di Etoy respinge l'Iniziativa sulla neutralità con il 75,7 per cento.","https://thumb.wikimedia.org/wikipedia/commons/thumb/a/ac/CHE_Etoy_COA.svg/500px-CHE_Etoy_COA.svg.png"
5637,22.5,22.5,77.5,"Lavigny (VD)","A Lavigny l'Iniziativa sulla neutralità non ottiene la maggioranza: 77,5 per cento di no.","https://thumb.wikimedia.org/wikipedia/commons/thumb/6/67/CHE_Lavigny_COA.svg/500px-CHE_Lavigny_COA.svg.png"
5638,21.5,21.5,78.5,"Lonay (VD)","A Lonay l'Iniziativa sulla neutralità non ottiene la maggioranza: 78,5 per cento di no.","https://thumb.wikimedia.org/wikipedia/commons/thumb/e/ea/CHE_Lonay_COA.svg/500px-CHE_Lonay_COA.svg.png"
5639,18.3,18.3,81.7,"Lully (VD)","A Lully VD l'Iniziativa sulla neutralità è stata respinta con il 81,7 per cento.","https://thumb.wikimedia.org/wikipedia/commons/thumb/e/ef/CHE_Lully_VD_COA.svg/500px-CHE_Lully_VD_COA.svg.png"
5640,12.3,12.3,87.7,"Lussy-sur-Morges (VD)","La popolazione di Lussy-sur-Morges respinge l'Iniziativa sulla neutralità con il 87,7 per cento.","https://thumb.wikimedia.org/wikipedia/commons/thumb/2/23/CHE_Lussy-sur-Morges_COA.svg/500px-CHE_Lussy-sur-Morges_COA.svg.png"
5642,24.5,24.5,75.5,"Morges (VD)","A Morges l'Iniziativa sulla neutralità non ottiene la maggioranza: 75,5 per cento di no.","https://thumb.wikimedia.org/wikipedia/commons/thumb/8/8f/CHE_Morges_COA.svg/500px-CHE_Morges_COA.svg.png"
5643,25.4,25.4,74.6,"Préverenges (VD)","Con il 74,6 per cento dei voti, l'Iniziativa sulla neutralità viene respinta a Préverenges.","https://thumb.wikimedia.org/wikipedia/commons/thumb/c/c3/CHE_Pr%C3%A9verenges_COA.svg/500px-CHE_Pr%C3%A9verenges_COA.svg.png"
5645,25.5,25.5,74.5,"Romanel-sur-Morges (VD)","A Romanel-sur-Morges l'Iniziativa sulla neutralità è stata respinta con il 74,5 per cento.","https://thumb.wikimedia.org/wikipedia/commons/thumb/a/ab/CHE_Romanel-sur-Morges_COA.svg/500px-CHE_Romanel-sur-Morges_COA.svg.png"
5646,27.9,27.9,72.1,"Saint-Prex (VD)","A Saint-Prex l'Iniziativa sulla neutralità è stata respinta con il 72,1 per cento.","https://thumb.wikimedia.org/wikipedia/commons/thumb/0/07/CHE_Saint-Prex_COA.svg/500px-CHE_Saint-Prex_COA.svg.png"
5648,25.8,25.8,74.2,"Saint-Sulpice (VD)","Con il 74,2 per cento dei voti, Saint-Sulpice VD ha respinto l'Iniziativa sulla neutralità.","https://thumb.wikimedia.org/wikipedia/commons/thumb/5/57/CHE_Saint-Sulpice_VD_COA.svg/500px-CHE_Saint-Sulpice_VD_COA.svg.png"
5649,24.8,24.8,75.2,"Tolochenaz (VD)","A Tolochenaz l'Iniziativa sulla neutralità non ottiene la maggioranza: 75,2 per cento di no.","https://thumb.wikimedia.org/wikipedia/commons/thumb/4/47/CHE_Tolochenaz_COA.svg/500px-CHE_Tolochenaz_COA.svg.png"
5650,26.8,26.8,73.2,"Vaux-sur-Morges (VD)","A Vaux-sur-Morges, l'Iniziativa sulla neutralità è stata respinta con 60 contro 22 voti.","https://thumb.wikimedia.org/wikipedia/commons/thumb/a/a9/CHE_Vaux-sur-Morges_COA.svg/500px-CHE_Vaux-sur-Morges_COA.svg.png"
5651,32.5,32.5,67.5,"Villars-Sainte-Croix (VD)","A Villars-Sainte-Croix l'Iniziativa sulla neutralità non ottiene la maggioranza: 67,5 per cento di no.","https://thumb.wikimedia.org/wikipedia/commons/thumb/3/3e/CHE_Villars-Sainte-Croix_COA.svg/500px-CHE_Villars-Sainte-Croix_COA.svg.png"
5652,29.5,29.5,70.5,"Villars-sous-Yens (VD)","La popolazione di Villars-sous-Yens respinge l'Iniziativa sulla neutralità con il 70,5 per cento.","https://thumb.wikimedia.org/wikipedia/commons/thumb/9/94/CHE_Villars-sous-Yens_COA.svg/500px-CHE_Villars-sous-Yens_COA.svg.png"
5653,27.5,27.5,72.5,"Vufflens-le-Château (VD)","A Vufflens-le-Château l'Iniziativa sulla neutralità è stata respinta con il 72,5 per cento.","https://thumb.wikimedia.org/wikipedia/commons/thumb/4/42/CHE_Vufflens-le-Ch%C3%A2teau_COA.svg/500px-CHE_Vufflens-le-Ch%C3%A2teau_COA.svg.png"
5654,22,22,78,"Vullierens (VD)","La popolazione di Vullierens respinge l'Iniziativa sulla neutralità con il 78 per cento.","https://thumb.wikimedia.org/wikipedia/commons/thumb/1/11/CHE_Vullierens_COA.svg/500px-CHE_Vullierens_COA.svg.png"
5655,23.9,23.9,76.1,"Yens (VD)","A Yens l'Iniziativa sulla neutralità non ottiene la maggioranza: 76,1 per cento di no.","https://thumb.wikimedia.org/wikipedia/commons/thumb/1/14/CHE_Yens_COA.svg/500px-CHE_Yens_COA.svg.png"
5656,26.8,26.8,73.2,"Hautemorges (VD)","La popolazione di Hautemorges respinge l'Iniziativa sulla neutralità con il 73,2 per cento.","https://thumb.wikimedia.org/wikipedia/commons/thumb/2/2f/CHE_Hautemorges_COA.svg/500px-CHE_Hautemorges_COA.svg.png"
5661,36.2,36.2,63.8,"Boulens (VD)","Con il 63,8 per cento dei voti, Boulens ha respinto l'Iniziativa sulla neutralità.","https://thumb.wikimedia.org/wikipedia/commons/thumb/f/f0/CHE_Boulens_COA.svg/500px-CHE_Boulens_COA.svg.png"
5663,35,35,65,"Bussy-sur-Moudon (VD)","La popolazione di Bussy-sur-Moudon respinge l'Iniziativa sulla neutralità con il 65 per cento.","https://thumb.wikimedia.org/wikipedia/commons/thumb/5/50/CHE_Bussy-sur-Moudon_COA.svg/500px-CHE_Bussy-sur-Moudon_COA.svg.png"
5665,54.7,54.7,45.3,"Chavannes-sur-Moudon (VD)","A Chavannes-sur-Moudon l'Iniziativa sulla neutralità passa con 52 contro 43 voti.","https://thumb.wikimedia.org/wikipedia/commons/thumb/a/ab/CHE_Chavannes-sur-Moudon_COA.svg/500px-CHE_Chavannes-sur-Moudon_COA.svg.png"
5669,32.8,32.8,67.2,"Curtilles (VD)","Con il 67,2 per cento dei voti, Curtilles ha respinto l'Iniziativa sulla neutralità.","https://thumb.wikimedia.org/wikipedia/commons/thumb/f/f0/CHE_Curtilles_COA.svg/500px-CHE_Curtilles_COA.svg.png"
5671,38.8,38.8,61.2,"Dompierre (VD)","La popolazione di Dompierre VD respinge l'Iniziativa sulla neutralità con il 61,2 per cento.","https://thumb.wikimedia.org/wikipedia/commons/thumb/9/90/CHE_Dompierre_VD_COA.svg/500px-CHE_Dompierre_VD_COA.svg.png"
5673,38.2,38.2,61.8,"Hermenches (VD)","A Hermenches l'Iniziativa sulla neutralità non ottiene la maggioranza: 61,8 per cento di no.","https://thumb.wikimedia.org/wikipedia/commons/thumb/7/74/CHE_Hermenches_COA.svg/500px-CHE_Hermenches_COA.svg.png"
5674,25.9,25.9,74.1,"Lovatens (VD)","A Lovatens, l'Iniziativa sulla neutralità è stata respinta con 43 contro 15 voti.","https://thumb.wikimedia.org/wikipedia/commons/thumb/1/1e/CHE_Lovatens_COA.svg/500px-CHE_Lovatens_COA.svg.png"
5675,50,0,0,"Lucens (VD)","I risultati di questo comune non sono ancora noti.","https://thumb.wikimedia.org/wikipedia/commons/thumb/3/31/CHE_Lucens_COA.svg/500px-CHE_Lucens_COA.svg.png"
5678,30.9,30.9,69.1,"Moudon (VD)","La popolazione di Moudon respinge l'Iniziativa sulla neutralità con il 69,1 per cento.","https://thumb.wikimedia.org/wikipedia/commons/thumb/7/78/CHE_Moudon_COA.svg/500px-CHE_Moudon_COA.svg.png"
5680,37.6,37.6,62.4,"Ogens (VD)","A Ogens, l'Iniziativa sulla neutralità è stata respinta con il 62,4 per cento.","https://thumb.wikimedia.org/wikipedia/commons/thumb/1/1e/CHE_Ogens_COA.svg/500px-CHE_Ogens_COA.svg.png"
5683,36.1,36.1,63.9,"Prévonloup (VD)","A Prévonloup, l'Iniziativa sulla neutralità è stata respinta con 53 contro 30 voti.","https://thumb.wikimedia.org/wikipedia/commons/thumb/a/a7/CHE_Pr%C3%A9vonloup_COA.svg/500px-CHE_Pr%C3%A9vonloup_COA.svg.png"
5684,34.5,34.5,65.5,"Rossenges (VD)","A Rossenges l'Iniziativa sulla neutralità è respinta con 19 contro 10 voti.","https://thumb.wikimedia.org/wikipedia/commons/thumb/c/cf/CHE_Rossenges_COA.svg/500px-CHE_Rossenges_COA.svg.png"
5688,28.6,28.6,71.4,"Syens (VD)","A Syens l'Iniziativa sulla neutralità è respinta con 30 contro 12 voti.","https://thumb.wikimedia.org/wikipedia/commons/thumb/e/e9/CHE_Syens_COA.svg/500px-CHE_Syens_COA.svg.png"
5690,39.3,39.3,60.7,"Villars-le-Comte (VD)","A Villars-le-Comte l'Iniziativa sulla neutralità è respinta con 37 contro 24 voti.","https://thumb.wikimedia.org/wikipedia/commons/thumb/d/d1/CHE_Villars-le-Comte_COA.svg/500px-CHE_Villars-le-Comte_COA.svg.png"
5692,28,28,72,"Vucherens (VD)","A Vucherens l'Iniziativa sulla neutralità non ottiene la maggioranza: 72 per cento di no.","https://thumb.wikimedia.org/wikipedia/commons/thumb/3/31/CHE_Vucherens_COA.svg/500px-CHE_Vucherens_COA.svg.png"
5693,34.5,34.5,65.5,"Montanaire (VD)","A Montanaire, l'Iniziativa sulla neutralità è stata respinta con il 65,5 per cento.","https://thumb.wikimedia.org/wikipedia/commons/thumb/9/9d/CHE_Montanaire_COA.svg/500px-CHE_Montanaire_COA.svg.png"
5701,21.3,21.3,78.7,"Arnex-sur-Nyon (VD)","A Arnex-sur-Nyon l'Iniziativa sulla neutralità è respinta con 59 contro 16 voti.","https://thumb.wikimedia.org/wikipedia/commons/thumb/3/30/CHE_Arnex-sur-Nyon_COA.svg/500px-CHE_Arnex-sur-Nyon_COA.svg.png"
5702,29,29,71,"Arzier-Le Muids (VD)","A Arzier-Le Muids, l'Iniziativa sulla neutralità è stata respinta con il 71 per cento.","https://thumb.wikimedia.org/wikipedia/commons/thumb/8/82/CHE_Arzier-Le_Muids_COA.svg/500px-CHE_Arzier-Le_Muids_COA.svg.png"
5703,25.6,25.6,74.4,"Bassins (VD)","A Bassins l'Iniziativa sulla neutralità non ottiene la maggioranza: 74,4 per cento di no.","https://thumb.wikimedia.org/wikipedia/commons/thumb/c/c5/CHE_Bassins_COA.svg/500px-CHE_Bassins_COA.svg.png"
5704,29,29,71,"Begnins (VD)","La popolazione di Begnins respinge l'Iniziativa sulla neutralità con il 71 per cento.","https://thumb.wikimedia.org/wikipedia/commons/thumb/6/6a/CHE_Begnins_COA.svg/500px-CHE_Begnins_COA.svg.png"
5705,21,21,79,"Bogis-Bossey (VD)","A Bogis-Bossey l'Iniziativa sulla neutralità è stata respinta con il 79 per cento.","https://thumb.wikimedia.org/wikipedia/commons/thumb/1/17/CHE_Bogis-Bossey_COA.svg/500px-CHE_Bogis-Bossey_COA.svg.png"
5706,23.8,23.8,76.2,"Borex (VD)","A Borex l'Iniziativa sulla neutralità non ottiene la maggioranza: 76,2 per cento di no.","https://thumb.wikimedia.org/wikipedia/commons/thumb/5/54/CHE_Borex_COA.svg/500px-CHE_Borex_COA.svg.png"
5707,30.7,30.7,69.3,"Chavannes-de-Bogis (VD)","La popolazione di Chavannes-de-Bogis respinge l'Iniziativa sulla neutralità con il 69,3 per cento.","https://thumb.wikimedia.org/wikipedia/commons/thumb/9/93/CHE_Chavannes-de-Bogis_COA.svg/500px-CHE_Chavannes-de-Bogis_COA.svg.png"
5708,34,34,66,"Chavannes-des-Bois (VD)","Con il 66 per cento dei voti, l'Iniziativa sulla neutralità viene respinta a Chavannes-des-Bois.","https://thumb.wikimedia.org/wikipedia/commons/thumb/5/50/CHE_Chavannes-des-Bois_COA.svg/500px-CHE_Chavannes-des-Bois_COA.svg.png"
5709,29.3,29.3,70.7,"Chéserex (VD)","Con il 70,7 per cento dei voti, l'Iniziativa sulla neutralità viene respinta a Chéserex.","https://thumb.wikimedia.org/wikipedia/commons/thumb/5/55/CHE_Ch%C3%A9serex_COA.svg/500px-CHE_Ch%C3%A9serex_COA.svg.png"
5710,30.1,30.1,69.9,"Coinsins (VD)","A Coinsins, l'Iniziativa sulla neutralità è stata respinta con il 69,9 per cento.","https://thumb.wikimedia.org/wikipedia/commons/thumb/7/73/CHE_Coinsins_COA.svg/500px-CHE_Coinsins_COA.svg.png"
5711,27.1,27.1,72.9,"Commugny (VD)","A Commugny l'Iniziativa sulla neutralità è stata respinta con il 72,9 per cento.","https://thumb.wikimedia.org/wikipedia/commons/thumb/0/01/CHE_Commugny_COA.svg/500px-CHE_Commugny_COA.svg.png"
5712,26.7,26.7,73.3,"Coppet (VD)","A Coppet, l'Iniziativa sulla neutralità è stata respinta con il 73,3 per cento.","https://thumb.wikimedia.org/wikipedia/commons/thumb/8/81/CHE_Coppet_COA.svg/500px-CHE_Coppet_COA.svg.png"
5713,26,26,74,"Crans-près-Céligny (VD)","A Crans-près-Céligny l'Iniziativa sulla neutralità è stata respinta con il 74 per cento.","https://thumb.wikimedia.org/wikipedia/commons/thumb/9/98/CHE_Crans_VD_COA.svg/500px-CHE_Crans_VD_COA.svg.png"
5714,28.5,28.5,71.5,"Crassier (VD)","Con il 71,5 per cento dei voti, l'Iniziativa sulla neutralità viene respinta a Crassier.","https://thumb.wikimedia.org/wikipedia/commons/thumb/4/4f/CHE_Crassier_COA.svg/500px-CHE_Crassier_COA.svg.png"
5715,20.9,20.9,79.1,"Duillier (VD)","A Duillier l'Iniziativa sulla neutralità è stata respinta con il 79,1 per cento.","https://thumb.wikimedia.org/wikipedia/commons/thumb/8/87/CHE_Duillier_COA.svg/500px-CHE_Duillier_COA.svg.png"
5716,26.4,26.4,73.6,"Eysins (VD)","A Eysins l'Iniziativa sulla neutralità è stata respinta con il 73,6 per cento.","https://thumb.wikimedia.org/wikipedia/commons/thumb/b/bc/CHE_Eysins_COA.svg/500px-CHE_Eysins_COA.svg.png"
5717,29.2,29.2,70.8,"Founex (VD)","La popolazione di Founex respinge l'Iniziativa sulla neutralità con il 70,8 per cento.","https://thumb.wikimedia.org/wikipedia/commons/thumb/7/7b/CHE_Founex_COA.svg/500px-CHE_Founex_COA.svg.png"
5718,26.9,26.9,73.1,"Genolier (VD)","Con il 73,1 per cento dei voti, Genolier ha respinto l'Iniziativa sulla neutralità.","https://thumb.wikimedia.org/wikipedia/commons/thumb/4/42/CHE_Genolier_COA.svg/500px-CHE_Genolier_COA.svg.png"
5719,29,29,71,"Gingins (VD)","Con il 71 per cento dei voti, l'Iniziativa sulla neutralità viene respinta a Gingins.","https://thumb.wikimedia.org/wikipedia/commons/thumb/c/c1/CHE_Gingins_COA.svg/500px-CHE_Gingins_COA.svg.png"
5720,25.8,25.8,74.2,"Givrins (VD)","La popolazione di Givrins respinge l'Iniziativa sulla neutralità con il 74,2 per cento.","https://thumb.wikimedia.org/wikipedia/commons/thumb/c/c1/CHE_Givrins_COA.svg/500px-CHE_Givrins_COA.svg.png"
5721,30.4,30.4,69.6,"Gland (VD)","La popolazione di Gland respinge l'Iniziativa sulla neutralità con il 69,6 per cento.","https://thumb.wikimedia.org/wikipedia/commons/thumb/6/62/CHE_Gland_COA.svg/500px-CHE_Gland_COA.svg.png"
5722,20.9,20.9,79.1,"Grens (VD)","A Grens l'Iniziativa sulla neutralità non ottiene la maggioranza: 79,1 per cento di no.","https://thumb.wikimedia.org/wikipedia/commons/thumb/d/d9/CHE_Grens_COA.svg/500px-CHE_Grens_COA.svg.png"
5723,27.7,27.7,72.3,"Mies (VD)","A Mies l'Iniziativa sulla neutralità non ottiene la maggioranza: 72,3 per cento di no.","https://thumb.wikimedia.org/wikipedia/commons/thumb/9/99/CHE_Mies_COA.svg/500px-CHE_Mies_COA.svg.png"
5724,24.6,24.6,75.4,"Nyon (VD)","Con il 75,4 per cento dei voti, Nyon ha respinto l'Iniziativa sulla neutralità.","https://thumb.wikimedia.org/wikipedia/commons/thumb/3/31/CHE_Nyon_COA.svg/500px-CHE_Nyon_COA.svg.png"
5725,25.3,25.3,74.7,"Prangins (VD)","A Prangins l'Iniziativa sulla neutralità è stata respinta con il 74,7 per cento.","https://thumb.wikimedia.org/wikipedia/commons/thumb/e/e4/CHE_Prangins_COA.svg/500px-CHE_Prangins_COA.svg.png"
5726,37.1,37.1,62.9,"La Rippe (VD)","A La Rippe, l'Iniziativa sulla neutralità è stata respinta con il 62,9 per cento.","https://thumb.wikimedia.org/wikipedia/commons/thumb/9/92/CHE_La_Rippe_COA.svg/500px-CHE_La_Rippe_COA.svg.png"
5727,37.2,37.2,62.8,"Saint-Cergue (VD)","A Saint-Cergue, l'Iniziativa sulla neutralità è stata respinta con il 62,8 per cento.","https://thumb.wikimedia.org/wikipedia/commons/thumb/b/bf/CHE_Saint-Cergue_COA.svg/500px-CHE_Saint-Cergue_COA.svg.png"
5728,37.8,37.8,62.2,"Signy-Avenex (VD)","Con il 62,2 per cento dei voti, l'Iniziativa sulla neutralità viene respinta a Signy-Avenex.","https://thumb.wikimedia.org/wikipedia/commons/thumb/d/db/CHE_Signy-Avenex_COA.svg/500px-CHE_Signy-Avenex_COA.svg.png"
5729,29.3,29.3,70.7,"Tannay (VD)","Con il 70,7 per cento dei voti, Tannay ha respinto l'Iniziativa sulla neutralità.","https://thumb.wikimedia.org/wikipedia/commons/thumb/e/ea/CHE_Tannay_COA.svg/500px-CHE_Tannay_COA.svg.png"
5730,22.5,22.5,77.5,"Trélex (VD)","A Trélex l'Iniziativa sulla neutralità è stata respinta con il 77,5 per cento.","https://thumb.wikimedia.org/wikipedia/commons/thumb/3/33/CHE_Tr%C3%A9lex_COA.svg/500px-CHE_Tr%C3%A9lex_COA.svg.png"
5731,25.4,25.4,74.6,"Le Vaud (VD)","La popolazione di Le Vaud respinge l'Iniziativa sulla neutralità con il 74,6 per cento.","https://thumb.wikimedia.org/wikipedia/commons/thumb/1/15/CHE_Le_Vaud_COA.svg/500px-CHE_Le_Vaud_COA.svg.png"
5732,27,27,73,"Vich (VD)","A Vich, l'Iniziativa sulla neutralità è stata respinta con il 73 per cento.","https://thumb.wikimedia.org/wikipedia/commons/thumb/2/29/CHE_Vich_COA.svg/500px-CHE_Vich_COA.svg.png"
5741,36.3,36.3,63.7,"L'Abergement (VD)","A L'Abergement l'Iniziativa sulla neutralità è stata respinta con il 63,7 per cento.","https://thumb.wikimedia.org/wikipedia/commons/thumb/2/20/CHE_L-Abergement_COA.svg/500px-CHE_L-Abergement_COA.svg.png"
5742,25.6,25.6,74.4,"Agiez (VD)","La popolazione di Agiez respinge l'Iniziativa sulla neutralità con il 74,4 per cento.","https://thumb.wikimedia.org/wikipedia/commons/thumb/b/ba/CHE_Agiez_COA.svg/500px-CHE_Agiez_COA.svg.png"
5743,28.7,28.7,71.3,"Arnex-sur-Orbe (VD)","A Arnex-sur-Orbe l'Iniziativa sulla neutralità non ottiene la maggioranza: 71,3 per cento di no.","https://thumb.wikimedia.org/wikipedia/commons/thumb/d/d3/CHE_Arnex-sur-Orbe_COA.svg/500px-CHE_Arnex-sur-Orbe_COA.svg.png"
5744,35.9,35.9,64.1,"Ballaigues (VD)","La popolazione di Ballaigues respinge l'Iniziativa sulla neutralità con il 64,1 per cento.","https://thumb.wikimedia.org/wikipedia/commons/thumb/4/4d/CHE_Ballaigues_COA.svg/500px-CHE_Ballaigues_COA.svg.png"
5745,36.1,36.1,63.9,"Baulmes (VD)","Con il 63,9 per cento dei voti, Baulmes ha respinto l'Iniziativa sulla neutralità.","https://thumb.wikimedia.org/wikipedia/commons/thumb/a/a7/CHE_Baulmes_COA.svg/500px-CHE_Baulmes_COA.svg.png"
5746,30.2,30.2,69.8,"Bavois (VD)","La popolazione di Bavois respinge l'Iniziativa sulla neutralità con il 69,8 per cento.","https://thumb.wikimedia.org/wikipedia/commons/thumb/7/73/CHE_Bavois_COA.svg/500px-CHE_Bavois_COA.svg.png"
5747,30.4,30.4,69.6,"Bofflens (VD)","A Bofflens l'Iniziativa sulla neutralità è respinta con 64 contro 28 voti.","https://thumb.wikimedia.org/wikipedia/commons/thumb/3/3b/CHE_Bofflens_COA.svg/500px-CHE_Bofflens_COA.svg.png"
5748,40.4,40.4,59.6,"Bretonnières (VD)","La popolazione di Bretonnières respinge l'Iniziativa sulla neutralità con il 59,6 per cento.","https://thumb.wikimedia.org/wikipedia/commons/thumb/2/2b/CHE_Bretonni%C3%A8res_COA.svg/500px-CHE_Bretonni%C3%A8res_COA.svg.png"
5749,29.8,29.8,70.2,"Chavornay (VD)","A Chavornay l'Iniziativa sulla neutralità è stata respinta con il 70,2 per cento.","https://thumb.wikimedia.org/wikipedia/commons/thumb/f/f4/CHE_Chavornay_COA.svg/500px-CHE_Chavornay_COA.svg.png"
5750,26.4,26.4,73.6,"Les Clées (VD)","A Les Clées l'Iniziativa sulla neutralità è respinta con 53 contro 19 voti.","https://thumb.wikimedia.org/wikipedia/commons/thumb/9/99/CHE_Les_Cl%C3%A9es_COA.svg/500px-CHE_Les_Cl%C3%A9es_COA.svg.png"
5752,30.8,30.8,69.2,"Croy (VD)","A Croy l'Iniziativa sulla neutralità non ottiene la maggioranza: 69,2 per cento di no.","https://thumb.wikimedia.org/wikipedia/commons/thumb/7/74/CHE_Croy_COA.svg/500px-CHE_Croy_COA.svg.png"
5754,34.6,34.6,65.4,"Juriens (VD)","A Juriens l'Iniziativa sulla neutralità non ottiene la maggioranza: 65,4 per cento di no.","https://thumb.wikimedia.org/wikipedia/commons/thumb/1/1d/CHE_Juriens_COA.svg/500px-CHE_Juriens_COA.svg.png"
5755,31,31,69,"Lignerolle (VD)","La popolazione di Lignerolle respinge l'Iniziativa sulla neutralità con il 69 per cento.","https://thumb.wikimedia.org/wikipedia/commons/thumb/7/78/CHE_Lignerolle_COA.svg/500px-CHE_Lignerolle_COA.svg.png"
5756,24.7,24.7,75.3,"Montcherand (VD)","Con il 75,3 per cento dei voti, l'Iniziativa sulla neutralità viene respinta a Montcherand.","https://thumb.wikimedia.org/wikipedia/commons/thumb/d/db/CHE_Montcherand_COA.svg/500px-CHE_Montcherand_COA.svg.png"
5757,30.5,30.5,69.5,"Orbe (VD)","Con il 69,5 per cento dei voti, Orbe ha respinto l'Iniziativa sulla neutralità.","https://thumb.wikimedia.org/wikipedia/commons/thumb/6/65/CHE_Orbe_COA.svg/500px-CHE_Orbe_COA.svg.png"
5758,40.9,40.9,59.1,"La Praz (VD)","A La Praz, l'Iniziativa sulla neutralità è stata respinta con 55 contro 38 voti.","https://thumb.wikimedia.org/wikipedia/commons/thumb/9/97/CHE_La_Praz_COA.svg/500px-CHE_La_Praz_COA.svg.png"
5759,42.4,42.4,57.6,"Premier (VD)","La popolazione di Premier respinge l'Iniziativa sulla neutralità con il 57,6 per cento.","https://thumb.wikimedia.org/wikipedia/commons/thumb/4/47/CHE_Premier_COA.svg/500px-CHE_Premier_COA.svg.png"
5760,31.7,31.7,68.3,"Rances (VD)","La popolazione di Rances respinge l'Iniziativa sulla neutralità con il 68,3 per cento.","https://thumb.wikimedia.org/wikipedia/commons/thumb/6/69/CHE_Rances_COA.svg/500px-CHE_Rances_COA.svg.png"
5761,28.6,28.6,71.4,"Romainmôtier-Envy (VD)","Con il 71,4 per cento dei voti, l'Iniziativa sulla neutralità viene respinta a Romainmôtier-Envy.","https://thumb.wikimedia.org/wikipedia/commons/thumb/6/62/CHE_Romainmotier-Envy_COA.svg/500px-CHE_Romainmotier-Envy_COA.svg.png"
5762,43.8,43.8,56.2,"Sergey (VD)","A Sergey l'Iniziativa sulla neutralità è respinta con 36 contro 28 voti.","https://thumb.wikimedia.org/wikipedia/commons/thumb/6/62/CHE_Sergey_COA.svg/500px-CHE_Sergey_COA.svg.png"
5763,24.9,24.9,75.1,"Valeyres-sous-Rances (VD)","A Valeyres-sous-Rances l'Iniziativa sulla neutralità è stata respinta con il 75,1 per cento.","https://thumb.wikimedia.org/wikipedia/commons/thumb/f/ff/CHE_Valeyres-sous-Rances_COA.svg/500px-CHE_Valeyres-sous-Rances_COA.svg.png"
5764,36.3,36.3,63.7,"Vallorbe (VD)","Con il 63,7 per cento dei voti, l'Iniziativa sulla neutralità viene respinta a Vallorbe.","https://thumb.wikimedia.org/wikipedia/commons/thumb/d/d8/CHE_Vallorbe_COA.svg/500px-CHE_Vallorbe_COA.svg.png"
5765,38.1,38.1,61.9,"Vaulion (VD)","Con il 61,9 per cento dei voti, l'Iniziativa sulla neutralità viene respinta a Vaulion.","https://thumb.wikimedia.org/wikipedia/commons/thumb/0/0c/CHE_Vaulion_COA.svg/500px-CHE_Vaulion_COA.svg.png"
5766,30.2,30.2,69.8,"Vuiteboeuf (VD)","Con il 69,8 per cento dei voti, Vuiteboeuf ha respinto l'Iniziativa sulla neutralità.","https://thumb.wikimedia.org/wikipedia/commons/thumb/a/a5/CHE_Vuiteboeuf_COA.svg/500px-CHE_Vuiteboeuf_COA.svg.png"
5785,30.7,30.7,69.3,"Corcelles-le-Jorat (VD)","La popolazione di Corcelles-le-Jorat respinge l'Iniziativa sulla neutralità con il 69,3 per cento.","https://thumb.wikimedia.org/wikipedia/commons/thumb/2/24/CHE_Corcelles-le-Jorat_COA.svg/500px-CHE_Corcelles-le-Jorat_COA.svg.png"
5790,36.6,36.6,63.4,"Maracon (VD)","Con il 63,4 per cento dei voti, Maracon ha respinto l'Iniziativa sulla neutralità.","https://thumb.wikimedia.org/wikipedia/commons/thumb/1/10/CHE_Maracon_COA.svg/500px-CHE_Maracon_COA.svg.png"
5792,31.1,31.1,68.9,"Montpreveyres (VD)","A Montpreveyres, l'Iniziativa sulla neutralità è stata respinta con il 68,9 per cento.","https://thumb.wikimedia.org/wikipedia/commons/thumb/f/fd/CHE_Montpreveyres_COA.svg/500px-CHE_Montpreveyres_COA.svg.png"
5798,29.4,29.4,70.6,"Ropraz (VD)","A Ropraz, l'Iniziativa sulla neutralità è stata respinta con il 70,6 per cento.","https://thumb.wikimedia.org/wikipedia/commons/thumb/8/8d/CHE_Ropraz_COA.svg/500px-CHE_Ropraz_COA.svg.png"
5799,25.9,25.9,74.1,"Servion (VD)","La popolazione di Servion respinge l'Iniziativa sulla neutralità con il 74,1 per cento.","https://thumb.wikimedia.org/wikipedia/commons/thumb/d/d0/CHE_Servion_COA.svg/500px-CHE_Servion_COA.svg.png"
5803,28.6,28.6,71.4,"Vulliens (VD)","La popolazione di Vulliens respinge l'Iniziativa sulla neutralità con il 71,4 per cento.","https://thumb.wikimedia.org/wikipedia/commons/thumb/f/f1/CHE_Vulliens_COA.svg/500px-CHE_Vulliens_COA.svg.png"
5804,27.8,27.8,72.2,"Jorat-Menthue (VD)","Con il 72,2 per cento dei voti, Jorat-Menthue ha respinto l'Iniziativa sulla neutralità.","https://thumb.wikimedia.org/wikipedia/commons/thumb/e/e0/CHE_Jorat-Menthue_COA.svg/500px-CHE_Jorat-Menthue_COA.svg.png"
5805,29.7,29.7,70.3,"Oron (VD)","La popolazione di Oron respinge l'Iniziativa sulla neutralità con il 70,3 per cento.","https://thumb.wikimedia.org/wikipedia/commons/thumb/9/91/CHE_Oron_COA.svg/500px-CHE_Oron_COA.svg.png"
5806,26.5,26.5,73.5,"Jorat-Mézières (VD)","A Jorat-Mézières l'Iniziativa sulla neutralità è stata respinta con il 73,5 per cento.","https://thumb.wikimedia.org/wikipedia/commons/thumb/8/8a/CHE_Jorat-M%C3%A9zi%C3%A8res_COA.svg/500px-CHE_Jorat-M%C3%A9zi%C3%A8res_COA.svg.png"
5812,50,50,50,"Champtauroz (VD)","A Champtauroz ci sono 37 voti a favore e altrettanti contrari all'Iniziativa sulla neutralità.","https://thumb.wikimedia.org/wikipedia/commons/thumb/b/bf/CHE_Champtauroz_COA.svg/500px-CHE_Champtauroz_COA.svg.png"
5813,37.1,37.1,62.9,"Chevroux (VD)","A Chevroux l'Iniziativa sulla neutralità è stata respinta con il 62,9 per cento.","https://thumb.wikimedia.org/wikipedia/commons/thumb/0/0d/CHE_Chevroux_COA.svg/500px-CHE_Chevroux_COA.svg.png"
5816,32.8,32.8,67.2,"Corcelles-près-Payerne (VD)","A Corcelles-près-Payerne l'Iniziativa sulla neutralità è stata respinta con il 67,2 per cento.","https://thumb.wikimedia.org/wikipedia/commons/thumb/4/40/CHE_Corcelles-pr%C3%A8s-Payerne_COA.svg/500px-CHE_Corcelles-pr%C3%A8s-Payerne_COA.svg.png"
5817,34.8,34.8,65.2,"Grandcour (VD)","Con il 65,2 per cento dei voti, l'Iniziativa sulla neutralità viene respinta a Grandcour.","https://thumb.wikimedia.org/wikipedia/commons/thumb/f/f8/CHE_Grandcour_COA.svg/500px-CHE_Grandcour_COA.svg.png"
5819,40.6,40.6,59.4,"Henniez (VD)","La popolazione di Henniez respinge l'Iniziativa sulla neutralità con il 59,4 per cento.","https://thumb.wikimedia.org/wikipedia/commons/thumb/7/7b/CHE_Henniez_COA.svg/500px-CHE_Henniez_COA.svg.png"
5821,28.7,28.7,71.3,"Missy (VD)","Con il 71,3 per cento dei voti, Missy ha respinto l'Iniziativa sulla neutralità.","https://thumb.wikimedia.org/wikipedia/commons/thumb/e/ef/CHE_Missy_COA.svg/500px-CHE_Missy_COA.svg.png"
5822,30.1,30.1,69.9,"Payerne (VD)","A Payerne, l'Iniziativa sulla neutralità è stata respinta con il 69,9 per cento.","https://thumb.wikimedia.org/wikipedia/commons/thumb/1/1b/CHE_Payerne_VD_COA.svg/500px-CHE_Payerne_VD_COA.svg.png"
5827,38.2,38.2,61.8,"Trey (VD)","A Trey l'Iniziativa sulla neutralità non ottiene la maggioranza: 61,8 per cento di no.","https://thumb.wikimedia.org/wikipedia/commons/thumb/d/df/CHE_Trey_COA.svg/500px-CHE_Trey_COA.svg.png"
5828,46.3,46.3,53.7,"Treytorrens (Payerne) (VD)","A Treytorrens (Payerne) l'Iniziativa sulla neutralità è respinta con 29 contro 25 voti.","https://thumb.wikimedia.org/wikipedia/commons/thumb/9/97/CHE_Treytorrens_COA.svg/500px-CHE_Treytorrens_COA.svg.png"
5830,28.4,28.4,71.6,"Villarzel (VD)","A Villarzel, l'Iniziativa sulla neutralità è stata respinta con il 71,6 per cento.","https://thumb.wikimedia.org/wikipedia/commons/thumb/7/7b/CHE_Villarzel_COA.svg/500px-CHE_Villarzel_COA.svg.png"
5831,36.3,36.3,63.7,"Valbroye (VD)","La popolazione di Valbroye respinge l'Iniziativa sulla neutralità con il 63,7 per cento.","https://thumb.wikimedia.org/wikipedia/commons/thumb/1/11/CHE_Valbroye_COA.svg/500px-CHE_Valbroye_COA.svg.png"
5841,33.2,33.2,66.8,"Château-d'Oex (VD)","A Château-d'Oex, l'Iniziativa sulla neutralità è stata respinta con il 66,8 per cento.","https://thumb.wikimedia.org/wikipedia/commons/thumb/b/b4/CHE_Ch%C3%A2teau_d%E2%80%99Oex_COA.svg/500px-CHE_Ch%C3%A2teau_d%E2%80%99Oex_COA.svg.png"
5842,25.9,25.9,74.1,"Rossinière (VD)","La popolazione di Rossinière respinge l'Iniziativa sulla neutralità con il 74,1 per cento.","https://thumb.wikimedia.org/wikipedia/commons/thumb/a/a9/CHE_Rossini%C3%A8re_COA.svg/500px-CHE_Rossini%C3%A8re_COA.svg.png"
5843,40.7,40.7,59.3,"Rougemont (VD)","A Rougemont l'Iniziativa sulla neutralità non ottiene la maggioranza: 59,3 per cento di no.","https://thumb.wikimedia.org/wikipedia/commons/thumb/0/0c/CHE_Rougemont_COA.svg/500px-CHE_Rougemont_COA.svg.png"
5851,24.8,24.8,75.2,"Allaman (VD)","A Allaman l'Iniziativa sulla neutralità è stata respinta con il 75,2 per cento.","https://thumb.wikimedia.org/wikipedia/commons/thumb/e/e1/CHE_Allaman_COA.svg/500px-CHE_Allaman_COA.svg.png"
5852,29.4,29.4,70.6,"Bursinel (VD)","La popolazione di Bursinel respinge l'Iniziativa sulla neutralità con il 70,6 per cento.","https://thumb.wikimedia.org/wikipedia/commons/thumb/6/6b/CHE_Bursinel_COA.svg/500px-CHE_Bursinel_COA.svg.png"
5853,25.3,25.3,74.7,"Bursins (VD)","A Bursins l'Iniziativa sulla neutralità è stata respinta con il 74,7 per cento.","https://thumb.wikimedia.org/wikipedia/commons/thumb/f/fa/CHE_Bursins_COA.svg/500px-CHE_Bursins_COA.svg.png"
5854,35.8,35.8,64.2,"Burtigny (VD)","Con il 64,2 per cento dei voti, Burtigny ha respinto l'Iniziativa sulla neutralità.","https://thumb.wikimedia.org/wikipedia/commons/thumb/7/73/CHE_Burtigny_COA.svg/500px-CHE_Burtigny_COA.svg.png"
5855,29.6,29.6,70.4,"Dully (VD)","A Dully l'Iniziativa sulla neutralità non ottiene la maggioranza: 70,4 per cento di no.","https://thumb.wikimedia.org/wikipedia/commons/thumb/d/dd/CHE_Dully_COA.svg/500px-CHE_Dully_COA.svg.png"
5856,23.8,23.8,76.2,"Essertines-sur-Rolle (VD)","Con il 76,2 per cento dei voti, l'Iniziativa sulla neutralità viene respinta a Essertines-sur-Rolle.","https://thumb.wikimedia.org/wikipedia/commons/thumb/b/b0/CHE_Essertines-sur-Rolle_COA.svg/500px-CHE_Essertines-sur-Rolle_COA.svg.png"
5857,26.7,26.7,73.3,"Gilly (VD)","La popolazione di Gilly respinge l'Iniziativa sulla neutralità con il 73,3 per cento.","https://thumb.wikimedia.org/wikipedia/commons/thumb/2/25/CHE_Gilly_COA.svg/500px-CHE_Gilly_COA.svg.png"
5858,30.5,30.5,69.5,"Luins (VD)","A Luins l'Iniziativa sulla neutralità non ottiene la maggioranza: 69,5 per cento di no.","https://thumb.wikimedia.org/wikipedia/commons/thumb/5/54/CHE_Luins_COA.svg/500px-CHE_Luins_COA.svg.png"
5859,28.9,28.9,71.1,"Mont-sur-Rolle (VD)","A Mont-sur-Rolle, l'Iniziativa sulla neutralità è stata respinta con il 71,1 per cento.","https://thumb.wikimedia.org/wikipedia/commons/thumb/c/cd/CHE_Mont-sur-Rolle_COA.svg/500px-CHE_Mont-sur-Rolle_COA.svg.png"
5860,31.5,31.5,68.5,"Perroy (VD)","A Perroy l'Iniziativa sulla neutralità è stata respinta con il 68,5 per cento.","https://thumb.wikimedia.org/wikipedia/commons/thumb/f/f2/CHE_Perroy_COA.svg/500px-CHE_Perroy_COA.svg.png"
5861,24.7,24.7,75.3,"Rolle (VD)","Con il 75,3 per cento dei voti, Rolle ha respinto l'Iniziativa sulla neutralità.","https://thumb.wikimedia.org/wikipedia/commons/thumb/b/be/CHE_Rolle_COA.svg/500px-CHE_Rolle_COA.svg.png"
5862,36,36,64,"Tartegnin (VD)","A Tartegnin, l'Iniziativa sulla neutralità è stata respinta con 48 contro 27 voti.","https://thumb.wikimedia.org/wikipedia/commons/thumb/4/40/CHE_Tartegnin_COA.svg/500px-CHE_Tartegnin_COA.svg.png"
5863,25.5,25.5,74.5,"Vinzel (VD)","A Vinzel, l'Iniziativa sulla neutralità è stata respinta con il 74,5 per cento.","https://thumb.wikimedia.org/wikipedia/commons/thumb/2/28/CHE_Vinzel_COA.svg/500px-CHE_Vinzel_COA.svg.png"
5871,29.6,29.6,70.4,"L'Abbaye (VD)","A L'Abbaye, l'Iniziativa sulla neutralità è stata respinta con il 70,4 per cento.","https://thumb.wikimedia.org/wikipedia/commons/thumb/3/34/CHE_L%E2%80%99Abbaye_COA.svg/500px-CHE_L%E2%80%99Abbaye_COA.svg.png"
5872,32.3,32.3,67.7,"Le Chenit (VD)","Con il 67,7 per cento dei voti, l'Iniziativa sulla neutralità viene respinta a Le Chenit.","https://thumb.wikimedia.org/wikipedia/commons/thumb/3/33/CHE_Le_Chenit_COA.svg/500px-CHE_Le_Chenit_COA.svg.png"
5873,32,32,68,"Le Lieu (VD)","Con il 68 per cento dei voti, l'Iniziativa sulla neutralità viene respinta a Le Lieu.","https://thumb.wikimedia.org/wikipedia/commons/thumb/3/38/CHE_Le_Lieu_COA.svg/500px-CHE_Le_Lieu_COA.svg.png"
5882,25.7,25.7,74.3,"Chardonne (VD)","A Chardonne, l'Iniziativa sulla neutralità è stata respinta con il 74,3 per cento.","https://thumb.wikimedia.org/wikipedia/commons/thumb/1/1b/CHE_Chardonne_COA.svg/500px-CHE_Chardonne_COA.svg.png"
5883,22,22,78,"Corseaux (VD)","La popolazione di Corseaux respinge l'Iniziativa sulla neutralità con il 78 per cento.","https://thumb.wikimedia.org/wikipedia/commons/thumb/e/e9/CHE_Corseaux_COA.svg/500px-CHE_Corseaux_COA.svg.png"
5884,30.6,30.6,69.4,"Corsier-sur-Vevey (VD)","La popolazione di Corsier-sur-Vevey respinge l'Iniziativa sulla neutralità con il 69,4 per cento.","https://thumb.wikimedia.org/wikipedia/commons/thumb/2/23/CHE_Corsier-sur-Vevey_COA.svg/500px-CHE_Corsier-sur-Vevey_COA.svg.png"
5885,23,23,77,"Jongny (VD)","A Jongny l'Iniziativa sulla neutralità non ottiene la maggioranza: 77 per cento di no.","https://thumb.wikimedia.org/wikipedia/commons/thumb/a/a8/CHE_Jongny_COA.svg/500px-CHE_Jongny_COA.svg.png"
5886,30.4,30.4,69.6,"Montreux (VD)","Con il 69,6 per cento dei voti, l'Iniziativa sulla neutralità viene respinta a Montreux.","https://thumb.wikimedia.org/wikipedia/commons/thumb/7/77/CHE_Montreux_COA.svg/500px-CHE_Montreux_COA.svg.png"
5889,23.4,23.4,76.6,"La Tour-de-Peilz (VD)","A La Tour-de-Peilz, l'Iniziativa sulla neutralità è stata respinta con il 76,6 per cento.","https://thumb.wikimedia.org/wikipedia/commons/thumb/0/05/CHE_La_Tour-de-Peilz_COA.svg/500px-CHE_La_Tour-de-Peilz_COA.svg.png"
5890,21.7,21.7,78.3,"Vevey (VD)","La popolazione di Vevey respinge l'Iniziativa sulla neutralità con il 78,3 per cento.","https://thumb.wikimedia.org/wikipedia/commons/thumb/5/59/CHE_Vevey_COA.svg/500px-CHE_Vevey_COA.svg.png"
5891,32.6,32.6,67.4,"Veytaux (VD)","La popolazione di Veytaux respinge l'Iniziativa sulla neutralità con il 67,4 per cento.","https://thumb.wikimedia.org/wikipedia/commons/thumb/6/62/CHE_Veytaux_COA.svg/500px-CHE_Veytaux_COA.svg.png"
5892,22.6,22.6,77.4,"Blonay-Saint-Légier (((VD)))","La popolazione di Blonay-Saint-Légier respinge l'Iniziativa sulla neutralità con il 77,4 per cento.","https://thumb.wikimedia.org/wikipedia/commons/thumb/b/b4/CHE_Blonay-Saint-L%C3%A9gier_COA.svg/500px-CHE_Blonay-Saint-L%C3%A9gier_COA.svg.png"
5902,41.7,41.7,58.3,"Belmont-sur-Yverdon (VD)","La popolazione di Belmont-sur-Yverdon respinge l'Iniziativa sulla neutralità con il 58,3 per cento.","https://thumb.wikimedia.org/wikipedia/commons/thumb/8/88/CHE_Belmont-sur-Yverdon_COA.svg/500px-CHE_Belmont-sur-Yverdon_COA.svg.png"
5903,39.5,39.5,60.5,"Bioley-Magnoux (VD)","A Bioley-Magnoux l'Iniziativa sulla neutralità non ottiene la maggioranza: 60,5 per cento di no.","https://thumb.wikimedia.org/wikipedia/commons/thumb/e/e8/CHE_Bioley-Magnoux_COA.svg/500px-CHE_Bioley-Magnoux_COA.svg.png"
5904,25.2,25.2,74.8,"Chamblon (VD)","La popolazione di Chamblon respinge l'Iniziativa sulla neutralità con il 74,8 per cento.","https://thumb.wikimedia.org/wikipedia/commons/thumb/5/54/CHE_Chamblon_COA.svg/500px-CHE_Chamblon_COA.svg.png"
5905,28,28,72,"Champvent (VD)","Con il 72 per cento dei voti, Champvent ha respinto l'Iniziativa sulla neutralità.","https://thumb.wikimedia.org/wikipedia/commons/thumb/c/ca/CHE_Champvent_COA.svg/500px-CHE_Champvent_COA.svg.png"
5907,35.5,35.5,64.5,"Chavannes-le-Chêne (VD)","A Chavannes-le-Chêne, l'Iniziativa sulla neutralità è stata respinta con il 64,5 per cento.","https://thumb.wikimedia.org/wikipedia/commons/thumb/5/53/CHE_Chavannes-le-Ch%C3%AAne_COA.svg/500px-CHE_Chavannes-le-Ch%C3%AAne_COA.svg.png"
5908,27.7,27.7,72.3,"Chêne-Pâquier (VD)","A Chêne-Pâquier l'Iniziativa sulla neutralità è respinta con 47 contro 18 voti.","https://thumb.wikimedia.org/wikipedia/commons/thumb/e/e3/CHE_Ch%C3%AAne-P%C3%A2quier_COA.svg/500px-CHE_Ch%C3%AAne-P%C3%A2quier_COA.svg.png"
5909,21.3,21.3,78.7,"Cheseaux-Noréaz (VD)","La popolazione di Cheseaux-Noréaz respinge l'Iniziativa sulla neutralità con il 78,7 per cento.","https://thumb.wikimedia.org/wikipedia/commons/thumb/5/54/CHE_Cheseaux-Nor%C3%A9az_COA.svg/500px-CHE_Cheseaux-Nor%C3%A9az_COA.svg.png"
5910,28.9,28.9,71.1,"Cronay (VD)","A Cronay l'Iniziativa sulla neutralità non ottiene la maggioranza: 71,1 per cento di no.","https://thumb.wikimedia.org/wikipedia/commons/thumb/c/ce/CHE_Cronay_COA.svg/500px-CHE_Cronay_COA.svg.png"
5911,42.2,42.2,57.8,"Cuarny (VD)","La popolazione di Cuarny respinge l'Iniziativa sulla neutralità con il 57,8 per cento.","https://thumb.wikimedia.org/wikipedia/commons/thumb/0/05/CHE_Cuarny_COA.svg/500px-CHE_Cuarny_COA.svg.png"
5912,32.5,32.5,67.5,"Démoret (VD)","A Démoret l'Iniziativa sulla neutralità è respinta con 52 contro 25 voti.","https://thumb.wikimedia.org/wikipedia/commons/thumb/e/e6/CHE_D%C3%A9moret_COA.svg/500px-CHE_D%C3%A9moret_COA.svg.png"
5913,28.2,28.2,71.8,"Donneloye (VD)","Con il 71,8 per cento dei voti, l'Iniziativa sulla neutralità viene respinta a Donneloye.","https://thumb.wikimedia.org/wikipedia/commons/thumb/2/2c/CHE_Donneloye_COA.svg/500px-CHE_Donneloye_COA.svg.png"
5914,31.7,31.7,68.3,"Ependes (VD)","Con il 68,3 per cento dei voti, l'Iniziativa sulla neutralità viene respinta a Ependes VD.","https://thumb.wikimedia.org/wikipedia/commons/thumb/7/7d/CHE_Ependes_COA.svg/500px-CHE_Ependes_COA.svg.png"
5919,30.9,30.9,69.1,"Mathod (VD)","Con il 69,1 per cento dei voti, l'Iniziativa sulla neutralità viene respinta a Mathod.","https://thumb.wikimedia.org/wikipedia/commons/thumb/8/8d/CHE_Mathod_COA.svg/500px-CHE_Mathod_COA.svg.png"
5921,40.2,40.2,59.8,"Molondin (VD)","A Molondin l'Iniziativa sulla neutralità non ottiene la maggioranza: 59,8 per cento di no.","https://thumb.wikimedia.org/wikipedia/commons/thumb/e/e7/CHE_Molondin_COA.svg/500px-CHE_Molondin_COA.svg.png"
5922,26.9,26.9,73.1,"Montagny-près-Yverdon (VD)","La popolazione di Montagny-près-Yverdon respinge l'Iniziativa sulla neutralità con il 73,1 per cento.","https://thumb.wikimedia.org/wikipedia/commons/thumb/6/63/CHE_Montagny-pr%C3%A8s-Yverdon_COA.svg/500px-CHE_Montagny-pr%C3%A8s-Yverdon_COA.svg.png"
5923,38.2,38.2,61.8,"Oppens (VD)","A Oppens, l'Iniziativa sulla neutralità è stata respinta con 47 contro 29 voti.","https://thumb.wikimedia.org/wikipedia/commons/thumb/9/9a/CHE_Oppens_COA.svg/500px-CHE_Oppens_COA.svg.png"
5924,29.3,29.3,70.7,"Orges (VD)","Con il 70,7 per cento dei voti, l'Iniziativa sulla neutralità viene respinta a Orges.","https://thumb.wikimedia.org/wikipedia/commons/thumb/7/75/CHE_Orges_COA.svg/500px-CHE_Orges_COA.svg.png"
5925,41.6,41.6,58.4,"Orzens (VD)","A Orzens l'Iniziativa sulla neutralità non ottiene la maggioranza: 58,4 per cento di no.","https://thumb.wikimedia.org/wikipedia/commons/thumb/a/a2/CHE_Orzens_COA.svg/500px-CHE_Orzens_COA.svg.png"
5926,32.7,32.7,67.3,"Pomy (VD)","Con il 67,3 per cento dei voti, l'Iniziativa sulla neutralità viene respinta a Pomy.","https://thumb.wikimedia.org/wikipedia/commons/thumb/7/79/CHE_Pomy_COA.svg/500px-CHE_Pomy_COA.svg.png"
5928,53,53,47,"Rovray (VD)","La popolazione di Rovray approva l'Iniziativa sulla neutralità con il 53 per cento.","https://thumb.wikimedia.org/wikipedia/commons/thumb/3/30/CHE_Rovray_COA.svg/500px-CHE_Rovray_COA.svg.png"
5929,32,32,68,"Suchy (VD)","La popolazione di Suchy respinge l'Iniziativa sulla neutralità con il 68 per cento.","https://thumb.wikimedia.org/wikipedia/commons/thumb/e/ea/CHE_Suchy_COA.svg/500px-CHE_Suchy_COA.svg.png"
5930,23.9,23.9,76.1,"Suscévaz (VD)","La popolazione di Suscévaz respinge l'Iniziativa sulla neutralità con il 76,1 per cento.","https://thumb.wikimedia.org/wikipedia/commons/thumb/0/0e/CHE_Susc%C3%A9vaz_COA.svg/500px-CHE_Susc%C3%A9vaz_COA.svg.png"
5931,38.7,38.7,61.3,"Treycovagnes (VD)","La popolazione di Treycovagnes respinge l'Iniziativa sulla neutralità con il 61,3 per cento.","https://thumb.wikimedia.org/wikipedia/commons/thumb/7/72/CHE_Treycovagnes_COA.svg/500px-CHE_Treycovagnes_COA.svg.png"
5932,17.3,17.3,82.7,"Ursins (VD)","A Ursins l'Iniziativa sulla neutralità è respinta con 81 contro 17 voti.","https://thumb.wikimedia.org/wikipedia/commons/thumb/5/50/CHE_Ursins_COA.svg/500px-CHE_Ursins_COA.svg.png"
5933,28.2,28.2,71.8,"Valeyres-sous-Montagny (VD)","Con il 71,8 per cento dei voti, l'Iniziativa sulla neutralità viene respinta a Valeyres-sous-Montagny.","https://thumb.wikimedia.org/wikipedia/commons/thumb/0/00/CHE_Valeyres-sous-Montagny_COA.svg/500px-CHE_Valeyres-sous-Montagny_COA.svg.png"
5934,35.1,35.1,64.9,"Valeyres-sous-Ursins (VD)","La popolazione di Valeyres-sous-Ursins respinge l'Iniziativa sulla neutralità con il 64,9 per cento.","https://thumb.wikimedia.org/wikipedia/commons/thumb/6/62/CHE_Valeyres-sous-Ursins_COA.svg/500px-CHE_Valeyres-sous-Ursins_COA.svg.png"
5935,42.6,42.6,57.4,"Villars-Epeney (VD)","A Villars-Epeney l'Iniziativa sulla neutralità è respinta con 27 contro 20 voti.","https://thumb.wikimedia.org/wikipedia/commons/thumb/e/e5/CHE_Villars-Epeney_COA.svg/500px-CHE_Villars-Epeney_COA.svg.png"
5937,50.9,50.9,49.1,"Vugelles-La Mothe (VD)","A Vugelles-La Mothe, l'Iniziativa sulla neutralità è approvata con 27 voti contro 26.","https://thumb.wikimedia.org/wikipedia/commons/thumb/3/38/CHE_Vugelles-La_Mothe_COA.svg/500px-CHE_Vugelles-La_Mothe_COA.svg.png"
5938,28.6,28.6,71.4,"Yverdon-les-Bains (VD)","Con il 71,4 per cento dei voti, l'Iniziativa sulla neutralità viene respinta a Yverdon-les-Bains.","https://thumb.wikimedia.org/wikipedia/commons/thumb/9/9c/CHE_Yverdon-les-Bains_VD_COA.svg/500px-CHE_Yverdon-les-Bains_VD_COA.svg.png"
5939,30.1,30.1,69.9,"Yvonand (VD)","Con il 69,9 per cento dei voti, Yvonand ha respinto l'Iniziativa sulla neutralità.","https://thumb.wikimedia.org/wikipedia/commons/thumb/5/55/CHE_Yvonand_COA.svg/500px-CHE_Yvonand_COA.svg.png"
6002,28.9,28.9,71.1,"Briga-Glis (VS)","A Briga-Glis l'Iniziativa sulla neutralità è stata respinta con il 71,1 per cento. Sia Briga-Glis che il cantone Vallese hanno bocciato l'Iniziativa sulla neutralità.","https://thumb.wikimedia.org/wikipedia/commons/thumb/e/ec/CHE_Brig-Glis_COA.svg/500px-CHE_Brig-Glis_COA.svg.png"
6004,36.4,36.4,63.6,"Eggerberg (VS)","La popolazione di Eggerberg respinge l'Iniziativa sulla neutralità con il 63,6 per cento. Sia Eggerberg che il cantone Vallese hanno bocciato l'Iniziativa sulla neutralità.","https://thumb.wikimedia.org/wikipedia/commons/thumb/0/08/CHE_Eggerberg_COA.svg/500px-CHE_Eggerberg_COA.svg.png"
6007,31,31,69,"Naters (VS)","La popolazione di Naters respinge l'Iniziativa sulla neutralità con il 69 per cento. Sia Naters che il cantone Vallese hanno bocciato l'Iniziativa sulla neutralità.","https://thumb.wikimedia.org/wikipedia/commons/thumb/c/c8/CHE_Naters_COA.svg/500px-CHE_Naters_COA.svg.png"
6008,30,30,70,"Ried-Brig (VS)","Con il 70 per cento dei voti, l'Iniziativa sulla neutralità viene respinta a Ried-Brig. Sia Ried-Brig che il cantone Vallese hanno bocciato l'Iniziativa sulla neutralità.","https://thumb.wikimedia.org/wikipedia/commons/thumb/0/03/CHE_Ried-Brig_COA.svg/500px-CHE_Ried-Brig_COA.svg.png"
6009,21.3,21.3,78.7,"Sempione (VS)","A Sempione l'Iniziativa sulla neutralità non ottiene la maggioranza: 78,7 per cento di no. Sia Sempione che il cantone Vallese hanno bocciato l'Iniziativa sulla neutralità.","https://thumb.wikimedia.org/wikipedia/commons/thumb/a/a7/CHE_Simplon_COA.svg/500px-CHE_Simplon_COA.svg.png"
6010,24.9,24.9,75.1,"Termen (VS)","A Termen, l'Iniziativa sulla neutralità è stata respinta con il 75,1 per cento. Sia Termen che il cantone Vallese hanno bocciato l'Iniziativa sulla neutralità.","https://thumb.wikimedia.org/wikipedia/commons/thumb/c/c4/CHE_Termen_COA.svg/500px-CHE_Termen_COA.svg.png"
6011,92,92,8,"Zwischbergen (VS)","A Zwischbergen, l'Iniziativa sulla neutralità è approvata con 23 voti contro 2. Zwischbergen dice sì all'Iniziativa sulla neutralità, il cantone Vallese dice no.","https://thumb.wikimedia.org/wikipedia/commons/thumb/4/43/CHE_Zwischbergen_COA.svg/500px-CHE_Zwischbergen_COA.svg.png"
6021,34.2,34.2,65.8,"Ardon (VS)","A Ardon, l'Iniziativa sulla neutralità è stata respinta con il 65,8 per cento. Sia Ardon che il cantone Vallese hanno bocciato l'Iniziativa sulla neutralità.","https://thumb.wikimedia.org/wikipedia/commons/thumb/a/ad/CHE_Ardon_COA.svg/500px-CHE_Ardon_COA.svg.png"
6022,36.3,36.3,63.7,"Chamoson (VS)","A Chamoson l'Iniziativa sulla neutralità è stata respinta con il 63,7 per cento. Sia Chamoson che il cantone Vallese hanno bocciato l'Iniziativa sulla neutralità.","https://thumb.wikimedia.org/wikipedia/commons/thumb/c/c4/CHE_Chamoson_COA.svg/500px-CHE_Chamoson_COA.svg.png"
6023,35.2,35.2,64.8,"Conthey (VS)","Con il 64,8 per cento dei voti, l'Iniziativa sulla neutralità viene respinta a Conthey. Sia Conthey che il cantone Vallese hanno bocciato l'Iniziativa sulla neutralità.","https://thumb.wikimedia.org/wikipedia/commons/thumb/3/31/CHE_Conthey_COA.svg/500px-CHE_Conthey_COA.svg.png"
6024,32.5,32.5,67.5,"Nendaz (VS)","A Nendaz l'Iniziativa sulla neutralità non ottiene la maggioranza: 67,5 per cento di no. Sia Nendaz che il cantone Vallese hanno bocciato l'Iniziativa sulla neutralità.","https://thumb.wikimedia.org/wikipedia/commons/thumb/f/f1/CHE_Nendaz_COA.svg/500px-CHE_Nendaz_COA.svg.png"
6025,33.8,33.8,66.2,"Vétroz (VS)","A Vétroz l'Iniziativa sulla neutralità è stata respinta con il 66,2 per cento. Sia Vétroz che il cantone Vallese hanno bocciato l'Iniziativa sulla neutralità.","https://thumb.wikimedia.org/wikipedia/commons/thumb/b/b4/CHE_V%C3%A9troz_COA.svg/500px-CHE_V%C3%A9troz_COA.svg.png"
6032,52,52,48,"Bourg-Saint-Pierre (VS)","A Bourg-Saint-Pierre, l'Iniziativa sulla neutralità è stata approvata con il 52 per cento. Bourg-Saint-Pierre dice sì all'Iniziativa sulla neutralità, il cantone Vallese dice no.","https://thumb.wikimedia.org/wikipedia/commons/thumb/2/23/CHE_Bourg-Saint-Pierre_COA.svg/500px-CHE_Bourg-Saint-Pierre_COA.svg.png"
6033,29.6,29.6,70.4,"Liddes (VS)","A Liddes, l'Iniziativa sulla neutralità è stata respinta con il 70,4 per cento. Sia Liddes che il cantone Vallese hanno bocciato l'Iniziativa sulla neutralità.","https://thumb.wikimedia.org/wikipedia/commons/thumb/c/c4/CHE_Liddes_COA.svg/500px-CHE_Liddes_COA.svg.png"
6034,33.3,33.3,66.7,"Orsières (VS)","A Orsières l'Iniziativa sulla neutralità è stata respinta con il 66,7 per cento. Sia Orsières che il cantone Vallese hanno bocciato l'Iniziativa sulla neutralità.","https://thumb.wikimedia.org/wikipedia/commons/thumb/1/1b/CHE_Orsi%C3%A8res_COA.svg/500px-CHE_Orsi%C3%A8res_COA.svg.png"
6035,34.2,34.2,65.8,"Sembrancher (VS)","A Sembrancher l'Iniziativa sulla neutralità non ottiene la maggioranza: 65,8 per cento di no. Sia Sembrancher che il cantone Vallese hanno bocciato l'Iniziativa sulla neutralità.","https://thumb.wikimedia.org/wikipedia/commons/thumb/a/a9/CHE_Sembrancher_COA.svg/500px-CHE_Sembrancher_COA.svg.png"
6037,27.1,27.1,72.9,"Val de Bagnes (VS)","Con il 72,9 per cento dei voti, l'Iniziativa sulla neutralità viene respinta a Val de Bagnes. Sia Val de Bagnes che il cantone Vallese hanno bocciato l'Iniziativa sulla neutralità.","https://thumb.wikimedia.org/wikipedia/commons/thumb/5/5d/CHE_Val_de_Bagnes_COA.svg/500px-CHE_Val_de_Bagnes_COA.svg.png"
6052,31.1,31.1,68.9,"Bellwald (VS)","Con il 68,9 per cento dei voti, l'Iniziativa sulla neutralità viene respinta a Bellwald. Sia Bellwald che il cantone Vallese hanno bocciato l'Iniziativa sulla neutralità.","https://thumb.wikimedia.org/wikipedia/commons/thumb/1/1c/CHE_Bellwald_COA.svg/500px-CHE_Bellwald_COA.svg.png"
6054,32.7,32.7,67.3,"Binn (VS)","A Binn, l'Iniziativa sulla neutralità è stata respinta con 37 contro 18 voti. Sia Binn che il cantone Vallese hanno bocciato l'Iniziativa sulla neutralità.","https://thumb.wikimedia.org/wikipedia/commons/thumb/8/8e/CHE_Binn_COA.svg/500px-CHE_Binn_COA.svg.png"
6056,36,36,64,"Ernen (VS)","A Ernen l'Iniziativa sulla neutralità non ottiene la maggioranza: 64 per cento di no. Sia Ernen che il cantone Vallese hanno bocciato l'Iniziativa sulla neutralità.","https://thumb.wikimedia.org/wikipedia/commons/thumb/9/90/CHE_Ernen_COA_alt.svg/500px-CHE_Ernen_COA_alt.svg.png"
6057,31.1,31.1,68.9,"Fiesch (VS)","A Fiesch l'Iniziativa sulla neutralità non ottiene la maggioranza: 68,9 per cento di no. Sia Fiesch che il cantone Vallese hanno bocciato l'Iniziativa sulla neutralità.","https://thumb.wikimedia.org/wikipedia/commons/thumb/3/39/CHE_Fiesch_COA.svg/500px-CHE_Fiesch_COA.svg.png"
6058,32.8,32.8,67.2,"Fieschertal (VS)","Con il 67,2 per cento dei voti, l'Iniziativa sulla neutralità viene respinta a Fieschertal. Sia Fieschertal che il cantone Vallese hanno bocciato l'Iniziativa sulla neutralità.","https://thumb.wikimedia.org/wikipedia/commons/thumb/c/c1/CHE_Fieschertal_COA.svg/500px-CHE_Fieschertal_COA.svg.png"
6061,20.2,20.2,79.8,"Lax (VS)","La popolazione di Lax respinge l'Iniziativa sulla neutralità con il 79,8 per cento. Sia Lax che il cantone Vallese hanno bocciato l'Iniziativa sulla neutralità.","https://thumb.wikimedia.org/wikipedia/commons/thumb/0/03/CHE_Lax_COA.svg/500px-CHE_Lax_COA.svg.png"
6076,35.9,35.9,64.1,"Obergoms (VS)","A Obergoms, l'Iniziativa sulla neutralità è stata respinta con il 64,1 per cento. Sia Obergoms che il cantone Vallese hanno bocciato l'Iniziativa sulla neutralità.","https://thumb.wikimedia.org/wikipedia/commons/thumb/e/e2/CHE_Obergoms_COA.svg/500px-CHE_Obergoms_COA.svg.png"
6077,25.7,25.7,74.3,"Goms (VS)","La popolazione di Goms respinge l'Iniziativa sulla neutralità con il 74,3 per cento. Sia Goms che il cantone Vallese hanno bocciato l'Iniziativa sulla neutralità.","https://thumb.wikimedia.org/wikipedia/commons/thumb/a/aa/CHE_Goms_COA.svg/500px-CHE_Goms_COA.svg.png"
6082,26.6,26.6,73.4,"Ayent (VS)","La popolazione di Ayent respinge l'Iniziativa sulla neutralità con il 73,4 per cento. Sia Ayent che il cantone Vallese hanno bocciato l'Iniziativa sulla neutralità.","https://thumb.wikimedia.org/wikipedia/commons/thumb/1/16/CHE_Ayent_COA.svg/500px-CHE_Ayent_COA.svg.png"
6083,42.4,42.4,57.6,"Evolène (VS)","Con il 57,6 per cento dei voti, Evolène ha respinto l'Iniziativa sulla neutralità. Sia Evolène che il cantone Vallese hanno bocciato l'Iniziativa sulla neutralità.","https://thumb.wikimedia.org/wikipedia/commons/thumb/5/5c/CHE_Evol%C3%A8ne_COA.svg/500px-CHE_Evol%C3%A8ne_COA.svg.png"
6084,39.8,39.8,60.2,"Hérémence (VS)","La popolazione di Hérémence respinge l'Iniziativa sulla neutralità con il 60,2 per cento. Sia Hérémence che il cantone Vallese hanno bocciato l'Iniziativa sulla neutralità.","https://thumb.wikimedia.org/wikipedia/commons/thumb/6/61/H%C3%A9r%C3%A9mence-blazon.svg/250px-H%C3%A9r%C3%A9mence-blazon.svg.png"
6087,29.9,29.9,70.1,"Saint-Martin (VS)","La popolazione di Saint-Martin VS respinge l'Iniziativa sulla neutralità con il 70,1 per cento. Sia Saint-Martin VS che il cantone Vallese hanno bocciato l'Iniziativa sulla neutralità.","https://thumb.wikimedia.org/wikipedia/commons/thumb/4/4a/CHE_Saint-Martin_COA.svg/500px-CHE_Saint-Martin_COA.svg.png"
6089,36.4,36.4,63.6,"Vex (VS)","La popolazione di Vex respinge l'Iniziativa sulla neutralità con il 63,6 per cento. Sia Vex che il cantone Vallese hanno bocciato l'Iniziativa sulla neutralità.","https://thumb.wikimedia.org/wikipedia/commons/thumb/c/ca/Vex-blazon.svg/250px-Vex-blazon.svg.png"
6090,30.6,30.6,69.4,"Mont-Noble (VS)","A Mont-Noble, l'Iniziativa sulla neutralità è stata respinta con il 69,4 per cento. Sia Mont-Noble che il cantone Vallese hanno bocciato l'Iniziativa sulla neutralità.","https://thumb.wikimedia.org/wikipedia/commons/thumb/d/d4/CHE_Mont-Noble_COA.svg/500px-CHE_Mont-Noble_COA.svg.png"
6101,43.6,43.6,56.4,"Agarn (VS)","Con il 56,4 per cento dei voti, l'Iniziativa sulla neutralità viene respinta a Agarn. Sia Agarn che il cantone Vallese hanno bocciato l'Iniziativa sulla neutralità.","https://thumb.wikimedia.org/wikipedia/commons/thumb/2/24/CHE_Agarn_COA.svg/500px-CHE_Agarn_COA.svg.png"
6102,33,33,67,"Albinen (VS)","La popolazione di Albinen respinge l'Iniziativa sulla neutralità con il 67 per cento. Sia Albinen che il cantone Vallese hanno bocciato l'Iniziativa sulla neutralità.","https://thumb.wikimedia.org/wikipedia/commons/thumb/7/74/CHE_Albinen_COA_alt.svg/500px-CHE_Albinen_COA_alt.svg.png"
6104,48.6,48.6,51.4,"Ergisch (VS)","Con il 51,4 per cento dei voti, l'Iniziativa sulla neutralità viene respinta a Ergisch. Sia Ergisch che il cantone Vallese hanno bocciato l'Iniziativa sulla neutralità.","https://thumb.wikimedia.org/wikipedia/commons/thumb/e/e2/CHE_Ergisch_COA.svg/500px-CHE_Ergisch_COA.svg.png"
6109,27.5,27.5,72.5,"Inden (VS)","A Inden, l'Iniziativa sulla neutralità è stata respinta con 29 contro 11 voti. Sia Inden che il cantone Vallese hanno bocciato l'Iniziativa sulla neutralità.","https://thumb.wikimedia.org/wikipedia/commons/thumb/f/fb/CHE_Inden_COA.svg/500px-CHE_Inden_COA.svg.png"
6110,33,33,67,"Loèche (VS)","Con il 67 per cento dei voti, Loèche ha respinto l'Iniziativa sulla neutralità. Sia Loèche che il cantone Vallese hanno bocciato l'Iniziativa sulla neutralità.","https://thumb.wikimedia.org/wikipedia/commons/thumb/d/d3/CHE_Leuk_COA.svg/500px-CHE_Leuk_COA.svg.png"
6111,35.7,35.7,64.3,"Loèche-les-Bains (VS)","Con il 64,3 per cento dei voti, Loèche-les-Bains ha respinto l'Iniziativa sulla neutralità. Sia Loèche-les-Bains che il cantone Vallese hanno bocciato l'Iniziativa sulla neutralità.","https://thumb.wikimedia.org/wikipedia/commons/thumb/8/86/CHE_Leukerbad_COA.svg/500px-CHE_Leukerbad_COA.svg.png"
6112,39.3,39.3,60.7,"Oberems (VS)","A Oberems, l'Iniziativa sulla neutralità è stata respinta con 34 contro 22 voti. Sia Oberems che il cantone Vallese hanno bocciato l'Iniziativa sulla neutralità.","https://thumb.wikimedia.org/wikipedia/commons/thumb/f/f1/CHE_Oberems_COA.svg/500px-CHE_Oberems_COA.svg.png"
6113,37.9,37.9,62.1,"Salquenen (VS)","La popolazione di Salquenen respinge l'Iniziativa sulla neutralità con il 62,1 per cento. Sia Salquenen che il cantone Vallese hanno bocciato l'Iniziativa sulla neutralità.","https://thumb.wikimedia.org/wikipedia/commons/thumb/4/42/CHE_Salgesch_COA.svg/500px-CHE_Salgesch_COA.svg.png"
6116,32,32,68,"Varone (VS)","La popolazione di Varone respinge l'Iniziativa sulla neutralità con il 68 per cento. Sia Varone che il cantone Vallese hanno bocciato l'Iniziativa sulla neutralità.","https://thumb.wikimedia.org/wikipedia/commons/thumb/3/3d/CHE_Varen_COA.svg/500px-CHE_Varen_COA.svg.png"
6117,42.4,42.4,57.6,"Guttet-Feschel (VS)","A Guttet-Feschel, l'Iniziativa sulla neutralità è stata respinta con il 57,6 per cento. Sia Guttet-Feschel che il cantone Vallese hanno bocciato l'Iniziativa sulla neutralità.","https://thumb.wikimedia.org/wikipedia/commons/thumb/4/4f/GuttetFeschel-blazon.svg/250px-GuttetFeschel-blazon.svg.png"
6118,36.6,36.6,63.4,"Gampel-Bratsch (VS)","Con il 63,4 per cento dei voti, l'Iniziativa sulla neutralità viene respinta a Gampel-Bratsch. Sia Gampel-Bratsch che il cantone Vallese hanno bocciato l'Iniziativa sulla neutralità.","https://thumb.wikimedia.org/wikipedia/commons/thumb/3/39/CHE_Gampel-Bratsch_COA.svg/500px-CHE_Gampel-Bratsch_COA.svg.png"
6119,38.2,38.2,61.8,"Turtmann-Unterems (VS)","Con il 61,8 per cento dei voti, l'Iniziativa sulla neutralità viene respinta a Turtmann-Unterems. Sia Turtmann-Unterems che il cantone Vallese hanno bocciato l'Iniziativa sulla neutralità.","https://thumb.wikimedia.org/wikipedia/commons/thumb/a/a3/Wappen_Wallis_matt.svg/500px-Wappen_Wallis_matt.svg.png"
6131,32.2,32.2,67.8,"Bovernier (VS)","A Bovernier l'Iniziativa sulla neutralità è stata respinta con il 67,8 per cento. Sia Bovernier che il cantone Vallese hanno bocciato l'Iniziativa sulla neutralità.","https://thumb.wikimedia.org/wikipedia/commons/thumb/0/0a/CHE_Bovernier_COA.svg/500px-CHE_Bovernier_COA.svg.png"
6133,33.2,33.2,66.8,"Fully (VS)","La popolazione di Fully respinge l'Iniziativa sulla neutralità con il 66,8 per cento. Sia Fully che il cantone Vallese hanno bocciato l'Iniziativa sulla neutralità.","https://thumb.wikimedia.org/wikipedia/commons/thumb/8/8d/CHE_Fully_COA.svg/500px-CHE_Fully_COA.svg.png"
6134,44.7,44.7,55.3,"Isérables (VS)","Con il 55,3 per cento dei voti, Isérables ha respinto l'Iniziativa sulla neutralità. Sia Isérables che il cantone Vallese hanno bocciato l'Iniziativa sulla neutralità.","https://thumb.wikimedia.org/wikipedia/commons/thumb/1/12/CHE_Is%C3%A9rables_COA.svg/500px-CHE_Is%C3%A9rables_COA.svg.png"
6135,39.7,39.7,60.3,"Leytron (VS)","Con il 60,3 per cento dei voti, Leytron ha respinto l'Iniziativa sulla neutralità. Sia Leytron che il cantone Vallese hanno bocciato l'Iniziativa sulla neutralità.","https://thumb.wikimedia.org/wikipedia/commons/thumb/c/ca/CHE_Leytron_COA.svg/500px-CHE_Leytron_COA.svg.png"
6136,30.9,30.9,69.1,"Martigny (VS)","Con il 69,1 per cento dei voti, Martigny ha respinto l'Iniziativa sulla neutralità. Sia Martigny che il cantone Vallese hanno bocciato l'Iniziativa sulla neutralità.","https://thumb.wikimedia.org/wikipedia/commons/thumb/f/f1/CHE_Martigny_COA.svg/500px-CHE_Martigny_COA.svg.png"
6137,29.6,29.6,70.4,"Martigny-Combe (VS)","La popolazione di Martigny-Combe respinge l'Iniziativa sulla neutralità con il 70,4 per cento. Sia Martigny-Combe che il cantone Vallese hanno bocciato l'Iniziativa sulla neutralità.","https://thumb.wikimedia.org/wikipedia/commons/thumb/9/91/CHE_Martigny-Combe_COA.svg/500px-CHE_Martigny-Combe_COA.svg.png"
6139,37,37,63,"Riddes (VS)","Con il 63 per cento dei voti, l'Iniziativa sulla neutralità viene respinta a Riddes. Sia Riddes che il cantone Vallese hanno bocciato l'Iniziativa sulla neutralità.","https://thumb.wikimedia.org/wikipedia/commons/thumb/9/9f/CHE_Riddes_COA.svg/500px-CHE_Riddes_COA.svg.png"
6140,36.7,36.7,63.3,"Saillon (VS)","Con il 63,3 per cento dei voti, Saillon ha respinto l'Iniziativa sulla neutralità. Sia Saillon che il cantone Vallese hanno bocciato l'Iniziativa sulla neutralità.","https://thumb.wikimedia.org/wikipedia/commons/thumb/9/90/CHE_Saillon_COA.svg/500px-CHE_Saillon_COA.svg.png"
6141,46.5,46.5,53.5,"Saxon (VS)","La popolazione di Saxon respinge l'Iniziativa sulla neutralità con il 53,5 per cento. Sia Saxon che il cantone Vallese hanno bocciato l'Iniziativa sulla neutralità.","https://thumb.wikimedia.org/wikipedia/commons/thumb/6/62/CHE_Saxon_COA.svg/500px-CHE_Saxon_COA.svg.png"
6142,37.7,37.7,62.3,"Trient (VS)","A Trient l'Iniziativa sulla neutralità è respinta con 43 contro 26 voti. Sia Trient che il cantone Vallese hanno bocciato l'Iniziativa sulla neutralità.","https://thumb.wikimedia.org/wikipedia/commons/thumb/9/96/CHE_Trient_COA.svg/500px-CHE_Trient_COA.svg.png"
6151,32.7,32.7,67.3,"Champéry (VS)","La popolazione di Champéry respinge l'Iniziativa sulla neutralità con il 67,3 per cento. Sia Champéry che il cantone Vallese hanno bocciato l'Iniziativa sulla neutralità.","https://thumb.wikimedia.org/wikipedia/commons/thumb/6/69/CHE_Champ%C3%A9ry_COA.svg/500px-CHE_Champ%C3%A9ry_COA.svg.png"
6152,33.7,33.7,66.3,"Collombey-Muraz (VS)","Con il 66,3 per cento dei voti, Collombey-Muraz ha respinto l'Iniziativa sulla neutralità. Sia Collombey-Muraz che il cantone Vallese hanno bocciato l'Iniziativa sulla neutralità.","https://thumb.wikimedia.org/wikipedia/commons/thumb/a/aa/CHE_Collombey-Muraz_COA.svg/500px-CHE_Collombey-Muraz_COA.svg.png"
6153,34.1,34.1,65.9,"Monthey (VS)","A Monthey l'Iniziativa sulla neutralità non ottiene la maggioranza: 65,9 per cento di no. Sia Monthey che il cantone Vallese hanno bocciato l'Iniziativa sulla neutralità.","https://thumb.wikimedia.org/wikipedia/commons/thumb/0/04/CHE_Monthey_COA.svg/500px-CHE_Monthey_COA.svg.png"
6154,34.9,34.9,65.1,"Port-Valais (VS)","La popolazione di Port-Valais respinge l'Iniziativa sulla neutralità con il 65,1 per cento. Sia Port-Valais che il cantone Vallese hanno bocciato l'Iniziativa sulla neutralità.","https://thumb.wikimedia.org/wikipedia/commons/thumb/9/93/Port-Valais_Coat_of_Arms.svg/330px-Port-Valais_Coat_of_Arms.svg.png"
6155,37.4,37.4,62.6,"Saint-Gingolph (VS)","A Saint-Gingolph l'Iniziativa sulla neutralità non ottiene la maggioranza: 62,6 per cento di no. Sia Saint-Gingolph che il cantone Vallese hanno bocciato l'Iniziativa sulla neutralità.","https://thumb.wikimedia.org/wikipedia/commons/thumb/d/dc/CHE_Saint-Gingolph_COA.svg/500px-CHE_Saint-Gingolph_COA.svg.png"
6156,38.5,38.5,61.5,"Troistorrents (VS)","A Troistorrents, l'Iniziativa sulla neutralità è stata respinta con il 61,5 per cento. Sia Troistorrents che il cantone Vallese hanno bocciato l'Iniziativa sulla neutralità.","https://thumb.wikimedia.org/wikipedia/commons/thumb/2/22/CHE_Troistorrents_COA.svg/500px-CHE_Troistorrents_COA.svg.png"
6157,45,45,55,"Val-d'Illiez (VS)","La popolazione di Val-d'Illiez respinge l'Iniziativa sulla neutralità con il 55 per cento. Sia Val-d'Illiez che il cantone Vallese hanno bocciato l'Iniziativa sulla neutralità.","https://thumb.wikimedia.org/wikipedia/commons/thumb/a/ae/CHE_Val-d%27Illiez_COA.svg/500px-CHE_Val-d%27Illiez_COA.svg.png"
6158,34.4,34.4,65.6,"Vionnaz (VS)","La popolazione di Vionnaz respinge l'Iniziativa sulla neutralità con il 65,6 per cento. Sia Vionnaz che il cantone Vallese hanno bocciato l'Iniziativa sulla neutralità.","https://thumb.wikimedia.org/wikipedia/commons/thumb/5/58/CHE_Vionnaz_COA.svg/500px-CHE_Vionnaz_COA.svg.png"
6159,31.7,31.7,68.3,"Vouvry (VS)","La popolazione di Vouvry respinge l'Iniziativa sulla neutralità con il 68,3 per cento. Sia Vouvry che il cantone Vallese hanno bocciato l'Iniziativa sulla neutralità.","https://thumb.wikimedia.org/wikipedia/commons/thumb/1/18/CHE_Vouvry_COA.svg/500px-CHE_Vouvry_COA.svg.png"
6172,16.7,16.7,83.3,"Bister (VS)","A Bister, l'Iniziativa sulla neutralità è stata respinta con 10 contro 2 voti. Sia Bister che il cantone Vallese hanno bocciato l'Iniziativa sulla neutralità.","https://thumb.wikimedia.org/wikipedia/commons/thumb/6/60/CHE_Bister_COA.svg/500px-CHE_Bister_COA.svg.png"
6173,40,40,60,"Bitsch (VS)","La popolazione di Bitsch respinge l'Iniziativa sulla neutralità con il 60 per cento. Sia Bitsch che il cantone Vallese hanno bocciato l'Iniziativa sulla neutralità.","https://thumb.wikimedia.org/wikipedia/commons/thumb/4/41/CHE_Bitsch_COA.svg/500px-CHE_Bitsch_COA.svg.png"
6177,36.7,36.7,63.3,"Grengiols (VS)","La popolazione di Grengiols respinge l'Iniziativa sulla neutralità con il 63,3 per cento. Sia Grengiols che il cantone Vallese hanno bocciato l'Iniziativa sulla neutralità.","https://thumb.wikimedia.org/wikipedia/commons/thumb/6/68/CHE_Grengiols_COA.svg/500px-CHE_Grengiols_COA.svg.png"
6181,30.6,30.6,69.4,"Riederalp (VS)","Con il 69,4 per cento dei voti, l'Iniziativa sulla neutralità viene respinta a Riederalp. Sia Riederalp che il cantone Vallese hanno bocciato l'Iniziativa sulla neutralità.","https://thumb.wikimedia.org/wikipedia/commons/thumb/7/75/CHE_Riederalp_COA.svg/500px-CHE_Riederalp_COA.svg.png"
6191,34,34,66,"Ausserberg (VS)","A Ausserberg l'Iniziativa sulla neutralità non ottiene la maggioranza: 66 per cento di no. Sia Ausserberg che il cantone Vallese hanno bocciato l'Iniziativa sulla neutralità.","https://thumb.wikimedia.org/wikipedia/commons/thumb/a/ab/CHE_Ausserberg_COA.svg/500px-CHE_Ausserberg_COA.svg.png"
6192,32,32,68,"Blatten (VS)","Con il 68 per cento dei voti, l'Iniziativa sulla neutralità viene respinta a Blatten. Sia Blatten che il cantone Vallese hanno bocciato l'Iniziativa sulla neutralità.","https://thumb.wikimedia.org/wikipedia/commons/thumb/0/0d/CHE_Blatten_COA.svg/500px-CHE_Blatten_COA.svg.png"
6193,26.6,26.6,73.4,"Bürchen (VS)","Con il 73,4 per cento dei voti, l'Iniziativa sulla neutralità viene respinta a Bürchen. Sia Bürchen che il cantone Vallese hanno bocciato l'Iniziativa sulla neutralità.","https://thumb.wikimedia.org/wikipedia/commons/thumb/5/50/CHE_B%C3%BCrchen_COA_alt.svg/500px-CHE_B%C3%BCrchen_COA_alt.svg.png"
6194,37,37,63,"Eischoll (VS)","A Eischoll l'Iniziativa sulla neutralità non ottiene la maggioranza: 63 per cento di no. Sia Eischoll che il cantone Vallese hanno bocciato l'Iniziativa sulla neutralità.","https://thumb.wikimedia.org/wikipedia/commons/thumb/3/37/CHE_Eischoll_COA.svg/500px-CHE_Eischoll_COA.svg.png"
6195,20.6,20.6,79.4,"Ferden (VS)","La popolazione di Ferden respinge l'Iniziativa sulla neutralità con il 79,4 per cento. Sia Ferden che il cantone Vallese hanno bocciato l'Iniziativa sulla neutralità.","https://thumb.wikimedia.org/wikipedia/commons/thumb/8/83/CHE_Ferden_COA.svg/500px-CHE_Ferden_COA.svg.png"
6197,16.4,16.4,83.6,"Kippel (VS)","A Kippel l'Iniziativa sulla neutralità non ottiene la maggioranza: 83,6 per cento di no. Sia Kippel che il cantone Vallese hanno bocciato l'Iniziativa sulla neutralità.","https://thumb.wikimedia.org/wikipedia/commons/thumb/0/00/CHE_Kippel_COA.svg/500px-CHE_Kippel_COA.svg.png"
6198,31.6,31.6,68.4,"Niedergesteln (VS)","La popolazione di Niedergesteln respinge l'Iniziativa sulla neutralità con il 68,4 per cento. Sia Niedergesteln che il cantone Vallese hanno bocciato l'Iniziativa sulla neutralità.","https://thumb.wikimedia.org/wikipedia/commons/thumb/e/ee/CHE_Niedergesteln_COA.svg/500px-CHE_Niedergesteln_COA.svg.png"
6199,32.4,32.4,67.6,"Rarogne (VS)","A Rarogne, l'Iniziativa sulla neutralità è stata respinta con il 67,6 per cento. Sia Rarogne che il cantone Vallese hanno bocciato l'Iniziativa sulla neutralità.","https://thumb.wikimedia.org/wikipedia/commons/thumb/c/c5/CHE_Raron_COA.svg/500px-CHE_Raron_COA.svg.png"
6201,26.8,26.8,73.2,"Unterbäch (VS)","La popolazione di Unterbäch respinge l'Iniziativa sulla neutralità con il 73,2 per cento. Sia Unterbäch che il cantone Vallese hanno bocciato l'Iniziativa sulla neutralità.","https://thumb.wikimedia.org/wikipedia/commons/thumb/1/1d/CHE_Unterb%C3%A4ch_COA_alt.svg/500px-CHE_Unterb%C3%A4ch_COA_alt.svg.png"
6202,30.7,30.7,69.3,"Wiler (Lötschen) (VS)","La popolazione di Wiler (Lötschen) respinge l'Iniziativa sulla neutralità con il 69,3 per cento. Sia Wiler (Lötschen) che il cantone Vallese hanno bocciato l'Iniziativa sulla neutralità.","https://thumb.wikimedia.org/wikipedia/commons/thumb/d/da/CHE_Wiler_COA.svg/500px-CHE_Wiler_COA.svg.png"
6203,25.5,25.5,74.5,"Mörel-Filet (VS)","La popolazione di Mörel-Filet respinge l'Iniziativa sulla neutralità con il 74,5 per cento. Sia Mörel-Filet che il cantone Vallese hanno bocciato l'Iniziativa sulla neutralità.","https://thumb.wikimedia.org/wikipedia/commons/thumb/a/aa/CHE_Moerel-Filet_COA.svg/500px-CHE_Moerel-Filet_COA.svg.png"
6204,35.4,35.4,64.6,"Steg-Hohtenn (VS)","Con il 64,6 per cento dei voti, Steg-Hohtenn ha respinto l'Iniziativa sulla neutralità. Sia Steg-Hohtenn che il cantone Vallese hanno bocciato l'Iniziativa sulla neutralità.","https://thumb.wikimedia.org/wikipedia/commons/thumb/e/e7/CHE_Steg-Hohtenn_COA.svg/500px-CHE_Steg-Hohtenn_COA.svg.png"
6205,26,26,74,"Bettmeralp (VS)","Con il 74 per cento dei voti, l'Iniziativa sulla neutralità viene respinta a Bettmeralp. Sia Bettmeralp che il cantone Vallese hanno bocciato l'Iniziativa sulla neutralità.","https://thumb.wikimedia.org/wikipedia/commons/thumb/1/17/CHE_Betten_COA.svg/500px-CHE_Betten_COA.svg.png"
6211,30.4,30.4,69.6,"Collonges (VS)","Con il 69,6 per cento dei voti, l'Iniziativa sulla neutralità viene respinta a Collonges. Sia Collonges che il cantone Vallese hanno bocciato l'Iniziativa sulla neutralità.","https://thumb.wikimedia.org/wikipedia/commons/thumb/7/72/CHE_Collonges_COA.svg/500px-CHE_Collonges_COA.svg.png"
6212,41.2,41.2,58.8,"Dorénaz (VS)","A Dorénaz l'Iniziativa sulla neutralità è stata respinta con il 58,8 per cento. Sia Dorénaz che il cantone Vallese hanno bocciato l'Iniziativa sulla neutralità.","https://thumb.wikimedia.org/wikipedia/commons/thumb/9/94/Dor%C3%A9naz-blazon.svg/250px-Dor%C3%A9naz-blazon.svg.png"
6213,45.5,45.5,54.5,"Evionnaz (VS)","A Evionnaz l'Iniziativa sulla neutralità non ottiene la maggioranza: 54,5 per cento di no. Sia Evionnaz che il cantone Vallese hanno bocciato l'Iniziativa sulla neutralità.","https://thumb.wikimedia.org/wikipedia/commons/thumb/1/1b/CHE_Evionnaz_COA.svg/500px-CHE_Evionnaz_COA.svg.png"
6214,31.5,31.5,68.5,"Finhaut (VS)","Con il 68,5 per cento dei voti, l'Iniziativa sulla neutralità viene respinta a Finhaut. Sia Finhaut che il cantone Vallese hanno bocciato l'Iniziativa sulla neutralità.","https://thumb.wikimedia.org/wikipedia/commons/thumb/6/64/CHE_Finhaut_COA.svg/500px-CHE_Finhaut_COA.svg.png"
6215,34.2,34.2,65.8,"Massongex (VS)","A Massongex, l'Iniziativa sulla neutralità è stata respinta con il 65,8 per cento. Sia Massongex che il cantone Vallese hanno bocciato l'Iniziativa sulla neutralità.","https://thumb.wikimedia.org/wikipedia/commons/thumb/9/9e/CHE_Massongex_COA.svg/500px-CHE_Massongex_COA.svg.png"
6217,31.3,31.3,68.7,"Saint-Maurice (VS)","A Saint-Maurice l'Iniziativa sulla neutralità non ottiene la maggioranza: 68,7 per cento di no. Sia Saint-Maurice che il cantone Vallese hanno bocciato l'Iniziativa sulla neutralità.","https://thumb.wikimedia.org/wikipedia/commons/thumb/6/62/CHE_St_Maurice_COA.svg/500px-CHE_St_Maurice_COA.svg.png"
6218,23.5,23.5,76.5,"Salvan (VS)","Con il 76,5 per cento dei voti, l'Iniziativa sulla neutralità viene respinta a Salvan. Sia Salvan che il cantone Vallese hanno bocciato l'Iniziativa sulla neutralità.","https://thumb.wikimedia.org/wikipedia/commons/thumb/f/fd/Salvan-blazon.svg/250px-Salvan-blazon.svg.png"
6219,32.1,32.1,67.9,"Vernayaz (VS)","A Vernayaz l'Iniziativa sulla neutralità non ottiene la maggioranza: 67,9 per cento di no. Sia Vernayaz che il cantone Vallese hanno bocciato l'Iniziativa sulla neutralità.","https://thumb.wikimedia.org/wikipedia/commons/thumb/d/da/Vernayaz-blazon.svg/250px-Vernayaz-blazon.svg.png"
6220,35,35,65,"Vérossaz (VS)","A Vérossaz l'Iniziativa sulla neutralità è stata respinta con il 65 per cento. Sia Vérossaz che il cantone Vallese hanno bocciato l'Iniziativa sulla neutralità.","https://thumb.wikimedia.org/wikipedia/commons/thumb/9/9c/V%C3%A9rossaz-blazon.svg/250px-V%C3%A9rossaz-blazon.svg.png"
6232,31.7,31.7,68.3,"Chalais (VS)","La popolazione di Chalais respinge l'Iniziativa sulla neutralità con il 68,3 per cento. Sia Chalais che il cantone Vallese hanno bocciato l'Iniziativa sulla neutralità.","https://thumb.wikimedia.org/wikipedia/commons/thumb/1/15/CHE_Chalais_COA.svg/500px-CHE_Chalais_COA.svg.png"
6235,33.6,33.6,66.4,"Chippis (VS)","A Chippis, l'Iniziativa sulla neutralità è stata respinta con il 66,4 per cento. Sia Chippis che il cantone Vallese hanno bocciato l'Iniziativa sulla neutralità.","https://thumb.wikimedia.org/wikipedia/commons/thumb/b/b8/CHE_Chippis_COA.svg/500px-CHE_Chippis_COA.svg.png"
6238,33.7,33.7,66.3,"Grône (VS)","La popolazione di Grône respinge l'Iniziativa sulla neutralità con il 66,3 per cento. Sia Grône che il cantone Vallese hanno bocciato l'Iniziativa sulla neutralità.","https://thumb.wikimedia.org/wikipedia/commons/thumb/6/6c/CHE_Gr%C3%B4ne_COA.svg/500px-CHE_Gr%C3%B4ne_COA.svg.png"
6239,30.7,30.7,69.3,"Icogne (VS)","Con il 69,3 per cento dei voti, Icogne ha respinto l'Iniziativa sulla neutralità. Sia Icogne che il cantone Vallese hanno bocciato l'Iniziativa sulla neutralità.","https://thumb.wikimedia.org/wikipedia/commons/thumb/f/f9/CHE_Icogne_COA.svg/500px-CHE_Icogne_COA.svg.png"
6240,34.4,34.4,65.6,"Lens (VS)","Con il 65,6 per cento dei voti, Lens ha respinto l'Iniziativa sulla neutralità. Sia Lens che il cantone Vallese hanno bocciato l'Iniziativa sulla neutralità.","https://thumb.wikimedia.org/wikipedia/commons/thumb/0/0a/CHE_Lens_COA.svg/500px-CHE_Lens_COA.svg.png"
6246,32.2,32.2,67.8,"Saint-Léonard (VS)","La popolazione di Saint-Léonard respinge l'Iniziativa sulla neutralità con il 67,8 per cento. Sia Saint-Léonard che il cantone Vallese hanno bocciato l'Iniziativa sulla neutralità.","https://thumb.wikimedia.org/wikipedia/commons/thumb/a/a0/CHE_Saint-L%C3%A9onard_COA.svg/500px-CHE_Saint-L%C3%A9onard_COA.svg.png"
6248,32.2,32.2,67.8,"Sierre (VS)","A Sierre l'Iniziativa sulla neutralità è stata respinta con il 67,8 per cento. Sia Sierre che il cantone Vallese hanno bocciato l'Iniziativa sulla neutralità.","https://thumb.wikimedia.org/wikipedia/commons/thumb/1/18/CHE_Sierre_COA.svg/500px-CHE_Sierre_COA.svg.png"
6252,27.2,27.2,72.8,"Anniviers (VS)","Con il 72,8 per cento dei voti, l'Iniziativa sulla neutralità viene respinta a Anniviers. Sia Anniviers che il cantone Vallese hanno bocciato l'Iniziativa sulla neutralità.","https://thumb.wikimedia.org/wikipedia/commons/thumb/7/71/CHE_Anniviers_COA.svg/500px-CHE_Anniviers_COA.svg.png"
6253,37.8,37.8,62.2,"Crans-Montana (VS)","A Crans-Montana l'Iniziativa sulla neutralità è stata respinta con il 62,2 per cento. Sia Crans-Montana che il cantone Vallese hanno bocciato l'Iniziativa sulla neutralità.","https://thumb.wikimedia.org/wikipedia/commons/thumb/9/94/CHE_Crans-Montana_COA.svg/500px-CHE_Crans-Montana_COA.svg.png"
6254,30.2,30.2,69.8,"Noble-Contrée (VS)","La popolazione di Noble-Contrée respinge l'Iniziativa sulla neutralità con il 69,8 per cento. Sia Noble-Contrée che il cantone Vallese hanno bocciato l'Iniziativa sulla neutralità.","https://thumb.wikimedia.org/wikipedia/commons/thumb/9/98/CHE_Noble-Contr%C3%A9e_COA_alt.svg/500px-CHE_Noble-Contr%C3%A9e_COA_alt.svg.png"
6261,38.4,38.4,61.6,"Arbaz (VS)","A Arbaz l'Iniziativa sulla neutralità è stata respinta con il 61,6 per cento. Sia Arbaz che il cantone Vallese hanno bocciato l'Iniziativa sulla neutralità.","https://thumb.wikimedia.org/wikipedia/commons/thumb/0/0a/CHE_Arbaz_COA.svg/500px-CHE_Arbaz_COA.svg.png"
6263,30.6,30.6,69.4,"Grimisuat (VS)","Con il 69,4 per cento dei voti, l'Iniziativa sulla neutralità viene respinta a Grimisuat. Sia Grimisuat che il cantone Vallese hanno bocciato l'Iniziativa sulla neutralità.","https://thumb.wikimedia.org/wikipedia/commons/thumb/f/f2/Grimisuat-blazon.svg/250px-Grimisuat-blazon.svg.png"
6265,33.2,33.2,66.8,"Savièse (VS)","A Savièse, l'Iniziativa sulla neutralità è stata respinta con il 66,8 per cento. Sia Savièse che il cantone Vallese hanno bocciato l'Iniziativa sulla neutralità.","https://thumb.wikimedia.org/wikipedia/commons/thumb/3/34/CHE_Savi%C3%A8se_COA.svg/500px-CHE_Savi%C3%A8se_COA.svg.png"
6266,28.9,28.9,71.1,"Sion (VS)","Con il 71,1 per cento dei voti, l'Iniziativa sulla neutralità viene respinta a Sion. Sia Sion che il cantone Vallese hanno bocciato l'Iniziativa sulla neutralità.","https://thumb.wikimedia.org/wikipedia/commons/thumb/d/d7/CHE_Sion_COA.svg/500px-CHE_Sion_COA.svg.png"
6267,34.3,34.3,65.7,"Veysonnaz (VS)","A Veysonnaz l'Iniziativa sulla neutralità è stata respinta con il 65,7 per cento. Sia Veysonnaz che il cantone Vallese hanno bocciato l'Iniziativa sulla neutralità.","https://thumb.wikimedia.org/wikipedia/commons/thumb/2/28/CHE_Veysonnaz_COA.svg/500px-CHE_Veysonnaz_COA.svg.png"
6281,27.7,27.7,72.3,"Baltschieder (VS)","Con il 72,3 per cento dei voti, Baltschieder ha respinto l'Iniziativa sulla neutralità. Sia Baltschieder che il cantone Vallese hanno bocciato l'Iniziativa sulla neutralità.","https://thumb.wikimedia.org/wikipedia/commons/thumb/0/0d/CHE_Baltschieder_COA.svg/500px-CHE_Baltschieder_COA.svg.png"
6282,48.8,48.8,51.2,"Eisten (VS)","A Eisten, l'Iniziativa sulla neutralità è stata respinta con 42 contro 40 voti. Sia Eisten che il cantone Vallese hanno bocciato l'Iniziativa sulla neutralità.","https://thumb.wikimedia.org/wikipedia/commons/thumb/1/16/CHE_Eisten_COA.svg/500px-CHE_Eisten_COA.svg.png"
6283,33.8,33.8,66.2,"Embd (VS)","A Embd l'Iniziativa sulla neutralità è respinta con 51 contro 26 voti. Sia Embd che il cantone Vallese hanno bocciato l'Iniziativa sulla neutralità.","https://thumb.wikimedia.org/wikipedia/commons/thumb/1/10/CHE_Embd_COA.svg/500px-CHE_Embd_COA.svg.png"
6285,40.6,40.6,59.4,"Grächen (VS)","A Grächen l'Iniziativa sulla neutralità non ottiene la maggioranza: 59,4 per cento di no. Sia Grächen che il cantone Vallese hanno bocciato l'Iniziativa sulla neutralità.","https://thumb.wikimedia.org/wikipedia/commons/thumb/c/cb/CHE_Graechen_COA.svg/500px-CHE_Graechen_COA.svg.png"
6286,30.6,30.6,69.4,"Lalden (VS)","A Lalden l'Iniziativa sulla neutralità non ottiene la maggioranza: 69,4 per cento di no. Sia Lalden che il cantone Vallese hanno bocciato l'Iniziativa sulla neutralità.","https://thumb.wikimedia.org/wikipedia/commons/thumb/9/90/CHE_Lalden_COA.svg/500px-CHE_Lalden_COA.svg.png"
6287,49.6,49.6,50.4,"Randa (VS)","La popolazione di Randa respinge l'Iniziativa sulla neutralità con il 50,4 per cento. Sia Randa che il cantone Vallese hanno bocciato l'Iniziativa sulla neutralità.","https://thumb.wikimedia.org/wikipedia/commons/thumb/f/f8/CHE_Randa_COA.svg/500px-CHE_Randa_COA.svg.png"
6288,48.3,48.3,51.7,"Saas-Almagell (VS)","A Saas-Almagell l'Iniziativa sulla neutralità è stata respinta con il 51,7 per cento. Sia Saas-Almagell che il cantone Vallese hanno bocciato l'Iniziativa sulla neutralità.","https://thumb.wikimedia.org/wikipedia/commons/thumb/6/6e/CHE_Saas-Almagell_COA.svg/500px-CHE_Saas-Almagell_COA.svg.png"
6289,41.2,41.2,58.8,"Saas-Balen (VS)","La popolazione di Saas-Balen respinge l'Iniziativa sulla neutralità con il 58,8 per cento. Sia Saas-Balen che il cantone Vallese hanno bocciato l'Iniziativa sulla neutralità.","https://thumb.wikimedia.org/wikipedia/commons/thumb/0/01/CHE_Saas-Balen_COA.svg/500px-CHE_Saas-Balen_COA.svg.png"
6290,21.6,21.6,78.4,"Saas-Fee (VS)","La popolazione di Saas-Fee respinge l'Iniziativa sulla neutralità con il 78,4 per cento. Sia Saas-Fee che il cantone Vallese hanno bocciato l'Iniziativa sulla neutralità.","https://thumb.wikimedia.org/wikipedia/commons/thumb/9/90/CHE_Saas-Fee_COA.svg/500px-CHE_Saas-Fee_COA.svg.png"
6291,39.4,39.4,60.6,"Saas-Grund (VS)","La popolazione di Saas-Grund respinge l'Iniziativa sulla neutralità con il 60,6 per cento. Sia Saas-Grund che il cantone Vallese hanno bocciato l'Iniziativa sulla neutralità.","https://thumb.wikimedia.org/wikipedia/commons/thumb/5/5d/CHE_Saas-Grund_COA.svg/500px-CHE_Saas-Grund_COA.svg.png"
6292,43.4,43.4,56.6,"Saint-Nicolas (VS)","A Saint-Nicolas l'Iniziativa sulla neutralità non ottiene la maggioranza: 56,6 per cento di no. Sia Saint-Nicolas che il cantone Vallese hanno bocciato l'Iniziativa sulla neutralità.","https://thumb.wikimedia.org/wikipedia/commons/thumb/d/d2/CHE_St._Niklaus_COA.svg/500px-CHE_St._Niklaus_COA.svg.png"
6293,36.5,36.5,63.5,"Stalden (VS)","A Stalden VS l'Iniziativa sulla neutralità non ottiene la maggioranza: 63,5 per cento di no. Sia Stalden VS che il cantone Vallese hanno bocciato l'Iniziativa sulla neutralità.","https://thumb.wikimedia.org/wikipedia/commons/thumb/1/17/CHE_Stalden_COA.svg/500px-CHE_Stalden_COA.svg.png"
6294,34.2,34.2,65.8,"Staldenried (VS)","A Staldenried, l'Iniziativa sulla neutralità è stata respinta con il 65,8 per cento. Sia Staldenried che il cantone Vallese hanno bocciato l'Iniziativa sulla neutralità.","https://thumb.wikimedia.org/wikipedia/commons/thumb/9/9c/CHE_Staldenried_COA.svg/500px-CHE_Staldenried_COA.svg.png"
6295,41.8,41.8,58.2,"Täsch (VS)","A Täsch l'Iniziativa sulla neutralità è stata respinta con il 58,2 per cento. Sia Täsch che il cantone Vallese hanno bocciato l'Iniziativa sulla neutralità.","https://thumb.wikimedia.org/wikipedia/commons/thumb/3/31/CHE_T%C3%A4sch_VS_COA.svg/500px-CHE_T%C3%A4sch_VS_COA.svg.png"
6296,41.3,41.3,58.7,"Törbel (VS)","A Törbel l'Iniziativa sulla neutralità è stata respinta con il 58,7 per cento. Sia Törbel che il cantone Vallese hanno bocciato l'Iniziativa sulla neutralità.","https://thumb.wikimedia.org/wikipedia/commons/thumb/a/ab/CHE_T%C3%B6rbel_COA.svg/500px-CHE_T%C3%B6rbel_COA.svg.png"
6297,31.7,31.7,68.3,"Viège (VS)","Con il 68,3 per cento dei voti, l'Iniziativa sulla neutralità viene respinta a Viège. Sia Viège che il cantone Vallese hanno bocciato l'Iniziativa sulla neutralità.","https://thumb.wikimedia.org/wikipedia/commons/thumb/8/81/CHE_Visp_COA.svg/500px-CHE_Visp_COA.svg.png"
6298,18.8,18.8,81.2,"Visperterminen (VS)","A Visperterminen l'Iniziativa sulla neutralità è stata respinta con il 81,2 per cento. Sia Visperterminen che il cantone Vallese hanno bocciato l'Iniziativa sulla neutralità.","https://thumb.wikimedia.org/wikipedia/commons/thumb/e/e9/CHE_Visperterminen_COA.svg/500px-CHE_Visperterminen_COA.svg.png"
6299,29.9,29.9,70.1,"Zeneggen (VS)","Con il 70,1 per cento dei voti, l'Iniziativa sulla neutralità viene respinta a Zeneggen. Sia Zeneggen che il cantone Vallese hanno bocciato l'Iniziativa sulla neutralità.","https://thumb.wikimedia.org/wikipedia/commons/thumb/f/f0/CHE_Zeneggen_COA.svg/500px-CHE_Zeneggen_COA.svg.png"
6300,32.3,32.3,67.7,"Zermatt (VS)","La popolazione di Zermatt respinge l'Iniziativa sulla neutralità con il 67,7 per cento. Sia Zermatt che il cantone Vallese hanno bocciato l'Iniziativa sulla neutralità.","https://thumb.wikimedia.org/wikipedia/commons/thumb/5/50/CHE_Zermatt_COA.svg/500px-CHE_Zermatt_COA.svg.png"
6404,25.7,25.7,74.3,"Boudry (NE)","La popolazione di Boudry respinge l'Iniziativa sulla neutralità con il 74,3 per cento. Sia Boudry che il cantone Neuchâtel hanno bocciato l'Iniziativa sulla neutralità.","https://thumb.wikimedia.org/wikipedia/commons/thumb/8/86/CHE_Boudry_COA.svg/250px-CHE_Boudry_COA.svg.png"
6408,20.9,20.9,79.1,"Cortaillod (NE)","Con il 79,1 per cento dei voti, l'Iniziativa sulla neutralità viene respinta a Cortaillod. Sia Cortaillod che il cantone Neuchâtel hanno bocciato l'Iniziativa sulla neutralità.","https://thumb.wikimedia.org/wikipedia/commons/thumb/5/5a/Cortaillod-blazon.svg/250px-Cortaillod-blazon.svg.png"
6413,25,25,75,"Rochefort (NE)","Con il 75 per cento dei voti, Rochefort ha respinto l'Iniziativa sulla neutralità. Sia Rochefort che il cantone Neuchâtel hanno bocciato l'Iniziativa sulla neutralità.","https://thumb.wikimedia.org/wikipedia/commons/thumb/c/ca/Rochefort-blazon.svg/250px-Rochefort-blazon.svg.png"
6416,19.4,19.4,80.6,"Milvignes (NE)","Con il 80,6 per cento dei voti, l'Iniziativa sulla neutralità viene respinta a Milvignes. Sia Milvignes che il cantone Neuchâtel hanno bocciato l'Iniziativa sulla neutralità.","https://thumb.wikimedia.org/wikipedia/commons/thumb/c/c5/Milvignes-blazon.svg/250px-Milvignes-blazon.svg.png"
6417,24.3,24.3,75.7,"La Grande Béroche (NE)","Con il 75,7 per cento dei voti, l'Iniziativa sulla neutralità viene respinta a La Grande Béroche. Sia La Grande Béroche che il cantone Neuchâtel hanno bocciato l'Iniziativa sulla neutralità.","https://thumb.wikimedia.org/wikipedia/commons/thumb/6/6e/LaGrandeB%C3%A9roche-blazon.svg/250px-LaGrandeB%C3%A9roche-blazon.svg.png"
6421,24.5,24.5,75.5,"La Chaux-de-Fonds (NE)","Con il 75,5 per cento dei voti, l'Iniziativa sulla neutralità viene respinta a La Chaux-de-Fonds. Sia La Chaux-de-Fonds che il cantone Neuchâtel hanno bocciato l'Iniziativa sulla neutralità.","https://thumb.wikimedia.org/wikipedia/commons/thumb/b/b3/CHE_La_Chaux-de-Fonds_COA.svg/500px-CHE_La_Chaux-de-Fonds_COA.svg.png"
6422,34.3,34.3,65.7,"Les Planchettes (NE)","A Les Planchettes l'Iniziativa sulla neutralità è respinta con 46 contro 24 voti. Sia Les Planchettes che il cantone Neuchâtel hanno bocciato l'Iniziativa sulla neutralità.","https://thumb.wikimedia.org/wikipedia/commons/thumb/6/65/CHE_Les_Planchettes_COA.svg/500px-CHE_Les_Planchettes_COA.svg.png"
6423,33.3,33.3,66.7,"La Sagne (NE)","La popolazione di La Sagne respinge l'Iniziativa sulla neutralità con il 66,7 per cento. Sia La Sagne che il cantone Neuchâtel hanno bocciato l'Iniziativa sulla neutralità.","https://thumb.wikimedia.org/wikipedia/commons/thumb/8/86/La_Sagne-coat_of_arms.svg/500px-La_Sagne-coat_of_arms.svg.png"
6432,39.9,39.9,60.1,"La (BréviNE)","La popolazione di La Brévine respinge l'Iniziativa sulla neutralità con il 60,1 per cento. Sia La Brévine che il cantone Neuchâtel hanno bocciato l'Iniziativa sulla neutralità.","https://thumb.wikimedia.org/wikipedia/commons/thumb/3/33/CHE_La_Br%C3%A9vine_COA.svg/500px-CHE_La_Br%C3%A9vine_COA.svg.png"
6433,32.7,32.7,67.3,"Brot-Plamboz (NE)","A Brot-Plamboz l'Iniziativa sulla neutralità non ottiene la maggioranza: 67,3 per cento di no. Sia Brot-Plamboz che il cantone Neuchâtel hanno bocciato l'Iniziativa sulla neutralità.","https://thumb.wikimedia.org/wikipedia/commons/thumb/4/48/Brot-Plamboz-coat_of_arms.svg/500px-Brot-Plamboz-coat_of_arms.svg.png"
6434,30.6,30.6,69.4,"Le Cerneux-Péquignot (NE)","Con il 69,4 per cento dei voti, l'Iniziativa sulla neutralità viene respinta a Le Cerneux-Péquignot. Sia Le Cerneux-Péquignot che il cantone Neuchâtel hanno bocciato l'Iniziativa sulla neutralità.","https://thumb.wikimedia.org/wikipedia/commons/thumb/9/9e/Le_Cerneux-Pequignot-coat_of_arms.svg/500px-Le_Cerneux-Pequignot-coat_of_arms.svg.png"
6435,28.3,28.3,71.7,"La Chaux-du-Milieu (NE)","La popolazione di La Chaux-du-Milieu respinge l'Iniziativa sulla neutralità con il 71,7 per cento. Sia La Chaux-du-Milieu che il cantone Neuchâtel hanno bocciato l'Iniziativa sulla neutralità.","https://thumb.wikimedia.org/wikipedia/commons/thumb/4/49/La_Chaux-du-Milieu-coat_of_arms.svg/500px-La_Chaux-du-Milieu-coat_of_arms.svg.png"
6436,30.7,30.7,69.3,"Le Locle (NE)","La popolazione di Le Locle respinge l'Iniziativa sulla neutralità con il 69,3 per cento. Sia Le Locle che il cantone Neuchâtel hanno bocciato l'Iniziativa sulla neutralità.","https://thumb.wikimedia.org/wikipedia/commons/thumb/4/4e/LeLocle-blazon.svg/250px-LeLocle-blazon.svg.png"
6437,42.4,42.4,57.6,"Les Ponts-de-Martel (NE)","Con il 57,6 per cento dei voti, Les Ponts-de-Martel ha respinto l'Iniziativa sulla neutralità. Sia Les Ponts-de-Martel che il cantone Neuchâtel hanno bocciato l'Iniziativa sulla neutralità.","https://thumb.wikimedia.org/wikipedia/commons/thumb/8/8b/CHE_Les_Ponts-de-Martel_COA.svg/500px-CHE_Les_Ponts-de-Martel_COA.svg.png"
6451,27.2,27.2,72.8,"Cornaux (NE)","A Cornaux, l'Iniziativa sulla neutralità è stata respinta con il 72,8 per cento. Sia Cornaux che il cantone Neuchâtel hanno bocciato l'Iniziativa sulla neutralità.","https://thumb.wikimedia.org/wikipedia/commons/thumb/2/29/CHE_Cornaux_COA.svg/500px-CHE_Cornaux_COA.svg.png"
6452,21.4,21.4,78.6,"Cressier (NE)","A Cressier NE l'Iniziativa sulla neutralità è stata respinta con il 78,6 per cento. Sia Cressier NE che il cantone Neuchâtel hanno bocciato l'Iniziativa sulla neutralità.","https://thumb.wikimedia.org/wikipedia/commons/thumb/d/d4/Cressier_NE-blazon.svg/250px-Cressier_NE-blazon.svg.png"
6455,23.7,23.7,76.3,"Le Landeron (NE)","La popolazione di Le Landeron respinge l'Iniziativa sulla neutralità con il 76,3 per cento. Sia Le Landeron che il cantone Neuchâtel hanno bocciato l'Iniziativa sulla neutralità.","https://thumb.wikimedia.org/wikipedia/commons/thumb/0/01/LeLanderon-blazon.svg/250px-LeLanderon-blazon.svg.png"
6456,27.1,27.1,72.9,"Lignières (NE)","A Lignières l'Iniziativa sulla neutralità non ottiene la maggioranza: 72,9 per cento di no. Sia Lignières che il cantone Neuchâtel hanno bocciato l'Iniziativa sulla neutralità.","https://thumb.wikimedia.org/wikipedia/commons/thumb/6/6f/CHE_Ligni%C3%A8res_COA.svg/500px-CHE_Ligni%C3%A8res_COA.svg.png"
6458,20.1,20.1,79.9,"Neuchâtel (NE)","Con il 79,9 per cento dei voti, Neuchâtel ha respinto l'Iniziativa sulla neutralità. Sia Neuchâtel che il cantone Neuchâtel hanno bocciato l'Iniziativa sulla neutralità.","https://thumb.wikimedia.org/wikipedia/commons/thumb/0/04/CHE_Neuch%C3%A2tel_COA.svg/500px-CHE_Neuch%C3%A2tel_COA.svg.png"
6487,25.2,25.2,74.8,"Val-de-Ruz (NE)","A Val-de-Ruz l'Iniziativa sulla neutralità è stata respinta con il 74,8 per cento. Sia Val-de-Ruz che il cantone Neuchâtel hanno bocciato l'Iniziativa sulla neutralità.","https://thumb.wikimedia.org/wikipedia/commons/thumb/b/b1/CHE_Val-de-Ruz_COA.svg/500px-CHE_Val-de-Ruz_COA.svg.png"
6504,54.7,54.7,45.3,"La Côte-aux-Fées (NE)","Sì all'Iniziativa sulla neutralità a La Côte-aux-Fées, con il 54,7 per cento di voti favorevoli. La Côte-aux-Fées dice sì all'Iniziativa sulla neutralità, il cantone Neuchâtel dice no.","https://thumb.wikimedia.org/wikipedia/commons/thumb/3/35/CHE_La_C%C3%B4te-aux-F%C3%A9es_COA.svg/500px-CHE_La_C%C3%B4te-aux-F%C3%A9es_COA.svg.png"
6511,43.2,43.2,56.8,"Les Verrières (NE)","Con il 56,8 per cento dei voti, Les Verrières ha respinto l'Iniziativa sulla neutralità. Sia Les Verrières che il cantone Neuchâtel hanno bocciato l'Iniziativa sulla neutralità.","https://thumb.wikimedia.org/wikipedia/commons/thumb/6/6a/CHE_Les_Verri%C3%A8res_COA.svg/500px-CHE_Les_Verri%C3%A8res_COA.svg.png"
6512,35.1,35.1,64.9,"Val-de-Travers (NE)","A Val-de-Travers, l'Iniziativa sulla neutralità è stata respinta con il 64,9 per cento. Sia Val-de-Travers che il cantone Neuchâtel hanno bocciato l'Iniziativa sulla neutralità.","https://thumb.wikimedia.org/wikipedia/commons/thumb/f/f7/CHE_Val-de-Travers_COA.svg/250px-CHE_Val-de-Travers_COA.svg.png"
6513,20,20,80,"Laténa (NE)","A Laténa l'Iniziativa sulla neutralità non ottiene la maggioranza: 80 per cento di no. Sia Laténa che il cantone Neuchâtel hanno bocciato l'Iniziativa sulla neutralità.","https://thumb.wikimedia.org/wikipedia/commons/thumb/0/0e/CHE_Lat%C3%A9na_COA.svg/500px-CHE_Lat%C3%A9na_COA.svg.png"
6601,50,0,0,"Aire-la-Ville (GE)","I risultati di questo comune non sono ancora noti.","https://thumb.wikimedia.org/wikipedia/commons/thumb/6/67/CHE_Aire-la-Ville_COA.svg/960px-CHE_Aire-la-Ville_COA.svg.png"
6602,50,0,0,"Anières (GE)","I risultati di questo comune non sono ancora noti.","https://thumb.wikimedia.org/wikipedia/commons/thumb/b/b8/CHE_Ani%C3%A8res_COA.svg/960px-CHE_Ani%C3%A8res_COA.svg.png"
6603,50,0,0,"Avully (GE)","I risultati di questo comune non sono ancora noti.","https://thumb.wikimedia.org/wikipedia/commons/thumb/4/4f/CHE_Avully_COA.svg/960px-CHE_Avully_COA.svg.png"
6604,50,0,0,"Avusy (GE)","I risultati di questo comune non sono ancora noti.","https://thumb.wikimedia.org/wikipedia/commons/thumb/e/e6/CHE_Avusy_COA.svg/960px-CHE_Avusy_COA.svg.png"
6605,50,0,0,"Bardonnex (GE)","I risultati di questo comune non sono ancora noti.","https://thumb.wikimedia.org/wikipedia/commons/thumb/1/15/CHE_Bardonnex_COA.svg/500px-CHE_Bardonnex_COA.svg.png"
6606,50,0,0,"Bellevue (GE)","I risultati di questo comune non sono ancora noti.","https://thumb.wikimedia.org/wikipedia/commons/thumb/0/09/CHE_Bellevue_COA.svg/960px-CHE_Bellevue_COA.svg.png"
6607,50,0,0,"Bernex (GE)","I risultati di questo comune non sono ancora noti.","https://thumb.wikimedia.org/wikipedia/commons/thumb/e/e4/CHE_Bernex_COA.svg/960px-CHE_Bernex_COA.svg.png"
6608,50,0,0,"Carouge (GE)","I risultati di questo comune non sono ancora noti.","https://thumb.wikimedia.org/wikipedia/commons/thumb/4/4b/CHE_Carouge_COA.svg/960px-CHE_Carouge_COA.svg.png"
6609,50,0,0,"Cartigny (GE)","I risultati di questo comune non sono ancora noti.","https://thumb.wikimedia.org/wikipedia/commons/thumb/3/30/CHE_Cartigny_COA.svg/960px-CHE_Cartigny_COA.svg.png"
6610,50,0,0,"Céligny (GE)","I risultati di questo comune non sono ancora noti.","https://thumb.wikimedia.org/wikipedia/commons/thumb/7/7b/CHE_C%C3%A9ligny_COA.svg/960px-CHE_C%C3%A9ligny_COA.svg.png"
6611,50,0,0,"Chancy (GE)","I risultati di questo comune non sono ancora noti.","https://thumb.wikimedia.org/wikipedia/commons/thumb/5/52/CHE_Chancy_COA.svg/960px-CHE_Chancy_COA.svg.png"
6612,50,0,0,"Chêne-Bougeries (GE)","I risultati di questo comune non sono ancora noti.","https://thumb.wikimedia.org/wikipedia/commons/thumb/f/f4/CHE_Ch%C3%AAne-Bougeries_COA.svg/500px-CHE_Ch%C3%AAne-Bougeries_COA.svg.png"
6613,50,0,0,"Chêne-Bourg (GE)","I risultati di questo comune non sono ancora noti.","https://thumb.wikimedia.org/wikipedia/commons/thumb/d/d3/CHE_Ch%C3%AAne-Bourg_COA.svg/960px-CHE_Ch%C3%AAne-Bourg_COA.svg.png"
6614,50,0,0,"Choulex (GE)","I risultati di questo comune non sono ancora noti.","https://thumb.wikimedia.org/wikipedia/commons/thumb/2/27/CHE_Choulex_COA.svg/960px-CHE_Choulex_COA.svg.png"
6615,50,0,0,"Collex-Bossy (GE)","I risultati di questo comune non sono ancora noti.","https://thumb.wikimedia.org/wikipedia/commons/thumb/f/f5/CHE_Collex-Bossy_COA.svg/960px-CHE_Collex-Bossy_COA.svg.png"
6616,50,0,0,"Collonge-Bellerive (GE)","I risultati di questo comune non sono ancora noti.","https://thumb.wikimedia.org/wikipedia/commons/thumb/f/f6/CHE_Collonge-Bellerive_COA.svg/960px-CHE_Collonge-Bellerive_COA.svg.png"
6617,50,0,0,"Cologny (GE)","I risultati di questo comune non sono ancora noti.","https://thumb.wikimedia.org/wikipedia/commons/thumb/a/a2/CHE_Cologny_COA.svg/960px-CHE_Cologny_COA.svg.png"
6618,50,0,0,"Confignon (GE)","I risultati di questo comune non sono ancora noti.","https://thumb.wikimedia.org/wikipedia/commons/thumb/5/58/CHE_Confignon_COA.svg/960px-CHE_Confignon_COA.svg.png"
6619,50,0,0,"Corsier (GE)","I risultati di questo comune non sono ancora noti.","https://thumb.wikimedia.org/wikipedia/commons/thumb/3/3c/CHE_Corsier_COA.svg/960px-CHE_Corsier_COA.svg.png"
6620,50,0,0,"Dardagny (GE)","I risultati di questo comune non sono ancora noti.","https://thumb.wikimedia.org/wikipedia/commons/thumb/2/26/CHE_Dardagny_COA.svg/960px-CHE_Dardagny_COA.svg.png"
6621,50,0,0,"Ginevra (GE)","I risultati di questo comune non sono ancora noti.","https://thumb.wikimedia.org/wikipedia/commons/thumb/4/4d/CHE_Gen%C3%A8ve_COA.svg/960px-CHE_Gen%C3%A8ve_COA.svg.png"
6622,50,0,0,"Genthod (GE)","I risultati di questo comune non sono ancora noti.","https://thumb.wikimedia.org/wikipedia/commons/thumb/f/f5/CHE_Genthod_COA.svg/960px-CHE_Genthod_COA.svg.png"
6623,50,0,0,"Le Grand-Saconnex (GE)","I risultati di questo comune non sono ancora noti.","https://thumb.wikimedia.org/wikipedia/commons/thumb/6/6a/CHE_Le_Grand-Saconnex_COA.svg/960px-CHE_Le_Grand-Saconnex_COA.svg.png"
6624,50,0,0,"Gy (GE)","I risultati di questo comune non sono ancora noti.","https://thumb.wikimedia.org/wikipedia/commons/thumb/f/f8/CHE_Gy_COA.svg/960px-CHE_Gy_COA.svg.png"
6625,50,0,0,"Hermance (GE)","I risultati di questo comune non sono ancora noti.","https://thumb.wikimedia.org/wikipedia/commons/thumb/b/b3/CHE_Hermance_COA.svg/960px-CHE_Hermance_COA.svg.png"
6626,50,0,0,"Jussy (GE)","I risultati di questo comune non sono ancora noti.","https://thumb.wikimedia.org/wikipedia/commons/thumb/3/31/CHE_Jussy_COA.svg/960px-CHE_Jussy_COA.svg.png"
6627,50,0,0,"Laconnex (GE)","I risultati di questo comune non sono ancora noti.","https://thumb.wikimedia.org/wikipedia/commons/thumb/9/97/CHE_Laconnex_COA.svg/960px-CHE_Laconnex_COA.svg.png"
6628,50,0,0,"Lancy (GE)","I risultati di questo comune non sono ancora noti.","https://thumb.wikimedia.org/wikipedia/commons/thumb/2/29/CHE_Lancy_COA.svg/960px-CHE_Lancy_COA.svg.png"
6629,50,0,0,"Meinier (GE)","I risultati di questo comune non sono ancora noti.","https://thumb.wikimedia.org/wikipedia/commons/thumb/a/a4/CHE_Meinier_COA.svg/960px-CHE_Meinier_COA.svg.png"
6630,50,0,0,"Meyrin (GE)","I risultati di questo comune non sono ancora noti.","https://thumb.wikimedia.org/wikipedia/commons/thumb/5/5a/CHE_Meyrin_COA.svg/960px-CHE_Meyrin_COA.svg.png"
6631,50,0,0,"Onex (GE)","I risultati di questo comune non sono ancora noti.","https://thumb.wikimedia.org/wikipedia/commons/thumb/b/b6/CHE_Onex_COA.svg/960px-CHE_Onex_COA.svg.png"
6632,50,0,0,"Perly-Certoux (GE)","I risultati di questo comune non sono ancora noti.","https://thumb.wikimedia.org/wikipedia/commons/thumb/e/ed/CHE_Perly-Certoux_COA.svg/960px-CHE_Perly-Certoux_COA.svg.png"
6633,50,0,0,"Plan-les-Ouates (GE)","I risultati di questo comune non sono ancora noti.","https://thumb.wikimedia.org/wikipedia/commons/thumb/6/66/CHE_Plan-les-Ouates_COA.svg/960px-CHE_Plan-les-Ouates_COA.svg.png"
6634,50,0,0,"Pregny-Chambésy (GE)","I risultati di questo comune non sono ancora noti.","https://thumb.wikimedia.org/wikipedia/commons/thumb/0/07/CHE_Pregny-Chamb%C3%A9sy_COA.svg/960px-CHE_Pregny-Chamb%C3%A9sy_COA.svg.png"
6635,50,0,0,"Presinge (GE)","I risultati di questo comune non sono ancora noti.","https://thumb.wikimedia.org/wikipedia/commons/thumb/b/b1/CHE_Presinge_COA.svg/960px-CHE_Presinge_COA.svg.png"
6636,50,0,0,"Puplinge (GE)","I risultati di questo comune non sono ancora noti.","https://thumb.wikimedia.org/wikipedia/commons/thumb/c/ce/CHE_Puplinge_COA.svg/960px-CHE_Puplinge_COA.svg.png"
6637,50,0,0,"Russin (GE)","I risultati di questo comune non sono ancora noti.","https://thumb.wikimedia.org/wikipedia/commons/thumb/4/49/CHE_Russin_COA.svg/960px-CHE_Russin_COA.svg.png"
6638,50,0,0,"Satigny (GE)","I risultati di questo comune non sono ancora noti.","https://thumb.wikimedia.org/wikipedia/commons/thumb/e/e6/CHE_Satigny_COA.svg/960px-CHE_Satigny_COA.svg.png"
6639,50,0,0,"Soral (GE)","I risultati di questo comune non sono ancora noti.","https://thumb.wikimedia.org/wikipedia/commons/thumb/d/de/CHE_Soral_COA.svg/960px-CHE_Soral_COA.svg.png"
6640,50,0,0,"Thônex (GE)","I risultati di questo comune non sono ancora noti.","https://thumb.wikimedia.org/wikipedia/commons/thumb/e/e5/CHE_Th%C3%B4nex_COA.svg/960px-CHE_Th%C3%B4nex_COA.svg.png"
6641,50,0,0,"Troinex (GE)","I risultati di questo comune non sono ancora noti.","https://thumb.wikimedia.org/wikipedia/commons/thumb/3/36/CHE_Troinex_COA.svg/960px-CHE_Troinex_COA.svg.png"
6642,50,0,0,"Vandoeuvres (GE)","I risultati di questo comune non sono ancora noti.","https://thumb.wikimedia.org/wikipedia/commons/thumb/7/70/CHE_Vand%C5%93uvres_COA.svg/960px-CHE_Vand%C5%93uvres_COA.svg.png"
6643,50,0,0,"Vernier (GE)","I risultati di questo comune non sono ancora noti.","https://thumb.wikimedia.org/wikipedia/commons/thumb/5/58/CHE_Vernier_COA.svg/960px-CHE_Vernier_COA.svg.png"
6644,50,0,0,"Versoix (GE)","I risultati di questo comune non sono ancora noti.","https://thumb.wikimedia.org/wikipedia/commons/thumb/e/e2/CHE_Versoix_COA.svg/960px-CHE_Versoix_COA.svg.png"
6645,50,0,0,"Veyrier (GE)","I risultati di questo comune non sono ancora noti.","https://thumb.wikimedia.org/wikipedia/commons/thumb/e/e9/CHE_Veyrier_COA.svg/960px-CHE_Veyrier_COA.svg.png"
6702,31,31,69,"Boécourt (JU)","A Boécourt l'Iniziativa sulla neutralità non ottiene la maggioranza: 69 per cento di no. Sia Boécourt che il cantone Giura hanno bocciato l'Iniziativa sulla neutralità.","https://thumb.wikimedia.org/wikipedia/commons/thumb/6/6b/CHE_Bo%C3%A9court_COA.svg/960px-CHE_Bo%C3%A9court_COA.svg.png"
6703,36.2,36.2,63.8,"Bourrignon (JU)","La popolazione di Bourrignon respinge l'Iniziativa sulla neutralità con il 63,8 per cento. Sia Bourrignon che il cantone Giura hanno bocciato l'Iniziativa sulla neutralità.","https://thumb.wikimedia.org/wikipedia/commons/thumb/c/ca/Bourrignon-blazon.svg/250px-Bourrignon-blazon.svg.png"
6704,33.8,33.8,66.2,"Châtillon (JU)","A Châtillon JU, l'Iniziativa sulla neutralità è stata respinta con il 66,2 per cento. Sia Châtillon JU che il cantone Giura hanno bocciato l'Iniziativa sulla neutralità.","https://thumb.wikimedia.org/wikipedia/commons/thumb/b/bd/CHE_Ch%C3%A2tillon_COA.svg/250px-CHE_Ch%C3%A2tillon_COA.svg.png"
6706,22.4,22.4,77.6,"Courchapoix (JU)","A Courchapoix l'Iniziativa sulla neutralità non ottiene la maggioranza: 77,6 per cento di no. Sia Courchapoix che il cantone Giura hanno bocciato l'Iniziativa sulla neutralità.","https://thumb.wikimedia.org/wikipedia/commons/thumb/d/de/CHE_Courchapoix_COA.svg/960px-CHE_Courchapoix_COA.svg.png"
6708,28.7,28.7,71.3,"Courrendlin (JU)","A Courrendlin, l'Iniziativa sulla neutralità è stata respinta con il 71,3 per cento. Sia Courrendlin che il cantone Giura hanno bocciato l'Iniziativa sulla neutralità.","https://thumb.wikimedia.org/wikipedia/commons/thumb/9/9f/CHE_Courrendlin_COA.svg/960px-CHE_Courrendlin_COA.svg.png"
6709,27.3,27.3,72.7,"Courroux (JU)","La popolazione di Courroux respinge l'Iniziativa sulla neutralità con il 72,7 per cento. Sia Courroux che il cantone Giura hanno bocciato l'Iniziativa sulla neutralità.","https://thumb.wikimedia.org/wikipedia/commons/thumb/2/21/Courroux-blazon.svg/250px-Courroux-blazon.svg.png"
6710,28.5,28.5,71.5,"Courtételle (JU)","La popolazione di Courtételle respinge l'Iniziativa sulla neutralità con il 71,5 per cento. Sia Courtételle che il cantone Giura hanno bocciato l'Iniziativa sulla neutralità.","https://thumb.wikimedia.org/wikipedia/commons/thumb/0/02/CH_Courtetelle_COA.svg/500px-CH_Courtetelle_COA.svg.png"
6711,19.6,19.6,80.4,"Delémont (JU)","A Delémont, l'Iniziativa sulla neutralità è stata respinta con il 80,4 per cento. Sia Delémont che il cantone Giura hanno bocciato l'Iniziativa sulla neutralità.","https://thumb.wikimedia.org/wikipedia/commons/thumb/2/26/CHE_Del%C3%A9mont_COA.svg/500px-CHE_Del%C3%A9mont_COA.svg.png"
6712,23.6,23.6,76.4,"Develier (JU)","Con il 76,4 per cento dei voti, l'Iniziativa sulla neutralità viene respinta a Develier. Sia Develier che il cantone Giura hanno bocciato l'Iniziativa sulla neutralità.","https://thumb.wikimedia.org/wikipedia/commons/thumb/2/25/CHE_Develier_COA.svg/960px-CHE_Develier_COA.svg.png"
6713,62.5,62.5,37.5,"Ederswiler (JU)","A Ederswiler, l'Iniziativa sulla neutralità è approvata con 25 voti contro 15. Ederswiler dice sì all'Iniziativa sulla neutralità, il cantone Giura dice no.","https://thumb.wikimedia.org/wikipedia/commons/thumb/d/db/CHE_Ederswiler_COA.svg/960px-CHE_Ederswiler_COA.svg.png"
6715,29.6,29.6,70.4,"Mervelier (JU)","A Mervelier l'Iniziativa sulla neutralità è stata respinta con il 70,4 per cento. Sia Mervelier che il cantone Giura hanno bocciato l'Iniziativa sulla neutralità.","https://thumb.wikimedia.org/wikipedia/commons/thumb/a/ad/CHE_Mervelier_COA.svg/960px-CHE_Mervelier_COA.svg.png"
6716,31.2,31.2,68.8,"Mettembert (JU)","A Mettembert, l'Iniziativa sulla neutralità è stata respinta con 33 contro 15 voti. Sia Mettembert che il cantone Giura hanno bocciato l'Iniziativa sulla neutralità.","https://thumb.wikimedia.org/wikipedia/commons/thumb/8/8c/CHE_Mettembert_COA.svg/500px-CHE_Mettembert_COA.svg.png"
6718,50.7,50.7,49.3,"Movelier (JU)","A Movelier l'Iniziativa sulla neutralità è stata approvata con il 50,7 per cento. Movelier dice sì all'Iniziativa sulla neutralità, il cantone Giura dice no.","https://thumb.wikimedia.org/wikipedia/commons/thumb/7/7d/CHE_Movelier_COA.svg/960px-CHE_Movelier_COA.svg.png"
6719,31.7,31.7,68.3,"Pleigne (JU)","Con il 68,3 per cento dei voti, Pleigne ha respinto l'Iniziativa sulla neutralità. Sia Pleigne che il cantone Giura hanno bocciato l'Iniziativa sulla neutralità.","https://thumb.wikimedia.org/wikipedia/commons/thumb/0/04/CHE_Pleigne_COA.svg/500px-CHE_Pleigne_COA.svg.png"
6721,20.6,20.6,79.4,"Rossemaison (JU)","La popolazione di Rossemaison respinge l'Iniziativa sulla neutralità con il 79,4 per cento. Sia Rossemaison che il cantone Giura hanno bocciato l'Iniziativa sulla neutralità.","https://thumb.wikimedia.org/wikipedia/commons/thumb/d/d4/CHE_Rossemaison_COA.svg/960px-CHE_Rossemaison_COA.svg.png"
6722,23,23,77,"Saulcy (JU)","A Saulcy l'Iniziativa sulla neutralità è respinta con 57 contro 17 voti. Sia Saulcy che il cantone Giura hanno bocciato l'Iniziativa sulla neutralità.","https://thumb.wikimedia.org/wikipedia/commons/thumb/0/0c/CHE_Saulcy_COA.svg/960px-CHE_Saulcy_COA.svg.png"
6724,45.5,45.5,54.5,"Soyhières (JU)","Con il 54,5 per cento dei voti, l'Iniziativa sulla neutralità viene respinta a Soyhières. Sia Soyhières che il cantone Giura hanno bocciato l'Iniziativa sulla neutralità.","https://thumb.wikimedia.org/wikipedia/commons/thumb/3/30/CHE_Soyhi%C3%A8res_COA.svg/960px-CHE_Soyhi%C3%A8res_COA.svg.png"
6729,30,30,70,"Haute-Sorne (JU)","Con il 70 per cento dei voti, Haute-Sorne ha respinto l'Iniziativa sulla neutralità. Sia Haute-Sorne che il cantone Giura hanno bocciato l'Iniziativa sulla neutralità.","https://thumb.wikimedia.org/wikipedia/commons/thumb/2/2f/CHE_Haute-Sorne_COA.svg/500px-CHE_Haute-Sorne_COA.svg.png"
6730,28.4,28.4,71.6,"Val Terbi (JU)","A Val Terbi l'Iniziativa sulla neutralità è stata respinta con il 71,6 per cento. Sia Val Terbi che il cantone Giura hanno bocciato l'Iniziativa sulla neutralità.","https://thumb.wikimedia.org/wikipedia/commons/thumb/c/c1/Coats_of_arms_of_None.svg/250px-Coats_of_arms_of_None.svg.png"
6741,24.3,24.3,75.7,"Le Bémont (JU)","La popolazione di Le Bémont JU respinge l'Iniziativa sulla neutralità con il 75,7 per cento. Sia Le Bémont JU che il cantone Giura hanno bocciato l'Iniziativa sulla neutralità.","https://thumb.wikimedia.org/wikipedia/commons/thumb/8/81/CHE_Le_B%C3%A9mont_COA.svg/960px-CHE_Le_B%C3%A9mont_COA.svg.png"
6742,25.1,25.1,74.9,"Les Bois (JU)","Con il 74,9 per cento dei voti, Les Bois ha respinto l'Iniziativa sulla neutralità. Sia Les Bois che il cantone Giura hanno bocciato l'Iniziativa sulla neutralità.","https://thumb.wikimedia.org/wikipedia/commons/thumb/a/a5/CHE_Les_Bois_COA.svg/250px-CHE_Les_Bois_COA.svg.png"
6743,19.6,19.6,80.4,"Les Breuleux (JU)","A Les Breuleux l'Iniziativa sulla neutralità non ottiene la maggioranza: 80,4 per cento di no. Sia Les Breuleux che il cantone Giura hanno bocciato l'Iniziativa sulla neutralità.","https://thumb.wikimedia.org/wikipedia/commons/thumb/b/b4/CHE_Les_Breuleux_COA.svg/960px-CHE_Les_Breuleux_COA.svg.png"
6745,31.9,31.9,68.1,"Les Enfers (JU)","A Les Enfers l'Iniziativa sulla neutralità è respinta con 47 contro 22 voti. Sia Les Enfers che il cantone Giura hanno bocciato l'Iniziativa sulla neutralità.","https://thumb.wikimedia.org/wikipedia/commons/thumb/6/65/LesEnfers-blazon.svg/250px-LesEnfers-blazon.svg.png"
6748,29.7,29.7,70.3,"Les Genevez (JU)","A Les Genevez JU l'Iniziativa sulla neutralità è stata respinta con il 70,3 per cento. Sia Les Genevez JU che il cantone Giura hanno bocciato l'Iniziativa sulla neutralità.","https://thumb.wikimedia.org/wikipedia/commons/thumb/8/83/CHE_Les_Genevez_COA.svg/500px-CHE_Les_Genevez_COA.svg.png"
6750,23.4,23.4,76.6,"Lajoux (JU)","Con il 76,6 per cento dei voti, Lajoux JU ha respinto l'Iniziativa sulla neutralità. Sia Lajoux JU che il cantone Giura hanno bocciato l'Iniziativa sulla neutralità.","https://thumb.wikimedia.org/wikipedia/commons/thumb/4/43/CHE_Lajoux_COA.svg/960px-CHE_Lajoux_COA.svg.png"
6751,27.5,27.5,72.5,"Montfaucon (JU)","La popolazione di Montfaucon respinge l'Iniziativa sulla neutralità con il 72,5 per cento. Sia Montfaucon che il cantone Giura hanno bocciato l'Iniziativa sulla neutralità.","https://thumb.wikimedia.org/wikipedia/commons/thumb/e/e2/CHE_Montfaucon_COA.svg/960px-CHE_Montfaucon_COA.svg.png"
6753,19,19,81,"Muriaux (JU)","A Muriaux, l'Iniziativa sulla neutralità è stata respinta con il 81 per cento. Sia Muriaux che il cantone Giura hanno bocciato l'Iniziativa sulla neutralità.","https://thumb.wikimedia.org/wikipedia/commons/thumb/9/96/CHE_Muriaux_COA.svg/960px-CHE_Muriaux_COA.svg.png"
6754,23.4,23.4,76.6,"Le Noirmont (JU)","A Le Noirmont, l'Iniziativa sulla neutralità è stata respinta con il 76,6 per cento. Sia Le Noirmont che il cantone Giura hanno bocciato l'Iniziativa sulla neutralità.","https://thumb.wikimedia.org/wikipedia/commons/thumb/a/a9/CHE_Le_Noirmont_COA.svg/500px-CHE_Le_Noirmont_COA.svg.png"
6757,21.2,21.2,78.8,"Saignelégier (JU)","A Saignelégier l'Iniziativa sulla neutralità non ottiene la maggioranza: 78,8 per cento di no. Sia Saignelégier che il cantone Giura hanno bocciato l'Iniziativa sulla neutralità.","https://thumb.wikimedia.org/wikipedia/commons/thumb/2/23/CHE_Saignel%C3%A9gier_COA.svg/960px-CHE_Saignel%C3%A9gier_COA.svg.png"
6758,27.4,27.4,72.6,"Saint-Brais (JU)","Con il 72,6 per cento dei voti, Saint-Brais ha respinto l'Iniziativa sulla neutralità. Sia Saint-Brais che il cantone Giura hanno bocciato l'Iniziativa sulla neutralità.","https://thumb.wikimedia.org/wikipedia/commons/thumb/a/a2/CHE_Saint-Brais_COA.svg/960px-CHE_Saint-Brais_COA.svg.png"
6759,44.2,44.2,55.8,"Soubey (JU)","A Soubey l'Iniziativa sulla neutralità è respinta con 29 contro 23 voti. Sia Soubey che il cantone Giura hanno bocciato l'Iniziativa sulla neutralità.","https://thumb.wikimedia.org/wikipedia/commons/thumb/0/02/CHE_Soubey_COA.svg/960px-CHE_Soubey_COA.svg.png"
6771,31.1,31.1,68.9,"Alle (JU)","A Alle, l'Iniziativa sulla neutralità è stata respinta con il 68,9 per cento. Sia Alle che il cantone Giura hanno bocciato l'Iniziativa sulla neutralità.","https://thumb.wikimedia.org/wikipedia/commons/thumb/9/9c/CHE_Alle_COA.svg/500px-CHE_Alle_COA.svg.png"
6774,31.8,31.8,68.2,"Boncourt (JU)","La popolazione di Boncourt respinge l'Iniziativa sulla neutralità con il 68,2 per cento. Sia Boncourt che il cantone Giura hanno bocciato l'Iniziativa sulla neutralità.","https://thumb.wikimedia.org/wikipedia/commons/thumb/6/64/Boncourt-blazon.svg/250px-Boncourt-blazon.svg.png"
6778,35.8,35.8,64.2,"Bure (JU)","Con il 64,2 per cento dei voti, l'Iniziativa sulla neutralità viene respinta a Bure. Sia Bure che il cantone Giura hanno bocciato l'Iniziativa sulla neutralità.","https://thumb.wikimedia.org/wikipedia/commons/thumb/1/1e/CHE_Bure_COA.svg/960px-CHE_Bure_COA.svg.png"
6781,28.3,28.3,71.7,"Coeuve (JU)","La popolazione di Coeuve respinge l'Iniziativa sulla neutralità con il 71,7 per cento. Sia Coeuve che il cantone Giura hanno bocciato l'Iniziativa sulla neutralità.","https://thumb.wikimedia.org/wikipedia/commons/thumb/5/57/Coeuve-blazon.svg/250px-Coeuve-blazon.svg.png"
6782,34.8,34.8,65.2,"Cornol (JU)","A Cornol, l'Iniziativa sulla neutralità è stata respinta con il 65,2 per cento. Sia Cornol che il cantone Giura hanno bocciato l'Iniziativa sulla neutralità.","https://thumb.wikimedia.org/wikipedia/commons/thumb/a/a0/CHE_Cornol_COA.svg/500px-CHE_Cornol_COA.svg.png"
6783,32.1,32.1,67.9,"Courchavon (JU)","La popolazione di Courchavon respinge l'Iniziativa sulla neutralità con il 67,9 per cento. Sia Courchavon che il cantone Giura hanno bocciato l'Iniziativa sulla neutralità.","https://thumb.wikimedia.org/wikipedia/commons/thumb/e/ef/Courchavon-blazon.svg/250px-Courchavon-blazon.svg.png"
6784,32.4,32.4,67.6,"Courgenay (JU)","A Courgenay, l'Iniziativa sulla neutralità è stata respinta con il 67,6 per cento. Sia Courgenay che il cantone Giura hanno bocciato l'Iniziativa sulla neutralità.","https://thumb.wikimedia.org/wikipedia/commons/thumb/3/37/CHE_Courgenay_COA.svg/960px-CHE_Courgenay_COA.svg.png"
6785,33.3,33.3,66.7,"Courtedoux (JU)","La popolazione di Courtedoux respinge l'Iniziativa sulla neutralità con il 66,7 per cento. Sia Courtedoux che il cantone Giura hanno bocciato l'Iniziativa sulla neutralità.","https://thumb.wikimedia.org/wikipedia/commons/thumb/1/1c/CHE_Courtedoux_COA.svg/960px-CHE_Courtedoux_COA.svg.png"
6789,49.3,49.3,50.7,"Fahy (JU)","A Fahy l'Iniziativa sulla neutralità è stata respinta con il 50,7 per cento. Sia Fahy che il cantone Giura hanno bocciato l'Iniziativa sulla neutralità.","https://thumb.wikimedia.org/wikipedia/commons/thumb/5/58/CHE_Fahy_COA.svg/960px-CHE_Fahy_COA.svg.png"
6790,26.1,26.1,73.9,"Fontenais (JU)","A Fontenais, l'Iniziativa sulla neutralità è stata respinta con il 73,9 per cento. Sia Fontenais che il cantone Giura hanno bocciato l'Iniziativa sulla neutralità.","https://thumb.wikimedia.org/wikipedia/commons/thumb/9/95/Fontenais-blazon.svg/250px-Fontenais-blazon.svg.png"
6792,41.7,41.7,58.3,"Grandfontaine (JU)","A Grandfontaine l'Iniziativa sulla neutralità è stata respinta con il 58,3 per cento. Sia Grandfontaine che il cantone Giura hanno bocciato l'Iniziativa sulla neutralità.","https://thumb.wikimedia.org/wikipedia/commons/thumb/0/02/Grandfontaine-blazon.svg/250px-Grandfontaine-blazon.svg.png"
6800,24.6,24.6,75.4,"Porrentruy (JU)","La popolazione di Porrentruy respinge l'Iniziativa sulla neutralità con il 75,4 per cento. Sia Porrentruy che il cantone Giura hanno bocciato l'Iniziativa sulla neutralità.","https://thumb.wikimedia.org/wikipedia/commons/thumb/6/64/CHE_Porrentruy_JU_COA.svg/960px-CHE_Porrentruy_JU_COA.svg.png"
6806,34.7,34.7,65.3,"Vendlincourt (JU)","A Vendlincourt l'Iniziativa sulla neutralità è stata respinta con il 65,3 per cento. Sia Vendlincourt che il cantone Giura hanno bocciato l'Iniziativa sulla neutralità.","https://thumb.wikimedia.org/wikipedia/commons/thumb/0/07/CHE_Vendlincourt_COA.svg/500px-CHE_Vendlincourt_COA.svg.png"
6807,35.1,35.1,64.9,"Basse-Allaine (JU)","A Basse-Allaine, l'Iniziativa sulla neutralità è stata respinta con il 64,9 per cento. Sia Basse-Allaine che il cantone Giura hanno bocciato l'Iniziativa sulla neutralità.","https://thumb.wikimedia.org/wikipedia/commons/thumb/c/c4/BasseAllaine-blazon.svg/250px-BasseAllaine-blazon.svg.png"
6808,34.3,34.3,65.7,"Clos du Doubs (JU)","Con il 65,7 per cento dei voti, l'Iniziativa sulla neutralità viene respinta a Clos du Doubs. Sia Clos du Doubs che il cantone Giura hanno bocciato l'Iniziativa sulla neutralità.","https://thumb.wikimedia.org/wikipedia/commons/thumb/c/c0/ClosDuDoubs-blazon.svg/250px-ClosDuDoubs-blazon.svg.png"
6809,35.9,35.9,64.1,"Haute-Ajoie (JU)","A Haute-Ajoie l'Iniziativa sulla neutralità è stata respinta con il 64,1 per cento. Sia Haute-Ajoie che il cantone Giura hanno bocciato l'Iniziativa sulla neutralità.","https://thumb.wikimedia.org/wikipedia/commons/thumb/f/f0/Wappen_Jura_matt.svg/500px-Wappen_Jura_matt.svg.png"
6810,44.1,44.1,55.9,"La Baroche (JU)","A La Baroche, l'Iniziativa sulla neutralità è stata respinta con il 55,9 per cento. Sia La Baroche che il cantone Giura hanno bocciato l'Iniziativa sulla neutralità.","https://thumb.wikimedia.org/wikipedia/commons/thumb/a/a1/CHE_La_Baroche_COA.svg/500px-CHE_La_Baroche_COA.svg.png"
6811,38.3,38.3,61.7,"Damphreux-Lugnez (JU)","A Damphreux-Lugnez, l'Iniziativa sulla neutralità è stata respinta con il 61,7 per cento. Sia Damphreux-Lugnez che il cantone Giura hanno bocciato l'Iniziativa sulla neutralità.","https://thumb.wikimedia.org/wikipedia/commons/thumb/1/1d/CHE_Damphreux-Lugnez_COA.svg/960px-CHE_Damphreux-Lugnez_COA.svg.png"
6812,38.8,38.8,61.2,"Basse-Vendline (JU)","Con il 61,2 per cento dei voti, l'Iniziativa sulla neutralità viene respinta a Basse-Vendline. Sia Basse-Vendline che il cantone Giura hanno bocciato l'Iniziativa sulla neutralità.","https://thumb.wikimedia.org/wikipedia/commons/thumb/3/3f/CHE_Basse-Vendline_COA.svg/500px-CHE_Basse-Vendline_COA.svg.png"
6831,30.9,30.9,69.1,"Moutier (JU)","La popolazione di Moutier respinge l'Iniziativa sulla neutralità con il 69,1 per cento. Sia Moutier che il cantone Giura hanno bocciato l'Iniziativa sulla neutralità.","https://thumb.wikimedia.org/wikipedia/commons/thumb/f/f0/CHE_Moutier_COA.svg/500px-CHE_Moutier_COA.svg.png"
