"Kantons_Nr","Gemeinde_Nr","Ja_Stimmen_In_Prozent","Ja_Stimmen_Absolut","Nein_Stimmen_Absolut","Stimmbeteiligung_In_Prozent","Eingelegte_Stimmzettel","Anzahl_Stimmberechtigte","Gueltige_Stimmen","Gebiet_Ausgezaehlt","Kanton_Short","Gemeinde_d","Gemeinde_f","Gemeinde_i","Gemeinde_KT_d","Gemeinde_KT_f","Gemeinde_KT_i","Kanton_d","Kanton_f","Kanton_i","Ja_Stimmen_In_Prozent_Kanton","Highest_Yes_Kant","Highest_No_Kant"
1,1,58.504098361,571,405,71.976828385,994,1381,976,TRUE,"ZH","Aeugst am Albis","Aeugst am Albis","Aeugst am Albis","Aeugst am Albis ZH","Aeugst am Albis (ZH)","Aeugst am Albis (ZH)","Zürich","Zurich","Zurigo",49.80705194,FALSE,FALSE
1,2,55.643760853,2243,1788,56.315861503,4115,7307,4031,TRUE,"ZH","Affoltern am Albis","Affoltern am Albis","Affoltern am Albis","Affoltern am Albis ZH","Affoltern am Albis (ZH)","Affoltern am Albis (ZH)","Zürich","Zurich","Zurigo",49.80705194,FALSE,FALSE
1,3,52.738904438,1319,1182,68.933873144,2554,3705,2501,TRUE,"ZH","Bonstetten","Bonstetten","Bonstetten","Bonstetten ZH","Bonstetten (ZH)","Bonstetten (ZH)","Zürich","Zurich","Zurigo",49.80705194,FALSE,FALSE
1,4,53.773057574,962,827,68.371568259,1818,2659,1789,TRUE,"ZH","Hausen am Albis","Hausen am Albis","Hausen am Albis","Hausen am Albis ZH","Hausen am Albis (ZH)","Hausen am Albis (ZH)","Zürich","Zurich","Zurigo",49.80705194,FALSE,FALSE
1,5,54.16906268,942,797,68.492094099,1776,2593,1739,TRUE,"ZH","Hedingen","Hedingen","Hedingen","Hedingen ZH","Hedingen (ZH)","Hedingen (ZH)","Zürich","Zurich","Zurigo",49.80705194,FALSE,FALSE
1,6,64.285714286,387,215,68.151447661,612,898,602,TRUE,"ZH","Kappel am Albis","Kappel am Albis","Kappel am Albis","Kappel am Albis ZH","Kappel am Albis (ZH)","Kappel am Albis (ZH)","Zürich","Zurich","Zurigo",49.80705194,FALSE,FALSE
1,7,55.05952381,555,453,66.731770833,1025,1536,1008,TRUE,"ZH","Knonau","Knonau","Knonau","Knonau ZH","Knonau (ZH)","Knonau (ZH)","Zürich","Zurich","Zurigo",49.80705194,FALSE,FALSE
1,8,48.979591837,144,150,66.294642857,297,448,294,TRUE,"ZH","Maschwanden","Maschwanden","Maschwanden","Maschwanden ZH","Maschwanden (ZH)","Maschwanden (ZH)","Zürich","Zurich","Zurigo",49.80705194,FALSE,FALSE
1,9,56.700626959,1447,1105,67.908309456,2607,3839,2552,TRUE,"ZH","Mettmenstetten","Mettmenstetten","Mettmenstetten","Mettmenstetten ZH","Mettmenstetten (ZH)","Mettmenstetten (ZH)","Zürich","Zurich","Zurigo",49.80705194,FALSE,FALSE
1,10,58.032319392,1221,883,59.078590786,2180,3690,2104,TRUE,"ZH","Obfelden","Obfelden","Obfelden","Obfelden ZH","Obfelden (ZH)","Obfelden (ZH)","Zürich","Zurich","Zurigo",49.80705194,FALSE,FALSE
1,11,57.47734139,761,563,66.190944882,1345,2032,1324,TRUE,"ZH","Ottenbach","Ottenbach","Ottenbach","Ottenbach ZH","Ottenbach (ZH)","Ottenbach (ZH)","Zürich","Zurich","Zurigo",49.80705194,FALSE,FALSE
1,12,49.270664506,304,313,74.117647059,630,850,617,TRUE,"ZH","Rifferswil","Rifferswil","Rifferswil","Rifferswil ZH","Rifferswil (ZH)","Rifferswil (ZH)","Zürich","Zurich","Zurigo",49.80705194,FALSE,FALSE
1,13,56.464709557,904,697,67.289331673,1621,2409,1601,TRUE,"ZH","Stallikon","Stallikon","Stallikon","Stallikon ZH","Stallikon (ZH)","Stallikon (ZH)","Zürich","Zurich","Zurigo",49.80705194,FALSE,FALSE
1,14,60.178065561,1487,984,70.374542382,2499,3551,2471,TRUE,"ZH","Wettswil am Albis","Wettswil am Albis","Wettswil am Albis","Wettswil am Albis ZH","Wettswil am Albis (ZH)","Wettswil am Albis (ZH)","Zürich","Zurich","Zurigo",49.80705194,FALSE,FALSE
1,22,62.686567164,252,150,65.533980583,405,618,402,TRUE,"ZH","Benken ZH","Benken (ZH)","Benken ZH","Benken ZH","Benken (ZH)","Benken (ZH)","Zürich","Zurich","Zurigo",49.80705194,FALSE,FALSE
1,23,67.567567568,225,108,73.175965665,341,466,333,TRUE,"ZH","Berg am Irchel","Berg am Irchel","Berg am Irchel","Berg am Irchel ZH","Berg am Irchel (ZH)","Berg am Irchel (ZH)","Zürich","Zurich","Zurigo",49.80705194,FALSE,FALSE
1,24,61.847389558,308,190,67.810026385,514,758,498,TRUE,"ZH","Buch am Irchel","Buch am Irchel","Buch am Irchel","Buch am Irchel ZH","Buch am Irchel (ZH)","Buch am Irchel (ZH)","Zürich","Zurich","Zurigo",49.80705194,FALSE,FALSE
1,25,57.464454976,485,359,64.3866171,866,1345,844,TRUE,"ZH","Dachsen","Dachsen","Dachsen","Dachsen ZH","Dachsen (ZH)","Dachsen (ZH)","Zürich","Zurich","Zurigo",49.80705194,FALSE,FALSE
1,26,63.812154696,231,131,68.20702403,369,541,362,TRUE,"ZH","Dorf","Dorf","Dorf","Dorf ZH","Dorf (ZH)","Dorf (ZH)","Zürich","Zurich","Zurigo",49.80705194,FALSE,FALSE
1,27,55.253490081,752,609,59.052453469,1396,2364,1361,TRUE,"ZH","Feuerthalen","Feuerthalen","Feuerthalen","Feuerthalen ZH","Feuerthalen (ZH)","Feuerthalen (ZH)","Zürich","Zurich","Zurigo",49.80705194,FALSE,FALSE
1,28,68.489208633,476,219,65.86270872,710,1078,695,TRUE,"ZH","Flaach","Flaach","Flaach","Flaach ZH","Flaach (ZH)","Flaach (ZH)","Zürich","Zurich","Zurigo",49.80705194,FALSE,FALSE
1,29,54.724964739,388,321,71.613545817,719,1004,709,TRUE,"ZH","Flurlingen","Flurlingen","Flurlingen","Flurlingen ZH","Flurlingen (ZH)","Flurlingen (ZH)","Zürich","Zurich","Zurigo",49.80705194,FALSE,FALSE
1,31,61.132075472,648,412,65.53808948,1084,1654,1060,TRUE,"ZH","Henggart","Henggart","Henggart","Henggart ZH","Henggart (ZH)","Henggart (ZH)","Zürich","Zurich","Zurigo",49.80705194,FALSE,FALSE
1,33,60.428849903,620,406,66.243654822,1044,1576,1026,TRUE,"ZH","Kleinandelfingen","Kleinandelfingen","Kleinandelfingen","Kleinandelfingen ZH","Kleinandelfingen (ZH)","Kleinandelfingen (ZH)","Zürich","Zurich","Zurigo",49.80705194,FALSE,FALSE
1,34,63.151658768,533,311,64.323111444,860,1337,844,TRUE,"ZH","Laufen-Uhwiesen","Laufen-Uhwiesen","Laufen-Uhwiesen","Laufen-Uhwiesen ZH","Laufen-Uhwiesen (ZH)","Laufen-Uhwiesen (ZH)","Zürich","Zurich","Zurigo",49.80705194,FALSE,FALSE
1,35,65.118790497,603,323,63.875759622,946,1481,926,TRUE,"ZH","Marthalen","Marthalen","Marthalen","Marthalen ZH","Marthalen (ZH)","Marthalen (ZH)","Zürich","Zurich","Zurigo",49.80705194,FALSE,FALSE
1,37,56.479217604,462,356,64.088820827,837,1306,818,TRUE,"ZH","Ossingen","Ossingen","Ossingen","Ossingen ZH","Ossingen (ZH)","Ossingen (ZH)","Zürich","Zurich","Zurigo",49.80705194,FALSE,FALSE
1,38,48.881239243,284,297,68.329466357,589,862,581,TRUE,"ZH","Rheinau","Rheinau","Rheinau","Rheinau ZH","Rheinau (ZH)","Rheinau (ZH)","Zürich","Zurich","Zurigo",49.80705194,FALSE,FALSE
1,39,61.924686192,296,182,62.435897436,487,780,478,TRUE,"ZH","Thalheim an der Thur","Thalheim an der Thur","Thalheim an der Thur","Thalheim an der Thur ZH","Thalheim an der Thur (ZH)","Thalheim an der Thur (ZH)","Zürich","Zurich","Zurigo",49.80705194,FALSE,FALSE
1,40,60.905349794,296,190,58.117647059,494,850,486,TRUE,"ZH","Trüllikon","Trüllikon","Trüllikon","Trüllikon ZH","Trüllikon (ZH)","Trüllikon (ZH)","Zürich","Zurich","Zurigo",49.80705194,FALSE,FALSE
1,41,55.797101449,154,122,78.813559322,279,354,276,TRUE,"ZH","Truttikon","Truttikon","Truttikon","Truttikon ZH","Truttikon (ZH)","Truttikon (ZH)","Zürich","Zurich","Zurigo",49.80705194,FALSE,FALSE
1,43,68.862275449,115,52,64.015151515,169,264,167,TRUE,"ZH","Volken","Volken","Volken","Volken ZH","Volken (ZH)","Volken (ZH)","Zürich","Zurich","Zurigo",49.80705194,FALSE,FALSE
1,51,61.57779401,843,526,51.886792453,1375,2650,1369,TRUE,"ZH","Bachenbülach","Bachenbülach","Bachenbülach","Bachenbülach ZH","Bachenbülach (ZH)","Bachenbülach (ZH)","Zürich","Zurich","Zurigo",49.80705194,FALSE,FALSE
1,52,56.429114887,2225,1718,55.035577449,4022,7308,3943,TRUE,"ZH","Bassersdorf","Bassersdorf","Bassersdorf","Bassersdorf ZH","Bassersdorf (ZH)","Bassersdorf (ZH)","Zürich","Zurich","Zurigo",49.80705194,FALSE,FALSE
1,53,53.403070235,3931,3430,54.880093301,7529,13719,7361,TRUE,"ZH","Bülach","Bülach","Bülach","Bülach ZH","Bülach (ZH)","Bülach (ZH)","Zürich","Zurich","Zurigo",49.80705194,FALSE,FALSE
1,54,55.886792453,1481,1169,56.008316008,2694,4810,2650,TRUE,"ZH","Dietlikon","Dietlikon","Dietlikon","Dietlikon ZH","Dietlikon (ZH)","Dietlikon (ZH)","Zürich","Zurich","Zurigo",49.80705194,FALSE,FALSE
1,55,52.369995398,1138,1035,63.422337066,2209,3483,2173,TRUE,"ZH","Eglisau","Eglisau","Eglisau","Eglisau ZH","Eglisau (ZH)","Eglisau (ZH)","Zürich","Zurich","Zurigo",49.80705194,FALSE,FALSE
1,56,60.119840213,1806,1198,52.950310559,3069,5796,3004,TRUE,"ZH","Embrach","Embrach","Embrach","Embrach ZH","Embrach (ZH)","Embrach (ZH)","Zürich","Zurich","Zurigo",49.80705194,FALSE,FALSE
1,57,57.976653696,596,432,64.698570541,1041,1609,1028,TRUE,"ZH","Freienstein-Teufen","Freienstein-Teufen","Freienstein-Teufen","Freienstein-Teufen ZH","Freienstein-Teufen (ZH)","Freienstein-Teufen (ZH)","Zürich","Zurich","Zurigo",49.80705194,FALSE,FALSE
1,58,61.203653949,1139,722,57.138554217,1897,3320,1861,TRUE,"ZH","Glattfelden","Glattfelden","Glattfelden","Glattfelden ZH","Glattfelden (ZH)","Glattfelden (ZH)","Zürich","Zurich","Zurigo",49.80705194,FALSE,FALSE
1,59,64.603960396,522,286,60.846953938,819,1346,808,TRUE,"ZH","Hochfelden","Hochfelden","Hochfelden","Hochfelden ZH","Hochfelden (ZH)","Hochfelden (ZH)","Zürich","Zurich","Zurigo",49.80705194,FALSE,FALSE
1,60,60.67961165,500,324,47.359454855,834,1761,824,TRUE,"ZH","Höri","Höri","Höri","Höri ZH","Höri (ZH)","Höri (ZH)","Zürich","Zurich","Zurigo",49.80705194,FALSE,FALSE
1,61,62.772277228,317,188,65.53030303,519,792,505,TRUE,"ZH","Hüntwangen","Hüntwangen","Hüntwangen","Hüntwangen ZH","Hüntwangen (ZH)","Hüntwangen (ZH)","Zürich","Zurich","Zurigo",49.80705194,FALSE,FALSE
1,62,55.064277367,2827,2307,46.630415404,5231,11218,5134,TRUE,"ZH","Kloten","Kloten","Kloten","Kloten ZH","Kloten (ZH)","Kloten (ZH)","Zürich","Zurich","Zurigo",49.80705194,FALSE,FALSE
1,63,60.829493088,660,425,62.273755656,1101,1768,1085,TRUE,"ZH","Lufingen","Lufingen","Lufingen","Lufingen ZH","Lufingen (ZH)","Lufingen (ZH)","Zürich","Zurich","Zurigo",49.80705194,FALSE,FALSE
1,64,65.985576923,1647,849,63.01369863,2530,4015,2496,TRUE,"ZH","Nürensdorf","Nürensdorf","Nürensdorf","Nürensdorf ZH","Nürensdorf (ZH)","Nürensdorf (ZH)","Zürich","Zurich","Zurigo",49.80705194,FALSE,FALSE
1,65,64.326375712,339,188,65.886699507,535,812,527,TRUE,"ZH","Oberembrach","Oberembrach","Oberembrach","Oberembrach ZH","Oberembrach (ZH)","Oberembrach (ZH)","Zürich","Zurich","Zurigo",49.80705194,FALSE,FALSE
1,66,53.017689906,2038,1806,43.03672934,3937,9148,3844,TRUE,"ZH","Opfikon","Opfikon","Opfikon","Opfikon ZH","Opfikon (ZH)","Opfikon (ZH)","Zürich","Zurich","Zurigo",49.80705194,FALSE,FALSE
1,67,58.121964382,1077,776,63.546146212,1921,3023,1853,TRUE,"ZH","Rafz","Rafz","Rafz","Rafz ZH","Rafz (ZH)","Rafz (ZH)","Zürich","Zurich","Zurigo",49.80705194,FALSE,FALSE
1,68,56.575963719,499,383,51.983898792,904,1739,882,TRUE,"ZH","Rorbas","Rorbas","Rorbas","Rorbas ZH","Rorbas (ZH)","Rorbas (ZH)","Zürich","Zurich","Zurigo",49.80705194,FALSE,FALSE
1,69,52.970852018,2835,2517,56.024590164,5468,9760,5352,TRUE,"ZH","Wallisellen","Wallisellen","Wallisellen","Wallisellen ZH","Wallisellen (ZH)","Wallisellen (ZH)","Zürich","Zurich","Zurigo",49.80705194,FALSE,FALSE
1,70,63.272727273,174,101,66.276346604,283,427,275,TRUE,"ZH","Wasterkingen","Wasterkingen","Wasterkingen","Wasterkingen ZH","Wasterkingen (ZH)","Wasterkingen (ZH)","Zürich","Zurich","Zurigo",49.80705194,FALSE,FALSE
1,71,61.581137309,444,277,67.311233886,731,1086,721,TRUE,"ZH","Wil ZH","Wil (ZH)","Wil ZH","Wil ZH","Wil (ZH)","Wil (ZH)","Zürich","Zurich","Zurigo",49.80705194,FALSE,FALSE
1,72,65.282846715,1431,761,64.443797321,2213,3434,2192,TRUE,"ZH","Winkel","Winkel","Winkel","Winkel ZH","Winkel (ZH)","Winkel (ZH)","Zürich","Zurich","Zurigo",49.80705194,FALSE,FALSE
1,81,61.643835616,180,112,64.565217391,297,460,292,TRUE,"ZH","Bachs","Bachs","Bachs","Bachs ZH","Bachs (ZH)","Bachs (ZH)","Zürich","Zurich","Zurigo",49.80705194,FALSE,FALSE
1,82,63.095238095,424,248,68.436873747,683,998,672,TRUE,"ZH","Boppelsen","Boppelsen","Boppelsen","Boppelsen ZH","Boppelsen (ZH)","Boppelsen (ZH)","Zürich","Zurich","Zurigo",49.80705194,FALSE,FALSE
1,83,59.084473808,1252,867,54.85757884,2157,3932,2119,TRUE,"ZH","Buchs ZH","Buchs (ZH)","Buchs ZH","Buchs ZH","Buchs (ZH)","Buchs (ZH)","Zürich","Zurich","Zurigo",49.80705194,FALSE,FALSE
1,84,58.100558659,728,525,51.835236542,1271,2452,1253,TRUE,"ZH","Dällikon","Dällikon","Dällikon","Dällikon ZH","Dällikon (ZH)","Dällikon (ZH)","Zürich","Zurich","Zurigo",49.80705194,FALSE,FALSE
1,85,57.401315789,349,259,58.215962441,620,1065,608,TRUE,"ZH","Dänikon","Dänikon","Dänikon","Dänikon ZH","Dänikon (ZH)","Dänikon (ZH)","Zürich","Zurich","Zurigo",49.80705194,FALSE,FALSE
1,86,58.432797094,1126,801,54.168967421,1962,3622,1927,TRUE,"ZH","Dielsdorf","Dielsdorf","Dielsdorf","Dielsdorf ZH","Dielsdorf (ZH)","Dielsdorf (ZH)","Zürich","Zurich","Zurigo",49.80705194,FALSE,FALSE
1,87,60.8,228,147,64.965986395,382,588,375,TRUE,"ZH","Hüttikon","Hüttikon","Hüttikon","Hüttikon ZH","Hüttikon (ZH)","Hüttikon (ZH)","Zürich","Zurich","Zurigo",49.80705194,FALSE,FALSE
1,88,67.637745408,1068,511,67.354675653,1599,2374,1579,TRUE,"ZH","Neerach","Neerach","Neerach","Neerach ZH","Neerach (ZH)","Neerach (ZH)","Zürich","Zurich","Zurigo",49.80705194,FALSE,FALSE
1,89,58.837209302,1012,708,54.078177901,1757,3249,1720,TRUE,"ZH","Niederglatt","Niederglatt","Niederglatt","Niederglatt ZH","Niederglatt (ZH)","Niederglatt (ZH)","Zürich","Zurich","Zurigo",49.80705194,FALSE,FALSE
1,90,59.390862944,1755,1200,53.151558074,3002,5648,2955,TRUE,"ZH","Niederhasli","Niederhasli","Niederhasli","Niederhasli ZH","Niederhasli (ZH)","Niederhasli (ZH)","Zürich","Zurich","Zurigo",49.80705194,FALSE,FALSE
1,91,53.724604966,714,615,63.120899719,1347,2134,1329,TRUE,"ZH","Niederweningen","Niederweningen","Niederweningen","Niederweningen ZH","Niederweningen (ZH)","Niederweningen (ZH)","Zürich","Zurich","Zurigo",49.80705194,FALSE,FALSE
1,92,57.44047619,965,715,45.230524642,1707,3774,1680,TRUE,"ZH","Oberglatt","Oberglatt","Oberglatt","Oberglatt ZH","Oberglatt (ZH)","Oberglatt (ZH)","Zürich","Zurich","Zurigo",49.80705194,FALSE,FALSE
1,93,60.91954023,477,306,65.327868852,797,1220,783,TRUE,"ZH","Oberweningen","Oberweningen","Oberweningen","Oberweningen ZH","Oberweningen (ZH)","Oberweningen (ZH)","Zürich","Zurich","Zurigo",49.80705194,FALSE,FALSE
1,94,55.879828326,651,514,66.946778711,1195,1785,1165,TRUE,"ZH","Otelfingen","Otelfingen","Otelfingen","Otelfingen ZH","Otelfingen (ZH)","Otelfingen (ZH)","Zürich","Zurich","Zurigo",49.80705194,FALSE,FALSE
1,95,58.018867925,123,89,69.25566343,214,309,212,TRUE,"ZH","Regensberg","Regensberg","Regensberg","Regensberg ZH","Regensberg (ZH)","Regensberg (ZH)","Zürich","Zurich","Zurigo",49.80705194,FALSE,FALSE
1,96,55.870917574,2874,2270,50.908919657,5405,10617,5144,TRUE,"ZH","Regensdorf","Regensdorf","Regensdorf","Regensdorf ZH","Regensdorf (ZH)","Regensdorf (ZH)","Zürich","Zurich","Zurigo",49.80705194,FALSE,FALSE
1,97,56.055830707,1245,976,50.044014085,2274,4544,2221,TRUE,"ZH","Rümlang","Rümlang","Rümlang","Rümlang ZH","Rümlang (ZH)","Rümlang (ZH)","Zürich","Zurich","Zurigo",49.80705194,FALSE,FALSE
1,98,59.137055838,233,161,63.349131122,401,633,394,TRUE,"ZH","Schleinikon","Schleinikon","Schleinikon","Schleinikon ZH","Schleinikon (ZH)","Schleinikon (ZH)","Zürich","Zurich","Zurigo",49.80705194,FALSE,FALSE
1,99,62.808641975,407,241,69.376979937,657,947,648,TRUE,"ZH","Schöfflisdorf","Schöfflisdorf","Schöfflisdorf","Schöfflisdorf ZH","Schöfflisdorf (ZH)","Schöfflisdorf (ZH)","Zürich","Zurich","Zurigo",49.80705194,FALSE,FALSE
1,100,64.50617284,627,345,58.064516129,990,1705,972,TRUE,"ZH","Stadel","Stadel","Stadel","Stadel ZH","Stadel (ZH)","Stadel (ZH)","Zürich","Zurich","Zurigo",49.80705194,FALSE,FALSE
1,101,60.960960961,812,520,62.402923709,1366,2189,1332,TRUE,"ZH","Steinmaur","Steinmaur","Steinmaur","Steinmaur ZH","Steinmaur (ZH)","Steinmaur (ZH)","Zürich","Zurich","Zurigo",49.80705194,FALSE,FALSE
1,102,62.352941176,371,224,50.37468776,605,1201,595,TRUE,"ZH","Weiach","Weiach","Weiach","Weiach ZH","Weiach (ZH)","Weiach (ZH)","Zürich","Zurich","Zurigo",49.80705194,FALSE,FALSE
1,111,61.745513866,1514,938,67.69146308,2466,3643,2452,TRUE,"ZH","Bäretswil","Bäretswil","Bäretswil","Bäretswil ZH","Bäretswil (ZH)","Bäretswil (ZH)","Zürich","Zurich","Zurigo",49.80705194,FALSE,FALSE
1,112,56.484641638,1986,1530,65.551900585,3587,5472,3516,TRUE,"ZH","Bubikon","Bubikon","Bubikon","Bubikon ZH","Bubikon (ZH)","Bubikon (ZH)","Zürich","Zurich","Zurigo",49.80705194,FALSE,FALSE
1,113,56.595613222,1832,1405,62.972869698,3296,5234,3237,TRUE,"ZH","Dürnten","Dürnten","Dürnten","Dürnten ZH","Dürnten (ZH)","Dürnten (ZH)","Zürich","Zurich","Zurigo",49.80705194,FALSE,FALSE
1,114,65.421372719,753,398,66.030320045,1176,1781,1151,TRUE,"ZH","Fischenthal","Fischenthal","Fischenthal","Fischenthal ZH","Fischenthal (ZH)","Fischenthal (ZH)","Zürich","Zurich","Zurigo",49.80705194,FALSE,FALSE
1,115,60.316384181,2669,1756,61.894939494,4501,7272,4425,TRUE,"ZH","Gossau ZH","Gossau (ZH)","Gossau ZH","Gossau ZH","Gossau (ZH)","Gossau (ZH)","Zürich","Zurich","Zurigo",49.80705194,FALSE,FALSE
1,116,58.143822987,946,681,62.736921911,1655,2638,1627,TRUE,"ZH","Grüningen","Grüningen","Grüningen","Grüningen ZH","Grüningen (ZH)","Grüningen (ZH)","Zürich","Zurich","Zurigo",49.80705194,FALSE,FALSE
1,117,62.046491419,2856,1747,59.827103992,4706,7866,4603,TRUE,"ZH","Hinwil","Hinwil","Hinwil","Hinwil ZH","Hinwil (ZH)","Hinwil (ZH)","Zürich","Zurich","Zurigo",49.80705194,FALSE,FALSE
1,118,54.237288136,2240,1890,54.037027513,4203,7778,4130,TRUE,"ZH","Rüti ZH","Rüti (ZH)","Rüti ZH","Rüti ZH","Rüti (ZH)","Rüti (ZH)","Zürich","Zurich","Zurigo",49.80705194,FALSE,FALSE
1,119,57.645259939,377,277,67.787971458,665,981,654,TRUE,"ZH","Seegräben","Seegräben","Seegräben","Seegräben ZH","Seegräben (ZH)","Seegräben (ZH)","Zürich","Zurich","Zurigo",49.80705194,FALSE,FALSE
1,120,54.015616286,1937,1649,57.741578365,3651,6323,3586,TRUE,"ZH","Wald ZH","Wald (ZH)","Wald ZH","Wald ZH","Wald (ZH)","Wald (ZH)","Zürich","Zurich","Zurigo",49.80705194,FALSE,FALSE
1,121,51.368421053,4392,4158,55.212894219,8701,15759,8550,TRUE,"ZH","Wetzikon ZH","Wetzikon (ZH)","Wetzikon ZH","Wetzikon ZH","Wetzikon (ZH)","Wetzikon (ZH)","Zürich","Zurich","Zurigo",49.80705194,FALSE,FALSE
1,131,51.447947214,2807,2649,57.298072981,5590,9756,5456,TRUE,"ZH","Adliswil","Adliswil","Adliswil","Adliswil ZH","Adliswil (ZH)","Adliswil (ZH)","Zürich","Zurich","Zurigo",49.80705194,FALSE,FALSE
1,135,58.535127055,1958,1387,67.574552684,3399,5030,3345,TRUE,"ZH","Kilchberg ZH","Kilchberg (ZH)","Kilchberg ZH","Kilchberg ZH","Kilchberg (ZH)","Kilchberg (ZH)","Zürich","Zurich","Zurigo",49.80705194,FALSE,FALSE
1,136,54.611474219,1504,1250,62.92311141,2807,4461,2754,TRUE,"ZH","Langnau am Albis","Langnau am Albis","Langnau am Albis","Langnau am Albis ZH","Langnau am Albis (ZH)","Langnau am Albis (ZH)","Zürich","Zurich","Zurigo",49.80705194,FALSE,FALSE
1,137,53.598971722,1251,1083,70.760059613,2374,3355,2334,TRUE,"ZH","Oberrieden","Oberrieden","Oberrieden","Oberrieden ZH","Oberrieden (ZH)","Oberrieden (ZH)","Zürich","Zurich","Zurigo",49.80705194,FALSE,FALSE
1,138,55.390070922,3124,2516,62.559652928,5768,9220,5640,TRUE,"ZH","Richterswil","Richterswil","Richterswil","Richterswil ZH","Richterswil (ZH)","Richterswil (ZH)","Zürich","Zurich","Zurigo",49.80705194,FALSE,FALSE
1,139,57.890365449,1394,1014,69.287539029,2441,3523,2408,TRUE,"ZH","Rüschlikon","Rüschlikon","Rüschlikon","Rüschlikon ZH","Rüschlikon (ZH)","Rüschlikon (ZH)","Zürich","Zurich","Zurigo",49.80705194,FALSE,FALSE
1,141,53.432747675,3619,3154,65.392620624,6912,10570,6773,TRUE,"ZH","Thalwil","Thalwil","Thalwil","Thalwil ZH","Thalwil (ZH)","Thalwil (ZH)","Zürich","Zurich","Zurigo",49.80705194,FALSE,FALSE
1,151,63.432531594,1556,897,71.469492982,2495,3491,2453,TRUE,"ZH","Erlenbach ZH","Erlenbach (ZH)","Erlenbach ZH","Erlenbach ZH","Erlenbach (ZH)","Erlenbach (ZH)","Zürich","Zurich","Zurigo",49.80705194,FALSE,FALSE
1,152,66.611624835,2017,1011,73.418925345,3088,4206,3028,TRUE,"ZH","Herrliberg","Herrliberg","Herrliberg","Herrliberg ZH","Herrliberg (ZH)","Herrliberg (ZH)","Zürich","Zurich","Zurigo",49.80705194,FALSE,FALSE
1,153,58.349595762,2093,1494,61.68699187,3642,5904,3587,TRUE,"ZH","Hombrechtikon","Hombrechtikon","Hombrechtikon","Hombrechtikon ZH","Hombrechtikon (ZH)","Hombrechtikon (ZH)","Zürich","Zurich","Zurigo",49.80705194,FALSE,FALSE
1,154,62.870309414,3820,2256,71.134481987,6358,8938,6076,TRUE,"ZH","Küsnacht ZH","Küsnacht (ZH)","Küsnacht ZH","Küsnacht ZH","Küsnacht (ZH)","Küsnacht (ZH)","Zürich","Zurich","Zurigo",49.80705194,FALSE,FALSE
1,155,55.579610313,2824,2257,68.427323272,5169,7554,5081,TRUE,"ZH","Männedorf","Männedorf","Männedorf","Männedorf ZH","Männedorf (ZH)","Männedorf (ZH)","Zürich","Zurich","Zurigo",49.80705194,FALSE,FALSE
1,156,59.794135995,3834,2578,71.160609613,6677,9383,6412,TRUE,"ZH","Meilen","Meilen","Meilen","Meilen ZH","Meilen (ZH)","Meilen (ZH)","Zürich","Zurich","Zurigo",49.80705194,FALSE,FALSE
1,157,57.606490872,852,627,53.213909378,1515,2847,1479,TRUE,"ZH","Oetwil am See","Oetwil am See","Oetwil am See","Oetwil am See ZH","Oetwil am See (ZH)","Oetwil am See (ZH)","Zürich","Zurich","Zurigo",49.80705194,FALSE,FALSE
1,158,54.433893353,3726,3119,69.062252181,6967,10088,6845,TRUE,"ZH","Stäfa","Stäfa","Stäfa","Stäfa ZH","Stäfa (ZH)","Stäfa (ZH)","Zürich","Zurich","Zurigo",49.80705194,FALSE,FALSE
1,159,57.951388889,1669,1211,68.195506139,2944,4317,2880,TRUE,"ZH","Uetikon am See","Uetikon am See","Uetikon am See","Uetikon am See ZH","Uetikon am See (ZH)","Uetikon am See (ZH)","Zürich","Zurich","Zurigo",49.80705194,FALSE,FALSE
1,160,67.371252882,1753,849,74.32735426,2652,3568,2602,TRUE,"ZH","Zumikon","Zumikon","Zumikon","Zumikon ZH","Zumikon (ZH)","Zumikon (ZH)","Zürich","Zurich","Zurigo",49.80705194,FALSE,FALSE
1,161,58.635547576,3266,2304,70.930374345,5817,8201,5570,TRUE,"ZH","Zollikon","Zollikon","Zollikon","Zollikon ZH","Zollikon (ZH)","Zollikon (ZH)","Zürich","Zurich","Zurigo",49.80705194,FALSE,FALSE
1,172,59.718969555,1530,1032,59.19384058,2614,4416,2562,TRUE,"ZH","Fehraltorf","Fehraltorf","Fehraltorf","Fehraltorf ZH","Fehraltorf (ZH)","Fehraltorf (ZH)","Zürich","Zurich","Zurigo",49.80705194,FALSE,FALSE
1,173,59.842961301,1067,716,65.15204474,1864,2861,1783,TRUE,"ZH","Hittnau","Hittnau","Hittnau","Hittnau ZH","Hittnau (ZH)","Hittnau (ZH)","Zürich","Zurich","Zurigo",49.80705194,FALSE,FALSE
1,176,62.005395683,1379,845,61.115624154,2257,3693,2224,TRUE,"ZH","Lindau","Lindau","Lindau","Lindau ZH","Lindau (ZH)","Lindau (ZH)","Zürich","Zurich","Zurigo",49.80705194,FALSE,FALSE
1,177,53.015372487,2690,2384,60.872127283,5165,8485,5074,TRUE,"ZH","Pfäffikon","Pfäffikon","Pfäffikon","Pfäffikon ZH","Pfäffikon (ZH)","Pfäffikon (ZH)","Zürich","Zurich","Zurigo",49.80705194,FALSE,FALSE
1,178,62.212432697,1271,772,64.594342555,2078,3217,2043,TRUE,"ZH","Russikon","Russikon","Russikon","Russikon ZH","Russikon (ZH)","Russikon (ZH)","Zürich","Zurich","Zurigo",49.80705194,FALSE,FALSE
1,180,65.098537826,1024,549,65.645424837,1607,2448,1573,TRUE,"ZH","Weisslingen","Weisslingen","Weisslingen","Weisslingen ZH","Weisslingen (ZH)","Weisslingen (ZH)","Zürich","Zurich","Zurigo",49.80705194,FALSE,FALSE
1,181,60.889395667,534,343,60.610169492,894,1475,877,TRUE,"ZH","Wila","Wila","Wila","Wila ZH","Wila (ZH)","Wila (ZH)","Zürich","Zurich","Zurigo",49.80705194,FALSE,FALSE
1,182,61.568627451,314,196,71.270718232,516,724,510,TRUE,"ZH","Wildberg","Wildberg","Wildberg","Wildberg ZH","Wildberg (ZH)","Wildberg (ZH)","Zürich","Zurich","Zurigo",49.80705194,FALSE,FALSE
1,191,52.411340098,5010,4549,56.316063074,9750,17313,9559,TRUE,"ZH","Dübendorf","Dübendorf","Dübendorf","Dübendorf ZH","Dübendorf (ZH)","Dübendorf (ZH)","Zürich","Zurich","Zurigo",49.80705194,FALSE,FALSE
1,192,57.384212059,1970,1463,64.874616634,3596,5543,3433,TRUE,"ZH","Egg","Egg","Egg","Egg ZH","Egg (ZH)","Egg (ZH)","Zürich","Zurich","Zurigo",49.80705194,FALSE,FALSE
1,193,54.409063074,1777,1489,58.615221987,3327,5676,3266,TRUE,"ZH","Fällanden","Fällanden","Fällanden","Fällanden ZH","Fällanden (ZH)","Fällanden (ZH)","Zürich","Zurich","Zurigo",49.80705194,FALSE,FALSE
1,194,53.868756121,1100,942,61.142349808,2066,3379,2042,TRUE,"ZH","Greifensee","Greifensee","Greifensee","Greifensee ZH","Greifensee (ZH)","Greifensee (ZH)","Zürich","Zurich","Zurigo",49.80705194,FALSE,FALSE
1,195,59.707275075,2774,1872,68.452380952,4715,6888,4646,TRUE,"ZH","Maur","Maur","Maur","Maur ZH","Maur (ZH)","Maur (ZH)","Zürich","Zurich","Zurigo",49.80705194,FALSE,FALSE
1,196,53.036211699,952,843,63.349514563,1827,2884,1795,TRUE,"ZH","Mönchaltorf","Mönchaltorf","Mönchaltorf","Mönchaltorf ZH","Mönchaltorf (ZH)","Mönchaltorf (ZH)","Zürich","Zurich","Zurigo",49.80705194,FALSE,FALSE
1,197,53.205849269,946,832,59.580740255,1819,3053,1778,TRUE,"ZH","Schwerzenbach","Schwerzenbach","Schwerzenbach","Schwerzenbach ZH","Schwerzenbach (ZH)","Schwerzenbach (ZH)","Zürich","Zurich","Zurigo",49.80705194,FALSE,FALSE
1,198,47.318478948,6732,7495,63.598050836,14487,22779,14227,TRUE,"ZH","Uster","Uster","Uster","Uster ZH","Uster (ZH)","Uster (ZH)","Zürich","Zurich","Zurigo",49.80705194,FALSE,FALSE
1,199,59.791082008,3835,2579,55.587808418,6511,11713,6414,TRUE,"ZH","Volketswil","Volketswil","Volketswil","Volketswil ZH","Volketswil (ZH)","Volketswil (ZH)","Zürich","Zurich","Zurigo",49.80705194,FALSE,FALSE
1,200,57.417371253,1494,1108,55.212032588,2643,4787,2602,TRUE,"ZH","Wangen-Brüttisellen","Wangen-Brüttisellen","Wangen-Brüttisellen","Wangen-Brüttisellen ZH","Wangen-Brüttisellen (ZH)","Wangen-Brüttisellen (ZH)","Zürich","Zurich","Zurigo",49.80705194,FALSE,FALSE
1,211,63.585434174,227,130,65.162454874,361,554,357,TRUE,"ZH","Altikon","Altikon","Altikon","Altikon ZH","Altikon (ZH)","Altikon (ZH)","Zürich","Zurich","Zurigo",49.80705194,FALSE,FALSE
1,213,64.915254237,766,414,72.028811525,1200,1666,1180,TRUE,"ZH","Brütten","Brütten","Brütten","Brütten ZH","Brütten (ZH)","Brütten (ZH)","Zürich","Zurich","Zurigo",49.80705194,FALSE,FALSE
1,214,60.191082803,378,250,70.801317234,645,911,628,TRUE,"ZH","Dägerlen","Dägerlen","Dägerlen","Dägerlen ZH","Dägerlen (ZH)","Dägerlen (ZH)","Zürich","Zurich","Zurigo",49.80705194,FALSE,FALSE
1,215,54.788418708,246,203,73.407643312,461,628,449,TRUE,"ZH","Dättlikon","Dättlikon","Dättlikon","Dättlikon ZH","Dättlikon (ZH)","Dättlikon (ZH)","Zürich","Zurich","Zurigo",49.80705194,FALSE,FALSE
1,216,62.386363636,549,331,70.919175911,895,1262,880,TRUE,"ZH","Dinhard","Dinhard","Dinhard","Dinhard ZH","Dinhard (ZH)","Dinhard (ZH)","Zürich","Zurich","Zurigo",49.80705194,FALSE,FALSE
1,218,61.111111111,286,182,65.034013605,478,735,468,TRUE,"ZH","Ellikon an der Thur","Ellikon an der Thur","Ellikon an der Thur","Ellikon an der Thur ZH","Ellikon an der Thur (ZH)","Ellikon an der Thur (ZH)","Zürich","Zurich","Zurigo",49.80705194,FALSE,FALSE
1,219,54.759036145,909,751,65.444015444,1695,2590,1660,TRUE,"ZH","Elsau","Elsau","Elsau","Elsau ZH","Elsau (ZH)","Elsau (ZH)","Zürich","Zurich","Zurigo",49.80705194,FALSE,FALSE
1,220,66.736401674,319,159,61.654135338,492,798,478,TRUE,"ZH","Hagenbuch","Hagenbuch","Hagenbuch","Hagenbuch ZH","Hagenbuch (ZH)","Hagenbuch (ZH)","Zürich","Zurich","Zurigo",49.80705194,FALSE,FALSE
1,221,59.436788496,992,677,72.969488612,1698,2327,1669,TRUE,"ZH","Hettlingen","Hettlingen","Hettlingen","Hettlingen ZH","Hettlingen (ZH)","Hettlingen (ZH)","Zürich","Zurich","Zurigo",49.80705194,FALSE,FALSE
1,223,60.265700483,1497,987,63.312577833,2542,4015,2484,TRUE,"ZH","Neftenbach","Neftenbach","Neftenbach","Neftenbach ZH","Neftenbach (ZH)","Neftenbach (ZH)","Zürich","Zurich","Zurigo",49.80705194,FALSE,FALSE
1,224,57.101238165,784,589,56.611403154,1400,2473,1373,TRUE,"ZH","Pfungen","Pfungen","Pfungen","Pfungen ZH","Pfungen (ZH)","Pfungen (ZH)","Zürich","Zurich","Zurigo",49.80705194,FALSE,FALSE
1,225,58.665581774,721,508,63.147208122,1244,1970,1229,TRUE,"ZH","Rickenbach ZH","Rickenbach (ZH)","Rickenbach ZH","Rickenbach ZH","Rickenbach (ZH)","Rickenbach (ZH)","Zürich","Zurich","Zurigo",49.80705194,FALSE,FALSE
1,226,56.712328767,207,158,67.58747698,367,543,365,TRUE,"ZH","Schlatt ZH","Schlatt (ZH)","Schlatt ZH","Schlatt ZH","Schlatt (ZH)","Schlatt (ZH)","Zürich","Zurich","Zurigo",49.80705194,FALSE,FALSE
1,227,59.87224158,2062,1382,64.536340852,3605,5586,3444,TRUE,"ZH","Seuzach","Seuzach","Seuzach","Seuzach ZH","Seuzach (ZH)","Seuzach (ZH)","Zürich","Zurich","Zurigo",49.80705194,FALSE,FALSE
1,228,56.897477187,1060,803,56.755144647,1903,3353,1863,TRUE,"ZH","Turbenthal","Turbenthal","Turbenthal","Turbenthal ZH","Turbenthal (ZH)","Turbenthal (ZH)","Zürich","Zurich","Zurigo",49.80705194,FALSE,FALSE
1,230,38.834683992,16916,26643,61.574439232,44498,72267,43559,TRUE,"ZH","Winterthur","Winterthour","Winterthour","Winterthur ZH","Winterthour (ZH)","Winterthour (ZH)","Zürich","Zurich","Zurigo",49.80705194,FALSE,FALSE
1,231,54.946466809,1283,1052,55.982100801,2377,4246,2335,TRUE,"ZH","Zell ZH","Zell (ZH)","Zell ZH","Zell ZH","Zell (ZH)","Zell (ZH)","Zürich","Zurich","Zurigo",49.80705194,FALSE,FALSE
1,241,63.853904282,507,287,75.139664804,807,1074,794,TRUE,"ZH","Aesch ZH","Aesch (ZH)","Aesch ZH","Aesch ZH","Aesch (ZH)","Aesch (ZH)","Zürich","Zurich","Zurigo",49.80705194,FALSE,FALSE
1,242,54.906876791,1533,1259,63.224516989,2847,4503,2792,TRUE,"ZH","Birmensdorf ZH","Birmensdorf (ZH)","Birmensdorf ZH","Birmensdorf ZH","Birmensdorf (ZH)","Birmensdorf (ZH)","Zürich","Zurich","Zurigo",49.80705194,FALSE,FALSE
1,243,51.794778825,2857,2659,47.63117677,5610,11778,5516,TRUE,"ZH","Dietikon","Dietikon","Dietikon","Dietikon ZH","Dietikon (ZH)","Dietikon (ZH)","Zürich","Zurich","Zurigo",49.80705194,FALSE,FALSE
1,244,59.42513369,889,607,50.985633144,1526,2993,1496,TRUE,"ZH","Geroldswil","Geroldswil","Geroldswil","Geroldswil ZH","Geroldswil (ZH)","Geroldswil (ZH)","Zürich","Zurich","Zurigo",49.80705194,FALSE,FALSE
1,245,54.027504912,1100,936,55.084067254,2064,3747,2036,TRUE,"ZH","Oberengstringen","Oberengstringen","Oberengstringen","Oberengstringen ZH","Oberengstringen (ZH)","Oberengstringen (ZH)","Zürich","Zurich","Zurigo",49.80705194,FALSE,FALSE
1,246,63.654223969,648,370,59.896432681,1041,1738,1018,TRUE,"ZH","Oetwil an der Limmat","Oetwil an der Limmat","Oetwil an der Limmat","Oetwil an der Limmat ZH","Oetwil an der Limmat (ZH)","Oetwil an der Limmat (ZH)","Zürich","Zurich","Zurigo",49.80705194,FALSE,FALSE
1,247,46.100206612,1785,2087,44.490574506,3965,8912,3872,TRUE,"ZH","Schlieren","Schlieren","Schlieren","Schlieren ZH","Schlieren (ZH)","Schlieren (ZH)","Zürich","Zurich","Zurigo",49.80705194,FALSE,FALSE
1,248,64.540117417,1649,906,72.257884454,2589,3583,2555,TRUE,"ZH","Uitikon","Uitikon","Uitikon","Uitikon ZH","Uitikon (ZH)","Uitikon (ZH)","Zürich","Zurich","Zurigo",49.80705194,FALSE,FALSE
1,249,58.375634518,920,656,61.254328588,1592,2599,1576,TRUE,"ZH","Unterengstringen","Unterengstringen","Unterengstringen","Unterengstringen ZH","Unterengstringen (ZH)","Unterengstringen (ZH)","Zürich","Zurich","Zurigo",49.80705194,FALSE,FALSE
1,250,56.140350877,1952,1525,57.569850552,3544,6156,3477,TRUE,"ZH","Urdorf","Urdorf","Urdorf","Urdorf ZH","Urdorf (ZH)","Urdorf (ZH)","Zürich","Zurich","Zurigo",49.80705194,FALSE,FALSE
1,251,59.431045145,961,656,55.809199319,1638,2935,1617,TRUE,"ZH","Weiningen ZH","Weiningen (ZH)","Weiningen ZH","Weiningen ZH","Weiningen (ZH)","Weiningen (ZH)","Zürich","Zurich","Zurigo",49.80705194,FALSE,FALSE
1,261,35.252113283,52379,96205,63.63319401,151482,238055,148584,TRUE,"ZH","Zürich","Zurich","Zurigo","Zürich ZH","Zurich (ZH)","Zurigo (ZH)","Zürich","Zurich","Zurigo",49.80705194,FALSE,FALSE
1,291,59.033371692,1026,712,68.461836497,1767,2581,1738,TRUE,"ZH","Andelfingen","Andelfingen","Andelfingen","Andelfingen ZH","Andelfingen (ZH)","Andelfingen (ZH)","Zürich","Zurich","Zurigo",49.80705194,FALSE,FALSE
1,292,57.575757576,817,602,68.352059925,1460,2136,1419,TRUE,"ZH","Stammheim","Stammheim","Stammheim","Stammheim ZH","Stammheim (ZH)","Stammheim (ZH)","Zürich","Zurich","Zurigo",49.80705194,FALSE,FALSE
1,293,55.183381374,5552,4509,63.03346638,10265,16285,10061,TRUE,"ZH","Wädenswil","Wädenswil","Wädenswil","Wädenswil ZH","Wädenswil (ZH)","Wädenswil (ZH)","Zürich","Zurich","Zurigo",49.80705194,FALSE,FALSE
1,294,54.549785612,1145,954,62.143273151,2134,3434,2099,TRUE,"ZH","Elgg","Elgg","Elgg","Elgg ZH","Elgg (ZH)","Elgg (ZH)","Zürich","Zurich","Zurigo",49.80705194,FALSE,FALSE
1,295,53.584251579,4328,3749,60.046694878,8230,13706,8077,TRUE,"ZH","Horgen","Horgen","Horgen","Horgen ZH","Horgen (ZH)","Horgen (ZH)","Zürich","Zurich","Zurigo",49.80705194,FALSE,FALSE
1,296,55.295759902,3169,2562,56.501982017,5844,10343,5731,TRUE,"ZH","Illnau-Effretikon","Illnau-Effretikon","Illnau-Effretikon","Illnau-Effretikon ZH","Illnau-Effretikon (ZH)","Illnau-Effretikon (ZH)","Zürich","Zurich","Zurigo",49.80705194,FALSE,FALSE
1,297,62.825983879,1325,784,59.743160246,2140,3582,2109,TRUE,"ZH","Bauma","Bauma","Bauma","Bauma ZH","Bauma (ZH)","Bauma (ZH)","Zürich","Zurich","Zurigo",49.80705194,FALSE,FALSE
1,298,57.565588774,1887,1391,67.868051313,3333,4911,3278,TRUE,"ZH","Wiesendangen","Wiesendangen","Wiesendangen","Wiesendangen ZH","Wiesendangen (ZH)","Wiesendangen (ZH)","Zürich","Zurich","Zurigo",49.80705194,FALSE,FALSE
2,301,56.320081549,1105,857,59.695249477,1998,3347,1962,TRUE,"BE","Aarberg","Aarberg","Aarberg","Aarberg BE","Aarberg (BE)","Aarberg (BE)","Bern","Berne","Berna",50.189213247,FALSE,FALSE
2,302,60.693641618,315,204,64.068209501,526,821,519,TRUE,"BE","Bargen BE","Bargen (BE)","Bargen BE","Bargen BE","Bargen (BE)","Bargen (BE)","Bern","Berne","Berna",50.189213247,FALSE,FALSE
2,303,57.36946464,868,645,63.34971335,1547,2442,1513,TRUE,"BE","Grossaffoltern","Grossaffoltern","Grossaffoltern","Grossaffoltern BE","Grossaffoltern (BE)","Grossaffoltern (BE)","Bern","Berne","Berna",50.189213247,FALSE,FALSE
2,304,62.563067608,620,371,59.669811321,1012,1696,991,TRUE,"BE","Kallnach","Kallnach","Kallnach","Kallnach BE","Kallnach (BE)","Kallnach (BE)","Bern","Berne","Berna",50.189213247,FALSE,FALSE
2,305,59.077380952,397,275,62.226277372,682,1096,672,TRUE,"BE","Kappelen","Kappelen","Kappelen","Kappelen BE","Kappelen (BE)","Kappelen (BE)","Bern","Berne","Berna",50.189213247,FALSE,FALSE
2,306,54.045138889,3113,2647,54.560638397,5880,10777,5760,TRUE,"BE","Lyss","Lyss","Lyss","Lyss BE","Lyss (BE)","Lyss (BE)","Bern","Berne","Berna",50.189213247,FALSE,FALSE
2,307,47.877013177,654,712,69.354031047,1385,1997,1366,TRUE,"BE","Meikirch","Meikirch","Meikirch","Meikirch BE","Meikirch (BE)","Meikirch (BE)","Bern","Berne","Berna",50.189213247,FALSE,FALSE
2,309,57.098283931,366,275,65.079365079,656,1008,641,TRUE,"BE","Radelfingen","Radelfingen","Radelfingen","Radelfingen BE","Radelfingen (BE)","Radelfingen (BE)","Bern","Berne","Berna",50.189213247,FALSE,FALSE
2,310,57.80089153,778,568,60.842572062,1372,2255,1346,TRUE,"BE","Rapperswil BE","Rapperswil (BE)","Rapperswil BE","Rapperswil BE","Rapperswil (BE)","Rapperswil (BE)","Bern","Berne","Berna",50.189213247,FALSE,FALSE
2,311,52.293577982,912,832,60.95631235,1772,2907,1744,TRUE,"BE","Schüpfen","Schüpfen","Schüpfen","Schüpfen BE","Schüpfen (BE)","Schüpfen (BE)","Bern","Berne","Berna",50.189213247,FALSE,FALSE
2,312,61.258922777,944,597,60.24418161,1579,2621,1541,TRUE,"BE","Seedorf BE","Seedorf (BE)","Seedorf BE","Seedorf BE","Seedorf (BE)","Seedorf (BE)","Bern","Berne","Berna",50.189213247,FALSE,FALSE
2,321,58.806978053,1045,732,55.412844037,1812,3270,1777,TRUE,"BE","Aarwangen","Aarwangen","Aarwangen","Aarwangen BE","Aarwangen (BE)","Aarwangen (BE)","Bern","Berne","Berna",50.189213247,FALSE,FALSE
2,322,61.811023622,157,97,62.347188264,255,409,254,TRUE,"BE","Auswil","Auswil","Auswil","Auswil BE","Auswil (BE)","Auswil (BE)","Bern","Berne","Berna",50.189213247,FALSE,FALSE
2,323,54.819277108,182,150,61.636363636,339,550,332,TRUE,"BE","Bannwil","Bannwil","Bannwil","Bannwil BE","Bannwil (BE)","Bannwil (BE)","Bern","Berne","Berna",50.189213247,FALSE,FALSE
2,324,63.157894737,228,133,61.101836394,366,599,361,TRUE,"BE","Bleienbach","Bleienbach","Bleienbach","Bleienbach BE","Bleienbach (BE)","Bleienbach (BE)","Bern","Berne","Berna",50.189213247,FALSE,FALSE
2,325,67.289719626,72,35,65.060240964,108,166,107,TRUE,"BE","Busswil bei Melchnau","Busswil bei Melchnau","Busswil bei Melchnau","Busswil bei Melchnau BE","Busswil bei Melchnau (BE)","Busswil bei Melchnau (BE)","Bern","Berne","Berna",50.189213247,FALSE,FALSE
2,326,66.849315068,244,121,59.119496855,376,636,365,TRUE,"BE","Gondiswil","Gondiswil","Gondiswil","Gondiswil BE","Gondiswil (BE)","Gondiswil (BE)","Bern","Berne","Berna",50.189213247,FALSE,FALSE
2,329,54.775280899,3120,2576,56.911045943,5822,10230,5696,TRUE,"BE","Langenthal","Langenthal","Langenthal","Langenthal BE","Langenthal (BE)","Langenthal (BE)","Bern","Berne","Berna",50.189213247,FALSE,FALSE
2,331,55.865921788,600,474,56.680584551,1086,1916,1074,TRUE,"BE","Lotzwil","Lotzwil","Lotzwil","Lotzwil BE","Lotzwil (BE)","Lotzwil (BE)","Bern","Berne","Berna",50.189213247,FALSE,FALSE
2,332,61.455009572,963,604,62.18847352,1597,2568,1567,TRUE,"BE","Madiswil","Madiswil","Madiswil","Madiswil BE","Madiswil (BE)","Madiswil (BE)","Bern","Berne","Berna",50.189213247,FALSE,FALSE
2,333,58.123953099,347,250,55.616438356,609,1095,597,TRUE,"BE","Melchnau","Melchnau","Melchnau","Melchnau BE","Melchnau (BE)","Melchnau (BE)","Bern","Berne","Berna",50.189213247,FALSE,FALSE
2,335,70.588235294,72,30,53.768844221,107,199,102,TRUE,"BE","Oeschenbach","Oeschenbach","Oeschenbach","Oeschenbach BE","Oeschenbach (BE)","Oeschenbach (BE)","Bern","Berne","Berna",50.189213247,FALSE,FALSE
2,336,65.555555556,59,31,54.87804878,90,164,90,TRUE,"BE","Reisiswil","Reisiswil","Reisiswil","Reisiswil BE","Reisiswil (BE)","Reisiswil (BE)","Bern","Berne","Berna",50.189213247,FALSE,FALSE
2,337,58.358298382,974,695,57.11409396,1702,2980,1669,TRUE,"BE","Roggwil BE","Roggwil (BE)","Roggwil BE","Roggwil BE","Roggwil (BE)","Roggwil (BE)","Bern","Berne","Berna",50.189213247,FALSE,FALSE
2,338,56.894049347,392,297,53.893600617,699,1297,689,TRUE,"BE","Rohrbach","Rohrbach","Rohrbach","Rohrbach BE","Rohrbach (BE)","Rohrbach (BE)","Bern","Berne","Berna",50.189213247,FALSE,FALSE
2,339,61.988304094,106,65,55.379746835,175,316,171,TRUE,"BE","Rohrbachgraben","Rohrbachgraben","Rohrbachgraben","Rohrbachgraben BE","Rohrbachgraben (BE)","Rohrbachgraben (BE)","Bern","Berne","Berna",50.189213247,FALSE,FALSE
2,340,61.290322581,171,108,61.206896552,284,464,279,TRUE,"BE","Rütschelen","Rütschelen","Rütschelen","Rütschelen BE","Rütschelen (BE)","Rütschelen (BE)","Bern","Berne","Berna",50.189213247,FALSE,FALSE
2,341,65.648854962,172,90,62.735849057,266,424,262,TRUE,"BE","Schwarzhäusern","Schwarzhäusern","Schwarzhäusern","Schwarzhäusern BE","Schwarzhäusern (BE)","Schwarzhäusern (BE)","Bern","Berne","Berna",50.189213247,FALSE,FALSE
2,342,58.960434445,760,529,53.498779496,1315,2458,1289,TRUE,"BE","Thunstetten","Thunstetten","Thunstetten","Thunstetten BE","Thunstetten (BE)","Thunstetten (BE)","Bern","Berne","Berna",50.189213247,FALSE,FALSE
2,344,67.990074442,274,129,56.25,405,720,403,TRUE,"BE","Ursenbach","Ursenbach","Ursenbach","Ursenbach BE","Ursenbach (BE)","Ursenbach (BE)","Bern","Berne","Berna",50.189213247,FALSE,FALSE
2,345,56.457564576,306,236,54.322200393,553,1018,542,TRUE,"BE","Wynau","Wynau","Wynau","Wynau BE","Wynau (BE)","Wynau (BE)","Bern","Berne","Berna",50.189213247,FALSE,FALSE
2,351,26.789595219,15778,43118,67.113646219,60360,89937,58896,TRUE,"BE","Bern","Berne","Berna","Bern BE","Berne (BE)","Berna (BE)","Bern","Berne","Berna",50.189213247,FALSE,FALSE
2,352,50.762244567,1565,1518,67.777300086,3153,4652,3083,TRUE,"BE","Bolligen","Bolligen","Bolligen","Bolligen BE","Bolligen (BE)","Bolligen (BE)","Bern","Berne","Berna",50.189213247,FALSE,FALSE
2,353,41.576906506,965,1356,72.42228378,2353,3249,2321,TRUE,"BE","Bremgarten bei Bern","Bremgarten bei Bern","Bremgarten bei Bern","Bremgarten bei Bern BE","Bremgarten bei Bern (BE)","Bremgarten bei Bern (BE)","Bern","Berne","Berna",50.189213247,FALSE,FALSE
2,354,47.548460661,834,920,70.990847593,1784,2513,1754,TRUE,"BE","Kirchlindach","Kirchlindach","Kirchlindach","Kirchlindach BE","Kirchlindach (BE)","Kirchlindach (BE)","Bern","Berne","Berna",50.189213247,FALSE,FALSE
2,355,40.151515152,7314,10902,64.229548903,18624,28996,18216,TRUE,"BE","Köniz","Köniz","Köniz","Köniz BE","Köniz (BE)","Köniz (BE)","Bern","Berne","Berna",50.189213247,FALSE,FALSE
2,356,50.741035857,3184,3091,66.308058343,6410,9667,6275,TRUE,"BE","Muri bei Bern","Muri bei Bern","Muri bei Bern","Muri bei Bern BE","Muri bei Bern (BE)","Muri bei Bern (BE)","Bern","Berne","Berna",50.189213247,FALSE,FALSE
2,357,64.64208243,298,163,64.786795048,471,727,461,TRUE,"BE","Oberbalm","Oberbalm","Oberbalm","Oberbalm BE","Oberbalm (BE)","Oberbalm (BE)","Bern","Berne","Berna",50.189213247,FALSE,FALSE
2,358,55.122273629,834,679,65.123194562,1533,2354,1513,TRUE,"BE","Stettlen","Stettlen","Stettlen","Stettlen BE","Stettlen (BE)","Stettlen (BE)","Bern","Berne","Berna",50.189213247,FALSE,FALSE
2,359,54.548366432,1703,1419,67.372432776,3182,4723,3122,TRUE,"BE","Vechigen","Vechigen","Vechigen","Vechigen BE","Vechigen (BE)","Vechigen (BE)","Bern","Berne","Berna",50.189213247,FALSE,FALSE
2,360,45.912894229,2140,2521,67.838765009,4746,6996,4661,TRUE,"BE","Wohlen bei Bern","Wohlen bei Bern","Wohlen bei Bern","Wohlen bei Bern BE","Wohlen bei Bern (BE)","Wohlen bei Bern (BE)","Bern","Berne","Berna",50.189213247,FALSE,FALSE
2,361,47.278761062,2137,2383,60.9459638,4613,7569,4520,TRUE,"BE","Zollikofen","Zollikofen","Zollikofen","Zollikofen BE","Zollikofen (BE)","Zollikofen (BE)","Bern","Berne","Berna",50.189213247,FALSE,FALSE
2,362,49.092716878,1975,2048,58.630527817,4110,7010,4023,TRUE,"BE","Ittigen","Ittigen","Ittigen","Ittigen BE","Ittigen (BE)","Ittigen (BE)","Bern","Berne","Berna",50.189213247,FALSE,FALSE
2,363,44.627351664,2467,3061,54.237612397,5670,10454,5528,TRUE,"BE","Ostermundigen","Ostermundigen","Ostermundigen","Ostermundigen BE","Ostermundigen (BE)","Ostermundigen (BE)","Bern","Berne","Berna",50.189213247,FALSE,FALSE
2,371,36.005030115,5440,9669,48.720370195,15477,31767,15109,TRUE,"BE","Biel BE","Bienne","Bienne","Biel BE","Bienne (BE)","Bienne (BE)","Bern","Berne","Berna",50.189213247,FALSE,FALSE
2,372,43.719412724,536,690,64.68459152,1251,1934,1226,TRUE,"BE","Leubringen","Evilard","Evilard","Leubringen BE","Evilard (BE)","Evilard (BE)","Bern","Berne","Berna",50.189213247,FALSE,FALSE
2,381,57.795698925,430,314,58.684009181,767,1307,744,TRUE,"BE","Arch","Arch","Arch","Arch BE","Arch (BE)","Arch (BE)","Bern","Berne","Berna",50.189213247,FALSE,FALSE
2,382,56.423173804,224,173,60.029498525,407,678,397,TRUE,"BE","Büetigen","Büetigen","Büetigen","Büetigen BE","Büetigen (BE)","Büetigen (BE)","Bern","Berne","Berna",50.189213247,FALSE,FALSE
2,383,56.182065217,827,645,58.878504673,1512,2568,1472,TRUE,"BE","Büren an der Aare","Büren an der Aare","Büren an der Aare","Büren an der Aare BE","Büren an der Aare (BE)","Büren an der Aare (BE)","Bern","Berne","Berna",50.189213247,FALSE,FALSE
2,385,60.898876404,271,174,58.418367347,458,784,445,TRUE,"BE","Diessbach bei Büren","Diessbach bei Büren","Diessbach bei Büren","Diessbach bei Büren BE","Diessbach bei Büren (BE)","Diessbach bei Büren (BE)","Bern","Berne","Berna",50.189213247,FALSE,FALSE
2,386,53.751914242,351,302,58.517210944,663,1133,653,TRUE,"BE","Dotzigen","Dotzigen","Dotzigen","Dotzigen BE","Dotzigen (BE)","Dotzigen (BE)","Bern","Berne","Berna",50.189213247,FALSE,FALSE
2,387,54.784688995,916,756,50.716845878,1698,3348,1672,TRUE,"BE","Lengnau BE","Longeau","Longeau","Lengnau BE","Longeau (BE)","Longeau (BE)","Bern","Berne","Berna",50.189213247,FALSE,FALSE
2,388,60.405156538,328,215,53.831417625,562,1044,543,TRUE,"BE","Leuzigen","Leuzigen","Leuzigen","Leuzigen BE","Leuzigen (BE)","Leuzigen (BE)","Bern","Berne","Berna",50.189213247,FALSE,FALSE
2,390,56.166666667,337,263,57.775683318,613,1061,600,TRUE,"BE","Meinisberg","Meinisberg","Meinisberg","Meinisberg BE","Meinisberg (BE)","Meinisberg (BE)","Bern","Berne","Berna",50.189213247,FALSE,FALSE
2,391,60.045146727,266,177,62.482758621,453,725,443,TRUE,"BE","Oberwil bei Büren","Oberwil bei Büren","Oberwil bei Büren","Oberwil bei Büren BE","Oberwil bei Büren (BE)","Oberwil bei Büren (BE)","Bern","Berne","Berna",50.189213247,FALSE,FALSE
2,392,55.072463768,722,589,47.279151943,1338,2830,1311,TRUE,"BE","Pieterlen","Perles","Perles","Pieterlen BE","Perles (BE)","Perles (BE)","Bern","Berne","Berna",50.189213247,FALSE,FALSE
2,393,68.347338936,244,113,56.651017214,362,639,357,TRUE,"BE","Rüti bei Büren","Rüti bei Büren","Rüti bei Büren","Rüti bei Büren BE","Rüti bei Büren (BE)","Rüti bei Büren (BE)","Bern","Berne","Berna",50.189213247,FALSE,FALSE
2,394,58.282208589,190,136,64.092664093,332,518,326,TRUE,"BE","Wengi","Wengi","Wengi","Wengi BE","Wengi (BE)","Wengi (BE)","Bern","Berne","Berna",50.189213247,FALSE,FALSE
2,401,59.713701431,292,197,59.149940968,501,847,489,TRUE,"BE","Aefligen","Aefligen","Aefligen","Aefligen BE","Aefligen (BE)","Aefligen (BE)","Bern","Berne","Berna",50.189213247,FALSE,FALSE
2,402,60.967741935,189,121,63.01369863,322,511,310,TRUE,"BE","Alchenstorf","Alchenstorf","Alchenstorf","Alchenstorf BE","Alchenstorf (BE)","Alchenstorf (BE)","Bern","Berne","Berna",50.189213247,FALSE,FALSE
2,403,55.514018692,297,238,64.210526316,549,855,535,TRUE,"BE","Bäriswil","Bäriswil","Bäriswil","Bäriswil BE","Bäriswil (BE)","Bäriswil (BE)","Bern","Berne","Berna",50.189213247,FALSE,FALSE
2,404,43.249927262,2973,3901,59.226014057,6994,11809,6874,TRUE,"BE","Burgdorf","Berthoud","Berthoud","Burgdorf BE","Berthoud (BE)","Berthoud (BE)","Bern","Berne","Berna",50.189213247,FALSE,FALSE
2,405,61.343719572,630,397,63.009592326,1051,1668,1027,TRUE,"BE","Ersigen","Ersigen","Ersigen","Ersigen BE","Ersigen (BE)","Ersigen (BE)","Bern","Berne","Berna",50.189213247,FALSE,FALSE
2,406,56.125941136,820,641,55.086940437,1489,2703,1461,TRUE,"BE","Hasle bei Burgdorf","Hasle bei Burgdorf","Hasle bei Burgdorf","Hasle bei Burgdorf BE","Hasle bei Burgdorf (BE)","Hasle bei Burgdorf (BE)","Bern","Berne","Berna",50.189213247,FALSE,FALSE
2,407,60.277427491,478,315,57.943925234,806,1391,793,TRUE,"BE","Heimiswil","Heimiswil","Heimiswil","Heimiswil BE","Heimiswil (BE)","Heimiswil (BE)","Bern","Berne","Berna",50.189213247,FALSE,FALSE
2,409,56.776556777,620,472,55.639097744,1110,1995,1092,TRUE,"BE","Hindelbank","Hindelbank","Hindelbank","Hindelbank BE","Hindelbank (BE)","Hindelbank (BE)","Bern","Berne","Berna",50.189213247,FALSE,FALSE
2,410,68.778280543,152,69,63.305322129,226,357,221,TRUE,"BE","Höchstetten","Höchstetten","Höchstetten","Höchstetten BE","Höchstetten (BE)","Höchstetten (BE)","Bern","Berne","Berna",50.189213247,FALSE,FALSE
2,411,70.325203252,173,73,60.722891566,252,415,246,TRUE,"BE","Kernenried","Kernenried","Kernenried","Kernenried BE","Kernenried (BE)","Kernenried (BE)","Bern","Berne","Berna",50.189213247,FALSE,FALSE
2,412,58.651144119,1461,1030,60.821786909,2546,4186,2491,TRUE,"BE","Kirchberg BE","Kirchberg (BE)","Kirchberg BE","Kirchberg BE","Kirchberg (BE)","Kirchberg (BE)","Bern","Berne","Berna",50.189213247,FALSE,FALSE
2,413,61.473087819,651,408,61.101646792,1076,1761,1059,TRUE,"BE","Koppigen","Koppigen","Koppigen","Koppigen BE","Koppigen (BE)","Koppigen (BE)","Bern","Berne","Berna",50.189213247,FALSE,FALSE
2,414,63.171806167,717,418,60.641093011,1154,1903,1135,TRUE,"BE","Krauchthal","Krauchthal","Krauchthal","Krauchthal BE","Krauchthal (BE)","Krauchthal (BE)","Bern","Berne","Berna",50.189213247,FALSE,FALSE
2,415,56.41025641,374,289,60.971223022,678,1112,663,TRUE,"BE","Lyssach","Lyssach","Lyssach","Lyssach BE","Lyssach (BE)","Lyssach (BE)","Bern","Berne","Berna",50.189213247,FALSE,FALSE
2,418,61.538461538,680,425,57.250755287,1137,1986,1105,TRUE,"BE","Oberburg","Oberburg","Oberburg","Oberburg BE","Oberburg (BE)","Oberburg (BE)","Bern","Berne","Berna",50.189213247,FALSE,FALSE
2,420,58.265582656,430,308,49.186727391,756,1537,738,TRUE,"BE","Rüdtligen-Alchenflüh","Rüdtligen-Alchenflüh","Rüdtligen-Alchenflüh","Rüdtligen-Alchenflüh BE","Rüdtligen-Alchenflüh (BE)","Rüdtligen-Alchenflüh (BE)","Bern","Berne","Berna",50.189213247,FALSE,FALSE
2,421,49.122807018,28,29,73.75,59,80,57,TRUE,"BE","Rumendingen","Rumendingen","Rumendingen","Rumendingen BE","Rumendingen (BE)","Rumendingen (BE)","Bern","Berne","Berna",50.189213247,FALSE,FALSE
2,422,53.75,43,37,60.294117647,82,136,80,TRUE,"BE","Rüti bei Lyssach","Rüti bei Lyssach","Rüti bei Lyssach","Rüti bei Lyssach BE","Rüti bei Lyssach (BE)","Rüti bei Lyssach (BE)","Bern","Berne","Berna",50.189213247,FALSE,FALSE
2,423,67.479674797,83,40,69.273743017,124,179,123,TRUE,"BE","Willadingen","Willadingen","Willadingen","Willadingen BE","Willadingen (BE)","Willadingen (BE)","Bern","Berne","Berna",50.189213247,FALSE,FALSE
2,424,60.204081633,649,429,62.855517634,1105,1758,1078,TRUE,"BE","Wynigen","Wynigen","Wynigen","Wynigen BE","Wynigen (BE)","Wynigen (BE)","Bern","Berne","Berna",50.189213247,FALSE,FALSE
2,431,49.851190476,335,337,55.092221331,687,1247,672,TRUE,"BE","Corgémont","Corgémont","Corgémont","Corgémont BE","Corgémont (BE)","Corgémont (BE)","Bern","Berne","Berna",50.189213247,FALSE,FALSE
2,432,43.069306931,87,115,55.437665782,209,377,202,TRUE,"BE","Cormoret","Cormoret","Cormoret","Cormoret BE","Cormoret (BE)","Cormoret (BE)","Bern","Berne","Berna",50.189213247,FALSE,FALSE
2,433,49.740932642,96,97,42.040816327,206,490,193,TRUE,"BE","Cortébert","Cortébert","Cortébert","Cortébert BE","Cortébert (BE)","Cortébert (BE)","Bern","Berne","Berna",50.189213247,FALSE,FALSE
2,434,40,214,321,53.554040896,550,1027,535,TRUE,"BE","Courtelary","Courtelary","Courtelary","Courtelary BE","Courtelary (BE)","Courtelary (BE)","Bern","Berne","Berna",50.189213247,FALSE,FALSE
2,435,55.921052632,85,67,36.930455635,154,417,152,TRUE,"BE","La Ferrière","La Ferrière","La Ferrière","La Ferrière BE","La Ferrière (BE)","La Ferrière (BE)","Bern","Berne","Berna",50.189213247,FALSE,FALSE
2,437,36.734693878,18,31,50.961538462,53,104,49,TRUE,"BE","Mont-Tramelan","Mont-Tramelan","Mont-Tramelan","Mont-Tramelan BE","Mont-Tramelan (BE)","Mont-Tramelan (BE)","Bern","Berne","Berna",50.189213247,FALSE,FALSE
2,438,55.043859649,251,205,51.304347826,472,920,456,TRUE,"BE","Orvin","Orvin","Orvin","Orvin BE","Orvin (BE)","Orvin (BE)","Bern","Berne","Berna",50.189213247,FALSE,FALSE
2,441,46.131805158,161,188,47.43083004,360,759,349,TRUE,"BE","Renan BE","Renan (BE)","Renan BE","Renan BE","Renan (BE)","Renan (BE)","Bern","Berne","Berna",50.189213247,FALSE,FALSE
2,442,47.572815534,49,54,62.275449102,104,167,103,TRUE,"BE","Romont BE","Romont (BE)","Romont BE","Romont BE","Romont (BE)","Romont (BE)","Bern","Berne","Berna",50.189213247,FALSE,FALSE
2,443,44.523979957,622,775,47.47107438,1436,3025,1397,TRUE,"BE","St. Immer","Saint-Imier","Saint-Imier","St. Immer BE","Saint-Imier (BE)","Saint-Imier (BE)","Bern","Berne","Berna",50.189213247,FALSE,FALSE
2,444,46.790540541,277,315,47.530864198,616,1296,592,TRUE,"BE","Sonceboz-Sombeval","Sonceboz-Sombeval","Sonceboz-Sombeval","Sonceboz-Sombeval BE","Sonceboz-Sombeval (BE)","Sonceboz-Sombeval (BE)","Bern","Berne","Berna",50.189213247,FALSE,FALSE
2,445,44.743276284,183,226,46.13710555,424,919,409,TRUE,"BE","Sonvilier","Sonvilier","Sonvilier","Sonvilier BE","Sonvilier (BE)","Sonvilier (BE)","Bern","Berne","Berna",50.189213247,FALSE,FALSE
2,446,46.666666667,763,872,49.851101846,1674,3358,1635,TRUE,"BE","Tramelan","Tramelan","Tramelan","Tramelan BE","Tramelan (BE)","Tramelan (BE)","Bern","Berne","Berna",50.189213247,FALSE,FALSE
2,448,39.104477612,131,204,51.107828656,346,677,335,TRUE,"BE","Villeret","Villeret","Villeret","Villeret BE","Villeret (BE)","Villeret (BE)","Bern","Berne","Berna",50.189213247,FALSE,FALSE
2,449,51.051051051,170,163,54.777070064,344,628,333,TRUE,"BE","Sauge","Sauge","Sauge","Sauge BE","Sauge (BE)","Sauge (BE)","Bern","Berne","Berna",50.189213247,FALSE,FALSE
2,450,49.529780564,316,322,48.70081663,656,1347,638,TRUE,"BE","Péry-La Heutte","Péry-La Heutte","Péry-La Heutte","Péry-La Heutte BE","Péry-La Heutte (BE)","Péry-La Heutte (BE)","Bern","Berne","Berna",50.189213247,FALSE,FALSE
2,491,67.803030303,179,85,63.182897862,266,421,264,TRUE,"BE","Brüttelen","Brüttelen","Brüttelen","Brüttelen BE","Brüttelen (BE)","Brüttelen (BE)","Bern","Berne","Berna",50.189213247,FALSE,FALSE
2,492,48.965517241,284,296,59.897959184,587,980,580,TRUE,"BE","Erlach","Cerlier","Erlach","Erlach BE","Cerlier (BE)","Cerlier (BE)","Bern","Berne","Berna",50.189213247,FALSE,FALSE
2,493,62.254901961,127,77,58.263305322,208,357,204,TRUE,"BE","Finsterhennen","Finsterhennen","Finsterhennen","Finsterhennen BE","Finsterhennen (BE)","Finsterhennen (BE)","Bern","Berne","Berna",50.189213247,FALSE,FALSE
2,494,55.623100304,183,146,55.267423015,341,617,329,TRUE,"BE","Gals","Gals","Gals","Gals BE","Gals (BE)","Gals (BE)","Bern","Berne","Berna",50.189213247,FALSE,FALSE
2,495,64.631043257,254,139,55.463347165,401,723,393,TRUE,"BE","Gampelen","Champion (Gampelen)","Gampelen","Gampelen BE","Champion (Gampelen) (BE)","Gampelen (BE)","Bern","Berne","Berna",50.189213247,FALSE,FALSE
2,496,51.907934585,857,794,65.249609984,1673,2564,1651,TRUE,"BE","Ins","Anet","Anet","Ins BE","Anet (BE)","Anet (BE)","Bern","Berne","Berna",50.189213247,FALSE,FALSE
2,497,58.214285714,163,117,60.50955414,285,471,280,TRUE,"BE","Lüscherz","Lüscherz","Lüscherz","Lüscherz BE","Lüscherz (BE)","Lüscherz (BE)","Bern","Berne","Berna",50.189213247,FALSE,FALSE
2,498,67.857142857,380,180,62.89791438,573,911,560,TRUE,"BE","Müntschemier","Müntschemier","Müntschemier","Müntschemier BE","Müntschemier (BE)","Müntschemier (BE)","Bern","Berne","Berna",50.189213247,FALSE,FALSE
2,499,57.342657343,164,122,60.206185567,292,485,286,TRUE,"BE","Siselen","Siselen","Siselen","Siselen BE","Siselen (BE)","Siselen (BE)","Bern","Berne","Berna",50.189213247,FALSE,FALSE
2,500,66.161616162,131,67,62.385321101,204,327,198,TRUE,"BE","Treiten","Treiten","Treiten","Treiten BE","Treiten (BE)","Treiten (BE)","Bern","Berne","Berna",50.189213247,FALSE,FALSE
2,501,51.627906977,111,104,63.450292398,217,342,215,TRUE,"BE","Tschugg","Tschugg","Tschugg","Tschugg BE","Tschugg (BE)","Tschugg (BE)","Bern","Berne","Berna",50.189213247,FALSE,FALSE
2,502,56.551724138,246,189,63.766048502,447,701,435,TRUE,"BE","Vinelz","Vinelz","Vinelz","Vinelz BE","Vinelz (BE)","Vinelz (BE)","Bern","Berne","Berna",50.189213247,FALSE,FALSE
2,533,50.301406564,751,742,58.259869682,1520,2609,1493,TRUE,"BE","Bätterkinden","Bätterkinden","Bätterkinden","Bätterkinden BE","Bätterkinden (BE)","Bätterkinden (BE)","Bern","Berne","Berna",50.189213247,FALSE,FALSE
2,538,54.265313792,1444,1217,63.382594417,2702,4263,2661,TRUE,"BE","Fraubrunnen","Fraubrunnen","Fraubrunnen","Fraubrunnen BE","Fraubrunnen (BE)","Fraubrunnen (BE)","Bern","Berne","Berna",50.189213247,FALSE,FALSE
2,540,50.730317064,1424,1383,65.019183029,2881,4431,2807,TRUE,"BE","Jegenstorf","Jegenstorf","Jegenstorf","Jegenstorf BE","Jegenstorf (BE)","Jegenstorf (BE)","Bern","Berne","Berna",50.189213247,FALSE,FALSE
2,541,52.093023256,112,103,62.750716332,219,349,215,TRUE,"BE","Iffwil","Iffwil","Iffwil","Iffwil BE","Iffwil (BE)","Iffwil (BE)","Bern","Berne","Berna",50.189213247,FALSE,FALSE
2,543,60.802469136,197,127,70.905172414,329,464,324,TRUE,"BE","Mattstetten","Mattstetten","Mattstetten","Mattstetten BE","Mattstetten (BE)","Mattstetten (BE)","Bern","Berne","Berna",50.189213247,FALSE,FALSE
2,544,52.380952381,759,690,56.470137825,1475,2612,1449,TRUE,"BE","Moosseedorf","Moosseedorf","Moosseedorf","Moosseedorf BE","Moosseedorf (BE)","Moosseedorf (BE)","Bern","Berne","Berna",50.189213247,FALSE,FALSE
2,546,48.315688162,2008,2148,59.492072401,4240,7127,4156,TRUE,"BE","Münchenbuchsee","Münchenbuchsee","Münchenbuchsee","Münchenbuchsee BE","Münchenbuchsee (BE)","Münchenbuchsee (BE)","Bern","Berne","Berna",50.189213247,FALSE,FALSE
2,551,54.451733833,1162,972,51.65515599,2169,4199,2134,TRUE,"BE","Urtenen-Schönbühl","Urtenen-Schönbühl","Urtenen-Schönbühl","Urtenen-Schönbühl BE","Urtenen-Schönbühl (BE)","Urtenen-Schönbühl (BE)","Bern","Berne","Berna",50.189213247,FALSE,FALSE
2,552,55.402750491,1128,908,60.040745052,2063,3436,2036,TRUE,"BE","Utzenstorf","Utzenstorf","Utzenstorf","Utzenstorf BE","Utzenstorf (BE)","Utzenstorf (BE)","Bern","Berne","Berna",50.189213247,FALSE,FALSE
2,553,51.376146789,56,53,69.620253165,110,158,109,TRUE,"BE","Wiggiswil","Wiggiswil","Wiggiswil","Wiggiswil BE","Wiggiswil (BE)","Wiggiswil (BE)","Bern","Berne","Berna",50.189213247,FALSE,FALSE
2,554,54.205607477,232,196,57.722513089,441,764,428,TRUE,"BE","Wiler bei Utzenstorf","Wiler bei Utzenstorf","Wiler bei Utzenstorf","Wiler bei Utzenstorf BE","Wiler bei Utzenstorf (BE)","Wiler bei Utzenstorf (BE)","Bern","Berne","Berna",50.189213247,FALSE,FALSE
2,556,66.666666667,92,46,55.2,138,250,138,TRUE,"BE","Zielebach","Zielebach","Zielebach","Zielebach BE","Zielebach (BE)","Zielebach (BE)","Bern","Berne","Berna",50.189213247,FALSE,FALSE
2,557,63.174603175,199,116,69.114470842,320,463,315,TRUE,"BE","Zuzwil BE","Zuzwil (BE)","Zuzwil BE","Zuzwil BE","Zuzwil (BE)","Zuzwil (BE)","Bern","Berne","Berna",50.189213247,FALSE,FALSE
2,561,68.558708959,1232,565,69.535673839,1842,2649,1797,TRUE,"BE","Adelboden","Adelboden","Adelboden","Adelboden BE","Adelboden (BE)","Adelboden (BE)","Bern","Berne","Berna",50.189213247,FALSE,FALSE
2,562,63.319502075,763,442,65.828877005,1231,1870,1205,TRUE,"BE","Aeschi bei Spiez","Aeschi bei Spiez","Aeschi bei Spiez","Aeschi bei Spiez BE","Aeschi bei Spiez (BE)","Aeschi bei Spiez (BE)","Bern","Berne","Berna",50.189213247,FALSE,FALSE
2,563,63.40254106,2046,1181,62.058057313,3335,5374,3227,TRUE,"BE","Frutigen","Frutigen","Frutigen","Frutigen BE","Frutigen (BE)","Frutigen (BE)","Bern","Berne","Berna",50.189213247,FALSE,FALSE
2,564,68.852459016,252,114,57.099236641,374,655,366,TRUE,"BE","Kandergrund","Kandergrund","Kandergrund","Kandergrund BE","Kandergrund (BE)","Kandergrund (BE)","Bern","Berne","Berna",50.189213247,FALSE,FALSE
2,565,62.068965517,360,220,65.043290043,601,924,580,TRUE,"BE","Kandersteg","Kandersteg","Kandersteg","Kandersteg BE","Kandersteg (BE)","Kandersteg (BE)","Bern","Berne","Berna",50.189213247,FALSE,FALSE
2,566,58.303249097,323,231,63.461538462,561,884,554,TRUE,"BE","Krattigen","Krattigen","Krattigen","Krattigen BE","Krattigen (BE)","Krattigen (BE)","Bern","Berne","Berna",50.189213247,FALSE,FALSE
2,567,63.900174115,1101,622,61.107313739,1788,2926,1723,TRUE,"BE","Reichenbach im Kandertal","Reichenbach im Kandertal","Reichenbach im Kandertal","Reichenbach im Kandertal BE","Reichenbach im Kandertal (BE)","Reichenbach im Kandertal (BE)","Bern","Berne","Berna",50.189213247,FALSE,FALSE
2,571,60.037878788,317,211,61.811926606,539,872,528,TRUE,"BE","Beatenberg","Beatenberg","Beatenberg","Beatenberg BE","Beatenberg (BE)","Beatenberg (BE)","Bern","Berne","Berna",50.189213247,FALSE,FALSE
2,572,58.001850139,627,454,53.997057381,1101,2039,1081,TRUE,"BE","Bönigen","Bönigen","Bönigen","Bönigen BE","Bönigen (BE)","Bönigen (BE)","Bern","Berne","Berna",50.189213247,FALSE,FALSE
2,573,56.791907514,786,598,58.226804124,1412,2425,1384,TRUE,"BE","Brienz BE","Brienz (BE)","Brienz BE","Brienz BE","Brienz (BE)","Brienz (BE)","Bern","Berne","Berna",50.189213247,FALSE,FALSE
2,574,51.948051948,120,111,60.913705584,240,394,231,TRUE,"BE","Brienzwiler","Brienzwiler","Brienzwiler","Brienzwiler BE","Brienzwiler (BE)","Brienzwiler (BE)","Bern","Berne","Berna",50.189213247,FALSE,FALSE
2,575,53.75,86,74,52.396166134,164,313,160,TRUE,"BE","Därligen","Därligen","Därligen","Därligen BE","Därligen (BE)","Därligen (BE)","Bern","Berne","Berna",50.189213247,FALSE,FALSE
2,576,69.72027972,997,433,59.182036889,1476,2494,1430,TRUE,"BE","Grindelwald","Grindelwald","Grindelwald","Grindelwald BE","Grindelwald (BE)","Grindelwald (BE)","Bern","Berne","Berna",50.189213247,FALSE,FALSE
2,577,56.930693069,115,87,63.580246914,206,324,202,TRUE,"BE","Gsteigwiler","Gsteigwiler","Gsteigwiler","Gsteigwiler BE","Gsteigwiler (BE)","Gsteigwiler (BE)","Bern","Berne","Berna",50.189213247,FALSE,FALSE
2,578,64.516129032,80,44,57.466063348,127,221,124,TRUE,"BE","Gündlischwand","Gündlischwand","Gündlischwand","Gündlischwand BE","Gündlischwand (BE)","Gündlischwand (BE)","Bern","Berne","Berna",50.189213247,FALSE,FALSE
2,579,69.418960245,227,100,65.098039216,332,510,327,TRUE,"BE","Habkern","Habkern","Habkern","Habkern BE","Habkern (BE)","Habkern (BE)","Bern","Berne","Berna",50.189213247,FALSE,FALSE
2,580,58.181818182,160,115,61.538461538,280,455,275,TRUE,"BE","Hofstetten bei Brienz","Hofstetten bei Brienz","Hofstetten bei Brienz","Hofstetten bei Brienz BE","Hofstetten bei Brienz (BE)","Hofstetten bei Brienz (BE)","Bern","Berne","Berna",50.189213247,FALSE,FALSE
2,581,56.01750547,1024,804,55.100830368,1858,3372,1828,TRUE,"BE","Interlaken","Interlaken","Interlaken","Interlaken BE","Interlaken (BE)","Interlaken (BE)","Bern","Berne","Berna",50.189213247,FALSE,FALSE
2,582,63.243243243,117,68,58.153846154,189,325,185,TRUE,"BE","Iseltwald","Iseltwald","Iseltwald","Iseltwald BE","Iseltwald (BE)","Iseltwald (BE)","Bern","Berne","Berna",50.189213247,FALSE,FALSE
2,584,61.768368618,496,307,55.970149254,825,1474,803,TRUE,"BE","Lauterbrunnen","Lauterbrunnen","Lauterbrunnen","Lauterbrunnen BE","Lauterbrunnen (BE)","Lauterbrunnen (BE)","Bern","Berne","Berna",50.189213247,FALSE,FALSE
2,585,61.240310078,316,200,60.069444444,519,864,516,TRUE,"BE","Leissigen","Leissigen","Leissigen","Leissigen BE","Leissigen (BE)","Leissigen (BE)","Bern","Berne","Berna",50.189213247,FALSE,FALSE
2,586,77.083333333,74,22,56.424581006,101,179,96,TRUE,"BE","Lütschental","Lütschental","Lütschental","Lütschental BE","Lütschental (BE)","Lütschental (BE)","Bern","Berne","Berna",50.189213247,FALSE,FALSE
2,587,56.603773585,870,667,58.110119048,1562,2688,1537,TRUE,"BE","Matten bei Interlaken","Matten bei Interlaken","Matten bei Interlaken","Matten bei Interlaken BE","Matten bei Interlaken (BE)","Matten bei Interlaken (BE)","Bern","Berne","Berna",50.189213247,FALSE,FALSE
2,588,56.953642384,86,65,56.776556777,155,273,151,TRUE,"BE","Niederried bei Interlaken","Niederried bei Interlaken","Niederried bei Interlaken","Niederried bei Interlaken BE","Niederried bei Interlaken (BE)","Niederried bei Interlaken (BE)","Bern","Berne","Berna",50.189213247,FALSE,FALSE
2,589,56.756756757,105,80,49.738219895,190,382,185,TRUE,"BE","Oberried am Brienzersee","Oberried am Brienzersee","Oberried am Brienzersee","Oberried am Brienzersee BE","Oberried am Brienzersee (BE)","Oberried am Brienzersee (BE)","Bern","Berne","Berna",50.189213247,FALSE,FALSE
2,590,58.452722063,612,435,55.154639175,1070,1940,1047,TRUE,"BE","Ringgenberg BE","Ringgenberg (BE)","Ringgenberg BE","Ringgenberg BE","Ringgenberg (BE)","Ringgenberg (BE)","Bern","Berne","Berna",50.189213247,FALSE,FALSE
2,591,70,35,15,59.090909091,52,88,50,TRUE,"BE","Saxeten","Saxeten","Saxeten","Saxeten BE","Saxeten (BE)","Saxeten (BE)","Bern","Berne","Berna",50.189213247,FALSE,FALSE
2,592,56.535947712,173,133,60.505836576,311,514,306,TRUE,"BE","Schwanden bei Brienz","Schwanden bei Brienz","Schwanden bei Brienz","Schwanden bei Brienz BE","Schwanden bei Brienz (BE)","Schwanden bei Brienz (BE)","Bern","Berne","Berna",50.189213247,FALSE,FALSE
2,593,59.077057031,1357,940,59.96432212,2353,3924,2297,TRUE,"BE","Unterseen","Unterseen","Unterseen","Unterseen BE","Unterseen (BE)","Unterseen (BE)","Bern","Berne","Berna",50.189213247,FALSE,FALSE
2,594,61.226415094,649,411,56.72113864,1076,1897,1060,TRUE,"BE","Wilderswil","Wilderswil","Wilderswil","Wilderswil BE","Wilderswil (BE)","Wilderswil (BE)","Bern","Berne","Berna",50.189213247,FALSE,FALSE
2,602,65.306122449,320,170,60.580411125,501,827,490,TRUE,"BE","Arni BE","Arni (BE)","Arni BE","Arni BE","Arni (BE)","Arni (BE)","Bern","Berne","Berna",50.189213247,FALSE,FALSE
2,603,57.403189066,504,374,61.675824176,898,1456,878,TRUE,"BE","Biglen","Biglen","Biglen","Biglen BE","Biglen (BE)","Biglen (BE)","Bern","Berne","Berna",50.189213247,FALSE,FALSE
2,605,60.095389507,378,251,58.904109589,645,1095,629,TRUE,"BE","Bowil","Bowil","Bowil","Bowil BE","Bowil (BE)","Bowil (BE)","Bern","Berne","Berna",50.189213247,FALSE,FALSE
2,606,57.80141844,163,119,66.8997669,287,429,282,TRUE,"BE","Brenzikofen","Brenzikofen","Brenzikofen","Brenzikofen BE","Brenzikofen (BE)","Brenzikofen (BE)","Bern","Berne","Berna",50.189213247,FALSE,FALSE
2,607,60,132,88,67.462686567,226,335,220,TRUE,"BE","Freimettigen","Freimettigen","Freimettigen","Freimettigen BE","Freimettigen (BE)","Freimettigen (BE)","Bern","Berne","Berna",50.189213247,FALSE,FALSE
2,608,55.108203322,1095,892,63.075965131,2026,3212,1987,TRUE,"BE","Grosshöchstetten","Grosshöchstetten","Grosshöchstetten","Grosshöchstetten BE","Grosshöchstetten (BE)","Grosshöchstetten (BE)","Bern","Berne","Berna",50.189213247,FALSE,FALSE
2,609,67.375886525,95,46,65.454545455,144,220,141,TRUE,"BE","Häutligen","Häutligen","Häutligen","Häutligen BE","Häutligen (BE)","Häutligen (BE)","Bern","Berne","Berna",50.189213247,FALSE,FALSE
2,610,58.503401361,172,122,61.522633745,299,486,294,TRUE,"BE","Herbligen","Herbligen","Herbligen","Herbligen BE","Herbligen (BE)","Herbligen (BE)","Bern","Berne","Berna",50.189213247,FALSE,FALSE
2,611,53.073770492,259,229,64.072632944,494,771,488,TRUE,"BE","Kiesen","Kiesen","Kiesen","Kiesen BE","Kiesen (BE)","Kiesen (BE)","Bern","Berne","Berna",50.189213247,FALSE,FALSE
2,612,54.185022026,1353,1144,60.47008547,2547,4212,2497,TRUE,"BE","Konolfingen","Konolfingen","Konolfingen","Konolfingen BE","Konolfingen (BE)","Konolfingen (BE)","Bern","Berne","Berna",50.189213247,FALSE,FALSE
2,613,62.058823529,211,129,61.964285714,347,560,340,TRUE,"BE","Landiswil","Landiswil","Landiswil","Landiswil BE","Landiswil (BE)","Landiswil (BE)","Bern","Berne","Berna",50.189213247,FALSE,FALSE
2,614,64.47761194,432,238,61.442564559,690,1123,670,TRUE,"BE","Linden","Linden","Linden","Linden BE","Linden (BE)","Linden (BE)","Bern","Berne","Berna",50.189213247,FALSE,FALSE
2,615,56.317689531,156,121,60.767590618,285,469,277,TRUE,"BE","Mirchel","Mirchel","Mirchel","Mirchel BE","Mirchel (BE)","Mirchel (BE)","Bern","Berne","Berna",50.189213247,FALSE,FALSE
2,616,47.656925471,2756,3027,62.52764613,5937,9495,5783,TRUE,"BE","Münsingen","Münsingen","Münsingen","Münsingen BE","Münsingen (BE)","Münsingen (BE)","Bern","Berne","Berna",50.189213247,FALSE,FALSE
2,617,62.983425414,228,134,61.577181208,367,596,362,TRUE,"BE","Niederhünigen","Niederhünigen","Niederhünigen","Niederhünigen BE","Niederhünigen (BE)","Niederhünigen (BE)","Bern","Berne","Berna",50.189213247,FALSE,FALSE
2,619,57.007786429,1025,773,62.6306914,1857,2965,1798,TRUE,"BE","Oberdiessbach","Oberdiessbach","Oberdiessbach","Oberdiessbach BE","Oberdiessbach (BE)","Oberdiessbach (BE)","Bern","Berne","Berna",50.189213247,FALSE,FALSE
2,620,56.358381503,195,151,57.56097561,354,615,346,TRUE,"BE","Oberthal","Oberthal","Oberthal","Oberthal BE","Oberthal (BE)","Oberthal (BE)","Bern","Berne","Berna",50.189213247,FALSE,FALSE
2,622,58.095238095,183,132,59.404096834,319,537,315,TRUE,"BE","Oppligen","Oppligen","Oppligen","Oppligen BE","Oppligen (BE)","Oppligen (BE)","Bern","Berne","Berna",50.189213247,FALSE,FALSE
2,623,48.432835821,649,691,61.833785005,1369,2214,1340,TRUE,"BE","Rubigen","Rubigen","Rubigen","Rubigen BE","Rubigen (BE)","Rubigen (BE)","Bern","Berne","Berna",50.189213247,FALSE,FALSE
2,626,55.490654206,475,381,58.73655914,874,1488,856,TRUE,"BE","Walkringen","Walkringen","Walkringen","Walkringen BE","Walkringen (BE)","Walkringen (BE)","Bern","Berne","Berna",50.189213247,FALSE,FALSE
2,627,51.223144012,2408,2293,60.137157107,4823,8020,4701,TRUE,"BE","Worb","Worb","Worb","Worb BE","Worb (BE)","Worb (BE)","Bern","Berne","Berna",50.189213247,FALSE,FALSE
2,628,59.910414334,535,358,57.841269841,911,1575,893,TRUE,"BE","Zäziwil","Zäziwil","Zäziwil","Zäziwil BE","Zäziwil (BE)","Zäziwil (BE)","Bern","Berne","Berna",50.189213247,FALSE,FALSE
2,630,61.904761905,169,104,66.428571429,279,420,273,TRUE,"BE","Allmendingen","Allmendingen","Allmendingen","Allmendingen BE","Allmendingen (BE)","Allmendingen (BE)","Bern","Berne","Berna",50.189213247,FALSE,FALSE
2,632,55.061124694,1126,919,60.202312139,2083,3460,2045,TRUE,"BE","Wichtrach","Wichtrach","Wichtrach","Wichtrach BE","Wichtrach (BE)","Wichtrach (BE)","Bern","Berne","Berna",50.189213247,FALSE,FALSE
2,662,60.601001669,363,236,61.234817814,605,988,599,TRUE,"BE","Ferenbalm","Ferenbalm","Ferenbalm","Ferenbalm BE","Ferenbalm (BE)","Ferenbalm (BE)","Bern","Berne","Berna",50.189213247,FALSE,FALSE
2,663,57.584683358,391,288,66.666666667,694,1041,679,TRUE,"BE","Frauenkappelen","Frauenkappelen","Frauenkappelen","Frauenkappelen BE","Frauenkappelen (BE)","Frauenkappelen (BE)","Bern","Berne","Berna",50.189213247,FALSE,FALSE
2,665,59.663865546,71,48,63.541666667,122,192,119,TRUE,"BE","Gurbrü","Gurbrü","Gurbrü","Gurbrü BE","Gurbrü (BE)","Gurbrü (BE)","Bern","Berne","Berna",50.189213247,FALSE,FALSE
2,666,59.487179487,116,79,56.056338028,199,355,195,TRUE,"BE","Kriechenwil","Kriechenwil","Kriechenwil","Kriechenwil BE","Kriechenwil (BE)","Kriechenwil (BE)","Bern","Berne","Berna",50.189213247,FALSE,FALSE
2,667,53.090909091,730,645,59.420289855,1394,2346,1375,TRUE,"BE","Laupen","Laupen","Laupen","Laupen BE","Laupen (BE)","Laupen (BE)","Bern","Berne","Berna",50.189213247,FALSE,FALSE
2,668,58.803763441,875,613,61.576153532,1508,2449,1488,TRUE,"BE","Mühleberg","Mühleberg","Mühleberg","Mühleberg BE","Mühleberg (BE)","Mühleberg (BE)","Bern","Berne","Berna",50.189213247,FALSE,FALSE
2,669,58.986175115,128,89,58.602150538,218,372,217,TRUE,"BE","Münchenwiler","Villars-les-Moines","Villars-les-Moines","Münchenwiler BE","Villars-les-Moines (BE)","Villars-les-Moines (BE)","Bern","Berne","Berna",50.189213247,FALSE,FALSE
2,670,56.201014292,1219,950,54.921894371,2215,4033,2169,TRUE,"BE","Neuenegg","Neuenegg","Neuenegg","Neuenegg BE","Neuenegg (BE)","Neuenegg (BE)","Bern","Berne","Berna",50.189213247,FALSE,FALSE
2,671,68.098159509,111,52,60.073260073,164,273,163,TRUE,"BE","Wileroltigen","Wileroltigen","Wileroltigen","Wileroltigen BE","Wileroltigen (BE)","Wileroltigen (BE)","Bern","Berne","Berna",50.189213247,FALSE,FALSE
2,681,46.923076923,61,69,61.79245283,131,212,130,TRUE,"BE","Belprahon","Belprahon","Belprahon","Belprahon BE","Belprahon (BE)","Belprahon (BE)","Bern","Berne","Berna",50.189213247,FALSE,FALSE
2,683,72.631578947,69,26,74.242424242,98,132,95,TRUE,"BE","Champoz","Champoz","Champoz","Champoz BE","Champoz (BE)","Champoz (BE)","Bern","Berne","Berna",50.189213247,FALSE,FALSE
2,687,54.430379747,43,36,53.75,86,160,79,TRUE,"BE","Corcelles BE","Corcelles (BE)","Corcelles BE","Corcelles BE","Corcelles (BE)","Corcelles (BE)","Bern","Berne","Berna",50.189213247,FALSE,FALSE
2,690,58.708414873,300,211,51.414634146,527,1025,511,TRUE,"BE","Court","Court","Court","Court BE","Court (BE)","Court (BE)","Bern","Berne","Berna",50.189213247,FALSE,FALSE
2,691,51.470588235,105,99,51.98019802,210,404,204,TRUE,"BE","Crémines","Crémines","Crémines","Crémines BE","Crémines (BE)","Crémines (BE)","Bern","Berne","Berna",50.189213247,FALSE,FALSE
2,692,59.712230216,83,56,54.646840149,147,269,139,TRUE,"BE","Eschert","Eschert","Eschert","Eschert BE","Eschert (BE)","Eschert (BE)","Bern","Berne","Berna",50.189213247,FALSE,FALSE
2,694,57.142857143,84,63,54.285714286,152,280,147,TRUE,"BE","Grandval","Grandval","Grandval","Grandval BE","Grandval (BE)","Grandval (BE)","Bern","Berne","Berna",50.189213247,FALSE,FALSE
2,696,52.482269504,74,67,54.615384615,142,260,141,TRUE,"BE","Loveresse","Loveresse","Loveresse","Loveresse BE","Loveresse (BE)","Loveresse (BE)","Bern","Berne","Berna",50.189213247,FALSE,FALSE
2,701,50,86,86,56.08974359,175,312,172,TRUE,"BE","Perrefitte","Perrefitte","Perrefitte","Perrefitte BE","Perrefitte (BE)","Perrefitte (BE)","Bern","Berne","Berna",50.189213247,FALSE,FALSE
2,703,53.720050441,426,367,50.617283951,820,1620,793,TRUE,"BE","Reconvilier","Reconvilier","Reconvilier","Reconvilier BE","Reconvilier (BE)","Reconvilier (BE)","Bern","Berne","Berna",50.189213247,FALSE,FALSE
2,704,61.111111111,44,28,53.103448276,77,145,72,TRUE,"BE","Roches BE","Roches (BE)","Roches BE","Roches BE","Roches (BE)","Roches (BE)","Bern","Berne","Berna",50.189213247,FALSE,FALSE
2,706,50.643776824,118,115,48.681541582,240,493,233,TRUE,"BE","Saicourt","Saicourt","Saicourt","Saicourt BE","Saicourt (BE)","Saicourt (BE)","Bern","Berne","Berna",50.189213247,FALSE,FALSE
2,707,45.714285714,32,38,55.639097744,74,133,70,TRUE,"BE","Saules BE","Saules (BE)","Saules BE","Saules BE","Saules (BE)","Saules (BE)","Bern","Berne","Berna",50.189213247,FALSE,FALSE
2,708,41.463414634,17,24,41.836734694,41,98,41,TRUE,"BE","Schelten","La Scheulte","La Scheulte","Schelten BE","La Scheulte (BE)","La Scheulte (BE)","Bern","Berne","Berna",50.189213247,FALSE,FALSE
2,709,59.259259259,16,11,55.357142857,31,56,27,TRUE,"BE","Seehof","Seehof","Seehof","Seehof BE","Seehof (BE)","Seehof (BE)","Bern","Berne","Berna",50.189213247,FALSE,FALSE
2,711,38.709677419,48,76,61.428571429,129,210,124,TRUE,"BE","Sorvilier","Sorvilier","Sorvilier","Sorvilier BE","Sorvilier (BE)","Sorvilier (BE)","Bern","Berne","Berna",50.189213247,FALSE,FALSE
2,713,45.259938838,444,537,47.943262411,1014,2115,981,TRUE,"BE","Tavannes","Tavannes","Tavannes","Tavannes BE","Tavannes (BE)","Tavannes (BE)","Bern","Berne","Berna",50.189213247,FALSE,FALSE
2,715,50,14,14,82.352941176,28,34,28,TRUE,"BE","Rebévelier","Rebévelier","Rebévelier","Rebévelier BE","Rebévelier (BE)","Rebévelier (BE)","Bern","Berne","Berna",50.189213247,FALSE,FALSE
2,716,45,90,110,65.396825397,206,315,200,TRUE,"BE","Petit-Val","Petit-Val","Petit-Val","Petit-Val BE","Petit-Val (BE)","Petit-Val (BE)","Bern","Berne","Berna",50.189213247,FALSE,FALSE
2,717,52.011922504,698,644,50.695970696,1384,2730,1342,TRUE,"BE","Valbirse","Valbirse","Valbirse","Valbirse BE","Valbirse (BE)","Valbirse (BE)","Bern","Berne","Berna",50.189213247,FALSE,FALSE
2,723,42.160278746,605,830,54.318265344,1478,2721,1435,TRUE,"BE","Neuenstadt","La Neuveville","La Neuveville","Neuenstadt BE","La Neuveville (BE)","La Neuveville (BE)","Bern","Berne","Berna",50.189213247,FALSE,FALSE
2,724,50.819672131,155,150,52.649006623,318,604,305,TRUE,"BE","Nods","Nods","Nods","Nods BE","Nods (BE)","Nods (BE)","Bern","Berne","Berna",50.189213247,FALSE,FALSE
2,726,44.417177914,362,453,51.070336391,835,1635,815,TRUE,"BE","Plateau de Diesse","Plateau de Diesse","Plateau de Diesse","Plateau de Diesse BE","Plateau de Diesse (BE)","Plateau de Diesse (BE)","Bern","Berne","Berna",50.189213247,FALSE,FALSE
2,731,55.247981546,479,388,55.067985167,891,1618,867,TRUE,"BE","Aegerten","Aegerten","Aegerten","Aegerten BE","Aegerten (BE)","Aegerten (BE)","Bern","Berne","Berna",50.189213247,FALSE,FALSE
2,732,56.603773585,480,368,64.397905759,861,1337,848,TRUE,"BE","Bellmund","Bellmund","Bellmund","Bellmund BE","Bellmund (BE)","Bellmund (BE)","Bern","Berne","Berna",50.189213247,FALSE,FALSE
2,733,50.347705146,724,714,52.392768522,1478,2821,1438,TRUE,"BE","Brügg","Brügg","Brügg","Brügg BE","Brügg (BE)","Brügg (BE)","Bern","Berne","Berna",50.189213247,FALSE,FALSE
2,734,61.363636364,135,85,56.887755102,223,392,220,TRUE,"BE","Bühl","Bühl","Bühl","Bühl BE","Bühl (BE)","Bühl (BE)","Bern","Berne","Berna",50.189213247,FALSE,FALSE
2,735,64.673913043,119,65,62.837837838,186,296,184,TRUE,"BE","Epsach","Epsach","Epsach","Epsach BE","Epsach (BE)","Epsach (BE)","Bern","Berne","Berna",50.189213247,FALSE,FALSE
2,736,50.495049505,102,100,63.354037267,204,322,202,TRUE,"BE","Hagneck","Hagneck","Hagneck","Hagneck BE","Hagneck (BE)","Hagneck (BE)","Bern","Berne","Berna",50.189213247,FALSE,FALSE
2,737,61.363636364,81,51,55.870445344,138,247,132,TRUE,"BE","Hermrigen","Hermrigen","Hermrigen","Hermrigen BE","Hermrigen (BE)","Hermrigen (BE)","Bern","Berne","Berna",50.189213247,FALSE,FALSE
2,738,53.739612188,194,167,66.245487365,367,554,361,TRUE,"BE","Jens","Jens","Jens","Jens BE","Jens (BE)","Jens (BE)","Bern","Berne","Berna",50.189213247,FALSE,FALSE
2,739,52.576687117,857,773,59.361702128,1674,2820,1630,TRUE,"BE","Ipsach","Ipsach","Ipsach","Ipsach BE","Ipsach (BE)","Ipsach (BE)","Bern","Berne","Berna",50.189213247,FALSE,FALSE
2,740,50,135,135,68.613138686,282,411,270,TRUE,"BE","Ligerz","Gléresse","Gléresse","Ligerz BE","Gléresse (BE)","Gléresse (BE)","Bern","Berne","Berna",50.189213247,FALSE,FALSE
2,741,45.454545455,100,120,62.921348315,224,356,220,TRUE,"BE","Merzligen","Merzligen","Merzligen","Merzligen BE","Merzligen (BE)","Merzligen (BE)","Bern","Berne","Berna",50.189213247,FALSE,FALSE
2,742,59.623430962,285,193,69.263456091,489,706,478,TRUE,"BE","Mörigen","Mörigen","Mörigen","Mörigen BE","Mörigen (BE)","Mörigen (BE)","Bern","Berne","Berna",50.189213247,FALSE,FALSE
2,743,41.893702546,938,1301,51.927023945,2277,4385,2239,TRUE,"BE","Nidau","Nidau","Nidau","Nidau BE","Nidau (BE)","Nidau (BE)","Bern","Berne","Berna",50.189213247,FALSE,FALSE
2,744,53.346855984,526,460,46.838407494,1000,2135,986,TRUE,"BE","Orpund","Orpund","Orpund","Orpund BE","Orpund (BE)","Orpund (BE)","Bern","Berne","Berna",50.189213247,FALSE,FALSE
2,745,52.278037383,895,817,61.438138879,1743,2837,1712,TRUE,"BE","Port","Port","Port","Port BE","Port (BE)","Port (BE)","Bern","Berne","Berna",50.189213247,FALSE,FALSE
2,746,61.240310078,553,350,60.978835979,922,1512,903,TRUE,"BE","Safnern","Safnern","Safnern","Safnern BE","Safnern (BE)","Safnern (BE)","Bern","Berne","Berna",50.189213247,FALSE,FALSE
2,747,54.054054054,140,119,67.875647668,262,386,259,TRUE,"BE","Scheuren","Scheuren","Scheuren","Scheuren BE","Scheuren (BE)","Scheuren (BE)","Bern","Berne","Berna",50.189213247,FALSE,FALSE
2,748,53.47985348,146,127,54.142581888,281,519,273,TRUE,"BE","Schwadernau","Schwadernau","Schwadernau","Schwadernau BE","Schwadernau (BE)","Schwadernau (BE)","Bern","Berne","Berna",50.189213247,FALSE,FALSE
2,749,57.761053622,614,449,50.914205345,1086,2133,1063,TRUE,"BE","Studen BE","Studen (BE)","Studen BE","Studen BE","Studen (BE)","Studen (BE)","Bern","Berne","Berna",50.189213247,FALSE,FALSE
2,750,51.141552511,336,321,63.059701493,676,1072,657,TRUE,"BE","Sutz-Lattrigen","Sutz-Lattrigen","Sutz-Lattrigen","Sutz-Lattrigen BE","Sutz-Lattrigen (BE)","Sutz-Lattrigen (BE)","Bern","Berne","Berna",50.189213247,FALSE,FALSE
2,751,57.62594893,835,614,61.496881497,1479,2405,1449,TRUE,"BE","Täuffelen","Täuffelen","Täuffelen","Täuffelen BE","Täuffelen (BE)","Täuffelen (BE)","Bern","Berne","Berna",50.189213247,FALSE,FALSE
2,754,62.753036437,310,184,64.276568502,502,781,494,TRUE,"BE","Walperswil","Walperswil","Walperswil","Walperswil BE","Walperswil (BE)","Walperswil (BE)","Bern","Berne","Berna",50.189213247,FALSE,FALSE
2,755,53.640552995,582,503,56.059063136,1101,1964,1085,TRUE,"BE","Worben","Worben","Worben","Worben BE","Worben (BE)","Worben (BE)","Bern","Berne","Berna",50.189213247,FALSE,FALSE
2,756,50.086355786,290,289,65.231788079,591,906,579,TRUE,"BE","Twann-Tüscherz","Douanne-Daucher","Douanne-Daucher","Twann-Tüscherz BE","Douanne-Daucher (BE)","Douanne-Daucher (BE)","Bern","Berne","Berna",50.189213247,FALSE,FALSE
2,761,71.971496437,303,118,66.111951589,437,661,421,TRUE,"BE","Därstetten","Därstetten","Därstetten","Därstetten BE","Därstetten (BE)","Därstetten (BE)","Bern","Berne","Berna",50.189213247,FALSE,FALSE
2,762,71.623931624,838,332,63.821989529,1219,1910,1170,TRUE,"BE","Diemtigen","Diemtigen","Diemtigen","Diemtigen BE","Diemtigen (BE)","Diemtigen (BE)","Bern","Berne","Berna",50.189213247,FALSE,FALSE
2,763,67.314702309,554,269,62.388724036,841,1348,823,TRUE,"BE","Erlenbach im Simmental","Erlenbach im Simmental","Erlenbach im Simmental","Erlenbach im Simmental BE","Erlenbach im Simmental (BE)","Erlenbach im Simmental (BE)","Bern","Berne","Berna",50.189213247,FALSE,FALSE
2,766,75.736961451,334,107,65.800865801,456,693,441,TRUE,"BE","Oberwil im Simmental","Oberwil im Simmental","Oberwil im Simmental","Oberwil im Simmental BE","Oberwil im Simmental (BE)","Oberwil im Simmental (BE)","Bern","Berne","Berna",50.189213247,FALSE,FALSE
2,767,66.563467492,430,216,62.955854127,656,1042,646,TRUE,"BE","Reutigen","Reutigen","Reutigen","Reutigen BE","Reutigen (BE)","Reutigen (BE)","Bern","Berne","Berna",50.189213247,FALSE,FALSE
2,768,54.130619169,3191,2704,61.194029851,6027,9849,5895,TRUE,"BE","Spiez","Spiez","Spiez","Spiez BE","Spiez (BE)","Spiez (BE)","Bern","Berne","Berna",50.189213247,FALSE,FALSE
2,769,66.779949023,786,391,59.689534301,1192,1997,1177,TRUE,"BE","Wimmis","Wimmis","Wimmis","Wimmis BE","Wimmis (BE)","Wimmis (BE)","Bern","Berne","Berna",50.189213247,FALSE,FALSE
2,770,64,304,171,60.665844636,492,811,475,TRUE,"BE","Stocken-Höfen","Stocken-Höfen","Stocken-Höfen","Stocken-Höfen BE","Stocken-Höfen (BE)","Stocken-Höfen (BE)","Bern","Berne","Berna",50.189213247,FALSE,FALSE
2,782,61.157024793,74,47,61,122,200,121,TRUE,"BE","Guttannen","Guttannen","Guttannen","Guttannen BE","Guttannen (BE)","Guttannen (BE)","Bern","Berne","Berna",50.189213247,FALSE,FALSE
2,783,62.183235867,319,194,65.577889447,522,796,513,TRUE,"BE","Hasliberg","Hasliberg","Hasliberg","Hasliberg BE","Hasliberg (BE)","Hasliberg (BE)","Bern","Berne","Berna",50.189213247,FALSE,FALSE
2,784,67.605633803,336,161,57.545045045,511,888,497,TRUE,"BE","Innertkirchen","Innertkirchen","Innertkirchen","Innertkirchen BE","Innertkirchen (BE)","Innertkirchen (BE)","Bern","Berne","Berna",50.189213247,FALSE,FALSE
2,785,59.391965255,1094,748,58.854818523,1881,3196,1842,TRUE,"BE","Meiringen","Meiringen","Meiringen","Meiringen BE","Meiringen (BE)","Meiringen (BE)","Bern","Berne","Berna",50.189213247,FALSE,FALSE
2,786,59.215686275,151,104,57.333333333,258,450,255,TRUE,"BE","Schattenhalb","Schattenhalb","Schattenhalb","Schattenhalb BE","Schattenhalb (BE)","Schattenhalb (BE)","Bern","Berne","Berna",50.189213247,FALSE,FALSE
2,791,70.833333333,425,175,60.408560311,621,1028,600,TRUE,"BE","Boltigen","Boltigen","Boltigen","Boltigen BE","Boltigen (BE)","Boltigen (BE)","Bern","Berne","Berna",50.189213247,FALSE,FALSE
2,792,54.304635762,574,483,60.722222222,1093,1800,1057,TRUE,"BE","Lenk","Lenk","Lenk","Lenk BE","Lenk (BE)","Lenk (BE)","Bern","Berne","Berna",50.189213247,FALSE,FALSE
2,793,74.461538462,484,166,65.91796875,675,1024,650,TRUE,"BE","St. Stephan","Saint-Etienne","Saint-Etienne","St. Stephan BE","Saint-Etienne (BE)","Saint-Etienne (BE)","Bern","Berne","Berna",50.189213247,FALSE,FALSE
2,794,63.461538462,825,475,58.810572687,1335,2270,1300,TRUE,"BE","Zweisimmen","Zweisimmen","Zweisimmen","Zweisimmen BE","Zweisimmen (BE)","Zweisimmen (BE)","Bern","Berne","Berna",50.189213247,FALSE,FALSE
2,841,65.194805195,251,134,57.95620438,397,685,385,TRUE,"BE","Gsteig","Gsteig","Gsteig","Gsteig BE","Gsteig (BE)","Gsteig (BE)","Bern","Berne","Berna",50.189213247,FALSE,FALSE
2,842,69.096209913,237,106,58.105939005,362,623,343,TRUE,"BE","Lauenen","Lauenen","Lauenen","Lauenen BE","Lauenen (BE)","Lauenen (BE)","Bern","Berne","Berna",50.189213247,FALSE,FALSE
2,843,64.147702877,1494,835,57.987451737,2403,4144,2329,TRUE,"BE","Saanen","Gessenay","Gessenay","Saanen BE","Gessenay (BE)","Gessenay (BE)","Bern","Berne","Berna",50.189213247,FALSE,FALSE
2,852,58.013245033,438,317,56.300663228,764,1357,755,TRUE,"BE","Guggisberg","Guggisberg","Guggisberg","Guggisberg BE","Guggisberg (BE)","Guggisberg (BE)","Bern","Berne","Berna",50.189213247,FALSE,FALSE
2,853,59.053254438,499,346,55.263157895,861,1558,845,TRUE,"BE","Rüschegg","Rüschegg","Rüschegg","Rüschegg BE","Rüschegg (BE)","Rüschegg (BE)","Bern","Berne","Berna",50.189213247,FALSE,FALSE
2,855,53.42848278,1722,1501,59.185878963,3286,5552,3223,TRUE,"BE","Schwarzenburg","Schwarzenburg","Schwarzenburg","Schwarzenburg BE","Schwarzenburg (BE)","Schwarzenburg (BE)","Bern","Berne","Berna",50.189213247,FALSE,FALSE
2,861,54.525648643,2753,2296,63.688867043,5183,8138,5049,TRUE,"BE","Belp","Belp","Belp","Belp BE","Belp (BE)","Belp (BE)","Bern","Berne","Berna",50.189213247,FALSE,FALSE
2,863,55.141843972,311,253,62.377317339,572,917,564,TRUE,"BE","Burgistein","Burgistein","Burgistein","Burgistein BE","Burgistein (BE)","Burgistein (BE)","Bern","Berne","Berna",50.189213247,FALSE,FALSE
2,866,58.411214953,375,267,66.158536585,651,984,642,TRUE,"BE","Gerzensee","Gerzensee","Gerzensee","Gerzensee BE","Gerzensee (BE)","Gerzensee (BE)","Bern","Berne","Berna",50.189213247,FALSE,FALSE
2,867,59.345794393,254,174,63.662790698,438,688,428,TRUE,"BE","Gurzelen","Gurzelen","Gurzelen","Gurzelen BE","Gurzelen (BE)","Gurzelen (BE)","Bern","Berne","Berna",50.189213247,FALSE,FALSE
2,868,52.857142857,74,66,61.904761905,143,231,140,TRUE,"BE","Jaberg","Jaberg","Jaberg","Jaberg BE","Jaberg (BE)","Jaberg (BE)","Bern","Berne","Berna",50.189213247,FALSE,FALSE
2,869,48.415492958,275,293,68.862275449,575,835,568,TRUE,"BE","Kaufdorf","Kaufdorf","Kaufdorf","Kaufdorf BE","Kaufdorf (BE)","Kaufdorf (BE)","Bern","Berne","Berna",50.189213247,FALSE,FALSE
2,870,48.020954598,825,893,62.864339691,1747,2779,1718,TRUE,"BE","Kehrsatz","Kehrsatz","Kehrsatz","Kehrsatz BE","Kehrsatz (BE)","Kehrsatz (BE)","Bern","Berne","Berna",50.189213247,FALSE,FALSE
2,872,61.141602634,557,354,60.969220694,931,1527,911,TRUE,"BE","Kirchdorf BE","Kirchdorf (BE)","Kirchdorf BE","Kirchdorf BE","Kirchdorf (BE)","Kirchdorf (BE)","Bern","Berne","Berna",50.189213247,FALSE,FALSE
2,879,60.650406504,746,484,50.975609756,1254,2460,1230,TRUE,"BE","Riggisberg","Riggisberg","Riggisberg","Riggisberg BE","Riggisberg (BE)","Riggisberg (BE)","Bern","Berne","Berna",50.189213247,FALSE,FALSE
2,880,58.940397351,534,372,61.317677756,940,1533,906,TRUE,"BE","Rüeggisberg","Rüeggisberg","Rüeggisberg","Rüeggisberg BE","Rüeggisberg (BE)","Rüeggisberg (BE)","Bern","Berne","Berna",50.189213247,FALSE,FALSE
2,883,61.712598425,627,389,60.831381733,1039,1708,1016,TRUE,"BE","Seftigen","Seftigen","Seftigen","Seftigen BE","Seftigen (BE)","Seftigen (BE)","Bern","Berne","Berna",50.189213247,FALSE,FALSE
2,884,56.324582339,708,549,64.43997991,1283,1991,1257,TRUE,"BE","Toffen","Toffen","Toffen","Toffen BE","Toffen (BE)","Toffen (BE)","Bern","Berne","Berna",50.189213247,FALSE,FALSE
2,885,56.944444444,615,465,67.064439141,1124,1676,1080,TRUE,"BE","Uttigen","Uttigen","Uttigen","Uttigen BE","Uttigen (BE)","Uttigen (BE)","Bern","Berne","Berna",50.189213247,FALSE,FALSE
2,886,58.77605918,874,613,59.449901768,1513,2545,1487,TRUE,"BE","Wattenwil","Wattenwil","Wattenwil","Wattenwil BE","Wattenwil (BE)","Wattenwil (BE)","Bern","Berne","Berna",50.189213247,FALSE,FALSE
2,888,58.351893096,524,374,64.340544313,922,1433,898,TRUE,"BE","Wald BE","Wald (BE)","Wald BE","Wald BE","Wald (BE)","Wald (BE)","Bern","Berne","Berna",50.189213247,FALSE,FALSE
2,889,51.045627376,537,515,66.133988937,1076,1627,1052,TRUE,"BE","Thurnen","Thurnen","Thurnen","Thurnen BE","Thurnen (BE)","Thurnen (BE)","Bern","Berne","Berna",50.189213247,FALSE,FALSE
2,901,65.572232645,699,367,52.570879385,1094,2081,1066,TRUE,"BE","Eggiwil","Eggiwil","Eggiwil","Eggiwil BE","Eggiwil (BE)","Eggiwil (BE)","Bern","Berne","Berna",50.189213247,FALSE,FALSE
2,902,51.460460698,2167,2044,55.246280144,4307,7796,4211,TRUE,"BE","Langnau im Emmental","Langnau im Emmental","Langnau im Emmental","Langnau im Emmental BE","Langnau im Emmental (BE)","Langnau im Emmental (BE)","Bern","Berne","Berna",50.189213247,FALSE,FALSE
2,903,57.008547009,667,503,51.8744551,1190,2294,1170,TRUE,"BE","Lauperswil","Lauperswil","Lauperswil","Lauperswil BE","Lauperswil (BE)","Lauperswil (BE)","Bern","Berne","Berna",50.189213247,FALSE,FALSE
2,904,66.719492868,421,210,60.202205882,655,1088,631,TRUE,"BE","Röthenbach im Emmental","Röthenbach im Emmental","Röthenbach im Emmental","Röthenbach im Emmental BE","Röthenbach im Emmental (BE)","Röthenbach im Emmental (BE)","Bern","Berne","Berna",50.189213247,FALSE,FALSE
2,905,60.408921933,650,426,53.812316716,1101,2046,1076,TRUE,"BE","Rüderswil","Rüderswil","Rüderswil","Rüderswil BE","Rüderswil (BE)","Rüderswil (BE)","Bern","Berne","Berna",50.189213247,FALSE,FALSE
2,906,75.31120332,363,119,61.369193154,502,818,482,TRUE,"BE","Schangnau","Schangnau","Schangnau","Schangnau BE","Schangnau (BE)","Schangnau (BE)","Bern","Berne","Berna",50.189213247,FALSE,FALSE
2,907,60.28708134,756,498,56.85840708,1285,2260,1254,TRUE,"BE","Signau","Signau","Signau","Signau BE","Signau (BE)","Signau (BE)","Bern","Berne","Berna",50.189213247,FALSE,FALSE
2,908,57.274119449,374,279,46.997206704,673,1432,653,TRUE,"BE","Trub","Trub","Trub","Trub BE","Trub (BE)","Trub (BE)","Bern","Berne","Berna",50.189213247,FALSE,FALSE
2,909,56.661562021,370,283,55.969517358,661,1181,653,TRUE,"BE","Trubschachen","Trubschachen","Trubschachen","Trubschachen BE","Trubschachen (BE)","Trubschachen (BE)","Bern","Berne","Berna",50.189213247,FALSE,FALSE
2,921,56.941176471,242,183,62.356321839,434,696,425,TRUE,"BE","Amsoldingen","Amsoldingen","Amsoldingen","Amsoldingen BE","Amsoldingen (BE)","Amsoldingen (BE)","Bern","Berne","Berna",50.189213247,FALSE,FALSE
2,922,64.774624374,388,211,58.174904943,612,1052,599,TRUE,"BE","Blumenstein","Blumenstein","Blumenstein","Blumenstein BE","Blumenstein (BE)","Blumenstein (BE)","Bern","Berne","Berna",50.189213247,FALSE,FALSE
2,923,63.250883392,537,312,64.688204358,861,1331,849,TRUE,"BE","Buchholterberg","Buchholterberg","Buchholterberg","Buchholterberg BE","Buchholterberg (BE)","Buchholterberg (BE)","Bern","Berne","Berna",50.189213247,FALSE,FALSE
2,924,67.669172932,180,86,59.694989107,274,459,266,TRUE,"BE","Eriz","Eriz","Eriz","Eriz BE","Eriz (BE)","Eriz (BE)","Bern","Berne","Berna",50.189213247,FALSE,FALSE
2,925,62.591687042,256,153,63.816793893,418,655,409,TRUE,"BE","Fahrni","Fahrni","Fahrni","Fahrni BE","Fahrni (BE)","Fahrni (BE)","Bern","Berne","Berna",50.189213247,FALSE,FALSE
2,927,55.131964809,188,153,62.477558348,348,557,341,TRUE,"BE","Heiligenschwendi","Heiligenschwendi","Heiligenschwendi","Heiligenschwendi BE","Heiligenschwendi (BE)","Heiligenschwendi (BE)","Bern","Berne","Berna",50.189213247,FALSE,FALSE
2,928,61.864105301,1739,1072,55.6219865,2884,5185,2811,TRUE,"BE","Heimberg","Heimberg","Heimberg","Heimberg BE","Heimberg (BE)","Heimberg (BE)","Bern","Berne","Berna",50.189213247,FALSE,FALSE
2,929,53.524672709,1063,923,64.209199748,2038,3174,1986,TRUE,"BE","Hilterfingen","Hilterfingen","Hilterfingen","Hilterfingen BE","Hilterfingen (BE)","Hilterfingen (BE)","Bern","Berne","Berna",50.189213247,FALSE,FALSE
2,931,64.166666667,154,86,63.523573201,256,403,240,TRUE,"BE","Homberg","Homberg","Homberg","Homberg BE","Homberg (BE)","Homberg (BE)","Bern","Berne","Berna",50.189213247,FALSE,FALSE
2,932,65.346534653,66,35,59.770114943,104,174,101,TRUE,"BE","Horrenbach-Buchen","Horrenbach-Buchen","Horrenbach-Buchen","Horrenbach-Buchen BE","Horrenbach-Buchen (BE)","Horrenbach-Buchen (BE)","Bern","Berne","Berna",50.189213247,FALSE,FALSE
2,934,55.677368833,711,566,66.974358974,1306,1950,1277,TRUE,"BE","Oberhofen am Thunersee","Oberhofen am Thunersee","Oberhofen am Thunersee","Oberhofen am Thunersee BE","Oberhofen am Thunersee (BE)","Oberhofen am Thunersee (BE)","Bern","Berne","Berna",50.189213247,FALSE,FALSE
2,935,72.64957265,170,64,57.627118644,238,413,234,TRUE,"BE","Oberlangenegg","Oberlangenegg","Oberlangenegg","Oberlangenegg BE","Oberlangenegg (BE)","Oberlangenegg (BE)","Bern","Berne","Berna",50.189213247,FALSE,FALSE
2,936,67.716535433,86,41,63.235294118,129,204,127,TRUE,"BE","Pohlern","Pohlern","Pohlern","Pohlern BE","Pohlern (BE)","Pohlern (BE)","Bern","Berne","Berna",50.189213247,FALSE,FALSE
2,938,65.220820189,1654,882,63.763837638,2592,4065,2536,TRUE,"BE","Sigriswil","Sigriswil","Sigriswil","Sigriswil BE","Sigriswil (BE)","Sigriswil (BE)","Bern","Berne","Berna",50.189213247,FALSE,FALSE
2,939,54.459833795,3932,3288,59.902597403,7380,12320,7220,TRUE,"BE","Steffisburg","Steffisburg","Steffisburg","Steffisburg BE","Steffisburg (BE)","Steffisburg (BE)","Bern","Berne","Berna",50.189213247,FALSE,FALSE
2,940,63.157894737,60,35,66.44295302,99,149,95,TRUE,"BE","Teuffenthal BE","Teuffenthal (BE)","Teuffenthal BE","Teuffenthal BE","Teuffenthal (BE)","Teuffenthal (BE)","Bern","Berne","Berna",50.189213247,FALSE,FALSE
2,941,56.475903614,750,578,65.02627807,1361,2093,1328,TRUE,"BE","Thierachern","Thierachern","Thierachern","Thierachern BE","Thierachern (BE)","Thierachern (BE)","Bern","Berne","Berna",50.189213247,FALSE,FALSE
2,942,50.868500167,9137,8825,58.305191731,18474,31685,17962,TRUE,"BE","Thun","Thoune","Thoune","Thun BE","Thoune (BE)","Thoune (BE)","Bern","Berne","Berna",50.189213247,FALSE,FALSE
2,943,66.666666667,238,119,67.407407407,364,540,357,TRUE,"BE","Uebeschi","Uebeschi","Uebeschi","Uebeschi BE","Uebeschi (BE)","Uebeschi (BE)","Bern","Berne","Berna",50.189213247,FALSE,FALSE
2,944,58.713920351,1607,1130,59.714224781,2800,4689,2737,TRUE,"BE","Uetendorf","Uetendorf","Uetendorf","Uetendorf BE","Uetendorf (BE)","Uetendorf (BE)","Bern","Berne","Berna",50.189213247,FALSE,FALSE
2,945,67.878787879,336,159,59.571938169,501,841,495,TRUE,"BE","Unterlangenegg","Unterlangenegg","Unterlangenegg","Unterlangenegg BE","Unterlangenegg (BE)","Unterlangenegg (BE)","Bern","Berne","Berna",50.189213247,FALSE,FALSE
2,946,84.090909091,111,21,73.224043716,134,183,132,TRUE,"BE","Wachseldorn","Wachseldorn","Wachseldorn","Wachseldorn BE","Wachseldorn (BE)","Wachseldorn (BE)","Bern","Berne","Berna",50.189213247,FALSE,FALSE
2,948,61.234567901,248,157,65.981012658,417,632,405,TRUE,"BE","Forst-Längenbühl","Forst-Längenbühl","Forst-Längenbühl","Forst-Längenbühl BE","Forst-Längenbühl (BE)","Forst-Längenbühl (BE)","Bern","Berne","Berna",50.189213247,FALSE,FALSE
2,951,65.32905297,407,216,61.710398445,635,1029,623,TRUE,"BE","Affoltern im Emmental","Affoltern im Emmental","Affoltern im Emmental","Affoltern im Emmental BE","Affoltern im Emmental (BE)","Affoltern im Emmental (BE)","Bern","Berne","Berna",50.189213247,FALSE,FALSE
2,952,67.350746269,361,175,61.142217245,546,893,536,TRUE,"BE","Dürrenroth","Dürrenroth","Dürrenroth","Dürrenroth BE","Dürrenroth (BE)","Dürrenroth (BE)","Bern","Berne","Berna",50.189213247,FALSE,FALSE
2,953,62.460063898,391,235,54.630416313,643,1177,626,TRUE,"BE","Eriswil","Eriswil","Eriswil","Eriswil BE","Eriswil (BE)","Eriswil (BE)","Bern","Berne","Berna",50.189213247,FALSE,FALSE
2,954,55.282199711,1146,927,54.677377559,2110,3859,2073,TRUE,"BE","Huttwil","Huttwil","Huttwil","Huttwil BE","Huttwil (BE)","Huttwil (BE)","Bern","Berne","Berna",50.189213247,FALSE,FALSE
2,955,58.944281525,1206,840,59.419881723,2110,3551,2046,TRUE,"BE","Lützelflüh","Lützelflüh","Lützelflüh","Lützelflüh BE","Lützelflüh (BE)","Lützelflüh (BE)","Bern","Berne","Berna",50.189213247,FALSE,FALSE
2,956,63.219895288,966,562,59.686664119,1562,2617,1528,TRUE,"BE","Rüegsau","Rüegsau","Rüegsau","Rüegsau BE","Rüegsau (BE)","Rüegsau (BE)","Bern","Berne","Berna",50.189213247,FALSE,FALSE
2,957,58.841201717,1371,959,56.229508197,2401,4270,2330,TRUE,"BE","Sumiswald","Sumiswald","Sumiswald","Sumiswald BE","Sumiswald (BE)","Sumiswald (BE)","Bern","Berne","Berna",50.189213247,FALSE,FALSE
2,958,65.083135392,274,147,53.667481663,439,818,421,TRUE,"BE","Trachselwald","Trachselwald","Trachselwald","Trachselwald BE","Trachselwald (BE)","Trachselwald (BE)","Bern","Berne","Berna",50.189213247,FALSE,FALSE
2,959,60.820895522,163,105,56.22406639,271,482,268,TRUE,"BE","Walterswil BE","Walterswil (BE)","Walterswil BE","Walterswil BE","Walterswil (BE)","Walterswil (BE)","Bern","Berne","Berna",50.189213247,FALSE,FALSE
2,960,59.857904085,337,226,58.744855967,571,972,563,TRUE,"BE","Wyssachen","Wyssachen","Wyssachen","Wyssachen BE","Wyssachen (BE)","Wyssachen (BE)","Bern","Berne","Berna",50.189213247,FALSE,FALSE
2,971,66.858789625,464,230,60.320134794,716,1187,694,TRUE,"BE","Attiswil","Attiswil","Attiswil","Attiswil BE","Attiswil (BE)","Attiswil (BE)","Bern","Berne","Berna",50.189213247,FALSE,FALSE
2,972,72.727272727,24,9,82.5,33,40,33,TRUE,"BE","Berken","Berken","Berken","Berken BE","Berken (BE)","Berken (BE)","Bern","Berne","Berna",50.189213247,FALSE,FALSE
2,973,58.988764045,210,146,64.946619217,365,562,356,TRUE,"BE","Bettenhausen","Bettenhausen","Bettenhausen","Bettenhausen BE","Bettenhausen (BE)","Bettenhausen (BE)","Bern","Berne","Berna",50.189213247,FALSE,FALSE
2,975,61.151079137,85,54,71.282051282,139,195,139,TRUE,"BE","Farnern","Farnern","Farnern","Farnern BE","Farnern (BE)","Farnern (BE)","Bern","Berne","Berna",50.189213247,FALSE,FALSE
2,976,62.195121951,102,62,65,169,260,164,TRUE,"BE","Graben","Graben","Graben","Graben BE","Graben (BE)","Graben (BE)","Bern","Berne","Berna",50.189213247,FALSE,FALSE
2,977,62.5,335,201,58.963282937,546,926,536,TRUE,"BE","Heimenhausen","Heimenhausen","Heimenhausen","Heimenhausen BE","Heimenhausen (BE)","Heimenhausen (BE)","Bern","Berne","Berna",50.189213247,FALSE,FALSE
2,979,55.276203966,1561,1263,57.520891365,2891,5026,2824,TRUE,"BE","Herzogenbuchsee","Herzogenbuchsee","Herzogenbuchsee","Herzogenbuchsee BE","Herzogenbuchsee (BE)","Herzogenbuchsee (BE)","Bern","Berne","Berna",50.189213247,FALSE,FALSE
2,980,56.484149856,196,151,64,352,550,347,TRUE,"BE","Inkwil","Inkwil","Inkwil","Inkwil BE","Inkwil (BE)","Inkwil (BE)","Bern","Berne","Berna",50.189213247,FALSE,FALSE
2,981,60.924130063,1068,685,52.606912712,1796,3414,1753,TRUE,"BE","Niederbipp","Niederbipp","Niederbipp","Niederbipp BE","Niederbipp (BE)","Niederbipp (BE)","Bern","Berne","Berna",50.189213247,FALSE,FALSE
2,982,54.195804196,465,393,62.941600577,873,1387,858,TRUE,"BE","Niederönz","Niederönz","Niederönz","Niederönz BE","Niederönz (BE)","Niederönz (BE)","Bern","Berne","Berna",50.189213247,FALSE,FALSE
2,983,60.183968463,458,303,58.854961832,771,1310,761,TRUE,"BE","Oberbipp","Oberbipp","Oberbipp","Oberbipp BE","Oberbipp (BE)","Oberbipp (BE)","Bern","Berne","Berna",50.189213247,FALSE,FALSE
2,985,64.948453608,189,102,62.947368421,299,475,291,TRUE,"BE","Ochlenberg","Ochlenberg","Ochlenberg","Ochlenberg BE","Ochlenberg (BE)","Ochlenberg (BE)","Bern","Berne","Berna",50.189213247,FALSE,FALSE
2,987,67.567567568,175,84,67.525773196,262,388,259,TRUE,"BE","Rumisberg","Rumisberg","Rumisberg","Rumisberg BE","Rumisberg (BE)","Rumisberg (BE)","Bern","Berne","Berna",50.189213247,FALSE,FALSE
2,988,59.054054054,437,303,57.186081694,756,1322,740,TRUE,"BE","Seeberg","Seeberg","Seeberg","Seeberg BE","Seeberg (BE)","Seeberg (BE)","Bern","Berne","Berna",50.189213247,FALSE,FALSE
2,989,59.288537549,300,206,57.142857143,512,896,506,TRUE,"BE","Thörigen","Thörigen","Thörigen","Thörigen BE","Thörigen (BE)","Thörigen (BE)","Bern","Berne","Berna",50.189213247,FALSE,FALSE
2,990,56.880733945,62,47,62.921348315,112,178,109,TRUE,"BE","Walliswil bei Niederbipp","Walliswil bei Niederbipp","Walliswil bei Niederbipp","Walliswil bei Niederbipp BE","Walliswil bei Niederbipp (BE)","Walliswil bei Niederbipp (BE)","Bern","Berne","Berna",50.189213247,FALSE,FALSE
2,991,60.327868852,184,121,63.543788187,312,491,305,TRUE,"BE","Walliswil bei Wangen","Walliswil bei Wangen","Walliswil bei Wangen","Walliswil bei Wangen BE","Walliswil bei Wangen (BE)","Walliswil bei Wangen (BE)","Bern","Berne","Berna",50.189213247,FALSE,FALSE
2,992,62.207896857,772,469,62.067284252,1273,2051,1241,TRUE,"BE","Wangen an der Aare","Wangen an der Aare","Wangen an der Aare","Wangen an der Aare BE","Wangen an der Aare (BE)","Wangen an der Aare (BE)","Bern","Berne","Berna",50.189213247,FALSE,FALSE
2,995,56.202804746,521,406,53.619909502,948,1768,927,TRUE,"BE","Wiedlisbach","Wiedlisbach","Wiedlisbach","Wiedlisbach BE","Wiedlisbach (BE)","Wiedlisbach (BE)","Bern","Berne","Berna",50.189213247,FALSE,FALSE
3,1001,71.767241379,333,131,76.489533011,475,621,464,TRUE,"LU","Doppleschwand","Doppleschwand","Doppleschwand","Doppleschwand LU","Doppleschwand (LU)","Doppleschwand (LU)","Luzern","Lucerne","Lucerna",56.876531194,FALSE,FALSE
3,1002,67.482100239,1131,545,68.51628468,1704,2487,1676,TRUE,"LU","Entlebuch","Entlebuch","Entlebuch","Entlebuch LU","Entlebuch (LU)","Entlebuch (LU)","Luzern","Lucerne","Lucerna",56.876531194,FALSE,FALSE
3,1004,74.364640884,673,232,70.801232666,919,1298,905,TRUE,"LU","Flühli","Flühli","Flühli","Flühli LU","Flühli (LU)","Flühli (LU)","Luzern","Lucerne","Lucerna",56.876531194,FALSE,FALSE
3,1005,67.117585848,645,316,71.239911959,971,1363,961,TRUE,"LU","Hasle LU","Hasle (LU)","Hasle LU","Hasle LU","Hasle (LU)","Hasle (LU)","Luzern","Lucerne","Lucerna",56.876531194,FALSE,FALSE
3,1007,73.590504451,248,89,73.560767591,345,469,337,TRUE,"LU","Romoos","Romoos","Romoos","Romoos LU","Romoos (LU)","Romoos (LU)","Luzern","Lucerne","Lucerna",56.876531194,FALSE,FALSE
3,1008,63.529411765,1404,806,71.478760779,2238,3131,2210,TRUE,"LU","Schüpfheim","Schüpfheim","Schüpfheim","Schüpfheim LU","Schüpfheim (LU)","Schüpfheim (LU)","Luzern","Lucerne","Lucerna",56.876531194,FALSE,FALSE
3,1009,63.152053274,569,332,65.667380443,920,1401,901,TRUE,"LU","Werthenstein","Werthenstein","Werthenstein","Werthenstein LU","Werthenstein (LU)","Werthenstein (LU)","Luzern","Lucerne","Lucerna",56.876531194,FALSE,FALSE
3,1010,69.797501077,1620,701,68.695652174,2370,3450,2321,TRUE,"LU","Escholzmatt-Marbach","Escholzmatt-Marbach","Escholzmatt-Marbach","Escholzmatt-Marbach LU","Escholzmatt-Marbach (LU)","Escholzmatt-Marbach (LU)","Luzern","Lucerne","Lucerna",56.876531194,FALSE,FALSE
3,1021,63.957055215,417,235,65.658536585,673,1025,652,TRUE,"LU","Aesch LU","Aesch (LU)","Aesch LU","Aesch LU","Aesch (LU)","Aesch (LU)","Luzern","Lucerne","Lucerna",56.876531194,FALSE,FALSE
3,1023,61.867977528,881,543,68.850902184,1450,2106,1424,TRUE,"LU","Ballwil","Ballwil","Ballwil","Ballwil LU","Ballwil (LU)","Ballwil (LU)","Luzern","Lucerne","Lucerna",56.876531194,FALSE,FALSE
3,1024,55.989679322,4557,3582,50.378417969,8254,16384,8139,TRUE,"LU","Emmen","Emmen","Emmen","Emmen LU","Emmen (LU)","Emmen (LU)","Luzern","Lucerne","Lucerna",56.876531194,FALSE,FALSE
3,1025,59.85267035,325,218,73.173970784,551,753,543,TRUE,"LU","Ermensee","Ermensee","Ermensee","Ermensee LU","Ermensee (LU)","Ermensee (LU)","Luzern","Lucerne","Lucerna",56.876531194,FALSE,FALSE
3,1026,62.130507529,1114,679,69.786096257,1827,2618,1793,TRUE,"LU","Eschenbach LU","Eschenbach (LU)","Eschenbach LU","Eschenbach LU","Eschenbach (LU)","Eschenbach (LU)","Luzern","Lucerne","Lucerna",56.876531194,FALSE,FALSE
3,1030,61.136363636,1614,1026,65.857843137,2687,4080,2640,TRUE,"LU","Hitzkirch","Hitzkirch","Hitzkirch","Hitzkirch LU","Hitzkirch (LU)","Hitzkirch (LU)","Luzern","Lucerne","Lucerna",56.876531194,FALSE,FALSE
3,1031,57.872564508,2198,1600,61.857801813,3889,6287,3798,TRUE,"LU","Hochdorf","Hochdorf","Hochdorf","Hochdorf LU","Hochdorf (LU)","Hochdorf (LU)","Luzern","Lucerne","Lucerna",56.876531194,FALSE,FALSE
3,1032,63.657957245,804,459,72.266065389,1282,1774,1263,TRUE,"LU","Hohenrain","Hohenrain","Hohenrain","Hohenrain LU","Hohenrain (LU)","Hohenrain (LU)","Luzern","Lucerne","Lucerna",56.876531194,FALSE,FALSE
3,1033,64.673046252,811,443,65.226232842,1283,1967,1254,TRUE,"LU","Inwil","Inwil","Inwil","Inwil LU","Inwil (LU)","Inwil (LU)","Luzern","Lucerne","Lucerna",56.876531194,FALSE,FALSE
3,1037,67.407878018,1061,513,68.349596945,1611,2357,1574,TRUE,"LU","Rain","Rain","Rain","Rain LU","Rain (LU)","Rain (LU)","Luzern","Lucerne","Lucerna",56.876531194,FALSE,FALSE
3,1039,65.617977528,584,306,71.47385103,902,1262,890,TRUE,"LU","Römerswil","Römerswil","Römerswil","Römerswil LU","Römerswil (LU)","Römerswil (LU)","Luzern","Lucerne","Lucerna",56.876531194,FALSE,FALSE
3,1040,62.112125163,2382,1453,68.51235325,3910,5707,3835,TRUE,"LU","Rothenburg","Rothenburg","Rothenburg","Rothenburg LU","Rothenburg (LU)","Rothenburg (LU)","Luzern","Lucerne","Lucerna",56.876531194,FALSE,FALSE
3,1041,58.61423221,313,221,70.128205128,547,780,534,TRUE,"LU","Schongau","Schongau","Schongau","Schongau LU","Schongau (LU)","Schongau (LU)","Luzern","Lucerne","Lucerna",56.876531194,FALSE,FALSE
3,1051,56.047819972,1594,1250,72.045680238,2902,4028,2844,TRUE,"LU","Adligenswil","Adligenswil","Adligenswil","Adligenswil LU","Adligenswil (LU)","Adligenswil (LU)","Luzern","Lucerne","Lucerna",56.876531194,FALSE,FALSE
3,1052,60.147458285,1550,1027,61.278369616,2646,4318,2577,TRUE,"LU","Buchrain","Buchrain","Buchrain","Buchrain LU","Buchrain (LU)","Buchrain (LU)","Luzern","Lucerne","Lucerna",56.876531194,FALSE,FALSE
3,1053,58.7890625,301,211,51.257253385,530,1034,512,TRUE,"LU","Dierikon","Dierikon","Dierikon","Dierikon LU","Dierikon (LU)","Dierikon (LU)","Luzern","Lucerne","Lucerna",56.876531194,FALSE,FALSE
3,1054,56.063339347,2797,2192,58.040201005,5082,8756,4989,TRUE,"LU","Ebikon","Ebikon","Ebikon","Ebikon LU","Ebikon (LU)","Ebikon (LU)","Luzern","Lucerne","Lucerna",56.876531194,FALSE,FALSE
3,1055,64.385964912,367,203,62.838569881,580,923,570,TRUE,"LU","Gisikon","Gisikon","Gisikon","Gisikon LU","Gisikon (LU)","Gisikon (LU)","Luzern","Lucerne","Lucerna",56.876531194,FALSE,FALSE
3,1056,60.773480663,330,213,70.304568528,554,788,543,TRUE,"LU","Greppen","Greppen","Greppen","Greppen LU","Greppen (LU)","Greppen (LU)","Luzern","Lucerne","Lucerna",56.876531194,FALSE,FALSE
3,1058,55.724647987,3918,3113,67.36684171,7184,10664,7031,TRUE,"LU","Horw","Horw","Horw","Horw LU","Horw (LU)","Horw (LU)","Luzern","Lucerne","Lucerna",56.876531194,FALSE,FALSE
3,1059,53.353927626,6045,5285,60.019722842,11564,19267,11330,TRUE,"LU","Kriens","Kriens","Kriens","Kriens LU","Kriens (LU)","Kriens (LU)","Luzern","Lucerne","Lucerna",56.876531194,FALSE,FALSE
3,1061,42.771375128,14177,18969,64.22788662,34193,53237,33146,TRUE,"LU","Luzern","Lucerne","Lucerna","Luzern LU","Lucerne (LU)","Lucerna (LU)","Luzern","Lucerne","Lucerna",56.876531194,FALSE,FALSE
3,1062,58.767908309,2051,1439,65.949155688,3554,5389,3490,TRUE,"LU","Malters","Malters","Malters","Malters LU","Malters (LU)","Malters (LU)","Luzern","Lucerne","Lucerna",56.876531194,FALSE,FALSE
3,1063,65.926117282,2552,1319,73.784037559,3929,5325,3871,TRUE,"LU","Meggen","Meggen","Meggen","Meggen LU","Meggen (LU)","Meggen (LU)","Luzern","Lucerne","Lucerna",56.876531194,FALSE,FALSE
3,1064,61.764705882,420,260,69.608826479,694,997,680,TRUE,"LU","Meierskappel","Meierskappel","Meierskappel","Meierskappel LU","Meierskappel (LU)","Meierskappel (LU)","Luzern","Lucerne","Lucerna",56.876531194,FALSE,FALSE
3,1065,59.458174905,1251,853,55.146680391,2143,3886,2104,TRUE,"LU","Root","Root","Root","Root LU","Root (LU)","Root (LU)","Luzern","Lucerne","Lucerna",56.876531194,FALSE,FALSE
3,1066,66.517857143,596,300,70.222563315,915,1303,896,TRUE,"LU","Schwarzenberg","Schwarzenberg","Schwarzenberg","Schwarzenberg LU","Schwarzenberg (LU)","Schwarzenberg (LU)","Luzern","Lucerne","Lucerna",56.876531194,FALSE,FALSE
3,1067,61.132966168,777,494,74.956521739,1293,1725,1271,TRUE,"LU","Udligenswil","Udligenswil","Udligenswil","Udligenswil LU","Udligenswil (LU)","Udligenswil (LU)","Luzern","Lucerne","Lucerna",56.876531194,FALSE,FALSE
3,1068,60.556464812,370,241,68.930957684,619,898,611,TRUE,"LU","Vitznau","Vitznau","Vitznau","Vitznau LU","Vitznau (LU)","Vitznau (LU)","Luzern","Lucerne","Lucerna",56.876531194,FALSE,FALSE
3,1069,61.589092619,1310,817,73.481781377,2178,2964,2127,TRUE,"LU","Weggis","Weggis","Weggis","Weggis LU","Weggis (LU)","Weggis (LU)","Luzern","Lucerne","Lucerna",56.876531194,FALSE,FALSE
3,1081,61.896668933,1821,1121,63.807708598,3013,4722,2942,TRUE,"LU","Beromünster","Beromünster","Beromünster","Beromünster LU","Beromünster (LU)","Beromünster (LU)","Luzern","Lucerne","Lucerna",56.876531194,FALSE,FALSE
3,1082,65.162644281,621,332,59.769417476,985,1648,953,TRUE,"LU","Büron","Büron","Büron","Büron LU","Büron (LU)","Büron (LU)","Luzern","Lucerne","Lucerna",56.876531194,FALSE,FALSE
3,1083,60.637605725,932,605,65.184877441,1569,2407,1537,TRUE,"LU","Buttisholz","Buttisholz","Buttisholz","Buttisholz LU","Buttisholz (LU)","Buttisholz (LU)","Luzern","Lucerne","Lucerna",56.876531194,FALSE,FALSE
3,1084,67.880085653,634,300,71.385991058,958,1342,934,TRUE,"LU","Eich","Eich","Eich","Eich LU","Eich (LU)","Eich (LU)","Luzern","Lucerne","Lucerna",56.876531194,FALSE,FALSE
3,1085,60.67827681,662,429,59.328358209,1113,1876,1091,TRUE,"LU","Geuensee","Geuensee","Geuensee","Geuensee LU","Geuensee (LU)","Geuensee (LU)","Luzern","Lucerne","Lucerna",56.876531194,FALSE,FALSE
3,1086,64,976,549,66.282051282,1551,2340,1525,TRUE,"LU","Grosswangen","Grosswangen","Grosswangen","Grosswangen LU","Grosswangen (LU)","Grosswangen (LU)","Luzern","Lucerne","Lucerna",56.876531194,FALSE,FALSE
3,1088,63.877381939,771,436,70.432276657,1222,1735,1207,TRUE,"LU","Hildisrieden","Hildisrieden","Hildisrieden","Hildisrieden LU","Hildisrieden (LU)","Hildisrieden (LU)","Luzern","Lucerne","Lucerna",56.876531194,FALSE,FALSE
3,1089,64.444444444,725,400,65.997706422,1151,1744,1125,TRUE,"LU","Knutwil","Knutwil","Knutwil","Knutwil LU","Knutwil (LU)","Knutwil (LU)","Luzern","Lucerne","Lucerna",56.876531194,FALSE,FALSE
3,1091,53.368560106,404,353,67.844522968,768,1132,757,TRUE,"LU","Mauensee","Mauensee","Mauensee","Mauensee LU","Mauensee (LU)","Mauensee (LU)","Luzern","Lucerne","Lucerna",56.876531194,FALSE,FALSE
3,1093,58.714462299,1900,1336,64.466209598,3291,5105,3236,TRUE,"LU","Neuenkirch","Neuenkirch","Neuenkirch","Neuenkirch LU","Neuenkirch (LU)","Neuenkirch (LU)","Luzern","Lucerne","Lucerna",56.876531194,FALSE,FALSE
3,1094,58.198999444,1047,752,65.926986399,1842,2794,1799,TRUE,"LU","Nottwil","Nottwil","Nottwil","Nottwil LU","Nottwil (LU)","Nottwil (LU)","Luzern","Lucerne","Lucerna",56.876531194,FALSE,FALSE
3,1095,56.707575116,1340,1023,66.898857621,2401,3589,2363,TRUE,"LU","Oberkirch","Oberkirch","Oberkirch","Oberkirch LU","Oberkirch (LU)","Oberkirch (LU)","Luzern","Lucerne","Lucerna",56.876531194,FALSE,FALSE
3,1097,62.997974342,933,548,62.397034596,1515,2428,1481,TRUE,"LU","Rickenbach LU","Rickenbach (LU)","Rickenbach LU","Rickenbach LU","Rickenbach (LU)","Rickenbach (LU)","Luzern","Lucerne","Lucerna",56.876531194,FALSE,FALSE
3,1098,60.858585859,2169,1395,67.543047584,3648,5401,3564,TRUE,"LU","Ruswil","Ruswil","Ruswil","Ruswil LU","Ruswil (LU)","Ruswil (LU)","Luzern","Lucerne","Lucerna",56.876531194,FALSE,FALSE
3,1099,64.29022082,1019,566,69.020111254,1613,2337,1585,TRUE,"LU","Schenkon","Schenkon","Schenkon","Schenkon LU","Schenkon (LU)","Schenkon (LU)","Luzern","Lucerne","Lucerna",56.876531194,FALSE,FALSE
3,1100,68.377823409,333,154,72.157434402,495,686,487,TRUE,"LU","Schlierbach","Schlierbach","Schlierbach","Schlierbach LU","Schlierbach (LU)","Schlierbach (LU)","Luzern","Lucerne","Lucerna",56.876531194,FALSE,FALSE
3,1102,57.136215714,1229,922,69.587141506,2208,3173,2151,TRUE,"LU","Sempach","Sempach","Sempach","Sempach LU","Sempach (LU)","Sempach (LU)","Luzern","Lucerne","Lucerna",56.876531194,FALSE,FALSE
3,1103,51.239846088,2397,2281,63.847892567,4802,7521,4678,TRUE,"LU","Sursee","Sursee","Sursee","Sursee LU","Sursee (LU)","Sursee (LU)","Luzern","Lucerne","Lucerna",56.876531194,FALSE,FALSE
3,1104,61.981184283,1120,687,62.290689886,1860,2986,1807,TRUE,"LU","Triengen","Triengen","Triengen","Triengen LU","Triengen (LU)","Triengen (LU)","Luzern","Lucerne","Lucerna",56.876531194,FALSE,FALSE
3,1107,65.66230813,1155,604,63.176387913,1798,2846,1759,TRUE,"LU","Wolhusen","Wolhusen","Wolhusen","Wolhusen LU","Wolhusen (LU)","Wolhusen (LU)","Luzern","Lucerne","Lucerna",56.876531194,FALSE,FALSE
3,1121,65.993265993,196,101,61.971830986,308,497,297,TRUE,"LU","Alberswil","Alberswil","Alberswil","Alberswil LU","Alberswil (LU)","Alberswil (LU)","Luzern","Lucerne","Lucerna",56.876531194,FALSE,FALSE
3,1122,61.752136752,289,179,66.619915849,475,713,468,TRUE,"LU","Altbüron","Altbüron","Altbüron","Altbüron LU","Altbüron (LU)","Altbüron (LU)","Luzern","Lucerne","Lucerna",56.876531194,FALSE,FALSE
3,1123,61.668839635,473,294,62.047244094,788,1270,767,TRUE,"LU","Altishofen","Altishofen","Altishofen","Altishofen LU","Altishofen (LU)","Altishofen (LU)","Luzern","Lucerne","Lucerna",56.876531194,FALSE,FALSE
3,1125,61.651534803,1426,887,60.370084811,2349,3891,2313,TRUE,"LU","Dagmersellen","Dagmersellen","Dagmersellen","Dagmersellen LU","Dagmersellen (LU)","Dagmersellen (LU)","Luzern","Lucerne","Lucerna",56.876531194,FALSE,FALSE
3,1127,63.573407202,459,263,64.154250657,732,1141,722,TRUE,"LU","Egolzwil","Egolzwil","Egolzwil","Egolzwil LU","Egolzwil (LU)","Egolzwil (LU)","Luzern","Lucerne","Lucerna",56.876531194,FALSE,FALSE
3,1128,63.762214984,783,445,64.139344262,1252,1952,1228,TRUE,"LU","Ettiswil","Ettiswil","Ettiswil","Ettiswil LU","Ettiswil (LU)","Ettiswil (LU)","Luzern","Lucerne","Lucerna",56.876531194,FALSE,FALSE
3,1129,64.086687307,207,116,62.380038388,325,521,323,TRUE,"LU","Fischbach","Fischbach","Fischbach","Fischbach LU","Fischbach (LU)","Fischbach (LU)","Luzern","Lucerne","Lucerna",56.876531194,FALSE,FALSE
3,1131,60.628019324,251,163,63.228699552,423,669,414,TRUE,"LU","Grossdietwil","Grossdietwil","Grossdietwil","Grossdietwil LU","Grossdietwil (LU)","Grossdietwil (LU)","Luzern","Lucerne","Lucerna",56.876531194,FALSE,FALSE
3,1132,63.524130191,566,325,64.250177683,904,1407,891,TRUE,"LU","Hergiswil bei Willisau","Hergiswil bei Willisau","Hergiswil bei Willisau","Hergiswil bei Willisau LU","Hergiswil bei Willisau (LU)","Hergiswil bei Willisau (LU)","Luzern","Lucerne","Lucerna",56.876531194,FALSE,FALSE
3,1135,63.371150729,391,226,67.590618337,634,938,617,TRUE,"LU","Luthern","Luthern","Luthern","Luthern LU","Luthern (LU)","Luthern (LU)","Luzern","Lucerne","Lucerna",56.876531194,FALSE,FALSE
3,1136,60.914105595,773,496,60.055478502,1299,2163,1269,TRUE,"LU","Menznau","Menznau","Menznau","Menznau LU","Menznau (LU)","Menznau (LU)","Luzern","Lucerne","Lucerna",56.876531194,FALSE,FALSE
3,1137,60.714285714,561,363,60.038240918,942,1569,924,TRUE,"LU","Nebikon","Nebikon","Nebikon","Nebikon LU","Nebikon (LU)","Nebikon (LU)","Luzern","Lucerne","Lucerna",56.876531194,FALSE,FALSE
3,1139,62.949640288,700,412,62.755949087,1134,1807,1112,TRUE,"LU","Pfaffnau","Pfaffnau","Pfaffnau","Pfaffnau LU","Pfaffnau (LU)","Pfaffnau (LU)","Luzern","Lucerne","Lucerna",56.876531194,FALSE,FALSE
3,1140,61.581920904,1526,952,56.995515695,2542,4460,2478,TRUE,"LU","Reiden","Reiden","Reiden","Reiden LU","Reiden (LU)","Reiden (LU)","Luzern","Lucerne","Lucerna",56.876531194,FALSE,FALSE
3,1142,64.444444444,261,144,68.802698145,408,593,405,TRUE,"LU","Roggliswil","Roggliswil","Roggliswil","Roggliswil LU","Roggliswil (LU)","Roggliswil (LU)","Luzern","Lucerne","Lucerna",56.876531194,FALSE,FALSE
3,1143,62.242562929,1088,660,58.550247117,1777,3035,1748,TRUE,"LU","Schötz","Schötz","Schötz","Schötz LU","Schötz (LU)","Schötz (LU)","Luzern","Lucerne","Lucerna",56.876531194,FALSE,FALSE
3,1145,67.032967033,305,150,67.73255814,466,688,455,TRUE,"LU","Ufhusen","Ufhusen","Ufhusen","Ufhusen LU","Ufhusen (LU)","Ufhusen (LU)","Luzern","Lucerne","Lucerna",56.876531194,FALSE,FALSE
3,1146,60.5893186,658,428,66.085387853,1099,1663,1086,TRUE,"LU","Wauwil","Wauwil","Wauwil","Wauwil LU","Wauwil (LU)","Wauwil (LU)","Luzern","Lucerne","Lucerna",56.876531194,FALSE,FALSE
3,1147,59.173553719,358,247,64.166666667,616,960,605,TRUE,"LU","Wikon","Wikon","Wikon","Wikon LU","Wikon (LU)","Wikon (LU)","Luzern","Lucerne","Lucerna",56.876531194,FALSE,FALSE
3,1150,62.007874016,630,386,65.365239295,1038,1588,1016,TRUE,"LU","Zell LU","Zell (LU)","Zell LU","Zell LU","Zell (LU)","Zell (LU) (LU)","Luzern","Lucerne","Lucerna",56.876531194,FALSE,FALSE
3,1151,60.856793146,2486,1599,65.067958132,4165,6401,4085,TRUE,"LU","Willisau","Willisau","Willisau","Willisau LU","Willisau (LU)","Willisau (LU)","Luzern","Lucerne","Lucerna",56.876531194,FALSE,FALSE
4,1201,53.368469294,2329,2035,62.463343109,4473,7161,4364,TRUE,"UR","Altdorf UR","Altdorf (UR)","Altdorf UR","Altdorf UR","Altdorf (UR)","Altdorf (UR)","Uri","Uri","Uri",56.941563987,FALSE,FALSE
4,1202,63.669064748,354,202,59.554140127,561,942,556,TRUE,"UR","Andermatt","Andermatt","Andermatt","Andermatt UR","Andermatt (UR)","Andermatt (UR)","Uri","Uri","Uri",56.941563987,FALSE,FALSE
4,1203,60.784313725,465,300,59.424678274,785,1321,765,TRUE,"UR","Attinghausen","Attinghausen","Attinghausen","Attinghausen UR","Attinghausen (UR)","Attinghausen (UR)","Uri","Uri","Uri",56.941563987,FALSE,FALSE
4,1205,55.032119914,1028,840,64.131897712,1906,2972,1868,TRUE,"UR","Bürglen UR","Bürglen (UR)","Bürglen UR","Bürglen UR","Bürglen (UR)","Bürglen (UR) (UR)","Uri","Uri","Uri",56.941563987,FALSE,FALSE
4,1206,57.457520453,913,676,66.801783543,1648,2467,1589,TRUE,"UR","Erstfeld","Erstfeld","Erstfeld","Erstfeld UR","Erstfeld (UR)","Erstfeld (UR)","Uri","Uri","Uri",56.941563987,FALSE,FALSE
4,1207,59.186046512,509,351,61.928219564,880,1421,860,TRUE,"UR","Flüelen","Flüelen","Flüelen","Flüelen UR","Flüelen (UR)","Flüelen (UR)","Uri","Uri","Uri",56.941563987,FALSE,FALSE
4,1208,54.696132597,99,82,64.912280702,185,285,181,TRUE,"UR","Göschenen","Göschenen","Göschenen","Göschenen UR","Göschenen (UR)","Göschenen (UR)","Uri","Uri","Uri",56.941563987,FALSE,FALSE
4,1209,53.55450237,113,98,52.487562189,211,402,211,TRUE,"UR","Gurtnellen","Gurtnellen","Gurtnellen","Gurtnellen UR","Gurtnellen (UR)","Gurtnellen (UR)","Uri","Uri","Uri",56.941563987,FALSE,FALSE
4,1210,57.352941176,39,29,61.403508772,70,114,68,TRUE,"UR","Hospental","Hospental","Hospental","Hospental UR","Hospental (UR)","Hospental (UR)","Uri","Uri","Uri",56.941563987,FALSE,FALSE
4,1211,44.239631336,96,121,61.971830986,220,355,217,TRUE,"UR","Isenthal","Isenthal","Isenthal","Isenthal UR","Isenthal (UR)","Isenthal (UR)","Uri","Uri","Uri",56.941563987,FALSE,FALSE
4,1212,72.463768116,50,19,70.408163265,69,98,69,TRUE,"UR","Realp","Realp","Realp","Realp UR","Realp (UR)","Realp (UR)","Uri","Uri","Uri",56.941563987,FALSE,FALSE
4,1213,61.155295103,1461,928,61.534591195,2446,3975,2389,TRUE,"UR","Schattdorf","Schattdorf","Schattdorf","Schattdorf UR","Schattdorf (UR)","Schattdorf (UR)","Uri","Uri","Uri",56.941563987,FALSE,FALSE
4,1214,56.701030928,495,378,59.838274933,888,1484,873,TRUE,"UR","Seedorf UR","Seedorf (UR)","Seedorf UR","Seedorf UR","Seedorf (UR)","Seedorf (UR)","Uri","Uri","Uri",56.941563987,FALSE,FALSE
4,1215,65.86102719,218,113,65.961538462,343,520,331,TRUE,"UR","Seelisberg","Seelisberg","Seelisberg","Seelisberg UR","Seelisberg (UR)","Seelisberg (UR)","Uri","Uri","Uri",56.941563987,FALSE,FALSE
4,1216,59.390243902,487,333,52.75490817,833,1579,820,TRUE,"UR","Silenen","Silenen","Silenen","Silenen UR","Silenen (UR)","Silenen (UR)","Uri","Uri","Uri",56.941563987,FALSE,FALSE
4,1217,62.732919255,101,60,70.25862069,163,232,161,TRUE,"UR","Sisikon","Sisikon","Sisikon","Sisikon UR","Sisikon (UR)","Sisikon (UR)","Uri","Uri","Uri",56.941563987,FALSE,FALSE
4,1218,49.406175772,208,213,63.4643377,436,687,421,TRUE,"UR","Spiringen","Spiringen","Spiringen","Spiringen UR","Spiringen (UR)","Spiringen (UR)","Uri","Uri","Uri",56.941563987,FALSE,FALSE
4,1219,56.083086053,189,148,61.330935252,341,556,337,TRUE,"UR","Unterschächen","Unterschächen","Unterschächen","Unterschächen UR","Unterschächen (UR)","Unterschächen (UR)","Uri","Uri","Uri",56.941563987,FALSE,FALSE
4,1220,58.278145695,88,63,61.943319838,153,247,151,TRUE,"UR","Wassen","Wassen","Wassen","Wassen UR","Wassen (UR)","Wassen (UR)","Uri","Uri","Uri",56.941563987,FALSE,FALSE
5,1301,63.289078156,5053,2931,69.842778162,8085,11576,7984,TRUE,"SZ","Einsiedeln","Einsiedeln","Einsiedeln","Einsiedeln SZ","Einsiedeln (SZ)","Einsiedeln (SZ)","Schwyz","Schwyz","Svitto",63.252920229,FALSE,FALSE
5,1311,61.236506379,624,395,66.645285439,1039,1559,1019,TRUE,"SZ","Gersau","Gersau","Gersau","Gersau SZ","Gersau (SZ)","Gersau (SZ)","Schwyz","Schwyz","Svitto",63.252920229,FALSE,FALSE
5,1321,70.21365731,1676,711,67.813822285,2404,3545,2387,TRUE,"SZ","Feusisberg","Feusisberg","Feusisberg","Feusisberg SZ","Feusisberg (SZ)","Feusisberg (SZ)","Schwyz","Schwyz","Svitto",63.252920229,FALSE,FALSE
5,1322,65.446293495,4326,2284,64.784085395,6676,10305,6610,TRUE,"SZ","Freienbach","Freienbach","Freienbach","Freienbach SZ","Freienbach (SZ)","Freienbach (SZ)","Schwyz","Schwyz","Svitto",63.252920229,FALSE,FALSE
5,1323,67.466174662,2194,1058,67.217799551,3293,4899,3252,TRUE,"SZ","Wollerau","Wollerau","Wollerau","Wollerau SZ","Wollerau (SZ)","Wollerau (SZ)","Schwyz","Schwyz","Svitto",63.252920229,FALSE,FALSE
5,1331,62.324814509,3780,2285,69.320103732,6148,8869,6065,TRUE,"SZ","Küssnacht SZ","Küssnacht (SZ)","Küssnacht SZ","Küssnacht SZ","Küssnacht (SZ)","Küssnacht (SZ)","Schwyz","Schwyz","Svitto",63.252920229,FALSE,FALSE
5,1341,63.554987212,1988,1140,65.130631557,3166,4861,3128,TRUE,"SZ","Altendorf","Altendorf","Altendorf","Altendorf SZ","Altendorf (SZ)","Altendorf (SZ)","Schwyz","Schwyz","Svitto",63.252920229,FALSE,FALSE
5,1342,62.697022767,1432,852,63.996674058,2309,3608,2284,TRUE,"SZ","Galgenen","Galgenen","Galgenen","Galgenen SZ","Galgenen (SZ)","Galgenen (SZ)","Schwyz","Schwyz","Svitto",63.252920229,FALSE,FALSE
5,1343,72.033898305,85,33,73.006134969,119,163,118,TRUE,"SZ","Innerthal","Innerthal","Innerthal","Innerthal SZ","Innerthal (SZ)","Innerthal (SZ)","Schwyz","Schwyz","Svitto",63.252920229,FALSE,FALSE
5,1344,62.782608696,2166,1284,64.052167524,3487,5444,3450,TRUE,"SZ","Lachen","Lachen","Lachen","Lachen SZ","Lachen (SZ)","Lachen (SZ)","Schwyz","Schwyz","Svitto",63.252920229,FALSE,FALSE
5,1345,63.509006004,952,547,60.732984293,1508,2483,1499,TRUE,"SZ","Reichenburg","Reichenburg","Reichenburg","Reichenburg SZ","Reichenburg (SZ)","Reichenburg (SZ)","Schwyz","Schwyz","Svitto",63.252920229,FALSE,FALSE
5,1346,62.488248198,1994,1197,58.245931284,3221,5530,3191,TRUE,"SZ","Schübelbach","Schübelbach","Schübelbach","Schübelbach SZ","Schübelbach (SZ)","Schübelbach (SZ)","Schwyz","Schwyz","Svitto",63.252920229,FALSE,FALSE
5,1347,62.362102531,961,580,65.241090147,1556,2385,1541,TRUE,"SZ","Tuggen","Tuggen","Tuggen","Tuggen SZ","Tuggen (SZ)","Tuggen (SZ)","Schwyz","Schwyz","Svitto",63.252920229,FALSE,FALSE
5,1348,63.708086785,323,184,65.063291139,514,790,507,TRUE,"SZ","Vorderthal","Vorderthal","Vorderthal","Vorderthal SZ","Vorderthal (SZ)","Vorderthal (SZ)","Schwyz","Schwyz","Svitto",63.252920229,FALSE,FALSE
5,1349,59.343853821,1429,979,64.204695331,2434,3791,2408,TRUE,"SZ","Wangen SZ","Wangen (SZ)","Wangen SZ","Wangen SZ","Wangen (SZ)","Wangen (SZ)","Schwyz","Schwyz","Svitto",63.252920229,FALSE,FALSE
5,1361,61.983471074,225,138,71.905697446,366,509,363,TRUE,"SZ","Alpthal","Alpthal","Alpthal","Alpthal SZ","Alpthal (SZ)","Alpthal (SZ)","Schwyz","Schwyz","Svitto",63.252920229,FALSE,FALSE
5,1362,61.8287686,2867,1770,64.084314262,4682,7306,4637,TRUE,"SZ","Arth","Arth","Arth","Arth SZ","Arth (SZ)","Arth (SZ)","Schwyz","Schwyz","Svitto",63.252920229,FALSE,FALSE
5,1363,63.938053097,289,163,71.539657854,460,643,452,TRUE,"SZ","Illgau","Illgau","Illgau","Illgau SZ","Illgau (SZ)","Illgau (SZ)","Schwyz","Schwyz","Svitto",63.252920229,FALSE,FALSE
5,1364,61.841163845,2593,1600,66.892744479,4241,6340,4193,TRUE,"SZ","Ingenbohl","Ingenbohl","Ingenbohl","Ingenbohl SZ","Ingenbohl (SZ)","Ingenbohl (SZ)","Schwyz","Schwyz","Svitto",63.252920229,FALSE,FALSE
5,1365,62.267343486,368,223,72.228989038,593,821,591,TRUE,"SZ","Lauerz","Lauerz","Lauerz","Lauerz SZ","Lauerz (SZ)","Lauerz (SZ)","Schwyz","Schwyz","Svitto",63.252920229,FALSE,FALSE
5,1366,60.854700855,356,229,67.007963595,589,879,585,TRUE,"SZ","Morschach","Morschach","Morschach","Morschach SZ","Morschach (SZ)","Morschach (SZ)","Schwyz","Schwyz","Svitto",63.252920229,FALSE,FALSE
5,1367,68.179500255,1337,624,72.500915416,1980,2731,1961,TRUE,"SZ","Muotathal","Muotathal","Muotathal","Muotathal SZ","Muotathal (SZ)","Muotathal (SZ)","Schwyz","Schwyz","Svitto",63.252920229,FALSE,FALSE
5,1368,65.789473684,350,182,72.998643148,538,737,532,TRUE,"SZ","Oberiberg","Oberiberg","Oberiberg","Oberiberg SZ","Oberiberg (SZ)","Oberiberg (SZ)","Schwyz","Schwyz","Svitto",63.252920229,FALSE,FALSE
5,1369,44.897959184,22,27,75.384615385,49,65,49,TRUE,"SZ","Riemenstalden","Riemenstalden","Riemenstalden","Riemenstalden SZ","Riemenstalden (SZ)","Riemenstalden (SZ)","Schwyz","Schwyz","Svitto",63.252920229,FALSE,FALSE
5,1370,66.586345382,829,416,70.878186969,1251,1765,1245,TRUE,"SZ","Rothenthurm","Rothenthurm","Rothenthurm","Rothenthurm SZ","Rothenthurm (SZ)","Rothenthurm (SZ)","Schwyz","Schwyz","Svitto",63.252920229,FALSE,FALSE
5,1371,70.462962963,761,319,74.299384826,1087,1463,1080,TRUE,"SZ","Sattel","Sattel","Sattel","Sattel SZ","Sattel (SZ)","Sattel (SZ)","Schwyz","Schwyz","Svitto",63.252920229,FALSE,FALSE
5,1372,58.77945784,4315,3026,66.723580158,7425,11128,7341,TRUE,"SZ","Schwyz","Schwyz","Svitto","Schwyz SZ","Schwyz (SZ)","Svitto (SZ)","Schwyz","Schwyz","Svitto",63.252920229,FALSE,FALSE
5,1373,61.341330425,1125,709,67.08952519,1851,2759,1834,TRUE,"SZ","Steinen","Steinen","Steinen","Steinen SZ","Steinen (SZ)","Steinen (SZ)","Schwyz","Schwyz","Svitto",63.252920229,FALSE,FALSE
5,1374,65.031982942,305,164,66.201117318,474,716,469,TRUE,"SZ","Steinerberg","Steinerberg","Steinerberg","Steinerberg SZ","Steinerberg (SZ)","Steinerberg (SZ)","Schwyz","Schwyz","Svitto",63.252920229,FALSE,FALSE
5,1375,66.284074605,924,470,75.765717356,1410,1861,1394,TRUE,"SZ","Unteriberg","Unteriberg","Unteriberg","Unteriberg SZ","Unteriberg (SZ)","Unteriberg (SZ)","Schwyz","Schwyz","Svitto",63.252920229,FALSE,FALSE
6,1401,64.217252396,1809,1008,65.243902439,2889,4428,2817,TRUE,"OW","Alpnach","Alpnach","Alpnach","Alpnach OW","Alpnach (OW)","Alpnach (OW)","Obwalden","Obwald","Obvaldo",63.293225647,FALSE,FALSE
6,1402,66.046002191,1206,620,68.727139722,1879,2734,1826,TRUE,"OW","Engelberg","Engelberg","Engelberg","Engelberg OW","Engelberg (OW)","Engelberg (OW)","Obwalden","Obwald","Obvaldo",63.293225647,FALSE,FALSE
6,1403,63.730853392,1165,663,65.199306759,1881,2885,1828,TRUE,"OW","Giswil","Giswil","Giswil","Giswil OW","Giswil (OW)","Giswil (OW)","Obwalden","Obwald","Obvaldo",63.293225647,FALSE,FALSE
6,1404,66.211061666,2083,1063,67.280720117,3214,4777,3146,TRUE,"OW","Kerns","Kerns","Kerns","Kerns OW","Kerns (OW)","Kerns (OW)","Obwalden","Obwald","Obvaldo",63.293225647,FALSE,FALSE
6,1405,62.137681159,686,418,69.156041287,1139,1647,1104,TRUE,"OW","Lungern","Lungern","Lungern","Lungern OW","Lungern (OW)","Lungern (OW)","Obwalden","Obwald","Obvaldo",63.293225647,FALSE,FALSE
6,1406,60.48513302,1546,1010,67.774343122,2631,3882,2556,TRUE,"OW","Sachseln","Sachseln","Sachseln","Sachseln OW","Sachseln (OW)","Sachseln (OW)","Obwalden","Obwald","Obvaldo",63.293225647,FALSE,FALSE
6,1407,61.433793664,3025,1899,66.653532966,5075,7614,4924,TRUE,"OW","Sarnen","Sarnen","Sarnen","Sarnen OW","Sarnen (OW)","Sarnen (OW)","Obwalden","Obwald","Obvaldo",63.293225647,FALSE,FALSE
7,1501,66.722689076,1191,594,66.738973247,1846,2766,1785,TRUE,"NW","Beckenried","Beckenried","Beckenried","Beckenried NW","Beckenried (NW)","Beckenried (NW)","Nidwalden","Nidwald","Nidvaldo",63.217493167,FALSE,FALSE
7,1502,65.149599663,1546,827,62.076053443,2416,3892,2373,TRUE,"NW","Buochs","Buochs","Buochs","Buochs NW","Buochs (NW)","Buochs (NW)","Nidwalden","Nidwald","Nidvaldo",63.217493167,FALSE,FALSE
7,1503,61.600810537,608,379,68.767123288,1004,1460,987,TRUE,"NW","Dallenwil","Dallenwil","Dallenwil","Dallenwil NW","Dallenwil (NW)","Dallenwil (NW)","Nidwalden","Nidwald","Nidvaldo",63.217493167,FALSE,FALSE
7,1504,67.994505495,495,233,65.47826087,753,1150,728,TRUE,"NW","Emmetten","Emmetten","Emmetten","Emmetten NW","Emmetten (NW)","Emmetten (NW)","Nidwalden","Nidwald","Nidvaldo",63.217493167,FALSE,FALSE
7,1505,66.83188765,1618,803,66.47894878,2479,3729,2421,TRUE,"NW","Ennetbürgen","Ennetbürgen","Ennetbürgen","Ennetbürgen NW","Ennetbürgen (NW)","Ennetbürgen (NW)","Nidwalden","Nidwald","Nidvaldo",63.217493167,FALSE,FALSE
7,1506,64.285714286,711,395,67.447447447,1123,1665,1106,TRUE,"NW","Ennetmoos","Ennetmoos","Ennetmoos","Ennetmoos NW","Ennetmoos (NW)","Ennetmoos (NW)","Nidwalden","Nidwald","Nidvaldo",63.217493167,FALSE,FALSE
7,1507,68.865826538,1858,840,66.974708171,2754,4112,2698,TRUE,"NW","Hergiswil NW","Hergiswil (NW)","Hergiswil NW","Hergiswil NW","Hergiswil (NW)","Hergiswil (NW)","Nidwalden","Nidwald","Nidvaldo",63.217493167,FALSE,FALSE
7,1508,63.854679803,1037,587,70.908311911,1655,2334,1624,TRUE,"NW","Oberdorf NW","Oberdorf (NW)","Oberdorf NW","Oberdorf NW","Oberdorf (NW)","Oberdorf (NW)","Nidwalden","Nidwald","Nidvaldo",63.217493167,FALSE,FALSE
7,1509,57.016543069,1999,1507,59.727755644,3598,6024,3506,TRUE,"NW","Stans","Stans","Stans","Stans NW","Stans (NW)","Stans (NW)","Nidwalden","Nidwald","Nidvaldo",63.217493167,FALSE,FALSE
7,1510,56.381549485,1259,974,67.54176611,2264,3352,2233,TRUE,"NW","Stansstad","Stansstad","Stansstad","Stansstad NW","Stansstad (NW)","Stansstad (NW)","Nidwalden","Nidwald","Nidvaldo",63.217493167,FALSE,FALSE
7,1511,61.343719572,630,397,63.454545455,1047,1650,1027,TRUE,"NW","Wolfenschiessen","Wolfenschiessen","Wolfenschiessen","Wolfenschiessen NW","Wolfenschiessen (NW)","Wolfenschiessen (NW)","Nidwalden","Nidwald","Nidvaldo",63.217493167,FALSE,FALSE
8,1630,62.731021842,4107,2440,57.474747475,6828,11880,6547,TRUE,"GL","Glarus Nord","Glarus Nord","Glarus Nord","Glarus Nord GL","Glarus Nord (GL)","Glarus Nord (GL)","Glarus","Glaris","Glarona",62.495004662,FALSE,FALSE
8,1631,65.558019217,2661,1398,59.171937895,4116,6956,4059,TRUE,"GL","Glarus Süd","Glarus Süd","Glarus Süd","Glarus Süd GL","Glarus Süd (GL)","Glarus Süd (GL)","Glarus","Glaris","Glarona",62.495004662,FALSE,FALSE
8,1632,59.323956443,2615,1793,56.75102855,4552,8021,4408,TRUE,"GL","Glarus","Glaris","Glarona","Glarus GL","Glaris (GL)","Glarona (GL)","Glarus","Glaris","Glarona",62.495004662,FALSE,FALSE
9,1701,59.944722016,5639,3768,64.046755341,9534,14886,9407,TRUE,"ZG","Baar","Baar","Baar","Baar ZG","Baar (ZG)","Baar (ZG)","Zug","Zoug","Zugo",60.162416515,FALSE,FALSE
9,1702,59.258206622,4170,2867,63.995312359,7099,11093,7037,TRUE,"ZG","Cham","Cham","Cham","Cham ZG","Cham (ZG)","Cham (ZG)","Zug","Zoug","Zugo",60.162416515,FALSE,FALSE
9,1703,61.584347411,2581,1610,69.575238722,4226,6074,4191,TRUE,"ZG","Hünenberg","Hünenberg","Hünenberg","Hünenberg ZG","Hünenberg (ZG)","Hünenberg (ZG)","Zug","Zoug","Zugo",60.162416515,FALSE,FALSE
9,1704,62.100879223,1342,819,69.443561208,2184,3145,2161,TRUE,"ZG","Menzingen","Menzingen","Menzingen","Menzingen ZG","Menzingen (ZG)","Menzingen (ZG)","Zug","Zoug","Zugo",60.162416515,FALSE,FALSE
9,1705,63.538611926,650,373,66.925566343,1034,1545,1023,TRUE,"ZG","Neuheim","Neuheim","Neuheim","Neuheim ZG","Neuheim (ZG)","Neuheim (ZG)","Zug","Zoug","Zugo",60.162416515,FALSE,FALSE
9,1706,70.057581574,1825,780,65.675,2627,4000,2605,TRUE,"ZG","Oberägeri","Oberägeri","Oberägeri","Oberägeri ZG","Oberägeri (ZG)","Oberägeri (ZG)","Zug","Zoug","Zugo",60.162416515,FALSE,FALSE
9,1707,60.552707823,2717,1770,63.603147836,4526,7116,4487,TRUE,"ZG","Risch","Risch","Risch","Risch ZG","Risch (ZG)","Risch (ZG)","Zug","Zoug","Zugo",60.162416515,FALSE,FALSE
9,1708,59.403559404,2470,1688,64.849420849,4199,6475,4158,TRUE,"ZG","Steinhausen","Steinhausen","Steinhausen","Steinhausen ZG","Steinhausen (ZG)","Steinhausen (ZG)","Zug","Zoug","Zugo",60.162416515,FALSE,FALSE
9,1709,60.009886307,2428,1618,68.112798265,4082,5993,4046,TRUE,"ZG","Unterägeri","Unterägeri","Unterägeri","Unterägeri ZG","Unterägeri (ZG)","Unterägeri (ZG)","Zug","Zoug","Zugo",60.162416515,FALSE,FALSE
9,1710,68.070818071,1115,523,73.117803366,1651,2258,1638,TRUE,"ZG","Walchwil","Walchwil","Walchwil","Walchwil ZG","Walchwil (ZG)","Walchwil (ZG)","Zug","Zoug","Zugo",60.162416515,FALSE,FALSE
9,1711,56.656346749,6771,5180,68.97279416,12093,17533,11951,TRUE,"ZG","Zug","Zoug","Zugo","Zug ZG","Zoug (ZG)","Zugo (ZG)","Zug","Zoug","Zugo",60.162416515,FALSE,FALSE
10,2008,43.776824034,102,131,60.880829016,235,386,233,TRUE,"FR","Châtillon FR","Châtillon (FR)","Châtillon FR","Châtillon FR","Châtillon (FR)","Châtillon (FR)","Freiburg","Fribourg","Friburgo",50.161087797,FALSE,FALSE
10,2011,54.612005857,373,310,53.846153846,700,1300,683,TRUE,"FR","Cugy FR","Cugy (FR)","Cugy FR","Cugy FR","Cugy (FR)","Cugy (FR)","Freiburg","Fribourg","Friburgo",50.161087797,FALSE,FALSE
10,2022,55.609756098,228,182,52.119700748,418,802,410,TRUE,"FR","Gletterens","Gletterens","Gletterens","Gletterens FR","Gletterens (FR)","Gletterens (FR)","Freiburg","Fribourg","Friburgo",50.161087797,FALSE,FALSE
10,2025,52.415458937,217,197,55.34351145,435,786,414,TRUE,"FR","Lully FR","Lully (FR)","Lully FR","Lully FR","Lully (FR)","Lully (FR)","Freiburg","Fribourg","Friburgo",50.161087797,FALSE,FALSE
10,2029,50,419,419,45.105263158,857,1900,838,TRUE,"FR","Montagny FR","Montagny (FR)","Montagny FR","Montagny FR","Montagny (FR)","Montagny (FR)","Freiburg","Fribourg","Friburgo",50.161087797,FALSE,FALSE
10,2035,53.896103896,83,71,49.681528662,156,314,154,TRUE,"FR","Nuvilly","Nuvilly","Nuvilly","Nuvilly FR","Nuvilly (FR)","Nuvilly (FR)","Freiburg","Fribourg","Friburgo",50.161087797,FALSE,FALSE
10,2038,62.222222222,28,17,57.317073171,47,82,45,TRUE,"FR","Prévondavaux","Prévondavaux","Prévondavaux","Prévondavaux FR","Prévondavaux (FR)","Prévondavaux (FR)","Freiburg","Fribourg","Friburgo",50.161087797,FALSE,FALSE
10,2041,59.939301973,395,264,53.107789142,675,1271,659,TRUE,"FR","Saint-Aubin FR","Saint-Aubin (FR)","Saint-Aubin FR","Saint-Aubin FR","Saint-Aubin (FR)","Saint-Aubin (FR)","Freiburg","Fribourg","Friburgo",50.161087797,FALSE,FALSE
10,2043,55.03875969,71,58,62.019230769,129,208,129,TRUE,"FR","Sévaz","Sévaz","Sévaz","Sévaz FR","Sévaz (FR)","Sévaz (FR)","Freiburg","Fribourg","Friburgo",50.161087797,FALSE,FALSE
10,2044,54.047619048,227,193,51.3739546,430,837,420,TRUE,"FR","Surpierre","Surpierre","Surpierre","Surpierre FR","Surpierre (FR)","Surpierre (FR)","Freiburg","Fribourg","Friburgo",50.161087797,FALSE,FALSE
10,2045,55.688622754,93,74,53.230769231,173,325,167,TRUE,"FR","Vallon","Vallon","Vallon","Vallon FR","Vallon (FR)","Vallon (FR)","Freiburg","Fribourg","Friburgo",50.161087797,FALSE,FALSE
10,2050,59.683794466,302,204,50.098619329,508,1014,506,TRUE,"FR","Les Montets","Les Montets","Les Montets","Les Montets FR","Les Montets (FR)","Les Montets (FR)","Freiburg","Fribourg","Friburgo",50.161087797,FALSE,FALSE
10,2051,60,279,186,49.738219895,475,955,465,TRUE,"FR","Delley-Portalban","Delley-Portalban","Delley-Portalban","Delley-Portalban FR","Delley-Portalban (FR)","Delley-Portalban (FR)","Freiburg","Fribourg","Friburgo",50.161087797,FALSE,FALSE
10,2053,51.62037037,892,836,50.197628458,1778,3542,1728,TRUE,"FR","Belmont-Broye","Belmont-Broye","Belmont-Broye","Belmont-Broye FR","Belmont-Broye (FR)","Belmont-Broye (FR)","Freiburg","Fribourg","Friburgo",50.161087797,FALSE,FALSE
10,2054,51.126961484,1792,1713,55.455084495,3741,6746,3505,TRUE,"FR","Estavayer","Estavayer","Estavayer","Estavayer FR","Estavayer (FR)","Estavayer (FR)","Freiburg","Fribourg","Friburgo",50.161087797,FALSE,FALSE
10,2055,53.433476395,498,434,53.091922006,953,1795,932,TRUE,"FR","Cheyres-Châbles","Cheyres-Châbles","Cheyres-Châbles","Cheyres-Châbles FR","Cheyres-Châbles (FR)","Cheyres-Châbles (FR)","Freiburg","Fribourg","Friburgo",50.161087797,FALSE,FALSE
10,2056,59.098786828,341,236,52.07780725,589,1131,577,TRUE,"FR","Fétigny-Ménières","Fétigny-Ménières","Fétigny-Ménières","Fétigny-Ménières FR","Fétigny-Ménières (FR)","Fétigny-Ménières (FR)","Freiburg","Fribourg","Friburgo",50.161087797,FALSE,FALSE
10,2063,46.703296703,170,194,56.174698795,373,664,364,TRUE,"FR","Billens-Hennens","Billens-Hennens","Billens-Hennens","Billens-Hennens FR","Billens-Hennens (FR)","Billens-Hennens (FR)","Freiburg","Fribourg","Friburgo",50.161087797,FALSE,FALSE
10,2067,58.394160584,80,57,52.873563218,138,261,137,TRUE,"FR","Le Châtelard","Le Châtelard","Le Châtelard","Le Châtelard FR","Le Châtelard (FR)","Le Châtelard (FR)","Freiburg","Fribourg","Friburgo",50.161087797,FALSE,FALSE
10,2068,56.578947368,172,132,57.142857143,320,560,304,TRUE,"FR","Châtonnaye","Châtonnaye","Châtonnaye","Châtonnaye FR","Châtonnaye (FR)","Châtonnaye (FR)","Freiburg","Fribourg","Friburgo",50.161087797,FALSE,FALSE
10,2079,65,52,28,57.142857143,84,147,80,TRUE,"FR","Grangettes","Grangettes","Grangettes","Grangettes FR","Grangettes (FR)","Grangettes (FR)","Freiburg","Fribourg","Friburgo",50.161087797,FALSE,FALSE
10,2086,52.838427948,121,108,60.206718346,233,387,229,TRUE,"FR","Massonnens","Massonnens","Massonnens","Massonnens FR","Massonnens (FR)","Massonnens (FR)","Freiburg","Fribourg","Friburgo",50.161087797,FALSE,FALSE
10,2087,49.655172414,216,219,59.096774194,458,775,435,TRUE,"FR","Mézières FR","Mézières (FR)","Mézières FR","Mézières FR","Mézières (FR)","Mézières (FR)","Freiburg","Fribourg","Friburgo",50.161087797,FALSE,FALSE
10,2096,49.96664443,749,750,53.435647018,1532,2867,1499,TRUE,"FR","Romont FR","Romont (FR)","Romont FR","Romont FR","Romont (FR)","Romont (FR)","Freiburg","Fribourg","Friburgo",50.161087797,FALSE,FALSE
10,2097,50.847457627,570,551,66.685267857,1195,1792,1121,TRUE,"FR","Rue","Rue","Rue","Rue FR","Rue (FR)","Rue (FR)","Freiburg","Fribourg","Friburgo",50.161087797,FALSE,FALSE
10,2099,54.534746761,463,386,54.473524041,895,1643,849,TRUE,"FR","Siviriez","Siviriez","Siviriez","Siviriez FR","Siviriez (FR)","Siviriez (FR)","Freiburg","Fribourg","Friburgo",50.161087797,FALSE,FALSE
10,2102,56.602373887,763,585,54.116269996,1387,2563,1348,TRUE,"FR","Ursy","Ursy","Ursy","Ursy FR","Ursy (FR)","Ursy (FR)","Freiburg","Fribourg","Friburgo",50.161087797,FALSE,FALSE
10,2113,58.896396396,523,365,54.934601665,924,1682,888,TRUE,"FR","Vuisternens-devant-Romont","Vuisternens-devant-Romont","Vuisternens-devant-Romont","Vuisternens-devant-Romont FR","Vuisternens-devant-Romont (FR)","Vuisternens-devant-Romont (FR)","Freiburg","Fribourg","Friburgo",50.161087797,FALSE,FALSE
10,2114,56.581196581,331,254,55.514705882,604,1088,585,TRUE,"FR","Villorsonnens","Villorsonnens","Villorsonnens","Villorsonnens FR","Villorsonnens (FR)","Villorsonnens (FR)","Freiburg","Fribourg","Friburgo",50.161087797,FALSE,FALSE
10,2115,50.99009901,206,198,55.510752688,413,744,404,TRUE,"FR","Torny","Torny","Torny","Torny FR","Torny (FR)","Torny (FR)","Freiburg","Fribourg","Friburgo",50.161087797,FALSE,FALSE
10,2117,50.058892815,425,424,57.629338572,880,1527,849,TRUE,"FR","Villaz","Villaz","Villaz","Villaz FR","Villaz (FR)","Villaz (FR)","Freiburg","Fribourg","Friburgo",50.161087797,FALSE,FALSE
10,2121,55.635062612,311,248,52.380952381,572,1092,559,TRUE,"FR","Haut-Intyamon","Haut-Intyamon","Haut-Intyamon","Haut-Intyamon FR","Haut-Intyamon (FR)","Haut-Intyamon (FR)","Freiburg","Fribourg","Friburgo",50.161087797,FALSE,FALSE
10,2122,53.488372093,414,360,58.090379009,797,1372,774,TRUE,"FR","Pont-en-Ogoz","Pont-en-Ogoz","Pont-en-Ogoz","Pont-en-Ogoz FR","Pont-en-Ogoz (FR)","Pont-en-Ogoz (FR)","Freiburg","Fribourg","Friburgo",50.161087797,FALSE,FALSE
10,2123,57.407407407,155,115,58.75,282,480,270,TRUE,"FR","Botterens","Botterens","Botterens","Botterens FR","Botterens (FR)","Botterens (FR)","Freiburg","Fribourg","Friburgo",50.161087797,FALSE,FALSE
10,2124,56.303549572,460,357,54.563233377,837,1534,817,TRUE,"FR","Broc","Broc","Broc","Broc FR","Broc (FR)","Broc (FR)","Freiburg","Fribourg","Friburgo",50.161087797,FALSE,FALSE
10,2125,51.2302147,3269,3112,51.825164304,6545,12629,6381,TRUE,"FR","Bulle","Bulle","Bulle","Bulle FR","Bulle (FR)","Bulle (FR)","Freiburg","Fribourg","Friburgo",50.161087797,FALSE,FALSE
10,2128,54.666666667,82,68,68,153,225,150,TRUE,"FR","Châtel-sur-Montsalvens","Châtel-sur-Montsalvens","Châtel-sur-Montsalvens","Châtel-sur-Montsalvens FR","Châtel-sur-Montsalvens (FR)","Châtel-sur-Montsalvens (FR)","Freiburg","Fribourg","Friburgo",50.161087797,FALSE,FALSE
10,2129,52.475247525,212,192,58.931082982,419,711,404,TRUE,"FR","Corbières","Corbières","Corbières","Corbières FR","Corbières (FR)","Corbières (FR)","Freiburg","Fribourg","Friburgo",50.161087797,FALSE,FALSE
10,2130,48.471615721,111,118,70.606060606,233,330,229,TRUE,"FR","Crésuz","Crésuz","Crésuz","Crésuz FR","Crésuz (FR)","Crésuz (FR)","Freiburg","Fribourg","Friburgo",50.161087797,FALSE,FALSE
10,2131,52.298850575,182,166,61.301369863,358,584,348,TRUE,"FR","Echarlens","Echarlens","Echarlens","Echarlens FR","Echarlens (FR)","Echarlens (FR)","Freiburg","Fribourg","Friburgo",50.161087797,FALSE,FALSE
10,2134,54.191616766,181,153,57.357859532,343,598,334,TRUE,"FR","Grandvillard","Grandvillard","Grandvillard","Grandvillard FR","Grandvillard (FR)","Grandvillard (FR)","Freiburg","Fribourg","Friburgo",50.161087797,FALSE,FALSE
10,2135,49.2,369,381,55.091937765,779,1414,750,TRUE,"FR","Greyerz","Gruyères","Gruyères","Greyerz FR","Gruyères (FR)","Gruyères (FR)","Freiburg","Fribourg","Friburgo",50.161087797,FALSE,FALSE
10,2137,48.80952381,123,129,53.623188406,259,483,252,TRUE,"FR","Hauteville","Hauteville","Hauteville","Hauteville FR","Hauteville (FR)","Hauteville (FR)","Freiburg","Fribourg","Friburgo",50.161087797,FALSE,FALSE
10,2138,65.337423313,213,113,66.734279919,329,493,326,TRUE,"FR","Jaun","Bellegarde","Bellegarde","Jaun FR","Bellegarde (FR)","Bellegarde (FR)","Freiburg","Fribourg","Friburgo",50.161087797,FALSE,FALSE
10,2140,48.096446701,379,409,59.447674419,818,1376,788,TRUE,"FR","Marsens","Marsens","Marsens","Marsens FR","Marsens (FR)","Marsens (FR)","Freiburg","Fribourg","Friburgo",50.161087797,FALSE,FALSE
10,2143,49.435028249,175,179,64.568345324,359,556,354,TRUE,"FR","Morlon","Morlon","Morlon","Morlon FR","Morlon (FR)","Morlon (FR)","Freiburg","Fribourg","Friburgo",50.161087797,FALSE,FALSE
10,2145,48.61878453,264,279,60.635964912,553,912,543,TRUE,"FR","Le Pâquier FR","Le Pâquier (FR)","Le Pâquier FR","Le Pâquier FR","Le Pâquier (FR)","Le Pâquier (FR)","Freiburg","Fribourg","Friburgo",50.161087797,FALSE,FALSE
10,2147,59.288537549,150,103,55.172413793,256,464,253,TRUE,"FR","Pont-la-Ville","Pont-la-Ville","Pont-la-Ville","Pont-la-Ville FR","Pont-la-Ville (FR)","Pont-la-Ville (FR)","Freiburg","Fribourg","Friburgo",50.161087797,FALSE,FALSE
10,2148,54.23572744,589,497,60.347637154,1111,1841,1086,TRUE,"FR","Riaz","Riaz","Riaz","Riaz FR","Riaz (FR)","Riaz (FR)","Freiburg","Fribourg","Friburgo",50.161087797,FALSE,FALSE
10,2149,53.066666667,398,352,57.292445774,766,1337,750,TRUE,"FR","La Roche","La Roche","La Roche","La Roche FR","La Roche (FR)","La Roche (FR)","Freiburg","Fribourg","Friburgo",50.161087797,FALSE,FALSE
10,2152,47.197106691,261,292,57.298907646,577,1007,553,TRUE,"FR","Sâles","Sâles","Sâles","Sâles FR","Sâles (FR)","Sâles (FR)","Freiburg","Fribourg","Friburgo",50.161087797,FALSE,FALSE
10,2153,50,220,220,56.797966963,447,787,440,TRUE,"FR","Sorens","Sorens","Sorens","Sorens FR","Sorens (FR)","Sorens (FR)","Freiburg","Fribourg","Friburgo",50.161087797,FALSE,FALSE
10,2155,53.995157385,223,190,54.230769231,423,780,413,TRUE,"FR","Vaulruz","Vaulruz","Vaulruz","Vaulruz FR","Vaulruz (FR)","Vaulruz (FR)","Freiburg","Fribourg","Friburgo",50.161087797,FALSE,FALSE
10,2160,52.928647497,497,442,58.576642336,963,1644,939,TRUE,"FR","Vuadens","Vuadens","Vuadens","Vuadens FR","Vuadens (FR)","Vuadens (FR)","Freiburg","Fribourg","Friburgo",50.161087797,FALSE,FALSE
10,2162,59.473684211,339,231,54.764107308,592,1081,570,TRUE,"FR","Bas-Intyamon","Bas-Intyamon","Bas-Intyamon","Bas-Intyamon FR","Bas-Intyamon (FR)","Bas-Intyamon (FR)","Freiburg","Fribourg","Friburgo",50.161087797,FALSE,FALSE
10,2163,59.873188406,661,443,60.427807487,1130,1870,1104,TRUE,"FR","Val-de-Charmey","Val-de-Charmey","Val-de-Charmey","Val-de-Charmey FR","Val-de-Charmey (FR)","Val-de-Charmey (FR)","Freiburg","Fribourg","Friburgo",50.161087797,FALSE,FALSE
10,2173,57.926829268,190,138,59.784560144,333,557,328,TRUE,"FR","Autigny","Autigny","Autigny","Autigny FR","Autigny (FR)","Autigny (FR)","Freiburg","Fribourg","Friburgo",50.161087797,FALSE,FALSE
10,2174,53.44603381,411,358,59.121877366,781,1321,769,TRUE,"FR","Avry","Avry","Avry","Avry FR","Avry (FR)","Avry (FR)","Freiburg","Fribourg","Friburgo",50.161087797,FALSE,FALSE
10,2175,45.756097561,469,556,57.002188184,1042,1828,1025,TRUE,"FR","Belfaux","Belfaux","Belfaux","Belfaux FR","Belfaux (FR)","Belfaux (FR)","Freiburg","Fribourg","Friburgo",50.161087797,FALSE,FALSE
10,2177,46.263345196,130,151,52.554744526,288,548,281,TRUE,"FR","Chénens","Chénens","Chénens","Chénens FR","Chénens (FR)","Chénens (FR)","Freiburg","Fribourg","Friburgo",50.161087797,FALSE,FALSE
10,2183,48.191823899,613,659,64.278606965,1292,2010,1272,TRUE,"FR","Corminboeuf","Corminboeuf","Corminboeuf","Corminboeuf FR","Corminboeuf (FR)","Corminboeuf (FR)","Freiburg","Fribourg","Friburgo",50.161087797,FALSE,FALSE
10,2186,53.054101222,304,269,58.167330677,584,1004,573,TRUE,"FR","Cottens FR","Cottens (FR)","Cottens FR","Cottens FR","Cottens (FR)","Cottens (FR)","Freiburg","Fribourg","Friburgo",50.161087797,FALSE,FALSE
10,2194,64.130434783,59,33,57.5,92,160,92,TRUE,"FR","Ferpicloz","Ferpicloz","Ferpicloz","Ferpicloz FR","Ferpicloz (FR)","Ferpicloz (FR)","Freiburg","Fribourg","Friburgo",50.161087797,FALSE,FALSE
10,2196,34.863131268,3859,7210,56.626205105,11336,20019,11069,TRUE,"FR","Freiburg","Fribourg","Friburgo","Freiburg FR","Fribourg (FR)","Friburgo (FR)","Freiburg","Fribourg","Friburgo",50.161087797,FALSE,FALSE
10,2197,48.875,391,409,52.801030264,820,1553,800,TRUE,"FR","Givisiez","Givisiez","Givisiez","Givisiez FR","Givisiez (FR)","Givisiez (FR)","Freiburg","Fribourg","Friburgo",50.161087797,FALSE,FALSE
10,2198,45.307769929,449,542,52.291242363,1027,1964,991,TRUE,"FR","Granges-Paccot","Granges-Paccot","Granges-Paccot","Granges-Paccot FR","Granges-Paccot (FR)","Granges-Paccot (FR)","Freiburg","Fribourg","Friburgo",50.161087797,FALSE,FALSE
10,2206,44.120537177,1347,1706,56.970582861,3118,5473,3053,TRUE,"FR","Marly","Marly","Marly","Marly FR","Marly (FR)","Marly (FR)","Freiburg","Fribourg","Friburgo",50.161087797,FALSE,FALSE
10,2208,42.877906977,295,393,55.164319249,705,1278,688,TRUE,"FR","Matran","Matran","Matran","Matran FR","Matran (FR)","Matran (FR)","Freiburg","Fribourg","Friburgo",50.161087797,FALSE,FALSE
10,2211,44.789579158,447,551,57.894736842,1023,1767,998,TRUE,"FR","Neyruz FR","Neyruz (FR)","Neyruz FR","Neyruz FR","Neyruz (FR)","Neyruz (FR)","Freiburg","Fribourg","Friburgo",50.161087797,FALSE,FALSE
10,2216,47.945205479,35,38,73.267326733,74,101,73,TRUE,"FR","Pierrafortscha","Pierrafortscha","Pierrafortscha","Pierrafortscha FR","Pierrafortscha (FR)","Pierrafortscha (FR)","Freiburg","Fribourg","Friburgo",50.161087797,FALSE,FALSE
10,2220,54.225352113,693,585,59.482758621,1311,2204,1278,TRUE,"FR","Le Mouret","Le Mouret","Le Mouret","Le Mouret FR","Le Mouret (FR)","Le Mouret (FR)","Freiburg","Fribourg","Friburgo",50.161087797,FALSE,FALSE
10,2226,50.474898236,372,365,66.342756184,751,1132,737,TRUE,"FR","Treyvaux","Treyvaux","Treyvaux","Treyvaux FR","Treyvaux (FR)","Treyvaux (FR)","Freiburg","Fribourg","Friburgo",50.161087797,FALSE,FALSE
10,2228,42.734598388,1644,2203,58.872527146,3958,6723,3847,TRUE,"FR","Villars-sur-Glâne","Villars-sur-Glâne","Villars-sur-Glâne","Villars-sur-Glâne FR","Villars-sur-Glâne (FR)","Villars-sur-Glâne (FR)","Freiburg","Fribourg","Friburgo",50.161087797,FALSE,FALSE
10,2230,38.709677419,12,19,77.777777778,35,45,31,TRUE,"FR","Villarsel-sur-Marly","Villarsel-sur-Marly","Villarsel-sur-Marly","Villarsel-sur-Marly FR","Villarsel-sur-Marly (FR)","Villarsel-sur-Marly (FR)","Freiburg","Fribourg","Friburgo",50.161087797,FALSE,FALSE
10,2233,48.318042813,474,507,57.522624434,1017,1768,981,TRUE,"FR","Hauterive FR","Hauterive (FR)","Hauterive FR","Hauterive FR","Hauterive (FR)","Hauterive (FR)","Freiburg","Fribourg","Friburgo",50.161087797,FALSE,FALSE
10,2234,53.563218391,466,404,57.984293194,886,1528,870,TRUE,"FR","La Brillaz","La Brillaz","La Brillaz","La Brillaz FR","La Brillaz (FR)","La Brillaz (FR)","Freiburg","Fribourg","Friburgo",50.161087797,FALSE,FALSE
10,2235,49.367088608,273,280,58.008213552,565,974,553,TRUE,"FR","La Sonnaz","La Sonnaz","La Sonnaz","La Sonnaz FR","La Sonnaz (FR)","La Sonnaz (FR)","Freiburg","Fribourg","Friburgo",50.161087797,FALSE,FALSE
10,2236,48.652982681,1517,1601,57.462148522,3188,5548,3118,TRUE,"FR","Gibloux","Gibloux","Gibloux","Gibloux FR","Gibloux (FR)","Gibloux (FR)","Freiburg","Fribourg","Friburgo",50.161087797,FALSE,FALSE
10,2237,49.651162791,427,433,55.093167702,887,1610,860,TRUE,"FR","Prez","Prez","Prez","Prez FR","Prez (FR)","Prez (FR)","Freiburg","Fribourg","Friburgo",50.161087797,FALSE,FALSE
10,2238,48.494623656,451,479,60.314465409,959,1590,930,TRUE,"FR","Bois-d'Amont","Bois-d'Amont","Bois-d'Amont","Bois-d'Amont FR","Bois-d'Amont (FR)","Bois-d'Amont (((FR)))","Freiburg","Fribourg","Friburgo",50.161087797,FALSE,FALSE
10,2239,52.360043908,477,434,50.961010434,928,1821,911,TRUE,"FR","Grolley-Ponthaux","Grolley-Ponthaux","Grolley-Ponthaux","Grolley-Ponthaux FR","Grolley-Ponthaux (FR)","Grolley-Ponthaux (FR)","Freiburg","Fribourg","Friburgo",50.161087797,FALSE,FALSE
10,2250,54.752066116,265,219,57.10955711,490,858,484,TRUE,"FR","Gurwolf","Courgevaux","Courgevaux","Gurwolf FR","Courgevaux (FR)","Courgevaux (FR)","Freiburg","Fribourg","Friburgo",50.161087797,FALSE,FALSE
10,2254,50.788643533,805,780,56.581256581,1612,2849,1585,TRUE,"FR","Courtepin","Courtepin","Courtepin","Courtepin FR","Courtepin (FR)","Courtepin (FR)","Freiburg","Fribourg","Friburgo",50.161087797,FALSE,FALSE
10,2257,53.333333333,224,196,66.302652106,425,641,420,TRUE,"FR","Cressier FR","Cressier (FR)","Cressier FR","Cressier FR","Cressier (FR)","Cressier (FR)","Freiburg","Fribourg","Friburgo",50.161087797,FALSE,FALSE
10,2258,57.777777778,130,95,68.358208955,229,335,225,TRUE,"FR","Fräschels","Fräschels","Fräschels","Fräschels FR","Fräschels (FR)","Fräschels (FR)","Freiburg","Fribourg","Friburgo",50.161087797,FALSE,FALSE
10,2261,72.093023256,62,24,67.96875,87,128,86,TRUE,"FR","Greng","Greng","Greng","Greng FR","Greng (FR)","Greng (FR)","Freiburg","Fribourg","Friburgo",50.161087797,FALSE,FALSE
10,2262,55.819366853,1199,949,60.748959778,2190,3605,2148,TRUE,"FR","Gurmels","Cormondes","Cormondes","Gurmels FR","Cormondes (FR)","Cormondes (FR)","Freiburg","Fribourg","Friburgo",50.161087797,FALSE,FALSE
10,2265,57.888888889,1042,758,58.162298705,1842,3167,1800,TRUE,"FR","Kerzers","Chiètres (FR)","Chiètres","Kerzers FR","Chiètres (FR)","Chiètres (FR)","Freiburg","Fribourg","Friburgo",50.161087797,FALSE,FALSE
10,2266,52.559726962,154,139,56.628787879,299,528,293,TRUE,"FR","Kleinbösingen","Kleinbösingen","Kleinbösingen","Kleinbösingen FR","Kleinbösingen (FR)","Kleinbösingen (FR)","Freiburg","Fribourg","Friburgo",50.161087797,FALSE,FALSE
10,2271,53.225806452,165,145,72.359550562,322,445,310,TRUE,"FR","Merlach","Meyriez","Meyriez","Merlach FR","Meyriez (FR)","Meyriez (FR)","Freiburg","Fribourg","Friburgo",50.161087797,FALSE,FALSE
10,2272,53.290529695,332,291,50.87163233,642,1262,623,TRUE,"FR","Misery-Courtion","Misery-Courtion","Misery-Courtion","Misery-Courtion FR","Misery-Courtion (FR)","Misery-Courtion (FR)","Freiburg","Fribourg","Friburgo",50.161087797,FALSE,FALSE
10,2274,51.893939394,274,254,69.520103761,536,771,528,TRUE,"FR","Muntelier","Montilier","Montilier","Muntelier FR","Montilier (FR)","Montilier (FR)","Freiburg","Fribourg","Friburgo",50.161087797,FALSE,FALSE
10,2275,56.488142819,2120,1633,60.525896414,3798,6275,3753,TRUE,"FR","Murten","Morat","Morat","Murten FR","Morat (FR)","Morat (FR)","Freiburg","Fribourg","Friburgo",50.161087797,FALSE,FALSE
10,2276,64.01384083,370,208,67.54587156,589,872,578,TRUE,"FR","Ried bei Kerzers","Ried bei Kerzers","Ried bei Kerzers","Ried bei Kerzers FR","Ried bei Kerzers (FR)","Ried bei Kerzers (FR)","Freiburg","Fribourg","Friburgo",50.161087797,FALSE,FALSE
10,2284,55.158730159,973,791,57.403261912,1795,3127,1764,TRUE,"FR","Mont-Vully","Mont-Vully","Mont-Vully","Mont-Vully FR","Mont-Vully (FR)","Mont-Vully (FR)","Freiburg","Fribourg","Friburgo",50.161087797,FALSE,FALSE
10,2292,57.840616967,225,164,71.274685817,397,557,389,TRUE,"FR","Brünisried","Brünisried","Brünisried","Brünisried FR","Brünisried (FR)","Brünisried (FR)","Freiburg","Fribourg","Friburgo",50.161087797,FALSE,FALSE
10,2293,48.800619035,1892,1985,61.581569116,3956,6424,3877,TRUE,"FR","Düdingen","Guin","Guin","Düdingen FR","Guin (FR)","Guin (FR)","Freiburg","Fribourg","Friburgo",50.161087797,FALSE,FALSE
10,2294,47.579529737,344,379,59.525756337,728,1223,723,TRUE,"FR","Giffers","Chevrilles","Chevrilles","Giffers FR","Chevrilles (FR)","Chevrilles (FR)","Freiburg","Fribourg","Friburgo",50.161087797,FALSE,FALSE
10,2295,56.035064059,831,652,61.538461538,1504,2444,1483,TRUE,"FR","Bösingen","Bösingen","Bösingen","Bösingen FR","Bösingen (FR)","Bösingen (FR)","Freiburg","Fribourg","Friburgo",50.161087797,FALSE,FALSE
10,2296,52.329192547,337,307,62.209842154,670,1077,644,TRUE,"FR","Heitenried","Heitenried","Heitenried","Heitenried FR","Heitenried (FR)","Heitenried (FR)","Freiburg","Fribourg","Friburgo",50.161087797,FALSE,FALSE
10,2299,53.755364807,1002,862,67.484008529,1899,2814,1864,TRUE,"FR","Plaffeien","Planfayon","Planfayon","Plaffeien FR","Planfayon (FR)","Planfayon (FR)","Freiburg","Fribourg","Friburgo",50.161087797,FALSE,FALSE
10,2300,39.952718676,169,254,52.038369305,434,834,423,TRUE,"FR","Plasselb","Plasselb","Plasselb","Plasselb FR","Plasselb (FR)","Plasselb (FR)","Freiburg","Fribourg","Friburgo",50.161087797,FALSE,FALSE
10,2301,53.594771242,328,284,67.175572519,616,917,612,TRUE,"FR","Rechthalten","Dirlaret","Dirlaret","Rechthalten FR","Dirlaret (FR)","Dirlaret (FR)","Freiburg","Fribourg","Friburgo",50.161087797,FALSE,FALSE
10,2303,56.158663883,269,210,57.276995305,488,852,479,TRUE,"FR","St. Silvester","Saint-Silvestre","Saint-Silvestre","St. Silvester FR","Saint-Silvestre (FR)","Saint-Silvestre (FR)","Freiburg","Fribourg","Friburgo",50.161087797,FALSE,FALSE
10,2304,53.301127214,331,290,62.116716123,628,1011,621,TRUE,"FR","St. Ursen","Saint-Ours","Saint-Ours","St. Ursen FR","Saint-Ours (FR)","Saint-Ours (FR)","Freiburg","Fribourg","Friburgo",50.161087797,FALSE,FALSE
10,2305,49.109014675,937,971,62.891644909,1927,3064,1908,TRUE,"FR","Schmitten FR","Schmitten (FR)","Schmitten FR","Schmitten FR","Schmitten (FR)","Schmitten (FR)","Freiburg","Fribourg","Friburgo",50.161087797,FALSE,FALSE
10,2306,48.600058945,1649,1744,60.175592625,3427,5695,3393,TRUE,"FR","Tafers","Tavel","Tavel","Tafers FR","Tavel (FR)","Tavel (FR)","Freiburg","Fribourg","Friburgo",50.161087797,FALSE,FALSE
10,2307,49.235993209,290,299,59.362549801,596,1004,589,TRUE,"FR","Tentlingen","Tinterin","Tinterin","Tentlingen FR","Tinterin (FR)","Tinterin (FR)","Freiburg","Fribourg","Friburgo",50.161087797,FALSE,FALSE
10,2308,52.35646958,611,556,61.622464899,1185,1923,1167,TRUE,"FR","Ueberstorf","Ueberstorf","Ueberstorf","Ueberstorf FR","Ueberstorf (FR)","Ueberstorf (FR)","Freiburg","Fribourg","Friburgo",50.161087797,FALSE,FALSE
10,2309,49.250120948,1018,1049,56.288059306,2126,3777,2067,TRUE,"FR","Wünnewil-Flamatt","Wünnewil-Flamatt","Wünnewil-Flamatt","Wünnewil-Flamatt FR","Wünnewil-Flamatt (FR)","Wünnewil-Flamatt (FR)","Freiburg","Fribourg","Friburgo",50.161087797,FALSE,FALSE
10,2321,49.018067557,624,649,55.644481887,1321,2374,1273,TRUE,"FR","Attalens","Attalens","Attalens","Attalens FR","Attalens (FR)","Attalens (FR)","Freiburg","Fribourg","Friburgo",50.161087797,FALSE,FALSE
10,2323,49.44812362,224,229,46.101364522,473,1026,453,TRUE,"FR","Bossonnens","Bossonnens","Bossonnens","Bossonnens FR","Bossonnens (FR)","Bossonnens (FR)","Freiburg","Fribourg","Friburgo",50.161087797,FALSE,FALSE
10,2325,52.883156297,1394,1242,56.239804241,2758,4904,2636,TRUE,"FR","Châtel-Saint-Denis","Châtel-Saint-Denis","Châtel-Saint-Denis","Châtel-Saint-Denis FR","Châtel-Saint-Denis (FR)","Châtel-Saint-Denis (FR)","Freiburg","Fribourg","Friburgo",50.161087797,FALSE,FALSE
10,2328,49.172576832,208,215,63.25648415,439,694,423,TRUE,"FR","Granges (Veveyse)","Granges (Veveyse)","Granges (Veveyse)","Granges (Veveyse) FR","Granges (Veveyse) (FR)","Granges (Veveyse) (FR)","Freiburg","Fribourg","Friburgo",50.161087797,FALSE,FALSE
10,2333,52.587991718,254,229,57.354618016,503,877,483,TRUE,"FR","Remaufens","Remaufens","Remaufens","Remaufens FR","Remaufens (FR)","Remaufens (FR)","Freiburg","Fribourg","Friburgo",50.161087797,FALSE,FALSE
10,2335,49.879518072,207,208,58.728010825,434,739,415,TRUE,"FR","Saint-Martin FR","Saint-Martin (FR)","Saint-Martin FR","Saint-Martin FR","Saint-Martin (FR)","Saint-Martin (FR)","Freiburg","Fribourg","Friburgo",50.161087797,FALSE,FALSE
10,2336,54.956521739,316,259,55.045045045,611,1110,575,TRUE,"FR","Semsales","Semsales","Semsales","Semsales FR","Semsales (FR)","Semsales (FR)","Freiburg","Fribourg","Friburgo",50.161087797,FALSE,FALSE
10,2337,47.244094488,240,268,59.931113662,522,871,508,TRUE,"FR","Le Flon","Le Flon","Le Flon","Le Flon FR","Le Flon (FR)","Le Flon (FR)","Freiburg","Fribourg","Friburgo",50.161087797,FALSE,FALSE
10,2338,52.988047809,266,236,56.243213898,518,921,502,TRUE,"FR","La Verrerie","La Verrerie","La Verrerie","La Verrerie FR","La Verrerie (FR)","La Verrerie (FR)","Freiburg","Fribourg","Friburgo",50.161087797,FALSE,FALSE
11,2401,66.721311475,814,406,53.515625,1233,2304,1220,TRUE,"SO","Egerkingen","Egerkingen","Egerkingen","Egerkingen SO","Egerkingen (SO)","Egerkingen (SO)","Solothurn","Soleure","Soletta",54.875395476,FALSE,FALSE
11,2402,63.766048502,447,254,59.098497496,708,1198,701,TRUE,"SO","Härkingen","Härkingen","Härkingen","Härkingen SO","Härkingen (SO)","Härkingen (SO)","Solothurn","Soleure","Soletta",54.875395476,FALSE,FALSE
11,2403,64.534883721,555,305,62.491103203,878,1405,860,TRUE,"SO","Kestenholz","Kestenholz","Kestenholz","Kestenholz SO","Kestenholz (SO)","Kestenholz (SO)","Solothurn","Soleure","Soletta",54.875395476,FALSE,FALSE
11,2404,64.794383149,646,351,63.108614232,1011,1602,997,TRUE,"SO","Neuendorf","Neuendorf","Neuendorf","Neuendorf SO","Neuendorf (SO)","Neuendorf (SO)","Solothurn","Soleure","Soletta",54.875395476,FALSE,FALSE
11,2405,65.046728972,348,187,60.396039604,549,909,535,TRUE,"SO","Niederbuchsiten","Niederbuchsiten","Niederbuchsiten","Niederbuchsiten SO","Niederbuchsiten (SO)","Niederbuchsiten (SO)","Solothurn","Soleure","Soletta",54.875395476,FALSE,FALSE
11,2406,64.105793451,509,285,59.028281363,814,1379,794,TRUE,"SO","Oberbuchsiten","Oberbuchsiten","Oberbuchsiten","Oberbuchsiten SO","Oberbuchsiten (SO)","Oberbuchsiten (SO)","Solothurn","Soleure","Soletta",54.875395476,FALSE,FALSE
11,2407,60.466407551,1089,712,53.957471943,1827,3386,1801,TRUE,"SO","Oensingen","Oensingen","Oensingen","Oensingen SO","Oensingen (SO)","Oensingen (SO)","Solothurn","Soleure","Soletta",54.875395476,FALSE,FALSE
11,2408,64.915758176,655,354,57.674943567,1022,1772,1009,TRUE,"SO","Wolfwil","Wolfwil","Wolfwil","Wolfwil SO","Wolfwil (SO)","Wolfwil (SO)","Solothurn","Soleure","Soletta",54.875395476,FALSE,FALSE
11,2421,61.162079511,200,127,67.068273092,334,498,327,TRUE,"SO","Aedermannsdorf","Aedermannsdorf","Aedermannsdorf","Aedermannsdorf SO","Aedermannsdorf (SO)","Aedermannsdorf (SO)","Solothurn","Soleure","Soletta",54.875395476,FALSE,FALSE
11,2422,60.338164251,1249,821,58.463687151,2093,3580,2070,TRUE,"SO","Balsthal","Balsthal","Balsthal","Balsthal SO","Balsthal (SO)","Balsthal (SO)","Solothurn","Soleure","Soletta",54.875395476,FALSE,FALSE
11,2424,66.666666667,178,89,57.446808511,270,470,267,TRUE,"SO","Herbetswil","Herbetswil","Herbetswil","Herbetswil SO","Herbetswil (SO)","Herbetswil (SO)","Solothurn","Soleure","Soletta",54.875395476,FALSE,FALSE
11,2425,55.910543131,175,138,59.924385633,317,529,313,TRUE,"SO","Holderbank SO","Holderbank (SO)","Holderbank SO","Holderbank SO","Holderbank (SO)","Holderbank (SO)","Solothurn","Soleure","Soletta",54.875395476,FALSE,FALSE
11,2426,64.939360529,589,318,67.254038179,916,1362,907,TRUE,"SO","Laupersdorf","Laupersdorf","Laupersdorf","Laupersdorf SO","Laupersdorf (SO)","Laupersdorf (SO)","Solothurn","Soleure","Soletta",54.875395476,FALSE,FALSE
11,2427,65,416,224,60.375586854,643,1065,640,TRUE,"SO","Matzendorf","Matzendorf","Matzendorf","Matzendorf SO","Matzendorf (SO)","Matzendorf (SO)","Solothurn","Soleure","Soletta",54.875395476,FALSE,FALSE
11,2428,65.488215488,778,410,66.408839779,1202,1810,1188,TRUE,"SO","Mümliswil-Ramiswil","Mümliswil-Ramiswil","Mümliswil-Ramiswil","Mümliswil-Ramiswil SO","Mümliswil-Ramiswil (SO)","Mümliswil-Ramiswil (SO)","Solothurn","Soleure","Soletta",54.875395476,FALSE,FALSE
11,2430,62.5,305,183,54.244762955,492,907,488,TRUE,"SO","Welschenrohr-Gänsbrunnen","Welschenrohr-Gänsbrunnen","Welschenrohr-Gänsbrunnen","Welschenrohr-Gänsbrunnen SO","Welschenrohr-Gänsbrunnen (SO)","Welschenrohr-Gänsbrunnen (((SO)))","Solothurn","Soleure","Soletta",54.875395476,FALSE,FALSE
11,2445,69.060773481,125,56,65.836298932,185,281,181,TRUE,"SO","Biezwil","Biezwil","Biezwil","Biezwil SO","Biezwil (SO)","Biezwil (SO)","Solothurn","Soleure","Soletta",54.875395476,FALSE,FALSE
11,2455,55.741626794,233,185,55.424836601,424,765,418,TRUE,"SO","Lüterkofen-Ichertswil","Lüterkofen-Ichertswil","Lüterkofen-Ichertswil","Lüterkofen-Ichertswil SO","Lüterkofen-Ichertswil (SO)","Lüterkofen-Ichertswil (SO)","Solothurn","Soleure","Soletta",54.875395476,FALSE,FALSE
11,2457,58.988764045,420,292,60.965283658,720,1181,712,TRUE,"SO","Messen","Messen","Messen","Messen SO","Messen (SO)","Messen (SO)","Solothurn","Soleure","Soletta",54.875395476,FALSE,FALSE
11,2461,57.976653696,298,216,58.454647256,522,893,514,TRUE,"SO","Schnottwil","Schnottwil","Schnottwil","Schnottwil SO","Schnottwil (SO)","Schnottwil (SO)","Solothurn","Soleure","Soletta",54.875395476,FALSE,FALSE
11,2463,64.227642276,79,44,66.310160428,124,187,123,TRUE,"SO","Unterramsern","Unterramsern","Unterramsern","Unterramsern SO","Unterramsern (SO)","Unterramsern (SO)","Solothurn","Soleure","Soletta",54.875395476,FALSE,FALSE
11,2464,42.245989305,237,324,64.772727273,570,880,561,TRUE,"SO","Lüsslingen-Nennigkofen","Lüsslingen-Nennigkofen","Lüsslingen-Nennigkofen","Lüsslingen-Nennigkofen SO","Lüsslingen-Nennigkofen (SO)","Lüsslingen-Nennigkofen (SO)","Solothurn","Soleure","Soletta",54.875395476,FALSE,FALSE
11,2465,58.900343643,857,598,60.986733002,1471,2412,1455,TRUE,"SO","Buchegg","Buchegg","Buchegg","Buchegg SO","Buchegg (SO)","Buchegg (SO)","Solothurn","Soleure","Soletta",54.875395476,FALSE,FALSE
11,2471,53.205128205,249,219,55.568581477,474,853,468,TRUE,"SO","Bättwil","Bättwil","Bättwil","Bättwil SO","Bättwil (SO)","Bättwil (SO)","Solothurn","Soleure","Soletta",54.875395476,FALSE,FALSE
11,2472,56.113537118,257,201,62.314939435,463,743,458,TRUE,"SO","Büren SO","Büren (SO)","Büren SO","Büren SO","Büren (SO)","Büren (SO)","Solothurn","Soleure","Soletta",54.875395476,FALSE,FALSE
11,2473,42.537616917,1046,1413,59.093067426,2489,4212,2459,TRUE,"SO","Dornach","Dornach","Dornach","Dornach SO","Dornach (SO)","Dornach (SO)","Solothurn","Soleure","Soletta",54.875395476,FALSE,FALSE
11,2474,49.507389163,201,205,63.777089783,412,646,406,TRUE,"SO","Gempen","Gempen","Gempen","Gempen SO","Gempen (SO)","Gempen (SO)","Solothurn","Soleure","Soletta",54.875395476,FALSE,FALSE
11,2475,51.791044776,347,323,70.967741935,682,961,670,TRUE,"SO","Hochwald","Hochwald","Hochwald","Hochwald SO","Hochwald (SO)","Hochwald (SO)","Solothurn","Soleure","Soletta",54.875395476,FALSE,FALSE
11,2476,59.473299195,813,554,60.612691466,1385,2285,1367,TRUE,"SO","Hofstetten-Flüh","Hofstetten-Flüh","Hofstetten-Flüh","Hofstetten-Flüh SO","Hofstetten-Flüh (SO)","Hofstetten-Flüh (SO)","Solothurn","Soleure","Soletta",54.875395476,FALSE,FALSE
11,2477,61.241970021,286,181,66.340782123,475,716,467,TRUE,"SO","Metzerlen-Mariastein","Metzerlen-Mariastein","Metzerlen-Mariastein","Metzerlen-Mariastein SO","Metzerlen-Mariastein (SO)","Metzerlen-Mariastein (SO)","Solothurn","Soleure","Soletta",54.875395476,FALSE,FALSE
11,2478,55.731225296,423,336,64.824120603,774,1194,759,TRUE,"SO","Nuglar-St. Pantaleon","Nuglar-St. Pantaleon","Nuglar-St. Pantaleon","Nuglar-St. Pantaleon SO","Nuglar-St. Pantaleon (SO)","Nuglar-St. Pantaleon (SO)","Solothurn","Soleure","Soletta",54.875395476,FALSE,FALSE
11,2479,42.206896552,306,419,69.763033175,736,1055,725,TRUE,"SO","Rodersdorf","Rodersdorf","Rodersdorf","Rodersdorf SO","Rodersdorf (SO)","Rodersdorf (SO)","Solothurn","Soleure","Soletta",54.875395476,FALSE,FALSE
11,2480,58.083832335,291,210,61.204819277,508,830,501,TRUE,"SO","Seewen","Seewen","Seewen","Seewen SO","Seewen (SO)","Seewen (SO)","Solothurn","Soleure","Soletta",54.875395476,FALSE,FALSE
11,2481,54.72972973,324,268,63.607924922,610,959,592,TRUE,"SO","Witterswil","Witterswil","Witterswil","Witterswil SO","Witterswil (SO)","Witterswil (SO)","Solothurn","Soleure","Soletta",54.875395476,FALSE,FALSE
11,2491,50.887573964,86,83,65.413533835,174,266,169,TRUE,"SO","Hauenstein-Ifenthal","Hauenstein-Ifenthal","Hauenstein-Ifenthal","Hauenstein-Ifenthal SO","Hauenstein-Ifenthal (SO)","Hauenstein-Ifenthal (SO)","Solothurn","Soleure","Soletta",54.875395476,FALSE,FALSE
11,2492,62.608695652,144,86,62.234042553,234,376,230,TRUE,"SO","Kienberg","Kienberg","Kienberg","Kienberg SO","Kienberg (SO)","Kienberg (SO)","Solothurn","Soleure","Soletta",54.875395476,FALSE,FALSE
11,2493,56.830031283,1090,828,64.595858383,1934,2994,1918,TRUE,"SO","Lostorf","Lostorf","Lostorf","Lostorf SO","Lostorf (SO)","Lostorf (SO)","Solothurn","Soleure","Soletta",54.875395476,FALSE,FALSE
11,2495,62.749615975,817,485,54.11908646,1327,2452,1302,TRUE,"SO","Niedergösgen","Niedergösgen","Niedergösgen","Niedergösgen SO","Niedergösgen (SO)","Niedergösgen (SO)","Solothurn","Soleure","Soletta",54.875395476,FALSE,FALSE
11,2497,59.307875895,497,341,54.768041237,850,1552,838,TRUE,"SO","Obergösgen","Obergösgen","Obergösgen","Obergösgen SO","Obergösgen (SO)","Obergösgen (SO)","Solothurn","Soleure","Soletta",54.875395476,FALSE,FALSE
11,2499,62.73830156,362,215,60.973084886,589,966,577,TRUE,"SO","Stüsslingen","Stüsslingen","Stüsslingen","Stüsslingen SO","Stüsslingen (SO)","Stüsslingen (SO)","Solothurn","Soleure","Soletta",54.875395476,FALSE,FALSE
11,2500,46.525679758,770,885,50.269622528,1678,3338,1655,TRUE,"SO","Trimbach","Trimbach","Trimbach","Trimbach SO","Trimbach (SO)","Trimbach (SO)","Solothurn","Soleure","Soletta",54.875395476,FALSE,FALSE
11,2501,56.273764259,444,345,57.051282051,801,1404,789,TRUE,"SO","Winznau","Winznau","Winznau","Winznau SO","Winznau (SO)","Winznau (SO)","Solothurn","Soleure","Soletta",54.875395476,FALSE,FALSE
11,2502,46.6367713,104,119,63.764044944,227,356,223,TRUE,"SO","Wisen SO","Wisen (SO)","Wisen SO","Wisen SO","Wisen (SO)","Wisen (SO)","Solothurn","Soleure","Soletta",54.875395476,FALSE,FALSE
11,2503,58.992302309,843,586,57.911518533,1453,2509,1429,TRUE,"SO","Erlinsbach SO","Erlinsbach (SO)","Erlinsbach SO","Erlinsbach SO","Erlinsbach (SO)","Erlinsbach (SO)","Solothurn","Soleure","Soletta",54.875395476,FALSE,FALSE
11,2511,60.410557185,412,270,65.622032289,691,1053,682,TRUE,"SO","Aeschi SO","Aeschi (SO)","Aeschi SO","Aeschi SO","Aeschi (SO)","Aeschi (SO)","Solothurn","Soleure","Soletta",54.875395476,FALSE,FALSE
11,2513,51.003895715,1702,1635,57.225042301,3382,5910,3337,TRUE,"SO","Biberist","Biberist","Biberist","Biberist SO","Biberist (SO)","Biberist (SO)","Solothurn","Soleure","Soletta",54.875395476,FALSE,FALSE
11,2514,57,171,129,69.525959368,308,443,300,TRUE,"SO","Bolken","Bolken","Bolken","Bolken SO","Bolken (SO)","Bolken (SO)","Solothurn","Soleure","Soletta",54.875395476,FALSE,FALSE
11,2516,55.415162455,614,494,63.43537415,1119,1764,1108,TRUE,"SO","Deitingen","Deitingen","Deitingen","Deitingen SO","Deitingen (SO)","Deitingen (SO)","Solothurn","Soleure","Soletta",54.875395476,FALSE,FALSE
11,2517,53.044791142,1054,933,49.938860357,2042,4089,1987,TRUE,"SO","Derendingen","Derendingen","Derendingen","Derendingen SO","Derendingen (SO)","Derendingen (SO)","Solothurn","Soleure","Soletta",54.875395476,FALSE,FALSE
11,2518,59.030837004,268,186,60.02621232,458,763,454,TRUE,"SO","Etziken","Etziken","Etziken","Etziken SO","Etziken (SO)","Etziken (SO)","Solothurn","Soleure","Soletta",54.875395476,FALSE,FALSE
11,2519,52.515243902,689,623,47.607142857,1333,2800,1312,TRUE,"SO","Gerlafingen","Gerlafingen","Gerlafingen","Gerlafingen SO","Gerlafingen (SO)","Gerlafingen (SO)","Solothurn","Soleure","Soletta",54.875395476,FALSE,FALSE
11,2523,56.750572082,248,189,63.820549928,441,691,437,TRUE,"SO","Horriwil","Horriwil","Horriwil","Horriwil SO","Horriwil (SO)","Horriwil (SO)","Solothurn","Soleure","Soletta",54.875395476,FALSE,FALSE
11,2524,72.413793103,63,24,71.900826446,87,121,87,TRUE,"SO","Hüniken","Hüniken","Hüniken","Hüniken SO","Hüniken (SO)","Hüniken (SO)","Solothurn","Soleure","Soletta",54.875395476,FALSE,FALSE
11,2525,57.184115523,792,593,60.24765158,1411,2342,1385,TRUE,"SO","Kriegstetten","Kriegstetten","Kriegstetten","Kriegstetten SO","Kriegstetten (SO)","Kriegstetten (SO)","Solothurn","Soleure","Soletta",54.875395476,FALSE,FALSE
11,2526,60.814606742,866,558,64.425645592,1447,2246,1424,TRUE,"SO","Lohn-Ammannsegg","Lohn-Ammannsegg","Lohn-Ammannsegg","Lohn-Ammannsegg SO","Lohn-Ammannsegg (SO)","Lohn-Ammannsegg (SO)","Solothurn","Soleure","Soletta",54.875395476,FALSE,FALSE
11,2527,52.912621359,763,679,59.364820847,1458,2456,1442,TRUE,"SO","Luterbach","Luterbach","Luterbach","Luterbach SO","Luterbach (SO)","Luterbach (SO)","Solothurn","Soleure","Soletta",54.875395476,FALSE,FALSE
11,2528,64.694280079,328,179,59.08045977,514,870,507,TRUE,"SO","Obergerlafingen","Obergerlafingen","Obergerlafingen","Obergerlafingen SO","Obergerlafingen (SO)","Obergerlafingen (SO)","Solothurn","Soleure","Soletta",54.875395476,FALSE,FALSE
11,2530,56.747787611,513,391,57.25047081,912,1593,904,TRUE,"SO","Recherswil","Recherswil","Recherswil","Recherswil SO","Recherswil (SO)","Recherswil (SO)","Solothurn","Soleure","Soletta",54.875395476,FALSE,FALSE
11,2532,57.455113193,736,545,57.948490231,1305,2252,1281,TRUE,"SO","Subingen","Subingen","Subingen","Subingen SO","Subingen (SO)","Subingen (SO)","Solothurn","Soleure","Soletta",54.875395476,FALSE,FALSE
11,2534,47.457627119,1120,1240,51.062473438,2403,4706,2360,TRUE,"SO","Zuchwil","Zuchwil","Zuchwil","Zuchwil SO","Zuchwil (SO)","Zuchwil (SO)","Solothurn","Soleure","Soletta",54.875395476,FALSE,FALSE
11,2535,61.813186813,225,139,64.285714286,369,574,364,TRUE,"SO","Drei Höfe","Drei Höfe","Drei Höfe","Drei Höfe SO","Drei Höfe (SO)","Drei Höfe (SO)","Solothurn","Soleure","Soletta",54.875395476,FALSE,FALSE
11,2541,66.666666667,82,41,77.160493827,125,162,123,TRUE,"SO","Balm bei Günsberg","Balm bei Günsberg","Balm bei Günsberg","Balm bei Günsberg SO","Balm bei Günsberg (SO)","Balm bei Günsberg (SO)","Solothurn","Soleure","Soletta",54.875395476,FALSE,FALSE
11,2542,57.782632441,1058,773,57.134146341,1874,3280,1831,TRUE,"SO","Bellach","Bellach","Bellach","Bellach SO","Bellach (SO)","Bellach (SO)","Solothurn","Soleure","Soletta",54.875395476,FALSE,FALSE
11,2543,61.707988981,1120,695,54.1089838,1837,3395,1815,TRUE,"SO","Bettlach","Bettlach","Bettlach","Bettlach SO","Bettlach (SO)","Bettlach (SO)","Solothurn","Soleure","Soletta",54.875395476,FALSE,FALSE
11,2544,38.850174216,223,351,71.498771499,582,814,574,TRUE,"SO","Feldbrunnen-St. Niklaus","Feldbrunnen-St. Niklaus","Feldbrunnen-St. Niklaus","Feldbrunnen-St. Niklaus SO","Feldbrunnen-St. Niklaus (SO)","Feldbrunnen-St. Niklaus (SO)","Solothurn","Soleure","Soletta",54.875395476,FALSE,FALSE
11,2545,58.992805755,246,171,54.792746114,423,772,417,TRUE,"SO","Flumenthal","Flumenthal","Flumenthal","Flumenthal SO","Flumenthal (SO)","Flumenthal (SO)","Solothurn","Soleure","Soletta",54.875395476,FALSE,FALSE
11,2546,57.117117117,2536,1904,45.813554186,4536,9901,4440,TRUE,"SO","Grenchen","Granges (SO)","Granges","Grenchen SO","Granges (SO)","Granges (SO)","Solothurn","Soleure","Soletta",54.875395476,FALSE,FALSE
11,2547,59.296482412,354,243,62.332301342,604,969,597,TRUE,"SO","Günsberg","Günsberg","Günsberg","Günsberg SO","Günsberg (SO)","Günsberg (SO)","Solothurn","Soleure","Soletta",54.875395476,FALSE,FALSE
11,2548,62.039660057,219,134,61.764705882,357,578,353,TRUE,"SO","Hubersdorf","Hubersdorf","Hubersdorf","Hubersdorf SO","Hubersdorf (SO)","Hubersdorf (SO)","Solothurn","Soleure","Soletta",54.875395476,FALSE,FALSE
11,2549,62.5,10,6,50,16,32,16,TRUE,"SO","Kammersrohr","Kammersrohr","Kammersrohr","Kammersrohr SO","Kammersrohr (SO)","Kammersrohr (SO)","Solothurn","Soleure","Soletta",54.875395476,FALSE,FALSE
11,2550,51.04727708,853,818,61.659356725,1687,2736,1671,TRUE,"SO","Langendorf","Langendorf","Langendorf","Langendorf SO","Langendorf (SO)","Langendorf (SO)","Solothurn","Soleure","Soletta",54.875395476,FALSE,FALSE
11,2551,56.963613551,454,343,65.369018654,806,1233,797,TRUE,"SO","Lommiswil","Lommiswil","Lommiswil","Lommiswil SO","Lommiswil (SO)","Lommiswil (SO)","Solothurn","Soleure","Soletta",54.875395476,FALSE,FALSE
11,2553,54.02792696,503,428,68.257411424,944,1383,931,TRUE,"SO","Oberdorf SO","Oberdorf (SO)","Oberdorf SO","Oberdorf SO","Oberdorf (SO)","Oberdorf (SO)","Solothurn","Soleure","Soletta",54.875395476,FALSE,FALSE
11,2554,54.623450906,573,476,63.27014218,1068,1688,1049,TRUE,"SO","Riedholz","Riedholz","Riedholz","Riedholz SO","Riedholz (SO)","Riedholz (SO)","Solothurn","Soleure","Soletta",54.875395476,FALSE,FALSE
11,2555,48.59437751,363,384,64.604810997,752,1164,747,TRUE,"SO","Rüttenen","Rüttenen","Rüttenen","Rüttenen SO","Rüttenen (SO)","Rüttenen (SO)","Solothurn","Soleure","Soletta",54.875395476,FALSE,FALSE
11,2556,57.898498928,810,589,55.223300971,1422,2575,1399,TRUE,"SO","Selzach","Selzach","Selzach","Selzach SO","Selzach (SO)","Selzach (SO)","Solothurn","Soleure","Soletta",54.875395476,FALSE,FALSE
11,2571,62.5,195,117,58.256029685,314,539,312,TRUE,"SO","Boningen","Boningen","Boningen","Boningen SO","Boningen (SO)","Boningen (SO)","Solothurn","Soleure","Soletta",54.875395476,FALSE,FALSE
11,2572,63.594040968,683,391,56.831168831,1094,1925,1074,TRUE,"SO","Däniken","Däniken","Däniken","Däniken SO","Däniken (SO)","Däniken (SO)","Solothurn","Soleure","Soletta",54.875395476,FALSE,FALSE
11,2573,53.719655442,686,591,51.142631994,1298,2538,1277,TRUE,"SO","Dulliken","Dulliken","Dulliken","Dulliken SO","Dulliken (SO)","Dulliken (SO)","Solothurn","Soleure","Soletta",54.875395476,FALSE,FALSE
11,2574,60.377358491,64,42,56.701030928,110,194,106,TRUE,"SO","Eppenberg-Wöschnau","Eppenberg-Wöschnau","Eppenberg-Wöschnau","Eppenberg-Wöschnau SO","Eppenberg-Wöschnau (SO)","Eppenberg-Wöschnau (SO)","Solothurn","Soleure","Soletta",54.875395476,FALSE,FALSE
11,2575,57.379310345,416,309,56.465187452,738,1307,725,TRUE,"SO","Fulenbach","Fulenbach","Fulenbach","Fulenbach SO","Fulenbach (SO)","Fulenbach (SO)","Solothurn","Soleure","Soletta",54.875395476,FALSE,FALSE
11,2576,63.067608476,625,366,57.876514714,1003,1733,991,TRUE,"SO","Gretzenbach","Gretzenbach","Gretzenbach","Gretzenbach SO","Gretzenbach (SO)","Gretzenbach (SO)","Solothurn","Soleure","Soletta",54.875395476,FALSE,FALSE
11,2578,59.310344828,430,295,58.346581876,734,1258,725,TRUE,"SO","Gunzgen","Gunzgen","Gunzgen","Gunzgen SO","Gunzgen (SO)","Gunzgen (SO)","Solothurn","Soleure","Soletta",54.875395476,FALSE,FALSE
11,2579,61.902113459,1113,685,56.450108797,1816,3217,1798,TRUE,"SO","Hägendorf","Hägendorf","Hägendorf","Hägendorf SO","Hägendorf (SO)","Hägendorf (SO)","Solothurn","Soleure","Soletta",54.875395476,FALSE,FALSE
11,2580,62.164296998,787,479,58.397815203,1283,2197,1266,TRUE,"SO","Kappel SO","Kappel (SO)","Kappel SO","Kappel SO","Kappel (SO)","Kappel (SO)","Solothurn","Soleure","Soletta",54.875395476,FALSE,FALSE
11,2581,43.493449782,2988,3882,61.074235808,6993,11450,6870,TRUE,"SO","Olten","Olten","Olten","Olten SO","Olten (SO)","Olten (SO)","Solothurn","Soleure","Soletta",54.875395476,FALSE,FALSE
11,2582,61.620469083,289,180,59.02864259,474,803,469,TRUE,"SO","Rickenbach SO","Rickenbach (SO)","Rickenbach SO","Rickenbach SO","Rickenbach (SO)","Rickenbach (SO)","Solothurn","Soleure","Soletta",54.875395476,FALSE,FALSE
11,2583,52.61627907,724,652,51.892686512,1412,2721,1376,TRUE,"SO","Schönenwerd","Schönenwerd","Schönenwerd","Schönenwerd SO","Schönenwerd (SO)","Schönenwerd (SO)","Solothurn","Soleure","Soletta",54.875395476,FALSE,FALSE
11,2584,51.985981308,445,411,63.958641064,866,1354,856,TRUE,"SO","Starrkirch-Wil","Starrkirch-Wil","Starrkirch-Wil","Starrkirch-Wil SO","Starrkirch-Wil (SO)","Starrkirch-Wil (SO)","Solothurn","Soleure","Soletta",54.875395476,FALSE,FALSE
11,2585,64.528301887,171,94,48.566308244,271,558,265,TRUE,"SO","Walterswil SO","Walterswil (SO)","Walterswil SO","Walterswil SO","Walterswil (SO)","Walterswil (SO)","Solothurn","Soleure","Soletta",54.875395476,FALSE,FALSE
11,2586,54.026845638,966,822,54.715840387,1810,3308,1788,TRUE,"SO","Wangen bei Olten","Wangen bei Olten","Wangen bei Olten","Wangen bei Olten SO","Wangen bei Olten (SO)","Wangen bei Olten (SO)","Solothurn","Soleure","Soletta",54.875395476,FALSE,FALSE
11,2601,41.177306981,2896,4137,61.787072243,7150,11572,7033,TRUE,"SO","Solothurn","Soleure","Soletta","Solothurn SO","Soleure (SO)","Soletta (SO)","Solothurn","Soleure","Soletta",54.875395476,FALSE,FALSE
11,2611,55.191256831,202,164,58.982511924,371,629,366,TRUE,"SO","Bärschwil","Bärschwil","Bärschwil","Bärschwil SO","Bärschwil (SO)","Bärschwil (SO)","Solothurn","Soleure","Soletta",54.875395476,FALSE,FALSE
11,2612,62.5,75,45,64.432989691,125,194,120,TRUE,"SO","Beinwil SO","Beinwil (SO)","Beinwil SO","Beinwil SO","Beinwil (SO)","Beinwil (SO)","Solothurn","Soleure","Soletta",54.875395476,FALSE,FALSE
11,2613,54.743499649,779,644,53.631284916,1440,2685,1423,TRUE,"SO","Breitenbach","Breitenbach","Breitenbach","Breitenbach SO","Breitenbach (SO)","Breitenbach (SO)","Solothurn","Soleure","Soletta",54.875395476,FALSE,FALSE
11,2614,59.421841542,555,379,56.217162872,963,1713,934,TRUE,"SO","Büsserach","Büsserach","Büsserach","Büsserach SO","Büsserach (SO)","Büsserach (SO)","Solothurn","Soleure","Soletta",54.875395476,FALSE,FALSE
11,2615,61.654135338,246,153,58.610709117,405,691,399,TRUE,"SO","Erschwil","Erschwil","Erschwil","Erschwil SO","Erschwil (SO)","Erschwil (SO)","Solothurn","Soleure","Soletta",54.875395476,FALSE,FALSE
11,2616,54.770318021,155,128,58.012170385,286,493,283,TRUE,"SO","Fehren","Fehren","Fehren","Fehren SO","Fehren (SO)","Fehren (SO)","Solothurn","Soleure","Soletta",54.875395476,FALSE,FALSE
11,2617,51.45631068,106,100,53.06122449,208,392,206,TRUE,"SO","Grindel","Grindel","Grindel","Grindel SO","Grindel (SO)","Grindel (SO)","Solothurn","Soleure","Soletta",54.875395476,FALSE,FALSE
11,2618,56.659142212,251,192,62.58790436,445,711,443,TRUE,"SO","Himmelried","Himmelried","Himmelried","Himmelried SO","Himmelried (SO)","Himmelried (SO)","Solothurn","Soleure","Soletta",54.875395476,FALSE,FALSE
11,2619,47.378640777,244,271,57.997823721,533,919,515,TRUE,"SO","Kleinlützel","Kleinlützel","Kleinlützel","Kleinlützel SO","Kleinlützel (SO)","Kleinlützel (SO)","Solothurn","Soleure","Soletta",54.875395476,FALSE,FALSE
11,2620,55.218855219,164,133,62.761506276,300,478,297,TRUE,"SO","Meltingen","Meltingen","Meltingen","Meltingen SO","Meltingen (SO)","Meltingen (SO)","Solothurn","Soleure","Soletta",54.875395476,FALSE,FALSE
11,2621,56.108597285,496,388,58.241042345,894,1535,884,TRUE,"SO","Nunningen","Nunningen","Nunningen","Nunningen SO","Nunningen (SO)","Nunningen (SO)","Solothurn","Soleure","Soletta",54.875395476,FALSE,FALSE
11,2622,57.56302521,137,101,50.727650728,244,481,238,TRUE,"SO","Zullwil","Zullwil","Zullwil","Zullwil SO","Zullwil (SO)","Zullwil (SO)","Solothurn","Soleure","Soletta",54.875395476,FALSE,FALSE
12,2701,35.865209793,20318,36333,64.339581036,58356,90700,56651,TRUE,"BS","Basel","Bâle","Basilea","Basel BS","Bâle (BS)","Basilea (BS)","Basel-Stadt","Bâle-Ville","Basilea Città",37.980734199,FALSE,FALSE
12,2702,53.280318091,268,235,67.055771725,517,771,503,TRUE,"BS","Bettingen","Bettingen","Bettingen","Bettingen BS","Bettingen (BS)","Bettingen (BS)","Basel-Stadt","Bâle-Ville","Basilea Città",37.980734199,FALSE,FALSE
12,2703,48.519232951,4276,4537,69.211409396,9075,13112,8813,TRUE,"BS","Riehen","Riehen","Riehen","Riehen BS","Riehen (BS)","Riehen (BS)","Basel-Stadt","Bâle-Ville","Basilea Città",37.980734199,FALSE,FALSE
13,2761,53.96868992,1965,1676,53.270494145,3730,7002,3641,TRUE,"BL","Aesch BL","Aesch (BL)","Aesch BL","Aesch BL","Aesch (BL)","Aesch (BL)","Basel-Landschaft","Bâle-Campagne","Basilea Campagna",52.092589343,FALSE,FALSE
13,2762,47.003154574,3278,3696,55.533671692,7331,13201,6974,TRUE,"BL","Allschwil","Allschwil","Allschwil","Allschwil BL","Allschwil (BL)","Allschwil (BL)","Basel-Landschaft","Bâle-Campagne","Basilea Campagna",52.092589343,FALSE,FALSE
13,2763,47.413333333,1778,1972,62.048765041,3919,6316,3750,TRUE,"BL","Arlesheim","Arlesheim","Arlesheim","Arlesheim BL","Arlesheim (BL)","Arlesheim (BL)","Basel-Landschaft","Bâle-Campagne","Basilea Campagna",52.092589343,FALSE,FALSE
13,2764,55.009219422,895,732,64.29669485,1673,2602,1627,TRUE,"BL","Biel-Benken","Biel-Benken","Biel-Benken","Biel-Benken BL","Biel-Benken (BL)","Biel-Benken (BL)","Basel-Landschaft","Bâle-Campagne","Basilea Campagna",52.092589343,FALSE,FALSE
13,2765,48.733333333,2924,3076,63.488679054,6253,9849,6000,TRUE,"BL","Binningen","Binningen","Binningen","Binningen BL","Binningen (BL)","Binningen (BL)","Basel-Landschaft","Bâle-Campagne","Basilea Campagna",52.092589343,FALSE,FALSE
13,2766,45.872756933,1406,1659,54.17713042,3236,5973,3065,TRUE,"BL","Birsfelden","Birsfelden","Birsfelden","Birsfelden BL","Birsfelden (BL)","Birsfelden (BL)","Basel-Landschaft","Bâle-Campagne","Basilea Campagna",52.092589343,FALSE,FALSE
13,2767,53.944884862,1429,1220,63.154269972,2751,4356,2649,TRUE,"BL","Bottmingen","Bottmingen","Bottmingen","Bottmingen BL","Bottmingen (BL)","Bottmingen (BL)","Basel-Landschaft","Bâle-Campagne","Basilea Campagna",52.092589343,FALSE,FALSE
13,2768,54.963235294,1196,980,60.949298813,2260,3708,2176,TRUE,"BL","Ettingen","Ettingen","Ettingen","Ettingen BL","Ettingen (BL)","Ettingen (BL)","Basel-Landschaft","Bâle-Campagne","Basilea Campagna",52.092589343,FALSE,FALSE
13,2769,45.304659498,1896,2289,56.079146056,4308,7682,4185,TRUE,"BL","Münchenstein","Münchenstein","Münchenstein","Münchenstein BL","Münchenstein (BL)","Münchenstein (BL)","Basel-Landschaft","Bâle-Campagne","Basilea Campagna",52.092589343,FALSE,FALSE
13,2770,50.706794346,3336,3243,58.213702398,6772,11633,6579,TRUE,"BL","Muttenz","Muttenz","Muttenz","Muttenz BL","Muttenz (BL)","Muttenz (BL)","Basel-Landschaft","Bâle-Campagne","Basilea Campagna",52.092589343,FALSE,FALSE
13,2771,54.495412844,2376,1984,60.459183673,4503,7448,4360,TRUE,"BL","Oberwil BL","Oberwil (BL)","Oberwil BL","Oberwil BL","Oberwil (BL)","Oberwil (BL)","Basel-Landschaft","Bâle-Campagne","Basilea Campagna",52.092589343,FALSE,FALSE
13,2772,61.759581882,709,439,68.33819242,1172,1715,1148,TRUE,"BL","Pfeffingen","Pfeffingen","Pfeffingen","Pfeffingen BL","Pfeffingen (BL)","Pfeffingen (BL)","Basel-Landschaft","Bâle-Campagne","Basilea Campagna",52.092589343,FALSE,FALSE
13,2773,52.638121547,3811,3429,55.820873317,7504,13443,7240,TRUE,"BL","Reinach BL","Reinach (BL)","Reinach BL","Reinach BL","Reinach (BL)","Reinach (BL)","Basel-Landschaft","Bâle-Campagne","Basilea Campagna",52.092589343,FALSE,FALSE
13,2774,60.781476122,420,271,64.376130199,712,1106,691,TRUE,"BL","Schönenbuch","Schönenbuch","Schönenbuch","Schönenbuch BL","Schönenbuch (BL)","Schönenbuch (BL)","Basel-Landschaft","Bâle-Campagne","Basilea Campagna",52.092589343,FALSE,FALSE
13,2775,52.213702696,2111,1932,59.711922419,4187,7012,4043,TRUE,"BL","Therwil","Therwil","Therwil","Therwil BL","Therwil (BL)","Therwil (BL)","Basel-Landschaft","Bâle-Campagne","Basilea Campagna",52.092589343,FALSE,FALSE
13,2781,56.676557864,191,146,61.371841155,340,554,337,TRUE,"BL","Blauen","Blauen","Blauen","Blauen BL","Blauen (BL)","Blauen (BL)","Basel-Landschaft","Bâle-Campagne","Basilea Campagna",52.092589343,FALSE,FALSE
13,2782,59.084406295,413,286,55.813953488,720,1290,699,TRUE,"BL","Brislach","Brislach","Brislach","Brislach BL","Brislach (BL)","Brislach (BL)","Basel-Landschaft","Bâle-Campagne","Basilea Campagna",52.092589343,FALSE,FALSE
13,2783,46.774193548,58,66,57.87037037,125,216,124,TRUE,"BL","Burg im Leimental","Burg im Leimental","Burg im Leimental","Burg im Leimental BL","Burg im Leimental (BL)","Burg im Leimental (BL)","Basel-Landschaft","Bâle-Campagne","Basilea Campagna",52.092589343,FALSE,FALSE
13,2784,45.296167247,130,157,54.990583804,292,531,287,TRUE,"BL","Dittingen","Dittingen","Dittingen","Dittingen BL","Dittingen (BL)","Dittingen (BL)","Basel-Landschaft","Bâle-Campagne","Basilea Campagna",52.092589343,FALSE,FALSE
13,2785,56.48,353,272,62.059103908,651,1049,625,TRUE,"BL","Duggingen","Duggingen","Duggingen","Duggingen BL","Duggingen (BL)","Duggingen (BL)","Basel-Landschaft","Bâle-Campagne","Basilea Campagna",52.092589343,FALSE,FALSE
13,2786,54.181184669,311,263,50.67114094,604,1192,574,TRUE,"BL","Grellingen","Grellingen","Grellingen","Grellingen BL","Grellingen (BL)","Grellingen (BL)","Basel-Landschaft","Bâle-Campagne","Basilea Campagna",52.092589343,FALSE,FALSE
13,2787,50.253807107,990,980,55.010952903,2009,3652,1970,TRUE,"BL","Laufen","Laufon","Laufon","Laufen BL","Laufon (BL)","Laufon (BL)","Basel-Landschaft","Bâle-Campagne","Basilea Campagna",52.092589343,FALSE,FALSE
13,2788,68.181818182,330,154,58.205430933,493,847,484,TRUE,"BL","Liesberg","Liesberg","Liesberg","Liesberg BL","Liesberg (BL)","Liesberg (BL)","Basel-Landschaft","Bâle-Campagne","Basilea Campagna",52.092589343,FALSE,FALSE
13,2789,50,105,105,63.450292398,217,342,210,TRUE,"BL","Nenzlingen","Nenzlingen","Nenzlingen","Nenzlingen BL","Nenzlingen (BL)","Nenzlingen (BL)","Basel-Landschaft","Bâle-Campagne","Basilea Campagna",52.092589343,FALSE,FALSE
13,2790,47.747747748,53,58,51.082251082,118,231,111,TRUE,"BL","Roggenburg","Roggenburg","Roggenburg","Roggenburg BL","Roggenburg (BL)","Roggenburg (BL)","Basel-Landschaft","Bâle-Campagne","Basilea Campagna",52.092589343,FALSE,FALSE
13,2791,51.626898048,476,446,64.193328795,943,1469,922,TRUE,"BL","Röschenz","Röschenz","Röschenz","Röschenz BL","Röschenz (BL)","Röschenz (BL)","Basel-Landschaft","Bâle-Campagne","Basilea Campagna",52.092589343,FALSE,FALSE
13,2792,57.482993197,338,250,53.9497307,601,1114,588,TRUE,"BL","Wahlen","Wahlen","Wahlen","Wahlen BL","Wahlen (BL)","Wahlen (BL)","Basel-Landschaft","Bâle-Campagne","Basilea Campagna",52.092589343,FALSE,FALSE
13,2793,55.487053021,450,361,48.1264637,822,1708,811,TRUE,"BL","Zwingen","Zwingen","Zwingen","Zwingen BL","Zwingen (BL)","Zwingen (BL)","Basel-Landschaft","Bâle-Campagne","Basilea Campagna",52.092589343,FALSE,FALSE
13,2821,62.388059701,418,252,56.683168317,687,1212,670,TRUE,"BL","Arisdorf","Arisdorf","Arisdorf","Arisdorf BL","Arisdorf (BL)","Arisdorf (BL)","Basel-Landschaft","Bâle-Campagne","Basilea Campagna",52.092589343,FALSE,FALSE
13,2822,54.726368159,220,182,56.343792633,413,733,402,TRUE,"BL","Augst","Augst","Augst","Augst BL","Augst (BL)","Augst (BL)","Basel-Landschaft","Bâle-Campagne","Basilea Campagna",52.092589343,FALSE,FALSE
13,2823,54.510869565,1003,837,60.308780959,1875,3109,1840,TRUE,"BL","Bubendorf","Bubendorf","Bubendorf","Bubendorf BL","Bubendorf (BL)","Bubendorf (BL)","Basel-Landschaft","Bâle-Campagne","Basilea Campagna",52.092589343,FALSE,FALSE
13,2824,52.530253025,955,863,52.464094621,1863,3551,1818,TRUE,"BL","Frenkendorf","Frenkendorf","Frenkendorf","Frenkendorf BL","Frenkendorf (BL)","Frenkendorf (BL)","Basel-Landschaft","Bâle-Campagne","Basilea Campagna",52.092589343,FALSE,FALSE
13,2825,57.247828991,857,640,55.937157472,1531,2737,1497,TRUE,"BL","Füllinsdorf","Füllinsdorf","Füllinsdorf","Füllinsdorf BL","Füllinsdorf (BL)","Füllinsdorf (BL)","Basel-Landschaft","Bâle-Campagne","Basilea Campagna",52.092589343,FALSE,FALSE
13,2826,64.054054054,237,133,54.834054834,380,693,370,TRUE,"BL","Giebenach","Giebenach","Giebenach","Giebenach BL","Giebenach (BL)","Giebenach (BL)","Basel-Landschaft","Bâle-Campagne","Basilea Campagna",52.092589343,FALSE,FALSE
13,2827,55.30726257,99,80,63.541666667,183,288,179,TRUE,"BL","Hersberg","Hersberg","Hersberg","Hersberg BL","Hersberg (BL)","Hersberg (BL)","Basel-Landschaft","Bâle-Campagne","Basilea Campagna",52.092589343,FALSE,FALSE
13,2828,54.559585492,1053,877,56.368257554,1996,3541,1930,TRUE,"BL","Lausen","Lausen","Lausen","Lausen BL","Lausen (BL)","Lausen (BL)","Basel-Landschaft","Bâle-Campagne","Basilea Campagna",52.092589343,FALSE,FALSE
13,2829,46.585505041,2449,2808,55.939412802,5392,9639,5257,TRUE,"BL","Liestal","Liestal","Liestal","Liestal BL","Liestal (BL)","Liestal (BL)","Basel-Landschaft","Bâle-Campagne","Basilea Campagna",52.092589343,FALSE,FALSE
13,2830,53.393665158,354,309,59.628975265,675,1132,663,TRUE,"BL","Lupsingen","Lupsingen","Lupsingen","Lupsingen BL","Lupsingen (BL)","Lupsingen (BL)","Basel-Landschaft","Bâle-Campagne","Basilea Campagna",52.092589343,FALSE,FALSE
13,2831,49.219391947,1797,1854,46.666666667,3801,8145,3651,TRUE,"BL","Pratteln","Pratteln","Pratteln","Pratteln BL","Pratteln (BL)","Pratteln (BL)","Basel-Landschaft","Bâle-Campagne","Basilea Campagna",52.092589343,FALSE,FALSE
13,2832,57.183908046,199,149,64.652014652,353,546,348,TRUE,"BL","Ramlinsburg","Ramlinsburg","Ramlinsburg","Ramlinsburg BL","Ramlinsburg (BL)","Ramlinsburg (BL)","Basel-Landschaft","Bâle-Campagne","Basilea Campagna",52.092589343,FALSE,FALSE
13,2833,56.857142857,398,302,68.972142171,718,1041,700,TRUE,"BL","Seltisberg","Seltisberg","Seltisberg","Seltisberg BL","Seltisberg (BL)","Seltisberg (BL)","Basel-Landschaft","Bâle-Campagne","Basilea Campagna",52.092589343,FALSE,FALSE
13,2834,47.28588661,392,437,66.979655712,856,1278,829,TRUE,"BL","Ziefen","Ziefen","Ziefen","Ziefen BL","Ziefen (BL)","Ziefen (BL)","Basel-Landschaft","Bâle-Campagne","Basilea Campagna",52.092589343,FALSE,FALSE
13,2841,62.878787879,166,98,63.058823529,268,425,264,TRUE,"BL","Anwil","Anwil","Anwil","Anwil BL","Anwil (BL)","Anwil (BL)","Basel-Landschaft","Bâle-Campagne","Basilea Campagna",52.092589343,FALSE,FALSE
13,2842,57.402597403,221,164,64.811783961,396,611,385,TRUE,"BL","Böckten","Böckten","Böckten","Böckten BL","Böckten (BL)","Böckten (BL)","Basel-Landschaft","Bâle-Campagne","Basilea Campagna",52.092589343,FALSE,FALSE
13,2843,45.051194539,132,161,59.801980198,302,505,293,TRUE,"BL","Buckten","Buckten","Buckten","Buckten BL","Buckten (BL)","Buckten (BL)","Basel-Landschaft","Bâle-Campagne","Basilea Campagna",52.092589343,FALSE,FALSE
13,2844,52.155172414,242,222,58.873929009,481,817,464,TRUE,"BL","Buus","Buus","Buus","Buus BL","Buus (BL)","Buus (BL)","Basel-Landschaft","Bâle-Campagne","Basilea Campagna",52.092589343,FALSE,FALSE
13,2845,57.538461538,187,138,60.766423358,333,548,325,TRUE,"BL","Diepflingen","Diepflingen","Diepflingen","Diepflingen BL","Diepflingen (BL)","Diepflingen (BL)","Basel-Landschaft","Bâle-Campagne","Basilea Campagna",52.092589343,FALSE,FALSE
13,2846,51.716068643,1326,1238,59.179556153,2640,4461,2564,TRUE,"BL","Gelterkinden","Gelterkinden","Gelterkinden","Gelterkinden BL","Gelterkinden (BL)","Gelterkinden (BL)","Basel-Landschaft","Bâle-Campagne","Basilea Campagna",52.092589343,FALSE,FALSE
13,2847,53.174603175,67,59,62.621359223,129,206,126,TRUE,"BL","Häfelfingen","Häfelfingen","Häfelfingen","Häfelfingen BL","Häfelfingen (BL)","Häfelfingen (BL)","Basel-Landschaft","Bâle-Campagne","Basilea Campagna",52.092589343,FALSE,FALSE
13,2848,62.5,80,48,62.857142857,132,210,128,TRUE,"BL","Hemmiken","Hemmiken","Hemmiken","Hemmiken BL","Hemmiken (BL)","Hemmiken (BL)","Basel-Landschaft","Bâle-Campagne","Basilea Campagna",52.092589343,FALSE,FALSE
13,2849,54.804646251,519,428,61.862244898,970,1568,947,TRUE,"BL","Itingen","Itingen","Itingen","Itingen BL","Itingen (BL)","Itingen (BL)","Basel-Landschaft","Bâle-Campagne","Basilea Campagna",52.092589343,FALSE,FALSE
13,2850,57.587548638,148,109,61.520190024,259,421,257,TRUE,"BL","Känerkinden","Känerkinden","Känerkinden","Känerkinden BL","Känerkinden (BL)","Känerkinden (BL)","Basel-Landschaft","Bâle-Campagne","Basilea Campagna",52.092589343,FALSE,FALSE
13,2851,54.054054054,60,51,81.294964029,113,139,111,TRUE,"BL","Kilchberg BL","Kilchberg (BL)","Kilchberg BL","Kilchberg BL","Kilchberg (BL)","Kilchberg (BL)","Basel-Landschaft","Bâle-Campagne","Basilea Campagna",52.092589343,FALSE,FALSE
13,2852,51.01088647,328,315,62.884615385,654,1040,643,TRUE,"BL","Läufelfingen","Läufelfingen","Läufelfingen","Läufelfingen BL","Läufelfingen (BL)","Läufelfingen (BL)","Basel-Landschaft","Bâle-Campagne","Basilea Campagna",52.092589343,FALSE,FALSE
13,2853,53.707865169,239,206,66.18287373,456,689,445,TRUE,"BL","Maisprach","Maisprach","Maisprach","Maisprach BL","Maisprach (BL)","Maisprach (BL)","Basel-Landschaft","Bâle-Campagne","Basilea Campagna",52.092589343,FALSE,FALSE
13,2854,62.307692308,81,49,60.538116592,135,223,130,TRUE,"BL","Nusshof","Nusshof","Nusshof","Nusshof BL","Nusshof (BL)","Nusshof (BL)","Basel-Landschaft","Bâle-Campagne","Basilea Campagna",52.092589343,FALSE,FALSE
13,2855,46.124031008,119,139,67.26342711,263,391,258,TRUE,"BL","Oltingen","Oltingen","Oltingen","Oltingen BL","Oltingen (BL)","Oltingen (BL)","Basel-Landschaft","Bâle-Campagne","Basilea Campagna",52.092589343,FALSE,FALSE
13,2856,54.583333333,524,436,57.184923439,971,1698,960,TRUE,"BL","Ormalingen","Ormalingen","Ormalingen","Ormalingen BL","Ormalingen (BL)","Ormalingen (BL)","Basel-Landschaft","Bâle-Campagne","Basilea Campagna",52.092589343,FALSE,FALSE
13,2857,56,154,121,62.389380531,282,452,275,TRUE,"BL","Rickenbach BL","Rickenbach (BL)","Rickenbach BL","Rickenbach BL","Rickenbach (BL)","Rickenbach (BL)","Basel-Landschaft","Bâle-Campagne","Basilea Campagna",52.092589343,FALSE,FALSE
13,2858,55.211267606,196,159,59.210526316,360,608,355,TRUE,"BL","Rothenfluh","Rothenfluh","Rothenfluh","Rothenfluh BL","Rothenfluh (BL)","Rothenfluh (BL)","Basel-Landschaft","Bâle-Campagne","Basilea Campagna",52.092589343,FALSE,FALSE
13,2859,61.585365854,101,63,56.902356902,169,297,164,TRUE,"BL","Rümlingen","Rümlingen","Rümlingen","Rümlingen BL","Rümlingen (BL)","Rümlingen (BL)","Basel-Landschaft","Bâle-Campagne","Basilea Campagna",52.092589343,FALSE,FALSE
13,2860,50.777202073,196,190,62.53968254,394,630,386,TRUE,"BL","Rünenberg","Rünenberg","Rünenberg","Rünenberg BL","Rünenberg (BL)","Rünenberg (BL)","Basel-Landschaft","Bâle-Campagne","Basilea Campagna",52.092589343,FALSE,FALSE
13,2861,51.920485175,1541,1427,63.166597768,3056,4838,2968,TRUE,"BL","Sissach","Sissach","Sissach","Sissach BL","Sissach (BL)","Sissach (BL)","Basel-Landschaft","Bâle-Campagne","Basilea Campagna",52.092589343,FALSE,FALSE
13,2862,61.943319838,153,94,51.851851852,252,486,247,TRUE,"BL","Tecknau","Tecknau","Tecknau","Tecknau BL","Tecknau (BL)","Tecknau (BL)","Basel-Landschaft","Bâle-Campagne","Basilea Campagna",52.092589343,FALSE,FALSE
13,2863,55.235602094,211,171,57.787481805,397,687,382,TRUE,"BL","Tenniken","Tenniken","Tenniken","Tenniken BL","Tenniken (BL)","Tenniken (BL)","Basel-Landschaft","Bâle-Campagne","Basilea Campagna",52.092589343,FALSE,FALSE
13,2864,58.992805755,328,228,57.985757884,570,983,556,TRUE,"BL","Thürnen","Thürnen","Thürnen","Thürnen BL","Thürnen (BL)","Thürnen (BL)","Basel-Landschaft","Bâle-Campagne","Basilea Campagna",52.092589343,FALSE,FALSE
13,2865,58.379888268,209,149,64.0625,369,576,358,TRUE,"BL","Wenslingen","Wenslingen","Wenslingen","Wenslingen BL","Wenslingen (BL)","Wenslingen (BL)","Basel-Landschaft","Bâle-Campagne","Basilea Campagna",52.092589343,FALSE,FALSE
13,2866,63.36996337,173,100,61.777777778,278,450,273,TRUE,"BL","Wintersingen","Wintersingen","Wintersingen","Wintersingen BL","Wintersingen (BL)","Wintersingen (BL)","Basel-Landschaft","Bâle-Campagne","Basilea Campagna",52.092589343,FALSE,FALSE
13,2867,62.869198312,149,88,66.94214876,243,363,237,TRUE,"BL","Wittinsburg","Wittinsburg","Wittinsburg","Wittinsburg BL","Wittinsburg (BL)","Wittinsburg (BL)","Basel-Landschaft","Bâle-Campagne","Basilea Campagna",52.092589343,FALSE,FALSE
13,2868,50.826446281,123,119,66.490765172,252,379,242,TRUE,"BL","Zeglingen","Zeglingen","Zeglingen","Zeglingen BL","Zeglingen (BL)","Zeglingen (BL)","Basel-Landschaft","Bâle-Campagne","Basilea Campagna",52.092589343,FALSE,FALSE
13,2869,54.291044776,582,490,61.016949153,1116,1829,1072,TRUE,"BL","Zunzgen","Zunzgen","Zunzgen","Zunzgen BL","Zunzgen (BL)","Zunzgen (BL)","Basel-Landschaft","Bâle-Campagne","Basilea Campagna",52.092589343,FALSE,FALSE
13,2881,73.010380623,211,78,66.516853933,296,445,289,TRUE,"BL","Arboldswil","Arboldswil","Arboldswil","Arboldswil BL","Arboldswil (BL)","Arboldswil (BL)","Basel-Landschaft","Bâle-Campagne","Basilea Campagna",52.092589343,FALSE,FALSE
13,2882,61.279461279,182,115,60.594059406,306,505,297,TRUE,"BL","Bennwil","Bennwil","Bennwil","Bennwil BL","Bennwil (BL)","Bennwil (BL)","Basel-Landschaft","Bâle-Campagne","Basilea Campagna",52.092589343,FALSE,FALSE
13,2883,57.100591716,193,145,59.342560554,343,578,338,TRUE,"BL","Bretzwil","Bretzwil","Bretzwil","Bretzwil BL","Bretzwil (BL)","Bretzwil (BL)","Basel-Landschaft","Bâle-Campagne","Basilea Campagna",52.092589343,FALSE,FALSE
13,2884,61.830985915,439,271,62.521588946,724,1158,710,TRUE,"BL","Diegten","Diegten","Diegten","Diegten BL","Diegten (BL)","Diegten (BL)","Basel-Landschaft","Bâle-Campagne","Basilea Campagna",52.092589343,FALSE,FALSE
13,2885,63.503649635,174,100,68.856447689,283,411,274,TRUE,"BL","Eptingen","Eptingen","Eptingen","Eptingen BL","Eptingen (BL)","Eptingen (BL)","Basel-Landschaft","Bâle-Campagne","Basilea Campagna",52.092589343,FALSE,FALSE
13,2886,55.073995772,521,425,56.809116809,997,1755,946,TRUE,"BL","Hölstein","Hölstein","Hölstein","Hölstein BL","Hölstein (BL)","Hölstein (BL)","Basel-Landschaft","Bâle-Campagne","Basilea Campagna",52.092589343,FALSE,FALSE
13,2887,63.773584906,169,96,62.272727273,274,440,265,TRUE,"BL","Lampenberg","Lampenberg","Lampenberg","Lampenberg BL","Lampenberg (BL)","Lampenberg (BL)","Basel-Landschaft","Bâle-Campagne","Basilea Campagna",52.092589343,FALSE,FALSE
13,2888,56.834532374,237,180,58.39112344,421,721,417,TRUE,"BL","Langenbruck","Langenbruck","Langenbruck","Langenbruck BL","Langenbruck (BL)","Langenbruck (BL)","Basel-Landschaft","Bâle-Campagne","Basilea Campagna",52.092589343,FALSE,FALSE
13,2889,54.594594595,101,84,70.714285714,198,280,185,TRUE,"BL","Lauwil","Lauwil","Lauwil","Lauwil BL","Lauwil (BL)","Lauwil (BL)","Basel-Landschaft","Bâle-Campagne","Basilea Campagna",52.092589343,FALSE,FALSE
13,2890,67.164179104,45,22,60.17699115,68,113,67,TRUE,"BL","Liedertswil","Liedertswil","Liedertswil","Liedertswil BL","Liedertswil (BL)","Liedertswil (BL)","Basel-Landschaft","Bâle-Campagne","Basilea Campagna",52.092589343,FALSE,FALSE
13,2891,52.941176471,315,280,53.643546971,611,1139,595,TRUE,"BL","Niederdorf","Niederdorf","Niederdorf","Niederdorf BL","Niederdorf (BL)","Niederdorf (BL)","Basel-Landschaft","Bâle-Campagne","Basilea Campagna",52.092589343,FALSE,FALSE
13,2892,53.194103194,433,381,51.477832512,836,1624,814,TRUE,"BL","Oberdorf BL","Oberdorf (BL)","Oberdorf BL","Oberdorf BL","Oberdorf (BL)","Oberdorf (BL)","Basel-Landschaft","Bâle-Campagne","Basilea Campagna",52.092589343,FALSE,FALSE
13,2893,54.572713643,364,303,56.32183908,686,1218,667,TRUE,"BL","Reigoldswil","Reigoldswil","Reigoldswil","Reigoldswil BL","Reigoldswil (BL)","Reigoldswil (BL)","Basel-Landschaft","Bâle-Campagne","Basilea Campagna",52.092589343,FALSE,FALSE
13,2894,52.586206897,122,110,67.415730337,240,356,232,TRUE,"BL","Titterten","Titterten","Titterten","Titterten BL","Titterten (BL)","Titterten (BL)","Basel-Landschaft","Bâle-Campagne","Basilea Campagna",52.092589343,FALSE,FALSE
13,2895,53.963414634,177,151,47.592067989,336,706,328,TRUE,"BL","Waldenburg","Waldenburg","Waldenburg","Waldenburg BL","Waldenburg (BL)","Waldenburg (BL)","Basel-Landschaft","Bâle-Campagne","Basilea Campagna",52.092589343,FALSE,FALSE
14,2901,64.470588235,274,151,62.534818942,449,718,425,TRUE,"SH","Gächlingen","Gächlingen","Gächlingen","Gächlingen SH","Gächlingen (SH)","Gächlingen (SH)","Schaffhausen","Schaffhouse","Sciaffusa",53.173468848,FALSE,FALSE
14,2903,63.856960409,500,283,75.581395349,845,1118,783,TRUE,"SH","Löhningen","Löhningen","Löhningen","Löhningen SH","Löhningen (SH)","Löhningen (SH)","Schaffhausen","Schaffhouse","Sciaffusa",53.173468848,FALSE,FALSE
14,2904,57.032457496,738,556,77.205882353,1365,1768,1294,TRUE,"SH","Neunkirch","Neunkirch","Neunkirch","Neunkirch SH","Neunkirch (SH)","Neunkirch (SH)","Schaffhausen","Schaffhouse","Sciaffusa",53.173468848,FALSE,FALSE
14,2914,60.546875,155,101,81.818181818,279,341,256,TRUE,"SH","Büttenhardt","Büttenhardt","Büttenhardt","Büttenhardt SH","Büttenhardt (SH)","Büttenhardt (SH)","Schaffhausen","Schaffhouse","Sciaffusa",53.173468848,FALSE,FALSE
14,2915,58.38150289,303,216,76.944065484,564,733,519,TRUE,"SH","Dörflingen","Dörflingen","Dörflingen","Dörflingen SH","Dörflingen (SH)","Dörflingen (SH)","Schaffhausen","Schaffhouse","Sciaffusa",53.173468848,FALSE,FALSE
14,2917,63.408521303,253,146,81.651376147,445,545,399,TRUE,"SH","Lohn SH","Lohn (SH)","Lohn SH","Lohn SH","Lohn (SH)","Lohn (SH)","Schaffhausen","Schaffhouse","Sciaffusa",53.173468848,FALSE,FALSE
14,2919,55.965909091,394,310,76.175869121,745,978,704,TRUE,"SH","Stetten SH","Stetten (SH)","Stetten SH","Stetten SH","Stetten (SH)","Stetten (SH)","Schaffhausen","Schaffhouse","Sciaffusa",53.173468848,FALSE,FALSE
14,2920,59.967910148,1495,998,75.730337079,2696,3560,2493,TRUE,"SH","Thayngen","Thayngen","Thayngen","Thayngen SH","Thayngen (SH)","Thayngen (SH)","Schaffhausen","Schaffhouse","Sciaffusa",53.173468848,FALSE,FALSE
14,2931,64,96,54,74.881516588,158,211,150,TRUE,"SH","Bargen SH","Bargen (SH)","Bargen SH","Bargen SH","Bargen (SH)","Bargen (SH)","Schaffhausen","Schaffhouse","Sciaffusa",53.173468848,FALSE,FALSE
14,2932,59.473457057,1378,939,74.610778443,2492,3340,2317,TRUE,"SH","Beringen","Beringen","Beringen","Beringen SH","Beringen (SH)","Beringen (SH)","Schaffhausen","Schaffhouse","Sciaffusa",53.173468848,FALSE,FALSE
14,2933,63.29588015,338,196,82.627737226,566,685,534,TRUE,"SH","Buchberg","Buchberg","Buchberg","Buchberg SH","Buchberg (SH)","Buchberg (SH)","Schaffhausen","Schaffhouse","Sciaffusa",53.173468848,FALSE,FALSE
14,2936,63.850687623,325,184,79.049034175,532,673,509,TRUE,"SH","Merishausen","Merishausen","Merishausen","Merishausen SH","Merishausen (SH)","Merishausen (SH)","Schaffhausen","Schaffhouse","Sciaffusa",53.173468848,FALSE,FALSE
14,2937,49.192650334,1767,1825,67.804283476,3894,5743,3592,TRUE,"SH","Neuhausen am Rheinfall","Neuhausen am Rheinfall","Neuhausen am Rheinfall","Neuhausen am Rheinfall SH","Neuhausen am Rheinfall (SH)","Neuhausen am Rheinfall (SH)","Schaffhausen","Schaffhouse","Sciaffusa",53.173468848,FALSE,FALSE
14,2938,61.428571429,301,189,82.930756844,515,621,490,TRUE,"SH","Rüdlingen","Rüdlingen","Rüdlingen","Rüdlingen SH","Rüdlingen (SH)","Rüdlingen (SH)","Schaffhausen","Schaffhouse","Sciaffusa",53.173468848,FALSE,FALSE
14,2939,46.284685579,7456,8653,72.990218715,17387,23821,16109,TRUE,"SH","Schaffhausen","Schaffhouse","Sciaffusa","Schaffhausen SH","Schaffhouse (SH)","Sciaffusa (SH)","Schaffhausen","Schaffhouse","Sciaffusa",53.173468848,FALSE,FALSE
14,2951,66.666666667,170,85,75,279,372,255,TRUE,"SH","Beggingen","Beggingen","Beggingen","Beggingen SH","Beggingen (SH)","Beggingen (SH)","Schaffhausen","Schaffhouse","Sciaffusa",53.173468848,FALSE,FALSE
14,2952,63.561320755,539,309,76.787216148,913,1189,848,TRUE,"SH","Schleitheim","Schleitheim","Schleitheim","Schleitheim SH","Schleitheim (SH)","Schleitheim (SH)","Schaffhausen","Schaffhouse","Sciaffusa",53.173468848,FALSE,FALSE
14,2953,60,279,186,76.176024279,502,659,465,TRUE,"SH","Siblingen","Siblingen","Siblingen","Siblingen SH","Siblingen (SH)","Siblingen (SH)","Schaffhausen","Schaffhouse","Sciaffusa",53.173468848,FALSE,FALSE
14,2961,56.976744186,98,74,83.80952381,176,210,172,TRUE,"SH","Buch SH","Buch (SH)","Buch SH","Buch SH","Buch (SH)","Buch (SH)","Schaffhausen","Schaffhouse","Sciaffusa",53.173468848,FALSE,FALSE
14,2962,56.363636364,155,120,80.662983425,292,362,275,TRUE,"SH","Hemishofen","Hemishofen","Hemishofen","Hemishofen SH","Hemishofen (SH)","Hemishofen (SH)","Schaffhausen","Schaffhouse","Sciaffusa",53.173468848,FALSE,FALSE
14,2963,56.355283308,368,285,69.450101833,682,982,653,TRUE,"SH","Ramsen","Ramsen","Ramsen","Ramsen SH","Ramsen (SH)","Ramsen (SH)","Schaffhausen","Schaffhouse","Sciaffusa",53.173468848,FALSE,FALSE
14,2964,54.361702128,1022,858,76.2534007,1962,2573,1880,TRUE,"SH","Stein am Rhein","Stein am Rhein","Stein am Rhein","Stein am Rhein SH","Stein am Rhein (SH)","Stein am Rhein (SH)","Schaffhausen","Schaffhouse","Sciaffusa",53.173468848,FALSE,FALSE
14,2971,63.808738664,774,439,72.453044963,1273,1757,1213,TRUE,"SH","Hallau","Hallau","Hallau","Hallau SH","Hallau (SH)","Hallau (SH)","Schaffhausen","Schaffhouse","Sciaffusa",53.173468848,FALSE,FALSE
14,2972,64.42687747,163,90,75.354107649,266,353,253,TRUE,"SH","Oberhallau","Oberhallau","Oberhallau","Oberhallau SH","Oberhallau (SH)","Oberhallau (SH)","Schaffhausen","Schaffhouse","Sciaffusa",53.173468848,FALSE,FALSE
14,2973,64.401294498,199,110,76.650943396,325,424,309,TRUE,"SH","Trasadingen","Trasadingen","Trasadingen","Trasadingen SH","Trasadingen (SH)","Trasadingen (SH)","Schaffhausen","Schaffhouse","Sciaffusa",53.173468848,FALSE,FALSE
14,2974,62.146892655,550,335,72.31372549,922,1275,885,TRUE,"SH","Wilchingen","Wilchingen","Wilchingen","Wilchingen SH","Wilchingen (SH)","Wilchingen (SH)","Schaffhausen","Schaffhouse","Sciaffusa",53.173468848,FALSE,FALSE
15,3001,60.318866253,3405,2240,55.843774471,5705,10216,5645,TRUE,"AR","Herisau","Herisau","Herisau","Herisau AR","Herisau (AR)","Herisau (AR)","Appenzell Ausserrhoden","Appenzell Rhodes-Extérieures","Appenzello Esterno",59.725145475,FALSE,FALSE
15,3002,67.973856209,312,147,62.365591398,464,744,459,TRUE,"AR","Hundwil","Hundwil","Hundwil","Hundwil AR","Hundwil (AR)","Hundwil (AR)","Appenzell Ausserrhoden","Appenzell Rhodes-Extérieures","Appenzello Esterno",59.725145475,FALSE,FALSE
15,3003,69.675090253,193,84,67.599067599,290,429,277,TRUE,"AR","Schönengrund","Schönengrund","Schönengrund","Schönengrund AR","Schönengrund (AR)","Schönengrund (AR)","Appenzell Ausserrhoden","Appenzell Rhodes-Extérieures","Appenzello Esterno",59.725145475,FALSE,FALSE
15,3004,66.274509804,507,258,65.726495726,769,1170,765,TRUE,"AR","Schwellbrunn","Schwellbrunn","Schwellbrunn","Schwellbrunn AR","Schwellbrunn (AR)","Schwellbrunn (AR)","Appenzell Ausserrhoden","Appenzell Rhodes-Extérieures","Appenzello Esterno",59.725145475,FALSE,FALSE
15,3005,65.675675676,486,254,67.49777382,758,1123,740,TRUE,"AR","Stein AR","Stein (AR)","Stein AR","Stein AR","Stein (AR)","Stein (AR)","Appenzell Ausserrhoden","Appenzell Rhodes-Extérieures","Appenzello Esterno",59.725145475,FALSE,FALSE
15,3006,67.996453901,767,361,66.114285714,1157,1750,1128,TRUE,"AR","Urnäsch","Urnäsch","Urnäsch","Urnäsch AR","Urnäsch (AR)","Urnäsch (AR)","Appenzell Ausserrhoden","Appenzell Rhodes-Extérieures","Appenzello Esterno",59.725145475,FALSE,FALSE
15,3007,65.596330275,572,300,64.353542732,881,1369,872,TRUE,"AR","Waldstatt","Waldstatt","Waldstatt","Waldstatt AR","Waldstatt (AR)","Waldstatt (AR)","Appenzell Ausserrhoden","Appenzell Rhodes-Extérieures","Appenzello Esterno",59.725145475,FALSE,FALSE
15,3021,59.649122807,442,299,60.717196414,745,1227,741,TRUE,"AR","Bühler","Bühler","Bühler","Bühler AR","Bühler (AR)","Bühler (AR)","Appenzell Ausserrhoden","Appenzell Rhodes-Extérieures","Appenzello Esterno",59.725145475,FALSE,FALSE
15,3022,59.219380888,880,606,65.245478036,1515,2322,1486,TRUE,"AR","Gais","Gais","Gais","Gais AR","Gais (AR)","Gais (AR)","Appenzell Ausserrhoden","Appenzell Rhodes-Extérieures","Appenzello Esterno",59.725145475,FALSE,FALSE
15,3023,55.608820709,1160,926,66.761363636,2115,3168,2086,TRUE,"AR","Speicher","Speicher","Speicher","Speicher AR","Speicher (AR)","Speicher (AR)","Appenzell Ausserrhoden","Appenzell Rhodes-Extérieures","Appenzello Esterno",59.725145475,FALSE,FALSE
15,3024,62.834787842,2088,1235,67.346530694,3368,5001,3323,TRUE,"AR","Teufen AR","Teufen (AR)","Teufen AR","Teufen AR","Teufen (AR)","Teufen (AR)","Appenzell Ausserrhoden","Appenzell Rhodes-Extérieures","Appenzello Esterno",59.725145475,FALSE,FALSE
15,3025,43.351351351,401,524,66.453900709,937,1410,925,TRUE,"AR","Trogen","Trogen","Trogen","Trogen AR","Trogen (AR)","Trogen (AR)","Appenzell Ausserrhoden","Appenzell Rhodes-Extérieures","Appenzello Esterno",59.725145475,FALSE,FALSE
15,3031,58.73015873,259,182,65.166908563,449,689,441,TRUE,"AR","Grub AR","Grub (AR)","Grub AR","Grub AR","Grub (AR)","Grub (AR)","Appenzell Ausserrhoden","Appenzell Rhodes-Extérieures","Appenzello Esterno",59.725145475,FALSE,FALSE
15,3032,55.891238671,925,730,61.830985915,1756,2840,1655,TRUE,"AR","Heiden","Heiden","Heiden","Heiden AR","Heiden (AR)","Heiden (AR)","Appenzell Ausserrhoden","Appenzell Rhodes-Extérieures","Appenzello Esterno",59.725145475,FALSE,FALSE
15,3033,55.456171735,310,249,63.666666667,573,900,559,TRUE,"AR","Lutzenberg","Lutzenberg","Lutzenberg","Lutzenberg AR","Lutzenberg (AR)","Lutzenberg (AR)","Appenzell Ausserrhoden","Appenzell Rhodes-Extérieures","Appenzello Esterno",59.725145475,FALSE,FALSE
15,3034,50.480769231,420,412,66.954474097,853,1274,832,TRUE,"AR","Rehetobel","Rehetobel","Rehetobel","Rehetobel AR","Rehetobel (AR)","Rehetobel (AR)","Appenzell Ausserrhoden","Appenzell Rhodes-Extérieures","Appenzello Esterno",59.725145475,FALSE,FALSE
15,3035,57.911392405,183,133,60.373831776,323,535,316,TRUE,"AR","Reute AR","Reute (AR)","Reute AR","Reute AR","Reute (AR)","Reute (AR)","Appenzell Ausserrhoden","Appenzell Rhodes-Extérieures","Appenzello Esterno",59.725145475,FALSE,FALSE
15,3036,55.784061697,217,172,57.607090103,390,677,389,TRUE,"AR","Wald AR","Wald (AR)","Wald AR","Wald AR","Wald (AR)","Wald (AR)","Appenzell Ausserrhoden","Appenzell Rhodes-Extérieures","Appenzello Esterno",59.725145475,FALSE,FALSE
15,3037,60.349127182,484,318,60.320933625,827,1371,802,TRUE,"AR","Walzenhausen","Walzenhausen","Walzenhausen","Walzenhausen AR","Walzenhausen (AR)","Walzenhausen (AR)","Appenzell Ausserrhoden","Appenzell Rhodes-Extérieures","Appenzello Esterno",59.725145475,FALSE,FALSE
15,3038,58.35443038,461,329,58.671586716,795,1355,790,TRUE,"AR","Wolfhalden","Wolfhalden","Wolfhalden","Wolfhalden AR","Wolfhalden (AR)","Wolfhalden (AR)","Appenzell Ausserrhoden","Appenzell Rhodes-Extérieures","Appenzello Esterno",59.725145475,FALSE,FALSE
16,3101,67.32873936,1661,806,63.133414933,2579,4085,2467,TRUE,"AI","Appenzell","Appenzell","Appenzello","Appenzell AI","Appenzell (AI)","Appenzello (AI)","Appenzell Innerrhoden","Appenzell Rhodes-Intérieures","Appenzello Interno",67.086169256,FALSE,FALSE
16,3102,68.022440393,485,228,68.913857678,736,1068,713,TRUE,"AI","Gonten","Gonten","Gonten","Gonten AI","Gonten (AI)","Gonten (AI)","Appenzell Innerrhoden","Appenzell Rhodes-Intérieures","Appenzello Interno",67.086169256,FALSE,FALSE
16,3104,74.274661509,384,133,64.338235294,525,816,517,TRUE,"AI","Schlatt-Haslen","Schlatt-Haslen","Schlatt-Haslen","Schlatt-Haslen AI","Schlatt-Haslen (AI)","Schlatt-Haslen (AI)","Appenzell Innerrhoden","Appenzell Rhodes-Intérieures","Appenzello Interno",67.086169256,FALSE,FALSE
16,3111,61.976369495,577,354,65.328719723,944,1445,931,TRUE,"AI","Oberegg","Oberegg","Oberegg","Oberegg AI","Oberegg (AI)","Oberegg (AI)","Appenzell Innerrhoden","Appenzell Rhodes-Intérieures","Appenzello Interno",67.086169256,FALSE,FALSE
16,3112,67.703507611,2046,976,68.095026643,3067,4504,3022,TRUE,"AI","Schwende-Rüti","Schwende-Rüti","Schwende-Rüti","Schwende-Rüti AI","Schwende-Rüti (AI)","Schwende-Rüti (AI)","Appenzell Innerrhoden","Appenzell Rhodes-Intérieures","Appenzello Interno",67.086169256,FALSE,FALSE
17,3201,63.358778626,415,240,69.0625,663,960,655,TRUE,"SG","Häggenschwil","Häggenschwil","Häggenschwil","Häggenschwil SG","Häggenschwil (SG)","Häggenschwil (SG)","St. Gallen","Saint-Gall","San Gallo",58.897777686,FALSE,FALSE
17,3202,65.391014975,393,208,67.258601554,606,901,601,TRUE,"SG","Muolen","Muolen","Muolen","Muolen SG","Muolen (SG)","Muolen (SG)","St. Gallen","Saint-Gall","San Gallo",58.897777686,FALSE,FALSE
17,3203,45.503142088,11151,13355,57.285265602,25170,43938,24506,TRUE,"SG","St. Gallen","Saint-Gall","San Gallo","St. Gallen SG","Saint-Gall (SG)","San Gallo (SG)","St. Gallen","Saint-Gall","San Gallo",58.897777686,FALSE,FALSE
17,3204,61.079182631,1913,1219,54.317406143,3183,5860,3132,TRUE,"SG","Wittenbach","Wittenbach","Wittenbach","Wittenbach SG","Wittenbach (SG)","Wittenbach (SG)","St. Gallen","Saint-Gall","San Gallo",58.897777686,FALSE,FALSE
17,3211,59.051724138,274,190,67.867435159,471,694,464,TRUE,"SG","Berg SG","Berg (SG)","Berg SG","Berg SG","Berg (SG)","Berg (SG)","St. Gallen","Saint-Gall","San Gallo",58.897777686,FALSE,FALSE
17,3212,57.194899818,628,470,65.158636898,1109,1702,1098,TRUE,"SG","Eggersriet","Eggersriet","Eggersriet","Eggersriet SG","Eggersriet (SG)","Eggersriet (SG)","St. Gallen","Saint-Gall","San Gallo",58.897777686,FALSE,FALSE
17,3213,60.215394362,1901,1256,54.646395627,3199,5854,3157,TRUE,"SG","Goldach","Goldach","Goldach","Goldach SG","Goldach (SG)","Goldach (SG)","St. Gallen","Saint-Gall","San Gallo",58.897777686,FALSE,FALSE
17,3214,64.247020585,1186,660,68.422991894,1857,2714,1846,TRUE,"SG","Mörschwil","Mörschwil","Mörschwil","Mörschwil SG","Mörschwil (SG)","Mörschwil (SG)","St. Gallen","Saint-Gall","San Gallo",58.897777686,FALSE,FALSE
17,3215,51.685393258,966,903,45.404367651,1892,4167,1869,TRUE,"SG","Rorschach","Rorschach","Rorschach","Rorschach SG","Rorschach (SG)","Rorschach (SG)","St. Gallen","Saint-Gall","San Gallo",58.897777686,FALSE,FALSE
17,3216,59.281925745,1453,998,56.040723982,2477,4420,2451,TRUE,"SG","Rorschacherberg","Rorschacherberg","Rorschacherberg","Rorschacherberg SG","Rorschacherberg (SG)","Rorschacherberg (SG)","St. Gallen","Saint-Gall","San Gallo",58.897777686,FALSE,FALSE
17,3217,60.7907743,738,476,56.113138686,1230,2192,1214,TRUE,"SG","Steinach","Steinach","Steinach","Steinach SG","Steinach (SG)","Steinach (SG)","St. Gallen","Saint-Gall","San Gallo",58.897777686,FALSE,FALSE
17,3218,63.622291022,411,235,60.597572362,649,1071,646,TRUE,"SG","Tübach","Tübach","Tübach","Tübach SG","Tübach (SG)","Tübach (SG)","St. Gallen","Saint-Gall","San Gallo",58.897777686,FALSE,FALSE
17,3219,62.474226804,303,182,67.031463748,490,731,485,TRUE,"SG","Untereggen","Untereggen","Untereggen","Untereggen SG","Untereggen (SG)","Untereggen (SG)","St. Gallen","Saint-Gall","San Gallo",58.897777686,FALSE,FALSE
17,3231,61.551798873,1420,887,53.548534799,2339,4368,2307,TRUE,"SG","Au SG","Au (SG)","Au SG","Au SG","Au (SG)","Au (SG)","St. Gallen","Saint-Gall","San Gallo",58.897777686,FALSE,FALSE
17,3232,59.492988134,1103,751,58.72715816,1864,3174,1854,TRUE,"SG","Balgach","Balgach","Balgach","Balgach SG","Balgach (SG)","Balgach (SG)","St. Gallen","Saint-Gall","San Gallo",58.897777686,FALSE,FALSE
17,3233,62.483660131,956,574,60.257913247,1542,2559,1530,TRUE,"SG","Berneck","Berneck","Berneck","Berneck SG","Berneck (SG)","Berneck (SG)","St. Gallen","Saint-Gall","San Gallo",58.897777686,FALSE,FALSE
17,3234,63.050440352,1575,923,61.848862803,2529,4089,2498,TRUE,"SG","Diepoldsau","Diepoldsau","Diepoldsau","Diepoldsau SG","Diepoldsau (SG)","Diepoldsau (SG)","St. Gallen","Saint-Gall","San Gallo",58.897777686,FALSE,FALSE
17,3235,60.78639745,572,369,50.426894344,945,1874,941,TRUE,"SG","Rheineck","Rheineck","Rheineck","Rheineck SG","Rheineck (SG)","Rheineck (SG)","St. Gallen","Saint-Gall","San Gallo",58.897777686,FALSE,FALSE
17,3236,63.665086888,806,460,49.592549476,1278,2577,1266,TRUE,"SG","St. Margrethen","St. Margrethen","St. Margrethen","St. Margrethen SG","St. Margrethen (SG)","St. Margrethen (SG)","St. Gallen","Saint-Gall","San Gallo",58.897777686,FALSE,FALSE
17,3237,61.299000769,1595,1007,58.977807666,2631,4461,2602,TRUE,"SG","Thal","Thal","Thal","Thal SG","Thal (SG)","Thal (SG)","St. Gallen","Saint-Gall","San Gallo",58.897777686,FALSE,FALSE
17,3238,60.658082976,2120,1375,58.892031276,3540,6011,3495,TRUE,"SG","Widnau","Widnau","Widnau","Widnau SG","Widnau (SG)","Widnau (SG)","St. Gallen","Saint-Gall","San Gallo",58.897777686,FALSE,FALSE
17,3251,61.090136857,2589,1649,58.783228282,4290,7298,4238,TRUE,"SG","Altstätten","Altstätten","Altstätten","Altstätten SG","Altstätten (SG)","Altstätten (SG)","St. Gallen","Saint-Gall","San Gallo",58.897777686,FALSE,FALSE
17,3252,64.723467862,433,236,64.660936008,677,1047,669,TRUE,"SG","Eichberg","Eichberg","Eichberg","Eichberg SG","Eichberg (SG)","Eichberg (SG)","St. Gallen","Saint-Gall","San Gallo",58.897777686,FALSE,FALSE
17,3253,60.549313358,485,316,59.471365639,810,1362,801,TRUE,"SG","Marbach SG","Marbach (SG)","Marbach SG","Marbach SG","Marbach (SG)","Marbach (SG)","St. Gallen","Saint-Gall","San Gallo",58.897777686,FALSE,FALSE
17,3254,66.966119097,2609,1287,64.337152209,3931,6110,3896,TRUE,"SG","Oberriet SG","Oberriet (SG)","Oberriet SG","Oberriet SG","Oberriet (SG)","Oberriet (SG)","St. Gallen","Saint-Gall","San Gallo",58.897777686,FALSE,FALSE
17,3255,59.431345354,857,585,53.648698203,1463,2727,1442,TRUE,"SG","Rebstein","Rebstein","Rebstein","Rebstein SG","Rebstein (SG)","Rebstein (SG)","St. Gallen","Saint-Gall","San Gallo",58.897777686,FALSE,FALSE
17,3256,65.753424658,624,325,63.946488294,956,1495,949,TRUE,"SG","Rüthi SG","Rüthi (SG)","Rüthi SG","Rüthi SG","Rüthi (SG)","Rüthi (SG)","St. Gallen","Saint-Gall","San Gallo",58.897777686,FALSE,FALSE
17,3271,55.196241017,1997,1621,57.471264368,3650,6351,3618,TRUE,"SG","Buchs SG","Buchs (SG)","Buchs SG","Buchs SG","Buchs (SG)","Buchs (SG)","St. Gallen","Saint-Gall","San Gallo",58.897777686,FALSE,FALSE
17,3272,63.218390805,880,512,63.595097594,1401,2203,1392,TRUE,"SG","Gams","Gams","Gams","Gams SG","Gams (SG)","Gams (SG)","St. Gallen","Saint-Gall","San Gallo",58.897777686,FALSE,FALSE
17,3273,57.779300891,1686,1232,62.997858672,2942,4670,2918,TRUE,"SG","Grabs","Grabs","Grabs","Grabs SG","Grabs (SG)","Grabs (SG)","St. Gallen","Saint-Gall","San Gallo",58.897777686,FALSE,FALSE
17,3274,60.75,1215,785,60.296735905,2032,3370,2000,TRUE,"SG","Sennwald","Sennwald","Sennwald","Sennwald SG","Sennwald (SG)","Sennwald (SG)","St. Gallen","Saint-Gall","San Gallo",58.897777686,FALSE,FALSE
17,3275,58.151815182,881,634,58.604829437,1529,2609,1515,TRUE,"SG","Sevelen","Sevelen","Sevelen","Sevelen SG","Sevelen (SG)","Sevelen (SG)","St. Gallen","Saint-Gall","San Gallo",58.897777686,FALSE,FALSE
17,3276,62.367392518,1117,674,59.141914191,1792,3030,1791,TRUE,"SG","Wartau","Wartau","Wartau","Wartau SG","Wartau (SG)","Wartau (SG)","St. Gallen","Saint-Gall","San Gallo",58.897777686,FALSE,FALSE
17,3291,61.129991504,1439,915,60.333923602,2385,3953,2354,TRUE,"SG","Bad Ragaz","Bad Ragaz","Bad Ragaz","Bad Ragaz SG","Bad Ragaz (SG)","Bad Ragaz (SG)","St. Gallen","Saint-Gall","San Gallo",58.897777686,FALSE,FALSE
17,3292,60.19517206,1172,775,58.735837806,1970,3354,1947,TRUE,"SG","Flums","Flums","Flums","Flums SG","Flums (SG)","Flums (SG)","St. Gallen","Saint-Gall","San Gallo",58.897777686,FALSE,FALSE
17,3293,62.699680511,2355,1401,61.31280389,3783,6170,3756,TRUE,"SG","Mels","Mels","Mels","Mels SG","Mels (SG)","Mels (SG)","St. Gallen","Saint-Gall","San Gallo",58.897777686,FALSE,FALSE
17,3294,61.413843888,417,262,60.1404741,685,1139,679,TRUE,"SG","Pfäfers","Pfäfers","Pfäfers","Pfäfers SG","Pfäfers (SG)","Pfäfers (SG)","St. Gallen","Saint-Gall","San Gallo",58.897777686,FALSE,FALSE
17,3295,60.292983809,782,515,63.188405797,1308,2070,1297,TRUE,"SG","Quarten","Quarten","Quarten","Quarten SG","Quarten (SG)","Quarten (SG)","St. Gallen","Saint-Gall","San Gallo",58.897777686,FALSE,FALSE
17,3296,55.434782609,1224,984,59.461620469,2231,3752,2208,TRUE,"SG","Sargans","Sargans","Sargans","Sargans SG","Sargans (SG)","Sargans (SG)","St. Gallen","Saint-Gall","San Gallo",58.897777686,FALSE,FALSE
17,3297,62.85452882,1374,812,63.968668407,2205,3447,2186,TRUE,"SG","Vilters-Wangs","Vilters-Wangs","Vilters-Wangs","Vilters-Wangs SG","Vilters-Wangs (SG)","Vilters-Wangs (SG)","St. Gallen","Saint-Gall","San Gallo",58.897777686,FALSE,FALSE
17,3298,57.258753202,1341,1001,59.909228442,2376,3966,2342,TRUE,"SG","Walenstadt","Walenstadt","Walenstadt","Walenstadt SG","Walenstadt (SG)","Walenstadt (SG)","St. Gallen","Saint-Gall","San Gallo",58.897777686,FALSE,FALSE
17,3311,62.663755459,574,342,65.933286018,929,1409,916,TRUE,"SG","Amden","Amden","Amden","Amden SG","Amden (SG)","Amden (SG)","St. Gallen","Saint-Gall","San Gallo",58.897777686,FALSE,FALSE
17,3312,64.809160305,849,461,62.855787476,1325,2108,1310,TRUE,"SG","Benken SG","Benken (SG)","Benken SG","Benken SG","Benken (SG)","Benken (SG)","St. Gallen","Saint-Gall","San Gallo",58.897777686,FALSE,FALSE
17,3313,62.191358025,1209,735,59.7509113,1967,3292,1944,TRUE,"SG","Kaltbrunn","Kaltbrunn","Kaltbrunn","Kaltbrunn SG","Kaltbrunn (SG)","Kaltbrunn (SG)","St. Gallen","Saint-Gall","San Gallo",58.897777686,FALSE,FALSE
17,3315,60.887573964,1029,661,62.509117433,1714,2742,1690,TRUE,"SG","Schänis","Schänis","Schänis","Schänis SG","Schänis (SG)","Schänis (SG)","St. Gallen","Saint-Gall","San Gallo",58.897777686,FALSE,FALSE
17,3316,58.156911582,467,336,61.86504928,816,1319,803,TRUE,"SG","Weesen","Weesen","Weesen","Weesen SG","Weesen (SG)","Weesen (SG)","St. Gallen","Saint-Gall","San Gallo",58.897777686,FALSE,FALSE
17,3338,62.10106383,934,570,62.203112203,1519,2442,1504,TRUE,"SG","Schmerikon","Schmerikon","Schmerikon","Schmerikon SG","Schmerikon (SG)","Schmerikon (SG)","St. Gallen","Saint-Gall","San Gallo",58.897777686,FALSE,FALSE
17,3339,59.270787016,1333,916,57.948197054,2282,3938,2249,TRUE,"SG","Uznach","Uznach","Uznach","Uznach SG","Uznach (SG)","Uznach (SG)","St. Gallen","Saint-Gall","San Gallo",58.897777686,FALSE,FALSE
17,3340,54.211277659,6076,5132,60.444864128,11522,19062,11208,TRUE,"SG","Rapperswil-Jona","Rapperswil-Jona","Rapperswil-Jona","Rapperswil-Jona SG","Rapperswil-Jona (SG)","Rapperswil-Jona (SG)","St. Gallen","Saint-Gall","San Gallo",58.897777686,FALSE,FALSE
17,3341,64.769647696,1673,910,65.330661323,2608,3992,2583,TRUE,"SG","Gommiswald","Gommiswald","Gommiswald","Gommiswald SG","Gommiswald (SG)","Gommiswald (SG)","St. Gallen","Saint-Gall","San Gallo",58.897777686,FALSE,FALSE
17,3342,62.839879154,2704,1599,63.779527559,4374,6858,4303,TRUE,"SG","Eschenbach SG","Eschenbach (SG)","Eschenbach SG","Eschenbach SG","Eschenbach (SG)","Eschenbach (SG)","St. Gallen","Saint-Gall","San Gallo",58.897777686,FALSE,FALSE
17,3352,57.772727273,1271,929,62.085308057,2227,3587,2200,TRUE,"SG","Ebnat-Kappel","Ebnat-Kappel","Ebnat-Kappel","Ebnat-Kappel SG","Ebnat-Kappel (SG)","Ebnat-Kappel (SG)","St. Gallen","Saint-Gall","San Gallo",58.897777686,FALSE,FALSE
17,3359,67.29663106,819,398,70.016939582,1240,1771,1217,TRUE,"SG","Wildhaus-Alt St. Johann","Wildhaus-Alt St. Johann","Wildhaus-Alt St. Johann","Wildhaus-Alt St. Johann SG","Wildhaus-Alt St. Johann (SG)","Wildhaus-Alt St. Johann (SG)","St. Gallen","Saint-Gall","San Gallo",58.897777686,FALSE,FALSE
17,3360,65.877820583,1197,620,63.945814519,1841,2879,1817,TRUE,"SG","Nesslau","Nesslau","Nesslau","Nesslau SG","Nesslau (SG)","Nesslau (SG)","St. Gallen","Saint-Gall","San Gallo",58.897777686,FALSE,FALSE
17,3374,54.256670902,427,360,57.359307359,795,1386,787,TRUE,"SG","Lichtensteig","Lichtensteig","Lichtensteig","Lichtensteig SG","Lichtensteig (SG)","Lichtensteig (SG)","St. Gallen","Saint-Gall","San Gallo",58.897777686,FALSE,FALSE
17,3379,58.03237858,1864,1348,58.604483008,3242,5532,3212,TRUE,"SG","Wattwil","Wattwil","Wattwil","Wattwil SG","Wattwil (SG)","Wattwil (SG)","St. Gallen","Saint-Gall","San Gallo",58.897777686,FALSE,FALSE
17,3392,63.453815261,2054,1183,61.213818861,3278,5355,3237,TRUE,"SG","Kirchberg SG","Kirchberg (SG)","Kirchberg SG","Kirchberg SG","Kirchberg (SG)","Kirchberg (SG)","St. Gallen","Saint-Gall","San Gallo",58.897777686,FALSE,FALSE
17,3393,66.618705036,463,232,69.147894221,706,1021,695,TRUE,"SG","Lütisburg","Lütisburg","Lütisburg","Lütisburg SG","Lütisburg (SG)","Lütisburg (SG)","St. Gallen","Saint-Gall","San Gallo",58.897777686,FALSE,FALSE
17,3394,57.931034483,840,610,68.113912232,1459,2142,1450,TRUE,"SG","Mosnang","Mosnang","Mosnang","Mosnang SG","Mosnang (SG)","Mosnang (SG)","St. Gallen","Saint-Gall","San Gallo",58.897777686,FALSE,FALSE
17,3395,66.855256954,1418,703,60.490693739,2145,3546,2121,TRUE,"SG","Bütschwil-Ganterschwil","Bütschwil-Ganterschwil","Bütschwil-Ganterschwil","Bütschwil-Ganterschwil SG","Bütschwil-Ganterschwil (SG)","Bütschwil-Ganterschwil (SG)","St. Gallen","Saint-Gall","San Gallo",58.897777686,FALSE,FALSE
17,3396,62.338593974,1738,1050,62.735118389,2835,4519,2788,TRUE,"SG","Neckertal","Neckertal","Neckertal","Neckertal SG","Neckertal (SG)","Neckertal (SG)","St. Gallen","Saint-Gall","San Gallo",58.897777686,FALSE,FALSE
17,3401,53.355932203,787,688,56,1498,2675,1475,TRUE,"SG","Degersheim","Degersheim","Degersheim","Degersheim SG","Degersheim (SG)","Degersheim (SG)","St. Gallen","Saint-Gall","San Gallo",58.897777686,FALSE,FALSE
17,3402,58.167803143,1962,1411,56.871564218,3414,6003,3373,TRUE,"SG","Flawil","Flawil","Flawil","Flawil SG","Flawil (SG)","Flawil (SG)","St. Gallen","Saint-Gall","San Gallo",58.897777686,FALSE,FALSE
17,3405,62.052505967,1040,636,63.660179641,1701,2672,1676,TRUE,"SG","Jonschwil","Jonschwil","Jonschwil","Jonschwil SG","Jonschwil (SG)","Jonschwil (SG)","St. Gallen","Saint-Gall","San Gallo",58.897777686,FALSE,FALSE
17,3407,62.156621566,1516,923,58.705994291,2468,4204,2439,TRUE,"SG","Oberuzwil","Oberuzwil","Oberuzwil","Oberuzwil SG","Oberuzwil (SG)","Oberuzwil (SG)","St. Gallen","Saint-Gall","San Gallo",58.897777686,FALSE,FALSE
17,3408,60.461397899,2647,1731,54.686729156,4434,8108,4378,TRUE,"SG","Uzwil","Uzwil","Uzwil","Uzwil SG","Uzwil (SG)","Uzwil (SG)","St. Gallen","Saint-Gall","San Gallo",58.897777686,FALSE,FALSE
17,3422,68.784530387,498,226,67.157313707,730,1087,724,TRUE,"SG","Niederbüren","Niederbüren","Niederbüren","Niederbüren SG","Niederbüren (SG)","Niederbüren (SG)","St. Gallen","Saint-Gall","San Gallo",58.897777686,FALSE,FALSE
17,3423,66.20093147,995,508,65.619621343,1525,2324,1503,TRUE,"SG","Niederhelfenschwil","Niederhelfenschwil","Niederhelfenschwil","Niederhelfenschwil SG","Niederhelfenschwil (SG)","Niederhelfenschwil (SG)","St. Gallen","Saint-Gall","San Gallo",58.897777686,FALSE,FALSE
17,3424,66.790648247,1257,625,58.841746671,1900,3229,1882,TRUE,"SG","Oberbüren","Oberbüren","Oberbüren","Oberbüren SG","Oberbüren (SG)","Oberbüren (SG)","St. Gallen","Saint-Gall","San Gallo",58.897777686,FALSE,FALSE
17,3426,67.013888889,1544,760,66.390870185,2327,3505,2304,TRUE,"SG","Zuzwil SG","Zuzwil (SG)","Zuzwil SG","Zuzwil SG","Zuzwil (SG)","Zuzwil (SG)","St. Gallen","Saint-Gall","San Gallo",58.897777686,FALSE,FALSE
17,3427,58.692528736,4902,3450,58.965421082,8458,14344,8352,TRUE,"SG","Wil SG","Wil (SG)","Wil SG","Wil SG","Wil (SG)","Wil (SG)","St. Gallen","Saint-Gall","San Gallo",58.897777686,FALSE,FALSE
17,3441,68.647540984,670,306,64.183006536,982,1530,976,TRUE,"SG","Andwil SG","Andwil (SG)","Andwil SG","Andwil SG","Andwil (SG)","Andwil (SG)","St. Gallen","Saint-Gall","San Gallo",58.897777686,FALSE,FALSE
17,3442,62.570281124,2337,1398,63.534150025,3786,5959,3735,TRUE,"SG","Gaiserwald","Gaiserwald","Gaiserwald","Gaiserwald SG","Gaiserwald (SG)","Gaiserwald (SG)","St. Gallen","Saint-Gall","San Gallo",58.897777686,FALSE,FALSE
17,3443,63.591727422,4274,2447,57.315017698,6801,11866,6721,TRUE,"SG","Gossau SG","Gossau (SG)","Gossau SG","Gossau SG","Gossau (SG)","Gossau (SG)","St. Gallen","Saint-Gall","San Gallo",58.897777686,FALSE,FALSE
17,3444,67.948717949,1060,500,63.181089744,1577,2496,1560,TRUE,"SG","Waldkirch","Waldkirch","Waldkirch","Waldkirch SG","Waldkirch (SG)","Waldkirch (SG)","St. Gallen","Saint-Gall","San Gallo",58.897777686,FALSE,FALSE
18,3506,61.908856406,720,443,65.193965517,1210,1856,1163,TRUE,"GR","Vaz/Obervaz","Vaz/Obervaz","Vaz/Obervaz","Vaz/Obervaz GR","Vaz/Obervaz (GR)","Vaz/Obervaz (GR)","Graubünden","Grisons","Grigioni",59.277105449,FALSE,FALSE
18,3513,64.406779661,152,84,61.868686869,245,396,236,TRUE,"GR","Lantsch/Lenz","Lantsch/Lenz","Lantsch/Lenz","Lantsch/Lenz GR","Lantsch/Lenz (GR)","Lantsch/Lenz (GR)","Graubünden","Grisons","Grigioni",59.277105449,FALSE,FALSE
18,3514,79.069767442,68,18,54.375,87,160,86,TRUE,"GR","Schmitten GR","Schmitten (GR)","Schmitten GR","Schmitten GR","Schmitten (GR)","Schmitten (GR)","Graubünden","Grisons","Grigioni",59.277105449,FALSE,FALSE
18,3542,60.644007156,339,220,59.029927761,572,969,559,TRUE,"GR","Albula/Alvra","Albula/Alvra","Albula/Alvra","Albula/Alvra GR","Albula/Alvra (GR)","Albula/Alvra (GR)","Graubünden","Grisons","Grigioni",59.277105449,FALSE,FALSE
18,3543,60.483870968,600,392,56.332599119,1023,1816,992,TRUE,"GR","Surses","Surses","Surses","Surses GR","Surses (GR)","Surses (GR)","Graubünden","Grisons","Grigioni",59.277105449,FALSE,FALSE
18,3544,56.292906178,246,191,67.119155354,445,663,437,TRUE,"GR","Bergün Filisur","Bergün Filisur","Bergün Filisur","Bergün Filisur GR","Bergün Filisur (GR)","Bergün Filisur (GR)","Graubünden","Grisons","Grigioni",59.277105449,FALSE,FALSE
18,3551,55.217391304,254,206,52.874859076,469,887,460,TRUE,"GR","Brusio","Brusio","Brusio","Brusio GR","Brusio (GR)","Brusio (GR)","Graubünden","Grisons","Grigioni",59.277105449,FALSE,FALSE
18,3561,64.211886305,994,554,55.89779489,1597,2857,1548,TRUE,"GR","Poschiavo","Poschiavo","Poschiavo","Poschiavo GR","Poschiavo (GR)","Poschiavo (GR)","Graubünden","Grisons","Grigioni",59.277105449,FALSE,FALSE
18,3572,60.923076923,198,127,66.067864271,331,501,325,TRUE,"GR","Falera","Falera","Falera","Falera GR","Falera (GR)","Falera (GR)","Graubünden","Grisons","Grigioni",59.277105449,FALSE,FALSE
18,3575,65.532879819,578,304,62.868908717,916,1457,882,TRUE,"GR","Laax","Laax","Laax","Laax GR","Laax (GR)","Laax (GR)","Graubünden","Grisons","Grigioni",59.277105449,FALSE,FALSE
18,3581,52.463768116,181,164,59.052453469,349,591,345,TRUE,"GR","Sagogn","Sagogn","Sagogn","Sagogn GR","Sagogn (GR)","Sagogn (GR)","Graubünden","Grisons","Grigioni",59.277105449,FALSE,FALSE
18,3582,63.235294118,129,75,50.490196078,206,408,204,TRUE,"GR","Schluein","Schluein","Schluein","Schluein GR","Schluein (GR)","Schluein (GR)","Graubünden","Grisons","Grigioni",59.277105449,FALSE,FALSE
18,3603,68.105515588,284,133,61.897810219,424,685,417,TRUE,"GR","Vals","Vals","Vals","Vals GR","Vals (GR)","Vals (GR)","Graubünden","Grisons","Grigioni",59.277105449,FALSE,FALSE
18,3618,64.446721311,629,347,58.765288294,1009,1717,976,TRUE,"GR","Lumnezia","Lumnezia","Lumnezia","Lumnezia GR","Lumnezia (GR)","Lumnezia (GR)","Graubünden","Grisons","Grigioni",59.277105449,FALSE,FALSE
18,3619,57.523029683,1124,830,56.192080876,2001,3561,1954,TRUE,"GR","Ilanz/Glion","Ilanz/Glion","Ilanz/Glion","Ilanz/Glion GR","Ilanz/Glion (GR)","Ilanz/Glion (GR)","Graubünden","Grisons","Grigioni",59.277105449,FALSE,FALSE
18,3633,58.682634731,98,69,65.671641791,176,268,167,TRUE,"GR","Fürstenau","Fürstenau","Fürstenau","Fürstenau GR","Fürstenau (GR)","Fürstenau (GR)","Graubünden","Grisons","Grigioni",59.277105449,FALSE,FALSE
18,3637,62.5,90,54,59.274193548,147,248,144,TRUE,"GR","Rothenbrunnen","Rothenbrunnen","Rothenbrunnen","Rothenbrunnen GR","Rothenbrunnen (GR)","Rothenbrunnen (GR)","Graubünden","Grisons","Grigioni",59.277105449,FALSE,FALSE
18,3638,52.696078431,215,193,61.526946108,411,668,408,TRUE,"GR","Scharans","Scharans","Scharans","Scharans GR","Scharans (GR)","Scharans (GR)","Graubünden","Grisons","Grigioni",59.277105449,FALSE,FALSE
18,3640,61.679790026,235,146,57.589285714,387,672,381,TRUE,"GR","Sils im Domleschg","Sils im Domleschg","Sils im Domleschg","Sils im Domleschg GR","Sils im Domleschg (GR)","Sils im Domleschg (GR)","Graubünden","Grisons","Grigioni",59.277105449,FALSE,FALSE
18,3661,55.245535714,495,401,50.720620843,915,1804,896,TRUE,"GR","Cazis","Cazis","Cazis","Cazis GR","Cazis (GR)","Cazis (GR)","Graubünden","Grisons","Grigioni",59.277105449,FALSE,FALSE
18,3662,54.961832061,72,59,65.365853659,134,205,131,TRUE,"GR","Flerden","Flerden","Flerden","Flerden GR","Flerden (GR)","Flerden (GR)","Graubünden","Grisons","Grigioni",59.277105449,FALSE,FALSE
18,3663,45,108,132,57.756563246,242,419,240,TRUE,"GR","Masein","Masein","Masein","Masein GR","Masein (GR)","Masein (GR)","Graubünden","Grisons","Grigioni",59.277105449,FALSE,FALSE
18,3668,59.639233371,529,358,46.034136546,917,1992,887,TRUE,"GR","Thusis","Thusis","Thusis","Thusis GR","Thusis (GR)","Thusis (GR)","Graubünden","Grisons","Grigioni",59.277105449,FALSE,FALSE
18,3669,51.351351351,38,36,63.333333333,76,120,74,TRUE,"GR","Tschappina","Tschappina","Tschappina","Tschappina GR","Tschappina (GR)","Tschappina (GR)","Graubünden","Grisons","Grigioni",59.277105449,FALSE,FALSE
18,3670,59.405940594,60,41,79.389312977,104,131,101,TRUE,"GR","Urmein","Urmein","Urmein","Urmein GR","Urmein (GR)","Urmein (GR)","Graubünden","Grisons","Grigioni",59.277105449,FALSE,FALSE
18,3672,60.362173038,300,197,63.916256158,519,812,497,TRUE,"GR","Safiental","Safiental","Safiental","Safiental GR","Safiental (GR)","Safiental (GR)","Graubünden","Grisons","Grigioni",59.277105449,FALSE,FALSE
18,3673,53.946146704,581,496,64.982373678,1106,1702,1077,TRUE,"GR","Domleschg","Domleschg","Domleschg","Domleschg GR","Domleschg (GR)","Domleschg (GR)","Graubünden","Grisons","Grigioni",59.277105449,FALSE,FALSE
18,3681,60,57,38,74.21875,95,128,95,TRUE,"GR","Avers","Avers","Avers","Avers GR","Avers (GR)","Avers (GR)","Graubünden","Grisons","Grigioni",59.277105449,FALSE,FALSE
18,3695,68.35443038,54,25,75.238095238,79,105,79,TRUE,"GR","Sufers","Sufers","Sufers","Sufers GR","Sufers (GR)","Sufers (GR)","Graubünden","Grisons","Grigioni",59.277105449,FALSE,FALSE
18,3701,58.994708995,223,155,59.208523592,389,657,378,TRUE,"GR","Andeer","Andeer","Andeer","Andeer GR","Andeer (GR)","Andeer (GR)","Graubünden","Grisons","Grigioni",59.277105449,FALSE,FALSE
18,3711,62.962962963,17,10,65.853658537,27,41,27,TRUE,"GR","Rongellen","Rongellen","Rongellen","Rongellen GR","Rongellen (GR)","Rongellen (GR)","Graubünden","Grisons","Grigioni",59.277105449,FALSE,FALSE
18,3712,60.732984293,116,75,65.886287625,197,299,191,TRUE,"GR","Zillis-Reischen","Zillis-Reischen","Zillis-Reischen","Zillis-Reischen GR","Zillis-Reischen (GR)","Zillis-Reischen (GR)","Graubünden","Grisons","Grigioni",59.277105449,FALSE,FALSE
18,3713,58.823529412,20,14,69.811320755,37,53,34,TRUE,"GR","Ferrera","Ferrera","Ferrera","Ferrera GR","Ferrera (GR)","Ferrera (GR)","Graubünden","Grisons","Grigioni",59.277105449,FALSE,FALSE
18,3714,65.161290323,202,108,67.299578059,319,474,310,TRUE,"GR","Rheinwald","Rheinwald","Rheinwald","Rheinwald GR","Rheinwald (GR)","Rheinwald (GR)","Graubünden","Grisons","Grigioni",59.277105449,FALSE,FALSE
18,3715,57.281553398,118,88,70.198675497,212,302,206,TRUE,"GR","Muntogna da Schons","Muntogna da Schons","Muntogna da Schons","Muntogna da Schons GR","Muntogna da Schons (GR)","Muntogna da Schons (GR)","Graubünden","Grisons","Grigioni",59.277105449,FALSE,FALSE
18,3721,58.439716312,824,586,57.959507741,1460,2519,1410,TRUE,"GR","Bonaduz","Bonaduz","Bonaduz","Bonaduz GR","Bonaduz (GR)","Bonaduz (GR)","Graubünden","Grisons","Grigioni",59.277105449,FALSE,FALSE
18,3722,58.530897785,1506,1067,50.113895216,2640,5268,2573,TRUE,"GR","Domat/Ems","Domat/Ems","Domat/Ems","Domat/Ems GR","Domat/Ems (GR)","Domat/Ems (GR)","Graubünden","Grisons","Grigioni",59.277105449,FALSE,FALSE
18,3723,55.348047538,326,263,56.308851224,598,1062,589,TRUE,"GR","Rhäzüns","Rhäzüns","Rhäzüns","Rhäzüns GR","Rhäzüns (GR)","Rhäzüns (GR)","Graubünden","Grisons","Grigioni",59.277105449,FALSE,FALSE
18,3731,58.703374778,661,465,58.883768561,1150,1953,1126,TRUE,"GR","Felsberg","Felsberg","Felsberg","Felsberg GR","Felsberg (GR)","Felsberg (GR)","Graubünden","Grisons","Grigioni",59.277105449,FALSE,FALSE
18,3732,61.298274445,746,471,62.156764853,1245,2003,1217,TRUE,"GR","Flims","Flims","Flims","Flims GR","Flims (GR)","Flims (GR)","Graubünden","Grisons","Grigioni",59.277105449,FALSE,FALSE
18,3733,57.786885246,282,206,57.765363128,517,895,488,TRUE,"GR","Tamins","Tamins","Tamins","Tamins GR","Tamins (GR)","Tamins (GR)","Graubünden","Grisons","Grigioni",59.277105449,FALSE,FALSE
18,3734,53.566621803,398,345,66.755083996,755,1131,743,TRUE,"GR","Trin","Trin","Trin","Trin GR","Trin (GR)","Trin (GR)","Graubünden","Grisons","Grigioni",59.277105449,FALSE,FALSE
18,3746,60.784313725,434,280,66.155234657,733,1108,714,TRUE,"GR","Zernez","Zernez","Zernez","Zernez GR","Zernez (GR)","Zernez (GR)","Graubünden","Grisons","Grigioni",59.277105449,FALSE,FALSE
18,3752,70.342205323,185,78,55.693581781,269,483,263,TRUE,"GR","Samnaun","Samnaun","Samnaun","Samnaun GR","Samnaun (GR)","Samnaun (GR)","Graubünden","Grisons","Grigioni",59.277105449,FALSE,FALSE
18,3762,54.540451293,991,826,58.84375,1883,3200,1817,TRUE,"GR","Scuol","Scuol","Scuol","Scuol GR","Scuol (GR)","Scuol (GR)","Graubünden","Grisons","Grigioni",59.277105449,FALSE,FALSE
18,3764,61.154855643,233,148,55.84045584,392,702,381,TRUE,"GR","Valsot","Valsot","Valsot","Valsot GR","Valsot (GR)","Valsot (GR)","Graubünden","Grisons","Grigioni",59.277105449,FALSE,FALSE
18,3781,57.190635452,171,128,66.230936819,304,459,299,TRUE,"GR","Bever","Bever","Bever","Bever GR","Bever (GR)","Bever (GR)","Graubünden","Grisons","Grigioni",59.277105449,FALSE,FALSE
18,3782,65.900383142,344,178,58.279569892,542,930,522,TRUE,"GR","Celerina/Schlarigna","Celerina/Schlarigna","Celerina/Schlarigna","Celerina/Schlarigna GR","Celerina/Schlarigna (GR)","Celerina/Schlarigna (GR)","Graubünden","Grisons","Grigioni",59.277105449,FALSE,FALSE
18,3783,66.666666667,64,32,63.39869281,97,153,96,TRUE,"GR","Madulain","Madulain","Madulain","Madulain GR","Madulain (GR)","Madulain (GR)","Graubünden","Grisons","Grigioni",59.277105449,FALSE,FALSE
18,3784,64.563758389,481,264,60.383386581,756,1252,745,TRUE,"GR","Pontresina","Pontresina","Pontresina","Pontresina GR","Pontresina (GR)","Pontresina (GR)","Graubünden","Grisons","Grigioni",59.277105449,FALSE,FALSE
18,3785,67.415730337,180,87,52.34521576,279,533,267,TRUE,"GR","La Punt-Chamues-ch","La Punt-Chamues-ch","La Punt-Chamues-ch","La Punt-Chamues-ch GR","La Punt-Chamues-ch (GR)","La Punt-Chamues-ch (GR)","Graubünden","Grisons","Grigioni",59.277105449,FALSE,FALSE
18,3786,62.232142857,697,423,58.853633572,1150,1954,1120,TRUE,"GR","Samedan","Samedan","Samedan","Samedan GR","Samedan (GR)","Samedan (GR)","Graubünden","Grisons","Grigioni",59.277105449,FALSE,FALSE
18,3787,62.919254658,1013,597,64.641744548,1660,2568,1610,TRUE,"GR","St. Moritz","St. Moritz","St. Moritz","St. Moritz GR","St. Moritz (GR)","St. Moritz (GR)","Graubünden","Grisons","Grigioni",59.277105449,FALSE,FALSE
18,3788,63.986013986,183,103,57.281553398,295,515,286,TRUE,"GR","S-chanf","S-chanf","S-chanf","S-chanf GR","S-chanf (GR)","S-chanf (GR)","Graubünden","Grisons","Grigioni",59.277105449,FALSE,FALSE
18,3789,61.176470588,156,99,59.860788863,258,431,255,TRUE,"GR","Sils im Engadin/Segl","Sils im Engadin/Segl","Sils im Engadin/Segl","Sils im Engadin/Segl GR","Sils im Engadin/Segl (GR)","Sils im Engadin/Segl (GR)","Graubünden","Grisons","Grigioni",59.277105449,FALSE,FALSE
18,3790,63.48773842,233,134,55.982274742,379,677,367,TRUE,"GR","Silvaplana","Silvaplana","Silvaplana","Silvaplana GR","Silvaplana (GR)","Silvaplana (GR)","Graubünden","Grisons","Grigioni",59.277105449,FALSE,FALSE
18,3791,65.681818182,289,151,60.162601626,444,738,440,TRUE,"GR","Zuoz","Zuoz","Zuoz","Zuoz GR","Zuoz (GR)","Zuoz (GR)","Graubünden","Grisons","Grigioni",59.277105449,FALSE,FALSE
18,3792,63.780663781,442,251,57.255520505,726,1268,693,TRUE,"GR","Bregaglia","Bregaglia","Bregaglia","Bregaglia GR","Bregaglia (GR)","Bregaglia (GR)","Graubünden","Grisons","Grigioni",59.277105449,FALSE,FALSE
18,3804,71.428571429,50,20,80.434782609,74,92,70,TRUE,"GR","Buseno","Buseno","Buseno","Buseno GR","Buseno (GR)","Buseno (GR)","Graubünden","Grisons","Grigioni",59.277105449,FALSE,FALSE
18,3805,52.517985612,73,66,60.833333333,146,240,139,TRUE,"GR","Castaneda","Castaneda","Castaneda","Castaneda GR","Castaneda (GR)","Castaneda (GR)","Graubünden","Grisons","Grigioni",59.277105449,FALSE,FALSE
18,3808,52.459016393,64,58,63.235294118,129,204,122,TRUE,"GR","Rossa","Rossa","Rossa","Rossa GR","Rossa (GR)","Rossa (GR)","Graubünden","Grisons","Grigioni",59.277105449,FALSE,FALSE
18,3810,48.076923077,25,27,54.368932039,56,103,52,TRUE,"GR","Santa Maria in Calanca","Santa Maria in Calanca","Santa Maria in Calanca","Santa Maria in Calanca GR","Santa Maria in Calanca (GR)","Santa Maria in Calanca (GR)","Graubünden","Grisons","Grigioni",59.277105449,FALSE,FALSE
18,3821,55.987055016,173,136,53.594771242,328,612,309,TRUE,"GR","Lostallo","Lostallo","Lostallo","Lostallo GR","Lostallo (GR)","Lostallo (GR)","Graubünden","Grisons","Grigioni",59.277105449,FALSE,FALSE
18,3822,55.721393035,336,267,61.164122137,641,1048,603,TRUE,"GR","Mesocco","Mesocco","Mesocco","Mesocco GR","Mesocco (GR)","Mesocco (GR)","Graubünden","Grisons","Grigioni",59.277105449,FALSE,FALSE
18,3823,63.194444444,91,53,60.642570281,151,249,144,TRUE,"GR","Soazza","Soazza","Soazza","Soazza GR","Soazza (GR)","Soazza (GR)","Graubünden","Grisons","Grigioni",59.277105449,FALSE,FALSE
18,3831,59.296482412,118,81,47.30941704,211,446,199,TRUE,"GR","Cama","Cama","Cama","Cama GR","Cama (GR)","Cama (GR)","Graubünden","Grisons","Grigioni",59.277105449,FALSE,FALSE
18,3832,57.98816568,294,213,55.349794239,538,972,507,TRUE,"GR","Grono","Grono","Grono","Grono GR","Grono (GR)","Grono (GR)","Graubünden","Grisons","Grigioni",59.277105449,FALSE,FALSE
18,3834,55.481727575,501,402,56.059701493,939,1675,903,TRUE,"GR","Roveredo GR","Roveredo (GR)","Roveredo GR","Roveredo GR","Roveredo (GR)","Roveredo (GR)","Graubünden","Grisons","Grigioni",59.277105449,FALSE,FALSE
18,3835,61.06442577,218,139,60.161290323,373,620,357,TRUE,"GR","San Vittore","San Vittore","San Vittore","San Vittore GR","San Vittore (GR)","San Vittore (GR)","Graubünden","Grisons","Grigioni",59.277105449,FALSE,FALSE
18,3837,72.549019608,74,28,48.165137615,105,218,102,TRUE,"GR","Calanca","Calanca","Calanca","Calanca GR","Calanca (GR)","Calanca (GR)","Graubünden","Grisons","Grigioni",59.277105449,FALSE,FALSE
18,3847,60.428571429,423,277,57.469387755,704,1225,700,TRUE,"GR","Val Müstair","Val Müstair","Val Müstair","Val Müstair GR","Val Müstair (GR)","Val Müstair (GR)","Graubünden","Grisons","Grigioni",59.277105449,FALSE,FALSE
18,3851,60.625782228,2422,1573,61.489936918,4094,6658,3995,TRUE,"GR","Davos","Davos","Davos","Davos GR","Davos (GR)","Davos (GR)","Graubünden","Grisons","Grigioni",59.277105449,FALSE,FALSE
18,3861,53.068592058,147,130,59.498956159,285,479,277,TRUE,"GR","Fideris","Fideris","Fideris","Fideris GR","Fideris (GR)","Fideris (GR)","Graubünden","Grisons","Grigioni",59.277105449,FALSE,FALSE
18,3862,77.319587629,75,22,64.102564103,100,156,97,TRUE,"GR","Furna","Furna","Furna","Furna GR","Furna (GR)","Furna (GR)","Graubünden","Grisons","Grigioni",59.277105449,FALSE,FALSE
18,3863,57.083333333,274,206,55.741360089,500,897,480,TRUE,"GR","Jenaz","Jenaz","Jenaz","Jenaz GR","Jenaz (GR)","Jenaz (GR)","Graubünden","Grisons","Grigioni",59.277105449,FALSE,FALSE
18,3871,64.093448451,1262,707,62.480904369,2045,3273,1969,TRUE,"GR","Klosters-Serneus","Klosters-Serneus","Klosters-Serneus","Klosters-Serneus GR","Klosters-Serneus (GR)","Klosters-Serneus (GR)","Graubünden","Grisons","Grigioni",59.277105449,FALSE,FALSE
18,3881,60.185185185,65,43,56.544502618,108,191,108,TRUE,"GR","Conters im Prättigau","Conters im Prättigau","Conters im Prättigau","Conters im Prättigau GR","Conters im Prättigau (GR)","Conters im Prättigau (GR)","Graubünden","Grisons","Grigioni",59.277105449,FALSE,FALSE
18,3882,66.261398176,218,111,54.966887417,332,604,329,TRUE,"GR","Küblis","Küblis","Küblis","Küblis GR","Küblis (GR)","Küblis (GR)","Graubünden","Grisons","Grigioni",59.277105449,FALSE,FALSE
18,3891,56.394640682,463,358,62.876506024,835,1328,821,TRUE,"GR","Luzein","Luzein","Luzein","Luzein GR","Luzein (GR)","Luzein (GR)","Graubünden","Grisons","Grigioni",59.277105449,FALSE,FALSE
18,3901,53.757105227,7755,6671,56.01118712,14820,26459,14426,TRUE,"GR","Chur","Coire","Coira","Chur GR","Coire (GR)","Coira (GR)","Graubünden","Grisons","Grigioni",59.277105449,FALSE,FALSE
18,3911,58.127438231,447,322,58.456973294,788,1348,769,TRUE,"GR","Churwalden","Churwalden","Churwalden","Churwalden GR","Churwalden (GR)","Churwalden (GR)","Graubünden","Grisons","Grigioni",59.277105449,FALSE,FALSE
18,3921,59.983766234,739,493,59.208666981,1257,2123,1232,TRUE,"GR","Arosa","Arosa","Arosa","Arosa GR","Arosa (GR)","Arosa (GR)","Graubünden","Grisons","Grigioni",59.277105449,FALSE,FALSE
18,3945,61.750176429,875,542,58.112449799,1447,2490,1417,TRUE,"GR","Trimmis","Trimmis","Trimmis","Trimmis GR","Trimmis (GR)","Trimmis (GR)","Graubünden","Grisons","Grigioni",59.277105449,FALSE,FALSE
18,3946,61.306042885,629,397,53.424657534,1053,1971,1026,TRUE,"GR","Untervaz","Untervaz","Untervaz","Untervaz GR","Untervaz (GR)","Untervaz (GR)","Graubünden","Grisons","Grigioni",59.277105449,FALSE,FALSE
18,3947,61.554921541,863,539,53.949329359,1448,2684,1402,TRUE,"GR","Zizers","Zizers","Zizers","Zizers GR","Zizers (GR)","Zizers (GR)","Graubünden","Grisons","Grigioni",59.277105449,FALSE,FALSE
18,3951,70.689655172,287,119,63.554216867,422,664,406,TRUE,"GR","Fläsch","Fläsch","Fläsch","Fläsch GR","Fläsch (GR)","Fläsch (GR)","Graubünden","Grisons","Grigioni",59.277105449,FALSE,FALSE
18,3952,64.592274678,301,165,65.582655827,484,738,466,TRUE,"GR","Jenins","Jenins","Jenins","Jenins GR","Jenins (GR)","Jenins (GR)","Graubünden","Grisons","Grigioni",59.277105449,FALSE,FALSE
18,3953,63.874680307,999,565,62.919594067,1612,2562,1564,TRUE,"GR","Maienfeld","Maienfeld","Maienfeld","Maienfeld GR","Maienfeld (GR)","Maienfeld (GR)","Graubünden","Grisons","Grigioni",59.277105449,FALSE,FALSE
18,3954,55.2,690,560,66.597294485,1280,1922,1250,TRUE,"GR","Malans","Malans","Malans","Malans GR","Malans (GR)","Malans (GR)","Graubünden","Grisons","Grigioni",59.277105449,FALSE,FALSE
18,3955,61.188579017,1843,1169,52.283143779,3080,5891,3012,TRUE,"GR","Landquart","Landquart","Landquart","Landquart GR","Landquart (GR)","Landquart (GR)","Graubünden","Grisons","Grigioni",59.277105449,FALSE,FALSE
18,3961,61.584754263,614,383,59.554513482,1016,1706,997,TRUE,"GR","Grüsch","Grüsch","Grüsch","Grüsch GR","Grüsch (GR)","Grüsch (GR)","Graubünden","Grisons","Grigioni",59.277105449,FALSE,FALSE
18,3962,61.06870229,640,408,54.233870968,1076,1984,1048,TRUE,"GR","Schiers","Schiers","Schiers","Schiers GR","Schiers (GR)","Schiers (GR)","Graubünden","Grisons","Grigioni",59.277105449,FALSE,FALSE
18,3972,57.952755906,368,267,59.578368469,650,1091,635,TRUE,"GR","Seewis im Prättigau","Seewis im Prättigau","Seewis im Prättigau","Seewis im Prättigau GR","Seewis im Prättigau (GR)","Seewis im Prättigau (GR)","Graubünden","Grisons","Grigioni",59.277105449,FALSE,FALSE
18,3981,61.929595828,475,292,56.692913386,792,1397,767,TRUE,"GR","Breil/Brigels","Breil/Brigels","Breil/Brigels","Breil/Brigels GR","Breil/Brigels (GR)","Breil/Brigels (GR)","Graubünden","Grisons","Grigioni",59.277105449,FALSE,FALSE
18,3982,64.022346369,573,322,58.598726115,920,1570,895,TRUE,"GR","Disentis/Mustér","Disentis/Mustér","Disentis/Mustér","Disentis/Mustér GR","Disentis/Mustér (GR)","Disentis/Mustér (GR)","Graubünden","Grisons","Grigioni",59.277105449,FALSE,FALSE
18,3983,67.549668874,102,49,53.177257525,159,299,151,TRUE,"GR","Medel (Lucmagn)","Medel (Lucmagn)","Medel (Lucmagn)","Medel (Lucmagn) GR","Medel (Lucmagn) (GR)","Medel (Lucmagn) (GR)","Graubünden","Grisons","Grigioni",59.277105449,FALSE,FALSE
18,3985,60.658914729,313,203,57.958287596,528,911,516,TRUE,"GR","Sumvitg","Sumvitg","Sumvitg","Sumvitg GR","Sumvitg (GR)","Sumvitg (GR)","Graubünden","Grisons","Grigioni",59.277105449,FALSE,FALSE
18,3986,64.575645756,350,192,57.786885246,564,976,542,TRUE,"GR","Tujetsch","Tujetsch","Tujetsch","Tujetsch GR","Tujetsch (GR)","Tujetsch (GR)","Graubünden","Grisons","Grigioni",59.277105449,FALSE,FALSE
18,3987,67.720090293,300,143,51.708428246,454,878,443,TRUE,"GR","Trun","Trun","Trun","Trun GR","Trun (GR)","Trun (GR)","Graubünden","Grisons","Grigioni",59.277105449,FALSE,FALSE
18,3988,65.287769784,363,193,59.789473684,568,950,556,TRUE,"GR","Obersaxen Mundaun","Obersaxen Mundaun","Obersaxen Mundaun","Obersaxen Mundaun GR","Obersaxen Mundaun (GR)","Obersaxen Mundaun (GR)","Graubünden","Grisons","Grigioni",59.277105449,FALSE,FALSE
19,4001,43.840503673,4178,5352,66.166336904,9698,14657,9530,TRUE,"AG","Aarau","Aarau","Aarau","Aarau AG","Aarau (AG)","Aarau (AG)","Aargau","Argovie","Argovia",56.185836557,FALSE,FALSE
19,4002,57.817772778,514,375,72.800645682,902,1239,889,TRUE,"AG","Biberstein","Biberstein","Biberstein","Biberstein AG","Biberstein (AG)","Biberstein (AG)","Aargau","Argovie","Argovia",56.185836557,FALSE,FALSE
19,4003,50.50999592,1238,1213,58.247663551,2493,4280,2451,TRUE,"AG","Buchs AG","Buchs (AG)","Buchs AG","Buchs AG","Buchs (AG)","Buchs (AG)","Aargau","Argovie","Argovia",56.185836557,FALSE,FALSE
19,4004,60.932944606,209,134,62.032085561,348,561,343,TRUE,"AG","Densbüren","Densbüren","Densbüren","Densbüren AG","Densbüren (AG)","Densbüren (AG)","Aargau","Argovie","Argovia",56.185836557,FALSE,FALSE
19,4005,61.237950279,1207,764,64.285714286,1989,3094,1971,TRUE,"AG","Erlinsbach AG","Erlinsbach (AG)","Erlinsbach AG","Erlinsbach AG","Erlinsbach (AG)","Erlinsbach (AG)","Aargau","Argovie","Argovia",56.185836557,FALSE,FALSE
19,4006,58.000638774,1816,1315,60.585328772,3188,5262,3131,TRUE,"AG","Gränichen","Gränichen","Gränichen","Gränichen AG","Gränichen (AG)","Gränichen (AG)","Aargau","Argovie","Argovia",56.185836557,FALSE,FALSE
19,4007,60,480,320,62.770897833,811,1292,800,TRUE,"AG","Hirschthal","Hirschthal","Hirschthal","Hirschthal AG","Hirschthal (AG)","Hirschthal (AG)","Aargau","Argovie","Argovia",56.185836557,FALSE,FALSE
19,4008,50.995024876,1640,1576,68.134390651,3265,4792,3216,TRUE,"AG","Küttigen","Küttigen","Küttigen","Küttigen AG","Küttigen (AG)","Küttigen (AG)","Aargau","Argovie","Argovia",56.185836557,FALSE,FALSE
19,4009,63.177115033,1038,605,60.281385281,1671,2772,1643,TRUE,"AG","Muhen","Muhen","Muhen","Muhen AG","Muhen (AG)","Muhen (AG)","Aargau","Argovie","Argovia",56.185836557,FALSE,FALSE
19,4010,59.164367363,1501,1036,55.022297728,2591,4709,2537,TRUE,"AG","Oberentfelden","Oberentfelden","Oberentfelden","Oberentfelden AG","Oberentfelden (AG)","Oberentfelden (AG)","Aargau","Argovie","Argovia",56.185836557,FALSE,FALSE
19,4012,48.074679113,1648,1780,58.716216216,3476,5920,3428,TRUE,"AG","Suhr","Suhr","Suhr","Suhr AG","Suhr (AG)","Suhr (AG)","Aargau","Argovie","Argovia",56.185836557,FALSE,FALSE
19,4013,52.756892231,842,754,62.830482115,1616,2572,1596,TRUE,"AG","Unterentfelden","Unterentfelden","Unterentfelden","Unterentfelden AG","Unterentfelden (AG)","Unterentfelden (AG)","Aargau","Argovie","Argovia",56.185836557,FALSE,FALSE
19,4021,43.486633439,3839,4989,63.461129615,8955,14111,8828,TRUE,"AG","Baden","Baden","Baden","Baden AG","Baden (AG)","Baden (AG)","Aargau","Argovie","Argovia",56.185836557,FALSE,FALSE
19,4022,60.455764075,451,295,66.550218341,762,1145,746,TRUE,"AG","Bellikon","Bellikon","Bellikon","Bellikon AG","Bellikon (AG)","Bellikon (AG)","Aargau","Argovie","Argovia",56.185836557,FALSE,FALSE
19,4023,66.58496732,815,409,65.575501584,1242,1894,1224,TRUE,"AG","Bergdietikon","Bergdietikon","Bergdietikon","Bergdietikon AG","Bergdietikon (AG)","Bergdietikon (AG)","Aargau","Argovie","Argovia",56.185836557,FALSE,FALSE
19,4024,62.283737024,720,436,60.880829016,1175,1930,1156,TRUE,"AG","Birmenstorf AG","Birmenstorf (AG)","Birmenstorf AG","Birmenstorf AG","Birmenstorf (AG)","Birmenstorf (AG)","Aargau","Argovie","Argovia",56.185836557,FALSE,FALSE
19,4026,45.174186179,791,960,72.675367047,1782,2452,1751,TRUE,"AG","Ennetbaden","Ennetbaden","Ennetbaden","Ennetbaden AG","Ennetbaden (AG)","Ennetbaden (AG)","Aargau","Argovie","Argovia",56.185836557,FALSE,FALSE
19,4027,53.700787402,1023,882,53.965612867,1946,3606,1905,TRUE,"AG","Fislisbach","Fislisbach","Fislisbach","Fislisbach AG","Fislisbach (AG)","Fislisbach (AG)","Aargau","Argovie","Argovia",56.185836557,FALSE,FALSE
19,4028,51.412429379,273,258,68.461538462,534,780,531,TRUE,"AG","Freienwil","Freienwil","Freienwil","Freienwil AG","Freienwil (AG)","Freienwil (AG)","Aargau","Argovie","Argovia",56.185836557,FALSE,FALSE
19,4029,57.24137931,1079,806,56.849925706,1913,3365,1885,TRUE,"AG","Gebenstorf","Gebenstorf","Gebenstorf","Gebenstorf AG","Gebenstorf (AG)","Gebenstorf (AG)","Aargau","Argovie","Argovia",56.185836557,FALSE,FALSE
19,4030,55.52193646,367,294,51.136363636,675,1320,661,TRUE,"AG","Killwangen","Killwangen","Killwangen","Killwangen AG","Killwangen (AG)","Killwangen (AG)","Aargau","Argovie","Argovia",56.185836557,FALSE,FALSE
19,4031,60.126582278,475,315,62.676056338,801,1278,790,TRUE,"AG","Künten","Künten","Künten","Künten AG","Künten (AG)","Künten (AG)","Aargau","Argovie","Argovia",56.185836557,FALSE,FALSE
19,4032,55.957161981,418,329,57.11026616,751,1315,747,TRUE,"AG","Mägenwil","Mägenwil","Mägenwil","Mägenwil AG","Mägenwil (AG)","Mägenwil (AG)","Aargau","Argovie","Argovia",56.185836557,FALSE,FALSE
19,4033,56.630620376,995,762,53.562874251,1789,3340,1757,TRUE,"AG","Mellingen","Mellingen","Mellingen","Mellingen AG","Mellingen (AG)","Mellingen (AG)","Aargau","Argovie","Argovia",56.185836557,FALSE,FALSE
19,4034,54.512195122,894,746,45.566502463,1665,3654,1640,TRUE,"AG","Neuenhof","Neuenhof","Neuenhof","Neuenhof AG","Neuenhof (AG)","Neuenhof (AG)","Aargau","Argovie","Argovia",56.185836557,FALSE,FALSE
19,4035,57.390417941,1126,836,64.140599807,1989,3101,1962,TRUE,"AG","Niederrohrdorf","Niederrohrdorf","Niederrohrdorf","Niederrohrdorf AG","Niederrohrdorf (AG)","Niederrohrdorf (AG)","Aargau","Argovie","Argovia",56.185836557,FALSE,FALSE
19,4037,61.356297094,1140,718,68.040491685,1882,2766,1858,TRUE,"AG","Oberrohrdorf","Oberrohrdorf","Oberrohrdorf","Oberrohrdorf AG","Oberrohrdorf (AG)","Oberrohrdorf (AG)","Aargau","Argovie","Argovia",56.185836557,FALSE,FALSE
19,4038,52.598055649,1569,1414,60.590936315,3035,5009,2983,TRUE,"AG","Obersiggenthal","Obersiggenthal","Obersiggenthal","Obersiggenthal AG","Obersiggenthal (AG)","Obersiggenthal (AG)","Aargau","Argovie","Argovia",56.185836557,FALSE,FALSE
19,4039,61.46393972,571,358,63.93220339,943,1475,929,TRUE,"AG","Remetschwil","Remetschwil","Remetschwil","Remetschwil AG","Remetschwil (AG)","Remetschwil (AG)","Aargau","Argovie","Argovia",56.185836557,FALSE,FALSE
19,4040,53.559483994,1121,972,42.100098135,2145,5095,2093,TRUE,"AG","Spreitenbach","Spreitenbach","Spreitenbach","Spreitenbach AG","Spreitenbach (AG)","Spreitenbach (AG)","Aargau","Argovie","Argovia",56.185836557,FALSE,FALSE
19,4041,62.361623616,507,306,54.780876494,825,1506,813,TRUE,"AG","Stetten AG","Stetten (AG)","Stetten AG","Stetten AG","Stetten (AG)","Stetten (AG)","Aargau","Argovie","Argovia",56.185836557,FALSE,FALSE
19,4044,54.447739066,1469,1229,62.425900593,2738,4386,2698,TRUE,"AG","Untersiggenthal","Untersiggenthal","Untersiggenthal","Untersiggenthal AG","Untersiggenthal (AG)","Untersiggenthal (AG)","Aargau","Argovie","Argovia",56.185836557,FALSE,FALSE
19,4045,49.993517438,3856,3857,62.388747616,7851,12584,7713,TRUE,"AG","Wettingen","Wettingen","Wettingen","Wettingen AG","Wettingen (AG)","Wettingen (AG)","Aargau","Argovie","Argovia",56.185836557,FALSE,FALSE
19,4046,58.939393939,389,271,59.593280283,674,1131,660,TRUE,"AG","Wohlenschwil","Wohlenschwil","Wohlenschwil","Wohlenschwil AG","Wohlenschwil (AG)","Wohlenschwil (AG)","Aargau","Argovie","Argovia",56.185836557,FALSE,FALSE
19,4047,62.946673997,1145,674,60.306089222,1852,3071,1819,TRUE,"AG","Würenlingen","Würenlingen","Würenlingen","Würenlingen AG","Würenlingen (AG)","Würenlingen (AG)","Aargau","Argovie","Argovia",56.185836557,FALSE,FALSE
19,4048,59.024040187,1645,1142,63.783419456,2839,4451,2787,TRUE,"AG","Würenlos","Würenlos","Würenlos","Würenlos AG","Würenlos (AG)","Würenlos (AG)","Aargau","Argovie","Argovia",56.185836557,FALSE,FALSE
19,4049,54.652351738,1069,887,62.058276503,2002,3226,1956,TRUE,"AG","Ehrendingen","Ehrendingen","Ehrendingen","Ehrendingen AG","Ehrendingen (AG)","Ehrendingen (AG)","Aargau","Argovie","Argovia",56.185836557,FALSE,FALSE
19,4061,59.737417943,546,368,68.740740741,928,1350,914,TRUE,"AG","Arni AG","Arni (AG)","Arni AG","Arni AG","Arni (AG)","Arni (AG)","Aargau","Argovie","Argovia",56.185836557,FALSE,FALSE
19,4062,58.337801609,1088,777,59.634760705,1894,3176,1865,TRUE,"AG","Berikon","Berikon","Berikon","Berikon AG","Berikon (AG)","Berikon (AG)","Aargau","Argovie","Argovia",56.185836557,FALSE,FALSE
19,4063,51.233218857,1641,1562,57.777777778,3250,5625,3203,TRUE,"AG","Bremgarten AG","Bremgarten (AG)","Bremgarten AG","Bremgarten AG","Bremgarten (AG)","Bremgarten (AG)","Aargau","Argovie","Argovia",56.185836557,FALSE,FALSE
19,4064,65.494505495,298,157,63.237311385,461,729,455,TRUE,"AG","Büttikon","Büttikon","Büttikon","Büttikon AG","Büttikon (AG)","Büttikon (AG)","Aargau","Argovie","Argovia",56.185836557,FALSE,FALSE
19,4065,59.911111111,674,451,57.135703555,1141,1997,1125,TRUE,"AG","Dottikon","Dottikon","Dottikon","Dottikon AG","Dottikon (AG)","Dottikon (AG)","Aargau","Argovie","Argovia",56.185836557,FALSE,FALSE
19,4066,56,238,187,61.925287356,431,696,425,TRUE,"AG","Eggenwil","Eggenwil","Eggenwil","Eggenwil AG","Eggenwil (AG)","Eggenwil (AG)","Aargau","Argovie","Argovia",56.185836557,FALSE,FALSE
19,4067,60.844250364,418,269,57.785179017,694,1201,687,TRUE,"AG","Fischbach-Göslikon","Fischbach-Göslikon","Fischbach-Göslikon","Fischbach-Göslikon AG","Fischbach-Göslikon (AG)","Fischbach-Göslikon (AG)","Aargau","Argovie","Argovia",56.185836557,FALSE,FALSE
19,4068,60.440528634,686,449,62.875888464,1150,1829,1135,TRUE,"AG","Hägglingen","Hägglingen","Hägglingen","Hägglingen AG","Hägglingen (AG)","Hägglingen (AG)","Aargau","Argovie","Argovia",56.185836557,FALSE,FALSE
19,4071,58.039215686,592,428,65.648854962,1032,1572,1020,TRUE,"AG","Jonen","Jonen","Jonen","Jonen AG","Jonen (AG)","Jonen (AG)","Aargau","Argovie","Argovia",56.185836557,FALSE,FALSE
19,4072,61.876075731,719,443,60.607621009,1177,1942,1162,TRUE,"AG","Niederwil AG","Niederwil (AG)","Niederwil AG","Niederwil AG","Niederwil (AG)","Niederwil (AG)","Aargau","Argovie","Argovia",56.185836557,FALSE,FALSE
19,4073,58.309859155,621,444,68.686868687,1088,1584,1065,TRUE,"AG","Oberlunkhofen","Oberlunkhofen","Oberlunkhofen","Oberlunkhofen AG","Oberlunkhofen (AG)","Oberlunkhofen (AG)","Aargau","Argovie","Argovia",56.185836557,FALSE,FALSE
19,4074,64.308176101,818,454,67.393561786,1298,1926,1272,TRUE,"AG","Oberwil-Lieli","Oberwil-Lieli","Oberwil-Lieli","Oberwil-Lieli AG","Oberwil-Lieli (AG)","Oberwil-Lieli (AG)","Aargau","Argovie","Argovia",56.185836557,FALSE,FALSE
19,4075,58.458244111,819,582,55.181747873,1427,2586,1401,TRUE,"AG","Rudolfstetten-Friedlisberg","Rudolfstetten-Friedlisberg","Rudolfstetten-Friedlisberg","Rudolfstetten-Friedlisberg AG","Rudolfstetten-Friedlisberg (AG)","Rudolfstetten-Friedlisberg (AG)","Aargau","Argovie","Argovia",56.185836557,FALSE,FALSE
19,4076,61.13152094,832,529,64.386129335,1374,2134,1361,TRUE,"AG","Sarmenstorf","Sarmenstorf","Sarmenstorf","Sarmenstorf AG","Sarmenstorf (AG)","Sarmenstorf (AG)","Aargau","Argovie","Argovia",56.185836557,FALSE,FALSE
19,4077,62.234042553,351,213,58.847320526,582,989,564,TRUE,"AG","Tägerig","Tägerig","Tägerig","Tägerig AG","Tägerig (AG)","Tägerig (AG)","Aargau","Argovie","Argovia",56.185836557,FALSE,FALSE
19,4078,58.07860262,133,96,63.440860215,236,372,229,TRUE,"AG","Uezwil","Uezwil","Uezwil","Uezwil AG","Uezwil (AG)","Uezwil (AG)","Aargau","Argovie","Argovia",56.185836557,FALSE,FALSE
19,4079,57.483443709,434,321,65.670367208,769,1171,755,TRUE,"AG","Unterlunkhofen","Unterlunkhofen","Unterlunkhofen","Unterlunkhofen AG","Unterlunkhofen (AG)","Unterlunkhofen (AG)","Aargau","Argovie","Argovia",56.185836557,FALSE,FALSE
19,4080,62.804068996,1420,841,52.849264706,2300,4352,2261,TRUE,"AG","Villmergen","Villmergen","Villmergen","Villmergen AG","Villmergen (AG)","Villmergen (AG)","Aargau","Argovie","Argovia",56.185836557,FALSE,FALSE
19,4081,59.774881517,1009,679,64.41509434,1707,2650,1688,TRUE,"AG","Widen","Widen","Widen","Widen AG","Widen (AG)","Widen (AG)","Aargau","Argovie","Argovia",56.185836557,FALSE,FALSE
19,4082,55.839895013,2553,2019,54.443790465,4625,8495,4572,TRUE,"AG","Wohlen AG","Wohlen (AG)","Wohlen AG","Wohlen AG","Wohlen (AG)","Wohlen (AG)","Aargau","Argovie","Argovia",56.185836557,FALSE,FALSE
19,4083,56.280667321,1147,891,65.498737374,2075,3168,2038,TRUE,"AG","Zufikon","Zufikon","Zufikon","Zufikon AG","Zufikon (AG)","Zufikon (AG)","Aargau","Argovie","Argovia",56.185836557,FALSE,FALSE
19,4084,63.582089552,213,122,72.162740899,337,467,335,TRUE,"AG","Islisberg","Islisberg","Islisberg","Islisberg AG","Islisberg (AG)","Islisberg (AG)","Aargau","Argovie","Argovia",56.185836557,FALSE,FALSE
19,4091,63.913595934,503,284,63.89111289,798,1249,787,TRUE,"AG","Auenstein","Auenstein","Auenstein","Auenstein AG","Auenstein (AG)","Auenstein (AG)","Aargau","Argovie","Argovia",56.185836557,FALSE,FALSE
19,4092,62.982273201,604,355,46.804420951,974,2081,959,TRUE,"AG","Birr","Birr","Birr","Birr AG","Birr (AG)","Birr (AG)","Aargau","Argovie","Argovia",56.185836557,FALSE,FALSE
19,4093,67.134831461,239,117,61.073825503,364,596,356,TRUE,"AG","Birrhard","Birrhard","Birrhard","Birrhard AG","Birrhard (AG)","Birrhard (AG)","Aargau","Argovie","Argovia",56.185836557,FALSE,FALSE
19,4095,52.74767066,2774,2485,61.298104538,5336,8705,5259,TRUE,"AG","Brugg","Brugg","Brugg","Brugg AG","Brugg (AG)","Brugg (AG)","Aargau","Argovie","Argovia",56.185836557,FALSE,FALSE
19,4099,65.271966527,156,83,75.632911392,239,316,239,TRUE,"AG","Habsburg","Habsburg","Habsburg","Habsburg AG","Habsburg (AG)","Habsburg (AG)","Aargau","Argovie","Argovia",56.185836557,FALSE,FALSE
19,4100,63.07922272,844,494,60.070206231,1369,2279,1338,TRUE,"AG","Hausen AG","Hausen (AG)","Hausen AG","Hausen AG","Hausen (AG)","Hausen (AG)","Aargau","Argovie","Argovia",56.185836557,FALSE,FALSE
19,4104,64.182509506,844,471,59.893048128,1344,2244,1315,TRUE,"AG","Lupfig","Lupfig","Lupfig","Lupfig AG","Lupfig (AG)","Lupfig (AG)","Aargau","Argovie","Argovia",56.185836557,FALSE,FALSE
19,4105,63.97515528,103,58,70.995670996,164,231,161,TRUE,"AG","Mandach","Mandach","Mandach","Mandach AG","Mandach (AG)","Mandach (AG)","Aargau","Argovie","Argovia",56.185836557,FALSE,FALSE
19,4106,63.855421687,106,60,59.786476868,168,281,166,TRUE,"AG","Mönthal","Mönthal","Mönthal","Mönthal AG","Mönthal (AG)","Mönthal (AG)","Aargau","Argovie","Argovia",56.185836557,FALSE,FALSE
19,4107,57.176470588,243,182,59.141274238,427,722,425,TRUE,"AG","Mülligen","Mülligen","Mülligen","Mülligen AG","Mülligen (AG)","Mülligen (AG)","Aargau","Argovie","Argovia",56.185836557,FALSE,FALSE
19,4110,64.864864865,360,195,62.666666667,564,900,555,TRUE,"AG","Remigen","Remigen","Remigen","Remigen AG","Remigen (AG)","Remigen (AG)","Aargau","Argovie","Argovia",56.185836557,FALSE,FALSE
19,4111,59.083469722,361,250,64.168377823,625,974,611,TRUE,"AG","Riniken","Riniken","Riniken","Riniken AG","Riniken (AG)","Riniken (AG)","Aargau","Argovie","Argovia",56.185836557,FALSE,FALSE
19,4112,60.740740741,246,159,68.333333333,410,600,405,TRUE,"AG","Rüfenach","Rüfenach","Rüfenach","Rüfenach AG","Rüfenach (AG)","Rüfenach (AG)","Aargau","Argovie","Argovia",56.185836557,FALSE,FALSE
19,4117,61.396303901,299,188,70.454545455,496,704,487,TRUE,"AG","Thalheim AG","Thalheim (AG)","Thalheim AG","Thalheim AG","Thalheim (AG)","Thalheim (AG)","Aargau","Argovie","Argovia",56.185836557,FALSE,FALSE
19,4120,57.911908646,355,258,60.882352941,621,1020,613,TRUE,"AG","Veltheim AG","Veltheim (AG)","Veltheim AG","Veltheim AG","Veltheim (AG)","Veltheim (AG)","Aargau","Argovie","Argovia",56.185836557,FALSE,FALSE
19,4121,63.151658768,533,311,61.087267525,854,1398,844,TRUE,"AG","Villigen","Villigen","Villigen","Villigen AG","Villigen (AG)","Villigen (AG)","Aargau","Argovie","Argovia",56.185836557,FALSE,FALSE
19,4123,44.273443092,1237,1557,60.651202383,2850,4699,2794,TRUE,"AG","Windisch","Windisch","Windisch","Windisch AG","Windisch (AG)","Windisch (AG)","Aargau","Argovie","Argovia",56.185836557,FALSE,FALSE
19,4124,58.997429306,459,319,65.469387755,802,1225,778,TRUE,"AG","Bözberg","Bözberg","Bözberg","Bözberg AG","Bözberg (AG)","Bözberg (AG)","Aargau","Argovie","Argovia",56.185836557,FALSE,FALSE
19,4125,60.55705301,674,439,66.78550208,1124,1683,1113,TRUE,"AG","Schinznach","Schinznach","Schinznach","Schinznach AG","Schinznach (AG)","Schinznach (AG)","Aargau","Argovie","Argovia",56.185836557,FALSE,FALSE
19,4131,54.72541507,857,709,63.273453094,1585,2505,1566,TRUE,"AG","Beinwil am See","Beinwil am See","Beinwil am See","Beinwil am See AG","Beinwil am See (AG)","Beinwil am See (AG)","Aargau","Argovie","Argovia",56.185836557,FALSE,FALSE
19,4132,57.741935484,358,262,65.58915537,629,959,620,TRUE,"AG","Birrwil","Birrwil","Birrwil","Birrwil AG","Birrwil (AG)","Birrwil (AG)","Aargau","Argovie","Argovia",56.185836557,FALSE,FALSE
19,4134,67.441860465,435,210,69.206349206,654,945,645,TRUE,"AG","Dürrenäsch","Dürrenäsch","Dürrenäsch","Dürrenäsch AG","Dürrenäsch (AG)","Dürrenäsch (AG)","Aargau","Argovie","Argovia",56.185836557,FALSE,FALSE
19,4135,64.09978308,591,331,62.893503014,939,1493,922,TRUE,"AG","Gontenschwil","Gontenschwil","Gontenschwil","Gontenschwil AG","Gontenschwil (AG)","Gontenschwil (AG)","Aargau","Argovie","Argovia",56.185836557,FALSE,FALSE
19,4136,67.226890756,400,195,54.727272727,602,1100,595,TRUE,"AG","Holziken","Holziken","Holziken","Holziken AG","Holziken (AG)","Holziken (AG)","Aargau","Argovie","Argovia",56.185836557,FALSE,FALSE
19,4137,59.90990991,133,89,62.568306011,229,366,222,TRUE,"AG","Leimbach AG","Leimbach (AG)","Leimbach AG","Leimbach AG","Leimbach (AG)","Leimbach (AG)","Aargau","Argovie","Argovia",56.185836557,FALSE,FALSE
19,4138,68.393782383,264,122,68.275862069,396,580,386,TRUE,"AG","Leutwil","Leutwil","Leutwil","Leutwil AG","Leutwil (AG)","Leutwil (AG)","Aargau","Argovie","Argovia",56.185836557,FALSE,FALSE
19,4139,61.396208969,1328,835,51.944378977,2204,4243,2163,TRUE,"AG","Menziken","Menziken","Menziken","Menziken AG","Menziken (AG)","Menziken (AG)","Aargau","Argovie","Argovia",56.185836557,FALSE,FALSE
19,4140,62.455516014,702,422,61.724327293,1124,1821,1124,TRUE,"AG","Oberkulm","Oberkulm","Oberkulm","Oberkulm AG","Oberkulm (AG)","Oberkulm (AG)","Aargau","Argovie","Argovia",56.185836557,FALSE,FALSE
19,4141,60.433244916,1367,895,51.247516008,2321,4529,2262,TRUE,"AG","Reinach AG","Reinach (AG)","Reinach AG","Reinach AG","Reinach (AG)","Reinach (AG)","Aargau","Argovie","Argovia",56.185836557,FALSE,FALSE
19,4142,63.408521303,253,146,63.636363636,406,638,399,TRUE,"AG","Schlossrued","Schlossrued","Schlossrued","Schlossrued AG","Schlossrued (AG)","Schlossrued (AG)","Aargau","Argovie","Argovia",56.185836557,FALSE,FALSE
19,4143,65.261044177,325,173,59.906759907,514,858,498,TRUE,"AG","Schmiedrued","Schmiedrued","Schmiedrued","Schmiedrued AG","Schmiedrued (AG)","Schmiedrued (AG)","Aargau","Argovie","Argovia",56.185836557,FALSE,FALSE
19,4144,58.208955224,1053,756,58.639412328,1836,3131,1809,TRUE,"AG","Schöftland","Schöftland","Schöftland","Schöftland AG","Schöftland (AG)","Schöftland (AG)","Aargau","Argovie","Argovia",56.185836557,FALSE,FALSE
19,4145,57.342657343,328,244,56.809338521,584,1028,572,TRUE,"AG","Teufenthal AG","Teufenthal (AG)","Teufenthal AG","Teufenthal AG","Teufenthal (AG)","Teufenthal (AG)","Aargau","Argovie","Argovia",56.185836557,FALSE,FALSE
19,4146,61.604095563,722,450,56.585829767,1190,2103,1172,TRUE,"AG","Unterkulm","Unterkulm","Unterkulm","Unterkulm AG","Unterkulm (AG)","Unterkulm (AG)","Aargau","Argovie","Argovia",56.185836557,FALSE,FALSE
19,4147,62.75862069,364,216,61.706555671,593,961,580,TRUE,"AG","Zetzwil","Zetzwil","Zetzwil","Zetzwil AG","Zetzwil (AG)","Zetzwil (AG)","Aargau","Argovie","Argovia",56.185836557,FALSE,FALSE
19,4161,57.195571956,465,348,53.701298701,827,1540,813,TRUE,"AG","Eiken","Eiken","Eiken","Eiken AG","Eiken (AG)","Eiken (AG)","Aargau","Argovie","Argovia",56.185836557,FALSE,FALSE
19,4163,55.58240696,1150,919,57.431693989,2102,3660,2069,TRUE,"AG","Frick","Frick","Frick","Frick AG","Frick (AG)","Frick (AG)","Aargau","Argovie","Argovia",56.185836557,FALSE,FALSE
19,4164,60.392156863,308,202,67.941952507,515,758,510,TRUE,"AG","Gansingen","Gansingen","Gansingen","Gansingen AG","Gansingen (AG)","Gansingen (AG)","Aargau","Argovie","Argovia",56.185836557,FALSE,FALSE
19,4165,57.434402332,985,730,65.848129958,1743,2647,1715,TRUE,"AG","Gipf-Oberfrick","Gipf-Oberfrick","Gipf-Oberfrick","Gipf-Oberfrick AG","Gipf-Oberfrick (AG)","Gipf-Oberfrick (AG)","Aargau","Argovie","Argovia",56.185836557,FALSE,FALSE
19,4169,59.387923904,718,491,61.63901458,1226,1989,1209,TRUE,"AG","Kaisten","Kaisten","Kaisten","Kaisten AG","Kaisten (AG)","Kaisten (AG)","Aargau","Argovie","Argovia",56.185836557,FALSE,FALSE
19,4170,61.243611584,719,455,59.059405941,1193,2020,1174,TRUE,"AG","Laufenburg","Laufenburg","Laufenburg","Laufenburg AG","Laufenburg (AG)","Laufenburg (AG)","Aargau","Argovie","Argovia",56.185836557,FALSE,FALSE
19,4172,62.65060241,208,124,56.208053691,335,596,332,TRUE,"AG","Münchwilen AG","Münchwilen (AG)","Münchwilen AG","Münchwilen AG","Münchwilen (AG)","Münchwilen (AG)","Aargau","Argovie","Argovia",56.185836557,FALSE,FALSE
19,4173,55.271565495,173,140,72.209567198,317,439,313,TRUE,"AG","Oberhof","Oberhof","Oberhof","Oberhof AG","Oberhof (AG)","Oberhof (AG)","Aargau","Argovie","Argovia",56.185836557,FALSE,FALSE
19,4175,58.979591837,289,201,59.495192308,495,832,490,TRUE,"AG","Oeschgen","Oeschgen","Oeschgen","Oeschgen AG","Oeschgen (AG)","Oeschgen (AG)","Aargau","Argovie","Argovia",56.185836557,FALSE,FALSE
19,4176,63.76146789,139,79,53.04136253,218,411,218,TRUE,"AG","Schwaderloch","Schwaderloch","Schwaderloch","Schwaderloch AG","Schwaderloch (AG)","Schwaderloch (AG)","Aargau","Argovie","Argovia",56.185836557,FALSE,FALSE
19,4177,58.857142857,309,216,57.373519914,533,929,525,TRUE,"AG","Sisseln","Sisseln","Sisseln","Sisseln AG","Sisseln (AG)","Sisseln (AG)","Aargau","Argovie","Argovia",56.185836557,FALSE,FALSE
19,4181,63.065693431,432,253,66.954851105,697,1041,685,TRUE,"AG","Wittnau","Wittnau","Wittnau","Wittnau AG","Wittnau (AG)","Wittnau (AG)","Aargau","Argovie","Argovia",56.185836557,FALSE,FALSE
19,4182,58.20610687,305,219,65.892420538,539,818,524,TRUE,"AG","Wölflinswil","Wölflinswil","Wölflinswil","Wölflinswil AG","Wölflinswil (AG)","Wölflinswil (AG)","Aargau","Argovie","Argovia",56.185836557,FALSE,FALSE
19,4183,53.333333333,256,224,59.950556242,485,809,480,TRUE,"AG","Zeihen","Zeihen","Zeihen","Zeihen AG","Zeihen (AG)","Zeihen (AG)","Aargau","Argovie","Argovia",56.185836557,FALSE,FALSE
19,4184,57.482993197,507,375,63.154221912,905,1433,882,TRUE,"AG","Mettauertal","Mettauertal","Mettauertal","Mettauertal AG","Mettauertal (AG)","Mettauertal (AG)","Aargau","Argovie","Argovia",56.185836557,FALSE,FALSE
19,4185,62.157382847,703,428,61.099365751,1156,1892,1131,TRUE,"AG","Böztal","Böztal","Böztal","Böztal AG","Böztal (AG)","Böztal (AG)","Aargau","Argovie","Argovia",56.185836557,FALSE,FALSE
19,4186,54.095701541,667,566,68.481219379,1258,1837,1233,TRUE,"AG","Herznach-Ueken","Herznach-Ueken","Herznach-Ueken","Herznach-Ueken AG","Herznach-Ueken (AG)","Herznach-Ueken (AG)","Aargau","Argovie","Argovia",56.185836557,FALSE,FALSE
19,4191,53.250773994,172,151,62.620423892,325,519,323,TRUE,"AG","Ammerswil","Ammerswil","Ammerswil","Ammerswil AG","Ammerswil (AG)","Ammerswil (AG)","Aargau","Argovie","Argovia",56.185836557,FALSE,FALSE
19,4192,59.225806452,459,316,65.429042904,793,1212,775,TRUE,"AG","Boniswil","Boniswil","Boniswil","Boniswil AG","Boniswil (AG)","Boniswil (AG)","Aargau","Argovie","Argovia",56.185836557,FALSE,FALSE
19,4193,64.96350365,178,96,52.551984877,278,529,274,TRUE,"AG","Brunegg","Brunegg","Brunegg","Brunegg AG","Brunegg (AG)","Brunegg (AG)","Aargau","Argovie","Argovia",56.185836557,FALSE,FALSE
19,4194,59.395532194,452,309,57.048940833,781,1369,761,TRUE,"AG","Dintikon","Dintikon","Dintikon","Dintikon AG","Dintikon (AG)","Dintikon (AG)","Aargau","Argovie","Argovia",56.185836557,FALSE,FALSE
19,4195,56.647398844,392,300,60.290350128,706,1171,692,TRUE,"AG","Egliswil","Egliswil","Egliswil","Egliswil AG","Egliswil (AG)","Egliswil (AG)","Aargau","Argovie","Argovia",56.185836557,FALSE,FALSE
19,4196,56.896551724,462,350,55.363091272,831,1501,812,TRUE,"AG","Fahrwangen","Fahrwangen","Fahrwangen","Fahrwangen AG","Fahrwangen (AG)","Fahrwangen (AG)","Aargau","Argovie","Argovia",56.185836557,FALSE,FALSE
19,4197,55.172413793,208,169,57.918552036,384,663,377,TRUE,"AG","Hallwil","Hallwil","Hallwil","Hallwil AG","Hallwil (AG)","Hallwil (AG)","Aargau","Argovie","Argovia",56.185836557,FALSE,FALSE
19,4198,48.837209302,231,242,56.837098692,478,841,473,TRUE,"AG","Hendschiken","Hendschiken","Hendschiken","Hendschiken AG","Hendschiken (AG)","Hendschiken (AG)","Aargau","Argovie","Argovia",56.185836557,FALSE,FALSE
19,4199,63.325183374,259,150,47.85631518,413,863,409,TRUE,"AG","Holderbank AG","Holderbank (AG)","Holderbank AG","Holderbank AG","Holderbank (AG)","Holderbank (AG)","Aargau","Argovie","Argovia",56.185836557,FALSE,FALSE
19,4200,60.458958517,685,448,48.404701931,1153,2382,1133,TRUE,"AG","Hunzenschwil","Hunzenschwil","Hunzenschwil","Hunzenschwil AG","Hunzenschwil (AG)","Hunzenschwil (AG)","Aargau","Argovie","Argovia",56.185836557,FALSE,FALSE
19,4201,48.597194389,1940,2052,61.937452326,4060,6555,3992,TRUE,"AG","Lenzburg","Lenzburg","Lenzburg","Lenzburg AG","Lenzburg (AG)","Lenzburg (AG)","Aargau","Argovie","Argovia",56.185836557,FALSE,FALSE
19,4202,62.905405405,931,549,63.853367434,1498,2346,1480,TRUE,"AG","Meisterschwanden","Meisterschwanden","Meisterschwanden","Meisterschwanden AG","Meisterschwanden (AG)","Meisterschwanden (AG)","Aargau","Argovie","Argovia",56.185836557,FALSE,FALSE
19,4203,60.939947781,1167,748,63.180051813,1951,3088,1915,TRUE,"AG","Möriken-Wildegg","Möriken-Wildegg","Möriken-Wildegg","Möriken-Wildegg AG","Möriken-Wildegg (AG)","Möriken-Wildegg (AG)","Aargau","Argovie","Argovia",56.185836557,FALSE,FALSE
19,4204,51.476251605,802,756,57.168784029,1575,2755,1558,TRUE,"AG","Niederlenz","Niederlenz","Niederlenz","Niederlenz AG","Niederlenz (AG)","Niederlenz (AG)","Aargau","Argovie","Argovia",56.185836557,FALSE,FALSE
19,4205,55.294117647,564,456,53.560371517,1038,1938,1020,TRUE,"AG","Othmarsingen","Othmarsingen","Othmarsingen","Othmarsingen AG","Othmarsingen (AG)","Othmarsingen (AG)","Aargau","Argovie","Argovia",56.185836557,FALSE,FALSE
19,4206,60.751665081,1277,825,57.822210213,2140,3701,2102,TRUE,"AG","Rupperswil","Rupperswil","Rupperswil","Rupperswil AG","Rupperswil (AG)","Rupperswil (AG)","Aargau","Argovie","Argovia",56.185836557,FALSE,FALSE
19,4207,57.833333333,694,506,62.013151239,1226,1977,1200,TRUE,"AG","Schafisheim","Schafisheim","Schafisheim","Schafisheim AG","Schafisheim (AG)","Schafisheim (AG)","Aargau","Argovie","Argovia",56.185836557,FALSE,FALSE
19,4208,62.970014279,1323,778,65.950824774,2119,3213,2101,TRUE,"AG","Seengen","Seengen","Seengen","Seengen AG","Seengen (AG)","Seengen (AG)","Aargau","Argovie","Argovia",56.185836557,FALSE,FALSE
19,4209,58.421317245,1162,827,58.743089904,2019,3437,1989,TRUE,"AG","Seon","Seon","Seon","Seon AG","Seon (AG)","Seon (AG)","Aargau","Argovie","Argovia",56.185836557,FALSE,FALSE
19,4210,54.524495677,946,789,63.682493657,1757,2759,1735,TRUE,"AG","Staufen","Staufen","Staufen","Staufen AG","Staufen (AG)","Staufen (AG)","Aargau","Argovie","Argovia",56.185836557,FALSE,FALSE
19,4221,61.047835991,268,171,61.506276151,441,717,439,TRUE,"AG","Abtwil","Abtwil","Abtwil","Abtwil AG","Abtwil (AG)","Abtwil (AG)","Aargau","Argovie","Argovia",56.185836557,FALSE,FALSE
19,4222,60,378,252,60.754716981,644,1060,630,TRUE,"AG","Aristau","Aristau","Aristau","Aristau AG","Aristau (AG)","Aristau (AG)","Aargau","Argovie","Argovia",56.185836557,FALSE,FALSE
19,4223,60.457142857,529,346,60.647829083,880,1451,875,TRUE,"AG","Auw","Auw","Auw","Auw AG","Auw (AG)","Auw (AG)","Aargau","Argovie","Argovia",56.185836557,FALSE,FALSE
19,4224,66.725043783,381,190,65.345413364,577,883,571,TRUE,"AG","Beinwil (Freiamt)","Beinwil (Freiamt)","Beinwil (Freiamt)","Beinwil (Freiamt) AG","Beinwil (Freiamt) (AG)","Beinwil (Freiamt) (AG)","Aargau","Argovie","Argovia",56.185836557,FALSE,FALSE
19,4226,58.032786885,177,128,63.524590164,310,488,305,TRUE,"AG","Besenbüren","Besenbüren","Besenbüren","Besenbüren AG","Besenbüren (AG)","Besenbüren (AG)","Aargau","Argovie","Argovia",56.185836557,FALSE,FALSE
19,4227,65.217391304,225,120,66.353383459,353,532,345,TRUE,"AG","Bettwil","Bettwil","Bettwil","Bettwil AG","Bettwil (AG)","Bettwil (AG)","Aargau","Argovie","Argovia",56.185836557,FALSE,FALSE
19,4228,64.126712329,749,419,58.137254902,1186,2040,1168,TRUE,"AG","Boswil","Boswil","Boswil","Boswil AG","Boswil (AG)","Boswil (AG)","Aargau","Argovie","Argovia",56.185836557,FALSE,FALSE
19,4229,56.310679612,290,225,64.127764128,522,814,515,TRUE,"AG","Bünzen","Bünzen","Bünzen","Bünzen AG","Bünzen (AG)","Bünzen (AG)","Aargau","Argovie","Argovia",56.185836557,FALSE,FALSE
19,4230,60.320284698,339,223,64.766248575,568,877,562,TRUE,"AG","Buttwil","Buttwil","Buttwil","Buttwil AG","Buttwil (AG)","Buttwil (AG)","Aargau","Argovie","Argovia",56.185836557,FALSE,FALSE
19,4231,61.88034188,362,223,61.483007209,597,971,585,TRUE,"AG","Dietwil","Dietwil","Dietwil","Dietwil AG","Dietwil (AG)","Dietwil (AG)","Aargau","Argovie","Argovia",56.185836557,FALSE,FALSE
19,4232,59.615384615,62,42,65.82278481,104,158,104,TRUE,"AG","Geltwil","Geltwil","Geltwil","Geltwil AG","Geltwil (AG)","Geltwil (AG)","Aargau","Argovie","Argovia",56.185836557,FALSE,FALSE
19,4233,64.766839378,125,68,70,196,280,193,TRUE,"AG","Kallern","Kallern","Kallern","Kallern AG","Kallern (AG)","Kallern (AG)","Aargau","Argovie","Argovia",56.185836557,FALSE,FALSE
19,4234,60.275862069,874,576,60.576131687,1472,2430,1450,TRUE,"AG","Merenschwand","Merenschwand","Merenschwand","Merenschwand AG","Merenschwand (AG)","Merenschwand (AG)","Aargau","Argovie","Argovia",56.185836557,FALSE,FALSE
19,4235,64.453125,330,182,59.884393064,518,865,512,TRUE,"AG","Mühlau","Mühlau","Mühlau","Mühlau AG","Mühlau (AG)","Mühlau (AG)","Aargau","Argovie","Argovia",56.185836557,FALSE,FALSE
19,4236,55.787476281,1764,1398,58.4,3212,5500,3162,TRUE,"AG","Muri AG","Muri (AG)","Muri AG","Muri AG","Muri (AG)","Muri (AG)","Aargau","Argovie","Argovia",56.185836557,FALSE,FALSE
19,4237,58.305647841,351,251,58.829174664,613,1042,602,TRUE,"AG","Oberrüti","Oberrüti","Oberrüti","Oberrüti AG","Oberrüti (AG)","Oberrüti (AG)","Aargau","Argovie","Argovia",56.185836557,FALSE,FALSE
19,4238,62.888888889,283,167,62.983425414,456,724,450,TRUE,"AG","Rottenschwil","Rottenschwil","Rottenschwil","Rottenschwil AG","Rottenschwil (AG)","Rottenschwil (AG)","Aargau","Argovie","Argovia",56.185836557,FALSE,FALSE
19,4239,62.073027091,1054,644,59.300311742,1712,2887,1698,TRUE,"AG","Sins","Sins","Sins","Sins AG","Sins (AG)","Sins (AG)","Aargau","Argovie","Argovia",56.185836557,FALSE,FALSE
19,4240,57.37704918,735,546,59.448275862,1293,2175,1281,TRUE,"AG","Waltenschwil","Waltenschwil","Waltenschwil","Waltenschwil AG","Waltenschwil (AG)","Waltenschwil (AG)","Aargau","Argovie","Argovia",56.185836557,FALSE,FALSE
19,4251,65.809768638,256,133,64.763458401,397,613,389,TRUE,"AG","Hellikon","Hellikon","Hellikon","Hellikon AG","Hellikon (AG)","Hellikon (AG)","Aargau","Argovie","Argovia",56.185836557,FALSE,FALSE
19,4252,53.633633634,893,772,50.610300685,1700,3359,1665,TRUE,"AG","Kaiseraugst","Kaiseraugst","Kaiseraugst","Kaiseraugst AG","Kaiseraugst (AG)","Kaiseraugst (AG)","Aargau","Argovie","Argovia",56.185836557,FALSE,FALSE
19,4253,56.773468241,1010,769,68.207654415,1800,2639,1779,TRUE,"AG","Magden","Magden","Magden","Magden AG","Magden (AG)","Magden (AG)","Aargau","Argovie","Argovia",56.185836557,FALSE,FALSE
19,4254,53.127433169,2047,1806,57.95068655,3925,6773,3853,TRUE,"AG","Möhlin","Möhlin","Möhlin","Möhlin AG","Möhlin (AG)","Möhlin (AG)","Aargau","Argovie","Argovia",56.185836557,FALSE,FALSE
19,4255,57.462686567,231,171,49.457177322,410,829,402,TRUE,"AG","Mumpf","Mumpf","Mumpf","Mumpf AG","Mumpf (AG)","Mumpf (AG)","Aargau","Argovie","Argovia",56.185836557,FALSE,FALSE
19,4256,56.233421751,212,165,53.706293706,384,715,377,TRUE,"AG","Obermumpf","Obermumpf","Obermumpf","Obermumpf AG","Obermumpf (AG)","Obermumpf (AG)","Aargau","Argovie","Argovia",56.185836557,FALSE,FALSE
19,4257,60.119047619,101,67,68.8,172,250,168,TRUE,"AG","Olsberg","Olsberg","Olsberg","Olsberg AG","Olsberg (AG)","Olsberg (AG)","Aargau","Argovie","Argovia",56.185836557,FALSE,FALSE
19,4258,51.390197926,2181,2063,56.010893529,4319,7711,4244,TRUE,"AG","Rheinfelden","Rheinfelden","Rheinfelden","Rheinfelden AG","Rheinfelden (AG)","Rheinfelden (AG)","Aargau","Argovie","Argovia",56.185836557,FALSE,FALSE
19,4259,63.275434243,255,148,64.465408805,410,636,403,TRUE,"AG","Schupfart","Schupfart","Schupfart","Schupfart AG","Schupfart (AG)","Schupfart (AG)","Aargau","Argovie","Argovia",56.185836557,FALSE,FALSE
19,4260,58.372641509,495,353,51.22242099,859,1677,848,TRUE,"AG","Stein AG","Stein (AG)","Stein AG","Stein AG","Stein (AG)","Stein (AG)","Aargau","Argovie","Argovia",56.185836557,FALSE,FALSE
19,4261,60.606060606,520,338,63.290229885,881,1392,858,TRUE,"AG","Wallbach","Wallbach","Wallbach","Wallbach AG","Wallbach (AG)","Wallbach (AG)","Aargau","Argovie","Argovia",56.185836557,FALSE,FALSE
19,4262,56.803455724,263,200,61.960784314,474,765,463,TRUE,"AG","Wegenstetten","Wegenstetten","Wegenstetten","Wegenstetten AG","Wegenstetten (AG)","Wegenstetten (AG)","Aargau","Argovie","Argovia",56.185836557,FALSE,FALSE
19,4263,55.106382979,518,422,57.45823389,963,1676,940,TRUE,"AG","Zeiningen","Zeiningen","Zeiningen","Zeiningen AG","Zeiningen (AG)","Zeiningen (AG)","Aargau","Argovie","Argovia",56.185836557,FALSE,FALSE
19,4264,53.592814371,179,155,55.921052632,340,608,334,TRUE,"AG","Zuzgen","Zuzgen","Zuzgen","Zuzgen AG","Zuzgen (AG)","Zuzgen (AG)","Aargau","Argovie","Argovia",56.185836557,FALSE,FALSE
19,4271,52.591463415,1035,933,49.031625398,2000,4079,1968,TRUE,"AG","Aarburg","Aarburg","Aarburg","Aarburg AG","Aarburg (AG)","Aarburg (AG)","Aargau","Argovie","Argovia",56.185836557,FALSE,FALSE
19,4273,62.972972973,233,137,61.389337641,380,619,370,TRUE,"AG","Bottenwil","Bottenwil","Bottenwil","Bottenwil AG","Bottenwil (AG)","Bottenwil (AG)","Aargau","Argovie","Argovia",56.185836557,FALSE,FALSE
19,4274,58.262350937,1026,735,58.298011086,1788,3067,1761,TRUE,"AG","Brittnau","Brittnau","Brittnau","Brittnau AG","Brittnau (AG)","Brittnau (AG)","Aargau","Argovie","Argovia",56.185836557,FALSE,FALSE
19,4275,65.6,246,129,61.12,382,625,375,TRUE,"AG","Kirchleerau","Kirchleerau","Kirchleerau","Kirchleerau AG","Kirchleerau (AG)","Kirchleerau (AG)","Aargau","Argovie","Argovia",56.185836557,FALSE,FALSE
19,4276,55.548996458,941,753,56.085686465,1728,3081,1694,TRUE,"AG","Kölliken","Kölliken","Kölliken","Kölliken AG","Kölliken (AG)","Kölliken (AG)","Aargau","Argovie","Argovia",56.185836557,FALSE,FALSE
19,4277,62.303664921,238,144,59.083969466,387,655,382,TRUE,"AG","Moosleerau","Moosleerau","Moosleerau","Moosleerau AG","Moosleerau (AG)","Moosleerau (AG)","Aargau","Argovie","Argovia",56.185836557,FALSE,FALSE
19,4279,55.801104972,606,480,54.518518519,1104,2025,1086,TRUE,"AG","Murgenthal","Murgenthal","Murgenthal","Murgenthal AG","Murgenthal (AG)","Murgenthal (AG)","Aargau","Argovie","Argovia",56.185836557,FALSE,FALSE
19,4280,56.660849331,1948,1490,48.369640627,3486,7207,3438,TRUE,"AG","Oftringen","Oftringen","Oftringen","Oftringen AG","Oftringen (AG)","Oftringen (AG)","Aargau","Argovie","Argovia",56.185836557,FALSE,FALSE
19,4281,60.519125683,443,289,63.30749354,735,1161,732,TRUE,"AG","Reitnau","Reitnau","Reitnau","Reitnau AG","Reitnau (AG)","Reitnau (AG)","Aargau","Argovie","Argovia",56.185836557,FALSE,FALSE
19,4282,59.340277778,1709,1171,50.136798906,2932,5848,2880,TRUE,"AG","Rothrist","Rothrist","Rothrist","Rothrist AG","Rothrist (AG)","Rothrist (AG)","Aargau","Argovie","Argovia",56.185836557,FALSE,FALSE
19,4283,61.610352265,857,534,53.668683812,1419,2644,1391,TRUE,"AG","Safenwil","Safenwil","Safenwil","Safenwil AG","Safenwil (AG)","Safenwil (AG)","Aargau","Argovie","Argovia",56.185836557,FALSE,FALSE
19,4284,65.511265165,378,199,60.144181256,584,971,577,TRUE,"AG","Staffelbach","Staffelbach","Staffelbach","Staffelbach AG","Staffelbach (AG)","Staffelbach (AG)","Aargau","Argovie","Argovia",56.185836557,FALSE,FALSE
19,4285,55.0089982,917,750,56.878573831,1691,2973,1667,TRUE,"AG","Strengelbach","Strengelbach","Strengelbach","Strengelbach AG","Strengelbach (AG)","Strengelbach (AG)","Aargau","Argovie","Argovia",56.185836557,FALSE,FALSE
19,4286,58.823529412,370,259,59.627906977,641,1075,629,TRUE,"AG","Uerkheim","Uerkheim","Uerkheim","Uerkheim AG","Uerkheim (AG)","Uerkheim (AG)","Aargau","Argovie","Argovia",56.185836557,FALSE,FALSE
19,4287,60.859728507,538,346,59.418374091,899,1513,884,TRUE,"AG","Vordemwald","Vordemwald","Vordemwald","Vordemwald AG","Vordemwald (AG)","Vordemwald (AG)","Aargau","Argovie","Argovia",56.185836557,FALSE,FALSE
19,4288,71.028037383,76,31,77.464788732,110,142,107,TRUE,"AG","Wiliberg","Wiliberg","Wiliberg","Wiliberg AG","Wiliberg (AG)","Wiliberg (AG)","Aargau","Argovie","Argovia",56.185836557,FALSE,FALSE
19,4289,49.847908745,2622,2638,63.122923588,5320,8428,5260,TRUE,"AG","Zofingen","Zofingue","Zofingue","Zofingen AG","Zofingue (AG)","Zofingue (AG)","Aargau","Argovie","Argovia",56.185836557,FALSE,FALSE
19,4303,61.946133797,713,438,56.621880998,1180,2084,1151,TRUE,"AG","Böttstein","Böttstein","Böttstein","Böttstein AG","Böttstein (AG)","Böttstein (AG)","Aargau","Argovie","Argovia",56.185836557,FALSE,FALSE
19,4304,56.627592426,628,481,54.417475728,1121,2060,1109,TRUE,"AG","Döttingen","Döttingen","Döttingen","Döttingen AG","Döttingen (AG)","Döttingen (AG)","Aargau","Argovie","Argovia",56.185836557,FALSE,FALSE
19,4305,58.005249344,663,480,64.68298109,1163,1798,1143,TRUE,"AG","Endingen","Endingen","Endingen","Endingen AG","Endingen (AG)","Endingen (AG)","Aargau","Argovie","Argovia",56.185836557,FALSE,FALSE
19,4306,60.451977401,107,70,55.108359133,178,323,177,TRUE,"AG","Fisibach","Fisibach","Fisibach","Fisibach AG","Fisibach (AG)","Fisibach (AG)","Aargau","Argovie","Argovia",56.185836557,FALSE,FALSE
19,4307,59.240506329,234,161,61.419753086,398,648,395,TRUE,"AG","Full-Reuenthal","Full-Reuenthal","Full-Reuenthal","Full-Reuenthal AG","Full-Reuenthal (AG)","Full-Reuenthal (AG)","Aargau","Argovie","Argovia",56.185836557,FALSE,FALSE
19,4309,55.36,692,558,61.020211742,1268,2078,1250,TRUE,"AG","Klingnau","Klingnau","Klingnau","Klingnau AG","Klingnau (AG)","Klingnau (AG)","Aargau","Argovie","Argovia",56.185836557,FALSE,FALSE
19,4310,55.112219451,221,180,52.185089974,406,778,401,TRUE,"AG","Koblenz","Koblenz","Koblenz","Koblenz AG","Koblenz (AG)","Koblenz (AG)","Aargau","Argovie","Argovia",56.185836557,FALSE,FALSE
19,4311,71.028037383,304,124,56.732026144,434,765,428,TRUE,"AG","Leibstadt","Leibstadt","Leibstadt","Leibstadt AG","Leibstadt (AG)","Leibstadt (AG)","Aargau","Argovie","Argovia",56.185836557,FALSE,FALSE
19,4312,61.587810746,768,479,64.123294593,1269,1979,1247,TRUE,"AG","Lengnau AG","Lengnau (AG)","Lengnau AG","Lengnau AG","Lengnau (AG)","Lengnau (AG)","Aargau","Argovie","Argovia",56.185836557,FALSE,FALSE
19,4313,60.443037975,573,375,65.751544269,958,1457,948,TRUE,"AG","Leuggern","Leuggern","Leuggern","Leuggern AG","Leuggern (AG)","Leuggern (AG)","Aargau","Argovie","Argovia",56.185836557,FALSE,FALSE
19,4314,57,57,43,65.030674847,106,163,100,TRUE,"AG","Mellikon","Mellikon","Mellikon","Mellikon AG","Mellikon (AG)","Mellikon (AG)","Aargau","Argovie","Argovia",56.185836557,FALSE,FALSE
19,4318,63.347763348,439,254,63.44950849,710,1119,693,TRUE,"AG","Schneisingen","Schneisingen","Schneisingen","Schneisingen AG","Schneisingen (AG)","Schneisingen (AG)","Aargau","Argovie","Argovia",56.185836557,FALSE,FALSE
19,4319,63.190184049,206,120,61.958568738,329,531,326,TRUE,"AG","Siglistorf","Siglistorf","Siglistorf","Siglistorf AG","Siglistorf (AG)","Siglistorf (AG)","Aargau","Argovie","Argovia",56.185836557,FALSE,FALSE
19,4320,59.594095941,323,219,64.093567251,548,855,542,TRUE,"AG","Tegerfelden","Tegerfelden","Tegerfelden","Tegerfelden AG","Tegerfelden (AG)","Tegerfelden (AG)","Aargau","Argovie","Argovia",56.185836557,FALSE,FALSE
19,4324,58.968896464,1384,963,53.858338991,2380,4419,2347,TRUE,"AG","Zurzach","Zurzach","Zurzach","Zurzach AG","Zurzach (AG)","Zurzach (AG)","Aargau","Argovie","Argovia",56.185836557,FALSE,FALSE
20,4401,57.546951078,2482,1831,52.027027027,4466,8584,4313,TRUE,"TG","Arbon","Arbon","Arbon","Arbon TG","Arbon (TG)","Arbon (TG)","Thurgau","Thurgovie","Turgovia",60.132673799,FALSE,FALSE
20,4406,63.829787234,210,119,73.548387097,342,465,329,TRUE,"TG","Dozwil","Dozwil","Dozwil","Dozwil TG","Dozwil (TG)","Dozwil (TG)","Thurgau","Thurgovie","Turgovia",60.132673799,FALSE,FALSE
20,4411,65.13064133,1371,734,62.698183915,2175,3469,2105,TRUE,"TG","Egnach","Egnach","Egnach","Egnach TG","Egnach (TG)","Egnach (TG)","Thurgau","Thurgovie","Turgovia",60.132673799,FALSE,FALSE
20,4416,64.828897338,341,185,60.622914349,545,899,526,TRUE,"TG","Hefenhofen","Hefenhofen","Hefenhofen","Hefenhofen TG","Hefenhofen (TG)","Hefenhofen (TG)","Thurgau","Thurgovie","Turgovia",60.132673799,FALSE,FALSE
20,4421,65.948963317,827,427,59.402298851,1292,2175,1254,TRUE,"TG","Horn","Horn","Horn","Horn TG","Horn (TG)","Horn (TG)","Thurgau","Thurgovie","Turgovia",60.132673799,FALSE,FALSE
20,4426,60.138248848,261,173,68.325791855,453,663,434,TRUE,"TG","Kesswil","Kesswil","Kesswil","Kesswil TG","Kesswil (TG)","Kesswil (TG)","Thurgau","Thurgovie","Turgovia",60.132673799,FALSE,FALSE
20,4431,63.326374391,910,527,61.78556529,1481,2397,1437,TRUE,"TG","Roggwil TG","Roggwil (TG)","Roggwil TG","Roggwil TG","Roggwil (TG)","Roggwil (TG)","Thurgau","Thurgovie","Turgovia",60.132673799,FALSE,FALSE
20,4436,56.091370558,1989,1557,56.516348985,3647,6453,3546,TRUE,"TG","Romanshorn","Romanshorn","Romanshorn","Romanshorn TG","Romanshorn (TG)","Romanshorn (TG)","Thurgau","Thurgovie","Turgovia",60.132673799,FALSE,FALSE
20,4441,51.467268623,228,215,52.451539339,460,877,443,TRUE,"TG","Salmsach","Salmsach","Salmsach","Salmsach TG","Salmsach (TG)","Salmsach (TG)","Thurgau","Thurgovie","Turgovia",60.132673799,FALSE,FALSE
20,4446,59.706959707,163,110,64.7597254,283,437,273,TRUE,"TG","Sommeri","Sommeri","Sommeri","Sommeri TG","Sommeri (TG)","Sommeri (TG)","Thurgau","Thurgovie","Turgovia",60.132673799,FALSE,FALSE
20,4451,63.22815534,521,303,66.956521739,847,1265,824,TRUE,"TG","Uttwil","Uttwil","Uttwil","Uttwil TG","Uttwil (TG)","Uttwil (TG)","Thurgau","Thurgovie","Turgovia",60.132673799,FALSE,FALSE
20,4461,60.029069767,2478,1650,51.951399116,4233,8148,4128,TRUE,"TG","Amriswil","Amriswil","Amriswil","Amriswil TG","Amriswil (TG)","Amriswil (TG)","Thurgau","Thurgovie","Turgovia",60.132673799,FALSE,FALSE
20,4471,58.565153734,1200,849,56.742179072,2104,3708,2049,TRUE,"TG","Bischofszell","Bischofszell","Bischofszell","Bischofszell TG","Bischofszell (TG)","Bischofszell (TG)","Thurgau","Thurgovie","Turgovia",60.132673799,FALSE,FALSE
20,4476,63.222131814,777,452,57.536101083,1275,2216,1229,TRUE,"TG","Erlen","Erlen","Erlen","Erlen TG","Erlen (TG)","Erlen (TG)","Thurgau","Thurgovie","Turgovia",60.132673799,FALSE,FALSE
20,4486,61.832946636,533,329,60.935350757,886,1454,862,TRUE,"TG","Hauptwil-Gottshaus","Hauptwil-Gottshaus","Hauptwil-Gottshaus","Hauptwil-Gottshaus TG","Hauptwil-Gottshaus (TG)","Hauptwil-Gottshaus (TG)","Thurgau","Thurgovie","Turgovia",60.132673799,FALSE,FALSE
20,4495,65.538461538,213,112,67.280163599,329,489,325,TRUE,"TG","Hohentannen","Hohentannen","Hohentannen","Hohentannen TG","Hohentannen (TG)","Hohentannen (TG)","Thurgau","Thurgovie","Turgovia",60.132673799,FALSE,FALSE
20,4501,63.219284603,813,473,58.373626374,1328,2275,1286,TRUE,"TG","Kradolf-Schönenberg","Kradolf-Schönenberg","Kradolf-Schönenberg","Kradolf-Schönenberg TG","Kradolf-Schönenberg (TG)","Kradolf-Schönenberg (TG)","Thurgau","Thurgovie","Turgovia",60.132673799,FALSE,FALSE
20,4506,64.692653673,863,471,56.634973129,1370,2419,1334,TRUE,"TG","Sulgen","Sulgen","Sulgen","Sulgen TG","Sulgen (TG)","Sulgen (TG)","Thurgau","Thurgovie","Turgovia",60.132673799,FALSE,FALSE
20,4511,64.637681159,669,366,61.865889213,1061,1715,1035,TRUE,"TG","Zihlschlacht-Sitterdorf","Zihlschlacht-Sitterdorf","Zihlschlacht-Sitterdorf","Zihlschlacht-Sitterdorf TG","Zihlschlacht-Sitterdorf (TG)","Zihlschlacht-Sitterdorf (TG)","Thurgau","Thurgovie","Turgovia",60.132673799,FALSE,FALSE
20,4536,58.168316832,470,338,65.566037736,834,1272,808,TRUE,"TG","Basadingen-Schlattingen","Basadingen-Schlattingen","Basadingen-Schlattingen","Basadingen-Schlattingen TG","Basadingen-Schlattingen (TG)","Basadingen-Schlattingen (TG)","Thurgau","Thurgovie","Turgovia",60.132673799,FALSE,FALSE
20,4545,60.41322314,731,479,58.88372093,1266,2150,1210,TRUE,"TG","Diessenhofen","Diessenhofen","Diessenhofen","Diessenhofen TG","Diessenhofen (TG)","Diessenhofen (TG)","Thurgau","Thurgovie","Turgovia",60.132673799,FALSE,FALSE
20,4546,62.51572327,497,298,64.921875,831,1280,795,TRUE,"TG","Schlatt TG","Schlatt (TG)","Schlatt TG","Schlatt TG","Schlatt (TG)","Schlatt (TG)","Thurgau","Thurgovie","Turgovia",60.132673799,FALSE,FALSE
20,4551,59.566022757,2251,1528,60.586774294,3903,6442,3779,TRUE,"TG","Aadorf","Aadorf","Aadorf","Aadorf TG","Aadorf (TG)","Aadorf (TG)","Thurgau","Thurgovie","Turgovia",60.132673799,FALSE,FALSE
20,4561,64.08839779,696,390,53.671245855,1133,2111,1086,TRUE,"TG","Felben-Wellhausen","Felben-Wellhausen","Felben-Wellhausen","Felben-Wellhausen TG","Felben-Wellhausen (TG)","Felben-Wellhausen (TG)","Thurgau","Thurgovie","Turgovia",60.132673799,FALSE,FALSE
20,4566,56.558738066,5450,4186,60.872753942,9960,16362,9636,TRUE,"TG","Frauenfeld","Frauenfeld","Frauenfeld","Frauenfeld TG","Frauenfeld (TG)","Frauenfeld (TG)","Thurgau","Thurgovie","Turgovia",60.132673799,FALSE,FALSE
20,4571,60.692002269,1070,693,58.518049398,1848,3158,1763,TRUE,"TG","Gachnang","Gachnang","Gachnang","Gachnang TG","Gachnang (TG)","Gachnang (TG)","Thurgau","Thurgovie","Turgovia",60.132673799,FALSE,FALSE
20,4590,61.757105943,239,148,66.338259442,404,609,387,TRUE,"TG","Hüttlingen","Hüttlingen","Hüttlingen","Hüttlingen TG","Hüttlingen (TG)","Hüttlingen (TG)","Thurgau","Thurgovie","Turgovia",60.132673799,FALSE,FALSE
20,4591,60.714285714,595,385,53.605015674,1026,1914,980,TRUE,"TG","Matzingen","Matzingen","Matzingen","Matzingen TG","Matzingen (TG)","Matzingen (TG)","Thurgau","Thurgovie","Turgovia",60.132673799,FALSE,FALSE
20,4601,67.391304348,372,180,68.04245283,577,848,552,TRUE,"TG","Neunforn","Neunforn","Neunforn","Neunforn TG","Neunforn (TG)","Neunforn (TG)","Thurgau","Thurgovie","Turgovia",60.132673799,FALSE,FALSE
20,4606,68.369028007,415,192,69.555555556,626,900,607,TRUE,"TG","Stettfurt","Stettfurt","Stettfurt","Stettfurt TG","Stettfurt (TG)","Stettfurt (TG)","Thurgau","Thurgovie","Turgovia",60.132673799,FALSE,FALSE
20,4611,61.508452536,473,296,63.266932271,794,1255,769,TRUE,"TG","Thundorf","Thundorf","Thundorf","Thundorf TG","Thundorf (TG)","Thundorf (TG)","Thurgau","Thurgovie","Turgovia",60.132673799,FALSE,FALSE
20,4616,67.109634551,404,198,69.710467706,626,898,602,TRUE,"TG","Uesslingen-Buch","Uesslingen-Buch","Uesslingen-Buch","Uesslingen-Buch TG","Uesslingen-Buch (TG)","Uesslingen-Buch (TG)","Thurgau","Thurgovie","Turgovia",60.132673799,FALSE,FALSE
20,4621,65.671641791,440,230,64.943609023,691,1064,670,TRUE,"TG","Warth-Weiningen","Warth-Weiningen","Warth-Weiningen","Warth-Weiningen TG","Warth-Weiningen (TG)","Warth-Weiningen (TG)","Thurgau","Thurgovie","Turgovia",60.132673799,FALSE,FALSE
20,4641,53.426124197,499,435,65.994436718,949,1438,934,TRUE,"TG","Altnau","Altnau","Altnau","Altnau TG","Altnau (TG)","Altnau (TG)","Thurgau","Thurgovie","Turgovia",60.132673799,FALSE,FALSE
20,4643,58.089033659,535,386,66.501766784,941,1415,921,TRUE,"TG","Bottighofen","Bottighofen","Bottighofen","Bottighofen TG","Bottighofen (TG)","Bottighofen (TG)","Thurgau","Thurgovie","Turgovia",60.132673799,FALSE,FALSE
20,4646,58.642857143,821,579,66.227272727,1457,2200,1400,TRUE,"TG","Ermatingen","Ermatingen","Ermatingen","Ermatingen TG","Ermatingen (TG)","Ermatingen (TG)","Thurgau","Thurgovie","Turgovia",60.132673799,FALSE,FALSE
20,4651,58.67768595,71,50,72.781065089,123,169,121,TRUE,"TG","Gottlieben","Gottlieben","Gottlieben","Gottlieben TG","Gottlieben (TG)","Gottlieben (TG)","Thurgau","Thurgovie","Turgovia",60.132673799,FALSE,FALSE
20,4656,56.438356164,412,318,64.620630861,758,1173,730,TRUE,"TG","Güttingen","Güttingen","Güttingen","Güttingen TG","Güttingen (TG)","Güttingen (TG)","Thurgau","Thurgovie","Turgovia",60.132673799,FALSE,FALSE
20,4666,61.137440758,645,410,62.507026419,1112,1779,1055,TRUE,"TG","Kemmental","Kemmental","Kemmental","Kemmental TG","Kemmental (TG)","Kemmental (TG)","Thurgau","Thurgovie","Turgovia",60.132673799,FALSE,FALSE
20,4671,52.693987934,2533,2274,58.693858305,4979,8483,4807,TRUE,"TG","Kreuzlingen","Kreuzlingen","Kreuzlingen","Kreuzlingen TG","Kreuzlingen (TG)","Kreuzlingen (TG)","Thurgau","Thurgovie","Turgovia",60.132673799,FALSE,FALSE
20,4681,62.539184953,399,239,66.531850354,658,989,638,TRUE,"TG","Langrickenbach","Langrickenbach","Langrickenbach","Langrickenbach TG","Langrickenbach (TG)","Langrickenbach (TG)","Thurgau","Thurgovie","Turgovia",60.132673799,FALSE,FALSE
20,4683,58.333333333,364,260,64.179104478,645,1005,624,TRUE,"TG","Lengwil","Lengwil","Lengwil","Lengwil TG","Lengwil (TG)","Lengwil (TG)","Thurgau","Thurgovie","Turgovia",60.132673799,FALSE,FALSE
20,4691,52.702702703,585,525,64.858757062,1148,1770,1110,TRUE,"TG","Münsterlingen","Münsterlingen","Münsterlingen","Münsterlingen TG","Münsterlingen (TG)","Münsterlingen (TG)","Thurgau","Thurgovie","Turgovia",60.132673799,FALSE,FALSE
20,4696,56.549935149,872,670,60.815868263,1625,2672,1542,TRUE,"TG","Tägerwilen","Tägerwilen","Tägerwilen","Tägerwilen TG","Tägerwilen (TG)","Tägerwilen (TG)","Thurgau","Thurgovie","Turgovia",60.132673799,FALSE,FALSE
20,4701,66.94214876,324,160,65.771812081,490,745,484,TRUE,"TG","Wäldi","Wäldi","Wäldi","Wäldi TG","Wäldi (TG)","Wäldi (TG)","Thurgau","Thurgovie","Turgovia",60.132673799,FALSE,FALSE
20,4711,68.20702403,738,344,62.694877506,1126,1796,1082,TRUE,"TG","Affeltrangen","Affeltrangen","Affeltrangen","Affeltrangen TG","Affeltrangen (TG)","Affeltrangen (TG)","Thurgau","Thurgovie","Turgovia",60.132673799,FALSE,FALSE
20,4716,68.993839836,336,151,59.543817527,496,833,487,TRUE,"TG","Bettwiesen","Bettwiesen","Bettwiesen","Bettwiesen TG","Bettwiesen (TG)","Bettwiesen (TG)","Thurgau","Thurgovie","Turgovia",60.132673799,FALSE,FALSE
20,4721,63.694779116,793,452,60.227272727,1272,2112,1245,TRUE,"TG","Bichelsee-Balterswil","Bichelsee-Balterswil","Bichelsee-Balterswil","Bichelsee-Balterswil TG","Bichelsee-Balterswil (TG)","Bichelsee-Balterswil (TG)","Thurgau","Thurgovie","Turgovia",60.132673799,FALSE,FALSE
20,4723,62.75,251,149,64.678178964,412,637,400,TRUE,"TG","Braunau","Braunau","Braunau","Braunau TG","Braunau (TG)","Braunau (TG)","Thurgau","Thurgovie","Turgovia",60.132673799,FALSE,FALSE
20,4724,61.078794289,1155,736,58.457860132,1956,3346,1891,TRUE,"TG","Eschlikon","Eschlikon","Eschlikon","Eschlikon TG","Eschlikon (TG)","Eschlikon (TG)","Thurgau","Thurgovie","Turgovia",60.132673799,FALSE,FALSE
20,4726,61.479198767,798,500,61.390667887,1342,2186,1298,TRUE,"TG","Fischingen","Fischingen","Fischingen","Fischingen TG","Fischingen (TG)","Fischingen (TG)","Thurgau","Thurgovie","Turgovia",60.132673799,FALSE,FALSE
20,4741,61.658031088,357,222,63.626609442,593,932,579,TRUE,"TG","Lommis","Lommis","Lommis","Lommis TG","Lommis (TG)","Lommis (TG)","Thurgau","Thurgovie","Turgovia",60.132673799,FALSE,FALSE
20,4746,59.376708584,1086,743,51.130482157,1877,3671,1829,TRUE,"TG","Münchwilen TG","Münchwilen (TG)","Münchwilen TG","Münchwilen TG","Münchwilen (TG)","Münchwilen (TG)","Thurgau","Thurgovie","Turgovia",60.132673799,FALSE,FALSE
20,4751,58.869908016,448,313,51.587301587,780,1512,761,TRUE,"TG","Rickenbach TG","Rickenbach (TG)","Rickenbach TG","Rickenbach TG","Rickenbach (TG)","Rickenbach (TG)","Thurgau","Thurgovie","Turgovia",60.132673799,FALSE,FALSE
20,4756,66.336633663,268,136,66.393442623,405,610,404,TRUE,"TG","Schönholzerswilen","Schönholzerswilen","Schönholzerswilen","Schönholzerswilen TG","Schönholzerswilen (TG)","Schönholzerswilen (TG)","Thurgau","Thurgovie","Turgovia",60.132673799,FALSE,FALSE
20,4761,61.367978601,1606,1011,53.20437671,2723,5118,2617,TRUE,"TG","Sirnach","Sirnach","Sirnach","Sirnach TG","Sirnach (TG)","Sirnach (TG)","Thurgau","Thurgovie","Turgovia",60.132673799,FALSE,FALSE
20,4776,61.949685535,394,242,59.75177305,674,1128,636,TRUE,"TG","Tobel-Tägerschen","Tobel-Tägerschen","Tobel-Tägerschen","Tobel-Tägerschen TG","Tobel-Tägerschen (TG)","Tobel-Tägerschen (TG)","Thurgau","Thurgovie","Turgovia",60.132673799,FALSE,FALSE
20,4781,63.551401869,1224,702,60.982223561,2024,3319,1926,TRUE,"TG","Wängi","Wängi","Wängi","Wängi TG","Wängi (TG)","Wängi (TG)","Thurgau","Thurgovie","Turgovia",60.132673799,FALSE,FALSE
20,4786,61.303890641,583,368,59.765865681,970,1623,951,TRUE,"TG","Wilen TG","Wilen (TG)","Wilen TG","Wilen TG","Wilen (TG)","Wilen (TG)","Thurgau","Thurgovie","Turgovia",60.132673799,FALSE,FALSE
20,4791,59.892086331,333,223,68.143712575,569,835,556,TRUE,"TG","Wuppenau","Wuppenau","Wuppenau","Wuppenau TG","Wuppenau (TG)","Wuppenau (TG)","Thurgau","Thurgovie","Turgovia",60.132673799,FALSE,FALSE
20,4801,60.64690027,225,146,65.570934256,379,578,371,TRUE,"TG","Berlingen","Berlingen","Berlingen","Berlingen TG","Berlingen (TG)","Berlingen (TG)","Thurgau","Thurgovie","Turgovia",60.132673799,FALSE,FALSE
20,4806,63.178807947,477,278,61.957379637,785,1267,755,TRUE,"TG","Eschenz","Eschenz","Eschenz","Eschenz TG","Eschenz (TG)","Eschenz (TG)","Thurgau","Thurgovie","Turgovia",60.132673799,FALSE,FALSE
20,4811,62.661737523,339,202,68.187422935,553,811,541,TRUE,"TG","Herdern","Herdern","Herdern","Herdern TG","Herdern (TG)","Herdern (TG)","Thurgau","Thurgovie","Turgovia",60.132673799,FALSE,FALSE
20,4816,65.972222222,475,245,66.6367713,743,1115,720,TRUE,"TG","Homburg","Homburg","Homburg","Homburg TG","Homburg (TG)","Homburg (TG)","Thurgau","Thurgovie","Turgovia",60.132673799,FALSE,FALSE
20,4821,61.39088729,512,322,68.699839486,856,1246,834,TRUE,"TG","Hüttwilen","Hüttwilen","Hüttwilen","Hüttwilen TG","Hüttwilen (TG)","Hüttwilen (TG)","Thurgau","Thurgovie","Turgovia",60.132673799,FALSE,FALSE
20,4826,61.940298507,166,102,68.564356436,277,404,268,TRUE,"TG","Mammern","Mammern","Mammern","Mammern TG","Mammern (TG)","Mammern (TG)","Thurgau","Thurgovie","Turgovia",60.132673799,FALSE,FALSE
20,4831,65.183917879,762,407,55.03875969,1207,2193,1169,TRUE,"TG","Müllheim","Müllheim","Müllheim","Müllheim TG","Müllheim (TG)","Müllheim (TG)","Thurgau","Thurgovie","Turgovia",60.132673799,FALSE,FALSE
20,4841,60.302677532,518,341,57.65171504,874,1516,859,TRUE,"TG","Pfyn","Pfyn","Pfyn","Pfyn TG","Pfyn (TG)","Pfyn (TG)","Thurgau","Thurgovie","Turgovia",60.132673799,FALSE,FALSE
20,4846,60.849056604,129,83,67.936507937,214,315,212,TRUE,"TG","Raperswilen","Raperswilen","Raperswilen","Raperswilen TG","Raperswilen (TG)","Raperswilen (TG)","Thurgau","Thurgovie","Turgovia",60.132673799,FALSE,FALSE
20,4851,63.130434783,363,212,66.516347238,590,887,575,TRUE,"TG","Salenstein","Salenstein","Salenstein","Salenstein TG","Salenstein (TG)","Salenstein (TG)","Thurgau","Thurgovie","Turgovia",60.132673799,FALSE,FALSE
20,4864,56.638418079,802,614,60.361099713,1471,2437,1416,TRUE,"TG","Steckborn","Steckborn","Steckborn","Steckborn TG","Steckborn (TG)","Steckborn (TG)","Thurgau","Thurgovie","Turgovia",60.132673799,FALSE,FALSE
20,4871,59.201141227,415,286,63.51590106,719,1132,701,TRUE,"TG","Wagenhausen","Wagenhausen","Wagenhausen","Wagenhausen TG","Wagenhausen (TG)","Wagenhausen (TG)","Thurgau","Thurgovie","Turgovia",60.132673799,FALSE,FALSE
20,4881,62.02143951,405,248,66.236345581,667,1007,653,TRUE,"TG","Amlikon-Bissegg","Amlikon-Bissegg","Amlikon-Bissegg","Amlikon-Bissegg TG","Amlikon-Bissegg (TG)","Amlikon-Bissegg (TG)","Thurgau","Thurgovie","Turgovia",60.132673799,FALSE,FALSE
20,4891,63.108108108,934,546,62.540453074,1546,2472,1480,TRUE,"TG","Berg TG","Berg (TG)","Berg TG","Berg TG","Berg (TG)","Berg (TG)","Thurgau","Thurgovie","Turgovia",60.132673799,FALSE,FALSE
20,4901,60.821484992,385,248,64.894684052,647,997,633,TRUE,"TG","Birwinken","Birwinken","Birwinken","Birwinken TG","Birwinken (TG)","Birwinken (TG)","Thurgau","Thurgovie","Turgovia",60.132673799,FALSE,FALSE
20,4911,64.956590371,823,444,56.325301205,1309,2324,1267,TRUE,"TG","Bürglen TG","Bürglen (TG)","Bürglen TG","Bürglen TG","Bürglen (TG)","Bürglen (TG)","Thurgau","Thurgovie","Turgovia",60.132673799,FALSE,FALSE
20,4921,63.548698168,659,378,64.067186563,1068,1667,1037,TRUE,"TG","Bussnang","Bussnang","Bussnang","Bussnang TG","Bussnang (TG)","Bussnang (TG)","Thurgau","Thurgovie","Turgovia",60.132673799,FALSE,FALSE
20,4941,64.724660814,811,442,63.505461768,1279,2014,1253,TRUE,"TG","Märstetten","Märstetten","Märstetten","Märstetten TG","Märstetten (TG)","Märstetten (TG)","Thurgau","Thurgovie","Turgovia",60.132673799,FALSE,FALSE
20,4946,57.548845471,2592,1912,60.635950681,4672,7705,4504,TRUE,"TG","Weinfelden","Weinfelden","Weinfelden","Weinfelden TG","Weinfelden (TG)","Weinfelden (TG)","Thurgau","Thurgovie","Turgovia",60.132673799,FALSE,FALSE
20,4951,61.472275335,643,403,63.099415205,1079,1710,1046,TRUE,"TG","Wigoltingen","Wigoltingen","Wigoltingen","Wigoltingen TG","Wigoltingen (TG)","Wigoltingen (TG)","Thurgau","Thurgovie","Turgovia",60.132673799,FALSE,FALSE
21,5001,54.229195089,795,671,48.156318941,1528,3173,1466,TRUE,"TI","Arbedo-Castione","Arbedo-Castione","Arbedo-Castione","Arbedo-Castione TI","Arbedo-Castione (TI)","Arbedo-Castione (TI)","Tessin","Tessin","Ticino",53.862062114,FALSE,FALSE
21,5002,50.959054255,6509,6264,46.961522079,13230,28172,12773,TRUE,"TI","Bellinzona","Bellinzone","Bellinzona","Bellinzona TI","Bellinzone (TI)","Bellinzona (TI)","Tessin","Tessin","Ticino",53.862062114,FALSE,FALSE
21,5003,55.769230769,348,276,43.792633015,642,1466,624,TRUE,"TI","Cadenazzo","Cadenazzo","Cadenazzo","Cadenazzo TI","Cadenazzo (TI)","Cadenazzo (TI)","Tessin","Tessin","Ticino",53.862062114,FALSE,FALSE
21,5009,69.047619048,116,52,57.556270096,179,311,168,TRUE,"TI","Isone","Isone","Isone","Isone TI","Isone (TI)","Isone (TI)","Tessin","Tessin","Ticino",53.862062114,FALSE,FALSE
21,5010,54.460093897,348,291,58.275261324,669,1148,639,TRUE,"TI","Lumino","Lumino","Lumino","Lumino TI","Lumino (TI)","Lumino (TI)","Tessin","Tessin","Ticino",53.862062114,FALSE,FALSE
21,5017,57.547169811,427,315,47.365196078,773,1632,742,TRUE,"TI","Sant'Antonino","Sant'Antonino","Sant'Antonino","Sant'Antonino TI","Sant'Antonino (TI)","Sant'Antonino (TI)","Tessin","Tessin","Ticino",53.862062114,FALSE,FALSE
21,5048,58.466453674,366,260,43.622795115,643,1474,626,TRUE,"TI","Acquarossa","Acquarossa","Acquarossa","Acquarossa TI","Acquarossa (TI)","Acquarossa (TI)","Tessin","Tessin","Ticino",53.862062114,FALSE,FALSE
21,5049,61.686390533,417,259,47.745901639,699,1464,676,TRUE,"TI","Blenio","Blenio","Blenio","Blenio TI","Blenio (TI)","Blenio (TI)","Tessin","Tessin","Ticino",53.862062114,FALSE,FALSE
21,5050,54.994124559,468,383,45.548654244,880,1932,851,TRUE,"TI","Serravalle","Serravalle","Serravalle","Serravalle TI","Serravalle (TI)","Serravalle (TI)","Tessin","Tessin","Ticino",53.862062114,FALSE,FALSE
21,5061,71.352313167,401,161,59.194214876,573,968,562,TRUE,"TI","Airolo","Airolo","Airolo","Airolo TI","Airolo (TI)","Airolo (TI)","Tessin","Tessin","Ticino",53.862062114,FALSE,FALSE
21,5063,62.337662338,48,29,69.298245614,79,114,77,TRUE,"TI","Bedretto","Bedretto","Bedretto","Bedretto TI","Bedretto (TI)","Bedretto (TI)","Tessin","Tessin","Ticino",53.862062114,FALSE,FALSE
21,5071,59.550561798,53,36,57.763975155,93,161,89,TRUE,"TI","Dalpe","Dalpe","Dalpe","Dalpe TI","Dalpe (TI)","Dalpe (TI)","Tessin","Tessin","Ticino",53.862062114,FALSE,FALSE
21,5072,62.307692308,648,392,53.13890262,1075,2023,1040,TRUE,"TI","Faido","Faido","Faido","Faido TI","Faido (TI)","Faido (TI)","Tessin","Tessin","Ticino",53.862062114,FALSE,FALSE
21,5073,57.300884956,259,193,47.304170905,465,983,452,TRUE,"TI","Giornico","Giornico","Giornico","Giornico TI","Giornico (TI)","Giornico (TI)","Tessin","Tessin","Ticino",53.862062114,FALSE,FALSE
21,5076,59.85915493,85,57,63.247863248,148,234,142,TRUE,"TI","Personico","Personico","Personico","Personico TI","Personico (TI)","Personico (TI)","Tessin","Tessin","Ticino",53.862062114,FALSE,FALSE
21,5077,54.852320675,130,107,46.96969697,248,528,237,TRUE,"TI","Pollegio","Pollegio","Pollegio","Pollegio TI","Pollegio (TI)","Pollegio (TI)","Tessin","Tessin","Ticino",53.862062114,FALSE,FALSE
21,5079,63.533834586,338,194,58.21845175,549,943,532,TRUE,"TI","Quinto","Quinto","Quinto","Quinto TI","Quinto (TI)","Quinto (TI)","Tessin","Tessin","Ticino",53.862062114,FALSE,FALSE
21,5091,57.37009544,1082,804,56.103086944,1981,3531,1886,TRUE,"TI","Ascona","Ascona","Ascona","Ascona TI","Ascona (TI)","Ascona (TI)","Tessin","Tessin","Ticino",53.862062114,FALSE,FALSE
21,5096,60.655737705,111,72,57.317073171,188,328,183,TRUE,"TI","Brione sopra Minusio","Brione sopra Minusio","Brione sopra Minusio","Brione sopra Minusio TI","Brione sopra Minusio (TI)","Brione sopra Minusio (TI)","Tessin","Tessin","Ticino",53.862062114,FALSE,FALSE
21,5097,57.142857143,356,267,54.079058032,643,1189,623,TRUE,"TI","Brissago","Brissago","Brissago","Brissago TI","Brissago (TI)","Brissago (TI)","Tessin","Tessin","Ticino",53.862062114,FALSE,FALSE
21,5108,56.700379267,897,685,48.77903514,1638,3358,1582,TRUE,"TI","Gordola","Gordola","Gordola","Gordola TI","Gordola (TI)","Gordola (TI)","Tessin","Tessin","Ticino",53.862062114,FALSE,FALSE
21,5112,46.49122807,159,183,49.173553719,357,726,342,TRUE,"TI","Lavertezzo","Lavertezzo","Lavertezzo","Lavertezzo TI","Lavertezzo (TI)","Lavertezzo (TI)","Tessin","Tessin","Ticino",53.862062114,FALSE,FALSE
21,5113,48.479809976,2041,2169,45.436191691,4276,9411,4210,TRUE,"TI","Locarno","Locarno","Locarno","Locarno TI","Locarno (TI)","Locarno (TI)","Tessin","Tessin","Ticino",53.862062114,FALSE,FALSE
21,5115,54.460784314,1111,929,48.832369942,2112,4325,2040,TRUE,"TI","Losone","Losone","Losone","Losone TI","Losone (TI)","Losone (TI)","Tessin","Tessin","Ticino",53.862062114,FALSE,FALSE
21,5117,36.082474227,35,62,61.349693252,100,163,97,TRUE,"TI","Mergoscia","Mergoscia","Mergoscia","Mergoscia TI","Mergoscia (TI)","Mergoscia (TI)","Tessin","Tessin","Ticino",53.862062114,FALSE,FALSE
21,5118,52.081727062,1351,1243,55.091649695,2705,4910,2594,TRUE,"TI","Minusio","Minusio","Minusio","Minusio TI","Minusio (TI)","Minusio (TI)","Tessin","Tessin","Ticino",53.862062114,FALSE,FALSE
21,5120,56.351039261,488,378,51.936619718,885,1704,866,TRUE,"TI","Muralto","Muralto","Muralto","Muralto TI","Muralto (TI)","Muralto (TI)","Tessin","Tessin","Ticino",53.862062114,FALSE,FALSE
21,5121,53.846153846,161,138,58.285714286,306,525,299,TRUE,"TI","Orselina","Orselina","Orselina","Orselina TI","Orselina (TI)","Orselina (TI)","Tessin","Tessin","Ticino",53.862062114,FALSE,FALSE
21,5125,58.823529412,130,91,59.268929504,227,383,221,TRUE,"TI","Ronco sopra Ascona","Ronco sopra Ascona","Ronco sopra Ascona","Ronco sopra Ascona TI","Ronco sopra Ascona (TI)","Ronco sopra Ascona (TI)","Tessin","Tessin","Ticino",53.862062114,FALSE,FALSE
21,5131,51.770334928,541,504,50.231053604,1087,2164,1045,TRUE,"TI","Tenero-Contra","Tenero-Contra","Tenero-Contra","Tenero-Contra TI","Tenero-Contra (TI)","Tenero-Contra (TI)","Tessin","Tessin","Ticino",53.862062114,FALSE,FALSE
21,5136,44.582043344,144,179,41.530740276,331,797,323,TRUE,"TI","Onsernone","Onsernone","Onsernone","Onsernone TI","Onsernone (TI)","Onsernone (TI)","Tessin","Tessin","Ticino",53.862062114,FALSE,FALSE
21,5138,49.319066148,507,521,51.794374394,1068,2062,1028,TRUE,"TI","Cugnasco-Gerra","Cugnasco-Gerra","Cugnasco-Gerra","Cugnasco-Gerra TI","Cugnasco-Gerra (TI)","Cugnasco-Gerra (TI)","Tessin","Tessin","Ticino",53.862062114,FALSE,FALSE
21,5141,55.723370429,701,557,47.099853157,1283,2724,1258,TRUE,"TI","Agno","Agno","Agno","Agno TI","Agno (TI)","Agno (TI)","Tessin","Tessin","Ticino",53.862062114,FALSE,FALSE
21,5143,44.360902256,59,74,56.790123457,138,243,133,TRUE,"TI","Aranno","Aranno","Aranno","Aranno TI","Aranno (TI)","Aranno (TI)","Tessin","Tessin","Ticino",53.862062114,FALSE,FALSE
21,5144,45.604395604,166,198,50.472334683,374,741,364,TRUE,"TI","Arogno","Arogno","Arogno","Arogno TI","Arogno (TI)","Arogno (TI)","Tessin","Tessin","Ticino",53.862062114,FALSE,FALSE
21,5148,53.584229391,299,259,54.424357755,572,1051,558,TRUE,"TI","Bedano","Bedano","Bedano","Bedano TI","Bedano (TI)","Bedano (TI)","Tessin","Tessin","Ticino",53.862062114,FALSE,FALSE
21,5151,58.706467662,590,415,51.814516129,1028,1984,1005,TRUE,"TI","Bioggio","Bioggio","Bioggio","Bioggio TI","Bioggio (TI)","Bioggio (TI)","Tessin","Tessin","Ticino",53.862062114,FALSE,FALSE
21,5154,61.423220974,164,103,55.828220859,273,489,267,TRUE,"TI","Bissone","Bissone","Bissone","Bissone TI","Bissone (TI)","Bissone (TI)","Tessin","Tessin","Ticino",53.862062114,FALSE,FALSE
21,5160,56.930693069,115,87,59.773371105,211,353,202,TRUE,"TI","Brusino Arsizio","Brusino Arsizio","Brusino Arsizio","Brusino Arsizio TI","Brusino Arsizio (TI)","Brusino Arsizio (TI)","Tessin","Tessin","Ticino",53.862062114,FALSE,FALSE
21,5161,61.073825503,182,116,56.630824373,316,558,298,TRUE,"TI","Cademario","Cademario","Cademario","Cademario TI","Cademario (TI)","Cademario (TI)","Tessin","Tessin","Ticino",53.862062114,FALSE,FALSE
21,5162,53.58490566,284,246,53.617443013,541,1009,530,TRUE,"TI","Cadempino","Cadempino","Cadempino","Cadempino TI","Cadempino (TI)","Cadempino (TI)","Tessin","Tessin","Ticino",53.862062114,FALSE,FALSE
21,5167,60.026560425,452,301,53.324287653,786,1474,753,TRUE,"TI","Canobbio","Canobbio","Canobbio","Canobbio TI","Canobbio (TI)","Canobbio (TI)","Tessin","Tessin","Ticino",53.862062114,FALSE,FALSE
21,5171,53.997289973,797,679,54.122245913,1523,2814,1476,TRUE,"TI","Caslano","Caslano","Caslano","Caslano TI","Caslano (TI)","Caslano (TI)","Tessin","Tessin","Ticino",53.862062114,FALSE,FALSE
21,5176,51.050420168,486,466,62.206721623,981,1577,952,TRUE,"TI","Comano","Comano","Comano","Comano TI","Comano (TI)","Comano (TI)","Tessin","Tessin","Ticino",53.862062114,FALSE,FALSE
21,5180,58.732876712,343,241,58.143939394,614,1056,584,TRUE,"TI","Cureglia","Cureglia","Cureglia","Cureglia TI","Cureglia (TI)","Cureglia (TI)","Tessin","Tessin","Ticino",53.862062114,FALSE,FALSE
21,5186,54.263565891,70,59,46.68989547,134,287,129,TRUE,"TI","Grancia","Grancia","Grancia","Grancia TI","Grancia (TI)","Grancia (TI)","Tessin","Tessin","Ticino",53.862062114,FALSE,FALSE
21,5187,57.478632479,269,199,52.297592998,478,914,468,TRUE,"TI","Gravesano","Gravesano","Gravesano","Gravesano TI","Gravesano (TI)","Gravesano (TI)","Tessin","Tessin","Ticino",53.862062114,FALSE,FALSE
21,5189,56.344086022,262,203,49.691991786,484,974,465,TRUE,"TI","Lamone","Lamone","Lamone","Lamone TI","Lamone (TI)","Lamone (TI)","Tessin","Tessin","Ticino",53.862062114,FALSE,FALSE
21,5192,54.389657246,9045,7585,49.016684823,17098,34882,16630,TRUE,"TI","Lugano","Lugano","Lugano","Lugano TI","Lugano (TI)","Lugano (TI)","Tessin","Tessin","Ticino",53.862062114,FALSE,FALSE
21,5193,49.333333333,296,304,55,616,1120,600,TRUE,"TI","Magliaso","Magliaso","Magliaso","Magliaso TI","Magliaso (TI)","Magliaso (TI)","Tessin","Tessin","Ticino",53.862062114,FALSE,FALSE
21,5194,59.426229508,290,198,57.988826816,519,895,488,TRUE,"TI","Manno","Manno","Manno","Manno TI","Manno (TI)","Manno (TI)","Tessin","Tessin","Ticino",53.862062114,FALSE,FALSE
21,5196,52.606060606,868,782,49.024177105,1683,3433,1650,TRUE,"TI","Massagno","Massagno","Massagno","Massagno TI","Massagno (TI)","Massagno (TI)","Tessin","Tessin","Ticino",53.862062114,FALSE,FALSE
21,5198,54.934823091,295,242,55.134596211,553,1003,537,TRUE,"TI","Melide","Melide","Melide","Melide TI","Melide (TI)","Melide (TI)","Tessin","Tessin","Ticino",53.862062114,FALSE,FALSE
21,5199,63.518518519,343,197,56.464646465,559,990,540,TRUE,"TI","Mezzovico-Vira","Mezzovico-Vira","Mezzovico-Vira","Mezzovico-Vira TI","Mezzovico-Vira (TI)","Mezzovico-Vira (TI)","Tessin","Tessin","Ticino",53.862062114,FALSE,FALSE
21,5203,65.022421525,145,78,59.840425532,225,376,223,TRUE,"TI","Morcote","Morcote","Morcote","Morcote TI","Morcote (TI)","Morcote (TI)","Tessin","Tessin","Ticino",53.862062114,FALSE,FALSE
21,5205,54.437869822,184,154,60.945709282,348,571,338,TRUE,"TI","Muzzano","Muzzano","Muzzano","Muzzano TI","Muzzano (TI)","Muzzano (TI)","Tessin","Tessin","Ticino",53.862062114,FALSE,FALSE
21,5206,56.551724138,82,63,59.288537549,150,253,145,TRUE,"TI","Neggio","Neggio","Neggio","Neggio TI","Neggio (TI)","Neggio (TI)","Tessin","Tessin","Ticino",53.862062114,FALSE,FALSE
21,5208,51.001540832,331,318,61.882572227,664,1073,649,TRUE,"TI","Origlio","Origlio","Origlio","Origlio TI","Origlio (TI)","Origlio (TI)","Tessin","Tessin","Ticino",53.862062114,FALSE,FALSE
21,5210,53.462940462,440,383,47.501403706,846,1781,823,TRUE,"TI","Paradiso","Paradiso","Paradiso","Paradiso TI","Paradiso (TI)","Paradiso (TI)","Tessin","Tessin","Ticino",53.862062114,FALSE,FALSE
21,5212,52.719665272,378,339,55.421686747,736,1328,717,TRUE,"TI","Ponte Capriasca","Ponte Capriasca","Ponte Capriasca","Ponte Capriasca TI","Ponte Capriasca (TI)","Ponte Capriasca (TI)","Tessin","Tessin","Ticino",53.862062114,FALSE,FALSE
21,5214,56.027164686,330,259,55.443732845,606,1093,589,TRUE,"TI","Porza","Porza","Porza","Porza TI","Porza (TI)","Porza (TI)","Tessin","Tessin","Ticino",53.862062114,FALSE,FALSE
21,5216,53.903345725,290,248,56.862745098,551,969,538,TRUE,"TI","Pura","Pura","Pura","Pura TI","Pura (TI)","Pura (TI)","Tessin","Tessin","Ticino",53.862062114,FALSE,FALSE
21,5221,54.545454545,384,320,53.092783505,721,1358,704,TRUE,"TI","Savosa","Savosa","Savosa","Savosa TI","Savosa (TI)","Savosa (TI)","Tessin","Tessin","Ticino",53.862062114,FALSE,FALSE
21,5225,53.203342618,382,336,58.781074579,733,1247,718,TRUE,"TI","Sorengo","Sorengo","Sorengo","Sorengo TI","Sorengo (TI)","Sorengo (TI)","Tessin","Tessin","Ticino",53.862062114,FALSE,FALSE
21,5226,50.245005654,1333,1320,53.506544247,2739,5119,2653,TRUE,"TI","Capriasca","Capriasca","Capriasca","Capriasca TI","Capriasca (TI)","Capriasca (TI)","Tessin","Tessin","Ticino",53.862062114,FALSE,FALSE
21,5227,54.906284454,498,409,48.768988999,931,1909,907,TRUE,"TI","Torricella-Taverne","Torricella-Taverne","Torricella-Taverne","Torricella-Taverne TI","Torricella-Taverne (TI)","Torricella-Taverne (TI)","Tessin","Tessin","Ticino",53.862062114,FALSE,FALSE
21,5230,51.271186441,121,115,55.257270694,247,447,236,TRUE,"TI","Vernate","Vernate","Vernate","Vernate TI","Vernate (TI)","Vernate (TI)","Tessin","Tessin","Ticino",53.862062114,FALSE,FALSE
21,5231,55.485893417,354,284,53.253968254,671,1260,638,TRUE,"TI","Vezia","Vezia","Vezia","Vezia TI","Vezia (TI)","Vezia (TI)","Tessin","Tessin","Ticino",53.862062114,FALSE,FALSE
21,5233,62.121212121,82,50,61.111111111,132,216,132,TRUE,"TI","Vico Morcote","Vico Morcote","Vico Morcote","Vico Morcote TI","Vico Morcote (TI)","Vico Morcote (TI)","Tessin","Tessin","Ticino",53.862062114,FALSE,FALSE
21,5236,58.333333333,938,670,58.161816891,1639,2818,1608,TRUE,"TI","Collina d'Oro","Collina d'Oro","Collina d'Oro","Collina d'Oro TI","Collina d'Oro (TI)","Collina d'Oro (TI)","Tessin","Tessin","Ticino",53.862062114,FALSE,FALSE
21,5237,47.08994709,267,300,51.398601399,588,1144,567,TRUE,"TI","Alto Malcantone","Alto Malcantone","Alto Malcantone","Alto Malcantone TI","Alto Malcantone (TI)","Alto Malcantone (TI)","Tessin","Tessin","Ticino",53.862062114,FALSE,FALSE
21,5238,63.124604681,998,583,50.775434243,1637,3224,1581,TRUE,"TI","Monteceneri","Monteceneri","Monteceneri","Monteceneri TI","Monteceneri (TI)","Monteceneri (TI)","Tessin","Tessin","Ticino",53.862062114,FALSE,FALSE
21,5239,52.291105121,582,531,50.857142857,1157,2275,1113,TRUE,"TI","Tresa","Tresa","Tresa","Tresa TI","Tresa (TI)","Tresa (TI)","Tessin","Tessin","Ticino",53.862062114,FALSE,FALSE
21,5240,51.731374607,493,460,52.915766739,980,1852,953,TRUE,"TI","Val Mara","Val Mara","Val Mara","Val Mara TI","Val Mara (TI)","Val Mara (TI)","Tessin","Tessin","Ticino",53.862062114,FALSE,FALSE
21,5242,51.447876448,533,503,48.303934871,1068,2211,1036,TRUE,"TI","Balerna","Balerna","Balerna","Balerna TI","Balerna (TI)","Balerna (TI)","Tessin","Tessin","Ticino",53.862062114,FALSE,FALSE
21,5249,50.901378579,480,463,55.278093076,974,1762,943,TRUE,"TI","Castel San Pietro","Castel San Pietro","Castel San Pietro","Castel San Pietro TI","Castel San Pietro (TI)","Castel San Pietro (TI)","Tessin","Tessin","Ticino",53.862062114,FALSE,FALSE
21,5250,54.375343974,988,829,44.359281437,1852,4175,1817,TRUE,"TI","Chiasso","Chiasso","Chiasso","Chiasso TI","Chiasso (TI)","Chiasso (TI)","Tessin","Tessin","Ticino",53.862062114,FALSE,FALSE
21,5251,55.281342547,560,453,100,1040,1040,1013,TRUE,"TI","Coldrerio","Coldrerio","Coldrerio","Coldrerio TI","Coldrerio (TI)","Coldrerio (TI)","Tessin","Tessin","Ticino",53.862062114,FALSE,FALSE
21,5254,53.490122295,2843,2472,51.982504516,5467,10517,5315,TRUE,"TI","Mendrisio","Mendrisio","Mendrisio","Mendrisio TI","Mendrisio (TI)","Mendrisio (TI)","Tessin","Tessin","Ticino",53.862062114,FALSE,FALSE
21,5257,51.038178165,762,731,54.216027875,1556,2870,1493,TRUE,"TI","Morbio Inferiore","Morbio Inferiore","Morbio Inferiore","Morbio Inferiore TI","Morbio Inferiore (TI)","Morbio Inferiore (TI)","Tessin","Tessin","Ticino",53.862062114,FALSE,FALSE
21,5260,57.883131202,525,382,53.922138292,928,1721,907,TRUE,"TI","Novazzano","Novazzano","Novazzano","Novazzano TI","Novazzano (TI)","Novazzano (TI)","Tessin","Tessin","Ticino",53.862062114,FALSE,FALSE
21,5263,52.653485952,506,455,52.747252747,1008,1911,961,TRUE,"TI","Riva San Vitale","Riva San Vitale","Riva San Vitale","Riva San Vitale TI","Riva San Vitale (TI)","Riva San Vitale (TI)","Tessin","Tessin","Ticino",53.862062114,FALSE,FALSE
21,5266,50.657030223,771,751,49.984030661,1565,3131,1522,TRUE,"TI","Stabio","Stabio","Stabio","Stabio TI","Stabio (TI)","Stabio (TI)","Tessin","Tessin","Ticino",53.862062114,FALSE,FALSE
21,5268,53.620531622,585,506,50.593065693,1109,2192,1091,TRUE,"TI","Vacallo","Vacallo","Vacallo","Vacallo TI","Vacallo (TI)","Vacallo (TI)","Tessin","Tessin","Ticino",53.862062114,FALSE,FALSE
21,5269,53.172588832,419,369,52.672750978,808,1534,788,TRUE,"TI","Breggia","Breggia","Breggia","Breggia TI","Breggia (TI)","Breggia (TI)","Tessin","Tessin","Ticino",53.862062114,FALSE,FALSE
21,5281,56.749311295,824,628,45.149592022,1494,3309,1452,TRUE,"TI","Biasca","Biasca","Biasca","Biasca TI","Biasca (TI)","Biasca (TI)","Tessin","Tessin","Ticino",53.862062114,FALSE,FALSE
21,5287,59.672762271,620,419,43.982229402,1089,2476,1039,TRUE,"TI","Riviera","Riviera","Riviera","Riviera TI","Riviera (TI)","Riviera (TI)","Tessin","Tessin","Ticino",53.862062114,FALSE,FALSE
21,5304,62.5,15,9,52.173913043,24,46,24,TRUE,"TI","Bosco/Gurin","Bosco/Gurin","Bosco/Gurin","Bosco/Gurin TI","Bosco/Gurin (TI)","Bosco/Gurin (TI)","Tessin","Tessin","Ticino",53.862062114,FALSE,FALSE
21,5307,38.235294118,13,21,47.887323944,34,71,34,TRUE,"TI","Campo (Vallemaggia)","Campo (Vallemaggia)","Campo (Vallemaggia)","Campo (Vallemaggia) TI","Campo (Vallemaggia) (TI)","Campo (Vallemaggia) (TI)","Tessin","Tessin","Ticino",53.862062114,FALSE,FALSE
21,5309,54.545454545,12,10,52.173913043,24,46,22,TRUE,"TI","Cerentino","Cerentino","Cerentino","Cerentino TI","Cerentino (TI)","Cerentino (TI)","Tessin","Tessin","Ticino",53.862062114,FALSE,FALSE
21,5310,49.465240642,185,189,48.451053284,391,807,374,TRUE,"TI","Cevio","Cevio","Cevio","Cevio TI","Cevio (TI)","Cevio (TI)","Tessin","Tessin","Ticino",53.862062114,FALSE,FALSE
21,5315,80,20,5,65.789473684,25,38,25,TRUE,"TI","Linescio","Linescio","Linescio","Linescio TI","Linescio (TI)","Linescio (TI)","Tessin","Tessin","Ticino",53.862062114,FALSE,FALSE
21,5317,57.948139797,514,373,47.01986755,923,1963,887,TRUE,"TI","Maggia","Maggia","Maggia","Maggia TI","Maggia (TI)","Maggia (TI)","Tessin","Tessin","Ticino",53.862062114,FALSE,FALSE
21,5323,49.76076555,104,105,49.65034965,213,429,209,TRUE,"TI","Lavizzara","Lavizzara","Lavizzara","Lavizzara TI","Lavizzara (TI)","Lavizzara (TI)","Tessin","Tessin","Ticino",53.862062114,FALSE,FALSE
21,5324,43.507588533,258,335,55.150976909,621,1126,593,TRUE,"TI","Avegno Gordevio","Avegno Gordevio","Avegno Gordevio","Avegno Gordevio TI","Avegno Gordevio (TI)","Avegno Gordevio (TI)","Tessin","Tessin","Ticino",53.862062114,FALSE,FALSE
21,5395,48.75,507,533,50.069799907,1076,2149,1040,TRUE,"TI","Lema","Lema","Lema","Lema TI","Lema (TI)","Lema (TI)","Tessin","Tessin","Ticino",53.862062114,FALSE,FALSE
21,5396,50.264084507,571,565,55.011876485,1158,2105,1136,TRUE,"TI","Terre di Pedemonte","Terre di Pedemonte","Terre di Pedemonte","Terre di Pedemonte TI","Terre di Pedemonte (TI)","Terre di Pedemonte (TI)","Tessin","Tessin","Ticino",53.862062114,FALSE,FALSE
21,5397,45.601851852,197,235,48.61878453,440,905,432,TRUE,"TI","Centovalli","Centovalli","Centovalli","Centovalli TI","Centovalli (TI)","Centovalli (TI)","Tessin","Tessin","Ticino",53.862062114,FALSE,FALSE
21,5398,53.916449086,826,706,45.700316365,1589,3477,1532,TRUE,"TI","Gambarogno","Gambarogno","Gambarogno","Gambarogno TI","Gambarogno (TI)","Gambarogno (TI)","Tessin","Tessin","Ticino",53.862062114,FALSE,FALSE
21,5399,50,146,146,45.185185185,305,675,292,TRUE,"TI","Verzasca","Verzasca","Verzasca","Verzasca TI","Verzasca (TI)","Verzasca (TI)","Tessin","Tessin","Ticino",53.862062114,FALSE,FALSE
22,5401,50.173946656,1298,1289,49.926443545,2715,5438,2587,TRUE,"VD","Aigle","Aigle","Aigle","Aigle VD","Aigle (VD)","Aigle (VD)","Waadt","Vaud","Vaud",46.202554217,FALSE,FALSE
22,5402,47.013574661,1039,1171,49.511400651,2280,4605,2210,TRUE,"VD","Bex","Bex","Bex","Bex VD","Bex (VD)","Bex (VD)","Waadt","Vaud","Vaud",46.202554217,FALSE,FALSE
22,5403,57.954545455,102,74,58.012820513,181,312,176,TRUE,"VD","Chessel","Chessel","Chessel","Chessel VD","Chessel (VD)","Chessel (VD)","Waadt","Vaud","Vaud",46.202554217,FALSE,FALSE
22,5404,47.058823529,96,108,60.057471264,209,348,204,TRUE,"VD","Corbeyrier","Corbeyrier","Corbeyrier","Corbeyrier VD","Corbeyrier (VD)","Corbeyrier (VD)","Waadt","Vaud","Vaud",46.202554217,FALSE,FALSE
22,5405,51.992031873,261,241,58.465011287,518,886,502,TRUE,"VD","Gryon","Gryon","Gryon","Gryon VD","Gryon (VD)","Gryon (VD)","Waadt","Vaud","Vaud",46.202554217,FALSE,FALSE
22,5406,56.697819315,182,139,52.764612954,334,633,321,TRUE,"VD","Lavey-Morcles","Lavey-Morcles","Lavey-Morcles","Lavey-Morcles VD","Lavey-Morcles (VD)","Lavey-Morcles (VD)","Waadt","Vaud","Vaud",46.202554217,FALSE,FALSE
22,5407,50.063532402,394,393,54.834437086,828,1510,787,TRUE,"VD","Leysin","Leysin","Leysin","Leysin VD","Leysin (VD)","Leysin (VD)","Waadt","Vaud","Vaud",46.202554217,FALSE,FALSE
22,5408,51.428571429,198,187,53.888130969,395,733,385,TRUE,"VD","Noville","Noville","Noville","Noville VD","Noville (VD)","Noville (VD)","Waadt","Vaud","Vaud",46.202554217,FALSE,FALSE
22,5409,52.238239757,1377,1259,62.183724641,2728,4387,2636,TRUE,"VD","Ollon","Ollon","Ollon","Ollon VD","Ollon (VD)","Ollon (VD)","Waadt","Vaud","Vaud",46.202554217,FALSE,FALSE
22,5410,60.264900662,273,180,57.055214724,465,815,453,TRUE,"VD","Ormont-Dessous","Ormont-Dessous","Ormont-Dessous","Ormont-Dessous VD","Ormont-Dessous (VD)","Ormont-Dessous (VD)","Waadt","Vaud","Vaud",46.202554217,FALSE,FALSE
22,5411,56.880733945,310,235,59.826275787,551,921,545,TRUE,"VD","Ormont-Dessus","Ormont-Dessus","Ormont-Dessus","Ormont-Dessus VD","Ormont-Dessus (VD)","Ormont-Dessus (VD)","Waadt","Vaud","Vaud",46.202554217,FALSE,FALSE
22,5412,54.201680672,129,109,49.112426036,249,507,238,TRUE,"VD","Rennaz","Rennaz","Rennaz","Rennaz VD","Rennaz (VD)","Rennaz (VD)","Waadt","Vaud","Vaud",46.202554217,FALSE,FALSE
22,5413,53.917050691,234,200,45.591182365,455,998,434,TRUE,"VD","Roche VD","Roche (VD)","Roche VD","Roche VD","Roche (VD)","Roche (VD)","Waadt","Vaud","Vaud",46.202554217,FALSE,FALSE
22,5414,49.961685824,652,653,47.923322684,1350,2817,1305,TRUE,"VD","Villeneuve VD","Villeneuve (VD)","Villeneuve VD","Villeneuve VD","Villeneuve (VD)","Villeneuve (VD)","Waadt","Vaud","Vaud",46.202554217,FALSE,FALSE
22,5415,53.664921466,205,177,48.28009828,393,814,382,TRUE,"VD","Yvorne","Yvorne","Yvorne","Yvorne VD","Yvorne (VD)","Yvorne (VD)","Waadt","Vaud","Vaud",46.202554217,FALSE,FALSE
22,5422,52.539912917,724,654,54.418429003,1441,2648,1378,TRUE,"VD","Aubonne","Aubonne","Aubonne","Aubonne VD","Aubonne (VD)","Aubonne (VD)","Waadt","Vaud","Vaud",46.202554217,FALSE,FALSE
22,5423,56.306306306,125,97,59.32642487,229,386,222,TRUE,"VD","Ballens","Ballens","Ballens","Ballens VD","Ballens (VD)","Ballens (VD)","Waadt","Vaud","Vaud",46.202554217,FALSE,FALSE
22,5424,50,63,63,64.676616915,130,201,126,TRUE,"VD","Berolle","Berolle","Berolle","Berolle VD","Berolle (VD)","Berolle (VD)","Waadt","Vaud","Vaud",46.202554217,FALSE,FALSE
22,5425,60.638297872,285,185,52.444444444,472,900,470,TRUE,"VD","Bière","Bière","Bière","Bière VD","Bière (VD)","Bière (VD)","Waadt","Vaud","Vaud",46.202554217,FALSE,FALSE
22,5426,59.278350515,115,79,67.676767677,201,297,194,TRUE,"VD","Bougy-Villars","Bougy-Villars","Bougy-Villars","Bougy-Villars VD","Bougy-Villars (VD)","Bougy-Villars (VD)","Waadt","Vaud","Vaud",46.202554217,FALSE,FALSE
22,5427,51.063829787,168,161,64.864864865,336,518,329,TRUE,"VD","Féchy","Féchy","Féchy","Féchy VD","Féchy (VD)","Féchy (VD)","Waadt","Vaud","Vaud",46.202554217,FALSE,FALSE
22,5428,52.534562212,342,309,49.159970782,673,1369,651,TRUE,"VD","Gimel","Gimel","Gimel","Gimel VD","Gimel (VD)","Gimel (VD)","Waadt","Vaud","Vaud",46.202554217,FALSE,FALSE
22,5429,57.894736842,121,88,59.833795014,216,361,209,TRUE,"VD","Longirod","Longirod","Longirod","Longirod VD","Longirod (VD)","Longirod (VD)","Waadt","Vaud","Vaud",46.202554217,FALSE,FALSE
22,5430,55.445544554,112,90,62.874251497,210,334,202,TRUE,"VD","Marchissy","Marchissy","Marchissy","Marchissy VD","Marchissy (VD)","Marchissy (VD)","Waadt","Vaud","Vaud",46.202554217,FALSE,FALSE
22,5431,50.406504065,62,61,61.009174312,133,218,123,TRUE,"VD","Mollens VD","Mollens (VD)","Mollens VD","Mollens VD","Mollens (VD)","Mollens (VD)","Waadt","Vaud","Vaud",46.202554217,FALSE,FALSE
22,5434,49.479166667,190,194,57.459379616,389,677,384,TRUE,"VD","Saint-George","Saint-George","Saint-George","Saint-George VD","Saint-George (VD)","Saint-George (VD)","Waadt","Vaud","Vaud",46.202554217,FALSE,FALSE
22,5435,47.368421053,135,150,61.875,297,480,285,TRUE,"VD","Saint-Livres","Saint-Livres","Saint-Livres","Saint-Livres VD","Saint-Livres (VD)","Saint-Livres (VD)","Waadt","Vaud","Vaud",46.202554217,FALSE,FALSE
22,5436,52.222222222,94,86,63.986013986,183,286,180,TRUE,"VD","Saint-Oyens","Saint-Oyens","Saint-Oyens","Saint-Oyens VD","Saint-Oyens (VD)","Saint-Oyens (VD)","Waadt","Vaud","Vaud",46.202554217,FALSE,FALSE
22,5437,42.446043165,59,80,54.651162791,141,258,139,TRUE,"VD","Saubraz","Saubraz","Saubraz","Saubraz VD","Saubraz (VD)","Saubraz (VD)","Waadt","Vaud","Vaud",46.202554217,FALSE,FALSE
22,5451,54.503676471,593,495,48.483535529,1119,2308,1088,TRUE,"VD","Avenches","Avenches","Avenches","Avenches VD","Avenches (VD)","Avenches (VD)","Waadt","Vaud","Vaud",46.202554217,FALSE,FALSE
22,5456,60.751879699,404,261,53.919239905,681,1263,665,TRUE,"VD","Cudrefin","Cudrefin","Cudrefin","Cudrefin VD","Cudrefin (VD)","Cudrefin (VD)","Waadt","Vaud","Vaud",46.202554217,FALSE,FALSE
22,5458,52.649006623,159,143,54.401408451,309,568,302,TRUE,"VD","Faoug","Faoug","Faoug","Faoug VD","Faoug (VD)","Faoug (VD)","Waadt","Vaud","Vaud",46.202554217,FALSE,FALSE
22,5464,60.062160062,773,514,54.658385093,1320,2415,1287,TRUE,"VD","Vully-les-Lacs","Vully-les-Lacs","Vully-les-Lacs","Vully-les-Lacs VD","Vully-les-Lacs (VD)","Vully-les-Lacs (VD)","Waadt","Vaud","Vaud",46.202554217,FALSE,FALSE
22,5471,58.904109589,129,90,57.320099256,231,403,219,TRUE,"VD","Bettens","Bettens","Bettens","Bettens VD","Bettens (VD)","Bettens (VD)","Waadt","Vaud","Vaud",46.202554217,FALSE,FALSE
22,5472,60.093896714,128,85,57.631578947,219,380,213,TRUE,"VD","Bournens","Bournens","Bournens","Bournens VD","Bournens (VD)","Bournens (VD)","Waadt","Vaud","Vaud",46.202554217,FALSE,FALSE
22,5473,51.421800948,217,205,64.661654135,430,665,422,TRUE,"VD","Boussens","Boussens","Boussens","Boussens VD","Boussens (VD)","Boussens (VD)","Waadt","Vaud","Vaud",46.202554217,FALSE,FALSE
22,5474,49.032258065,76,79,51.779935275,160,309,155,TRUE,"VD","La Chaux (Cossonay)","La Chaux (Cossonay)","La Chaux (Cossonay)","La Chaux (Cossonay) VD","La Chaux (Cossonay) (VD)","La Chaux (Cossonay) (VD)","Waadt","Vaud","Vaud",46.202554217,FALSE,FALSE
22,5475,57.692307692,45,33,74.074074074,80,108,78,TRUE,"VD","Chavannes-le-Veyron","Chavannes-le-Veyron","Chavannes-le-Veyron","Chavannes-le-Veyron VD","Chavannes-le-Veyron (VD)","Chavannes-le-Veyron (VD)","Waadt","Vaud","Vaud",46.202554217,FALSE,FALSE
22,5476,56.428571429,79,61,63.436123348,144,227,140,TRUE,"VD","Chevilly","Chevilly","Chevilly","Chevilly VD","Chevilly (VD)","Chevilly (VD)","Waadt","Vaud","Vaud",46.202554217,FALSE,FALSE
22,5477,46.379525593,743,859,55.990550118,1659,2963,1602,TRUE,"VD","Cossonay","Cossonay","Cossonay","Cossonay VD","Cossonay (VD)","Cossonay (VD)","Waadt","Vaud","Vaud",46.202554217,FALSE,FALSE
22,5479,56.937799043,119,90,58.743169399,215,366,209,TRUE,"VD","Cuarnens","Cuarnens","Cuarnens","Cuarnens VD","Cuarnens (VD)","Cuarnens (VD)","Waadt","Vaud","Vaud",46.202554217,FALSE,FALSE
22,5480,48.309178744,200,214,60.398860399,424,702,414,TRUE,"VD","Daillens","Daillens","Daillens","Daillens VD","Daillens (VD)","Daillens (VD)","Waadt","Vaud","Vaud",46.202554217,FALSE,FALSE
22,5481,37.755102041,37,61,63.97515528,103,161,98,TRUE,"VD","Dizy","Dizy","Dizy","Dizy VD","Dizy (VD)","Dizy (VD)","Waadt","Vaud","Vaud",46.202554217,FALSE,FALSE
22,5482,50.85995086,207,200,58.707865169,418,712,407,TRUE,"VD","Eclépens","Eclépens","Eclépens","Eclépens VD","Eclépens (VD)","Eclépens (VD)","Waadt","Vaud","Vaud",46.202554217,FALSE,FALSE
22,5483,43.065693431,59,78,62.946428571,141,224,137,TRUE,"VD","Ferreyres","Ferreyres","Ferreyres","Ferreyres VD","Ferreyres (VD)","Ferreyres (VD)","Waadt","Vaud","Vaud",46.202554217,FALSE,FALSE
22,5484,50.738916256,206,200,59.712230216,415,695,406,TRUE,"VD","Gollion","Gollion","Gollion","Gollion VD","Gollion (VD)","Gollion (VD)","Waadt","Vaud","Vaud",46.202554217,FALSE,FALSE
22,5485,57.671957672,109,80,57.657657658,192,333,189,TRUE,"VD","Grancy","Grancy","Grancy","Grancy VD","Grancy (VD)","Grancy (VD)","Waadt","Vaud","Vaud",46.202554217,FALSE,FALSE
22,5486,51.666666667,217,203,56.299212598,429,762,420,TRUE,"VD","L'Isle","L'Isle","L'Isle","L'Isle VD","L'Isle (VD)","L'Isle (VD)","Waadt","Vaud","Vaud",46.202554217,FALSE,FALSE
22,5487,45.12195122,74,90,53.125,170,320,164,TRUE,"VD","Lussery-Villars","Lussery-Villars","Lussery-Villars","Lussery-Villars VD","Lussery-Villars (VD)","Lussery-Villars (VD)","Waadt","Vaud","Vaud",46.202554217,FALSE,FALSE
22,5488,50,16,16,77.272727273,34,44,32,TRUE,"VD","Mauraz","Mauraz","Mauraz","Mauraz VD","Mauraz (VD)","Mauraz (VD)","Waadt","Vaud","Vaud",46.202554217,FALSE,FALSE
22,5489,58.461538462,152,108,44.240400668,265,599,260,TRUE,"VD","Mex VD","Mex (VD)","Mex VD","Mex VD","Mex (VD)","Mex (VD)","Waadt","Vaud","Vaud",46.202554217,FALSE,FALSE
22,5490,37.5,51,85,64.622641509,137,212,136,TRUE,"VD","Moiry","Moiry","Moiry","Moiry VD","Moiry (VD)","Moiry (VD)","Waadt","Vaud","Vaud",46.202554217,FALSE,FALSE
22,5491,52.06185567,101,93,59.050445104,199,337,194,TRUE,"VD","Mont-la-Ville","Mont-la-Ville","Mont-la-Ville","Mont-la-Ville VD","Mont-la-Ville (VD)","Mont-la-Ville (VD)","Waadt","Vaud","Vaud",46.202554217,FALSE,FALSE
22,5492,56.25,225,175,62.403697997,405,649,400,TRUE,"VD","Montricher","Montricher","Montricher","Montricher VD","Montricher (VD)","Montricher (VD)","Waadt","Vaud","Vaud",46.202554217,FALSE,FALSE
22,5493,42.553191489,80,108,56.140350877,192,342,188,TRUE,"VD","Orny","Orny","Orny","Orny VD","Orny (VD)","Orny (VD)","Waadt","Vaud","Vaud",46.202554217,FALSE,FALSE
22,5495,50.701186624,470,457,52.08898535,960,1843,927,TRUE,"VD","Penthalaz","Penthalaz","Penthalaz","Penthalaz VD","Penthalaz (VD)","Penthalaz (VD)","Waadt","Vaud","Vaud",46.202554217,FALSE,FALSE
22,5496,43.75,7,9,1.785714286,20,1120,16,TRUE,"VD","Penthaz","Penthaz","Penthaz","Penthaz VD","Penthaz (VD)","Penthaz (VD)","Waadt","Vaud","Vaud",46.202554217,FALSE,FALSE
22,5497,51.408450704,146,138,55.323193916,291,526,284,TRUE,"VD","Pompaples","Pompaples","Pompaples","Pompaples VD","Pompaples (VD)","Pompaples (VD)","Waadt","Vaud","Vaud",46.202554217,FALSE,FALSE
22,5498,41.280653951,303,431,50.675675676,750,1480,734,TRUE,"VD","La Sarraz","La Sarraz","La Sarraz","La Sarraz VD","La Sarraz (VD)","La Sarraz (VD)","Waadt","Vaud","Vaud",46.202554217,FALSE,FALSE
22,5499,60,111,74,57.878787879,191,330,185,TRUE,"VD","Senarclens","Senarclens","Senarclens","Senarclens VD","Senarclens (VD)","Senarclens (VD)","Waadt","Vaud","Vaud",46.202554217,FALSE,FALSE
22,5501,57.142857143,264,198,60.228716645,474,787,462,TRUE,"VD","Sullens","Sullens","Sullens","Sullens VD","Sullens (VD)","Sullens (VD)","Waadt","Vaud","Vaud",46.202554217,FALSE,FALSE
22,5503,50.606585789,292,285,66.035634744,593,898,577,TRUE,"VD","Vufflens-la-Ville","Vufflens-la-Ville","Vufflens-la-Ville","Vufflens-la-Ville VD","Vufflens-la-Ville (VD)","Vufflens-la-Ville (VD)","Waadt","Vaud","Vaud",46.202554217,FALSE,FALSE
22,5511,59.069767442,381,264,56.920415225,658,1156,645,TRUE,"VD","Assens","Assens","Assens","Assens VD","Assens (VD)","Assens (VD)","Waadt","Vaud","Vaud",46.202554217,FALSE,FALSE
22,5512,53.346855984,263,230,57.174887892,510,892,493,TRUE,"VD","Bercher","Bercher","Bercher","Bercher VD","Bercher (VD)","Bercher (VD)","Waadt","Vaud","Vaud",46.202554217,FALSE,FALSE
22,5514,54.700854701,256,212,56.009334889,480,857,468,TRUE,"VD","Bottens","Bottens","Bottens","Bottens VD","Bottens (VD)","Bottens (VD)","Waadt","Vaud","Vaud",46.202554217,FALSE,FALSE
22,5515,47.839506173,155,169,59.212880143,331,559,324,TRUE,"VD","Bretigny-sur-Morrens","Bretigny-sur-Morrens","Bretigny-sur-Morrens","Bretigny-sur-Morrens VD","Bretigny-sur-Morrens (VD)","Bretigny-sur-Morrens (VD)","Waadt","Vaud","Vaud",46.202554217,FALSE,FALSE
22,5516,48.456790123,471,501,58.250728863,999,1715,972,TRUE,"VD","Cugy VD","Cugy (VD)","Cugy VD","Cugy VD","Cugy (VD)","Cugy (VD)","Waadt","Vaud","Vaud",46.202554217,FALSE,FALSE
22,5518,47.412982126,1008,1118,54.300416565,2216,4081,2126,TRUE,"VD","Echallens","Echallens","Echallens","Echallens VD","Echallens (VD)","Echallens (VD)","Waadt","Vaud","Vaud",46.202554217,FALSE,FALSE
22,5520,54.794520548,200,165,50.268817204,374,744,365,TRUE,"VD","Essertines-sur-Yverdon","Essertines-sur-Yverdon","Essertines-sur-Yverdon","Essertines-sur-Yverdon VD","Essertines-sur-Yverdon (VD)","Essertines-sur-Yverdon (VD)","Waadt","Vaud","Vaud",46.202554217,FALSE,FALSE
22,5521,45.601851852,197,235,60.792349727,445,732,432,TRUE,"VD","Etagnières","Etagnières","Etagnières","Etagnières VD","Etagnières (VD)","Etagnières (VD)","Waadt","Vaud","Vaud",46.202554217,FALSE,FALSE
22,5522,48.797250859,142,149,56.41509434,299,530,291,TRUE,"VD","Fey","Fey","Fey","Fey VD","Fey (VD)","Fey (VD)","Waadt","Vaud","Vaud",46.202554217,FALSE,FALSE
22,5523,50.489236791,516,506,61.849034523,1057,1709,1022,TRUE,"VD","Froideville","Froideville","Froideville","Froideville VD","Froideville (VD)","Froideville (VD)","Waadt","Vaud","Vaud",46.202554217,FALSE,FALSE
22,5527,48.596112311,225,238,61.791831357,469,759,463,TRUE,"VD","Morrens VD","Morrens (VD)","Morrens VD","Morrens VD","Morrens (VD)","Morrens (VD)","Waadt","Vaud","Vaud",46.202554217,FALSE,FALSE
22,5529,53.136531365,144,127,67.695961995,285,421,271,TRUE,"VD","Oulens-sous-Echallens","Oulens-sous-Echallens","Oulens-sous-Echallens","Oulens-sous-Echallens VD","Oulens-sous-Echallens (VD)","Oulens-sous-Echallens (VD)","Waadt","Vaud","Vaud",46.202554217,FALSE,FALSE
22,5530,62.551440329,152,91,64.599483204,250,387,243,TRUE,"VD","Pailly","Pailly","Pailly","Pailly VD","Pailly (VD)","Pailly (VD)","Waadt","Vaud","Vaud",46.202554217,FALSE,FALSE
22,5531,54.143646409,98,83,57.538461538,187,325,181,TRUE,"VD","Penthéréaz","Penthéréaz","Penthéréaz","Penthéréaz VD","Penthéréaz (VD)","Penthéréaz (VD)","Waadt","Vaud","Vaud",46.202554217,FALSE,FALSE
22,5533,61.224489796,180,114,57.251908397,300,524,294,TRUE,"VD","Poliez-Pittet","Poliez-Pittet","Poliez-Pittet","Poliez-Pittet VD","Poliez-Pittet (VD)","Poliez-Pittet (VD)","Waadt","Vaud","Vaud",46.202554217,FALSE,FALSE
22,5534,57.931034483,84,61,70.283018868,149,212,145,TRUE,"VD","Rueyres","Rueyres","Rueyres","Rueyres VD","Rueyres (VD)","Rueyres (VD)","Waadt","Vaud","Vaud",46.202554217,FALSE,FALSE
22,5535,51.671732523,170,159,63.568773234,342,538,329,TRUE,"VD","Saint-Barthélemy VD","Saint-Barthélemy (VD)","Saint-Barthélemy VD","Saint-Barthélemy VD","Saint-Barthélemy (VD)","Saint-Barthélemy (VD)","Waadt","Vaud","Vaud",46.202554217,FALSE,FALSE
22,5537,59.043659044,284,197,56.094808126,497,886,481,TRUE,"VD","Villars-le-Terroir","Villars-le-Terroir","Villars-le-Terroir","Villars-le-Terroir VD","Villars-le-Terroir (VD)","Villars-le-Terroir (VD)","Waadt","Vaud","Vaud",46.202554217,FALSE,FALSE
22,5539,63.171355499,247,144,57.183098592,406,710,391,TRUE,"VD","Vuarrens","Vuarrens","Vuarrens","Vuarrens VD","Vuarrens (VD)","Vuarrens (VD)","Waadt","Vaud","Vaud",46.202554217,FALSE,FALSE
22,5540,58.474576271,414,294,56.312935709,727,1291,708,TRUE,"VD","Montilliez","Montilliez","Montilliez","Montilliez VD","Montilliez (VD)","Montilliez (VD)","Waadt","Vaud","Vaud",46.202554217,FALSE,FALSE
22,5541,57.838983051,273,199,59.950859951,488,814,472,TRUE,"VD","Goumoëns","Goumoëns","Goumoëns","Goumoëns VD","Goumoëns (VD)","Goumoëns (VD)","Waadt","Vaud","Vaud",46.202554217,FALSE,FALSE
22,5551,52.813852814,122,109,62.077922078,239,385,231,TRUE,"VD","Bonvillars","Bonvillars","Bonvillars","Bonvillars VD","Bonvillars (VD)","Bonvillars (VD)","Waadt","Vaud","Vaud",46.202554217,FALSE,FALSE
22,5552,63.939393939,211,119,64.661654135,344,532,330,TRUE,"VD","Bullet","Bullet","Bullet","Bullet VD","Bullet (VD)","Bullet (VD)","Waadt","Vaud","Vaud",46.202554217,FALSE,FALSE
22,5553,48.780487805,180,189,52.083333333,375,720,369,TRUE,"VD","Champagne","Champagne","Champagne","Champagne VD","Champagne (VD)","Champagne (VD)","Waadt","Vaud","Vaud",46.202554217,FALSE,FALSE
22,5554,47.527472527,173,191,57.424242424,379,660,364,TRUE,"VD","Concise","Concise","Concise","Concise VD","Concise (VD)","Concise (VD)","Waadt","Vaud","Vaud",46.202554217,FALSE,FALSE
22,5555,46.478873239,66,76,48.829431438,146,299,142,TRUE,"VD","Corcelles-près-Concise","Corcelles-près-Concise","Corcelles-près-Concise","Corcelles-près-Concise VD","Corcelles-près-Concise (VD)","Corcelles-près-Concise (VD)","Waadt","Vaud","Vaud",46.202554217,FALSE,FALSE
22,5556,45.086705202,78,95,57.142857143,176,308,173,TRUE,"VD","Fiez","Fiez","Fiez","Fiez VD","Fiez (VD)","Fiez (VD)","Waadt","Vaud","Vaud",46.202554217,FALSE,FALSE
22,5557,60.526315789,46,30,50.322580645,78,155,76,TRUE,"VD","Fontaines-sur-Grandson","Fontaines-sur-Grandson","Fontaines-sur-Grandson","Fontaines-sur-Grandson VD","Fontaines-sur-Grandson (VD)","Fontaines-sur-Grandson (VD)","Waadt","Vaud","Vaud",46.202554217,FALSE,FALSE
22,5559,50.531914894,95,93,61.341853035,192,313,188,TRUE,"VD","Giez","Giez","Giez","Giez VD","Giez (VD)","Giez (VD)","Waadt","Vaud","Vaud",46.202554217,FALSE,FALSE
22,5560,45.631067961,47,56,68.152866242,107,157,103,TRUE,"VD","Grandevent","Grandevent","Grandevent","Grandevent VD","Grandevent (VD)","Grandevent (VD)","Waadt","Vaud","Vaud",46.202554217,FALSE,FALSE
22,5561,49.368231047,547,561,52.005469462,1141,2194,1108,TRUE,"VD","Grandson","Grandson","Grandson","Grandson VD","Grandson (VD)","Grandson (VD)","Waadt","Vaud","Vaud",46.202554217,FALSE,FALSE
22,5562,51.470588235,35,33,72.916666667,70,96,68,TRUE,"VD","Mauborget","Mauborget","Mauborget","Mauborget VD","Mauborget (VD)","Mauborget (VD)","Waadt","Vaud","Vaud",46.202554217,FALSE,FALSE
22,5563,62.222222222,28,17,47.872340426,45,94,45,TRUE,"VD","Mutrux","Mutrux","Mutrux","Mutrux VD","Mutrux (VD)","Mutrux (VD)","Waadt","Vaud","Vaud",46.202554217,FALSE,FALSE
22,5564,48,24,26,73.684210526,56,76,50,TRUE,"VD","Novalles","Novalles","Novalles","Novalles VD","Novalles (VD)","Novalles (VD)","Waadt","Vaud","Vaud",46.202554217,FALSE,FALSE
22,5565,53.181818182,117,103,62.330623306,230,369,220,TRUE,"VD","Onnens VD","Onnens (VD)","Onnens VD","Onnens VD","Onnens (VD)","Onnens (VD)","Waadt","Vaud","Vaud",46.202554217,FALSE,FALSE
22,5566,57.396449704,97,72,55.339805825,171,309,169,TRUE,"VD","Provence","Provence","Provence","Provence VD","Provence (VD)","Provence (VD)","Waadt","Vaud","Vaud",46.202554217,FALSE,FALSE
22,5568,49.579326923,825,839,45.796111403,1743,3806,1664,TRUE,"VD","Sainte-Croix","Sainte-Croix","Sainte-Croix","Sainte-Croix VD","Sainte-Croix (VD)","Sainte-Croix (VD)","Waadt","Vaud","Vaud",46.202554217,FALSE,FALSE
22,5571,43.965517241,153,195,60.548885077,353,583,348,TRUE,"VD","Tévenon","Tévenon","Tévenon","Tévenon VD","Tévenon (VD)","Tévenon (VD)","Waadt","Vaud","Vaud",46.202554217,FALSE,FALSE
22,5581,46.709129512,660,753,61.734693878,1452,2352,1413,TRUE,"VD","Belmont-sur-Lausanne","Belmont-sur-Lausanne","Belmont-sur-Lausanne","Belmont-sur-Lausanne VD","Belmont-sur-Lausanne (VD)","Belmont-sur-Lausanne (VD)","Waadt","Vaud","Vaud",46.202554217,FALSE,FALSE
22,5582,46.641074856,729,834,54.894629504,1615,2942,1563,TRUE,"VD","Cheseaux-sur-Lausanne","Cheseaux-sur-Lausanne","Cheseaux-sur-Lausanne","Cheseaux-sur-Lausanne VD","Cheseaux-sur-Lausanne (VD)","Cheseaux-sur-Lausanne (VD)","Waadt","Vaud","Vaud",46.202554217,FALSE,FALSE
22,5583,42.637063888,941,1266,46.230239157,2281,4934,2207,TRUE,"VD","Crissier","Crissier","Crissier","Crissier VD","Crissier (VD)","Crissier (VD)","Waadt","Vaud","Vaud",46.202554217,FALSE,FALSE
22,5584,44.608433735,1481,1839,61.669382582,3406,5523,3320,TRUE,"VD","Epalinges","Epalinges","Epalinges","Epalinges VD","Epalinges (VD)","Epalinges (VD)","Waadt","Vaud","Vaud",46.202554217,FALSE,FALSE
22,5585,45.714285714,304,361,71.727748691,685,955,665,TRUE,"VD","Jouxtens-Mézery","Jouxtens-Mézery","Jouxtens-Mézery","Jouxtens-Mézery VD","Jouxtens-Mézery (VD)","Jouxtens-Mézery (VD)","Waadt","Vaud","Vaud",46.202554217,FALSE,FALSE
22,5586,30.68792237,10626,24000,52.498822698,35674,67952,34626,TRUE,"VD","Lausanne","Lausanne","Losanna","Lausanne VD","Lausanne (VD)","Losanna (VD)","Waadt","Vaud","Vaud",46.202554217,FALSE,FALSE
22,5587,47.554630593,1371,1512,55.491544323,2986,5381,2883,TRUE,"VD","Le Mont-sur-Lausanne","Le Mont-sur-Lausanne","Le Mont-sur-Lausanne","Le Mont-sur-Lausanne VD","Le Mont-sur-Lausanne (VD)","Le Mont-sur-Lausanne (VD)","Waadt","Vaud","Vaud",46.202554217,FALSE,FALSE
22,5588,49.044585987,231,240,58.902439024,483,820,471,TRUE,"VD","Paudex","Paudex","Paudex","Paudex VD","Paudex (VD)","Paudex (VD)","Waadt","Vaud","Vaud",46.202554217,FALSE,FALSE
22,5589,38.074174889,1119,1820,51.023464803,3066,6009,2939,TRUE,"VD","Prilly","Prilly","Prilly","Prilly VD","Prilly (VD)","Prilly (VD)","Waadt","Vaud","Vaud",46.202554217,FALSE,FALSE
22,5590,45.05827153,2977,3630,62.685745735,6834,10902,6607,TRUE,"VD","Pully","Pully","Pully","Pully VD","Pully (VD)","Pully (VD)","Waadt","Vaud","Vaud",46.202554217,FALSE,FALSE
22,5591,35.308182784,1329,2435,44.02401722,3886,8827,3764,TRUE,"VD","Renens VD","Renens (VD)","Renens VD","Renens VD","Renens (VD)","Renens (VD)","Waadt","Vaud","Vaud",46.202554217,FALSE,FALSE
22,5592,48.19466248,614,660,53.726453726,1312,2442,1274,TRUE,"VD","Romanel-sur-Lausanne","Romanel-sur-Lausanne","Romanel-sur-Lausanne","Romanel-sur-Lausanne VD","Romanel-sur-Lausanne (VD)","Romanel-sur-Lausanne (VD)","Waadt","Vaud","Vaud",46.202554217,FALSE,FALSE
22,5601,47.667087011,378,415,57.342657343,820,1430,793,TRUE,"VD","Chexbres","Chexbres","Chexbres","Chexbres VD","Chexbres (VD)","Chexbres (VD)","Waadt","Vaud","Vaud",46.202554217,FALSE,FALSE
22,5604,53.553299492,422,366,60.807778609,813,1337,788,TRUE,"VD","Forel (Lavaux)","Forel (Lavaux)","Forel (Lavaux)","Forel (Lavaux) VD","Forel (Lavaux) (VD)","Forel (Lavaux) (VD)","Waadt","Vaud","Vaud",46.202554217,FALSE,FALSE
22,5606,51.990508832,1972,1821,60.222187934,3903,6481,3793,TRUE,"VD","Lutry","Lutry","Lutry","Lutry VD","Lutry (VD)","Lutry (VD)","Waadt","Vaud","Vaud",46.202554217,FALSE,FALSE
22,5607,51.70575693,485,453,58.13253012,965,1660,938,TRUE,"VD","Puidoux","Puidoux","Puidoux","Puidoux VD","Puidoux (VD)","Puidoux (VD)","Waadt","Vaud","Vaud",46.202554217,FALSE,FALSE
22,5609,50,81,81,68.75,165,240,162,TRUE,"VD","Rivaz","Rivaz","Rivaz","Rivaz VD","Rivaz (VD)","Rivaz (VD)","Waadt","Vaud","Vaud",46.202554217,FALSE,FALSE
22,5610,41.530054645,76,107,68.115942029,188,276,183,TRUE,"VD","Saint-Saphorin (Lavaux)","Saint-Saphorin (Lavaux)","Saint-Saphorin (Lavaux)","Saint-Saphorin (Lavaux) VD","Saint-Saphorin (Lavaux) (VD)","Saint-Saphorin (Lavaux) (VD)","Waadt","Vaud","Vaud",46.202554217,FALSE,FALSE
22,5611,49.439042633,661,676,61.708860759,1365,2212,1337,TRUE,"VD","Savigny","Savigny","Savigny","Savigny VD","Savigny (VD)","Savigny (VD)","Waadt","Vaud","Vaud",46.202554217,FALSE,FALSE
22,5613,44.595185996,1019,1266,65.145228216,2355,3615,2285,TRUE,"VD","Bourg-en-Lavaux","Bourg-en-Lavaux","Bourg-en-Lavaux","Bourg-en-Lavaux VD","Bourg-en-Lavaux (VD)","Bourg-en-Lavaux (VD)","Waadt","Vaud","Vaud",46.202554217,FALSE,FALSE
22,5621,53.731343284,108,93,57.617728532,208,361,201,TRUE,"VD","Aclens","Aclens","Aclens","Aclens VD","Aclens (VD)","Aclens (VD)","Waadt","Vaud","Vaud",46.202554217,FALSE,FALSE
22,5622,47.637795276,121,133,64.588528678,259,401,254,TRUE,"VD","Bremblens","Bremblens","Bremblens","Bremblens VD","Bremblens (VD)","Bremblens (VD)","Waadt","Vaud","Vaud",46.202554217,FALSE,FALSE
22,5623,53.684210526,153,132,66.744186047,287,430,285,TRUE,"VD","Buchillon","Buchillon","Buchillon","Buchillon VD","Buchillon (VD)","Buchillon (VD)","Waadt","Vaud","Vaud",46.202554217,FALSE,FALSE
22,5624,41.757469244,1188,1657,51.823921431,2955,5702,2845,TRUE,"VD","Bussigny","Bussigny","Bussigny","Bussigny VD","Bussigny (VD)","Bussigny (VD)","Waadt","Vaud","Vaud",46.202554217,FALSE,FALSE
22,5627,34.785615491,503,943,40.66053059,1502,3694,1446,TRUE,"VD","Chavannes-près-Renens","Chavannes-près-Renens","Chavannes-près-Renens","Chavannes-près-Renens VD","Chavannes-près-Renens (VD)","Chavannes-près-Renens (VD)","Waadt","Vaud","Vaud",46.202554217,FALSE,FALSE
22,5628,50.980392157,78,75,63.78600823,155,243,153,TRUE,"VD","Chigny","Chigny","Chigny","Chigny VD","Chigny (VD)","Chigny (VD)","Waadt","Vaud","Vaud",46.202554217,FALSE,FALSE
22,5629,48.192771084,40,43,57.432432432,85,148,83,TRUE,"VD","Clarmont","Clarmont","Clarmont","Clarmont VD","Clarmont (VD)","Clarmont (VD)","Waadt","Vaud","Vaud",46.202554217,FALSE,FALSE
22,5631,49.83713355,153,154,65.644171779,321,489,307,TRUE,"VD","Denens","Denens","Denens","Denens VD","Denens (VD)","Denens (VD)","Waadt","Vaud","Vaud",46.202554217,FALSE,FALSE
22,5632,41.390728477,250,354,61.138861139,612,1001,604,TRUE,"VD","Denges","Denges","Denges","Denges VD","Denges (VD)","Denges (VD)","Waadt","Vaud","Vaud",46.202554217,FALSE,FALSE
22,5633,45.045045045,450,549,56.425813569,1023,1813,999,TRUE,"VD","Echandens","Echandens","Echandens","Echandens VD","Echandens (VD)","Echandens (VD)","Waadt","Vaud","Vaud",46.202554217,FALSE,FALSE
22,5634,48.682042834,591,623,60.835762877,1252,2058,1214,TRUE,"VD","Echichens","Echichens","Echichens","Echichens VD","Echichens (VD)","Echichens (VD)","Waadt","Vaud","Vaud",46.202554217,FALSE,FALSE
22,5635,43.701344657,1235,1591,51.201671891,2940,5742,2826,TRUE,"VD","Ecublens VD","Ecublens (VD)","Ecublens VD","Ecublens VD","Ecublens (VD)","Ecublens (VD)","Waadt","Vaud","Vaud",46.202554217,FALSE,FALSE
22,5636,46.113445378,439,513,58.441558442,990,1694,952,TRUE,"VD","Etoy","Etoy","Etoy","Etoy VD","Etoy (VD)","Etoy (VD)","Waadt","Vaud","Vaud",46.202554217,FALSE,FALSE
22,5637,46.723646724,164,187,59.504132231,360,605,351,TRUE,"VD","Lavigny","Lavigny","Lavigny","Lavigny VD","Lavigny (VD)","Lavigny (VD)","Waadt","Vaud","Vaud",46.202554217,FALSE,FALSE
22,5638,47.609359105,468,515,57.337883959,1008,1758,983,TRUE,"VD","Lonay","Lonay","Lonay","Lonay VD","Lonay (VD)","Lonay (VD)","Waadt","Vaud","Vaud",46.202554217,FALSE,FALSE
22,5639,46.607669617,158,181,65.985130112,355,538,339,TRUE,"VD","Lully VD","Lully (VD)","Lully VD","Lully VD","Lully (VD)","Lully (VD)","Waadt","Vaud","Vaud",46.202554217,FALSE,FALSE
22,5640,40,120,180,64.806866953,302,466,300,TRUE,"VD","Lussy-sur-Morges","Lussy-sur-Morges","Lussy-sur-Morges","Lussy-sur-Morges VD","Lussy-sur-Morges (VD)","Lussy-sur-Morges (VD)","Waadt","Vaud","Vaud",46.202554217,FALSE,FALSE
22,5642,43.113772455,2160,2850,56.171366594,5179,9220,5010,TRUE,"VD","Morges","Morges","Morges","Morges VD","Morges (VD)","Morges (VD)","Waadt","Vaud","Vaud",46.202554217,FALSE,FALSE
22,5643,42.575477511,691,932,57.012195122,1683,2952,1623,TRUE,"VD","Préverenges","Préverenges","Préverenges","Préverenges VD","Préverenges (VD)","Préverenges (VD)","Waadt","Vaud","Vaud",46.202554217,FALSE,FALSE
22,5645,54.12371134,105,89,62.264150943,198,318,194,TRUE,"VD","Romanel-sur-Morges","Romanel-sur-Morges","Romanel-sur-Morges","Romanel-sur-Morges VD","Romanel-sur-Morges (VD)","Romanel-sur-Morges (VD)","Waadt","Vaud","Vaud",46.202554217,FALSE,FALSE
22,5646,48.593200469,829,877,58.437705999,1773,3034,1706,TRUE,"VD","Saint-Prex","Saint-Prex","Saint-Prex","Saint-Prex VD","Saint-Prex (VD)","Saint-Prex (VD)","Waadt","Vaud","Vaud",46.202554217,FALSE,FALSE
22,5648,49.419002051,723,740,65.953731995,1511,2291,1463,TRUE,"VD","Saint-Sulpice VD","Saint-Sulpice (VD)","Saint-Sulpice VD","Saint-Sulpice VD","Saint-Sulpice (VD)","Saint-Sulpice (VD)","Waadt","Vaud","Vaud",46.202554217,FALSE,FALSE
22,5649,48.620689655,282,298,47.08141321,613,1302,580,TRUE,"VD","Tolochenaz","Tolochenaz","Tolochenaz","Tolochenaz VD","Tolochenaz (VD)","Tolochenaz (VD)","Waadt","Vaud","Vaud",46.202554217,FALSE,FALSE
22,5650,48.936170213,46,48,77.34375,99,128,94,TRUE,"VD","Vaux-sur-Morges","Vaux-sur-Morges","Vaux-sur-Morges","Vaux-sur-Morges VD","Vaux-sur-Morges (VD)","Vaux-sur-Morges (VD)","Waadt","Vaud","Vaud",46.202554217,FALSE,FALSE
22,5651,52.280701754,149,136,53.068592058,294,554,285,TRUE,"VD","Villars-Sainte-Croix","Villars-Sainte-Croix","Villars-Sainte-Croix","Villars-Sainte-Croix VD","Villars-Sainte-Croix (VD)","Villars-Sainte-Croix (VD)","Waadt","Vaud","Vaud",46.202554217,FALSE,FALSE
22,5652,47.410358566,119,132,66.057441253,253,383,251,TRUE,"VD","Villars-sous-Yens","Villars-sous-Yens","Villars-sous-Yens","Villars-sous-Yens VD","Villars-sous-Yens (VD)","Villars-sous-Yens (VD)","Waadt","Vaud","Vaud",46.202554217,FALSE,FALSE
22,5653,56.593406593,206,158,65.794066318,377,573,364,TRUE,"VD","Vufflens-le-Château","Vufflens-le-Château","Vufflens-le-Château","Vufflens-le-Château VD","Vufflens-le-Château (VD)","Vufflens-le-Château (VD)","Waadt","Vaud","Vaud",46.202554217,FALSE,FALSE
22,5654,51.741293532,104,97,57.983193277,207,357,201,TRUE,"VD","Vullierens","Vullierens","Vullierens","Vullierens VD","Vullierens (VD)","Vullierens (VD)","Waadt","Vaud","Vaud",46.202554217,FALSE,FALSE
22,5655,54.003724395,290,247,53.770812929,549,1021,537,TRUE,"VD","Yens","Yens","Yens","Yens VD","Yens (VD)","Yens (VD)","Waadt","Vaud","Vaud",46.202554217,FALSE,FALSE
22,5656,48.765432099,790,830,58.321678322,1668,2860,1620,TRUE,"VD","Hautemorges","Hautemorges","Hautemorges","Hautemorges VD","Hautemorges (VD)","Hautemorges (VD)","Waadt","Vaud","Vaud",46.202554217,FALSE,FALSE
22,5661,54.037267081,87,74,62.45210728,163,261,161,TRUE,"VD","Boulens","Boulens","Boulens","Boulens VD","Boulens (VD)","Boulens (VD)","Waadt","Vaud","Vaud",46.202554217,FALSE,FALSE
22,5663,68.867924528,73,33,61.452513966,110,179,106,TRUE,"VD","Bussy-sur-Moudon","Bussy-sur-Moudon","Bussy-sur-Moudon","Bussy-sur-Moudon VD","Bussy-sur-Moudon (VD)","Bussy-sur-Moudon (VD)","Waadt","Vaud","Vaud",46.202554217,FALSE,FALSE
22,5665,64.705882353,66,36,58.192090395,103,177,102,TRUE,"VD","Chavannes-sur-Moudon","Chavannes-sur-Moudon","Chavannes-sur-Moudon","Chavannes-sur-Moudon VD","Chavannes-sur-Moudon (VD)","Chavannes-sur-Moudon (VD)","Waadt","Vaud","Vaud",46.202554217,FALSE,FALSE
22,5669,47.540983607,58,64,60,129,215,122,TRUE,"VD","Curtilles","Curtilles","Curtilles","Curtilles VD","Curtilles (VD)","Curtilles (VD)","Waadt","Vaud","Vaud",46.202554217,FALSE,FALSE
22,5671,65.094339623,69,37,66.871165644,109,163,106,TRUE,"VD","Dompierre VD","Dompierre (VD)","Dompierre VD","Dompierre VD","Dompierre (VD)","Dompierre (VD)","Waadt","Vaud","Vaud",46.202554217,FALSE,FALSE
22,5673,60.431654676,84,55,58.565737052,147,251,139,TRUE,"VD","Hermenches","Hermenches","Hermenches","Hermenches VD","Hermenches (VD)","Hermenches (VD)","Waadt","Vaud","Vaud",46.202554217,FALSE,FALSE
22,5674,48.484848485,32,34,58.11965812,68,117,66,TRUE,"VD","Lovatens","Lovatens","Lovatens","Lovatens VD","Lovatens (VD)","Lovatens (VD)","Waadt","Vaud","Vaud",46.202554217,FALSE,FALSE
22,5675,47.168059424,508,569,50.291349171,1122,2231,1077,TRUE,"VD","Lucens","Lucens","Lucens","Lucens VD","Lucens (VD)","Lucens (VD)","Waadt","Vaud","Vaud",46.202554217,FALSE,FALSE
22,5678,50.629496403,563,549,27.47148289,1156,4208,1112,TRUE,"VD","Moudon","Moudon","Moudon","Moudon VD","Moudon (VD)","Moudon (VD)","Waadt","Vaud","Vaud",46.202554217,FALSE,FALSE
22,5680,46.875,60,68,57.333333333,129,225,128,TRUE,"VD","Ogens","Ogens","Ogens","Ogens VD","Ogens (VD)","Ogens (VD)","Waadt","Vaud","Vaud",46.202554217,FALSE,FALSE
22,5683,60.714285714,51,33,51.744186047,89,172,84,TRUE,"VD","Prévonloup","Prévonloup","Prévonloup","Prévonloup VD","Prévonloup (VD)","Prévonloup (VD)","Waadt","Vaud","Vaud",46.202554217,FALSE,FALSE
22,5684,70.588235294,24,10,60.344827586,35,58,34,TRUE,"VD","Rossenges","Rossenges","Rossenges","Rossenges VD","Rossenges (VD)","Rossenges (VD)","Waadt","Vaud","Vaud",46.202554217,FALSE,FALSE
22,5688,57.894736842,22,16,42.696629213,38,89,38,TRUE,"VD","Syens","Syens","Syens","Syens VD","Syens (VD)","Syens (VD)","Waadt","Vaud","Vaud",46.202554217,FALSE,FALSE
22,5690,53.968253968,34,29,66.336633663,67,101,63,TRUE,"VD","Villars-le-Comte","Villars-le-Comte","Villars-le-Comte","Villars-le-Comte VD","Villars-le-Comte (VD)","Villars-le-Comte (VD)","Waadt","Vaud","Vaud",46.202554217,FALSE,FALSE
22,5692,53.017241379,123,109,58.663366337,237,404,232,TRUE,"VD","Vucherens","Vucherens","Vucherens","Vucherens VD","Vucherens (VD)","Vucherens (VD)","Waadt","Vaud","Vaud",46.202554217,FALSE,FALSE
22,5693,56.5913371,601,461,56.942277691,1095,1923,1062,TRUE,"VD","Montanaire","Montanaire","Montanaire","Montanaire VD","Montanaire (VD)","Montanaire (VD)","Waadt","Vaud","Vaud",46.202554217,FALSE,FALSE
22,5701,57.142857143,52,39,51.685393258,92,178,91,TRUE,"VD","Arnex-sur-Nyon","Arnex-sur-Nyon","Arnex-sur-Nyon","Arnex-sur-Nyon VD","Arnex-sur-Nyon (VD)","Arnex-sur-Nyon (VD)","Waadt","Vaud","Vaud",46.202554217,FALSE,FALSE
22,5702,56.730769231,590,450,62.704918033,1071,1708,1040,TRUE,"VD","Arzier-Le Muids","Arzier-Le Muids","Arzier-Le Muids","Arzier-Le Muids VD","Arzier-Le Muids (VD)","Arzier-Le Muids (VD)","Waadt","Vaud","Vaud",46.202554217,FALSE,FALSE
22,5703,49.233716475,257,265,61.38952164,539,878,522,TRUE,"VD","Bassins","Bassins","Bassins","Bassins VD","Bassins (VD)","Bassins (VD)","Waadt","Vaud","Vaud",46.202554217,FALSE,FALSE
22,5704,54.452554745,373,312,57.213114754,698,1220,685,TRUE,"VD","Begnins","Begnins","Begnins","Begnins VD","Begnins (VD)","Begnins (VD)","Waadt","Vaud","Vaud",46.202554217,FALSE,FALSE
22,5705,53.354632588,167,146,64.90872211,320,493,313,TRUE,"VD","Bogis-Bossey","Bogis-Bossey","Bogis-Bossey","Bogis-Bossey VD","Bogis-Bossey (VD)","Bogis-Bossey (VD)","Waadt","Vaud","Vaud",46.202554217,FALSE,FALSE
22,5706,53.243847875,238,209,63.521126761,451,710,447,TRUE,"VD","Borex","Borex","Borex","Borex VD","Borex (VD)","Borex (VD)","Waadt","Vaud","Vaud",46.202554217,FALSE,FALSE
22,5707,55.319148936,208,168,57.035928144,381,668,376,TRUE,"VD","Chavannes-de-Bogis","Chavannes-de-Bogis","Chavannes-de-Bogis","Chavannes-de-Bogis VD","Chavannes-de-Bogis (VD)","Chavannes-de-Bogis (VD)","Waadt","Vaud","Vaud",46.202554217,FALSE,FALSE
22,5708,52.203389831,154,141,61.885245902,302,488,295,TRUE,"VD","Chavannes-des-Bois","Chavannes-des-Bois","Chavannes-des-Bois","Chavannes-des-Bois VD","Chavannes-des-Bois (VD)","Chavannes-des-Bois (VD)","Waadt","Vaud","Vaud",46.202554217,FALSE,FALSE
22,5709,53.099173554,257,227,63.636363636,497,781,484,TRUE,"VD","Chéserex","Chéserex","Chéserex","Chéserex VD","Chéserex (VD)","Chéserex (VD)","Waadt","Vaud","Vaud",46.202554217,FALSE,FALSE
22,5710,56.284153005,103,80,60.567823344,192,317,183,TRUE,"VD","Coinsins","Coinsins","Coinsins","Coinsins VD","Coinsins (VD)","Coinsins (VD)","Waadt","Vaud","Vaud",46.202554217,FALSE,FALSE
22,5711,54.357298475,499,419,63.623978202,934,1468,918,TRUE,"VD","Commugny","Commugny","Commugny","Commugny VD","Commugny (VD)","Commugny (VD)","Waadt","Vaud","Vaud",46.202554217,FALSE,FALSE
22,5712,56.306760848,558,433,49.854085603,1025,2056,991,TRUE,"VD","Coppet","Coppet","Coppet","Coppet VD","Coppet (VD)","Coppet (VD)","Waadt","Vaud","Vaud",46.202554217,FALSE,FALSE
22,5713,56.697459584,491,375,64.411764706,876,1360,866,TRUE,"VD","Crans-près-Céligny","Crans-près-Céligny","Crans-près-Céligny","Crans-près-Céligny VD","Crans-près-Céligny (VD)","Crans-près-Céligny (VD)","Waadt","Vaud","Vaud",46.202554217,FALSE,FALSE
22,5714,51.44766147,231,218,61.162483487,463,757,449,TRUE,"VD","Crassier","Crassier","Crassier","Crassier VD","Crassier (VD)","Crassier (VD)","Waadt","Vaud","Vaud",46.202554217,FALSE,FALSE
22,5715,52.680652681,226,203,63.309352518,440,695,429,TRUE,"VD","Duillier","Duillier","Duillier","Duillier VD","Duillier (VD)","Duillier (VD)","Waadt","Vaud","Vaud",46.202554217,FALSE,FALSE
22,5716,51.290877797,298,283,61.697722567,596,966,581,TRUE,"VD","Eysins","Eysins","Eysins","Eysins VD","Eysins (VD)","Eysins (VD)","Waadt","Vaud","Vaud",46.202554217,FALSE,FALSE
22,5717,54.528478058,584,487,62.180579216,1095,1761,1071,TRUE,"VD","Founex","Founex","Founex","Founex VD","Founex (VD)","Founex (VD)","Waadt","Vaud","Vaud",46.202554217,FALSE,FALSE
22,5718,50.993377483,385,370,65.042016807,774,1190,755,TRUE,"VD","Genolier","Genolier","Genolier","Genolier VD","Genolier (VD)","Genolier (VD)","Waadt","Vaud","Vaud",46.202554217,FALSE,FALSE
22,5719,53.894736842,256,219,61.16751269,482,788,475,TRUE,"VD","Gingins","Gingins","Gingins","Gingins VD","Gingins (VD)","Gingins (VD)","Waadt","Vaud","Vaud",46.202554217,FALSE,FALSE
22,5720,48.329621381,217,232,65.279770445,455,697,449,TRUE,"VD","Givrins","Givrins","Givrins","Givrins VD","Givrins (VD)","Givrins (VD)","Waadt","Vaud","Vaud",46.202554217,FALSE,FALSE
22,5721,50.804776739,1957,1895,55.470354649,4051,7303,3852,TRUE,"VD","Gland","Gland","Gland","Gland VD","Gland (VD)","Gland (VD)","Waadt","Vaud","Vaud",46.202554217,FALSE,FALSE
22,5722,43.827160494,71,91,66.666666667,168,252,162,TRUE,"VD","Grens","Grens","Grens","Grens VD","Grens (VD)","Grens (VD)","Waadt","Vaud","Vaud",46.202554217,FALSE,FALSE
22,5723,52.597402597,324,292,58.775137112,643,1094,616,TRUE,"VD","Mies","Mies","Mies","Mies VD","Mies (VD)","Mies (VD)","Waadt","Vaud","Vaud",46.202554217,FALSE,FALSE
22,5724,42.119473507,2496,3430,53.867135944,6122,11365,5926,TRUE,"VD","Nyon","Nyon","Nyon","Nyon VD","Nyon (VD)","Nyon (VD)","Waadt","Vaud","Vaud",46.202554217,FALSE,FALSE
22,5725,47.697594502,694,761,62.191103789,1510,2428,1455,TRUE,"VD","Prangins","Prangins","Prangins","Prangins VD","Prangins (VD)","Prangins (VD)","Waadt","Vaud","Vaud",46.202554217,FALSE,FALSE
22,5726,50.904977376,225,217,62.742382271,453,722,442,TRUE,"VD","La Rippe","La Rippe","La Rippe","La Rippe VD","La Rippe (VD)","La Rippe (VD)","Waadt","Vaud","Vaud",46.202554217,FALSE,FALSE
22,5727,53.545232274,438,380,50.776583035,850,1674,818,TRUE,"VD","Saint-Cergue","Saint-Cergue","Saint-Cergue","Saint-Cergue VD","Saint-Cergue (VD)","Saint-Cergue (VD)","Waadt","Vaud","Vaud",46.202554217,FALSE,FALSE
22,5728,58.767772512,124,87,60.167130919,216,359,211,TRUE,"VD","Signy-Avenex","Signy-Avenex","Signy-Avenex","Signy-Avenex VD","Signy-Avenex (VD)","Signy-Avenex (VD)","Waadt","Vaud","Vaud",46.202554217,FALSE,FALSE
22,5729,54.918032787,335,275,67.172264355,620,923,610,TRUE,"VD","Tannay","Tannay","Tannay","Tannay VD","Tannay (VD)","Tannay (VD)","Waadt","Vaud","Vaud",46.202554217,FALSE,FALSE
22,5730,52.677029361,305,274,65.859030837,598,908,579,TRUE,"VD","Trélex","Trélex","Trélex","Trélex VD","Trélex (VD)","Trélex (VD)","Waadt","Vaud","Vaud",46.202554217,FALSE,FALSE
22,5731,47.433628319,268,297,64.27783903,583,907,565,TRUE,"VD","Le Vaud","Le Vaud","Le Vaud","Le Vaud VD","Le Vaud (VD)","Le Vaud (VD)","Waadt","Vaud","Vaud",46.202554217,FALSE,FALSE
22,5732,52.861035422,194,173,58.045112782,386,665,367,TRUE,"VD","Vich","Vich","Vich","Vich VD","Vich (VD)","Vich (VD)","Waadt","Vaud","Vaud",46.202554217,FALSE,FALSE
22,5741,51.333333333,77,73,76.649746193,151,197,150,TRUE,"VD","L'Abergement","L'Abergement","L'Abergement","L'Abergement VD","L'Abergement (VD)","L'Abergement (VD)","Waadt","Vaud","Vaud",46.202554217,FALSE,FALSE
22,5742,51.908396947,68,63,55.274261603,131,237,131,TRUE,"VD","Agiez","Agiez","Agiez","Agiez VD","Agiez (VD)","Agiez (VD)","Waadt","Vaud","Vaud",46.202554217,FALSE,FALSE
22,5743,41.608391608,119,167,61.263157895,291,475,286,TRUE,"VD","Arnex-sur-Orbe","Arnex-sur-Orbe","Arnex-sur-Orbe","Arnex-sur-Orbe VD","Arnex-sur-Orbe (VD)","Arnex-sur-Orbe (VD)","Waadt","Vaud","Vaud",46.202554217,FALSE,FALSE
22,5744,50.649350649,195,190,55.449591281,407,734,385,TRUE,"VD","Ballaigues","Ballaigues","Ballaigues","Ballaigues VD","Ballaigues (VD)","Ballaigues (VD)","Waadt","Vaud","Vaud",46.202554217,FALSE,FALSE
22,5745,47.260273973,207,231,58.257477243,448,769,438,TRUE,"VD","Baulmes","Baulmes","Baulmes","Baulmes VD","Baulmes (VD)","Baulmes (VD)","Waadt","Vaud","Vaud",46.202554217,FALSE,FALSE
22,5746,54.957507082,194,159,52.898550725,365,690,353,TRUE,"VD","Bavois","Bavois","Bavois","Bavois VD","Bavois (VD)","Bavois (VD)","Waadt","Vaud","Vaud",46.202554217,FALSE,FALSE
22,5747,65.957446809,62,32,68.243243243,101,148,94,TRUE,"VD","Bofflens","Bofflens","Bofflens","Bofflens VD","Bofflens (VD)","Bofflens (VD)","Waadt","Vaud","Vaud",46.202554217,FALSE,FALSE
22,5748,46.280991736,56,65,62.755102041,123,196,121,TRUE,"VD","Bretonnières","Bretonnières","Bretonnières","Bretonnières VD","Bretonnières (VD)","Bretonnières (VD)","Waadt","Vaud","Vaud",46.202554217,FALSE,FALSE
22,5749,49.386701097,765,784,51.961102107,1603,3085,1549,TRUE,"VD","Chavornay","Chavornay","Chavornay","Chavornay VD","Chavornay (VD)","Chavornay (VD)","Waadt","Vaud","Vaud",46.202554217,FALSE,FALSE
22,5750,32.876712329,24,49,52.482269504,74,141,73,TRUE,"VD","Les Clées","Les Clées","Les Clées","Les Clées VD","Les Clées (VD)","Les Clées (VD)","Waadt","Vaud","Vaud",46.202554217,FALSE,FALSE
22,5752,42.774566474,74,99,60.409556314,177,293,173,TRUE,"VD","Croy","Croy","Croy","Croy VD","Croy (VD)","Croy (VD)","Waadt","Vaud","Vaud",46.202554217,FALSE,FALSE
22,5754,52.380952381,77,70,61.568627451,157,255,147,TRUE,"VD","Juriens","Juriens","Juriens","Juriens VD","Juriens (VD)","Juriens (VD)","Waadt","Vaud","Vaud",46.202554217,FALSE,FALSE
22,5755,54.938271605,89,73,62.773722628,172,274,162,TRUE,"VD","Lignerolle","Lignerolle","Lignerolle","Lignerolle VD","Lignerolle (VD)","Lignerolle (VD)","Waadt","Vaud","Vaud",46.202554217,FALSE,FALSE
22,5756,49.142857143,86,89,56.574923547,185,327,175,TRUE,"VD","Montcherand","Montcherand","Montcherand","Montcherand VD","Montcherand (VD)","Montcherand (VD)","Waadt","Vaud","Vaud",46.202554217,FALSE,FALSE
22,5757,47.848626231,923,1006,49.197080292,2022,4110,1929,TRUE,"VD","Orbe","Orbe","Orbe","Orbe VD","Orbe (VD)","Orbe (VD)","Waadt","Vaud","Vaud",46.202554217,FALSE,FALSE
22,5758,46.06741573,41,48,65.734265734,94,143,89,TRUE,"VD","La Praz","La Praz","La Praz","La Praz VD","La Praz (VD)","La Praz (VD)","Waadt","Vaud","Vaud",46.202554217,FALSE,FALSE
22,5759,51.785714286,58,54,64.772727273,114,176,112,TRUE,"VD","Premier","Premier","Premier","Premier VD","Premier (VD)","Premier (VD)","Waadt","Vaud","Vaud",46.202554217,FALSE,FALSE
22,5760,53.879310345,125,107,59.398496241,237,399,232,TRUE,"VD","Rances","Rances","Rances","Rances VD","Rances (VD)","Rances (VD)","Waadt","Vaud","Vaud",46.202554217,FALSE,FALSE
22,5761,37.037037037,80,136,58.031088083,224,386,216,TRUE,"VD","Romainmôtier-Envy","Romainmôtier-Envy","Romainmôtier-Envy","Romainmôtier-Envy VD","Romainmôtier-Envy (VD)","Romainmôtier-Envy (VD)","Waadt","Vaud","Vaud",46.202554217,FALSE,FALSE
22,5762,54.838709677,34,28,59.459459459,66,111,62,TRUE,"VD","Sergey","Sergey","Sergey","Sergey VD","Sergey (VD)","Sergey (VD)","Waadt","Vaud","Vaud",46.202554217,FALSE,FALSE
22,5763,58.620689655,136,96,60.152284264,237,394,232,TRUE,"VD","Valeyres-sous-Rances","Valeyres-sous-Rances","Valeyres-sous-Rances","Valeyres-sous-Rances VD","Valeyres-sous-Rances (VD)","Valeyres-sous-Rances (VD)","Waadt","Vaud","Vaud",46.202554217,FALSE,FALSE
22,5764,53.06122449,520,460,45.019920319,1017,2259,980,TRUE,"VD","Vallorbe","Vallorbe","Vallorbe","Vallorbe VD","Vallorbe (VD)","Vallorbe (VD)","Waadt","Vaud","Vaud",46.202554217,FALSE,FALSE
22,5765,49.450549451,90,92,54.970760234,188,342,182,TRUE,"VD","Vaulion","Vaulion","Vaulion","Vaulion VD","Vaulion (VD)","Vaulion (VD)","Waadt","Vaud","Vaud",46.202554217,FALSE,FALSE
22,5766,50.480769231,105,103,52.512562814,209,398,208,TRUE,"VD","Vuiteboeuf","Vuiteboeuf","Vuiteboeuf","Vuiteboeuf VD","Vuiteboeuf (VD)","Vuiteboeuf (VD)","Waadt","Vaud","Vaud",46.202554217,FALSE,FALSE
22,5785,53.06122449,104,92,61.890243902,203,328,196,TRUE,"VD","Corcelles-le-Jorat","Corcelles-le-Jorat","Corcelles-le-Jorat","Corcelles-le-Jorat VD","Corcelles-le-Jorat (VD)","Corcelles-le-Jorat (VD)","Waadt","Vaud","Vaud",46.202554217,FALSE,FALSE
22,5790,45.306122449,111,134,63.58974359,248,390,245,TRUE,"VD","Maracon","Maracon","Maracon","Maracon VD","Maracon (VD)","Maracon (VD)","Waadt","Vaud","Vaud",46.202554217,FALSE,FALSE
22,5792,48.80952381,123,129,61.244019139,256,418,252,TRUE,"VD","Montpreveyres","Montpreveyres","Montpreveyres","Montpreveyres VD","Montpreveyres (VD)","Montpreveyres (VD)","Waadt","Vaud","Vaud",46.202554217,FALSE,FALSE
22,5798,62.371134021,121,73,60.747663551,195,321,194,TRUE,"VD","Ropraz","Ropraz","Ropraz","Ropraz VD","Ropraz (VD)","Ropraz (VD)","Waadt","Vaud","Vaud",46.202554217,FALSE,FALSE
22,5799,47.109471095,383,430,58.129797627,833,1433,813,TRUE,"VD","Servion","Servion","Servion","Servion VD","Servion (VD)","Servion (VD)","Waadt","Vaud","Vaud",46.202554217,FALSE,FALSE
22,5803,61.992619926,168,103,64.801864802,278,429,271,TRUE,"VD","Vulliens","Vulliens","Vulliens","Vulliens VD","Vulliens (VD)","Vulliens (VD)","Waadt","Vaud","Vaud",46.202554217,FALSE,FALSE
22,5804,52.296819788,296,270,57.184750733,585,1023,566,TRUE,"VD","Jorat-Menthue","Jorat-Menthue","Jorat-Menthue","Jorat-Menthue VD","Jorat-Menthue (VD)","Jorat-Menthue (VD)","Waadt","Vaud","Vaud",46.202554217,FALSE,FALSE
22,5805,47.223540579,995,1112,56.451612903,2170,3844,2107,TRUE,"VD","Oron","Oron","Oron","Oron VD","Oron (VD)","Oron (VD)","Waadt","Vaud","Vaud",46.202554217,FALSE,FALSE
22,5806,49.134377576,596,617,58.7138863,1260,2146,1213,TRUE,"VD","Jorat-Mézières","Jorat-Mézières","Jorat-Mézières","Jorat-Mézières VD","Jorat-Mézières (VD)","Jorat-Mézières (VD)","Waadt","Vaud","Vaud",46.202554217,FALSE,FALSE
22,5812,43.58974359,34,44,62.4,78,125,78,TRUE,"VD","Champtauroz","Champtauroz","Champtauroz","Champtauroz VD","Champtauroz (VD)","Champtauroz (VD)","Waadt","Vaud","Vaud",46.202554217,FALSE,FALSE
22,5813,52.777777778,114,102,63.716814159,216,339,216,TRUE,"VD","Chevroux","Chevroux","Chevroux","Chevroux VD","Chevroux (VD)","Chevroux (VD)","Waadt","Vaud","Vaud",46.202554217,FALSE,FALSE
22,5816,62.17552534,503,306,52.840909091,837,1584,809,TRUE,"VD","Corcelles-près-Payerne","Corcelles-près-Payerne","Corcelles-près-Payerne","Corcelles-près-Payerne VD","Corcelles-près-Payerne (VD)","Corcelles-près-Payerne (VD)","Waadt","Vaud","Vaud",46.202554217,FALSE,FALSE
22,5817,61.49068323,198,124,52.631578947,330,627,322,TRUE,"VD","Grandcour","Grandcour","Grandcour","Grandcour VD","Grandcour (VD)","Grandcour (VD)","Waadt","Vaud","Vaud",46.202554217,FALSE,FALSE
22,5819,48.760330579,59,62,45.864661654,122,266,121,TRUE,"VD","Henniez","Henniez","Henniez","Henniez VD","Henniez (VD)","Henniez (VD)","Waadt","Vaud","Vaud",46.202554217,FALSE,FALSE
22,5821,56.204379562,77,60,59.574468085,140,235,137,TRUE,"VD","Missy","Missy","Missy","Missy VD","Missy (VD)","Missy (VD)","Waadt","Vaud","Vaud",46.202554217,FALSE,FALSE
22,5822,58.255033557,1302,933,48.252326784,2333,4835,2235,TRUE,"VD","Payerne","Payerne","Payerne","Payerne VD","Payerne (VD)","Payerne (VD)","Waadt","Vaud","Vaud",46.202554217,FALSE,FALSE
22,5827,64.957264957,76,41,58.910891089,119,202,117,TRUE,"VD","Trey","Trey","Trey","Trey VD","Trey (VD)","Trey (VD)","Waadt","Vaud","Vaud",46.202554217,FALSE,FALSE
22,5828,66,33,17,63.291139241,50,79,50,TRUE,"VD","Treytorrens (Payerne)","Treytorrens (Payerne)","Treytorrens (Payerne)","Treytorrens (Payerne) VD","Treytorrens (Payerne) (VD)","Treytorrens (Payerne) (VD)","Waadt","Vaud","Vaud",46.202554217,FALSE,FALSE
22,5830,60.256410256,94,62,52.459016393,160,305,156,TRUE,"VD","Villarzel","Villarzel","Villarzel","Villarzel VD","Villarzel (VD)","Villarzel (VD)","Waadt","Vaud","Vaud",46.202554217,FALSE,FALSE
22,5831,59.692028986,659,445,55.718475073,1140,2046,1104,TRUE,"VD","Valbroye","Valbroye","Valbroye","Valbroye VD","Valbroye (VD)","Valbroye (VD)","Waadt","Vaud","Vaud",46.202554217,FALSE,FALSE
22,5841,59.593023256,615,417,52.16967333,1070,2051,1032,TRUE,"VD","Château-d'Oex","Château-d'Oex","Château-d'Oex","Château-d'Oex VD","Château-d'Oex (VD)","Château-d'Oex (VD)","Waadt","Vaud","Vaud",46.202554217,FALSE,FALSE
22,5842,61.904761905,104,64,51.66163142,171,331,168,TRUE,"VD","Rossinière","Rossinière","Rossinière","Rossinière VD","Rossinière (VD)","Rossinière (VD)","Waadt","Vaud","Vaud",46.202554217,FALSE,FALSE
22,5843,65.174129353,131,70,47.260273973,207,438,201,TRUE,"VD","Rougemont","Rougemont","Rougemont","Rougemont VD","Rougemont (VD)","Rougemont (VD)","Waadt","Vaud","Vaud",46.202554217,FALSE,FALSE
22,5851,50,72,72,61.506276151,147,239,144,TRUE,"VD","Allaman","Allaman","Allaman","Allaman VD","Allaman (VD)","Allaman (VD)","Waadt","Vaud","Vaud",46.202554217,FALSE,FALSE
22,5852,60.416666667,116,76,62.300319489,195,313,192,TRUE,"VD","Bursinel","Bursinel","Bursinel","Bursinel VD","Bursinel (VD)","Bursinel (VD)","Waadt","Vaud","Vaud",46.202554217,FALSE,FALSE
22,5853,45.423728814,134,161,61.054766734,301,493,295,TRUE,"VD","Bursins","Bursins","Bursins","Bursins VD","Bursins (VD)","Bursins (VD)","Waadt","Vaud","Vaud",46.202554217,FALSE,FALSE
22,5854,52.348993289,78,71,61.417322835,156,254,149,TRUE,"VD","Burtigny","Burtigny","Burtigny","Burtigny VD","Burtigny (VD)","Burtigny (VD)","Waadt","Vaud","Vaud",46.202554217,FALSE,FALSE
22,5855,56.223175966,131,102,64.577656676,237,367,233,TRUE,"VD","Dully","Dully","Dully","Dully VD","Dully (VD)","Dully (VD)","Waadt","Vaud","Vaud",46.202554217,FALSE,FALSE
22,5856,51.724137931,150,140,67.660550459,295,436,290,TRUE,"VD","Essertines-sur-Rolle","Essertines-sur-Rolle","Essertines-sur-Rolle","Essertines-sur-Rolle VD","Essertines-sur-Rolle (VD)","Essertines-sur-Rolle (VD)","Waadt","Vaud","Vaud",46.202554217,FALSE,FALSE
22,5857,56.633663366,286,219,61.420118343,519,845,505,TRUE,"VD","Gilly","Gilly","Gilly","Gilly VD","Gilly (VD)","Gilly (VD)","Waadt","Vaud","Vaud",46.202554217,FALSE,FALSE
22,5858,56.565656566,112,86,58.670520231,203,346,198,TRUE,"VD","Luins","Luins","Luins","Luins VD","Luins (VD)","Luins (VD)","Waadt","Vaud","Vaud",46.202554217,FALSE,FALSE
22,5859,53.603603604,476,412,56.668715427,922,1627,888,TRUE,"VD","Mont-sur-Rolle","Mont-sur-Rolle","Mont-sur-Rolle","Mont-sur-Rolle VD","Mont-sur-Rolle (VD)","Mont-sur-Rolle (VD)","Waadt","Vaud","Vaud",46.202554217,FALSE,FALSE
22,5860,56.460176991,319,246,63.336992316,577,911,565,TRUE,"VD","Perroy","Perroy","Perroy","Perroy VD","Perroy (VD)","Perroy (VD)","Waadt","Vaud","Vaud",46.202554217,FALSE,FALSE
22,5861,47.976190476,806,874,54.479949875,1739,3192,1680,TRUE,"VD","Rolle","Rolle","Rolle","Rolle VD","Rolle (VD)","Rolle (VD)","Waadt","Vaud","Vaud",46.202554217,FALSE,FALSE
22,5862,77.215189873,61,18,62.595419847,82,131,79,TRUE,"VD","Tartegnin","Tartegnin","Tartegnin","Tartegnin VD","Tartegnin (VD)","Tartegnin (VD)","Waadt","Vaud","Vaud",46.202554217,FALSE,FALSE
22,5863,58.041958042,83,60,62.869198312,149,237,143,TRUE,"VD","Vinzel","Vinzel","Vinzel","Vinzel VD","Vinzel (VD)","Vinzel (VD)","Waadt","Vaud","Vaud",46.202554217,FALSE,FALSE
22,5871,50.493421053,307,301,57.486136784,622,1082,608,TRUE,"VD","L'Abbaye","L'Abbaye","L'Abbaye","L'Abbaye VD","L'Abbaye (VD)","L'Abbaye (VD)","Waadt","Vaud","Vaud",46.202554217,FALSE,FALSE
22,5872,50.17135024,732,727,54.40285205,1526,2805,1459,TRUE,"VD","Le Chenit","Le Chenit","Le Chenit","Le Chenit VD","Le Chenit (VD)","Le Chenit (VD)","Waadt","Vaud","Vaud",46.202554217,FALSE,FALSE
22,5873,48.128342246,180,194,60.446570973,379,627,374,TRUE,"VD","Le Lieu","Le Lieu","Le Lieu","Le Lieu VD","Le Lieu (VD)","Le Lieu (VD)","Waadt","Vaud","Vaud",46.202554217,FALSE,FALSE
22,5882,46.728971963,600,684,62.271234162,1327,2131,1284,TRUE,"VD","Chardonne","Chardonne","Chardonne","Chardonne VD","Chardonne (VD)","Chardonne (VD)","Waadt","Vaud","Vaud",46.202554217,FALSE,FALSE
22,5883,51.072961373,476,456,66.435986159,960,1445,932,TRUE,"VD","Corseaux","Corseaux","Corseaux","Corseaux VD","Corseaux (VD)","Corseaux (VD)","Waadt","Vaud","Vaud",46.202554217,FALSE,FALSE
22,5884,46.786389414,495,563,56.787564767,1096,1930,1058,TRUE,"VD","Corsier-sur-Vevey","Corsier-sur-Vevey","Corsier-sur-Vevey","Corsier-sur-Vevey VD","Corsier-sur-Vevey (VD)","Corsier-sur-Vevey (VD)","Waadt","Vaud","Vaud",46.202554217,FALSE,FALSE
22,5885,50.724637681,385,374,70.080862534,780,1113,759,TRUE,"VD","Jongny","Jongny","Jongny","Jongny VD","Jongny (VD)","Jongny (VD)","Waadt","Vaud","Vaud",46.202554217,FALSE,FALSE
22,5886,47.513629605,2876,3177,50.912334766,6278,12331,6053,TRUE,"VD","Montreux","Montreux","Montreux","Montreux VD","Montreux (VD)","Montreux (VD)","Waadt","Vaud","Vaud",46.202554217,FALSE,FALSE
22,5889,43.30471107,1866,2443,59.615641265,4467,7493,4309,TRUE,"VD","La Tour-de-Peilz","La Tour-de-Peilz","La Tour-de-Peilz","La Tour-de-Peilz VD","La Tour-de-Peilz (VD)","La Tour-de-Peilz (VD)","Waadt","Vaud","Vaud",46.202554217,FALSE,FALSE
22,5890,31.828978622,1608,3444,52.043161155,5209,10009,5052,TRUE,"VD","Vevey","Vevey","Vevey","Vevey VD","Vevey (VD)","Vevey (VD)","Waadt","Vaud","Vaud",46.202554217,FALSE,FALSE
22,5891,54.873646209,152,125,54.054054054,280,518,277,TRUE,"VD","Veytaux","Veytaux","Veytaux","Veytaux VD","Veytaux (VD)","Veytaux (VD)","Waadt","Vaud","Vaud",46.202554217,FALSE,FALSE
22,5892,50.010957703,2282,2281,60.38002311,4703,7789,4563,TRUE,"VD","Blonay-Saint-Légier","Blonay-Saint-Légier","Blonay-Saint-Légier","Blonay-Saint-Légier VD","Blonay-Saint-Légier (VD)","Blonay-Saint-Légier (((VD)))","Waadt","Vaud","Vaud",46.202554217,FALSE,FALSE
22,5902,54.802259887,97,80,58.116883117,179,308,177,TRUE,"VD","Belmont-sur-Yverdon","Belmont-sur-Yverdon","Belmont-sur-Yverdon","Belmont-sur-Yverdon VD","Belmont-sur-Yverdon (VD)","Belmont-sur-Yverdon (VD)","Waadt","Vaud","Vaud",46.202554217,FALSE,FALSE
22,5903,54.954954955,61,50,60.309278351,117,194,111,TRUE,"VD","Bioley-Magnoux","Bioley-Magnoux","Bioley-Magnoux","Bioley-Magnoux VD","Bioley-Magnoux (VD)","Bioley-Magnoux (VD)","Waadt","Vaud","Vaud",46.202554217,FALSE,FALSE
22,5904,64.383561644,141,78,52.304147465,227,434,219,TRUE,"VD","Chamblon","Chamblon","Chamblon","Chamblon VD","Chamblon (VD)","Chamblon (VD)","Waadt","Vaud","Vaud",46.202554217,FALSE,FALSE
22,5905,43.190661479,111,146,58.574610245,263,449,257,TRUE,"VD","Champvent","Champvent","Champvent","Champvent VD","Champvent (VD)","Champvent (VD)","Waadt","Vaud","Vaud",46.202554217,FALSE,FALSE
22,5907,61.467889908,67,42,48.275862069,112,232,109,TRUE,"VD","Chavannes-le-Chêne","Chavannes-le-Chêne","Chavannes-le-Chêne","Chavannes-le-Chêne VD","Chavannes-le-Chêne (VD)","Chavannes-le-Chêne (VD)","Waadt","Vaud","Vaud",46.202554217,FALSE,FALSE
22,5908,51.612903226,32,30,58.71559633,64,109,62,TRUE,"VD","Chêne-Pâquier","Chêne-Pâquier","Chêne-Pâquier","Chêne-Pâquier VD","Chêne-Pâquier (VD)","Chêne-Pâquier (VD)","Waadt","Vaud","Vaud",46.202554217,FALSE,FALSE
22,5909,56.707317073,186,142,64.591439689,332,514,328,TRUE,"VD","Cheseaux-Noréaz","Cheseaux-Noréaz","Cheseaux-Noréaz","Cheseaux-Noréaz VD","Cheseaux-Noréaz (VD)","Cheseaux-Noréaz (VD)","Waadt","Vaud","Vaud",46.202554217,FALSE,FALSE
22,5910,44.019138756,92,117,66.666666667,212,318,209,TRUE,"VD","Cronay","Cronay","Cronay","Cronay VD","Cronay (VD)","Cronay (VD)","Waadt","Vaud","Vaud",46.202554217,FALSE,FALSE
22,5911,59.649122807,68,46,69.230769231,117,169,114,TRUE,"VD","Cuarny","Cuarny","Cuarny","Cuarny VD","Cuarny (VD)","Cuarny (VD)","Waadt","Vaud","Vaud",46.202554217,FALSE,FALSE
22,5912,55.813953488,48,38,70.731707317,87,123,86,TRUE,"VD","Démoret","Démoret","Démoret","Démoret VD","Démoret (VD)","Démoret (VD)","Waadt","Vaud","Vaud",46.202554217,FALSE,FALSE
22,5913,48.725212465,172,181,61.279461279,364,594,353,TRUE,"VD","Donneloye","Donneloye","Donneloye","Donneloye VD","Donneloye (VD)","Donneloye (VD)","Waadt","Vaud","Vaud",46.202554217,FALSE,FALSE
22,5914,62.411347518,88,53,60.082304527,146,243,141,TRUE,"VD","Ependes VD","Ependes (VD)","Ependes VD","Ependes VD","Ependes (VD)","Ependes (VD)","Waadt","Vaud","Vaud",46.202554217,FALSE,FALSE
22,5919,53.076923077,138,122,55.186721992,266,482,260,TRUE,"VD","Mathod","Mathod","Mathod","Mathod VD","Mathod (VD)","Mathod (VD)","Waadt","Vaud","Vaud",46.202554217,FALSE,FALSE
22,5921,59.793814433,58,39,50,97,194,97,TRUE,"VD","Molondin","Molondin","Molondin","Molondin VD","Molondin (VD)","Molondin (VD)","Waadt","Vaud","Vaud",46.202554217,FALSE,FALSE
22,5922,52.8,132,118,50.487329435,259,513,250,TRUE,"VD","Montagny-près-Yverdon","Montagny-près-Yverdon","Montagny-près-Yverdon","Montagny-près-Yverdon VD","Montagny-près-Yverdon (VD)","Montagny-près-Yverdon (VD)","Waadt","Vaud","Vaud",46.202554217,FALSE,FALSE
22,5923,48.611111111,35,37,59.2,74,125,72,TRUE,"VD","Oppens","Oppens","Oppens","Oppens VD","Oppens (VD)","Oppens (VD)","Waadt","Vaud","Vaud",46.202554217,FALSE,FALSE
22,5924,50,74,74,53.928571429,151,280,148,TRUE,"VD","Orges","Orges","Orges","Orges VD","Orges (VD)","Orges (VD)","Waadt","Vaud","Vaud",46.202554217,FALSE,FALSE
22,5925,50,53,53,71.612903226,111,155,106,TRUE,"VD","Orzens","Orzens","Orzens","Orzens VD","Orzens (VD)","Orzens (VD)","Waadt","Vaud","Vaud",46.202554217,FALSE,FALSE
22,5926,55.619596542,193,154,59.349593496,365,615,347,TRUE,"VD","Pomy","Pomy","Pomy","Pomy VD","Pomy (VD)","Pomy (VD)","Waadt","Vaud","Vaud",46.202554217,FALSE,FALSE
22,5928,83,83,17,79.6875,102,128,100,TRUE,"VD","Rovray","Rovray","Rovray","Rovray VD","Rovray (VD)","Rovray (VD)","Waadt","Vaud","Vaud",46.202554217,FALSE,FALSE
22,5929,57.024793388,138,104,59.144893112,249,421,242,TRUE,"VD","Suchy","Suchy","Suchy","Suchy VD","Suchy (VD)","Suchy (VD)","Waadt","Vaud","Vaud",46.202554217,FALSE,FALSE
22,5930,61.165048544,63,40,65.625,105,160,103,TRUE,"VD","Suscévaz","Suscévaz","Suscévaz","Suscévaz VD","Suscévaz (VD)","Suscévaz (VD)","Waadt","Vaud","Vaud",46.202554217,FALSE,FALSE
22,5931,55.555555556,95,76,51.796407186,173,334,171,TRUE,"VD","Treycovagnes","Treycovagnes","Treycovagnes","Treycovagnes VD","Treycovagnes (VD)","Treycovagnes (VD)","Waadt","Vaud","Vaud",46.202554217,FALSE,FALSE
22,5932,70.32967033,64,27,62.337662338,96,154,91,TRUE,"VD","Ursins","Ursins","Ursins","Ursins VD","Ursins (VD)","Ursins (VD)","Waadt","Vaud","Vaud",46.202554217,FALSE,FALSE
22,5933,49.612403101,128,130,47.593582888,267,561,258,TRUE,"VD","Valeyres-sous-Montagny","Valeyres-sous-Montagny","Valeyres-sous-Montagny","Valeyres-sous-Montagny VD","Valeyres-sous-Montagny (VD)","Valeyres-sous-Montagny (VD)","Waadt","Vaud","Vaud",46.202554217,FALSE,FALSE
22,5934,46.428571429,65,75,76.630434783,141,184,140,TRUE,"VD","Valeyres-sous-Ursins","Valeyres-sous-Ursins","Valeyres-sous-Ursins","Valeyres-sous-Ursins VD","Valeyres-sous-Ursins (VD)","Valeyres-sous-Ursins (VD)","Waadt","Vaud","Vaud",46.202554217,FALSE,FALSE
22,5935,52.380952381,22,20,63.235294118,43,68,42,TRUE,"VD","Villars-Epeney","Villars-Epeney","Villars-Epeney","Villars-Epeney VD","Villars-Epeney (VD)","Villars-Epeney (VD)","Waadt","Vaud","Vaud",46.202554217,FALSE,FALSE
22,5937,57.692307692,30,22,56.25,54,96,52,TRUE,"VD","Vugelles-La Mothe","Vugelles-La Mothe","Vugelles-La Mothe","Vugelles-La Mothe VD","Vugelles-La Mothe (VD)","Vugelles-La Mothe (VD)","Waadt","Vaud","Vaud",46.202554217,FALSE,FALSE
22,5938,41.489515546,2869,4046,47.706360848,7155,14998,6915,TRUE,"VD","Yverdon-les-Bains","Yverdon-les-Bains","Yverdon-les-Bains","Yverdon-les-Bains VD","Yverdon-les-Bains (VD)","Yverdon-les-Bains (VD)","Waadt","Vaud","Vaud",46.202554217,FALSE,FALSE
22,5939,49.674267101,610,618,53.904923599,1270,2356,1228,TRUE,"VD","Yvonand","Yvonand","Yvonand","Yvonand VD","Yvonand (VD)","Yvonand (VD)","Waadt","Vaud","Vaud",46.202554217,FALSE,FALSE
23,6002,58.103680863,3015,2174,58.587515032,5359,9147,5189,TRUE,"VS","Brig-Glis","Brigue-Glis","Briga-Glis","Brig-Glis VS","Brigue-Glis (VS)","Briga-Glis (VS)","Wallis","Valais","Vallese",57.094834781,FALSE,FALSE
23,6004,66.473988439,115,58,66.541353383,177,266,173,TRUE,"VS","Eggerberg","Eggerberg","Eggerberg","Eggerberg VS","Eggerberg (VS)","Eggerberg (VS)","Wallis","Valais","Vallese",57.094834781,FALSE,FALSE
23,6007,56.753526177,2374,1809,60.120044668,4307,7164,4183,TRUE,"VS","Naters","Naters","Naters","Naters VS","Naters (VS)","Naters (VS)","Wallis","Valais","Vallese",57.094834781,FALSE,FALSE
23,6008,63.070942663,649,380,64.359441409,1060,1647,1029,TRUE,"VS","Ried-Brig","Ried-Brig","Ried-Brig","Ried-Brig VS","Ried-Brig (VS)","Ried-Brig (VS)","Wallis","Valais","Vallese",57.094834781,FALSE,FALSE
23,6009,63.970588235,87,49,57.37704918,140,244,136,TRUE,"VS","Simplon","Simplon","Sempione","Simplon VS","Simplon (VS)","Sempione (VS)","Wallis","Valais","Vallese",57.094834781,FALSE,FALSE
23,6010,59.288537549,300,206,63.300492611,514,812,506,TRUE,"VS","Termen","Termen","Termen","Termen VS","Termen (VS)","Termen (VS)","Wallis","Valais","Vallese",57.094834781,FALSE,FALSE
23,6011,62.5,20,12,73.333333333,33,45,32,TRUE,"VS","Zwischbergen","Zwischbergen","Zwischbergen","Zwischbergen VS","Zwischbergen (VS)","Zwischbergen (VS)","Wallis","Valais","Vallese",57.094834781,FALSE,FALSE
23,6021,54.463390171,543,454,51.325662831,1026,1999,997,TRUE,"VS","Ardon","Ardon","Ardon","Ardon VS","Ardon (VS)","Ardon (VS)","Wallis","Valais","Vallese",57.094834781,FALSE,FALSE
23,6022,55.056852184,920,751,59.034110098,1748,2961,1671,TRUE,"VS","Chamoson","Chamoson","Chamoson","Chamoson VS","Chamoson (VS)","Chamoson (VS)","Wallis","Valais","Vallese",57.094834781,FALSE,FALSE
23,6023,58.001328021,1747,1265,53.700841491,3127,5823,3012,TRUE,"VS","Conthey","Conthey","Conthey","Conthey VS","Conthey (VS)","Conthey (VS)","Wallis","Valais","Vallese",57.094834781,FALSE,FALSE
23,6024,57.007125891,1440,1086,53.273506017,2612,4903,2526,TRUE,"VS","Nendaz","Nendaz","Nendaz","Nendaz VS","Nendaz (VS)","Nendaz (VS)","Wallis","Valais","Vallese",57.094834781,FALSE,FALSE
23,6025,57.19863348,1172,877,54.956117708,2129,3874,2049,TRUE,"VS","Vétroz","Vétroz","Vétroz","Vétroz VS","Vétroz (VS)","Vétroz (VS)","Wallis","Valais","Vallese",57.094834781,FALSE,FALSE
23,6032,66.956521739,77,38,66.480446927,119,179,115,TRUE,"VS","Bourg-Saint-Pierre","Bourg-Saint-Pierre","Bourg-Saint-Pierre","Bourg-Saint-Pierre VS","Bourg-Saint-Pierre (VS)","Bourg-Saint-Pierre (VS)","Wallis","Valais","Vallese",57.094834781,FALSE,FALSE
23,6033,53.773584906,171,147,59.226713533,337,569,318,TRUE,"VS","Liddes","Liddes","Liddes","Liddes VS","Liddes (VS)","Liddes (VS)","Wallis","Valais","Vallese",57.094834781,FALSE,FALSE
23,6034,59.242424242,782,538,63.762102351,1383,2169,1320,TRUE,"VS","Orsières","Orsières","Orsières","Orsières VS","Orsières (VS)","Orsières (VS)","Wallis","Valais","Vallese",57.094834781,FALSE,FALSE
23,6035,59.53002611,228,155,57.412790698,395,688,383,TRUE,"VS","Sembrancher","Sembrancher","Sembrancher","Sembrancher VS","Sembrancher (VS)","Sembrancher (VS)","Wallis","Valais","Vallese",57.094834781,FALSE,FALSE
23,6037,56.448265639,1904,1469,56.92926045,3541,6220,3373,TRUE,"VS","Val de Bagnes","Val de Bagnes","Val de Bagnes","Val de Bagnes VS","Val de Bagnes (VS)","Val de Bagnes (VS)","Wallis","Valais","Vallese",57.094834781,FALSE,FALSE
23,6052,55.414012739,87,70,66.806722689,159,238,157,TRUE,"VS","Bellwald","Bellwald","Bellwald","Bellwald VS","Bellwald (VS)","Bellwald (VS)","Wallis","Valais","Vallese",57.094834781,FALSE,FALSE
23,6054,59.420289855,41,28,71.134020619,69,97,69,TRUE,"VS","Binn","Binn","Binn","Binn VS","Binn (VS)","Binn (VS)","Wallis","Valais","Vallese",57.094834781,FALSE,FALSE
23,6056,48.497854077,113,120,57.664233577,237,411,233,TRUE,"VS","Ernen","Ernen","Ernen","Ernen VS","Ernen (VS)","Ernen (VS)","Wallis","Valais","Vallese",57.094834781,FALSE,FALSE
23,6057,50.453172205,167,164,53.894080997,346,642,331,TRUE,"VS","Fiesch","Fiesch","Fiesch","Fiesch VS","Fiesch (VS)","Fiesch (VS)","Wallis","Valais","Vallese",57.094834781,FALSE,FALSE
23,6058,58.741258741,84,59,58.565737052,147,251,143,TRUE,"VS","Fieschertal","Fieschertal","Fieschertal","Fieschertal VS","Fieschertal (VS)","Fieschertal (VS)","Wallis","Valais","Vallese",57.094834781,FALSE,FALSE
23,6061,60,81,54,61.711711712,137,222,135,TRUE,"VS","Lax","Lax","Lax","Lax VS","Lax (VS)","Lax (VS)","Wallis","Valais","Vallese",57.094834781,FALSE,FALSE
23,6076,70,217,93,62.007874016,315,508,310,TRUE,"VS","Obergoms","Obergoms","Obergoms","Obergoms VS","Obergoms (VS)","Obergoms (VS)","Wallis","Valais","Vallese",57.094834781,FALSE,FALSE
23,6077,62.570888469,331,198,62.104072398,549,884,529,TRUE,"VS","Goms","Goms","Goms","Goms VS","Goms (VS)","Goms (VS)","Wallis","Valais","Vallese",57.094834781,FALSE,FALSE
23,6082,53.257790368,940,825,57.649253731,1854,3216,1765,TRUE,"VS","Ayent","Ayent","Ayent","Ayent VS","Ayent (VS)","Ayent (VS)","Wallis","Valais","Vallese",57.094834781,FALSE,FALSE
23,6083,66.74907293,540,269,65.384615385,833,1274,809,TRUE,"VS","Evolène","Evolène","Evolène","Evolène VS","Evolène (VS)","Evolène (VS)","Wallis","Valais","Vallese",57.094834781,FALSE,FALSE
23,6084,68.694550063,542,247,67.190082645,813,1210,789,TRUE,"VS","Hérémence","Hérémence","Hérémence","Hérémence VS","Hérémence (VS)","Hérémence (VS)","Wallis","Valais","Vallese",57.094834781,FALSE,FALSE
23,6087,64.494382022,287,158,68.437025797,451,659,445,TRUE,"VS","Saint-Martin VS","Saint-Martin (VS)","Saint-Martin VS","Saint-Martin VS","Saint-Martin (VS)","Saint-Martin (VS)","Wallis","Valais","Vallese",57.094834781,FALSE,FALSE
23,6089,57.681564246,413,303,55.841293167,760,1361,716,TRUE,"VS","Vex","Vex","Vex","Vex VS","Vex (VS)","Vex (VS)","Wallis","Valais","Vallese",57.094834781,FALSE,FALSE
23,6090,55.191256831,303,246,64.819004525,573,884,549,TRUE,"VS","Mont-Noble","Mont-Noble","Mont-Noble","Mont-Noble VS","Mont-Noble (VS)","Mont-Noble (VS)","Wallis","Valais","Vallese",57.094834781,FALSE,FALSE
23,6101,56.358381503,195,151,64.684684685,359,555,346,TRUE,"VS","Agarn","Agarn","Agarn","Agarn VS","Agarn (VS)","Agarn (VS)","Wallis","Valais","Vallese",57.094834781,FALSE,FALSE
23,6102,45.217391304,52,63,61.904761905,117,189,115,TRUE,"VS","Albinen","Albinen","Albinen","Albinen VS","Albinen (VS)","Albinen (VS)","Wallis","Valais","Vallese",57.094834781,FALSE,FALSE
23,6104,65.833333333,79,41,85.915492958,122,142,120,TRUE,"VS","Ergisch","Ergisch","Ergisch","Ergisch VS","Ergisch (VS)","Ergisch (VS)","Wallis","Valais","Vallese",57.094834781,FALSE,FALSE
23,6109,66.071428571,37,19,67.469879518,56,83,56,TRUE,"VS","Inden","Inden","Inden","Inden VS","Inden (VS)","Inden (VS)","Wallis","Valais","Vallese",57.094834781,FALSE,FALSE
23,6110,56.935933148,1022,773,63.686193902,1859,2919,1795,TRUE,"VS","Leuk","Loèche","Loèche","Leuk VS","Loèche (VS)","Loèche (VS)","Wallis","Valais","Vallese",57.094834781,FALSE,FALSE
23,6111,62.801932367,260,154,57.008086253,423,742,414,TRUE,"VS","Leukerbad","Loèche-les-Bains","Loèche-les-Bains","Leukerbad VS","Loèche-les-Bains (VS)","Loèche-les-Bains (VS)","Wallis","Valais","Vallese",57.094834781,FALSE,FALSE
23,6112,32.467532468,25,52,62.790697674,81,129,77,TRUE,"VS","Oberems","Oberems","Oberems","Oberems VS","Oberems (VS)","Oberems (VS)","Wallis","Valais","Vallese",57.094834781,FALSE,FALSE
23,6113,57.324840764,450,335,65.199674002,800,1227,785,TRUE,"VS","Salgesch","Salquenen","Salquenen","Salgesch VS","Salquenen (VS)","Salquenen (VS)","Wallis","Valais","Vallese",57.094834781,FALSE,FALSE
23,6116,53.495440729,176,153,64.380952381,338,525,329,TRUE,"VS","Varen","Varone","Varone","Varen VS","Varone (VS)","Varone (VS)","Wallis","Valais","Vallese",57.094834781,FALSE,FALSE
23,6117,56.481481481,122,94,66.366366366,221,333,216,TRUE,"VS","Guttet-Feschel","Guttet-Feschel","Guttet-Feschel","Guttet-Feschel VS","Guttet-Feschel (VS)","Guttet-Feschel (VS)","Wallis","Valais","Vallese",57.094834781,FALSE,FALSE
23,6118,61.077844311,612,390,64.780673872,1019,1573,1002,TRUE,"VS","Gampel-Bratsch","Gampel-Bratsch","Gampel-Bratsch","Gampel-Bratsch VS","Gampel-Bratsch (VS)","Gampel-Bratsch (VS)","Wallis","Valais","Vallese",57.094834781,FALSE,FALSE
23,6119,58.455114823,280,199,62.145499383,504,811,479,TRUE,"VS","Turtmann-Unterems","Turtmann-Unterems","Turtmann-Unterems","Turtmann-Unterems VS","Turtmann-Unterems (VS)","Turtmann-Unterems (VS)","Wallis","Valais","Vallese",57.094834781,FALSE,FALSE
23,6131,54.354354354,181,152,55.573248408,349,628,333,TRUE,"VS","Bovernier","Bovernier","Bovernier","Bovernier VS","Bovernier (VS)","Bovernier (VS)","Wallis","Valais","Vallese",57.094834781,FALSE,FALSE
23,6133,54.816582165,1838,1515,58.394281915,3513,6016,3353,TRUE,"VS","Fully","Fully","Fully","Fully VS","Fully (VS)","Fully (VS)","Wallis","Valais","Vallese",57.094834781,FALSE,FALSE
23,6134,69.6875,223,97,53.658536585,330,615,320,TRUE,"VS","Isérables","Isérables","Isérables","Isérables VS","Isérables (VS)","Isérables (VS)","Wallis","Valais","Vallese",57.094834781,FALSE,FALSE
23,6135,63.585823489,915,524,61.00370218,1483,2431,1439,TRUE,"VS","Leytron","Leytron","Leytron","Leytron VS","Leytron (VS)","Leytron (VS)","Wallis","Valais","Vallese",57.094834781,FALSE,FALSE
23,6136,54.311512415,3609,3036,54.714581014,6882,12578,6645,TRUE,"VS","Martigny","Martigny","Martigny","Martigny VS","Martigny (VS)","Martigny (VS)","Wallis","Valais","Vallese",57.094834781,FALSE,FALSE
23,6137,53.493222106,513,446,59.347181009,1000,1685,959,TRUE,"VS","Martigny-Combe","Martigny-Combe","Martigny-Combe","Martigny-Combe VS","Martigny-Combe (VS)","Martigny-Combe (VS)","Wallis","Valais","Vallese",57.094834781,FALSE,FALSE
23,6139,62.445793582,720,433,57.754010695,1188,2057,1153,TRUE,"VS","Riddes","Riddes","Riddes","Riddes VS","Riddes (VS)","Riddes (VS)","Wallis","Valais","Vallese",57.094834781,FALSE,FALSE
23,6140,72.818181818,801,299,56.164383562,1148,2044,1100,TRUE,"VS","Saillon","Saillon","Saillon","Saillon VS","Saillon (VS)","Saillon (VS)","Wallis","Valais","Vallese",57.094834781,FALSE,FALSE
23,6141,57.597765363,1031,759,50.212089077,1894,3772,1790,TRUE,"VS","Saxon","Saxon","Saxon","Saxon VS","Saxon (VS)","Saxon (VS)","Wallis","Valais","Vallese",57.094834781,FALSE,FALSE
23,6142,53.333333333,40,35,64.285714286,81,126,75,TRUE,"VS","Trient","Trient","Trient","Trient VS","Trient (VS)","Trient (VS)","Wallis","Valais","Vallese",57.094834781,FALSE,FALSE
23,6151,66.725043783,381,190,67.381489842,597,886,571,TRUE,"VS","Champéry","Champéry","Champéry","Champéry VS","Champéry (VS)","Champéry (VS)","Wallis","Valais","Vallese",57.094834781,FALSE,FALSE
23,6152,57.046503372,1607,1210,51.216986018,2967,5793,2817,TRUE,"VS","Collombey-Muraz","Collombey-Muraz","Collombey-Muraz","Collombey-Muraz VS","Collombey-Muraz (VS)","Collombey-Muraz (VS)","Wallis","Valais","Vallese",57.094834781,FALSE,FALSE
23,6153,55.607295305,2866,2288,52.981942411,5428,10245,5154,TRUE,"VS","Monthey","Monthey","Monthey","Monthey VS","Monthey (VS)","Monthey (VS)","Wallis","Valais","Vallese",57.094834781,FALSE,FALSE
23,6154,61.901197605,827,509,55.895372233,1389,2485,1336,TRUE,"VS","Port-Valais","Port-Valais","Port-Valais","Port-Valais VS","Port-Valais (VS)","Port-Valais (VS)","Wallis","Valais","Vallese",57.094834781,FALSE,FALSE
23,6155,64.802631579,197,107,53.979238754,312,578,304,TRUE,"VS","Saint-Gingolph","Saint-Gingolph","Saint-Gingolph","Saint-Gingolph VS","Saint-Gingolph (VS)","Saint-Gingolph (VS)","Wallis","Valais","Vallese",57.094834781,FALSE,FALSE
23,6156,61.316674676,1276,805,63.093504224,2166,3433,2081,TRUE,"VS","Troistorrents","Troistorrents","Troistorrents","Troistorrents VS","Troistorrents (VS)","Troistorrents (VS)","Wallis","Valais","Vallese",57.094834781,FALSE,FALSE
23,6157,62.909090909,519,306,60.924369748,870,1428,825,TRUE,"VS","Val-d'Illiez","Val-d'Illiez","Val-d'Illiez","Val-d'Illiez VS","Val-d'Illiez (VS)","Val-d'Illiez (VS)","Wallis","Valais","Vallese",57.094834781,FALSE,FALSE
23,6158,61.559633028,671,419,56.481952211,1111,1967,1090,TRUE,"VS","Vionnaz","Vionnaz","Vionnaz","Vionnaz VS","Vionnaz (VS)","Vionnaz (VS)","Wallis","Valais","Vallese",57.094834781,FALSE,FALSE
23,6159,58.643815201,787,555,52.464525765,1405,2678,1342,TRUE,"VS","Vouvry","Vouvry","Vouvry","Vouvry VS","Vouvry (VS)","Vouvry (VS)","Wallis","Valais","Vallese",57.094834781,FALSE,FALSE
23,6172,61.111111111,11,7,66.666666667,20,30,18,TRUE,"VS","Bister","Bister","Bister","Bister VS","Bister (VS)","Bister (VS)","Wallis","Valais","Vallese",57.094834781,FALSE,FALSE
23,6173,57.699805068,296,217,60.930232558,524,860,513,TRUE,"VS","Bitsch","Bitsch","Bitsch","Bitsch VS","Bitsch (VS)","Bitsch (VS)","Wallis","Valais","Vallese",57.094834781,FALSE,FALSE
23,6177,50.877192982,87,84,53.086419753,172,324,171,TRUE,"VS","Grengiols","Grengiols","Grengiols","Grengiols VS","Grengiols (VS)","Grengiols (VS)","Wallis","Valais","Vallese",57.094834781,FALSE,FALSE
23,6181,54.545454545,96,80,57.86163522,184,318,176,TRUE,"VS","Riederalp","Riederalp","Riederalp","Riederalp VS","Riederalp (VS)","Riederalp (VS)","Wallis","Valais","Vallese",57.094834781,FALSE,FALSE
23,6191,59.88372093,206,138,76.457883369,354,463,344,TRUE,"VS","Ausserberg","Ausserberg","Ausserberg","Ausserberg VS","Ausserberg (VS)","Ausserberg (VS)","Wallis","Valais","Vallese",57.094834781,FALSE,FALSE
23,6192,70.422535211,100,42,62.127659574,146,235,142,TRUE,"VS","Blatten","Blatten","Blatten","Blatten VS","Blatten (VS)","Blatten (VS)","Wallis","Valais","Vallese",57.094834781,FALSE,FALSE
23,6193,57.602339181,197,145,58.361204013,349,598,342,TRUE,"VS","Bürchen","Bürchen","Bürchen","Bürchen VS","Bürchen (VS)","Bürchen (VS)","Wallis","Valais","Vallese",57.094834781,FALSE,FALSE
23,6194,65.486725664,148,78,63.812154696,231,362,226,TRUE,"VS","Eischoll","Eischoll","Eischoll","Eischoll VS","Eischoll (VS)","Eischoll (VS)","Wallis","Valais","Vallese",57.094834781,FALSE,FALSE
23,6195,59.482758621,69,47,56.398104265,119,211,116,TRUE,"VS","Ferden","Ferden","Ferden","Ferden VS","Ferden (VS)","Ferden (VS)","Wallis","Valais","Vallese",57.094834781,FALSE,FALSE
23,6197,64.102564103,100,56,55.789473684,159,285,156,TRUE,"VS","Kippel","Kippel","Kippel","Kippel VS","Kippel (VS)","Kippel (VS)","Wallis","Valais","Vallese",57.094834781,FALSE,FALSE
23,6198,62.418300654,191,115,57.992565056,312,538,306,TRUE,"VS","Niedergesteln","Niedergesteln","Niedergesteln","Niedergesteln VS","Niedergesteln (VS)","Niedergesteln (VS)","Wallis","Valais","Vallese",57.094834781,FALSE,FALSE
23,6199,59.416767922,489,334,61.69442433,852,1381,823,TRUE,"VS","Raron","Rarogne","Rarogne","Raron VS","Rarogne (VS)","Rarogne (VS)","Wallis","Valais","Vallese",57.094834781,FALSE,FALSE
23,6201,48.691099476,93,98,56.056338028,199,355,191,TRUE,"VS","Unterbäch","Unterbäch","Unterbäch","Unterbäch VS","Unterbäch (VS)","Unterbäch (VS)","Wallis","Valais","Vallese",57.094834781,FALSE,FALSE
23,6202,63.921568627,163,92,62.735849057,266,424,255,TRUE,"VS","Wiler (Lötschen)","Wiler (Lötschen)","Wiler (Lötschen)","Wiler (Lötschen) VS","Wiler (Lötschen) (VS)","Wiler (Lötschen) (VS)","Wallis","Valais","Vallese",57.094834781,FALSE,FALSE
23,6203,47.719298246,136,149,60.580912863,292,482,285,TRUE,"VS","Mörel-Filet","Mörel-Filet","Mörel-Filet","Mörel-Filet VS","Mörel-Filet (VS)","Mörel-Filet (VS)","Wallis","Valais","Vallese",57.094834781,FALSE,FALSE
23,6204,63.563829787,478,274,66.40625,765,1152,752,TRUE,"VS","Steg-Hohtenn","Steg-Hohtenn","Steg-Hohtenn","Steg-Hohtenn VS","Steg-Hohtenn (VS)","Steg-Hohtenn (VS)","Wallis","Valais","Vallese",57.094834781,FALSE,FALSE
23,6205,55.85106383,105,83,57.446808511,189,329,188,TRUE,"VS","Bettmeralp","Bettmeralp","Bettmeralp","Bettmeralp VS","Bettmeralp (VS)","Bettmeralp (VS)","Wallis","Valais","Vallese",57.094834781,FALSE,FALSE
23,6211,56.140350877,160,125,53.859964093,300,557,285,TRUE,"VS","Collonges","Collonges","Collonges","Collonges VS","Collonges (VS)","Collonges (VS)","Wallis","Valais","Vallese",57.094834781,FALSE,FALSE
23,6212,59.510869565,219,149,54.008438819,384,711,368,TRUE,"VS","Dorénaz","Dorénaz","Dorénaz","Dorénaz VS","Dorénaz (VS)","Dorénaz (VS)","Wallis","Valais","Vallese",57.094834781,FALSE,FALSE
23,6213,59.243697479,282,194,52.128764278,502,963,476,TRUE,"VS","Evionnaz","Evionnaz","Evionnaz","Evionnaz VS","Evionnaz (VS)","Evionnaz (VS)","Wallis","Valais","Vallese",57.094834781,FALSE,FALSE
23,6214,60.416666667,87,57,64.406779661,152,236,144,TRUE,"VS","Finhaut","Finhaut","Finhaut","Finhaut VS","Finhaut (VS)","Finhaut (VS)","Wallis","Valais","Vallese",57.094834781,FALSE,FALSE
23,6215,58.011869436,391,283,54.788069074,698,1274,674,TRUE,"VS","Massongex","Massongex","Massongex","Massongex VS","Massongex (VS)","Massongex (VS)","Wallis","Valais","Vallese",57.094834781,FALSE,FALSE
23,6217,54.526748971,795,663,56.133828996,1510,2690,1458,TRUE,"VS","Saint-Maurice","Saint-Maurice","Saint-Maurice","Saint-Maurice VS","Saint-Maurice (VS)","Saint-Maurice (VS)","Wallis","Valais","Vallese",57.094834781,FALSE,FALSE
23,6218,45.49689441,293,351,61.28440367,668,1090,644,TRUE,"VS","Salvan","Salvan","Salvan","Salvan VS","Salvan (VS)","Salvan (VS)","Wallis","Valais","Vallese",57.094834781,FALSE,FALSE
23,6219,55.892255892,332,262,55.057167986,626,1137,594,TRUE,"VS","Vernayaz","Vernayaz","Vernayaz","Vernayaz VS","Vernayaz (VS)","Vernayaz (VS)","Wallis","Valais","Vallese",57.094834781,FALSE,FALSE
23,6220,59.615384615,217,147,58.447488584,384,657,364,TRUE,"VS","Vérossaz","Vérossaz","Vérossaz","Vérossaz VS","Vérossaz (VS)","Vérossaz (VS)","Wallis","Valais","Vallese",57.094834781,FALSE,FALSE
23,6232,53.901216893,753,644,58.903561425,1472,2499,1397,TRUE,"VS","Chalais","Chalais","Chalais","Chalais VS","Chalais (VS)","Chalais (VS)","Wallis","Valais","Vallese",57.094834781,FALSE,FALSE
23,6235,50.395778364,191,188,55.508474576,393,708,379,TRUE,"VS","Chippis","Chippis","Chippis","Chippis VS","Chippis (VS)","Chippis (VS)","Wallis","Valais","Vallese",57.094834781,FALSE,FALSE
23,6238,58.530510585,470,333,52.911068458,827,1563,803,TRUE,"VS","Grône","Grône","Grône","Grône VS","Grône (VS)","Grône (VS)","Wallis","Valais","Vallese",57.094834781,FALSE,FALSE
23,6239,48.471615721,111,118,57.664233577,237,411,229,TRUE,"VS","Icogne","Icogne","Icogne","Icogne VS","Icogne (VS)","Icogne (VS)","Wallis","Valais","Vallese",57.094834781,FALSE,FALSE
23,6240,59.349030471,857,587,56.853760977,1489,2619,1444,TRUE,"VS","Lens","Lens","Lens","Lens VS","Lens (VS)","Lens (VS)","Wallis","Valais","Vallese",57.094834781,FALSE,FALSE
23,6246,54.848800834,526,433,58.932714617,1016,1724,959,TRUE,"VS","Saint-Léonard","Saint-Léonard","Saint-Léonard","Saint-Léonard VS","Saint-Léonard (VS)","Saint-Léonard (VS)","Wallis","Valais","Vallese",57.094834781,FALSE,FALSE
23,6248,54.101601107,2737,2322,54.47676224,5263,9661,5059,TRUE,"VS","Siders","Sierre","Sierre","Siders VS","Sierre (VS)","Sierre (VS)","Wallis","Valais","Vallese",57.094834781,FALSE,FALSE
23,6252,62.432432432,693,417,62.349066959,1136,1822,1110,TRUE,"VS","Anniviers","Anniviers","Anniviers","Anniviers VS","Anniviers (VS)","Anniviers (VS)","Wallis","Valais","Vallese",57.094834781,FALSE,FALSE
23,6253,60.072158749,1998,1328,59.351962969,3462,5833,3326,TRUE,"VS","Crans-Montana","Crans-Montana","Crans-Montana","Crans-Montana VS","Crans-Montana (VS)","Crans-Montana (VS)","Wallis","Valais","Vallese",57.094834781,FALSE,FALSE
23,6254,55.61303673,1075,858,63.11551564,2038,3229,1933,TRUE,"VS","Noble-Contrée","Noble-Contrée","Noble-Contrée","Noble-Contrée VS","Noble-Contrée (VS)","Noble-Contrée (VS)","Wallis","Valais","Vallese",57.094834781,FALSE,FALSE
23,6261,52.121212121,344,316,62.894248609,678,1078,660,TRUE,"VS","Arbaz","Arbaz","Arbaz","Arbaz VS","Arbaz (VS)","Arbaz (VS)","Wallis","Valais","Vallese",57.094834781,FALSE,FALSE
23,6263,52.554744526,792,715,60.730948678,1562,2572,1507,TRUE,"VS","Grimisuat","Grimisuat","Grimisuat","Grimisuat VS","Grimisuat (VS)","Grimisuat (VS)","Wallis","Valais","Vallese",57.094834781,FALSE,FALSE
23,6265,60.119897231,2106,1397,60.319042871,3630,6018,3503,TRUE,"VS","Savièse","Savièse","Savièse","Savièse VS","Savièse (VS)","Savièse (VS)","Wallis","Valais","Vallese",57.094834781,FALSE,FALSE
23,6266,51.788305591,6067,5648,53.931065555,11970,22195,11715,TRUE,"VS","Sitten","Sion","Sion","Sitten VS","Sion (VS)","Sion (VS)","Wallis","Valais","Vallese",57.094834781,FALSE,FALSE
23,6267,45.673076923,95,113,57.068062827,218,382,208,TRUE,"VS","Veysonnaz","Veysonnaz","Veysonnaz","Veysonnaz VS","Veysonnaz (VS)","Veysonnaz (VS)","Wallis","Valais","Vallese",57.094834781,FALSE,FALSE
23,6281,55.555555556,345,276,65.025641026,634,975,621,TRUE,"VS","Baltschieder","Baltschieder","Baltschieder","Baltschieder VS","Baltschieder (VS)","Baltschieder (VS)","Wallis","Valais","Vallese",57.094834781,FALSE,FALSE
23,6282,64.646464646,64,35,61.676646707,103,167,99,TRUE,"VS","Eisten","Eisten","Eisten","Eisten VS","Eisten (VS)","Eisten (VS)","Wallis","Valais","Vallese",57.094834781,FALSE,FALSE
23,6283,56.880733945,62,47,47.844827586,111,232,109,TRUE,"VS","Embd","Embd","Embd","Embd VS","Embd (VS)","Embd (VS)","Wallis","Valais","Vallese",57.094834781,FALSE,FALSE
23,6285,55.45112782,295,237,56.308654849,540,959,532,TRUE,"VS","Grächen","Grächen","Grächen","Grächen VS","Grächen (VS)","Grächen (VS)","Wallis","Valais","Vallese",57.094834781,FALSE,FALSE
23,6286,56.811594203,196,149,68.431372549,349,510,345,TRUE,"VS","Lalden","Lalden","Lalden","Lalden VS","Lalden (VS)","Lalden (VS)","Wallis","Valais","Vallese",57.094834781,FALSE,FALSE
23,6287,65.972222222,95,49,62.551440329,152,243,144,TRUE,"VS","Randa","Randa","Randa","Randa VS","Randa (VS)","Randa (VS)","Wallis","Valais","Vallese",57.094834781,FALSE,FALSE
23,6288,71.282051282,139,56,75.190839695,197,262,195,TRUE,"VS","Saas-Almagell","Saas-Almagell","Saas-Almagell","Saas-Almagell VS","Saas-Almagell (VS)","Saas-Almagell (VS)","Wallis","Valais","Vallese",57.094834781,FALSE,FALSE
23,6289,68.020304569,134,63,77.692307692,202,260,197,TRUE,"VS","Saas-Balen","Saas-Balen","Saas-Balen","Saas-Balen VS","Saas-Balen (VS)","Saas-Balen (VS)","Wallis","Valais","Vallese",57.094834781,FALSE,FALSE
23,6290,63.261648746,353,205,65.280898876,581,890,558,TRUE,"VS","Saas-Fee","Saas-Fee","Saas-Fee","Saas-Fee VS","Saas-Fee (VS)","Saas-Fee (VS)","Wallis","Valais","Vallese",57.094834781,FALSE,FALSE
23,6291,63.008130081,310,182,71.748251748,513,715,492,TRUE,"VS","Saas-Grund","Saas-Grund","Saas-Grund","Saas-Grund VS","Saas-Grund (VS)","Saas-Grund (VS)","Wallis","Valais","Vallese",57.094834781,FALSE,FALSE
23,6292,54.814004376,501,413,58.208955224,936,1608,914,TRUE,"VS","St. Niklaus","Saint-Nicolas","Saint-Nicolas","St. Niklaus VS","Saint-Nicolas (VS)","Saint-Nicolas (VS)","Wallis","Valais","Vallese",57.094834781,FALSE,FALSE
23,6293,65.17311609,320,171,61.681087763,499,809,491,TRUE,"VS","Stalden VS","Stalden (VS)","Stalden VS","Stalden VS","Stalden (VS)","Stalden (VS)","Wallis","Valais","Vallese",57.094834781,FALSE,FALSE
23,6294,47.872340426,135,147,63.157894737,288,456,282,TRUE,"VS","Staldenried","Staldenried","Staldenried","Staldenried VS","Staldenried (VS)","Staldenried (VS)","Wallis","Valais","Vallese",57.094834781,FALSE,FALSE
23,6295,61.320754717,130,82,54.347826087,225,414,212,TRUE,"VS","Täsch","Täsch","Täsch","Täsch VS","Täsch (VS)","Täsch (VS)","Wallis","Valais","Vallese",57.094834781,FALSE,FALSE
23,6296,63.389830508,187,108,70.476190476,296,420,295,TRUE,"VS","Törbel","Törbel","Törbel","Törbel VS","Törbel (VS)","Törbel (VS)","Wallis","Valais","Vallese",57.094834781,FALSE,FALSE
23,6297,54.602235371,1661,1381,65.200490998,3187,4888,3042,TRUE,"VS","Visp","Viège","Viège","Visp VS","Viège (VS)","Viège (VS)","Wallis","Valais","Vallese",57.094834781,FALSE,FALSE
23,6298,50.759878419,334,324,65.53067186,673,1027,658,TRUE,"VS","Visperterminen","Visperterminen","Visperterminen","Visperterminen VS","Visperterminen (VS)","Visperterminen (VS)","Wallis","Valais","Vallese",57.094834781,FALSE,FALSE
23,6299,47.01986755,71,80,64.680851064,152,235,151,TRUE,"VS","Zeneggen","Zeneggen","Zeneggen","Zeneggen VS","Zeneggen (VS)","Zeneggen (VS)","Wallis","Valais","Vallese",57.094834781,FALSE,FALSE
23,6300,58.024691358,893,646,59.608277901,1613,2706,1539,TRUE,"VS","Zermatt","Zermatt","Zermatt","Zermatt VS","Zermatt (VS)","Zermatt (VS)","Wallis","Valais","Vallese",57.094834781,FALSE,FALSE
24,6404,47.474747475,846,936,48.298777246,1817,3762,1782,TRUE,"NE","Boudry","Boudry","Boudry","Boudry NE","Boudry (NE)","Boudry (NE)","Neuenburg","Neuchâtel","Neuchâtel",44.057340828,FALSE,FALSE
24,6408,49.560301508,789,803,52.608142494,1654,3144,1592,TRUE,"NE","Cortaillod","Cortaillod","Cortaillod","Cortaillod NE","Cortaillod (NE)","Cortaillod (NE)","Neuenburg","Neuchâtel","Neuchâtel",44.057340828,FALSE,FALSE
24,6413,44.839255499,265,326,55.565777369,604,1087,591,TRUE,"NE","Rochefort","Rochefort","Rochefort","Rochefort NE","Rochefort (NE)","Rochefort (NE)","Neuenburg","Neuchâtel","Neuchâtel",44.057340828,FALSE,FALSE
24,6416,48.687782805,1614,1701,53.633767058,3380,6302,3315,TRUE,"NE","Milvignes","Milvignes","Milvignes","Milvignes NE","Milvignes (NE)","Milvignes (NE)","Neuenburg","Neuchâtel","Neuchâtel",44.057340828,FALSE,FALSE
24,6417,49.907464528,1618,1624,51.065143563,3308,6478,3242,TRUE,"NE","La Grande Béroche","La Grande Béroche","La Grande Béroche","La Grande Béroche NE","La Grande Béroche (NE)","La Grande Béroche (NE)","Neuenburg","Neuchâtel","Neuchâtel",44.057340828,FALSE,FALSE
24,6421,36.389349459,3731,6522,47.068095839,10451,22204,10253,TRUE,"NE","La Chaux-de-Fonds","La Chaux-de-Fonds","La Chaux-de-Fonds","La Chaux-de-Fonds NE","La Chaux-de-Fonds (NE)","La Chaux-de-Fonds (NE)","Neuenburg","Neuchâtel","Neuchâtel",44.057340828,FALSE,FALSE
24,6422,35.632183908,31,56,56.862745098,87,153,87,TRUE,"NE","Les Planchettes","Les Planchettes","Les Planchettes","Les Planchettes NE","Les Planchettes (NE)","Les Planchettes (NE)","Neuenburg","Neuchâtel","Neuchâtel",44.057340828,FALSE,FALSE
24,6423,55.510204082,272,218,50.811359026,501,986,490,TRUE,"NE","La Sagne","La Sagne","La Sagne","La Sagne NE","La Sagne (NE)","La Sagne (NE)","Neuenburg","Neuchâtel","Neuchâtel",44.057340828,FALSE,FALSE
24,6432,62.295081967,190,115,61.176470588,312,510,305,TRUE,"NE","La Brévine","La Brévine","La Brévine","La BréviNE","La Brévine (NE)","La (BréviNE)","Neuenburg","Neuchâtel","Neuchâtel",44.057340828,FALSE,FALSE
24,6433,56.666666667,68,52,57.013574661,126,221,120,TRUE,"NE","Brot-Plamboz","Brot-Plamboz","Brot-Plamboz","Brot-Plamboz NE","Brot-Plamboz (NE)","Brot-Plamboz (NE)","Neuenburg","Neuchâtel","Neuchâtel",44.057340828,FALSE,FALSE
24,6434,64.04494382,114,64,61.666666667,185,300,178,TRUE,"NE","Le Cerneux-Péquignot","Le Cerneux-Péquignot","Le Cerneux-Péquignot","Le Cerneux-Péquignot NE","Le Cerneux-Péquignot (NE)","Le Cerneux-Péquignot (NE)","Neuenburg","Neuchâtel","Neuchâtel",44.057340828,FALSE,FALSE
24,6435,48.623853211,106,112,57.894736842,220,380,218,TRUE,"NE","La Chaux-du-Milieu","La Chaux-du-Milieu","La Chaux-du-Milieu","La Chaux-du-Milieu NE","La Chaux-du-Milieu (NE)","La Chaux-du-Milieu (NE)","Neuenburg","Neuchâtel","Neuchâtel",44.057340828,FALSE,FALSE
24,6436,46.375404531,1433,1657,45.502797303,3172,6971,3090,TRUE,"NE","Le Locle","Le Locle","Le Locle","Le Locle NE","Le Locle (NE)","Le Locle (NE)","Neuenburg","Neuchâtel","Neuchâtel",44.057340828,FALSE,FALSE
24,6437,61.643835616,315,196,51.609657948,513,994,511,TRUE,"NE","Les Ponts-de-Martel","Les Ponts-de-Martel","Les Ponts-de-Martel","Les Ponts-de-Martel NE","Les Ponts-de-Martel (NE)","Les Ponts-de-Martel (NE)","Neuenburg","Neuchâtel","Neuchâtel",44.057340828,FALSE,FALSE
24,6451,52.996254682,283,251,51.932139491,551,1061,534,TRUE,"NE","Cornaux","Cornaux","Cornaux","Cornaux NE","Cornaux (NE)","Cornaux (NE)","Neuenburg","Neuchâtel","Neuchâtel",44.057340828,FALSE,FALSE
24,6452,50.319488818,315,311,50.916334661,639,1255,626,TRUE,"NE","Cressier NE","Cressier (NE)","Cressier NE","Cressier NE","Cressier (NE)","Cressier (NE)","Neuenburg","Neuchâtel","Neuchâtel",44.057340828,FALSE,FALSE
24,6455,46.950092421,762,861,51.825273011,1661,3205,1623,TRUE,"NE","Le Landeron","Le Landeron","Le Landeron","Le Landeron NE","Le Landeron (NE)","Le Landeron (NE)","Neuenburg","Neuchâtel","Neuchâtel",44.057340828,FALSE,FALSE
24,6456,52.184466019,215,197,54.11311054,421,778,412,TRUE,"NE","Lignières","Lignières","Lignières","Lignières NE","Lignières (NE)","Lignières (NE)","Neuenburg","Neuchâtel","Neuchâtel",44.057340828,FALSE,FALSE
24,6458,37.799899735,5278,8685,52.100809553,14223,27299,13963,TRUE,"NE","Neuenburg","Neuchâtel","Neuchâtel","Neuenburg NE","Neuchâtel (NE)","Neuchâtel (NE)","Neuenburg","Neuchâtel","Neuchâtel",44.057340828,FALSE,FALSE
24,6487,48.801707157,2973,3119,51.333939044,6215,12107,6092,TRUE,"NE","Val-de-Ruz","Val-de-Ruz","Val-de-Ruz","Val-de-Ruz NE","Val-de-Ruz (NE)","Val-de-Ruz (NE)","Neuenburg","Neuchâtel","Neuchâtel",44.057340828,FALSE,FALSE
24,6504,64.840182648,142,77,53.08056872,224,422,219,TRUE,"NE","La Côte-aux-Fées","La Côte-aux-Fées","La Côte-aux-Fées","La Côte-aux-Fées NE","La Côte-aux-Fées (NE)","La Côte-aux-Fées (NE)","Neuenburg","Neuchâtel","Neuchâtel",44.057340828,FALSE,FALSE
24,6511,61.009174312,133,85,38.608695652,222,575,218,TRUE,"NE","Les Verrières","Les Verrières","Les Verrières","Les Verrières NE","Les Verrières (NE)","Les Verrières (NE)","Neuenburg","Neuchâtel","Neuchâtel",44.057340828,FALSE,FALSE
24,6512,49.874371859,1588,1596,42.528735632,3256,7656,3184,TRUE,"NE","Val-de-Travers","Val-de-Travers","Val-de-Travers","Val-de-Travers NE","Val-de-Travers (NE)","Val-de-Travers (NE)","Neuenburg","Neuchâtel","Neuchâtel",44.057340828,FALSE,FALSE
24,6513,46.933061848,1844,2085,54.092622509,4018,7428,3929,TRUE,"NE","Laténa","Laténa","Laténa","Laténa NE","Laténa (NE)","Laténa (NE)","Neuenburg","Neuchâtel","Neuchâtel",44.057340828,FALSE,FALSE
25,6601,51.230425056,229,218,60.382165605,474,785,447,TRUE,"GE","Aire-la-Ville","Aire-la-Ville","Aire-la-Ville","Aire-la-Ville GE","Aire-la-Ville (GE)","Aire-la-Ville (GE)","Genf","Genève","Ginevra",43.786127168,FALSE,FALSE
25,6602,56.388595565,534,413,67.262723521,978,1454,947,TRUE,"GE","Anières","Anières","Anières","Anières GE","Anières (GE)","Anières (GE)","Genf","Genève","Ginevra",43.786127168,FALSE,FALSE
25,6603,43.173431734,234,308,53.433678269,568,1063,542,TRUE,"GE","Avully","Avully","Avully","Avully GE","Avully (GE)","Avully (GE)","Genf","Genève","Ginevra",43.786127168,FALSE,FALSE
25,6604,46.686303387,317,362,65.15291937,703,1079,679,TRUE,"GE","Avusy","Avusy","Avusy","Avusy GE","Avusy (GE)","Avusy (GE)","Genf","Genève","Ginevra",43.786127168,FALSE,FALSE
25,6605,44.382022472,395,495,60.906701708,927,1522,890,TRUE,"GE","Bardonnex","Bardonnex","Bardonnex","Bardonnex GE","Bardonnex (GE)","Bardonnex (GE)","Genf","Genève","Ginevra",43.786127168,FALSE,FALSE
25,6606,49.856184084,520,523,56.272586474,1090,1937,1043,TRUE,"GE","Bellevue","Bellevue","Bellevue","Bellevue GE","Bellevue (GE)","Bellevue (GE)","Genf","Genève","Ginevra",43.786127168,FALSE,FALSE
25,6607,45.400052124,1742,2095,58.816620173,4006,6811,3837,TRUE,"GE","Bernex","Bernex","Bernex","Bernex GE","Bernex (GE)","Bernex (GE)","Genf","Genève","Ginevra",43.786127168,FALSE,FALSE
25,6608,38.02982074,2270,3699,54.404461096,6244,11477,5969,TRUE,"GE","Carouge","Carouge (GE)","Carouge","Carouge GE","Carouge (GE)","Carouge (GE)","Genf","Genève","Ginevra",43.786127168,FALSE,FALSE
25,6609,42.43902439,174,236,63.868065967,426,667,410,TRUE,"GE","Cartigny","Cartigny","Cartigny","Cartigny GE","Cartigny (GE)","Cartigny (GE)","Genf","Genève","Ginevra",43.786127168,FALSE,FALSE
25,6610,58.943089431,145,101,58.944954128,257,436,246,TRUE,"GE","Céligny","Céligny","Céligny","Céligny GE","Céligny (GE)","Céligny (GE)","Genf","Genève","Ginevra",43.786127168,FALSE,FALSE
25,6611,46.613545817,234,268,54.02892562,523,968,502,TRUE,"GE","Chancy","Chancy","Chancy","Chancy GE","Chancy (GE)","Chancy (GE)","Genf","Genève","Ginevra",43.786127168,FALSE,FALSE
25,6612,50.878442545,2143,2069,59.127408994,4418,7472,4212,TRUE,"GE","Chêne-Bougeries","Chêne-Bougeries","Chêne-Bougeries","Chêne-Bougeries GE","Chêne-Bougeries (GE)","Chêne-Bougeries (GE)","Genf","Genève","Ginevra",43.786127168,FALSE,FALSE
25,6613,42.514239219,1045,1413,55.454741845,2567,4629,2458,TRUE,"GE","Chêne-Bourg","Chêne-Bourg","Chêne-Bourg","Chêne-Bourg GE","Chêne-Bourg (GE)","Chêne-Bourg (GE)","Genf","Genève","Ginevra",43.786127168,FALSE,FALSE
25,6614,54.365079365,274,230,68.400520156,526,769,504,TRUE,"GE","Choulex","Choulex","Choulex","Choulex GE","Choulex (GE)","Choulex (GE)","Genf","Genève","Ginevra",43.786127168,FALSE,FALSE
25,6615,46.608695652,268,307,64.537444934,586,908,575,TRUE,"GE","Collex-Bossy","Collex-Bossy","Collex-Bossy","Collex-Bossy GE","Collex-Bossy (GE)","Collex-Bossy (GE)","Genf","Genève","Ginevra",43.786127168,FALSE,FALSE
25,6616,58.355525965,1753,1251,65.0625,3123,4800,3004,TRUE,"GE","Collonge-Bellerive","Collonge-Bellerive","Collonge-Bellerive","Collonge-Bellerive GE","Collonge-Bellerive (GE)","Collonge-Bellerive (GE)","Genf","Genève","Ginevra",43.786127168,FALSE,FALSE
25,6617,58.978675645,1051,731,60.52545156,1843,3045,1782,TRUE,"GE","Cologny","Cologny","Cologny","Cologny GE","Cologny (GE)","Cologny (GE)","Genf","Genève","Ginevra",43.786127168,FALSE,FALSE
25,6618,43.753409711,802,1031,64.227642276,1896,2952,1833,TRUE,"GE","Confignon","Confignon","Confignon","Confignon GE","Confignon (GE)","Confignon (GE)","Genf","Genève","Ginevra",43.786127168,FALSE,FALSE
25,6619,56.25,423,329,62.672064777,774,1235,752,TRUE,"GE","Corsier GE","Corsier (GE)","Corsier GE","Corsier GE","Corsier (GE)","Corsier (GE)","Genf","Genève","Ginevra",43.786127168,FALSE,FALSE
25,6620,47.628083491,251,276,53.025936599,552,1041,527,TRUE,"GE","Dardagny","Dardagny","Dardagny","Dardagny GE","Dardagny (GE)","Dardagny (GE)","Genf","Genève","Ginevra",43.786127168,FALSE,FALSE
25,6621,38.712268255,17352,27471,54.288600892,46749,86112,44823,TRUE,"GE","Genf","Genève","Ginevra","Genf GE","Genève (GE)","Ginevra (GE)","Genf","Genève","Ginevra",43.786127168,FALSE,FALSE
25,6622,52.059134108,493,454,64.313984169,975,1516,947,TRUE,"GE","Genthod","Genthod","Genthod","Genthod GE","Genthod (GE)","Genthod (GE)","Genf","Genève","Ginevra",43.786127168,FALSE,FALSE
25,6623,41.361256545,1185,1680,53.020014296,2967,5596,2865,TRUE,"GE","Le Grand-Saconnex","Le Grand-Saconnex","Le Grand-Saconnex","Le Grand-Saconnex GE","Le Grand-Saconnex (GE)","Le Grand-Saconnex (GE)","Genf","Genève","Ginevra",43.786127168,FALSE,FALSE
25,6624,49.789029536,118,119,66.666666667,254,381,237,TRUE,"GE","Gy","Gy","Gy","Gy GE","Gy (GE)","Gy (GE)","Genf","Genève","Ginevra",43.786127168,FALSE,FALSE
25,6625,47.291666667,227,253,69.037656904,495,717,480,TRUE,"GE","Hermance","Hermance","Hermance","Hermance GE","Hermance (GE)","Hermance (GE)","Genf","Genève","Ginevra",43.786127168,FALSE,FALSE
25,6626,55.813953488,240,190,58.930899609,452,767,430,TRUE,"GE","Jussy","Jussy","Jussy","Jussy GE","Jussy (GE)","Jussy (GE)","Genf","Genève","Ginevra",43.786127168,FALSE,FALSE
25,6627,42.433234421,143,194,71.686746988,357,498,337,TRUE,"GE","Laconnex","Laconnex","Laconnex","Laconnex GE","Laconnex (GE)","Laconnex (GE)","Genf","Genève","Ginevra",43.786127168,FALSE,FALSE
25,6628,43.033016228,3845,5090,50.445777273,9336,18507,8935,TRUE,"GE","Lancy","Lancy","Lancy","Lancy GE","Lancy (GE)","Lancy (GE)","Genf","Genève","Ginevra",43.786127168,FALSE,FALSE
25,6629,46.962025316,371,419,62.641509434,830,1325,790,TRUE,"GE","Meinier","Meinier","Meinier","Meinier GE","Meinier (GE)","Meinier (GE)","Genf","Genève","Ginevra",43.786127168,FALSE,FALSE
25,6630,43.828432291,2340,2999,48.769633508,5589,11460,5339,TRUE,"GE","Meyrin","Meyrin","Meyrin","Meyrin GE","Meyrin (GE)","Meyrin (GE)","Genf","Genève","Ginevra",43.786127168,FALSE,FALSE
25,6631,41.975573173,1959,2708,50.547860244,4890,9674,4667,TRUE,"GE","Onex","Onex","Onex","Onex GE","Onex (GE)","Onex (GE)","Genf","Genève","Ginevra",43.786127168,FALSE,FALSE
25,6632,51.156069364,531,507,54.784810127,1082,1975,1038,TRUE,"GE","Perly-Certoux","Perly-Certoux","Perly-Certoux","Perly-Certoux GE","Perly-Certoux (GE)","Perly-Certoux (GE)","Genf","Genève","Ginevra",43.786127168,FALSE,FALSE
25,6633,43.646805456,1824,2355,57.741420591,4341,7518,4179,TRUE,"GE","Plan-les-Ouates","Plan-les-Ouates","Plan-les-Ouates","Plan-les-Ouates GE","Plan-les-Ouates (GE)","Plan-les-Ouates (GE)","Genf","Genève","Ginevra",43.786127168,FALSE,FALSE
25,6634,47.408829175,494,548,64.183551847,1077,1678,1042,TRUE,"GE","Pregny-Chambésy","Pregny-Chambésy","Pregny-Chambésy","Pregny-Chambésy GE","Pregny-Chambésy (GE)","Pregny-Chambésy (GE)","Genf","Genève","Ginevra",43.786127168,FALSE,FALSE
25,6635,51.181102362,130,124,58.315334773,270,463,254,TRUE,"GE","Presinge","Presinge","Presinge","Presinge GE","Presinge (GE)","Presinge (GE)","Genf","Genève","Ginevra",43.786127168,FALSE,FALSE
25,6636,48.156424581,431,464,58.476190476,921,1575,895,TRUE,"GE","Puplinge","Puplinge","Puplinge","Puplinge GE","Puplinge (GE)","Puplinge (GE)","Genf","Genève","Ginevra",43.786127168,FALSE,FALSE
25,6637,55.309734513,125,101,70.570570571,235,333,226,TRUE,"GE","Russin","Russin","Russin","Russin GE","Russin (GE)","Russin (GE)","Genf","Genève","Ginevra",43.786127168,FALSE,FALSE
25,6638,48.899587345,711,743,58.855585831,1512,2569,1454,TRUE,"GE","Satigny","Satigny","Satigny","Satigny GE","Satigny (GE)","Satigny (GE)","Genf","Genève","Ginevra",43.786127168,FALSE,FALSE
25,6639,43.988269795,150,191,59.495798319,354,595,341,TRUE,"GE","Soral","Soral","Soral","Soral GE","Soral (GE)","Soral (GE)","Genf","Genève","Ginevra",43.786127168,FALSE,FALSE
25,6640,48.896893291,2172,2270,54.583086931,4615,8455,4442,TRUE,"GE","Thônex","Thônex","Thônex","Thônex GE","Thônex (GE)","Thônex (GE)","Genf","Genève","Ginevra",43.786127168,FALSE,FALSE
25,6641,44.367283951,575,721,65.498783455,1346,2055,1296,TRUE,"GE","Troinex","Troinex","Troinex","Troinex GE","Troinex (GE)","Troinex (GE)","Genf","Genève","Ginevra",43.786127168,FALSE,FALSE
25,6642,62.476190476,656,394,66.155732679,1079,1631,1050,TRUE,"GE","Vandoeuvres","Vandoeuvres","Vandoeuvres","Vandoeuvres GE","Vandoeuvres (GE)","Vandoeuvres (GE)","Genf","Genève","Ginevra",43.786127168,FALSE,FALSE
25,6643,42.602665216,3133,4221,46.429434509,7685,16552,7354,TRUE,"GE","Vernier","Vernier","Vernier","Vernier GE","Vernier (GE)","Vernier (GE)","Genf","Genève","Ginevra",43.786127168,FALSE,FALSE
25,6644,46.494812952,1479,1702,52.927101611,3318,6269,3181,TRUE,"GE","Versoix","Versoix","Versoix","Versoix GE","Versoix (GE)","Versoix (GE)","Genf","Genève","Ginevra",43.786127168,FALSE,FALSE
25,6645,49.684159378,2045,2071,61.08966109,4272,6993,4116,TRUE,"GE","Veyrier","Veyrier","Veyrier","Veyrier GE","Veyrier (GE)","Veyrier (GE)","Genf","Genève","Ginevra",43.786127168,FALSE,FALSE
26,6702,39.889196676,144,217,50.68119891,372,734,361,TRUE,"JU","Boécourt","Boécourt","Boécourt","Boécourt JU","Boécourt (JU)","Boécourt (JU)","Jura","Jura","Giura",39.27229245,FALSE,FALSE
26,6703,51.824817518,71,66,55.731225296,141,253,137,TRUE,"JU","Bourrignon","Bourrignon","Bourrignon","Bourrignon JU","Bourrignon (JU)","Bourrignon (JU)","Jura","Jura","Giura",39.27229245,FALSE,FALSE
26,6704,30.472103004,71,162,59.147869674,236,399,233,TRUE,"JU","Châtillon JU","Châtillon (JU)","Châtillon JU","Châtillon JU","Châtillon (JU)","Châtillon (JU)","Jura","Jura","Giura",39.27229245,FALSE,FALSE
26,6706,37.288135593,66,111,49.720670391,178,358,177,TRUE,"JU","Courchapoix","Courchapoix","Courchapoix","Courchapoix JU","Courchapoix (JU)","Courchapoix (JU)","Jura","Jura","Giura",39.27229245,FALSE,FALSE
26,6708,38.589211618,465,740,51.814345992,1228,2370,1205,TRUE,"JU","Courrendlin","Courrendlin","Courrendlin","Courrendlin JU","Courrendlin (JU)","Courrendlin (JU)","Jura","Jura","Giura",39.27229245,FALSE,FALSE
26,6709,41.498791297,515,726,52.79040926,1277,2419,1241,TRUE,"JU","Courroux","Courroux","Courroux","Courroux JU","Courroux (JU)","Courroux (JU)","Jura","Jura","Giura",39.27229245,FALSE,FALSE
26,6710,36.71641791,369,636,51.336633663,1037,2020,1005,TRUE,"JU","Courtételle","Courtételle","Courtételle","Courtételle JU","Courtételle (JU)","Courtételle (JU)","Jura","Jura","Giura",39.27229245,FALSE,FALSE
26,6711,33.645610278,1257,2479,48.82973251,3797,7776,3736,TRUE,"JU","Delsberg","Delémont","Delémont","Delsberg JU","Delémont (JU)","Delémont (JU)","Jura","Jura","Giura",39.27229245,FALSE,FALSE
26,6712,38.848920863,216,340,56.955645161,565,992,556,TRUE,"JU","Develier","Develier","Develier","Develier JU","Develier (JU)","Develier (JU)","Jura","Jura","Giura",39.27229245,FALSE,FALSE
26,6713,67.272727273,37,18,63.333333333,57,90,55,TRUE,"JU","Ederswiler","Ederswiler","Ederswiler","Ederswiler JU","Ederswiler (JU)","Ederswiler (JU)","Jura","Jura","Giura",39.27229245,FALSE,FALSE
26,6715,38.493723849,92,147,58.637469586,241,411,239,TRUE,"JU","Mervelier","Mervelier","Mervelier","Mervelier JU","Mervelier (JU)","Mervelier (JU)","Jura","Jura","Giura",39.27229245,FALSE,FALSE
26,6716,40.384615385,21,31,69.736842105,53,76,52,TRUE,"JU","Mettembert","Mettembert","Mettembert","Mettembert JU","Mettembert (JU)","Mettembert (JU)","Jura","Jura","Giura",39.27229245,FALSE,FALSE
26,6718,50.299401198,84,83,51.044776119,171,335,167,TRUE,"JU","Movelier","Movelier","Movelier","Movelier JU","Movelier (JU)","Movelier (JU)","Jura","Jura","Giura",39.27229245,FALSE,FALSE
26,6719,44.886363636,79,97,54.491017964,182,334,176,TRUE,"JU","Pleigne","Pleigne","Pleigne","Pleigne JU","Pleigne (JU)","Pleigne (JU)","Jura","Jura","Giura",39.27229245,FALSE,FALSE
26,6721,38.532110092,126,201,57.19237435,330,577,327,TRUE,"JU","Rossemaison","Rossemaison","Rossemaison","Rossemaison JU","Rossemaison (JU)","Rossemaison (JU)","Jura","Jura","Giura",39.27229245,FALSE,FALSE
26,6722,50.387596899,65,64,62.962962963,136,216,129,TRUE,"JU","Saulcy","Saulcy","Saulcy","Saulcy JU","Saulcy (JU)","Saulcy (JU)","Jura","Jura","Giura",39.27229245,FALSE,FALSE
26,6724,50.943396226,81,78,53.094462541,163,307,159,TRUE,"JU","Soyhières","Soyhières","Soyhières","Soyhières JU","Soyhières (JU)","Soyhières (JU)","Jura","Jura","Giura",39.27229245,FALSE,FALSE
26,6729,36.94398682,897,1531,47.605363985,2485,5220,2428,TRUE,"JU","Haute-Sorne","Haute-Sorne","Haute-Sorne","Haute-Sorne JU","Haute-Sorne (JU)","Haute-Sorne (JU)","Jura","Jura","Giura",39.27229245,FALSE,FALSE
26,6730,38.323353293,512,824,53.448275862,1364,2552,1336,TRUE,"JU","Val Terbi","Val Terbi","Val Terbi","Val Terbi JU","Val Terbi (JU)","Val Terbi (JU)","Jura","Jura","Giura",39.27229245,FALSE,FALSE
26,6741,41.379310345,60,85,48.829431438,146,299,145,TRUE,"JU","Le Bémont JU","Le Bémont (JU)","Le Bémont JU","Le Bémont JU","Le Bémont (JU)","Le Bémont (JU)","Jura","Jura","Giura",39.27229245,FALSE,FALSE
26,6742,38.850574713,169,266,46.058091286,444,964,435,TRUE,"JU","Les Bois","Les Bois","Les Bois","Les Bois JU","Les Bois (JU)","Les Bois (JU)","Jura","Jura","Giura",39.27229245,FALSE,FALSE
26,6743,32.706222865,226,465,57.039420756,709,1243,691,TRUE,"JU","Les Breuleux","Les Breuleux","Les Breuleux","Les Breuleux JU","Les Breuleux (JU)","Les Breuleux (JU)","Jura","Jura","Giura",39.27229245,FALSE,FALSE
26,6745,31.944444444,23,49,64.864864865,72,111,72,TRUE,"JU","Les Enfers","Les Enfers","Les Enfers","Les Enfers JU","Les Enfers (JU)","Les Enfers (JU)","Jura","Jura","Giura",39.27229245,FALSE,FALSE
26,6748,34.433962264,73,139,47.264770241,216,457,212,TRUE,"JU","Les Genevez JU","Les Genevez (JU)","Les Genevez JU","Les Genevez JU","Les Genevez (JU)","Les Genevez (JU)","Jura","Jura","Giura",39.27229245,FALSE,FALSE
26,6750,26.1829653,83,234,55.348047538,326,589,317,TRUE,"JU","Lajoux JU","Lajoux (JU)","Lajoux JU","Lajoux JU","Lajoux (JU)","Lajoux (JU)","Jura","Jura","Giura",39.27229245,FALSE,FALSE
26,6751,39.453125,101,155,54.29769392,259,477,256,TRUE,"JU","Montfaucon","Montfaucon","Montfaucon","Montfaucon JU","Montfaucon (JU)","Montfaucon (JU)","Jura","Jura","Giura",39.27229245,FALSE,FALSE
26,6753,49.099099099,109,113,48.17987152,225,467,222,TRUE,"JU","Muriaux","Muriaux","Muriaux","Muriaux JU","Muriaux (JU)","Muriaux (JU)","Jura","Jura","Giura",39.27229245,FALSE,FALSE
26,6754,34.844192635,246,460,50.070224719,713,1424,706,TRUE,"JU","Le Noirmont","Le Noirmont","Le Noirmont","Le Noirmont JU","Le Noirmont (JU)","Le Noirmont (JU)","Jura","Jura","Giura",39.27229245,FALSE,FALSE
26,6757,28.754578755,314,778,54.822834646,1114,2032,1092,TRUE,"JU","Saignelégier","Saignelégier","Saignelégier","Saignelégier JU","Saignelégier (JU)","Saignelégier (JU)","Jura","Jura","Giura",39.27229245,FALSE,FALSE
26,6758,35.051546392,34,63,47.169811321,100,212,97,TRUE,"JU","Saint-Brais","Saint-Brais","Saint-Brais","Saint-Brais JU","Saint-Brais (JU)","Saint-Brais (JU)","Jura","Jura","Giura",39.27229245,FALSE,FALSE
26,6759,55.93220339,33,26,44.029850746,59,134,59,TRUE,"JU","Soubey","Soubey","Soubey","Soubey JU","Soubey (JU)","Soubey (JU)","Jura","Jura","Giura",39.27229245,FALSE,FALSE
26,6771,43.47826087,320,416,51.780821918,756,1460,736,TRUE,"JU","Alle","Alle","Alle","Alle JU","Alle (JU)","Alle (JU)","Jura","Jura","Giura",39.27229245,FALSE,FALSE
26,6774,55.476190476,233,187,43.306288032,427,986,420,TRUE,"JU","Boncourt","Boncourt","Boncourt","Boncourt JU","Boncourt (JU)","Boncourt (JU)","Jura","Jura","Giura",39.27229245,FALSE,FALSE
26,6778,58.160237389,196,141,57.983193277,345,595,337,TRUE,"JU","Bure","Bure","Bure","Bure JU","Bure (JU)","Bure (JU)","Jura","Jura","Giura",39.27229245,FALSE,FALSE
26,6781,40.363636364,111,164,47.474747475,282,594,275,TRUE,"JU","Coeuve","Coeuve","Coeuve","Coeuve JU","Coeuve (JU)","Coeuve (JU)","Jura","Jura","Giura",39.27229245,FALSE,FALSE
26,6782,45.888594164,173,204,45.803357314,382,834,377,TRUE,"JU","Cornol","Cornol","Cornol","Cornol JU","Cornol (JU)","Cornol (JU)","Jura","Jura","Giura",39.27229245,FALSE,FALSE
26,6783,45.070422535,64,78,59.414225941,142,239,142,TRUE,"JU","Courchavon","Courchavon","Courchavon","Courchavon JU","Courchavon (JU)","Courchavon (JU)","Jura","Jura","Giura",39.27229245,FALSE,FALSE
26,6784,42.307692308,363,495,47.740881873,877,1837,858,TRUE,"JU","Courgenay","Courgenay","Courgenay","Courgenay JU","Courgenay (JU)","Courgenay (JU)","Jura","Jura","Giura",39.27229245,FALSE,FALSE
26,6785,41.955835962,133,184,53.833333333,323,600,317,TRUE,"JU","Courtedoux","Courtedoux","Courtedoux","Courtedoux JU","Courtedoux (JU)","Courtedoux (JU)","Jura","Jura","Giura",39.27229245,FALSE,FALSE
26,6789,41.428571429,58,82,50.883392226,144,283,140,TRUE,"JU","Fahy","Fahy","Fahy","Fahy JU","Fahy (JU)","Fahy (JU)","Jura","Jura","Giura",39.27229245,FALSE,FALSE
26,6790,34.27672956,218,418,49.845440495,645,1294,636,TRUE,"JU","Fontenais","Fontenais","Fontenais","Fontenais JU","Fontenais (JU)","Fontenais (JU)","Jura","Jura","Giura",39.27229245,FALSE,FALSE
26,6792,49.006622517,74,77,50.825082508,154,303,151,TRUE,"JU","Grandfontaine","Grandfontaine","Grandfontaine","Grandfontaine JU","Grandfontaine (JU)","Grandfontaine (JU)","Jura","Jura","Giura",39.27229245,FALSE,FALSE
26,6800,39.435989257,881,1353,50.054981306,2276,4547,2234,TRUE,"JU","Pruntrut","Porrentruy","Porrentruy","Pruntrut JU","Porrentruy (JU)","Porrentruy (JU)","Jura","Jura","Giura",39.27229245,FALSE,FALSE
26,6806,48.638132296,125,132,54.184100418,259,478,257,TRUE,"JU","Vendlincourt","Vendlincourt","Vendlincourt","Vendlincourt JU","Vendlincourt (JU)","Vendlincourt (JU)","Jura","Jura","Giura",39.27229245,FALSE,FALSE
26,6807,52.028639618,218,201,45.521601686,432,949,419,TRUE,"JU","Basse-Allaine","Basse-Allaine","Basse-Allaine","Basse-Allaine JU","Basse-Allaine (JU)","Basse-Allaine (JU)","Jura","Jura","Giura",39.27229245,FALSE,FALSE
26,6808,42.768595041,207,277,43.091537133,499,1158,484,TRUE,"JU","Clos du Doubs","Clos du Doubs","Clos du Doubs","Clos du Doubs JU","Clos du Doubs (JU)","Clos du Doubs (JU)","Jura","Jura","Giura",39.27229245,FALSE,FALSE
26,6809,46.044624746,227,266,49.069539667,501,1021,493,TRUE,"JU","Haute-Ajoie","Haute-Ajoie","Haute-Ajoie","Haute-Ajoie JU","Haute-Ajoie (JU)","Haute-Ajoie (JU)","Jura","Jura","Giura",39.27229245,FALSE,FALSE
26,6810,45.708154506,213,253,48.390342052,481,994,466,TRUE,"JU","La Baroche","La Baroche","La Baroche","La Baroche JU","La Baroche (JU)","La Baroche (JU)","Jura","Jura","Giura",39.27229245,FALSE,FALSE
26,6811,49.333333333,74,76,51.170568562,153,299,150,TRUE,"JU","Damphreux-Lugnez","Damphreux-Lugnez","Damphreux-Lugnez","Damphreux-Lugnez JU","Damphreux-Lugnez (JU)","Damphreux-Lugnez (JU)","Jura","Jura","Giura",39.27229245,FALSE,FALSE
26,6812,46.254071661,142,165,44.316546763,308,695,307,TRUE,"JU","Basse-Vendline","Basse-Vendline","Basse-Vendline","Basse-Vendline JU","Basse-Vendline (JU)","Basse-Vendline (JU)","Jura","Jura","Giura",39.27229245,FALSE,FALSE
26,6831,40.33203125,826,1222,48.31228473,2104,4355,2048,TRUE,"JU","Moutier","Moutier","Moutier","Moutier JU","Moutier (JU)","Moutier (JU)","Jura","Jura","Giura",39.27229245,FALSE,FALSE
